league,season,team,player,nation,pos,age,born,Playing Time_MP,Playing Time_Starts,Playing Time_Min,Playing Time_90s,Performance_Gls,Performance_Ast,Performance_G+A,Performance_G-PK,Performance_PK,Performance_PKatt,Performance_CrdY,Performance_CrdR,Per 90 Minutes_Gls,Per 90 Minutes_Ast,Per 90 Minutes_G+A,Per 90 Minutes_G-PK,Per 90 Minutes_G+A-PK,_league_id,_season,_stat_type,_source,_scraped_at
ESP-La Liga,2425,Alavés,Abde Rebbach,ALG,"MF,FW",25,1998,8,4,385,4.3,0,0,0,0,0,0,1,0,0.0,0.0,0.0,0.0,0.0,ESP,2024-2025,standard,fbref_soccerdata,2026-08-10 21:46:50
ESP-La Liga,2425,Alavés,Abdel Abqar,MAR,DF,25,1999,29,29,2463,27.4,0,1,1,0,0,0,13,0,0.0,0.04,0.04,0.0,0.04,ESP,2024-2025,standard,fbref_soccerdata,2026-08-10 21:46:50
ESP-La Liga,2425,Alavés,Adrian Rodriguez,ESP,GK,23,2000,2,1,122,1.4,0,0,0,0,0,0,1,0,0.0,0.0,0.0,0.0,0.0,ESP,2024-2025,standard,fbref_soccerdata,2026-08-10 21:46:50
ESP-La Liga,2425,Alavés,Aleksandar Sedlar,SRB,DF,32,1991,9,7,594,6.6,0,0,0,0,0,0,1,1,0.0,0.0,0.0,0.0,0.0,ESP,2024-2025,standard,fbref_soccerdata,2026-08-10 21:46:50
ESP-La Liga,2425,Alavés,Ander Guevara,ESP,MF,27,1997,33,20,1947,21.6,0,1,1,0,0,0,3,0,0.0,0.05,0.05,0.0,0.05,ESP,2024-2025,standard,fbref_soccerdata,2026-08-10 21:46:50
ESP-La Liga,2425,Alavés,Antonio Blanco,ESP,MF,24,2000,35,32,2727,30.3,0,1,1,0,0,0,11,1,0.0,0.03,0.03,0.0,0.03,ESP,2024-2025,standard,fbref_soccerdata,2026-08-10 21:46:50
ESP-La Liga,2425,Alavés,Antonio Sivera,ESP,GK,27,1996,32,32,2810,31.2,0,0,0,0,0,0,6,1,0.0,0.0,0.0,0.0,0.0,ESP,2024-2025,standard,fbref_soccerdata,2026-08-10 21:46:50
ESP-La Liga,2425,Alavés,Asier Villalibre,ESP,FW,26,1997,16,2,333,3.7,1,1,2,0,1,1,2,0,0.27,0.27,0.54,0.0,0.27,ESP,2024-2025,standard,fbref_soccerdata,2026-08-10 21:46:50
ESP-La Liga,2425,Alavés,Carles Aleñá,ESP,MF,26,1998,14,13,1090,12.1,0,2,2,0,0,0,1,0,0.0,0.17,0.17,0.0,0.17,ESP,2024-2025,standard,fbref_soccerdata,2026-08-10 21:46:50
ESP-La Liga,2425,Alavés,Carlos Benavídez,URU,MF,26,1998,18,6,487,5.4,1,1,2,1,0,0,3,0,0.18,0.18,0.37,0.18,0.37,ESP,2024-2025,standard,fbref_soccerdata,2026-08-10 21:46:50
ESP-La Liga,2425,Alavés,Carlos Martín,ESP,"MF,FW",22,2002,26,16,1333,14.8,2,2,4,2,0,0,3,0,0.14,0.14,0.27,0.14,0.27,ESP,2024-2025,standard,fbref_soccerdata,2026-08-10 21:46:50
ESP-La Liga,2425,Alavés,Carlos Vicente,ESP,MF,25,1999,37,35,3092,34.4,5,5,10,4,1,1,3,0,0.15,0.15,0.29,0.12,0.26,ESP,2024-2025,standard,fbref_soccerdata,2026-08-10 21:46:50
ESP-La Liga,2425,Alavés,Facundo Garcés,MAS,DF,24,1999,10,7,678,7.5,0,0,0,0,0,0,2,0,0.0,0.0,0.0,0.0,0.0,ESP,2024-2025,standard,fbref_soccerdata,2026-08-10 21:46:50
ESP-La Liga,2425,Alavés,Hugo Novoa,ESP,"MF,DF",21,2003,5,2,237,2.6,0,0,0,0,0,0,0,0,0.0,0.0,0.0,0.0,0.0,ESP,2024-2025,standard,fbref_soccerdata,2026-08-10 21:46:50
ESP-La Liga,2425,Alavés,Jesús Owono,EQG,GK,23,2001,6,5,487,5.4,0,0,0,0,0,0,0,0,0.0,0.0,0.0,0.0,0.0,ESP,2024-2025,standard,fbref_soccerdata,2026-08-10 21:46:50
ESP-La Liga,2425,Alavés,Joan Jordán,ESP,MF,30,1994,25,15,1414,15.7,5,2,7,2,3,4,4,0,0.32,0.13,0.45,0.13,0.25,ESP,2024-2025,standard,fbref_soccerdata,2026-08-10 21:46:50
ESP-La Liga,2425,Alavés,Jon Guridi,ESP,MF,29,1995,33,27,2080,23.1,3,1,4,2,1,1,6,0,0.13,0.04,0.17,0.09,0.13,ESP,2024-2025,standard,fbref_soccerdata,2026-08-10 21:46:50
ESP-La Liga,2425,Alavés,Kiké,ESP,FW,34,1989,35,29,2542,28.2,13,0,13,10,3,3,5,1,0.46,0.0,0.46,0.35,0.35,ESP,2024-2025,standard,fbref_soccerdata,2026-08-10 21:46:50
ESP-La Liga,2425,Alavés,Luis Rioja,ESP,"FW,MF",30,1993,1,0,23,0.3,0,0,0,0,0,0,0,0,0.0,0.0,0.0,0.0,0.0,ESP,2024-2025,standard,fbref_soccerdata,2026-08-10 21:46:50
ESP-La Liga,2425,Alavés,Luka Romero,ARG,"MF,FW",19,2004,6,2,199,2.2,0,0,0,0,0,1,0,0,0.0,0.0,0.0,0.0,0.0,ESP,2024-2025,standard,fbref_soccerdata,2026-08-10 21:46:50
ESP-La Liga,2425,Alavés,Manu Sánchez,ESP,DF,23,2000,33,30,2634,29.3,1,0,1,1,0,0,6,1,0.03,0.0,0.03,0.03,0.03,ESP,2024-2025,standard,fbref_soccerdata,2026-08-10 21:46:50
ESP-La Liga,2425,Alavés,Moussa Diarra,MLI,DF,23,2000,26,20,1866,20.7,0,0,0,0,0,0,6,0,0.0,0.0,0.0,0.0,0.0,ESP,2024-2025,standard,fbref_soccerdata,2026-08-10 21:46:50
ESP-La Liga,2425,Alavés,Nahuel Tenaglia,ARG,DF,28,1996,34,33,2922,32.5,2,1,3,2,0,0,11,0,0.06,0.03,0.09,0.06,0.09,ESP,2024-2025,standard,fbref_soccerdata,2026-08-10 21:46:50
ESP-La Liga,2425,Alavés,Pau Cabanes,ESP,MF,19,2005,6,2,188,2.1,0,0,0,0,0,0,1,0,0.0,0.0,0.0,0.0,0.0,ESP,2024-2025,standard,fbref_soccerdata,2026-08-10 21:46:50
ESP-La Liga,2425,Alavés,Pica,ESP,DF,22,2002,9,5,499,5.5,0,0,0,0,0,0,1,0,0.0,0.0,0.0,0.0,0.0,ESP,2024-2025,standard,fbref_soccerdata,2026-08-10 21:46:50
ESP-La Liga,2425,Alavés,Santiago Mouriño,URU,DF,22,2002,25,20,1849,20.5,0,1,1,0,0,0,7,0,0.0,0.05,0.05,0.0,0.05,ESP,2024-2025,standard,fbref_soccerdata,2026-08-10 21:46:50
ESP-La Liga,2425,Alavés,Stoichkov,ESP,"MF,FW",30,1993,16,6,699,7.8,0,1,1,0,0,0,1,0,0.0,0.13,0.13,0.0,0.13,ESP,2024-2025,standard,fbref_soccerdata,2026-08-10 21:46:50
ESP-La Liga,2425,Alavés,Tomás Conechny,ARG,"MF,FW",26,1998,22,9,847,9.4,1,0,1,1,0,0,8,0,0.11,0.0,0.11,0.11,0.11,ESP,2024-2025,standard,fbref_soccerdata,2026-08-10 21:46:50
ESP-La Liga,2425,Alavés,Toni Martínez,ESP,FW,27,1997,28,9,1012,11.2,4,0,4,4,0,0,1,0,0.36,0.0,0.36,0.36,0.36,ESP,2024-2025,standard,fbref_soccerdata,2026-08-10 21:46:50
ESP-La Liga,2425,Athletic Club,Adama Boiro,ESP,DF,22,2002,18,13,1101,12.2,0,0,0,0,0,0,3,0,0.0,0.0,0.0,0.0,0.0,ESP,2024-2025,standard,fbref_soccerdata,2026-08-10 21:46:50
ESP-La Liga,2425,Athletic Club,Adu Ares,ESP,MF,22,2001,1,0,19,0.2,0,0,0,0,0,0,0,0,0.0,0.0,0.0,0.0,0.0,ESP,2024-2025,standard,fbref_soccerdata,2026-08-10 21:46:50
ESP-La Liga,2425,Athletic Club,Aingeru Olabarrieta,ESP,MF,18,2005,1,1,54,0.6,0,0,0,0,0,0,0,0,0.0,0.0,0.0,0.0,0.0,ESP,2024-2025,standard,fbref_soccerdata,2026-08-10 21:46:50
ESP-La Liga,2425,Athletic Club,Aitor Paredes,ESP,DF,24,2000,23,21,1812,20.1,3,0,3,3,0,0,4,1,0.15,0.0,0.15,0.15,0.15,ESP,2024-2025,standard,fbref_soccerdata,2026-08-10 21:46:50
ESP-La Liga,2425,Athletic Club,Alex Padilla,ESP,GK,20,2003,5,3,321,3.6,0,0,0,0,0,0,0,0,0.0,0.0,0.0,0.0,0.0,ESP,2024-2025,standard,fbref_soccerdata,2026-08-10 21:46:50
ESP-La Liga,2425,Athletic Club,Ander Herrera,ESP,MF,34,1989,8,2,273,3.0,0,0,0,0,0,1,2,0,0.0,0.0,0.0,0.0,0.0,ESP,2024-2025,standard,fbref_soccerdata,2026-08-10 21:46:50
ESP-La Liga,2425,Athletic Club,Andoni Gorosabel,ESP,DF,27,1996,20,17,1485,16.5,0,2,2,0,0,0,5,0,0.0,0.12,0.12,0.0,0.12,ESP,2024-2025,standard,fbref_soccerdata,2026-08-10 21:46:50
ESP-La Liga,2425,Athletic Club,Beñat Prados,ESP,MF,23,2001,30,21,1715,19.1,1,0,1,1,0,0,7,0,0.05,0.0,0.05,0.05,0.05,ESP,2024-2025,standard,fbref_soccerdata,2026-08-10 21:46:50
ESP-La Liga,2425,Athletic Club,Daniel Vivian,ESP,DF,25,1999,32,28,2608,29.0,4,0,4,4,0,0,3,0,0.14,0.0,0.14,0.14,0.14,ESP,2024-2025,standard,fbref_soccerdata,2026-08-10 21:46:50
ESP-La Liga,2425,Athletic Club,Endika Buján,ESP,FW,21,2003,1,0,7,0.1,0,0,0,0,0,0,0,0,0.0,0.0,0.0,0.0,0.0,ESP,2024-2025,standard,fbref_soccerdata,2026-08-10 21:46:50
ESP-La Liga,2425,Athletic Club,Gorka Guruzeta,ESP,FW,27,1996,36,21,1840,20.4,7,2,9,7,0,0,2,0,0.34,0.1,0.44,0.34,0.44,ESP,2024-2025,standard,fbref_soccerdata,2026-08-10 21:46:50
ESP-La Liga,2425,Athletic Club,Iñaki Williams,GHA,"MF,FW",30,1994,35,29,2652,29.5,6,8,14,6,0,0,1,0,0.2,0.27,0.48,0.2,0.48,ESP,2024-2025,standard,fbref_soccerdata,2026-08-10 21:46:50
ESP-La Liga,2425,Athletic Club,Iñigo Lekue,ESP,DF,31,1993,16,8,773,8.6,0,0,0,0,0,0,1,0,0.0,0.0,0.0,0.0,0.0,ESP,2024-2025,standard,fbref_soccerdata,2026-08-10 21:46:50
ESP-La Liga,2425,Athletic Club,Iñigo Ruiz de Galarreta,ESP,MF,30,1993,26,18,1477,16.4,0,4,4,0,0,0,5,0,0.0,0.24,0.24,0.0,0.24,ESP,2024-2025,standard,fbref_soccerdata,2026-08-10 21:46:50
ESP-La Liga,2425,Athletic Club,Javi Martón,ESP,FW,25,1999,3,0,53,0.6,0,0,0,0,0,0,1,0,0.0,0.0,0.0,0.0,0.0,ESP,2024-2025,standard,fbref_soccerdata,2026-08-10 21:46:50
ESP-La Liga,2425,Athletic Club,Julen Agirrezabala,ESP,GK,23,2000,14,14,1206,13.4,0,0,0,0,0,0,1,1,0.0,0.0,0.0,0.0,0.0,ESP,2024-2025,standard,fbref_soccerdata,2026-08-10 21:46:50
ESP-La Liga,2425,Athletic Club,Maroan Sannadi,MAR,FW,23,2001,16,7,754,8.4,1,1,2,1,0,0,0,0,0.12,0.12,0.24,0.12,0.24,ESP,2024-2025,standard,fbref_soccerdata,2026-08-10 21:46:50
ESP-La Liga,2425,Athletic Club,Mikel Jauregizar,ESP,MF,20,2003,34,25,2244,24.9,2,1,3,2,0,0,4,1,0.08,0.04,0.12,0.08,0.12,ESP,2024-2025,standard,fbref_soccerdata,2026-08-10 21:46:50
ESP-La Liga,2425,Athletic Club,Mikel Vesga,ESP,MF,31,1993,25,10,988,11.0,0,0,0,0,0,1,1,0,0.0,0.0,0.0,0.0,0.0,ESP,2024-2025,standard,fbref_soccerdata,2026-08-10 21:46:50
ESP-La Liga,2425,Athletic Club,Nico Williams,ESP,MF,22,2002,29,22,1996,22.2,5,5,10,5,0,0,1,0,0.23,0.23,0.45,0.23,0.45,ESP,2024-2025,standard,fbref_soccerdata,2026-08-10 21:46:50
ESP-La Liga,2425,Athletic Club,Nicolás Serrano,ESP,MF,21,2003,4,1,112,1.2,0,0,0,0,0,0,0,0,0.0,0.0,0.0,0.0,0.0,ESP,2024-2025,standard,fbref_soccerdata,2026-08-10 21:46:50
ESP-La Liga,2425,Athletic Club,Oihan Sancet,ESP,MF,24,2000,29,19,1620,18.0,15,1,16,12,3,3,2,0,0.83,0.06,0.89,0.67,0.72,ESP,2024-2025,standard,fbref_soccerdata,2026-08-10 21:46:50
ESP-La Liga,2425,Athletic Club,Peio Canales,ESP,MF,19,2005,8,2,259,2.9,0,0,0,0,0,0,0,0,0.0,0.0,0.0,0.0,0.0,ESP,2024-2025,standard,fbref_soccerdata,2026-08-10 21:46:50
ESP-La Liga,2425,Athletic Club,Unai Gómez,ESP,"MF,FW",21,2003,32,14,1284,14.3,1,3,4,1,0,0,1,0,0.07,0.21,0.28,0.07,0.28,ESP,2024-2025,standard,fbref_soccerdata,2026-08-10 21:46:50
ESP-La Liga,2425,Athletic Club,Unai Núñez,ESP,DF,27,1997,10,7,645,7.2,0,0,0,0,0,0,4,0,0.0,0.0,0.0,0.0,0.0,ESP,2024-2025,standard,fbref_soccerdata,2026-08-10 21:46:50
ESP-La Liga,2425,Athletic Club,Unai Simón,ESP,GK,27,1997,21,21,1890,21.0,0,0,0,0,0,0,0,0,0.0,0.0,0.0,0.0,0.0,ESP,2024-2025,standard,fbref_soccerdata,2026-08-10 21:46:50
ESP-La Liga,2425,Athletic Club,Yeray Álvarez,ESP,DF,29,1995,21,20,1781,19.8,1,0,1,1,0,0,4,0,0.05,0.0,0.05,0.05,0.05,ESP,2024-2025,standard,fbref_soccerdata,2026-08-10 21:46:50
ESP-La Liga,2425,Athletic Club,Yuri Berchiche,ESP,DF,34,1990,30,22,2044,22.7,0,2,2,0,0,0,5,0,0.0,0.09,0.09,0.0,0.09,ESP,2024-2025,standard,fbref_soccerdata,2026-08-10 21:46:50
ESP-La Liga,2425,Athletic Club,Álex Berenguer,ESP,"MF,FW",29,1995,36,28,2339,26.0,6,7,13,6,0,1,5,0,0.23,0.27,0.5,0.23,0.5,ESP,2024-2025,standard,fbref_soccerdata,2026-08-10 21:46:50
ESP-La Liga,2425,Athletic Club,Álvaro djaló,GNB,"MF,FW",24,1999,17,7,659,7.3,1,0,1,1,0,0,2,0,0.14,0.0,0.14,0.14,0.14,ESP,2024-2025,standard,fbref_soccerdata,2026-08-10 21:46:50
ESP-La Liga,2425,Athletic Club,Óscar de Marcos,ESP,DF,35,1989,26,17,1564,17.4,0,4,4,0,0,0,0,0,0.0,0.23,0.23,0.0,0.23,ESP,2024-2025,standard,fbref_soccerdata,2026-08-10 21:46:50
ESP-La Liga,2425,Atlético Madrid,Adrian Niño,ESP,FW,20,2004,1,0,12,0.1,0,0,0,0,0,0,0,0,0.0,0.0,0.0,0.0,0.0,ESP,2024-2025,standard,fbref_soccerdata,2026-08-10 21:46:50
ESP-La Liga,2425,Atlético Madrid,Alexander Sørloth,NOR,FW,28,1995,35,15,1566,17.4,20,2,22,19,1,1,4,0,1.15,0.11,1.26,1.09,1.21,ESP,2024-2025,standard,fbref_soccerdata,2026-08-10 21:46:50
ESP-La Liga,2425,Atlético Madrid,Antoine Griezmann,FRA,"FW,MF",33,1991,38,29,2469,27.4,8,7,15,7,1,2,2,0,0.29,0.26,0.55,0.26,0.51,ESP,2024-2025,standard,fbref_soccerdata,2026-08-10 21:46:50
ESP-La Liga,2425,Atlético Madrid,Axel Witsel,BEL,DF,35,1989,14,9,852,9.5,0,1,1,0,0,0,1,0,0.0,0.11,0.11,0.0,0.11,ESP,2024-2025,standard,fbref_soccerdata,2026-08-10 21:46:50
ESP-La Liga,2425,Atlético Madrid,Clément Lenglet,FRA,DF,29,1995,23,23,1972,21.9,2,1,3,2,0,0,9,0,0.09,0.05,0.14,0.09,0.14,ESP,2024-2025,standard,fbref_soccerdata,2026-08-10 21:46:50
ESP-La Liga,2425,Atlético Madrid,Conor Gallagher,ENG,MF,24,2000,32,19,1633,18.1,3,3,6,3,0,0,2,0,0.17,0.17,0.33,0.17,0.33,ESP,2024-2025,standard,fbref_soccerdata,2026-08-10 21:46:50
ESP-La Liga,2425,Atlético Madrid,César Azpilicueta,ESP,DF,34,1989,14,10,875,9.7,1,0,1,1,0,0,1,0,0.1,0.0,0.1,0.1,0.1,ESP,2024-2025,standard,fbref_soccerdata,2026-08-10 21:46:50
ESP-La Liga,2425,Atlético Madrid,Giuliano Simeone,ARG,MF,21,2002,33,26,1926,21.4,2,6,8,2,0,0,4,0,0.09,0.28,0.37,0.09,0.37,ESP,2024-2025,standard,fbref_soccerdata,2026-08-10 21:46:50
ESP-La Liga,2425,Atlético Madrid,Jan Oblak,SVN,GK,31,1993,36,36,3240,36.0,0,0,0,0,0,0,0,0,0.0,0.0,0.0,0.0,0.0,ESP,2024-2025,standard,fbref_soccerdata,2026-08-10 21:46:50
ESP-La Liga,2425,Atlético Madrid,Javi Galán,ESP,DF,29,1994,25,21,1784,19.8,0,3,3,0,0,0,8,0,0.0,0.15,0.15,0.0,0.15,ESP,2024-2025,standard,fbref_soccerdata,2026-08-10 21:46:50
ESP-La Liga,2425,Atlético Madrid,José María Giménez,URU,DF,29,1995,27,20,1999,22.2,0,1,1,0,0,0,5,0,0.0,0.05,0.05,0.0,0.05,ESP,2024-2025,standard,fbref_soccerdata,2026-08-10 21:46:50
ESP-La Liga,2425,Atlético Madrid,Juan Musso,ARG,GK,30,1994,2,2,180,2.0,0,0,0,0,0,0,0,0,0.0,0.0,0.0,0.0,0.0,ESP,2024-2025,standard,fbref_soccerdata,2026-08-10 21:46:50
ESP-La Liga,2425,Atlético Madrid,Julián Álvarez,ARG,FW,24,2000,37,30,2509,27.9,17,4,21,13,4,4,5,0,0.61,0.14,0.75,0.47,0.61,ESP,2024-2025,standard,fbref_soccerdata,2026-08-10 21:46:50
ESP-La Liga,2425,Atlético Madrid,Koke,ESP,MF,32,1992,32,20,1926,21.4,1,1,2,1,0,0,4,0,0.05,0.05,0.09,0.05,0.09,ESP,2024-2025,standard,fbref_soccerdata,2026-08-10 21:46:50
ESP-La Liga,2425,Atlético Madrid,Marcos Llorente,ESP,"DF,MF",29,1995,33,28,2513,27.9,2,4,6,2,0,0,0,1,0.07,0.14,0.21,0.07,0.21,ESP,2024-2025,standard,fbref_soccerdata,2026-08-10 21:46:50
ESP-La Liga,2425,Atlético Madrid,Nahuel Molina,ARG,DF,26,1998,30,17,1590,17.7,0,3,3,0,0,0,1,0,0.0,0.17,0.17,0.0,0.17,ESP,2024-2025,standard,fbref_soccerdata,2026-08-10 21:46:50
ESP-La Liga,2425,Atlético Madrid,Pablo Barrios,ESP,MF,21,2003,31,28,2330,25.9,1,4,5,1,0,0,4,1,0.04,0.15,0.19,0.04,0.19,ESP,2024-2025,standard,fbref_soccerdata,2026-08-10 21:46:50
ESP-La Liga,2425,Atlético Madrid,Reinildo Mandava,MOZ,"DF,MF",30,1994,19,10,941,10.5,0,0,0,0,0,0,4,0,0.0,0.0,0.0,0.0,0.0,ESP,2024-2025,standard,fbref_soccerdata,2026-08-10 21:46:50
ESP-La Liga,2425,Atlético Madrid,Robin Le Normand,ESP,DF,27,1996,27,24,2151,23.9,1,0,1,1,0,0,8,0,0.04,0.0,0.04,0.04,0.04,ESP,2024-2025,standard,fbref_soccerdata,2026-08-10 21:46:50
ESP-La Liga,2425,Atlético Madrid,Rodrigo De Paul,ARG,MF,30,1994,34,23,2106,23.4,3,5,8,3,0,0,7,0,0.13,0.21,0.34,0.13,0.34,ESP,2024-2025,standard,fbref_soccerdata,2026-08-10 21:46:50
ESP-La Liga,2425,Atlético Madrid,Rodrigo Riquelme,ESP,"MF,DF",24,2000,16,4,516,5.7,0,1,1,0,0,0,0,0,0.0,0.17,0.17,0.0,0.17,ESP,2024-2025,standard,fbref_soccerdata,2026-08-10 21:46:50
ESP-La Liga,2425,Atlético Madrid,Samuel Lino,BRA,MF,24,1999,31,21,1552,17.2,3,4,7,3,0,0,3,0,0.17,0.23,0.41,0.17,0.41,ESP,2024-2025,standard,fbref_soccerdata,2026-08-10 21:46:50
ESP-La Liga,2425,Atlético Madrid,Thomas Lemar,FRA,MF,28,1995,5,0,85,0.9,0,0,0,0,0,0,0,0,0.0,0.0,0.0,0.0,0.0,ESP,2024-2025,standard,fbref_soccerdata,2026-08-10 21:46:50
ESP-La Liga,2425,Atlético Madrid,Ángel Correa,ARG,FW,29,1995,31,3,805,8.9,4,1,5,4,0,0,3,1,0.45,0.11,0.56,0.45,0.56,ESP,2024-2025,standard,fbref_soccerdata,2026-08-10 21:46:50
ESP-La Liga,2425,Barcelona,Alejandro Balde,ESP,DF,20,2003,32,26,2284,25.4,0,4,4,0,0,0,2,0,0.0,0.16,0.16,0.0,0.16,ESP,2024-2025,standard,fbref_soccerdata,2026-08-10 21:46:50
ESP-La Liga,2425,Barcelona,Andreas Christensen,DEN,DF,28,1996,5,2,254,2.8,0,0,0,0,0,0,3,0,0.0,0.0,0.0,0.0,0.0,ESP,2024-2025,standard,fbref_soccerdata,2026-08-10 21:46:50
ESP-La Liga,2425,Barcelona,Ansu Fati,ESP,MF,21,2002,6,3,233,2.6,0,0,0,0,0,0,1,0,0.0,0.0,0.0,0.0,0.0,ESP,2024-2025,standard,fbref_soccerdata,2026-08-10 21:46:50
ESP-La Liga,2425,Barcelona,Dani Olmo,ESP,MF,26,1998,25,13,1212,13.5,10,3,13,8,2,2,1,0,0.74,0.22,0.97,0.59,0.82,ESP,2024-2025,standard,fbref_soccerdata,2026-08-10 21:46:50
ESP-La Liga,2425,Barcelona,Daniel Rodriguez,ESP,MF,18,2005,1,1,37,0.4,0,0,0,0,0,0,0,0,0.0,0.0,0.0,0.0,0.0,ESP,2024-2025,standard,fbref_soccerdata,2026-08-10 21:46:50
ESP-La Liga,2425,Barcelona,Eric García,ESP,"DF,MF",23,2001,29,14,1566,17.4,2,3,5,2,0,0,4,0,0.11,0.17,0.29,0.11,0.29,ESP,2024-2025,standard,fbref_soccerdata,2026-08-10 21:46:50
ESP-La Liga,2425,Barcelona,Fermin López,ESP,MF,21,2003,28,12,1252,13.9,6,5,11,6,0,0,4,1,0.43,0.36,0.79,0.43,0.79,ESP,2024-2025,standard,fbref_soccerdata,2026-08-10 21:46:50
ESP-La Liga,2425,Barcelona,Ferran Torres,ESP,"FW,MF",24,2000,27,12,1106,12.3,10,6,16,10,0,0,1,1,0.81,0.49,1.3,0.81,1.3,ESP,2024-2025,standard,fbref_soccerdata,2026-08-10 21:46:50
ESP-La Liga,2425,Barcelona,Frenkie de Jong,NED,MF,27,1997,26,9,1143,12.7,2,2,4,2,0,0,3,0,0.16,0.16,0.31,0.16,0.31,ESP,2024-2025,standard,fbref_soccerdata,2026-08-10 21:46:50
ESP-La Liga,2425,Barcelona,Gavi,ESP,MF,19,2004,26,14,1085,12.1,1,1,2,1,0,0,4,0,0.08,0.08,0.17,0.08,0.17,ESP,2024-2025,standard,fbref_soccerdata,2026-08-10 21:46:50
ESP-La Liga,2425,Barcelona,Gerard Martín,ESP,DF,22,2002,28,11,1038,11.5,1,3,4,1,0,0,2,0,0.09,0.26,0.35,0.09,0.35,ESP,2024-2025,standard,fbref_soccerdata,2026-08-10 21:46:50
ESP-La Liga,2425,Barcelona,Héctor Fort,ESP,DF,17,2006,17,5,585,6.5,0,0,0,0,0,0,2,0,0.0,0.0,0.0,0.0,0.0,ESP,2024-2025,standard,fbref_soccerdata,2026-08-10 21:46:50
ESP-La Liga,2425,Barcelona,Iñaki Peña,ESP,GK,25,1999,16,15,1396,15.5,0,0,0,0,0,0,1,0,0.0,0.0,0.0,0.0,0.0,ESP,2024-2025,standard,fbref_soccerdata,2026-08-10 21:46:50
ESP-La Liga,2425,Barcelona,Iñigo Martínez,ESP,DF,33,1991,28,28,2490,27.7,0,4,4,0,0,0,5,0,0.0,0.14,0.14,0.0,0.14,ESP,2024-2025,standard,fbref_soccerdata,2026-08-10 21:46:50
ESP-La Liga,2425,Barcelona,Jules Koundé,FRA,DF,25,1998,32,29,2605,28.9,2,3,5,2,0,0,4,0,0.07,0.1,0.17,0.07,0.17,ESP,2024-2025,standard,fbref_soccerdata,2026-08-10 21:46:50
ESP-La Liga,2425,Barcelona,Lamine Yamal,ESP,"MF,FW",17,2007,35,31,2856,31.7,9,13,22,9,0,0,3,0,0.28,0.41,0.69,0.28,0.69,ESP,2024-2025,standard,fbref_soccerdata,2026-08-10 21:46:50
ESP-La Liga,2425,Barcelona,Marc Bernal,ESP,MF,17,2007,3,3,242,2.7,0,0,0,0,0,0,2,0,0.0,0.0,0.0,0.0,0.0,ESP,2024-2025,standard,fbref_soccerdata,2026-08-10 21:46:50
ESP-La Liga,2425,Barcelona,Marc Casado,ESP,MF,20,2003,23,20,1611,17.9,1,3,4,1,0,0,4,1,0.06,0.17,0.22,0.06,0.22,ESP,2024-2025,standard,fbref_soccerdata,2026-08-10 21:46:50
ESP-La Liga,2425,Barcelona,Marc-André ter Stegen,GER,GK,32,1992,8,8,674,7.5,0,0,0,0,0,0,0,0,0.0,0.0,0.0,0.0,0.0,ESP,2024-2025,standard,fbref_soccerdata,2026-08-10 21:46:50
ESP-La Liga,2425,Barcelona,Pablo Torre,ESP,MF,21,2003,10,4,310,3.4,3,1,4,3,0,0,0,0,0.87,0.29,1.16,0.87,1.16,ESP,2024-2025,standard,fbref_soccerdata,2026-08-10 21:46:50
ESP-La Liga,2425,Barcelona,Pau Cubarsí,ESP,DF,17,2007,35,29,2618,29.1,0,3,3,0,0,0,3,0,0.0,0.1,0.1,0.0,0.1,ESP,2024-2025,standard,fbref_soccerdata,2026-08-10 21:46:50
ESP-La Liga,2425,Barcelona,Pau Victor,ESP,FW,22,2001,21,2,319,3.5,2,1,3,2,0,0,2,0,0.56,0.28,0.85,0.56,0.85,ESP,2024-2025,standard,fbref_soccerdata,2026-08-10 21:46:50
ESP-La Liga,2425,Barcelona,Pedri,ESP,MF,21,2002,37,35,2879,32.0,4,5,9,4,0,0,3,0,0.13,0.16,0.28,0.13,0.28,ESP,2024-2025,standard,fbref_soccerdata,2026-08-10 21:46:50
ESP-La Liga,2425,Barcelona,Raphinha,BRA,"MF,FW",27,1996,36,32,2839,31.5,18,9,27,16,2,2,4,0,0.57,0.29,0.86,0.51,0.79,ESP,2024-2025,standard,fbref_soccerdata,2026-08-10 21:46:50
ESP-La Liga,2425,Barcelona,Robert Lewandowski,POL,FW,35,1988,34,32,2667,29.6,27,2,29,24,3,4,1,0,0.91,0.07,0.98,0.81,0.88,ESP,2024-2025,standard,fbref_soccerdata,2026-08-10 21:46:50
ESP-La Liga,2425,Barcelona,Ronald Araújo,URU,DF,25,1999,12,11,754,8.4,1,1,2,1,0,0,3,0,0.12,0.12,0.24,0.12,0.24,ESP,2024-2025,standard,fbref_soccerdata,2026-08-10 21:46:50
ESP-La Liga,2425,Barcelona,Sergi Dominguez,ESP,DF,19,2005,3,2,172,1.9,0,0,0,0,0,0,1,0,0.0,0.0,0.0,0.0,0.0,ESP,2024-2025,standard,fbref_soccerdata,2026-08-10 21:46:50
ESP-La Liga,2425,Barcelona,Wojciech Szczęsny,POL,GK,34,1990,15,15,1350,15.0,0,0,0,0,0,0,0,0,0.0,0.0,0.0,0.0,0.0,ESP,2024-2025,standard,fbref_soccerdata,2026-08-10 21:46:50
ESP-La Liga,2425,Celta Vigo,Alfon,ESP,"FW,MF",25,1999,26,14,1371,15.2,5,2,7,5,0,0,1,1,0.33,0.13,0.46,0.33,0.46,ESP,2024-2025,standard,fbref_soccerdata,2026-08-10 21:46:50
ESP-La Liga,2425,Celta Vigo,Anastasios Douvikas,GRE,FW,24,1999,20,6,700,7.8,3,1,4,3,0,0,2,0,0.39,0.13,0.51,0.39,0.51,ESP,2024-2025,standard,fbref_soccerdata,2026-08-10 21:46:50
ESP-La Liga,2425,Celta Vigo,Borja Iglesias,ESP,FW,31,1993,37,24,1952,21.7,11,3,14,11,0,0,2,0,0.51,0.14,0.65,0.51,0.65,ESP,2024-2025,standard,fbref_soccerdata,2026-08-10 21:46:50
ESP-La Liga,2425,Celta Vigo,Carl Starfelt,SWE,DF,29,1995,28,26,2270,25.2,1,0,1,1,0,0,5,0,0.04,0.0,0.04,0.04,0.04,ESP,2024-2025,standard,fbref_soccerdata,2026-08-10 21:46:50
ESP-La Liga,2425,Celta Vigo,Carlos Dominguez,ESP,DF,23,2001,19,13,1181,13.1,0,0,0,0,0,0,1,0,0.0,0.0,0.0,0.0,0.0,ESP,2024-2025,standard,fbref_soccerdata,2026-08-10 21:46:50
ESP-La Liga,2425,Celta Vigo,Damián Rodríguez,ESP,MF,21,2003,17,10,927,10.3,0,0,0,0,0,0,3,0,0.0,0.0,0.0,0.0,0.0,ESP,2024-2025,standard,fbref_soccerdata,2026-08-10 21:46:50
ESP-La Liga,2425,Celta Vigo,Fer López,ESP,"FW,MF",20,2004,17,7,671,7.5,2,0,2,2,0,0,2,0,0.27,0.0,0.27,0.27,0.27,ESP,2024-2025,standard,fbref_soccerdata,2026-08-10 21:46:50
ESP-La Liga,2425,Celta Vigo,Fran Beltrán,ESP,MF,25,1999,34,29,2421,26.9,2,1,3,2,0,0,3,0,0.07,0.04,0.11,0.07,0.11,ESP,2024-2025,standard,fbref_soccerdata,2026-08-10 21:46:50
ESP-La Liga,2425,Celta Vigo,Franco Cervi,ARG,"MF,FW",30,1994,7,4,273,3.0,0,0,0,0,0,0,1,0,0.0,0.0,0.0,0.0,0.0,ESP,2024-2025,standard,fbref_soccerdata,2026-08-10 21:46:50
ESP-La Liga,2425,Celta Vigo,Hugo Sotelo,ESP,MF,20,2003,24,15,1254,13.9,0,0,0,0,0,0,5,0,0.0,0.0,0.0,0.0,0.0,ESP,2024-2025,standard,fbref_soccerdata,2026-08-10 21:46:50
ESP-La Liga,2425,Celta Vigo,Hugo Álvarez,ESP,MF,21,2003,26,16,1572,17.5,4,3,7,4,0,0,6,0,0.23,0.17,0.4,0.23,0.4,ESP,2024-2025,standard,fbref_soccerdata,2026-08-10 21:46:50
ESP-La Liga,2425,Celta Vigo,Iago Aspas,ESP,"FW,MF",36,1987,30,19,1745,19.4,10,5,15,5,5,6,6,1,0.52,0.26,0.77,0.26,0.52,ESP,2024-2025,standard,fbref_soccerdata,2026-08-10 21:46:50
ESP-La Liga,2425,Celta Vigo,Iker Losada,ESP,"MF,FW",22,2001,12,4,358,4.0,1,0,1,1,0,0,2,0,0.25,0.0,0.25,0.25,0.25,ESP,2024-2025,standard,fbref_soccerdata,2026-08-10 21:46:50
ESP-La Liga,2425,Celta Vigo,Ilaix Moriba,GUI,MF,21,2003,33,22,2132,23.7,1,1,2,1,0,0,9,1,0.04,0.04,0.08,0.04,0.08,ESP,2024-2025,standard,fbref_soccerdata,2026-08-10 21:46:50
ESP-La Liga,2425,Celta Vigo,Iván Villar,ESP,GK,27,1997,4,4,360,4.0,0,0,0,0,0,0,0,0,0.0,0.0,0.0,0.0,0.0,ESP,2024-2025,standard,fbref_soccerdata,2026-08-10 21:46:50
ESP-La Liga,2425,Celta Vigo,Jailson Siqueira,BRA,DF,28,1995,13,6,614,6.8,0,0,0,0,0,0,2,0,0.0,0.0,0.0,0.0,0.0,ESP,2024-2025,standard,fbref_soccerdata,2026-08-10 21:46:50
ESP-La Liga,2425,Celta Vigo,Javi Rodríguez,ESP,DF,21,2003,36,26,2514,27.9,3,2,5,3,0,0,7,0,0.11,0.07,0.18,0.11,0.18,ESP,2024-2025,standard,fbref_soccerdata,2026-08-10 21:46:50
ESP-La Liga,2425,Celta Vigo,Javier Manquillo,ESP,DF,30,1994,10,7,515,5.7,0,0,0,0,0,0,1,0,0.0,0.0,0.0,0.0,0.0,ESP,2024-2025,standard,fbref_soccerdata,2026-08-10 21:46:50
ESP-La Liga,2425,Celta Vigo,Jonathan Bamba,CIV,"MF,FW",28,1996,12,10,811,9.0,0,1,1,0,0,0,1,0,0.0,0.11,0.11,0.0,0.11,ESP,2024-2025,standard,fbref_soccerdata,2026-08-10 21:46:50
ESP-La Liga,2425,Celta Vigo,Joseph Aidoo,GHA,DF,28,1995,1,0,2,0.0,0,0,0,0,0,0,0,0,0.0,0.0,0.0,0.0,0.0,ESP,2024-2025,standard,fbref_soccerdata,2026-08-10 21:46:50
ESP-La Liga,2425,Celta Vigo,Luca de la Torre,USA,MF,26,1998,1,0,4,0.0,0,0,0,0,0,0,0,0,0.0,0.0,0.0,0.0,0.0,ESP,2024-2025,standard,fbref_soccerdata,2026-08-10 21:46:50
ESP-La Liga,2425,Celta Vigo,Marcos Alonso,ESP,DF,33,1990,31,29,2647,29.4,3,0,3,0,3,3,10,2,0.1,0.0,0.1,0.0,0.0,ESP,2024-2025,standard,fbref_soccerdata,2026-08-10 21:46:50
ESP-La Liga,2425,Celta Vigo,Mihailo Ristić,SRB,"MF,DF",28,1995,10,6,429,4.8,0,1,1,0,0,0,1,0,0.0,0.21,0.21,0.0,0.21,ESP,2024-2025,standard,fbref_soccerdata,2026-08-10 21:46:50
ESP-La Liga,2425,Celta Vigo,Pablo Durán,ESP,"FW,MF",23,2001,27,15,1394,15.5,4,4,8,4,0,0,3,0,0.26,0.26,0.52,0.26,0.52,ESP,2024-2025,standard,fbref_soccerdata,2026-08-10 21:46:50
ESP-La Liga,2425,Celta Vigo,Sergio Carreira,ESP,MF,23,2000,23,19,1656,18.4,0,4,4,0,0,0,1,0,0.0,0.22,0.22,0.0,0.22,ESP,2024-2025,standard,fbref_soccerdata,2026-08-10 21:46:50
ESP-La Liga,2425,Celta Vigo,Tadeo Allende,ARG,"FW,MF",25,1999,1,0,2,0.0,0,0,0,0,0,0,1,0,0.0,0.0,0.0,0.0,0.0,ESP,2024-2025,standard,fbref_soccerdata,2026-08-10 21:46:50
ESP-La Liga,2425,Celta Vigo,Vicente Guaita,ESP,GK,37,1987,34,34,3060,34.0,0,0,0,0,0,0,0,0,0.0,0.0,0.0,0.0,0.0,ESP,2024-2025,standard,fbref_soccerdata,2026-08-10 21:46:50
ESP-La Liga,2425,Celta Vigo,Williot Swedberg,SWE,"FW,MF",20,2004,32,15,1348,15.0,4,5,9,4,0,0,1,0,0.27,0.33,0.6,0.27,0.6,ESP,2024-2025,standard,fbref_soccerdata,2026-08-10 21:46:50
ESP-La Liga,2425,Celta Vigo,Yoel Lago,ESP,DF,20,2004,8,7,583,6.5,0,1,1,0,0,0,2,0,0.0,0.15,0.15,0.0,0.15,ESP,2024-2025,standard,fbref_soccerdata,2026-08-10 21:46:50
ESP-La Liga,2425,Celta Vigo,Óscar Mingueza,ESP,"MF,DF",25,1999,34,31,2729,30.3,4,6,10,4,0,0,6,1,0.13,0.2,0.33,0.13,0.33,ESP,2024-2025,standard,fbref_soccerdata,2026-08-10 21:46:50
ESP-La Liga,2425,Espanyol,Alejo Véliz,ARG,FW,20,2003,27,10,1127,12.5,1,0,1,1,0,0,3,0,0.08,0.0,0.08,0.08,0.08,ESP,2024-2025,standard,fbref_soccerdata,2026-08-10 21:46:50
ESP-La Liga,2425,Espanyol,Alex Král,CZE,MF,26,1998,37,29,2714,30.2,0,1,1,0,0,0,1,0,0.0,0.03,0.03,0.0,0.03,ESP,2024-2025,standard,fbref_soccerdata,2026-08-10 21:46:50
ESP-La Liga,2425,Espanyol,Antoniu,ESP,MF,21,2002,26,13,1022,11.4,0,1,1,0,0,0,3,0,0.0,0.09,0.09,0.0,0.09,ESP,2024-2025,standard,fbref_soccerdata,2026-08-10 21:46:50
ESP-La Liga,2425,Espanyol,Brian Oliván,ESP,DF,30,1994,17,12,1017,11.3,0,1,1,0,0,0,2,0,0.0,0.09,0.09,0.0,0.09,ESP,2024-2025,standard,fbref_soccerdata,2026-08-10 21:46:50
ESP-La Liga,2425,Espanyol,Carlos Romero,ESP,"DF,MF",22,2001,34,28,2554,28.4,2,1,3,2,0,0,7,0,0.07,0.04,0.11,0.07,0.11,ESP,2024-2025,standard,fbref_soccerdata,2026-08-10 21:46:50
ESP-La Liga,2425,Espanyol,Edu Expósito,ESP,MF,27,1996,19,12,1045,11.6,0,2,2,0,0,0,3,0,0.0,0.17,0.17,0.0,0.17,ESP,2024-2025,standard,fbref_soccerdata,2026-08-10 21:46:50
ESP-La Liga,2425,Espanyol,Fernando Calero,ESP,DF,28,1995,21,6,715,7.9,1,0,1,1,0,0,1,0,0.13,0.0,0.13,0.13,0.13,ESP,2024-2025,standard,fbref_soccerdata,2026-08-10 21:46:50
ESP-La Liga,2425,Espanyol,Irvin Cardona,MLT,"FW,MF",26,1997,16,5,606,6.7,1,1,2,1,0,0,1,0,0.15,0.15,0.3,0.15,0.3,ESP,2024-2025,standard,fbref_soccerdata,2026-08-10 21:46:50
ESP-La Liga,2425,Espanyol,Javi Puado,ESP,"MF,FW",26,1998,35,35,2974,33.0,12,4,16,7,5,5,8,0,0.36,0.12,0.48,0.21,0.33,ESP,2024-2025,standard,fbref_soccerdata,2026-08-10 21:46:50
ESP-La Liga,2425,Espanyol,Joan García,ESP,GK,23,2001,38,38,3420,38.0,0,0,0,0,0,0,2,0,0.0,0.0,0.0,0.0,0.0,ESP,2024-2025,standard,fbref_soccerdata,2026-08-10 21:46:50
ESP-La Liga,2425,Espanyol,Jofre,ESP,MF,23,2001,37,26,2165,24.1,3,3,6,3,0,0,5,0,0.12,0.12,0.25,0.12,0.25,ESP,2024-2025,standard,fbref_soccerdata,2026-08-10 21:46:50
ESP-La Liga,2425,Espanyol,José Gragera,ESP,MF,23,2000,10,7,569,6.3,0,0,0,0,0,0,0,0,0.0,0.0,0.0,0.0,0.0,ESP,2024-2025,standard,fbref_soccerdata,2026-08-10 21:46:50
ESP-La Liga,2425,Espanyol,Justin Smith,CAN,MF,21,2003,5,3,209,2.3,0,0,0,0,0,0,0,0,0.0,0.0,0.0,0.0,0.0,ESP,2024-2025,standard,fbref_soccerdata,2026-08-10 21:46:50
ESP-La Liga,2425,Espanyol,Leandro Cabrera,URU,DF,33,1991,33,32,2869,31.9,4,2,6,4,0,0,4,1,0.13,0.06,0.19,0.13,0.19,ESP,2024-2025,standard,fbref_soccerdata,2026-08-10 21:46:50
ESP-La Liga,2425,Espanyol,Marash Kumbulla,ALB,DF,24,2000,35,34,2972,33.0,3,0,3,3,0,0,9,0,0.09,0.0,0.09,0.09,0.09,ESP,2024-2025,standard,fbref_soccerdata,2026-08-10 21:46:50
ESP-La Liga,2425,Espanyol,Naci Ünüvar,NED,"FW,MF",21,2003,2,0,31,0.3,0,0,0,0,0,0,0,0,0.0,0.0,0.0,0.0,0.0,ESP,2024-2025,standard,fbref_soccerdata,2026-08-10 21:46:50
ESP-La Liga,2425,Espanyol,Omar El Hilali,MAR,DF,20,2003,36,36,3153,35.0,0,2,2,0,0,0,11,0,0.0,0.06,0.06,0.0,0.06,ESP,2024-2025,standard,fbref_soccerdata,2026-08-10 21:46:50
ESP-La Liga,2425,Espanyol,Pere Milla,ESP,MF,31,1992,20,1,456,5.1,3,0,3,3,0,0,3,0,0.59,0.0,0.59,0.59,0.59,ESP,2024-2025,standard,fbref_soccerdata,2026-08-10 21:46:50
ESP-La Liga,2425,Espanyol,Pol Lozano,ESP,MF,24,1999,30,27,1943,21.6,0,1,1,0,0,0,12,0,0.0,0.05,0.05,0.0,0.05,ESP,2024-2025,standard,fbref_soccerdata,2026-08-10 21:46:50
ESP-La Liga,2425,Espanyol,Rafael Bauza,ESP,MF,19,2005,5,2,183,2.0,0,0,0,0,0,0,1,0,0.0,0.0,0.0,0.0,0.0,ESP,2024-2025,standard,fbref_soccerdata,2026-08-10 21:46:50
ESP-La Liga,2425,Espanyol,Roberto Férnandez,ESP,FW,22,2002,19,18,1497,16.6,6,0,6,6,0,0,1,0,0.36,0.0,0.36,0.36,0.36,ESP,2024-2025,standard,fbref_soccerdata,2026-08-10 21:46:50
ESP-La Liga,2425,Espanyol,Roger Hinojo,ESP,DF,19,2005,1,0,9,0.1,0,0,0,0,0,0,0,0,0.0,0.0,0.0,0.0,0.0,ESP,2024-2025,standard,fbref_soccerdata,2026-08-10 21:46:50
ESP-La Liga,2425,Espanyol,Sergi Gómez,ESP,DF,32,1992,12,6,664,7.4,0,0,0,0,0,0,1,0,0.0,0.0,0.0,0.0,0.0,ESP,2024-2025,standard,fbref_soccerdata,2026-08-10 21:46:50
ESP-La Liga,2425,Espanyol,Urko González,ESP,MF,23,2001,17,16,1374,15.3,0,2,2,0,0,0,2,0,0.0,0.13,0.13,0.0,0.13,ESP,2024-2025,standard,fbref_soccerdata,2026-08-10 21:46:50
ESP-La Liga,2425,Espanyol,Walid Cheddira,MAR,FW,26,1998,22,5,640,7.1,1,1,2,1,0,0,3,0,0.14,0.14,0.28,0.14,0.28,ESP,2024-2025,standard,fbref_soccerdata,2026-08-10 21:46:50
ESP-La Liga,2425,Espanyol,Álvaro Aguado,ESP,MF,28,1996,16,4,443,4.9,0,1,1,0,0,0,3,0,0.0,0.2,0.2,0.0,0.2,ESP,2024-2025,standard,fbref_soccerdata,2026-08-10 21:46:50
ESP-La Liga,2425,Espanyol,Álvaro Tejero,ESP,"MF,DF",28,1996,28,13,1238,13.8,1,4,5,1,0,0,2,0,0.07,0.29,0.36,0.07,0.36,ESP,2024-2025,standard,fbref_soccerdata,2026-08-10 21:46:50
ESP-La Liga,2425,Getafe,Abdoulaye Keita,ESP,MF,21,2002,3,1,95,1.1,0,0,0,0,0,0,0,0,0.0,0.0,0.0,0.0,0.0,ESP,2024-2025,standard,fbref_soccerdata,2026-08-10 21:46:50
ESP-La Liga,2425,Getafe,Alberto Risco,ESP,MF,18,2005,5,0,69,0.8,0,0,0,0,0,0,0,0,0.0,0.0,0.0,0.0,0.0,ESP,2024-2025,standard,fbref_soccerdata,2026-08-10 21:46:50
ESP-La Liga,2425,Getafe,Alex Sola,ESP,MF,25,1999,19,13,1029,11.4,0,1,1,0,0,0,4,0,0.0,0.09,0.09,0.0,0.09,ESP,2024-2025,standard,fbref_soccerdata,2026-08-10 21:46:50
ESP-La Liga,2425,Getafe,Allan Nyom,CMR,"MF,DF",36,1988,20,10,887,9.9,1,2,3,1,0,0,4,0,0.1,0.2,0.3,0.1,0.3,ESP,2024-2025,standard,fbref_soccerdata,2026-08-10 21:46:50
ESP-La Liga,2425,Getafe,Bertuğ Yıldırım,TUR,FW,22,2002,22,14,1083,12.0,1,0,1,1,0,0,7,0,0.08,0.0,0.08,0.08,0.08,ESP,2024-2025,standard,fbref_soccerdata,2026-08-10 21:46:50
ESP-La Liga,2425,Getafe,Borja Mayoral,ESP,FW,27,1997,24,7,1114,12.4,5,1,6,4,1,1,0,0,0.4,0.08,0.48,0.32,0.4,ESP,2024-2025,standard,fbref_soccerdata,2026-08-10 21:46:50
ESP-La Liga,2425,Getafe,Carles Aleñá,ESP,MF,26,1998,10,5,452,5.0,0,0,0,0,0,0,1,0,0.0,0.0,0.0,0.0,0.0,ESP,2024-2025,standard,fbref_soccerdata,2026-08-10 21:46:50
ESP-La Liga,2425,Getafe,Carles Pérez,ESP,MF,26,1998,27,15,1431,15.9,3,0,3,3,0,0,2,0,0.19,0.0,0.19,0.19,0.19,ESP,2024-2025,standard,fbref_soccerdata,2026-08-10 21:46:50
ESP-La Liga,2425,Getafe,Christantus Uche,NGA,"FW,MF",21,2003,33,30,2486,27.6,4,6,10,4,0,0,8,2,0.14,0.22,0.36,0.14,0.36,ESP,2024-2025,standard,fbref_soccerdata,2026-08-10 21:46:50
ESP-La Liga,2425,Getafe,Coba da Costa,ESP,MF,22,2002,19,12,1006,11.2,1,1,2,1,0,0,4,0,0.09,0.09,0.18,0.09,0.18,ESP,2024-2025,standard,fbref_soccerdata,2026-08-10 21:46:50
ESP-La Liga,2425,Getafe,David Argüelles,ESP,DF,22,2002,1,0,7,0.1,0,0,0,0,0,0,0,0,0.0,0.0,0.0,0.0,0.0,ESP,2024-2025,standard,fbref_soccerdata,2026-08-10 21:46:50
ESP-La Liga,2425,Getafe,David Soria,ESP,GK,31,1993,38,38,3420,38.0,0,0,0,0,0,0,2,0,0.0,0.0,0.0,0.0,0.0,ESP,2024-2025,standard,fbref_soccerdata,2026-08-10 21:46:50
ESP-La Liga,2425,Getafe,Diego Rico,ESP,DF,31,1993,33,32,2819,31.3,0,3,3,0,0,0,9,1,0.0,0.1,0.1,0.0,0.1,ESP,2024-2025,standard,fbref_soccerdata,2026-08-10 21:46:50
ESP-La Liga,2425,Getafe,Djené,TOG,"DF,MF",32,1991,31,31,2548,28.3,0,0,0,0,0,0,10,1,0.0,0.0,0.0,0.0,0.0,ESP,2024-2025,standard,fbref_soccerdata,2026-08-10 21:46:50
ESP-La Liga,2425,Getafe,Domingos Duarte,POR,DF,29,1995,22,21,1859,20.7,1,0,1,1,0,0,4,2,0.05,0.0,0.05,0.05,0.05,ESP,2024-2025,standard,fbref_soccerdata,2026-08-10 21:46:50
ESP-La Liga,2425,Getafe,Gorka Rivera Alonso,ESP,DF,19,2004,1,0,20,0.2,0,0,0,0,0,0,0,0,0.0,0.0,0.0,0.0,0.0,ESP,2024-2025,standard,fbref_soccerdata,2026-08-10 21:46:50
ESP-La Liga,2425,Getafe,Iglesias,ESP,"DF,MF",26,1998,37,32,2888,32.1,0,1,1,0,0,0,4,0,0.0,0.03,0.03,0.0,0.03,ESP,2024-2025,standard,fbref_soccerdata,2026-08-10 21:46:50
ESP-La Liga,2425,Getafe,Ismael Bekhoucha,MAR,DF,19,2004,5,0,69,0.8,0,0,0,0,0,0,2,0,0.0,0.0,0.0,0.0,0.0,ESP,2024-2025,standard,fbref_soccerdata,2026-08-10 21:46:50
ESP-La Liga,2425,Getafe,John Joe,IRL,MF,20,2003,4,0,48,0.5,0,0,0,0,0,0,1,0,0.0,0.0,0.0,0.0,0.0,ESP,2024-2025,standard,fbref_soccerdata,2026-08-10 21:46:50
ESP-La Liga,2425,Getafe,Juan Bernat,ESP,MF,31,1993,14,9,699,7.8,0,1,1,0,0,0,0,0,0.0,0.13,0.13,0.0,0.13,ESP,2024-2025,standard,fbref_soccerdata,2026-08-10 21:46:50
ESP-La Liga,2425,Getafe,Juan Berrocal,ESP,DF,25,1999,19,11,1063,11.8,0,0,0,0,0,0,8,1,0.0,0.0,0.0,0.0,0.0,ESP,2024-2025,standard,fbref_soccerdata,2026-08-10 21:46:50
ESP-La Liga,2425,Getafe,Juanmi,ESP,FW,31,1993,13,8,696,7.7,0,0,0,0,0,0,2,0,0.0,0.0,0.0,0.0,0.0,ESP,2024-2025,standard,fbref_soccerdata,2026-08-10 21:46:50
ESP-La Liga,2425,Getafe,Luis Milla,ESP,MF,29,1994,33,32,2875,31.9,1,4,5,0,1,1,6,0,0.03,0.13,0.16,0.0,0.13,ESP,2024-2025,standard,fbref_soccerdata,2026-08-10 21:46:50
ESP-La Liga,2425,Getafe,Mauro Arambarri,URU,MF,28,1995,35,31,2661,29.6,10,0,10,7,3,3,10,0,0.34,0.0,0.34,0.24,0.24,ESP,2024-2025,standard,fbref_soccerdata,2026-08-10 21:46:50
ESP-La Liga,2425,Getafe,Nabil Aberdin,FRA,MF,21,2002,7,4,263,2.9,0,0,0,0,0,0,1,0,0.0,0.0,0.0,0.0,0.0,ESP,2024-2025,standard,fbref_soccerdata,2026-08-10 21:46:50
ESP-La Liga,2425,Getafe,Omar Alderete,PAR,DF,27,1996,34,34,2971,33.0,1,0,1,1,0,0,8,0,0.03,0.0,0.03,0.03,0.03,ESP,2024-2025,standard,fbref_soccerdata,2026-08-10 21:46:50
ESP-La Liga,2425,Getafe,Peter González,DOM,MF,22,2002,17,2,477,5.3,0,0,0,0,0,0,1,0,0.0,0.0,0.0,0.0,0.0,ESP,2024-2025,standard,fbref_soccerdata,2026-08-10 21:46:50
ESP-La Liga,2425,Getafe,Ramón Terrats,ESP,"MF,FW",23,2000,15,15,1219,13.5,4,1,5,4,0,0,1,0,0.3,0.07,0.37,0.3,0.37,ESP,2024-2025,standard,fbref_soccerdata,2026-08-10 21:46:50
ESP-La Liga,2425,Getafe,Yellu Santiago,ESP,MF,20,2004,19,4,372,4.1,0,0,0,0,0,0,5,0,0.0,0.0,0.0,0.0,0.0,ESP,2024-2025,standard,fbref_soccerdata,2026-08-10 21:46:50
ESP-La Liga,2425,Getafe,Álvaro Rodríguez,URU,FW,20,2004,22,7,852,9.5,2,0,2,2,0,0,6,0,0.21,0.0,0.21,0.21,0.21,ESP,2024-2025,standard,fbref_soccerdata,2026-08-10 21:46:50
ESP-La Liga,2425,Girona,Abel Ruiz,ESP,FW,24,2000,23,17,1346,15.0,4,0,4,3,1,2,3,0,0.27,0.0,0.27,0.2,0.2,ESP,2024-2025,standard,fbref_soccerdata,2026-08-10 21:46:50
ESP-La Liga,2425,Girona,Alejandro Francés,ESP,DF,21,2002,18,13,1173,13.0,0,0,0,0,0,0,2,0,0.0,0.0,0.0,0.0,0.0,ESP,2024-2025,standard,fbref_soccerdata,2026-08-10 21:46:50
ESP-La Liga,2425,Girona,Arnau Martinez,ESP,"DF,MF",21,2003,32,30,2624,29.2,2,2,4,2,0,0,3,0,0.07,0.07,0.14,0.07,0.14,ESP,2024-2025,standard,fbref_soccerdata,2026-08-10 21:46:50
ESP-La Liga,2425,Girona,Arnaut Danjuma,NED,"MF,FW",27,1997,25,15,1335,14.8,2,0,2,2,0,0,2,0,0.13,0.0,0.13,0.13,0.13,ESP,2024-2025,standard,fbref_soccerdata,2026-08-10 21:46:50
ESP-La Liga,2425,Girona,Arthur Melo,BRA,MF,27,1996,15,10,941,10.5,0,0,0,0,0,0,2,0,0.0,0.0,0.0,0.0,0.0,ESP,2024-2025,standard,fbref_soccerdata,2026-08-10 21:46:50
ESP-La Liga,2425,Girona,Bojan Miovski,MKD,FW,25,1999,17,12,869,9.7,2,1,3,2,0,0,0,0,0.21,0.1,0.31,0.21,0.31,ESP,2024-2025,standard,fbref_soccerdata,2026-08-10 21:46:50
ESP-La Liga,2425,Girona,Bryan Gil,ESP,"MF,FW",23,2001,25,21,1721,19.1,3,3,6,3,0,0,4,0,0.16,0.16,0.31,0.16,0.31,ESP,2024-2025,standard,fbref_soccerdata,2026-08-10 21:46:50
ESP-La Liga,2425,Girona,Cristhian Stuani,URU,FW,37,1986,32,6,1078,12.0,11,2,13,8,3,3,4,0,0.92,0.17,1.09,0.67,0.83,ESP,2024-2025,standard,fbref_soccerdata,2026-08-10 21:46:50
ESP-La Liga,2425,Girona,Daley Blind,NED,DF,34,1990,34,31,2780,30.9,0,2,2,0,0,0,2,0,0.0,0.06,0.06,0.0,0.06,ESP,2024-2025,standard,fbref_soccerdata,2026-08-10 21:46:50
ESP-La Liga,2425,Girona,David López,ESP,DF,34,1989,29,27,2429,27.0,1,1,2,1,0,0,4,0,0.04,0.04,0.07,0.04,0.07,ESP,2024-2025,standard,fbref_soccerdata,2026-08-10 21:46:50
ESP-La Liga,2425,Girona,Donny van de Beek,NED,MF,27,1997,26,16,1421,15.8,2,2,4,2,0,0,5,0,0.13,0.13,0.25,0.13,0.25,ESP,2024-2025,standard,fbref_soccerdata,2026-08-10 21:46:50
ESP-La Liga,2425,Girona,Ferrán Ruiz,ESP,DF,21,2003,1,0,18,0.2,0,0,0,0,0,0,0,0,0.0,0.0,0.0,0.0,0.0,ESP,2024-2025,standard,fbref_soccerdata,2026-08-10 21:46:50
ESP-La Liga,2425,Girona,Gabriel Osei Misehouy,NED,FW,19,2005,9,1,257,2.9,1,0,1,1,0,0,0,0,0.35,0.0,0.35,0.35,0.35,ESP,2024-2025,standard,fbref_soccerdata,2026-08-10 21:46:50
ESP-La Liga,2425,Girona,Iker Almena,ESP,MF,20,2004,2,0,48,0.5,0,1,1,0,0,0,0,0,0.0,1.87,1.87,0.0,1.87,ESP,2024-2025,standard,fbref_soccerdata,2026-08-10 21:46:50
ESP-La Liga,2425,Girona,Iván Martín,ESP,MF,25,1999,32,24,2039,22.7,1,1,2,1,0,0,1,0,0.04,0.04,0.09,0.04,0.09,ESP,2024-2025,standard,fbref_soccerdata,2026-08-10 21:46:50
ESP-La Liga,2425,Girona,Jhon Solis,COL,MF,19,2004,19,3,535,5.9,1,0,1,1,0,0,3,0,0.17,0.0,0.17,0.17,0.17,ESP,2024-2025,standard,fbref_soccerdata,2026-08-10 21:46:50
ESP-La Liga,2425,Girona,Juanpe,ESP,DF,33,1991,12,8,727,8.1,0,0,0,0,0,0,2,0,0.0,0.0,0.0,0.0,0.0,ESP,2024-2025,standard,fbref_soccerdata,2026-08-10 21:46:50
ESP-La Liga,2425,Girona,Kim Minsu,KOR,FW,18,2006,3,0,22,0.2,0,0,0,0,0,0,0,0,0.0,0.0,0.0,0.0,0.0,ESP,2024-2025,standard,fbref_soccerdata,2026-08-10 21:46:50
ESP-La Liga,2425,Girona,Ladislav Krejčí,CZE,DF,25,1999,28,27,2440,27.1,2,0,2,2,0,0,9,0,0.07,0.0,0.07,0.07,0.07,ESP,2024-2025,standard,fbref_soccerdata,2026-08-10 21:46:50
ESP-La Liga,2425,Girona,Miguel Gutiérrez,ESP,"DF,MF",23,2001,29,29,2458,27.3,1,5,6,1,0,0,4,0,0.04,0.18,0.22,0.04,0.22,ESP,2024-2025,standard,fbref_soccerdata,2026-08-10 21:46:50
ESP-La Liga,2425,Girona,Oriol Romeu,ESP,MF,32,1991,25,17,1356,15.1,0,0,0,0,0,0,5,0,0.0,0.0,0.0,0.0,0.0,ESP,2024-2025,standard,fbref_soccerdata,2026-08-10 21:46:50
ESP-La Liga,2425,Girona,Papa Ba,ESP,FW,19,2004,1,0,48,0.5,0,0,0,0,0,0,0,0,0.0,0.0,0.0,0.0,0.0,ESP,2024-2025,standard,fbref_soccerdata,2026-08-10 21:46:50
ESP-La Liga,2425,Girona,Pau López,ESP,GK,29,1994,1,0,45,0.5,0,0,0,0,0,0,0,0,0.0,0.0,0.0,0.0,0.0,ESP,2024-2025,standard,fbref_soccerdata,2026-08-10 21:46:50
ESP-La Liga,2425,Girona,Paulo Gazzaniga,ARG,GK,32,1992,36,36,3195,35.5,0,0,0,0,0,0,4,0,0.0,0.0,0.0,0.0,0.0,ESP,2024-2025,standard,fbref_soccerdata,2026-08-10 21:46:50
ESP-La Liga,2425,Girona,Portu,ESP,"FW,MF",32,1992,27,6,779,8.7,1,2,3,1,0,0,4,0,0.12,0.23,0.35,0.12,0.35,ESP,2024-2025,standard,fbref_soccerdata,2026-08-10 21:46:50
ESP-La Liga,2425,Girona,Silvi Clúa,ESP,MF,19,2005,4,2,163,1.8,0,0,0,0,0,0,0,0,0.0,0.0,0.0,0.0,0.0,ESP,2024-2025,standard,fbref_soccerdata,2026-08-10 21:46:50
ESP-La Liga,2425,Girona,Viktor Tsyhankov,UKR,"MF,FW",26,1997,27,23,1913,21.3,2,5,7,2,0,0,1,0,0.09,0.24,0.33,0.09,0.33,ESP,2024-2025,standard,fbref_soccerdata,2026-08-10 21:46:50
ESP-La Liga,2425,Girona,Vladyslav Krapyvtsov,UKR,GK,19,2005,2,2,180,2.0,0,0,0,0,0,0,0,0,0.0,0.0,0.0,0.0,0.0,ESP,2024-2025,standard,fbref_soccerdata,2026-08-10 21:46:50
ESP-La Liga,2425,Girona,Yangel Herrera,VEN,MF,26,1998,29,27,2257,25.1,4,3,7,4,0,0,10,1,0.16,0.12,0.28,0.16,0.28,ESP,2024-2025,standard,fbref_soccerdata,2026-08-10 21:46:50
ESP-La Liga,2425,Girona,Yaser Asprilla,COL,"MF,FW",20,2003,27,15,1405,15.6,3,1,4,3,0,0,2,0,0.19,0.06,0.26,0.19,0.26,ESP,2024-2025,standard,fbref_soccerdata,2026-08-10 21:46:50
ESP-La Liga,2425,Las Palmas,Aboubacar Bassinga,BFA,MF,19,2005,1,0,4,0.0,0,0,0,0,0,0,0,0,0.0,0.0,0.0,0.0,0.0,ESP,2024-2025,standard,fbref_soccerdata,2026-08-10 21:46:50
ESP-La Liga,2425,Las Palmas,Adnan Januzaj,BEL,"MF,FW",29,1995,18,5,598,6.6,2,1,3,2,0,0,5,0,0.3,0.15,0.45,0.3,0.45,ESP,2024-2025,standard,fbref_soccerdata,2026-08-10 21:46:50
ESP-La Liga,2425,Las Palmas,Alberto Moleiro,ESP,MF,20,2003,35,32,2714,30.2,6,1,7,6,0,0,5,0,0.2,0.03,0.23,0.2,0.23,ESP,2024-2025,standard,fbref_soccerdata,2026-08-10 21:46:50
ESP-La Liga,2425,Las Palmas,Andy Pelmard,MAD,DF,24,2000,4,2,205,2.3,0,0,0,0,0,0,1,0,0.0,0.0,0.0,0.0,0.0,ESP,2024-2025,standard,fbref_soccerdata,2026-08-10 21:46:50
ESP-La Liga,2425,Las Palmas,Arturo Rodríguez,ESP,FW,17,2006,1,0,21,0.2,0,0,0,0,0,0,0,0,0.0,0.0,0.0,0.0,0.0,ESP,2024-2025,standard,fbref_soccerdata,2026-08-10 21:46:50
ESP-La Liga,2425,Las Palmas,Benito Ramírez,ESP,"MF,DF",29,1995,19,2,478,5.3,0,0,0,0,0,0,2,1,0.0,0.0,0.0,0.0,0.0,ESP,2024-2025,standard,fbref_soccerdata,2026-08-10 21:46:50
ESP-La Liga,2425,Las Palmas,Daley Sinkgraven,NED,DF,29,1995,2,1,91,1.0,0,0,0,0,0,0,0,0,0.0,0.0,0.0,0.0,0.0,ESP,2024-2025,standard,fbref_soccerdata,2026-08-10 21:46:50
ESP-La Liga,2425,Las Palmas,Dario Essugo,POR,MF,19,2005,27,25,1938,21.5,1,0,1,1,0,0,11,2,0.05,0.0,0.05,0.05,0.05,ESP,2024-2025,standard,fbref_soccerdata,2026-08-10 21:46:50
ESP-La Liga,2425,Las Palmas,Diego Martín,ESP,FW,20,2003,2,0,40,0.4,0,0,0,0,0,0,0,0,0.0,0.0,0.0,0.0,0.0,ESP,2024-2025,standard,fbref_soccerdata,2026-08-10 21:46:50
ESP-La Liga,2425,Las Palmas,Dinko Horkaš,CRO,GK,25,1999,13,11,1085,12.1,0,0,0,0,0,0,1,0,0.0,0.0,0.0,0.0,0.0,ESP,2024-2025,standard,fbref_soccerdata,2026-08-10 21:46:50
ESP-La Liga,2425,Las Palmas,Enzo Loiodice,FRA,MF,23,2000,17,7,684,7.6,0,0,0,0,0,0,3,0,0.0,0.0,0.0,0.0,0.0,ESP,2024-2025,standard,fbref_soccerdata,2026-08-10 21:46:50
ESP-La Liga,2425,Las Palmas,Fabio González,ESP,MF,27,1997,2,0,53,0.6,0,0,0,0,0,0,0,0,0.0,0.0,0.0,0.0,0.0,ESP,2024-2025,standard,fbref_soccerdata,2026-08-10 21:46:50
ESP-La Liga,2425,Las Palmas,Fábio Silva,POR,FW,22,2002,24,22,1866,20.7,10,3,13,8,2,3,7,0,0.48,0.14,0.63,0.39,0.53,ESP,2024-2025,standard,fbref_soccerdata,2026-08-10 21:46:50
ESP-La Liga,2425,Las Palmas,Jaime Mata,ESP,"MF,FW",35,1988,30,4,656,7.3,0,0,0,0,0,0,9,0,0.0,0.0,0.0,0.0,0.0,ESP,2024-2025,standard,fbref_soccerdata,2026-08-10 21:46:50
ESP-La Liga,2425,Las Palmas,Jasper Cillessen,NED,GK,35,1989,27,27,2335,25.9,0,0,0,0,0,0,1,0,0.0,0.0,0.0,0.0,0.0,ESP,2024-2025,standard,fbref_soccerdata,2026-08-10 21:46:50
ESP-La Liga,2425,Las Palmas,Javier Muñoz,ESP,"MF,DF",29,1995,35,28,2588,28.8,1,3,4,1,0,0,5,0,0.03,0.1,0.14,0.03,0.14,ESP,2024-2025,standard,fbref_soccerdata,2026-08-10 21:46:50
ESP-La Liga,2425,Las Palmas,José Campaña,ESP,MF,31,1993,25,15,1189,13.2,0,3,3,0,0,0,5,0,0.0,0.23,0.23,0.0,0.23,ESP,2024-2025,standard,fbref_soccerdata,2026-08-10 21:46:50
ESP-La Liga,2425,Las Palmas,José Carlos González,ESP,MF,18,2006,1,0,11,0.1,0,0,0,0,0,0,0,0,0.0,0.0,0.0,0.0,0.0,ESP,2024-2025,standard,fbref_soccerdata,2026-08-10 21:46:50
ESP-La Liga,2425,Las Palmas,Juanma Herzog,ESP,DF,20,2004,19,15,1315,14.6,0,0,0,0,0,0,1,0,0.0,0.0,0.0,0.0,0.0,ESP,2024-2025,standard,fbref_soccerdata,2026-08-10 21:46:50
ESP-La Liga,2425,Las Palmas,Kirian Rodríguez,ESP,MF,28,1996,21,21,1758,19.5,0,3,3,0,0,0,2,0,0.0,0.15,0.15,0.0,0.15,ESP,2024-2025,standard,fbref_soccerdata,2026-08-10 21:46:50
ESP-La Liga,2425,Las Palmas,Manuel Fuster,ESP,"MF,FW",26,1997,28,8,1003,11.1,2,1,3,2,0,0,2,0,0.18,0.09,0.27,0.18,0.27,ESP,2024-2025,standard,fbref_soccerdata,2026-08-10 21:46:50
ESP-La Liga,2425,Las Palmas,Marc Cardona,ESP,FW,29,1995,11,0,132,1.5,0,0,0,0,0,0,2,0,0.0,0.0,0.0,0.0,0.0,ESP,2024-2025,standard,fbref_soccerdata,2026-08-10 21:46:50
ESP-La Liga,2425,Las Palmas,Marvin,ESP,"DF,MF",24,2000,23,9,1038,11.5,0,0,0,0,0,0,4,0,0.0,0.0,0.0,0.0,0.0,ESP,2024-2025,standard,fbref_soccerdata,2026-08-10 21:46:50
ESP-La Liga,2425,Las Palmas,Mika Mármol,ESP,DF,23,2001,30,27,2399,26.7,0,1,1,0,0,0,5,0,0.0,0.04,0.04,0.0,0.04,ESP,2024-2025,standard,fbref_soccerdata,2026-08-10 21:46:50
ESP-La Liga,2425,Las Palmas,Oliver McBurnie,SCO,FW,28,1996,34,20,1837,20.4,3,6,9,3,0,0,3,0,0.15,0.29,0.44,0.15,0.44,ESP,2024-2025,standard,fbref_soccerdata,2026-08-10 21:46:50
ESP-La Liga,2425,Las Palmas,Pejiño,ESP,MF,28,1996,1,0,16,0.2,0,0,0,0,0,0,0,0,0.0,0.0,0.0,0.0,0.0,ESP,2024-2025,standard,fbref_soccerdata,2026-08-10 21:46:50
ESP-La Liga,2425,Las Palmas,Sandro Ramírez,ESP,"MF,FW",29,1995,31,25,2034,22.6,9,3,12,8,1,1,6,0,0.4,0.13,0.53,0.35,0.49,ESP,2024-2025,standard,fbref_soccerdata,2026-08-10 21:46:50
ESP-La Liga,2425,Las Palmas,Scott McKenna,SCO,DF,27,1996,29,28,2466,27.4,0,0,0,0,0,0,5,1,0.0,0.0,0.0,0.0,0.0,ESP,2024-2025,standard,fbref_soccerdata,2026-08-10 21:46:50
ESP-La Liga,2425,Las Palmas,Sergio Viera,ESP,MF,19,2005,2,1,96,1.1,0,0,0,0,0,0,1,0,0.0,0.0,0.0,0.0,0.0,ESP,2024-2025,standard,fbref_soccerdata,2026-08-10 21:46:50
ESP-La Liga,2425,Las Palmas,Stefan Bajcetic,ESP,"MF,DF",19,2004,14,12,969,10.8,1,0,1,1,0,0,4,0,0.09,0.0,0.09,0.09,0.09,ESP,2024-2025,standard,fbref_soccerdata,2026-08-10 21:46:50
ESP-La Liga,2425,Las Palmas,Valentín Pezzolesi,ESP,DF,17,2007,1,0,6,0.1,0,0,0,0,0,0,0,0,0.0,0.0,0.0,0.0,0.0,ESP,2024-2025,standard,fbref_soccerdata,2026-08-10 21:46:50
ESP-La Liga,2425,Las Palmas,Viti,ESP,DF,26,1997,29,23,1982,22.0,0,2,2,0,0,0,5,0,0.0,0.09,0.09,0.0,0.09,ESP,2024-2025,standard,fbref_soccerdata,2026-08-10 21:46:50
ESP-La Liga,2425,Las Palmas,Álex Muñoz,ESP,DF,30,1994,21,18,1415,15.7,3,0,3,3,0,0,3,0,0.19,0.0,0.19,0.19,0.19,ESP,2024-2025,standard,fbref_soccerdata,2026-08-10 21:46:50
ESP-La Liga,2425,Las Palmas,Álex Suárez,ESP,DF,31,1993,30,30,2460,27.3,0,0,0,0,0,0,12,0,0.0,0.0,0.0,0.0,0.0,ESP,2024-2025,standard,fbref_soccerdata,2026-08-10 21:46:50
ESP-La Liga,2425,Leganés,Adrià Altimira,ESP,"DF,MF",23,2001,22,19,1630,18.1,0,0,0,0,0,0,6,0,0.0,0.0,0.0,0.0,0.0,ESP,2024-2025,standard,fbref_soccerdata,2026-08-10 21:46:50
ESP-La Liga,2425,Leganés,Aritz Arambarri,ESP,DF,26,1998,2,2,177,2.0,0,0,0,0,0,0,0,0,0.0,0.0,0.0,0.0,0.0,ESP,2024-2025,standard,fbref_soccerdata,2026-08-10 21:46:50
ESP-La Liga,2425,Leganés,Borna Barišić,CRO,DF,31,1992,1,1,9,0.1,0,0,0,0,0,0,0,0,0.0,0.0,0.0,0.0,0.0,ESP,2024-2025,standard,fbref_soccerdata,2026-08-10 21:46:50
ESP-La Liga,2425,Leganés,Dani Raba,ESP,"MF,FW",28,1995,29,24,1879,20.9,8,6,14,4,4,5,6,0,0.38,0.29,0.67,0.19,0.48,ESP,2024-2025,standard,fbref_soccerdata,2026-08-10 21:46:50
ESP-La Liga,2425,Leganés,Darko Brašanac,SRB,MF,32,1992,30,15,1617,18.0,1,2,3,1,0,0,4,0,0.06,0.11,0.17,0.06,0.17,ESP,2024-2025,standard,fbref_soccerdata,2026-08-10 21:46:50
ESP-La Liga,2425,Leganés,Diego,ESP,"FW,MF",24,2000,28,13,1195,13.3,3,0,3,3,0,0,2,0,0.23,0.0,0.23,0.23,0.23,ESP,2024-2025,standard,fbref_soccerdata,2026-08-10 21:46:50
ESP-La Liga,2425,Leganés,Duk,CPV,MF,24,2000,10,1,179,2.0,0,0,0,0,0,0,1,0,0.0,0.0,0.0,0.0,0.0,ESP,2024-2025,standard,fbref_soccerdata,2026-08-10 21:46:50
ESP-La Liga,2425,Leganés,Enric Franquesa,ESP,"MF,DF",27,1997,12,7,616,6.8,1,0,1,1,0,0,1,0,0.15,0.0,0.15,0.15,0.15,ESP,2024-2025,standard,fbref_soccerdata,2026-08-10 21:46:50
ESP-La Liga,2425,Leganés,Javi Hernández,ESP,DF,26,1998,31,27,2389,26.5,2,1,3,2,0,0,6,0,0.08,0.04,0.11,0.08,0.11,ESP,2024-2025,standard,fbref_soccerdata,2026-08-10 21:46:50
ESP-La Liga,2425,Leganés,Jorge Sáenz,ESP,DF,27,1996,23,19,1690,18.8,1,0,1,1,0,0,4,1,0.05,0.0,0.05,0.05,0.05,ESP,2024-2025,standard,fbref_soccerdata,2026-08-10 21:46:50
ESP-La Liga,2425,Leganés,Juan Cruz,ESP,"MF,DF",24,2000,34,26,2257,25.1,5,4,9,5,0,0,2,0,0.2,0.16,0.36,0.2,0.36,ESP,2024-2025,standard,fbref_soccerdata,2026-08-10 21:46:50
ESP-La Liga,2425,Leganés,Juan Soriano,ESP,GK,26,1997,6,6,540,6.0,0,0,0,0,0,0,1,1,0.0,0.0,0.0,0.0,0.0,ESP,2024-2025,standard,fbref_soccerdata,2026-08-10 21:46:50
ESP-La Liga,2425,Leganés,Julián Chicco,ARG,"MF,DF",26,1998,14,2,302,3.4,0,1,1,0,0,0,0,0,0.0,0.3,0.3,0.0,0.3,ESP,2024-2025,standard,fbref_soccerdata,2026-08-10 21:46:50
ESP-La Liga,2425,Leganés,Marko Dmitrović,SRB,GK,32,1992,32,32,2880,32.0,0,0,0,0,0,0,0,0,0.0,0.0,0.0,0.0,0.0,ESP,2024-2025,standard,fbref_soccerdata,2026-08-10 21:46:50
ESP-La Liga,2425,Leganés,Matija Nastasić,SRB,DF,31,1993,26,24,2110,23.4,1,0,1,1,0,0,3,0,0.04,0.0,0.04,0.04,0.04,ESP,2024-2025,standard,fbref_soccerdata,2026-08-10 21:46:50
ESP-La Liga,2425,Leganés,Miguel,ESP,FW,24,1999,34,17,1724,19.2,1,3,4,0,1,2,3,0,0.05,0.16,0.21,0.0,0.16,ESP,2024-2025,standard,fbref_soccerdata,2026-08-10 21:46:50
ESP-La Liga,2425,Leganés,Munir El Haddadi,MAR,"MF,FW",28,1995,25,10,862,9.6,4,0,4,4,0,0,1,1,0.42,0.0,0.42,0.42,0.42,ESP,2024-2025,standard,fbref_soccerdata,2026-08-10 21:46:50
ESP-La Liga,2425,Leganés,Renato Tapia,PER,"MF,DF",29,1995,34,28,2424,26.9,1,0,1,1,0,0,8,0,0.04,0.0,0.04,0.04,0.04,ESP,2024-2025,standard,fbref_soccerdata,2026-08-10 21:46:50
ESP-La Liga,2425,Leganés,Roberto López,ESP,MF,24,2000,13,3,396,4.4,0,1,1,0,0,0,0,0,0.0,0.23,0.23,0.0,0.23,ESP,2024-2025,standard,fbref_soccerdata,2026-08-10 21:46:50
ESP-La Liga,2425,Leganés,Sergi,ESP,DF,32,1992,36,33,2957,32.9,2,0,2,2,0,0,2,1,0.06,0.0,0.06,0.06,0.06,ESP,2024-2025,standard,fbref_soccerdata,2026-08-10 21:46:50
ESP-La Liga,2425,Leganés,Seydouba Cissé,GUI,MF,23,2001,34,31,2435,27.1,3,1,4,3,0,0,3,1,0.11,0.04,0.15,0.11,0.15,ESP,2024-2025,standard,fbref_soccerdata,2026-08-10 21:46:50
ESP-La Liga,2425,Leganés,Sébastien Haller,CIV,FW,30,1994,8,5,404,4.5,0,0,0,0,0,0,0,0,0.0,0.0,0.0,0.0,0.0,ESP,2024-2025,standard,fbref_soccerdata,2026-08-10 21:46:50
ESP-La Liga,2425,Leganés,Valentin Rosier,FRA,DF,27,1996,32,28,2595,28.8,1,2,3,1,0,0,8,0,0.03,0.07,0.1,0.03,0.1,ESP,2024-2025,standard,fbref_soccerdata,2026-08-10 21:46:50
ESP-La Liga,2425,Leganés,Yan Diomandé,CIV,MF,17,2006,10,6,545,6.1,2,1,3,2,0,0,1,0,0.33,0.17,0.5,0.33,0.5,ESP,2024-2025,standard,fbref_soccerdata,2026-08-10 21:46:50
ESP-La Liga,2425,Leganés,Yvan Neyou,CMR,MF,27,1997,30,27,2312,25.7,1,1,2,1,0,0,14,0,0.04,0.04,0.08,0.04,0.08,ESP,2024-2025,standard,fbref_soccerdata,2026-08-10 21:46:50
ESP-La Liga,2425,Leganés,Óscar Rodríguez Arnaiz,ESP,MF,26,1998,29,12,1330,14.8,1,4,5,1,0,0,6,1,0.07,0.27,0.34,0.07,0.34,ESP,2024-2025,standard,fbref_soccerdata,2026-08-10 21:46:50
ESP-La Liga,2425,Mallorca,Abdón Prats,ESP,"FW,MF",31,1992,24,3,456,5.1,2,0,2,1,1,1,4,0,0.39,0.0,0.39,0.2,0.2,ESP,2024-2025,standard,fbref_soccerdata,2026-08-10 21:46:50
ESP-La Liga,2425,Mallorca,Antonio Raillo,ESP,DF,32,1991,36,36,3207,35.6,2,0,2,2,0,0,7,1,0.06,0.0,0.06,0.06,0.06,ESP,2024-2025,standard,fbref_soccerdata,2026-08-10 21:46:50
ESP-La Liga,2425,Mallorca,Antonio Sánchez,ESP,"MF,DF",27,1997,33,12,1395,15.5,0,0,0,0,0,0,3,0,0.0,0.0,0.0,0.0,0.0,ESP,2024-2025,standard,fbref_soccerdata,2026-08-10 21:46:50
ESP-La Liga,2425,Mallorca,Chiquinho,POR,MF,24,2000,8,1,146,1.6,0,0,0,0,0,0,2,0,0.0,0.0,0.0,0.0,0.0,ESP,2024-2025,standard,fbref_soccerdata,2026-08-10 21:46:50
ESP-La Liga,2425,Mallorca,Copete,ESP,DF,24,1999,25,16,1528,17.0,0,0,0,0,0,0,6,0,0.0,0.0,0.0,0.0,0.0,ESP,2024-2025,standard,fbref_soccerdata,2026-08-10 21:46:50
ESP-La Liga,2425,Mallorca,Cyle Larin,CAN,FW,29,1995,32,21,1764,19.6,7,2,9,6,1,1,4,0,0.36,0.1,0.46,0.31,0.41,ESP,2024-2025,standard,fbref_soccerdata,2026-08-10 21:46:50
ESP-La Liga,2425,Mallorca,Dani Rodríguez,ESP,"MF,FW",36,1988,37,26,2162,24.0,4,7,11,4,0,0,5,0,0.17,0.29,0.46,0.17,0.46,ESP,2024-2025,standard,fbref_soccerdata,2026-08-10 21:46:50
ESP-La Liga,2425,Mallorca,Daniel Luna,COL,MF,21,2003,2,0,20,0.2,0,0,0,0,0,0,0,0,0.0,0.0,0.0,0.0,0.0,ESP,2024-2025,standard,fbref_soccerdata,2026-08-10 21:46:50
ESP-La Liga,2425,Mallorca,David López,ESP,DF,21,2003,2,2,169,1.9,0,0,0,0,0,0,0,0,0.0,0.0,0.0,0.0,0.0,ESP,2024-2025,standard,fbref_soccerdata,2026-08-10 21:46:50
ESP-La Liga,2425,Mallorca,Dominik Greif,SVK,GK,27,1997,31,31,2790,31.0,0,0,0,0,0,0,1,0,0.0,0.0,0.0,0.0,0.0,ESP,2024-2025,standard,fbref_soccerdata,2026-08-10 21:46:50
ESP-La Liga,2425,Mallorca,Jan Salas,ESP,MF,18,2005,4,0,43,0.5,0,0,0,0,0,0,0,0,0.0,0.0,0.0,0.0,0.0,ESP,2024-2025,standard,fbref_soccerdata,2026-08-10 21:46:50
ESP-La Liga,2425,Mallorca,Javier Llabrés,ESP,MF,21,2002,1,1,57,0.6,0,0,0,0,0,0,0,0,0.0,0.0,0.0,0.0,0.0,ESP,2024-2025,standard,fbref_soccerdata,2026-08-10 21:46:50
ESP-La Liga,2425,Mallorca,Johan Mojica,COL,DF,31,1992,36,30,2755,30.6,1,2,3,1,0,0,5,0,0.03,0.07,0.1,0.03,0.1,ESP,2024-2025,standard,fbref_soccerdata,2026-08-10 21:46:50
ESP-La Liga,2425,Mallorca,Leo Román,ESP,GK,24,2000,7,7,630,7.0,0,0,0,0,0,0,0,0,0.0,0.0,0.0,0.0,0.0,ESP,2024-2025,standard,fbref_soccerdata,2026-08-10 21:46:50
ESP-La Liga,2425,Mallorca,Manu Morlanes,ESP,MF,25,1999,23,15,1338,14.9,0,0,0,0,0,0,7,0,0.0,0.0,0.0,0.0,0.0,ESP,2024-2025,standard,fbref_soccerdata,2026-08-10 21:46:50
ESP-La Liga,2425,Mallorca,Marc Domenech,ESP,"FW,MF",18,2006,10,3,303,3.4,0,0,0,0,0,0,0,0,0.0,0.0,0.0,0.0,0.0,ESP,2024-2025,standard,fbref_soccerdata,2026-08-10 21:46:50
ESP-La Liga,2425,Mallorca,Martin Valjent,SVK,DF,28,1995,31,31,2763,30.7,3,0,3,3,0,0,4,0,0.1,0.0,0.1,0.1,0.1,ESP,2024-2025,standard,fbref_soccerdata,2026-08-10 21:46:50
ESP-La Liga,2425,Mallorca,Mateu Morey,ESP,DF,24,2000,16,8,741,8.2,0,0,0,0,0,0,1,0,0.0,0.0,0.0,0.0,0.0,ESP,2024-2025,standard,fbref_soccerdata,2026-08-10 21:46:50
ESP-La Liga,2425,Mallorca,Omar Mascarell,EQG,MF,31,1993,32,21,1992,22.1,1,0,1,1,0,0,5,1,0.05,0.0,0.05,0.05,0.05,ESP,2024-2025,standard,fbref_soccerdata,2026-08-10 21:46:50
ESP-La Liga,2425,Mallorca,Pablo Maffeo,ESP,DF,27,1997,30,28,2368,26.3,0,2,2,0,0,0,7,0,0.0,0.08,0.08,0.0,0.08,ESP,2024-2025,standard,fbref_soccerdata,2026-08-10 21:46:50
ESP-La Liga,2425,Mallorca,Roberto Navarro,ESP,MF,22,2002,23,15,1278,14.2,1,0,1,1,0,0,3,0,0.07,0.0,0.07,0.07,0.07,ESP,2024-2025,standard,fbref_soccerdata,2026-08-10 21:46:50
ESP-La Liga,2425,Mallorca,Samu Costa,POR,MF,23,2000,32,31,2649,29.4,0,2,2,0,0,0,10,1,0.0,0.07,0.07,0.0,0.07,ESP,2024-2025,standard,fbref_soccerdata,2026-08-10 21:46:50
ESP-La Liga,2425,Mallorca,Sergi Darder,ESP,MF,30,1993,38,34,2744,30.5,2,6,8,2,0,0,4,0,0.07,0.2,0.26,0.07,0.26,ESP,2024-2025,standard,fbref_soccerdata,2026-08-10 21:46:50
ESP-La Liga,2425,Mallorca,Siebe Van Der Heyden,BEL,DF,26,1998,2,1,97,1.1,0,0,0,0,0,0,0,0,0.0,0.0,0.0,0.0,0.0,ESP,2024-2025,standard,fbref_soccerdata,2026-08-10 21:46:50
ESP-La Liga,2425,Mallorca,Takuma Asano,JPN,"MF,FW",29,1994,21,13,1054,11.7,2,1,3,2,0,0,0,0,0.17,0.09,0.26,0.17,0.26,ESP,2024-2025,standard,fbref_soccerdata,2026-08-10 21:46:50
ESP-La Liga,2425,Mallorca,Toni Lato,ESP,DF,26,1997,14,7,621,6.9,0,0,0,0,0,0,1,1,0.0,0.0,0.0,0.0,0.0,ESP,2024-2025,standard,fbref_soccerdata,2026-08-10 21:46:50
ESP-La Liga,2425,Mallorca,Valery Fernández,ESP,MF,24,1999,18,1,309,3.4,2,0,2,2,0,0,1,0,0.58,0.0,0.58,0.58,0.58,ESP,2024-2025,standard,fbref_soccerdata,2026-08-10 21:46:50
ESP-La Liga,2425,Mallorca,Vedat Muriqi,KVX,FW,30,1994,29,24,2058,22.9,7,2,9,5,2,3,1,2,0.31,0.09,0.39,0.22,0.31,ESP,2024-2025,standard,fbref_soccerdata,2026-08-10 21:46:50
ESP-La Liga,2425,Osasuna,Abel Bretones,ESP,"DF,MF",23,2000,35,20,2074,23.0,2,0,2,2,0,0,3,0,0.09,0.0,0.09,0.09,0.09,ESP,2024-2025,standard,fbref_soccerdata,2026-08-10 21:46:50
ESP-La Liga,2425,Osasuna,Aimar Oroz,ESP,MF,22,2001,37,35,2966,33.0,5,4,9,4,1,1,8,0,0.15,0.12,0.27,0.12,0.24,ESP,2024-2025,standard,fbref_soccerdata,2026-08-10 21:46:50
ESP-La Liga,2425,Osasuna,Aitor Fernández,ESP,GK,33,1991,1,1,90,1.0,0,0,0,0,0,0,0,0,0.0,0.0,0.0,0.0,0.0,ESP,2024-2025,standard,fbref_soccerdata,2026-08-10 21:46:50
ESP-La Liga,2425,Osasuna,Ante Budimir,CRO,FW,33,1991,38,34,2952,32.8,21,4,25,13,8,8,4,0,0.64,0.12,0.76,0.4,0.52,ESP,2024-2025,standard,fbref_soccerdata,2026-08-10 21:46:50
ESP-La Liga,2425,Osasuna,Bryan Zaragoza,ESP,"MF,FW",22,2001,27,22,1836,20.4,1,6,7,1,0,0,4,0,0.05,0.29,0.34,0.05,0.34,ESP,2024-2025,standard,fbref_soccerdata,2026-08-10 21:46:50
ESP-La Liga,2425,Osasuna,Catena,ESP,DF,29,1994,35,35,3074,34.2,1,3,4,1,0,0,11,0,0.03,0.09,0.12,0.03,0.12,ESP,2024-2025,standard,fbref_soccerdata,2026-08-10 21:46:50
ESP-La Liga,2425,Osasuna,Enzo Boyomo,CMR,DF,22,2001,34,33,2987,33.2,2,0,2,2,0,0,5,0,0.06,0.0,0.06,0.06,0.06,ESP,2024-2025,standard,fbref_soccerdata,2026-08-10 21:46:50
ESP-La Liga,2425,Osasuna,Iker Benito,ESP,"FW,MF",21,2002,2,0,37,0.4,0,0,0,0,0,0,0,0,0.0,0.0,0.0,0.0,0.0,ESP,2024-2025,standard,fbref_soccerdata,2026-08-10 21:46:50
ESP-La Liga,2425,Osasuna,Iker Muñoz,ESP,MF,21,2002,23,4,610,6.8,0,1,1,0,0,0,2,0,0.0,0.15,0.15,0.0,0.15,ESP,2024-2025,standard,fbref_soccerdata,2026-08-10 21:46:50
ESP-La Liga,2425,Osasuna,Javi Martínez,ESP,MF,24,1999,1,0,6,0.1,0,0,0,0,0,0,0,0,0.0,0.0,0.0,0.0,0.0,ESP,2024-2025,standard,fbref_soccerdata,2026-08-10 21:46:50
ESP-La Liga,2425,Osasuna,Jesús Areso,ESP,DF,25,1999,36,35,3079,34.2,0,3,3,0,0,0,9,0,0.0,0.09,0.09,0.0,0.09,ESP,2024-2025,standard,fbref_soccerdata,2026-08-10 21:46:50
ESP-La Liga,2425,Osasuna,Jon Moncayola,ESP,MF,26,1998,32,26,2099,23.3,0,0,0,0,0,0,8,0,0.0,0.0,0.0,0.0,0.0,ESP,2024-2025,standard,fbref_soccerdata,2026-08-10 21:46:50
ESP-La Liga,2425,Osasuna,Jorge Herrando,ESP,DF,23,2001,18,15,1366,15.2,1,0,1,1,0,0,3,0,0.07,0.0,0.07,0.07,0.07,ESP,2024-2025,standard,fbref_soccerdata,2026-08-10 21:46:50
ESP-La Liga,2425,Osasuna,José Arnaiz,ESP,MF,29,1995,15,1,133,1.5,0,0,0,0,0,0,0,0,0.0,0.0,0.0,0.0,0.0,ESP,2024-2025,standard,fbref_soccerdata,2026-08-10 21:46:50
ESP-La Liga,2425,Osasuna,Juan Cruz Armada,ESP,DF,32,1992,25,19,1492,16.6,0,0,0,0,0,0,4,0,0.0,0.0,0.0,0.0,0.0,ESP,2024-2025,standard,fbref_soccerdata,2026-08-10 21:46:50
ESP-La Liga,2425,Osasuna,Kike Barja,ESP,"FW,MF",27,1997,15,3,315,3.5,0,1,1,0,0,0,3,0,0.0,0.29,0.29,0.0,0.29,ESP,2024-2025,standard,fbref_soccerdata,2026-08-10 21:46:50
ESP-La Liga,2425,Osasuna,Lucas Torró,ESP,MF,30,1994,35,35,2957,32.9,3,0,3,3,0,0,10,0,0.09,0.0,0.09,0.09,0.09,ESP,2024-2025,standard,fbref_soccerdata,2026-08-10 21:46:50
ESP-La Liga,2425,Osasuna,Moi Gómez,ESP,"MF,FW",30,1994,26,6,796,8.8,0,0,0,0,0,0,1,0,0.0,0.0,0.0,0.0,0.0,ESP,2024-2025,standard,fbref_soccerdata,2026-08-10 21:46:50
ESP-La Liga,2425,Osasuna,Nacho Vidal,ESP,DF,29,1995,5,1,124,1.4,0,0,0,0,0,0,0,0,0.0,0.0,0.0,0.0,0.0,ESP,2024-2025,standard,fbref_soccerdata,2026-08-10 21:46:50
ESP-La Liga,2425,Osasuna,Pablo Ibáñez,ESP,MF,25,1998,28,13,1294,14.4,1,1,2,1,0,0,4,0,0.07,0.07,0.14,0.07,0.14,ESP,2024-2025,standard,fbref_soccerdata,2026-08-10 21:46:50
ESP-La Liga,2425,Osasuna,Raúl,ESP,FW,23,2000,32,5,750,8.3,4,0,4,4,0,0,1,0,0.48,0.0,0.48,0.48,0.48,ESP,2024-2025,standard,fbref_soccerdata,2026-08-10 21:46:50
ESP-La Liga,2425,Osasuna,Rubén García,ESP,"FW,MF",31,1993,36,30,2413,26.8,5,5,10,5,0,0,2,0,0.19,0.19,0.37,0.19,0.37,ESP,2024-2025,standard,fbref_soccerdata,2026-08-10 21:46:50
ESP-La Liga,2425,Osasuna,Rubén Peña,ESP,"FW,DF",33,1991,25,7,775,8.6,0,0,0,0,0,0,1,0,0.0,0.0,0.0,0.0,0.0,ESP,2024-2025,standard,fbref_soccerdata,2026-08-10 21:46:50
ESP-La Liga,2425,Osasuna,Sergio Herrera,ESP,GK,31,1993,37,37,3330,37.0,0,0,0,0,0,0,5,0,0.0,0.0,0.0,0.0,0.0,ESP,2024-2025,standard,fbref_soccerdata,2026-08-10 21:46:50
ESP-La Liga,2425,Osasuna,Unai García,ESP,DF,32,1992,3,1,65,0.7,0,0,0,0,0,0,0,0,0.0,0.0,0.0,0.0,0.0,ESP,2024-2025,standard,fbref_soccerdata,2026-08-10 21:46:50
ESP-La Liga,2425,Rayo Vallecano,Abdul Mumin,GHA,DF,26,1998,24,24,2017,22.4,2,1,3,2,0,0,6,1,0.09,0.04,0.13,0.09,0.13,ESP,2024-2025,standard,fbref_soccerdata,2026-08-10 21:46:50
ESP-La Liga,2425,Rayo Vallecano,Adri Embarba,ESP,"MF,FW",32,1992,35,18,1607,17.9,1,1,2,1,0,0,4,0,0.06,0.06,0.11,0.06,0.11,ESP,2024-2025,standard,fbref_soccerdata,2026-08-10 21:46:50
ESP-La Liga,2425,Rayo Vallecano,Alfonso Espino,URU,DF,32,1992,16,9,833,9.3,0,1,1,0,0,0,4,0,0.0,0.11,0.11,0.0,0.11,ESP,2024-2025,standard,fbref_soccerdata,2026-08-10 21:46:50
ESP-La Liga,2425,Rayo Vallecano,Andrei Ratiu,ROU,"DF,MF",26,1998,35,34,3065,34.1,2,3,5,2,0,0,5,0,0.06,0.09,0.15,0.06,0.15,ESP,2024-2025,standard,fbref_soccerdata,2026-08-10 21:46:50
ESP-La Liga,2425,Rayo Vallecano,Aridane Hernández,ESP,DF,35,1989,14,11,1025,11.4,0,0,0,0,0,0,1,0,0.0,0.0,0.0,0.0,0.0,ESP,2024-2025,standard,fbref_soccerdata,2026-08-10 21:46:50
ESP-La Liga,2425,Rayo Vallecano,Augusto Batalla,ARG,GK,28,1996,32,32,2880,32.0,0,0,0,0,0,0,6,0,0.0,0.0,0.0,0.0,0.0,ESP,2024-2025,standard,fbref_soccerdata,2026-08-10 21:46:50
ESP-La Liga,2425,Rayo Vallecano,Dani Cárdenas,ESP,GK,27,1997,6,6,540,6.0,0,0,0,0,0,0,0,0,0.0,0.0,0.0,0.0,0.0,ESP,2024-2025,standard,fbref_soccerdata,2026-08-10 21:46:50
ESP-La Liga,2425,Rayo Vallecano,Etienne Eto'o,CMR,FW,21,2002,2,0,40,0.4,0,0,0,0,0,0,0,0,0.0,0.0,0.0,0.0,0.0,ESP,2024-2025,standard,fbref_soccerdata,2026-08-10 21:46:50
ESP-La Liga,2425,Rayo Vallecano,Florian Lejeune,FRA,DF,33,1991,37,37,3325,36.9,2,3,5,2,0,0,8,0,0.05,0.08,0.14,0.05,0.14,ESP,2024-2025,standard,fbref_soccerdata,2026-08-10 21:46:50
ESP-La Liga,2425,Rayo Vallecano,Gerard Gumbau,ESP,MF,29,1994,22,7,849,9.4,0,1,1,0,0,0,4,0,0.0,0.11,0.11,0.0,0.11,ESP,2024-2025,standard,fbref_soccerdata,2026-08-10 21:46:50
ESP-La Liga,2425,Rayo Vallecano,Isaac Palazón Camacho,ESP,"MF,FW",29,1994,35,25,2162,24.0,4,4,8,4,0,0,5,0,0.17,0.17,0.33,0.17,0.33,ESP,2024-2025,standard,fbref_soccerdata,2026-08-10 21:46:50
ESP-La Liga,2425,Rayo Vallecano,Iván Balliu,ALB,DF,32,1992,25,12,1200,13.3,0,0,0,0,0,0,3,0,0.0,0.0,0.0,0.0,0.0,ESP,2024-2025,standard,fbref_soccerdata,2026-08-10 21:46:50
ESP-La Liga,2425,Rayo Vallecano,James Rodríguez,COL,MF,33,1991,6,1,140,1.6,0,0,0,0,0,0,1,0,0.0,0.0,0.0,0.0,0.0,ESP,2024-2025,standard,fbref_soccerdata,2026-08-10 21:46:50
ESP-La Liga,2425,Rayo Vallecano,Jorge de Frutos,ESP,"MF,FW",27,1997,36,30,2495,27.7,6,3,9,6,0,0,3,1,0.22,0.11,0.32,0.22,0.32,ESP,2024-2025,standard,fbref_soccerdata,2026-08-10 21:46:50
ESP-La Liga,2425,Rayo Vallecano,Pathé Ciss,SEN,"MF,DF",30,1994,33,25,2140,23.8,4,1,5,4,0,0,12,0,0.17,0.04,0.21,0.17,0.21,ESP,2024-2025,standard,fbref_soccerdata,2026-08-10 21:46:50
ESP-La Liga,2425,Rayo Vallecano,Pedro Díaz,ESP,MF,26,1998,26,12,1211,13.5,3,0,3,3,0,1,2,0,0.22,0.0,0.22,0.22,0.22,ESP,2024-2025,standard,fbref_soccerdata,2026-08-10 21:46:50
ESP-La Liga,2425,Rayo Vallecano,Pelayo Fernandez,ESP,DF,21,2003,2,1,98,1.1,0,0,0,0,0,0,1,0,0.0,0.0,0.0,0.0,0.0,ESP,2024-2025,standard,fbref_soccerdata,2026-08-10 21:46:50
ESP-La Liga,2425,Rayo Vallecano,Pep Chavarría,ESP,DF,26,1998,34,28,2585,28.7,0,1,1,0,0,0,3,0,0.0,0.03,0.03,0.0,0.03,ESP,2024-2025,standard,fbref_soccerdata,2026-08-10 21:46:50
ESP-La Liga,2425,Rayo Vallecano,Randy Nteka,ANG,FW,26,1997,24,16,1129,12.5,3,0,3,3,0,0,6,0,0.24,0.0,0.24,0.24,0.24,ESP,2024-2025,standard,fbref_soccerdata,2026-08-10 21:46:50
ESP-La Liga,2425,Rayo Vallecano,Raúl de Tomás,ESP,FW,29,1994,2,0,22,0.2,0,0,0,0,0,0,0,0,0.0,0.0,0.0,0.0,0.0,ESP,2024-2025,standard,fbref_soccerdata,2026-08-10 21:46:50
ESP-La Liga,2425,Rayo Vallecano,Sergi Guardiola,ESP,FW,33,1991,16,1,362,4.0,0,0,0,0,0,0,1,0,0.0,0.0,0.0,0.0,0.0,ESP,2024-2025,standard,fbref_soccerdata,2026-08-10 21:46:50
ESP-La Liga,2425,Rayo Vallecano,Sergio Camello,ESP,FW,23,2001,23,14,1134,12.6,3,2,5,3,0,0,2,0,0.24,0.16,0.4,0.24,0.4,ESP,2024-2025,standard,fbref_soccerdata,2026-08-10 21:46:50
ESP-La Liga,2425,Rayo Vallecano,Unai López,ESP,MF,28,1995,32,23,1707,19.0,3,1,4,3,0,0,9,1,0.16,0.05,0.21,0.16,0.21,ESP,2024-2025,standard,fbref_soccerdata,2026-08-10 21:46:50
ESP-La Liga,2425,Rayo Vallecano,Álvaro García,ESP,"MF,FW",31,1992,36,28,2559,28.4,4,5,9,4,0,0,4,0,0.14,0.18,0.32,0.14,0.32,ESP,2024-2025,standard,fbref_soccerdata,2026-08-10 21:46:50
ESP-La Liga,2425,Rayo Vallecano,Óscar Trejo,ARG,MF,36,1988,19,6,496,5.5,1,0,1,1,0,0,1,0,0.18,0.0,0.18,0.18,0.18,ESP,2024-2025,standard,fbref_soccerdata,2026-08-10 21:46:50
ESP-La Liga,2425,Rayo Vallecano,Óscar Valentín,ESP,MF,29,1994,34,18,1835,20.4,0,0,0,0,0,0,5,0,0.0,0.0,0.0,0.0,0.0,ESP,2024-2025,standard,fbref_soccerdata,2026-08-10 21:46:50
ESP-La Liga,2425,Real Betis,Abde Ezzalzouli,MAR,MF,22,2001,32,23,1984,22.0,2,2,4,2,0,1,2,0,0.09,0.09,0.18,0.09,0.18,ESP,2024-2025,standard,fbref_soccerdata,2026-08-10 21:46:50
ESP-La Liga,2425,Real Betis,Adrián,ESP,GK,37,1987,19,19,1710,19.0,0,0,0,0,0,0,3,0,0.0,0.0,0.0,0.0,0.0,ESP,2024-2025,standard,fbref_soccerdata,2026-08-10 21:46:50
ESP-La Liga,2425,Real Betis,Aitor Ruibal,ESP,"DF,FW",28,1996,29,13,1313,14.6,1,3,4,1,0,0,5,0,0.07,0.21,0.27,0.07,0.27,ESP,2024-2025,standard,fbref_soccerdata,2026-08-10 21:46:50
ESP-La Liga,2425,Real Betis,Antony,BRA,MF,24,2000,17,15,1362,15.1,5,2,7,5,0,0,2,1,0.33,0.13,0.46,0.33,0.46,ESP,2024-2025,standard,fbref_soccerdata,2026-08-10 21:46:50
ESP-La Liga,2425,Real Betis,Assane Diao,SEN,FW,18,2005,10,2,277,3.1,1,2,3,1,0,0,0,0,0.32,0.65,0.97,0.32,0.97,ESP,2024-2025,standard,fbref_soccerdata,2026-08-10 21:46:50
ESP-La Liga,2425,Real Betis,Carlos Guirao,ESP,MF,21,2003,2,2,110,1.2,0,0,0,0,0,0,0,0,0.0,0.0,0.0,0.0,0.0,ESP,2024-2025,standard,fbref_soccerdata,2026-08-10 21:46:50
ESP-La Liga,2425,Real Betis,Cucho,COL,FW,25,1999,15,14,1139,12.7,5,1,6,5,0,0,0,0,0.4,0.08,0.47,0.4,0.47,ESP,2024-2025,standard,fbref_soccerdata,2026-08-10 21:46:50
ESP-La Liga,2425,Real Betis,Cédric Bakambu,COD,FW,33,1991,25,6,710,7.9,2,2,4,2,0,0,4,0,0.25,0.25,0.51,0.25,0.51,ESP,2024-2025,standard,fbref_soccerdata,2026-08-10 21:46:50
ESP-La Liga,2425,Real Betis,Diego Llorente,ESP,DF,30,1993,30,29,2519,28.0,2,0,2,2,0,0,4,0,0.07,0.0,0.07,0.07,0.07,ESP,2024-2025,standard,fbref_soccerdata,2026-08-10 21:46:50
ESP-La Liga,2425,Real Betis,Ezequiel Ávila,ARG,"MF,FW",30,1994,19,6,677,7.5,2,0,2,2,0,0,5,1,0.27,0.0,0.27,0.27,0.27,ESP,2024-2025,standard,fbref_soccerdata,2026-08-10 21:46:50
ESP-La Liga,2425,Real Betis,Fran Vieites,ESP,GK,25,1999,4,4,360,4.0,0,0,0,0,0,0,0,0,0.0,0.0,0.0,0.0,0.0,ESP,2024-2025,standard,fbref_soccerdata,2026-08-10 21:46:50
ESP-La Liga,2425,Real Betis,Giovani Lo Celso,ARG,MF,28,1996,25,15,1457,16.2,8,3,11,6,2,3,4,0,0.49,0.19,0.68,0.37,0.56,ESP,2024-2025,standard,fbref_soccerdata,2026-08-10 21:46:50
ESP-La Liga,2425,Real Betis,Héctor Bellerín,ESP,DF,29,1995,9,6,580,6.4,0,2,2,0,0,0,1,0,0.0,0.31,0.31,0.0,0.31,ESP,2024-2025,standard,fbref_soccerdata,2026-08-10 21:46:50
ESP-La Liga,2425,Real Betis,Iker Losada,ESP,MF,22,2001,10,3,336,3.7,0,0,0,0,0,0,0,0,0.0,0.0,0.0,0.0,0.0,ESP,2024-2025,standard,fbref_soccerdata,2026-08-10 21:46:50
ESP-La Liga,2425,Real Betis,Isco,ESP,MF,32,1992,22,17,1547,17.2,9,8,17,4,5,6,5,0,0.52,0.47,0.99,0.23,0.7,ESP,2024-2025,standard,fbref_soccerdata,2026-08-10 21:46:50
ESP-La Liga,2425,Real Betis,Jesus Rodríguez,ESP,MF,18,2005,21,15,1111,12.3,2,0,2,2,0,0,0,0,0.16,0.0,0.16,0.16,0.16,ESP,2024-2025,standard,fbref_soccerdata,2026-08-10 21:46:50
ESP-La Liga,2425,Real Betis,Johnny Cardoso,USA,MF,22,2001,28,24,2144,23.8,3,1,4,3,0,0,4,0,0.13,0.04,0.17,0.13,0.17,ESP,2024-2025,standard,fbref_soccerdata,2026-08-10 21:46:50
ESP-La Liga,2425,Real Betis,Juanmi,ESP,MF,31,1993,11,2,244,2.7,0,0,0,0,0,0,2,0,0.0,0.0,0.0,0.0,0.0,ESP,2024-2025,standard,fbref_soccerdata,2026-08-10 21:46:50
ESP-La Liga,2425,Real Betis,Marc Bartra,ESP,DF,33,1991,25,23,2099,23.3,2,1,3,2,0,0,2,0,0.09,0.04,0.13,0.09,0.13,ESP,2024-2025,standard,fbref_soccerdata,2026-08-10 21:46:50
ESP-La Liga,2425,Real Betis,Marc Roca,ESP,MF,27,1996,14,11,906,10.1,2,2,4,2,0,0,4,0,0.2,0.2,0.4,0.2,0.4,ESP,2024-2025,standard,fbref_soccerdata,2026-08-10 21:46:50
ESP-La Liga,2425,Real Betis,Mateo Flores,ESP,MF,20,2004,6,1,153,1.7,0,0,0,0,0,0,1,0,0.0,0.0,0.0,0.0,0.0,ESP,2024-2025,standard,fbref_soccerdata,2026-08-10 21:46:50
ESP-La Liga,2425,Real Betis,Nabil Fekir,FRA,MF,31,1993,2,2,180,2.0,0,1,1,0,0,0,0,0,0.0,0.5,0.5,0.0,0.5,ESP,2024-2025,standard,fbref_soccerdata,2026-08-10 21:46:50
ESP-La Liga,2425,Real Betis,Natan,BRA,DF,23,2001,31,23,2175,24.2,1,1,2,1,0,0,5,1,0.04,0.04,0.08,0.04,0.08,ESP,2024-2025,standard,fbref_soccerdata,2026-08-10 21:46:50
ESP-La Liga,2425,Real Betis,Nobel Mendy,SEN,DF,19,2004,2,1,108,1.2,0,0,0,0,0,0,1,0,0.0,0.0,0.0,0.0,0.0,ESP,2024-2025,standard,fbref_soccerdata,2026-08-10 21:46:50
ESP-La Liga,2425,Real Betis,Pablo Fornals,ESP,MF,28,1996,26,22,1827,20.3,2,0,2,2,0,0,2,0,0.1,0.0,0.1,0.1,0.1,ESP,2024-2025,standard,fbref_soccerdata,2026-08-10 21:46:50
ESP-La Liga,2425,Real Betis,Pablo Garcia,ESP,FW,18,2006,3,0,38,0.4,0,0,0,0,0,0,0,0,0.0,0.0,0.0,0.0,0.0,ESP,2024-2025,standard,fbref_soccerdata,2026-08-10 21:46:50
ESP-La Liga,2425,Real Betis,Ricardo Rodríguez,SUI,DF,31,1992,18,15,1274,14.2,0,1,1,0,0,0,0,0,0.0,0.07,0.07,0.0,0.07,ESP,2024-2025,standard,fbref_soccerdata,2026-08-10 21:46:50
ESP-La Liga,2425,Real Betis,Rodri,ESP,MF,24,2000,3,1,118,1.3,0,0,0,0,0,0,0,0,0.0,0.0,0.0,0.0,0.0,ESP,2024-2025,standard,fbref_soccerdata,2026-08-10 21:46:50
ESP-La Liga,2425,Real Betis,Romain Perraud,FRA,DF,26,1997,28,22,2002,22.2,2,2,4,2,0,0,8,1,0.09,0.09,0.18,0.09,0.18,ESP,2024-2025,standard,fbref_soccerdata,2026-08-10 21:46:50
ESP-La Liga,2425,Real Betis,Rui Silva,POR,GK,30,1994,15,15,1350,15.0,0,0,0,0,0,0,1,0,0.0,0.0,0.0,0.0,0.0,ESP,2024-2025,standard,fbref_soccerdata,2026-08-10 21:46:50
ESP-La Liga,2425,Real Betis,Sergi Altimira,ESP,MF,22,2001,32,22,1972,21.9,0,1,1,0,0,0,4,0,0.0,0.05,0.05,0.0,0.05,ESP,2024-2025,standard,fbref_soccerdata,2026-08-10 21:46:50
ESP-La Liga,2425,Real Betis,Sergio Arribas,ESP,DF,21,2003,1,1,90,1.0,0,0,0,0,0,0,0,0,0.0,0.0,0.0,0.0,0.0,ESP,2024-2025,standard,fbref_soccerdata,2026-08-10 21:46:50
ESP-La Liga,2425,Real Betis,Vitor Roque,BRA,FW,19,2005,22,14,1235,13.7,4,0,4,4,0,0,4,0,0.29,0.0,0.29,0.29,0.29,ESP,2024-2025,standard,fbref_soccerdata,2026-08-10 21:46:50
ESP-La Liga,2425,Real Betis,William Carvalho,POR,MF,32,1992,14,6,484,5.4,0,0,0,0,0,0,1,0,0.0,0.0,0.0,0.0,0.0,ESP,2024-2025,standard,fbref_soccerdata,2026-08-10 21:46:50
ESP-La Liga,2425,Real Betis,Youssouf Sabaly,SEN,DF,31,1993,22,20,1581,17.6,0,1,1,0,0,0,1,0,0.0,0.06,0.06,0.0,0.06,ESP,2024-2025,standard,fbref_soccerdata,2026-08-10 21:46:50
ESP-La Liga,2425,Real Betis,Ángel Ortíz,ESP,DF,20,2004,5,4,353,3.9,0,1,1,0,0,0,0,0,0.0,0.25,0.25,0.0,0.25,ESP,2024-2025,standard,fbref_soccerdata,2026-08-10 21:46:50
ESP-La Liga,2425,Real Madrid,Andriy Lunin,UKR,GK,25,1999,7,7,630,7.0,0,1,1,0,0,0,0,0,0.0,0.14,0.14,0.0,0.14,ESP,2024-2025,standard,fbref_soccerdata,2026-08-10 21:46:50
ESP-La Liga,2425,Real Madrid,Antonio Rüdiger,GER,DF,31,1993,29,26,2291,25.5,0,0,0,0,0,0,3,0,0.0,0.0,0.0,0.0,0.0,ESP,2024-2025,standard,fbref_soccerdata,2026-08-10 21:46:50
ESP-La Liga,2425,Real Madrid,Arda Güler,TUR,"MF,FW",19,2005,28,14,1250,13.9,3,4,7,3,0,0,1,0,0.22,0.29,0.5,0.22,0.5,ESP,2024-2025,standard,fbref_soccerdata,2026-08-10 21:46:50
ESP-La Liga,2425,Real Madrid,Aurélien Tchouaméni,FRA,"DF,MF",24,2000,32,31,2689,29.9,0,0,0,0,0,0,5,0,0.0,0.0,0.0,0.0,0.0,ESP,2024-2025,standard,fbref_soccerdata,2026-08-10 21:46:50
ESP-La Liga,2425,Real Madrid,Brahim Díaz,MAR,"MF,FW",24,1999,31,16,1385,15.4,4,2,6,4,0,0,0,0,0.26,0.13,0.39,0.26,0.39,ESP,2024-2025,standard,fbref_soccerdata,2026-08-10 21:46:50
ESP-La Liga,2425,Real Madrid,Chema,ESP,MF,19,2005,2,0,12,0.1,0,0,0,0,0,0,0,0,0.0,0.0,0.0,0.0,0.0,ESP,2024-2025,standard,fbref_soccerdata,2026-08-10 21:46:50
ESP-La Liga,2425,Real Madrid,Dani Carvajal,ESP,DF,32,1992,8,7,609,6.8,1,0,1,1,0,0,1,0,0.15,0.0,0.15,0.15,0.15,ESP,2024-2025,standard,fbref_soccerdata,2026-08-10 21:46:50
ESP-La Liga,2425,Real Madrid,Dani Ceballos,ESP,MF,27,1996,23,15,1215,13.5,0,0,0,0,0,0,4,0,0.0,0.0,0.0,0.0,0.0,ESP,2024-2025,standard,fbref_soccerdata,2026-08-10 21:46:50
ESP-La Liga,2425,Real Madrid,Daniel Yáñez,ESP,MF,17,2007,1,0,2,0.0,0,0,0,0,0,0,0,0,0.0,0.0,0.0,0.0,0.0,ESP,2024-2025,standard,fbref_soccerdata,2026-08-10 21:46:50
ESP-La Liga,2425,Real Madrid,David Alaba,AUT,DF,32,1992,7,4,317,3.5,0,0,0,0,0,0,1,0,0.0,0.0,0.0,0.0,0.0,ESP,2024-2025,standard,fbref_soccerdata,2026-08-10 21:46:50
ESP-La Liga,2425,Real Madrid,Eduardo Camavinga,FRA,"MF,DF",21,2002,19,11,1102,12.2,1,2,3,1,0,0,2,0,0.08,0.16,0.25,0.08,0.25,ESP,2024-2025,standard,fbref_soccerdata,2026-08-10 21:46:50
ESP-La Liga,2425,Real Madrid,Endrick,BRA,FW,18,2006,22,3,363,4.0,1,0,1,1,0,0,1,0,0.25,0.0,0.25,0.25,0.25,ESP,2024-2025,standard,fbref_soccerdata,2026-08-10 21:46:50
ESP-La Liga,2425,Real Madrid,Federico Valverde,URU,"MF,DF",26,1998,36,34,3032,33.7,6,4,10,6,0,0,4,0,0.18,0.12,0.3,0.18,0.3,ESP,2024-2025,standard,fbref_soccerdata,2026-08-10 21:46:50
ESP-La Liga,2425,Real Madrid,Ferland Mendy,FRA,DF,29,1995,14,12,1005,11.2,0,1,1,0,0,0,1,1,0.0,0.09,0.09,0.0,0.09,ESP,2024-2025,standard,fbref_soccerdata,2026-08-10 21:46:50
ESP-La Liga,2425,Real Madrid,Fran,ESP,GK,19,2005,1,1,90,1.0,0,0,0,0,0,0,0,0,0.0,0.0,0.0,0.0,0.0,ESP,2024-2025,standard,fbref_soccerdata,2026-08-10 21:46:50
ESP-La Liga,2425,Real Madrid,Fran Garcia,ESP,DF,24,1999,31,24,2171,24.1,0,2,2,0,0,0,0,0,0.0,0.08,0.08,0.0,0.08,ESP,2024-2025,standard,fbref_soccerdata,2026-08-10 21:46:50
ESP-La Liga,2425,Real Madrid,Gonzalo García,ESP,FW,20,2004,3,0,56,0.6,0,1,1,0,0,0,0,0,0.0,1.61,1.61,0.0,1.61,ESP,2024-2025,standard,fbref_soccerdata,2026-08-10 21:46:50
ESP-La Liga,2425,Real Madrid,Jacobo Ramón,ESP,DF,19,2005,3,2,204,2.3,1,0,1,1,0,0,1,0,0.44,0.0,0.44,0.44,0.44,ESP,2024-2025,standard,fbref_soccerdata,2026-08-10 21:46:50
ESP-La Liga,2425,Real Madrid,Jesús Vallejo,ESP,DF,27,1997,4,1,138,1.5,0,1,1,0,0,0,0,0,0.0,0.65,0.65,0.0,0.65,ESP,2024-2025,standard,fbref_soccerdata,2026-08-10 21:46:50
ESP-La Liga,2425,Real Madrid,Jude Bellingham,ENG,MF,21,2003,31,29,2488,27.6,9,8,17,8,1,2,5,1,0.33,0.29,0.61,0.29,0.58,ESP,2024-2025,standard,fbref_soccerdata,2026-08-10 21:46:50
ESP-La Liga,2425,Real Madrid,Kylian Mbappé,FRA,FW,25,1998,34,34,2907,32.3,31,3,34,24,7,9,3,1,0.96,0.09,1.05,0.74,0.84,ESP,2024-2025,standard,fbref_soccerdata,2026-08-10 21:46:50
ESP-La Liga,2425,Real Madrid,Lorenzo Aguado,ESP,DF,21,2002,2,0,5,0.1,0,0,0,0,0,0,0,0,0.0,0.0,0.0,0.0,0.0,ESP,2024-2025,standard,fbref_soccerdata,2026-08-10 21:46:50
ESP-La Liga,2425,Real Madrid,Lucas Vázquez,ESP,DF,33,1991,32,25,2189,24.3,1,5,6,1,0,0,4,0,0.04,0.21,0.25,0.04,0.25,ESP,2024-2025,standard,fbref_soccerdata,2026-08-10 21:46:50
ESP-La Liga,2425,Real Madrid,Luka Modrić,CRO,MF,38,1985,35,17,1827,20.3,2,6,8,2,0,0,7,0,0.1,0.3,0.39,0.1,0.39,ESP,2024-2025,standard,fbref_soccerdata,2026-08-10 21:46:50
ESP-La Liga,2425,Real Madrid,Raúl Asencio,ESP,DF,21,2003,23,18,1670,18.6,0,1,1,0,0,0,3,0,0.0,0.05,0.05,0.0,0.05,ESP,2024-2025,standard,fbref_soccerdata,2026-08-10 21:46:50
ESP-La Liga,2425,Real Madrid,Rodrygo,BRA,"MF,FW",23,2001,30,22,1928,21.4,6,5,11,6,0,0,0,0,0.28,0.23,0.51,0.28,0.51,ESP,2024-2025,standard,fbref_soccerdata,2026-08-10 21:46:50
ESP-La Liga,2425,Real Madrid,Thibaut Courtois,BEL,GK,32,1992,30,30,2700,30.0,0,0,0,0,0,0,1,0,0.0,0.0,0.0,0.0,0.0,ESP,2024-2025,standard,fbref_soccerdata,2026-08-10 21:46:50
ESP-La Liga,2425,Real Madrid,Vinicius Júnior,BRA,"FW,MF",24,2000,30,24,2253,25.0,11,8,19,9,2,3,8,1,0.44,0.32,0.76,0.36,0.68,ESP,2024-2025,standard,fbref_soccerdata,2026-08-10 21:46:50
ESP-La Liga,2425,Real Madrid,Víctor Muñoz,ESP,MF,21,2003,2,0,36,0.4,0,0,0,0,0,0,0,0,0.0,0.0,0.0,0.0,0.0,ESP,2024-2025,standard,fbref_soccerdata,2026-08-10 21:46:50
ESP-La Liga,2425,Real Madrid,Éder Militão,BRA,DF,26,1998,12,11,938,10.4,1,1,2,1,0,0,2,0,0.1,0.1,0.19,0.1,0.19,ESP,2024-2025,standard,fbref_soccerdata,2026-08-10 21:46:50
ESP-La Liga,2425,Real Sociedad,Aihen Muñoz,ESP,DF,26,1997,21,13,1098,12.2,0,0,0,0,0,0,5,0,0.0,0.0,0.0,0.0,0.0,ESP,2024-2025,standard,fbref_soccerdata,2026-08-10 21:46:50
ESP-La Liga,2425,Real Sociedad,Ander Barrenetxea,ESP,MF,22,2001,30,14,1263,14.0,1,3,4,1,0,0,6,0,0.07,0.21,0.29,0.07,0.29,ESP,2024-2025,standard,fbref_soccerdata,2026-08-10 21:46:50
ESP-La Liga,2425,Real Sociedad,Aritz Elustondo,ESP,DF,30,1994,22,16,1457,16.2,0,0,0,0,0,0,2,1,0.0,0.0,0.0,0.0,0.0,ESP,2024-2025,standard,fbref_soccerdata,2026-08-10 21:46:50
ESP-La Liga,2425,Real Sociedad,Arkaitz Mariezkurrena,ESP,FW,19,2005,9,1,241,2.7,2,0,2,2,0,0,1,0,0.75,0.0,0.75,0.75,0.75,ESP,2024-2025,standard,fbref_soccerdata,2026-08-10 21:46:50
ESP-La Liga,2425,Real Sociedad,Arsen Zakharyan,RUS,MF,21,2003,3,1,73,0.8,1,0,1,1,0,0,0,0,1.23,0.0,1.23,1.23,1.23,ESP,2024-2025,standard,fbref_soccerdata,2026-08-10 21:46:50
ESP-La Liga,2425,Real Sociedad,Beñat Turrientes,ESP,MF,22,2002,21,11,942,10.5,0,0,0,0,0,0,4,0,0.0,0.0,0.0,0.0,0.0,ESP,2024-2025,standard,fbref_soccerdata,2026-08-10 21:46:50
ESP-La Liga,2425,Real Sociedad,Brais Méndez,ESP,"MF,FW",27,1997,27,19,1531,17.0,3,2,5,3,0,0,4,0,0.18,0.12,0.29,0.18,0.29,ESP,2024-2025,standard,fbref_soccerdata,2026-08-10 21:46:50
ESP-La Liga,2425,Real Sociedad,Daniel Díaz,ESP,FW,18,2006,1,0,10,0.1,0,0,0,0,0,0,0,0,0.0,0.0,0.0,0.0,0.0,ESP,2024-2025,standard,fbref_soccerdata,2026-08-10 21:46:50
ESP-La Liga,2425,Real Sociedad,Hamari Traoré,MLI,DF,32,1992,11,9,700,7.8,0,1,1,0,0,0,2,0,0.0,0.13,0.13,0.0,0.13,ESP,2024-2025,standard,fbref_soccerdata,2026-08-10 21:46:50
ESP-La Liga,2425,Real Sociedad,Igor Zubeldia,ESP,DF,27,1997,28,27,2269,25.2,0,0,0,0,0,0,6,1,0.0,0.0,0.0,0.0,0.0,ESP,2024-2025,standard,fbref_soccerdata,2026-08-10 21:46:50
ESP-La Liga,2425,Real Sociedad,Javi López,ESP,DF,22,2002,29,21,1936,21.5,0,0,0,0,0,0,4,0,0.0,0.0,0.0,0.0,0.0,ESP,2024-2025,standard,fbref_soccerdata,2026-08-10 21:46:50
ESP-La Liga,2425,Real Sociedad,Jon Aramburu,VEN,DF,22,2002,35,28,2460,27.3,1,1,2,1,0,0,8,0,0.04,0.04,0.07,0.04,0.07,ESP,2024-2025,standard,fbref_soccerdata,2026-08-10 21:46:50
ESP-La Liga,2425,Real Sociedad,Jon Magunazelaia,ESP,MF,23,2001,2,0,7,0.1,0,0,0,0,0,0,0,0,0.0,0.0,0.0,0.0,0.0,ESP,2024-2025,standard,fbref_soccerdata,2026-08-10 21:46:50
ESP-La Liga,2425,Real Sociedad,Jon Martin,ESP,DF,18,2006,13,6,904,10.0,0,1,1,0,0,0,2,0,0.0,0.1,0.1,0.0,0.1,ESP,2024-2025,standard,fbref_soccerdata,2026-08-10 21:46:50
ESP-La Liga,2425,Real Sociedad,Jon Pacheco,ESP,DF,23,2001,14,9,854,9.5,0,0,0,0,0,0,3,0,0.0,0.0,0.0,0.0,0.0,ESP,2024-2025,standard,fbref_soccerdata,2026-08-10 21:46:50
ESP-La Liga,2425,Real Sociedad,Luka Sučić,CRO,MF,21,2002,29,21,1792,19.9,1,1,2,1,0,0,4,0,0.05,0.05,0.1,0.05,0.1,ESP,2024-2025,standard,fbref_soccerdata,2026-08-10 21:46:50
ESP-La Liga,2425,Real Sociedad,Luken Beitia,ESP,DF,20,2004,1,0,8,0.1,0,0,0,0,0,0,0,0,0.0,0.0,0.0,0.0,0.0,ESP,2024-2025,standard,fbref_soccerdata,2026-08-10 21:46:50
ESP-La Liga,2425,Real Sociedad,Martín Zubimendi,ESP,MF,25,1999,36,33,2962,32.9,2,1,3,2,0,0,6,0,0.06,0.03,0.09,0.06,0.09,ESP,2024-2025,standard,fbref_soccerdata,2026-08-10 21:46:50
ESP-La Liga,2425,Real Sociedad,Mikel Oyarzabal,ESP,FW,27,1997,35,28,2250,25.0,9,3,12,5,4,4,4,1,0.36,0.12,0.48,0.2,0.32,ESP,2024-2025,standard,fbref_soccerdata,2026-08-10 21:46:50
ESP-La Liga,2425,Real Sociedad,Nayef Aguerd,MAR,DF,28,1996,21,21,1760,19.6,0,0,0,0,0,0,5,0,0.0,0.0,0.0,0.0,0.0,ESP,2024-2025,standard,fbref_soccerdata,2026-08-10 21:46:50
ESP-La Liga,2425,Real Sociedad,Olasagasti,ESP,MF,23,2000,22,7,857,9.5,1,1,2,1,0,0,2,0,0.11,0.11,0.21,0.11,0.21,ESP,2024-2025,standard,fbref_soccerdata,2026-08-10 21:46:50
ESP-La Liga,2425,Real Sociedad,Orri Steinn Óskarsson,ISL,FW,19,2004,23,9,944,10.5,3,0,3,3,0,0,1,0,0.29,0.0,0.29,0.29,0.29,ESP,2024-2025,standard,fbref_soccerdata,2026-08-10 21:46:50
ESP-La Liga,2425,Real Sociedad,Pablo Marín,ESP,MF,21,2003,23,14,1239,13.8,1,2,3,1,0,0,3,0,0.07,0.15,0.22,0.07,0.22,ESP,2024-2025,standard,fbref_soccerdata,2026-08-10 21:46:50
ESP-La Liga,2425,Real Sociedad,Sergio Gómez,ESP,MF,23,2000,37,31,2738,30.4,2,5,7,2,0,0,4,0,0.07,0.16,0.23,0.07,0.23,ESP,2024-2025,standard,fbref_soccerdata,2026-08-10 21:46:50
ESP-La Liga,2425,Real Sociedad,Sheraldo Becker,SUR,"MF,FW",29,1995,22,11,995,11.1,2,1,3,2,0,0,1,1,0.18,0.09,0.27,0.18,0.27,ESP,2024-2025,standard,fbref_soccerdata,2026-08-10 21:46:50
ESP-La Liga,2425,Real Sociedad,Takefusa Kubo,JPN,"MF,FW",23,2001,36,27,2372,26.4,5,0,5,5,0,0,5,0,0.19,0.0,0.19,0.19,0.19,ESP,2024-2025,standard,fbref_soccerdata,2026-08-10 21:46:50
ESP-La Liga,2425,Real Sociedad,Umar Sadiq,NGA,FW,27,1997,7,2,227,2.5,0,0,0,0,0,0,1,0,0.0,0.0,0.0,0.0,0.0,ESP,2024-2025,standard,fbref_soccerdata,2026-08-10 21:46:50
ESP-La Liga,2425,Real Sociedad,Unai Marrero,ESP,GK,22,2001,2,2,180,2.0,0,0,0,0,0,0,0,0,0.0,0.0,0.0,0.0,0.0,ESP,2024-2025,standard,fbref_soccerdata,2026-08-10 21:46:50
ESP-La Liga,2425,Real Sociedad,Urko González,ESP,MF,23,2001,1,1,45,0.5,0,0,0,0,0,0,1,0,0.0,0.0,0.0,0.0,0.0,ESP,2024-2025,standard,fbref_soccerdata,2026-08-10 21:46:50
ESP-La Liga,2425,Real Sociedad,Álex Remiro,ESP,GK,29,1995,36,36,3240,36.0,0,0,0,0,0,0,0,0,0.0,0.0,0.0,0.0,0.0,ESP,2024-2025,standard,fbref_soccerdata,2026-08-10 21:46:50
ESP-La Liga,2425,Real Sociedad,Álvaro Odriozola,ESP,DF,28,1995,2,0,43,0.5,0,0,0,0,0,0,1,0,0.0,0.0,0.0,0.0,0.0,ESP,2024-2025,standard,fbref_soccerdata,2026-08-10 21:46:50
ESP-La Liga,2425,Sevilla,Adrià Pedrosa,ESP,DF,26,1998,31,27,2298,25.5,1,1,2,1,0,0,7,0,0.04,0.04,0.08,0.04,0.08,ESP,2024-2025,standard,fbref_soccerdata,2026-08-10 21:46:50
ESP-La Liga,2425,Sevilla,Akor Adams,NGA,FW,24,2000,4,1,134,1.5,0,0,0,0,0,0,0,0,0.0,0.0,0.0,0.0,0.0,ESP,2024-2025,standard,fbref_soccerdata,2026-08-10 21:46:50
ESP-La Liga,2425,Sevilla,Albert Sambi Lokonga,BEL,MF,24,1999,22,16,1471,16.3,0,2,2,0,0,0,4,0,0.0,0.12,0.12,0.0,0.12,ESP,2024-2025,standard,fbref_soccerdata,2026-08-10 21:46:50
ESP-La Liga,2425,Sevilla,Carmona,ESP,DF,22,2002,35,35,2942,32.7,0,0,0,0,0,0,11,0,0.0,0.0,0.0,0.0,0.0,ESP,2024-2025,standard,fbref_soccerdata,2026-08-10 21:46:50
ESP-La Liga,2425,Sevilla,Chidera Ejuke,NGA,"MF,FW",26,1998,25,9,966,10.7,2,1,3,2,0,0,0,0,0.19,0.09,0.28,0.19,0.28,ESP,2024-2025,standard,fbref_soccerdata,2026-08-10 21:46:50
ESP-La Liga,2425,Sevilla,Darío Fuentes,ESP,DF,21,2003,1,0,5,0.1,0,0,0,0,0,0,1,0,0.0,0.0,0.0,0.0,0.0,ESP,2024-2025,standard,fbref_soccerdata,2026-08-10 21:46:50
ESP-La Liga,2425,Sevilla,Diego Iturralde,ESP,MF,21,2003,1,1,37,0.4,0,0,0,0,0,0,0,0,0.0,0.0,0.0,0.0,0.0,ESP,2024-2025,standard,fbref_soccerdata,2026-08-10 21:46:50
ESP-La Liga,2425,Sevilla,Djibril Sow,SUI,MF,27,1997,30,24,2062,22.9,2,1,3,2,0,0,5,0,0.09,0.04,0.13,0.09,0.13,ESP,2024-2025,standard,fbref_soccerdata,2026-08-10 21:46:50
ESP-La Liga,2425,Sevilla,Dodi Lukebakio,BEL,"MF,FW",26,1997,38,36,3092,34.4,11,2,13,10,1,1,3,1,0.32,0.06,0.38,0.29,0.35,ESP,2024-2025,standard,fbref_soccerdata,2026-08-10 21:46:50
ESP-La Liga,2425,Sevilla,Gonzalo Montiel,ARG,DF,27,1997,6,1,113,1.3,0,0,0,0,0,0,1,0,0.0,0.0,0.0,0.0,0.0,ESP,2024-2025,standard,fbref_soccerdata,2026-08-10 21:46:50
ESP-La Liga,2425,Sevilla,Isaac Romero,ESP,FW,24,2000,31,26,2156,24.0,4,2,6,4,0,1,10,1,0.17,0.08,0.25,0.17,0.25,ESP,2024-2025,standard,fbref_soccerdata,2026-08-10 21:46:50
ESP-La Liga,2425,Sevilla,Israel Domínguez,ESP,MF,21,2003,1,0,18,0.2,0,0,0,0,0,0,0,0,0.0,0.0,0.0,0.0,0.0,ESP,2024-2025,standard,fbref_soccerdata,2026-08-10 21:46:50
ESP-La Liga,2425,Sevilla,Jesús Navas,ESP,"MF,FW",38,1985,15,3,424,4.7,1,0,1,1,0,0,0,0,0.21,0.0,0.21,0.21,0.21,ESP,2024-2025,standard,fbref_soccerdata,2026-08-10 21:46:50
ESP-La Liga,2425,Sevilla,Juanlu Sánchez,ESP,"MF,DF",20,2003,32,18,1722,19.1,4,4,8,4,0,0,6,1,0.21,0.21,0.42,0.21,0.42,ESP,2024-2025,standard,fbref_soccerdata,2026-08-10 21:46:50
ESP-La Liga,2425,Sevilla,Kelechi Iheanacho,NGA,FW,27,1996,9,5,400,4.4,0,0,0,0,0,0,0,0,0.0,0.0,0.0,0.0,0.0,ESP,2024-2025,standard,fbref_soccerdata,2026-08-10 21:46:50
ESP-La Liga,2425,Sevilla,Kike Salas,ESP,DF,22,2002,31,25,2238,24.9,3,2,5,3,0,0,6,0,0.12,0.08,0.2,0.12,0.2,ESP,2024-2025,standard,fbref_soccerdata,2026-08-10 21:46:50
ESP-La Liga,2425,Sevilla,Leandro Antonetti,PUR,FW,21,2003,2,0,28,0.3,0,0,0,0,0,0,0,0,0.0,0.0,0.0,0.0,0.0,ESP,2024-2025,standard,fbref_soccerdata,2026-08-10 21:46:50
ESP-La Liga,2425,Sevilla,Loïc Bade,FRA,DF,24,2000,32,31,2686,29.8,1,1,2,1,0,0,7,1,0.03,0.03,0.07,0.03,0.07,ESP,2024-2025,standard,fbref_soccerdata,2026-08-10 21:46:50
ESP-La Liga,2425,Sevilla,Lucas Ocampos,ARG,"MF,FW",30,1994,2,2,175,1.9,0,1,1,0,0,0,0,0,0.0,0.51,0.51,0.0,0.51,ESP,2024-2025,standard,fbref_soccerdata,2026-08-10 21:46:50
ESP-La Liga,2425,Sevilla,Lucien Agoume,FRA,MF,22,2002,35,24,2114,23.5,1,3,4,1,0,0,5,1,0.04,0.13,0.17,0.04,0.17,ESP,2024-2025,standard,fbref_soccerdata,2026-08-10 21:46:50
ESP-La Liga,2425,Sevilla,Manu Bueno,ESP,MF,20,2004,9,1,140,1.6,1,0,1,1,0,0,0,0,0.64,0.0,0.64,0.64,0.64,ESP,2024-2025,standard,fbref_soccerdata,2026-08-10 21:46:50
ESP-La Liga,2425,Sevilla,Marcão,BRA,DF,28,1996,12,6,552,6.1,0,0,0,0,0,0,6,1,0.0,0.0,0.0,0.0,0.0,ESP,2024-2025,standard,fbref_soccerdata,2026-08-10 21:46:50
ESP-La Liga,2425,Sevilla,Mateo Mejía,ESP,FW,21,2003,1,0,11,0.1,0,0,0,0,0,0,0,0,0.0,0.0,0.0,0.0,0.0,ESP,2024-2025,standard,fbref_soccerdata,2026-08-10 21:46:50
ESP-La Liga,2425,Sevilla,Nemanja Gudelj,SRB,"MF,DF",32,1991,31,27,2493,27.7,1,1,2,0,1,1,6,0,0.04,0.04,0.07,0.0,0.04,ESP,2024-2025,standard,fbref_soccerdata,2026-08-10 21:46:50
ESP-La Liga,2425,Sevilla,Peque,ESP,"MF,FW",21,2002,26,14,1134,12.6,1,1,2,1,0,0,1,0,0.08,0.08,0.16,0.08,0.16,ESP,2024-2025,standard,fbref_soccerdata,2026-08-10 21:46:50
ESP-La Liga,2425,Sevilla,Ramón Martínez,ESP,DF,21,2002,5,2,261,2.9,1,0,1,1,0,0,0,0,0.34,0.0,0.34,0.34,0.34,ESP,2024-2025,standard,fbref_soccerdata,2026-08-10 21:46:50
ESP-La Liga,2425,Sevilla,Ruben Vargas,SUI,"MF,FW",25,1998,11,9,671,7.5,2,1,3,2,0,0,0,0,0.27,0.13,0.4,0.27,0.4,ESP,2024-2025,standard,fbref_soccerdata,2026-08-10 21:46:50
ESP-La Liga,2425,Sevilla,Saúl Ñíguez,ESP,MF,29,1994,24,17,1553,17.3,1,6,7,1,0,0,8,1,0.06,0.35,0.41,0.06,0.41,ESP,2024-2025,standard,fbref_soccerdata,2026-08-10 21:46:50
ESP-La Liga,2425,Sevilla,Stanis Idumbo,BEL,MF,19,2005,14,3,284,3.2,1,1,2,1,0,0,0,0,0.32,0.32,0.63,0.32,0.63,ESP,2024-2025,standard,fbref_soccerdata,2026-08-10 21:46:50
ESP-La Liga,2425,Sevilla,Suso,ESP,"MF,FW",30,1993,16,4,606,6.7,0,2,2,0,0,0,3,0,0.0,0.3,0.3,0.0,0.3,ESP,2024-2025,standard,fbref_soccerdata,2026-08-10 21:46:50
ESP-La Liga,2425,Sevilla,Tanguy Nianzou,FRA,DF,22,2002,6,6,518,5.8,0,0,0,0,0,0,3,1,0.0,0.0,0.0,0.0,0.0,ESP,2024-2025,standard,fbref_soccerdata,2026-08-10 21:46:50
ESP-La Liga,2425,Sevilla,Valentín Barco,ARG,DF,20,2004,7,3,288,3.2,0,0,0,0,0,0,0,0,0.0,0.0,0.0,0.0,0.0,ESP,2024-2025,standard,fbref_soccerdata,2026-08-10 21:46:50
ESP-La Liga,2425,Sevilla,Álvaro Fernández,ESP,GK,26,1998,9,8,747,8.3,0,0,0,0,0,0,2,0,0.0,0.0,0.0,0.0,0.0,ESP,2024-2025,standard,fbref_soccerdata,2026-08-10 21:46:50
ESP-La Liga,2425,Sevilla,Álvaro Pascual,ESP,FW,22,2002,8,4,408,4.5,1,0,1,1,0,0,1,0,0.22,0.0,0.22,0.22,0.22,ESP,2024-2025,standard,fbref_soccerdata,2026-08-10 21:46:50
ESP-La Liga,2425,Sevilla,Ørjan Nyland,NOR,GK,33,1990,30,30,2673,29.7,0,0,0,0,0,0,2,0,0.0,0.0,0.0,0.0,0.0,ESP,2024-2025,standard,fbref_soccerdata,2026-08-10 21:46:50
ESP-La Liga,2425,Valencia,Alberto Marí,ESP,FW,23,2001,1,0,7,0.1,0,0,0,0,0,0,0,0,0.0,0.0,0.0,0.0,0.0,ESP,2024-2025,standard,fbref_soccerdata,2026-08-10 21:46:50
ESP-La Liga,2425,Valencia,André Almeida,POR,"MF,FW",24,2000,34,24,1977,22.0,0,4,4,0,0,0,2,0,0.0,0.18,0.18,0.0,0.18,ESP,2024-2025,standard,fbref_soccerdata,2026-08-10 21:46:50
ESP-La Liga,2425,Valencia,Cristhian Mosquera,ESP,DF,20,2004,37,37,3319,36.9,1,0,1,1,0,0,6,0,0.03,0.0,0.03,0.03,0.03,ESP,2024-2025,standard,fbref_soccerdata,2026-08-10 21:46:50
ESP-La Liga,2425,Valencia,César Tárrega,ESP,DF,22,2002,34,34,3026,33.6,2,0,2,2,0,0,7,0,0.06,0.0,0.06,0.06,0.06,ESP,2024-2025,standard,fbref_soccerdata,2026-08-10 21:46:50
ESP-La Liga,2425,Valencia,Dani Gómez,ESP,FW,26,1998,14,5,532,5.9,2,0,2,2,0,0,0,0,0.34,0.0,0.34,0.34,0.34,ESP,2024-2025,standard,fbref_soccerdata,2026-08-10 21:46:50
ESP-La Liga,2425,Valencia,David Otorbi,ESP,FW,16,2007,1,0,14,0.2,0,0,0,0,0,0,0,0,0.0,0.0,0.0,0.0,0.0,ESP,2024-2025,standard,fbref_soccerdata,2026-08-10 21:46:50
ESP-La Liga,2425,Valencia,Diego López,ESP,MF,22,2002,38,35,2737,30.4,8,5,13,8,0,0,3,0,0.26,0.16,0.43,0.26,0.43,ESP,2024-2025,standard,fbref_soccerdata,2026-08-10 21:46:50
ESP-La Liga,2425,Valencia,Dimitri Foulquier,FRA,DF,31,1993,32,25,2299,25.5,0,1,1,0,0,0,6,0,0.0,0.04,0.04,0.0,0.04,ESP,2024-2025,standard,fbref_soccerdata,2026-08-10 21:46:50
ESP-La Liga,2425,Valencia,Enzo Barrenechea,ARG,MF,23,2001,30,26,2191,24.3,1,2,3,1,0,0,6,0,0.04,0.08,0.12,0.04,0.12,ESP,2024-2025,standard,fbref_soccerdata,2026-08-10 21:46:50
ESP-La Liga,2425,Valencia,Francisco Perez,ESP,MF,21,2002,26,4,570,6.3,0,0,0,0,0,0,1,0,0.0,0.0,0.0,0.0,0.0,ESP,2024-2025,standard,fbref_soccerdata,2026-08-10 21:46:50
ESP-La Liga,2425,Valencia,Germán Valera,ESP,MF,22,2002,8,1,148,1.6,0,0,0,0,0,0,0,0,0.0,0.0,0.0,0.0,0.0,ESP,2024-2025,standard,fbref_soccerdata,2026-08-10 21:46:50
ESP-La Liga,2425,Valencia,Giorgi Mamardashvili,GEO,GK,23,2000,34,34,3060,34.0,0,0,0,0,0,0,2,0,0.0,0.0,0.0,0.0,0.0,ESP,2024-2025,standard,fbref_soccerdata,2026-08-10 21:46:50
ESP-La Liga,2425,Valencia,Hugo Duro,ESP,FW,24,1999,31,25,2166,24.1,11,2,13,10,1,1,5,0,0.46,0.08,0.54,0.42,0.5,ESP,2024-2025,standard,fbref_soccerdata,2026-08-10 21:46:50
ESP-La Liga,2425,Valencia,Hugo Guillamón,ESP,MF,24,2000,12,4,364,4.0,0,0,0,0,0,0,2,0,0.0,0.0,0.0,0.0,0.0,ESP,2024-2025,standard,fbref_soccerdata,2026-08-10 21:46:50
ESP-La Liga,2425,Valencia,Iker Córdoba,ESP,DF,18,2005,2,0,15,0.2,0,0,0,0,0,0,0,0,0.0,0.0,0.0,0.0,0.0,ESP,2024-2025,standard,fbref_soccerdata,2026-08-10 21:46:50
ESP-La Liga,2425,Valencia,Ivan Jaime Pajuelo,ESP,MF,23,2000,9,2,297,3.3,0,0,0,0,0,0,0,0,0.0,0.0,0.0,0.0,0.0,ESP,2024-2025,standard,fbref_soccerdata,2026-08-10 21:46:50
ESP-La Liga,2425,Valencia,Javier Guerra,ESP,MF,21,2003,36,31,2581,28.7,3,3,6,3,0,0,5,0,0.1,0.1,0.21,0.1,0.21,ESP,2024-2025,standard,fbref_soccerdata,2026-08-10 21:46:50
ESP-La Liga,2425,Valencia,Jesus Vazquez,ESP,DF,21,2003,19,10,919,10.2,0,0,0,0,0,0,3,0,0.0,0.0,0.0,0.0,0.0,ESP,2024-2025,standard,fbref_soccerdata,2026-08-10 21:46:50
ESP-La Liga,2425,Valencia,José Luis García Vayá,ESP,MF,25,1998,34,18,1742,19.4,2,2,4,0,2,2,8,1,0.1,0.1,0.21,0.0,0.1,ESP,2024-2025,standard,fbref_soccerdata,2026-08-10 21:46:50
ESP-La Liga,2425,Valencia,José Luis Gayà,ESP,DF,29,1995,23,22,1803,20.0,0,1,1,0,0,0,7,0,0.0,0.05,0.05,0.0,0.05,ESP,2024-2025,standard,fbref_soccerdata,2026-08-10 21:46:50
ESP-La Liga,2425,Valencia,Luis Rioja,ESP,MF,30,1993,36,33,2831,31.5,5,3,8,3,2,2,6,0,0.16,0.1,0.25,0.1,0.19,ESP,2024-2025,standard,fbref_soccerdata,2026-08-10 21:46:50
ESP-La Liga,2425,Valencia,Martín Tejón,ESP,MF,20,2004,4,0,49,0.5,0,0,0,0,0,0,0,0,0.0,0.0,0.0,0.0,0.0,ESP,2024-2025,standard,fbref_soccerdata,2026-08-10 21:46:50
ESP-La Liga,2425,Valencia,Max Aarons,ENG,DF,24,2000,4,1,120,1.3,0,0,0,0,0,0,2,0,0.0,0.0,0.0,0.0,0.0,ESP,2024-2025,standard,fbref_soccerdata,2026-08-10 21:46:50
ESP-La Liga,2425,Valencia,Maximiliano Caufriez,BEL,DF,27,1997,1,1,90,1.0,0,0,0,0,0,0,0,0,0.0,0.0,0.0,0.0,0.0,ESP,2024-2025,standard,fbref_soccerdata,2026-08-10 21:46:50
ESP-La Liga,2425,Valencia,Mouctar Diakhaby,GUI,DF,27,1996,13,7,653,7.3,2,0,2,2,0,0,0,0,0.28,0.0,0.28,0.28,0.28,ESP,2024-2025,standard,fbref_soccerdata,2026-08-10 21:46:50
ESP-La Liga,2425,Valencia,Rafa Mir,ESP,"FW,MF",27,1997,20,5,753,8.4,1,2,3,1,0,0,4,0,0.12,0.24,0.36,0.12,0.36,ESP,2024-2025,standard,fbref_soccerdata,2026-08-10 21:46:50
ESP-La Liga,2425,Valencia,Rodrigo Abajas,ESP,DF,21,2003,1,1,65,0.7,0,0,0,0,0,0,1,0,0.0,0.0,0.0,0.0,0.0,ESP,2024-2025,standard,fbref_soccerdata,2026-08-10 21:46:50
ESP-La Liga,2425,Valencia,Sergi Canós,ESP,MF,27,1997,17,2,370,4.1,0,1,1,0,0,0,3,0,0.0,0.24,0.24,0.0,0.24,ESP,2024-2025,standard,fbref_soccerdata,2026-08-10 21:46:50
ESP-La Liga,2425,Valencia,Stole Dimitrievski,MKD,GK,30,1993,4,4,360,4.0,0,0,0,0,0,0,1,0,0.0,0.0,0.0,0.0,0.0,ESP,2024-2025,standard,fbref_soccerdata,2026-08-10 21:46:50
ESP-La Liga,2425,Valencia,Thierry Correia,POR,DF,25,1999,11,9,768,8.5,0,0,0,0,0,0,1,0,0.0,0.0,0.0,0.0,0.0,ESP,2024-2025,standard,fbref_soccerdata,2026-08-10 21:46:50
ESP-La Liga,2425,Valencia,Umar Sadiq,NGA,FW,27,1997,16,9,825,9.2,5,0,5,5,0,0,4,0,0.55,0.0,0.55,0.55,0.55,ESP,2024-2025,standard,fbref_soccerdata,2026-08-10 21:46:50
ESP-La Liga,2425,Valencia,Yarek Gasiorowski,ESP,DF,19,2005,15,9,947,10.5,0,0,0,0,0,0,1,0,0.0,0.0,0.0,0.0,0.0,ESP,2024-2025,standard,fbref_soccerdata,2026-08-10 21:46:50
ESP-La Liga,2425,Valladolid,Abdulai Juma Bah,SLE,DF,18,2006,12,10,864,9.6,0,0,0,0,0,0,1,0,0.0,0.0,0.0,0.0,0.0,ESP,2024-2025,standard,fbref_soccerdata,2026-08-10 21:46:50
ESP-La Liga,2425,Valladolid,Adam Aznou,MAR,"DF,MF",18,2006,13,10,876,9.7,0,0,0,0,0,0,1,0,0.0,0.0,0.0,0.0,0.0,ESP,2024-2025,standard,fbref_soccerdata,2026-08-10 21:46:50
ESP-La Liga,2425,Valladolid,Adrian Baquerin,ESP,FW,17,2007,5,0,49,0.5,0,0,0,0,0,0,0,0,0.0,0.0,0.0,0.0,0.0,ESP,2024-2025,standard,fbref_soccerdata,2026-08-10 21:46:50
ESP-La Liga,2425,Valladolid,Amath,SEN,"FW,MF",28,1996,13,5,375,4.2,0,1,1,0,0,0,1,0,0.0,0.24,0.24,0.0,0.24,ESP,2024-2025,standard,fbref_soccerdata,2026-08-10 21:46:50
ESP-La Liga,2425,Valladolid,André Ferreira,POR,GK,28,1996,6,6,540,6.0,0,0,0,0,0,0,0,0,0.0,0.0,0.0,0.0,0.0,ESP,2024-2025,standard,fbref_soccerdata,2026-08-10 21:46:50
ESP-La Liga,2425,Valladolid,Antonio Candela,ITA,DF,24,2000,12,12,906,10.1,0,0,0,0,0,0,1,0,0.0,0.0,0.0,0.0,0.0,ESP,2024-2025,standard,fbref_soccerdata,2026-08-10 21:46:50
ESP-La Liga,2425,Valladolid,Anuar,MAR,"MF,FW",29,1995,26,21,1720,19.1,2,0,2,2,0,0,7,0,0.1,0.0,0.1,0.1,0.1,ESP,2024-2025,standard,fbref_soccerdata,2026-08-10 21:46:50
ESP-La Liga,2425,Valladolid,Arnau Rafús,ESP,GK,21,2003,1,1,90,1.0,0,0,0,0,0,0,0,0,0.0,0.0,0.0,0.0,0.0,ESP,2024-2025,standard,fbref_soccerdata,2026-08-10 21:46:50
ESP-La Liga,2425,Valladolid,Cenk Özkacar,TUR,DF,23,2000,11,8,757,8.4,0,0,0,0,0,0,1,0,0.0,0.0,0.0,0.0,0.0,ESP,2024-2025,standard,fbref_soccerdata,2026-08-10 21:46:50
ESP-La Liga,2425,Valladolid,Chuky san jose,ESP,"MF,FW",20,2004,18,9,728,8.1,2,0,2,2,0,0,1,0,0.25,0.0,0.25,0.25,0.25,ESP,2024-2025,standard,fbref_soccerdata,2026-08-10 21:46:50
ESP-La Liga,2425,Valladolid,Darwin Machís,VEN,"MF,FW",31,1993,18,7,639,7.1,0,1,1,0,0,0,0,0,0.0,0.14,0.14,0.0,0.14,ESP,2024-2025,standard,fbref_soccerdata,2026-08-10 21:46:50
ESP-La Liga,2425,Valladolid,David Torres,ESP,DF,21,2003,18,15,1387,15.4,0,0,0,0,0,0,5,0,0.0,0.0,0.0,0.0,0.0,ESP,2024-2025,standard,fbref_soccerdata,2026-08-10 21:46:50
ESP-La Liga,2425,Valladolid,Enzo Boyomo,CMR,DF,22,2001,3,3,270,3.0,0,0,0,0,0,0,0,0,0.0,0.0,0.0,0.0,0.0,ESP,2024-2025,standard,fbref_soccerdata,2026-08-10 21:46:50
ESP-La Liga,2425,Valladolid,Eray Cömert,SUI,"DF,MF",26,1998,25,21,1779,19.8,0,0,0,0,0,0,6,0,0.0,0.0,0.0,0.0,0.0,ESP,2024-2025,standard,fbref_soccerdata,2026-08-10 21:46:50
ESP-La Liga,2425,Valladolid,Florian Grillitsch,AUT,MF,28,1995,13,7,623,6.9,0,0,0,0,0,0,1,0,0.0,0.0,0.0,0.0,0.0,ESP,2024-2025,standard,fbref_soccerdata,2026-08-10 21:46:50
ESP-La Liga,2425,Valladolid,Henrique,BRA,DF,30,1994,5,4,352,3.9,0,0,0,0,0,0,0,0,0.0,0.0,0.0,0.0,0.0,ESP,2024-2025,standard,fbref_soccerdata,2026-08-10 21:46:50
ESP-La Liga,2425,Valladolid,Iago Parente,ESP,DF,18,2006,1,1,71,0.8,0,0,0,0,0,0,0,0,0.0,0.0,0.0,0.0,0.0,ESP,2024-2025,standard,fbref_soccerdata,2026-08-10 21:46:50
ESP-La Liga,2425,Valladolid,Ibrahim Alani,NGA,MF,18,2006,3,1,160,1.8,0,0,0,0,0,0,0,0,0.0,0.0,0.0,0.0,0.0,ESP,2024-2025,standard,fbref_soccerdata,2026-08-10 21:46:50
ESP-La Liga,2425,Valladolid,Iván Sánchez,ESP,MF,31,1992,32,11,1404,15.6,2,1,3,2,0,0,4,0,0.13,0.06,0.19,0.13,0.19,ESP,2024-2025,standard,fbref_soccerdata,2026-08-10 21:46:50
ESP-La Liga,2425,Valladolid,Javi Sánchez,ESP,DF,27,1997,25,25,2026,22.5,2,0,2,2,0,0,6,0,0.09,0.0,0.09,0.09,0.09,ESP,2024-2025,standard,fbref_soccerdata,2026-08-10 21:46:50
ESP-La Liga,2425,Valladolid,Joseph Aidoo,GHA,DF,28,1995,8,6,583,6.5,0,0,0,0,0,0,0,0,0.0,0.0,0.0,0.0,0.0,ESP,2024-2025,standard,fbref_soccerdata,2026-08-10 21:46:50
ESP-La Liga,2425,Valladolid,Juanmi Latasa,ESP,FW,23,2001,28,14,1398,15.5,3,0,3,3,0,0,6,1,0.19,0.0,0.19,0.19,0.19,ESP,2024-2025,standard,fbref_soccerdata,2026-08-10 21:46:50
ESP-La Liga,2425,Valladolid,Karl Jakob Hein,EST,GK,22,2002,31,31,2790,31.0,0,0,0,0,0,0,0,0,0.0,0.0,0.0,0.0,0.0,ESP,2024-2025,standard,fbref_soccerdata,2026-08-10 21:46:50
ESP-La Liga,2425,Valladolid,Kenedy,BRA,"FW,MF",28,1996,2,0,9,0.1,0,0,0,0,0,0,0,0,0.0,0.0,0.0,0.0,0.0,ESP,2024-2025,standard,fbref_soccerdata,2026-08-10 21:46:50
ESP-La Liga,2425,Valladolid,Kike Pérez,ESP,MF,27,1997,19,14,1191,13.2,2,0,2,2,0,0,6,0,0.15,0.0,0.15,0.15,0.15,ESP,2024-2025,standard,fbref_soccerdata,2026-08-10 21:46:50
ESP-La Liga,2425,Valladolid,Lucas Oliveira Rosa,BRA,DF,24,2000,21,21,1890,21.0,0,1,1,0,0,0,6,0,0.0,0.05,0.05,0.0,0.05,ESP,2024-2025,standard,fbref_soccerdata,2026-08-10 21:46:50
ESP-La Liga,2425,Valladolid,Luis Pérez,ESP,DF,29,1995,30,28,2558,28.4,0,0,0,0,0,0,2,0,0.0,0.0,0.0,0.0,0.0,ESP,2024-2025,standard,fbref_soccerdata,2026-08-10 21:46:50
ESP-La Liga,2425,Valladolid,Mamadou Sylla,SEN,"FW,MF",30,1994,29,17,1583,17.6,5,1,6,1,4,4,5,0,0.28,0.06,0.34,0.06,0.11,ESP,2024-2025,standard,fbref_soccerdata,2026-08-10 21:46:50
ESP-La Liga,2425,Valladolid,Marcos André,BRA,FW,27,1996,22,14,1188,13.2,1,2,3,1,0,0,5,0,0.08,0.15,0.23,0.08,0.23,ESP,2024-2025,standard,fbref_soccerdata,2026-08-10 21:46:50
ESP-La Liga,2425,Valladolid,Mario Maroto,ESP,MF,20,2003,2,0,64,0.7,0,1,1,0,0,0,0,0,0.0,1.41,1.41,0.0,1.41,ESP,2024-2025,standard,fbref_soccerdata,2026-08-10 21:46:50
ESP-La Liga,2425,Valladolid,Mario Martín,ESP,MF,20,2004,30,20,1748,19.4,0,1,1,0,0,0,8,3,0.0,0.05,0.05,0.0,0.05,ESP,2024-2025,standard,fbref_soccerdata,2026-08-10 21:46:50
ESP-La Liga,2425,Valladolid,Raúl Chasco,ESP,DF,20,2003,2,1,130,1.4,0,0,0,0,0,0,0,0,0.0,0.0,0.0,0.0,0.0,ESP,2024-2025,standard,fbref_soccerdata,2026-08-10 21:46:50
ESP-La Liga,2425,Valladolid,Raúl Moro,ESP,"MF,FW",21,2002,33,26,2341,26.0,4,5,9,4,0,0,2,0,0.15,0.19,0.35,0.15,0.35,ESP,2024-2025,standard,fbref_soccerdata,2026-08-10 21:46:50
ESP-La Liga,2425,Valladolid,Selim Amallah,MAR,MF,27,1996,24,18,1376,15.3,3,1,4,2,1,1,6,0,0.2,0.07,0.26,0.13,0.2,ESP,2024-2025,standard,fbref_soccerdata,2026-08-10 21:46:50
ESP-La Liga,2425,Valladolid,Stanko Jurić,CRO,MF,27,1996,26,19,1729,19.2,0,0,0,0,0,0,7,1,0.0,0.0,0.0,0.0,0.0,ESP,2024-2025,standard,fbref_soccerdata,2026-08-10 21:46:50
ESP-La Liga,2425,Valladolid,Tamás Nikitscher,HUN,"MF,DF",24,1999,13,9,858,9.5,0,0,0,0,0,0,2,0,0.0,0.0,0.0,0.0,0.0,ESP,2024-2025,standard,fbref_soccerdata,2026-08-10 21:46:50
ESP-La Liga,2425,Valladolid,Víctor Meseguer,ESP,MF,25,1999,14,2,418,4.6,0,0,0,0,0,0,1,0,0.0,0.0,0.0,0.0,0.0,ESP,2024-2025,standard,fbref_soccerdata,2026-08-10 21:46:50
ESP-La Liga,2425,Valladolid,Xavier Moreno,ESP,FW,19,2004,1,1,45,0.5,0,0,0,0,0,0,0,0,0.0,0.0,0.0,0.0,0.0,ESP,2024-2025,standard,fbref_soccerdata,2026-08-10 21:46:50
ESP-La Liga,2425,Villarreal,Alfonso Pedraza,ESP,"DF,MF",28,1996,12,4,460,5.1,0,2,2,0,0,0,0,0,0.0,0.39,0.39,0.0,0.39,ESP,2024-2025,standard,fbref_soccerdata,2026-08-10 21:46:50
ESP-La Liga,2425,Villarreal,Arnau Solà,ESP,DF,21,2003,1,0,13,0.1,0,0,0,0,0,0,0,0,0.0,0.0,0.0,0.0,0.0,ESP,2024-2025,standard,fbref_soccerdata,2026-08-10 21:46:50
ESP-La Liga,2425,Villarreal,Arnaut Danjuma,NED,FW,27,1997,3,3,200,2.2,2,0,2,2,0,0,1,0,0.9,0.0,0.9,0.9,0.9,ESP,2024-2025,standard,fbref_soccerdata,2026-08-10 21:46:50
ESP-La Liga,2425,Villarreal,Ayoze Pérez,ESP,FW,31,1993,30,22,1970,21.9,19,2,21,19,0,0,4,0,0.87,0.09,0.96,0.87,0.96,ESP,2024-2025,standard,fbref_soccerdata,2026-08-10 21:46:50
ESP-La Liga,2425,Villarreal,Daniel Parejo,ESP,MF,35,1989,36,26,2273,25.3,3,3,6,2,1,2,8,0,0.12,0.12,0.24,0.08,0.2,ESP,2024-2025,standard,fbref_soccerdata,2026-08-10 21:46:50
ESP-La Liga,2425,Villarreal,Daniel Requena,ESP,MF,20,2004,1,0,10,0.1,0,0,0,0,0,0,0,0,0.0,0.0,0.0,0.0,0.0,ESP,2024-2025,standard,fbref_soccerdata,2026-08-10 21:46:50
ESP-La Liga,2425,Villarreal,Denis Suárez,ESP,MF,30,1994,21,7,608,6.8,1,1,2,1,0,0,0,0,0.15,0.15,0.3,0.15,0.3,ESP,2024-2025,standard,fbref_soccerdata,2026-08-10 21:46:50
ESP-La Liga,2425,Villarreal,Diego Conde,ESP,GK,25,1998,22,22,1962,21.8,0,1,1,0,0,0,2,0,0.0,0.05,0.05,0.0,0.05,ESP,2024-2025,standard,fbref_soccerdata,2026-08-10 21:46:50
ESP-La Liga,2425,Villarreal,Eric Bailly,CIV,DF,30,1994,12,8,617,6.9,0,0,0,0,0,0,2,1,0.0,0.0,0.0,0.0,0.0,ESP,2024-2025,standard,fbref_soccerdata,2026-08-10 21:46:50
ESP-La Liga,2425,Villarreal,Gerard Moreno,ESP,FW,32,1992,17,6,721,8.0,3,2,5,0,3,3,0,0,0.37,0.25,0.62,0.0,0.25,ESP,2024-2025,standard,fbref_soccerdata,2026-08-10 21:46:50
ESP-La Liga,2425,Villarreal,Ilias Akhomach,MAR,MF,20,2004,11,7,584,6.5,1,0,1,1,0,0,1,0,0.15,0.0,0.15,0.15,0.15,ESP,2024-2025,standard,fbref_soccerdata,2026-08-10 21:46:50
ESP-La Liga,2425,Villarreal,Juan Bernat,ESP,DF,31,1993,10,1,212,2.4,0,1,1,0,0,0,0,0,0.0,0.42,0.42,0.0,0.42,ESP,2024-2025,standard,fbref_soccerdata,2026-08-10 21:46:50
ESP-La Liga,2425,Villarreal,Juan Foyth,ARG,DF,26,1998,19,17,1517,16.9,1,0,1,1,0,0,4,0,0.06,0.0,0.06,0.06,0.06,ESP,2024-2025,standard,fbref_soccerdata,2026-08-10 21:46:50
ESP-La Liga,2425,Villarreal,Karl Etta Eyong,CMR,FW,20,2003,4,0,37,0.4,1,0,1,1,0,0,0,0,2.43,0.0,2.43,2.43,2.43,ESP,2024-2025,standard,fbref_soccerdata,2026-08-10 21:46:50
ESP-La Liga,2425,Villarreal,Kiko Femenía,ESP,DF,33,1991,28,27,2227,24.7,0,1,1,0,0,0,7,0,0.0,0.04,0.04,0.0,0.04,ESP,2024-2025,standard,fbref_soccerdata,2026-08-10 21:46:50
ESP-La Liga,2425,Villarreal,Logan Costa,CPV,DF,23,2001,32,28,2587,28.7,2,1,3,2,0,0,3,0,0.07,0.03,0.1,0.07,0.1,ESP,2024-2025,standard,fbref_soccerdata,2026-08-10 21:46:50
ESP-La Liga,2425,Villarreal,Luiz Lúcio Reis Júnior,BRA,GK,23,2001,17,16,1458,16.2,0,0,0,0,0,0,2,0,0.0,0.0,0.0,0.0,0.0,ESP,2024-2025,standard,fbref_soccerdata,2026-08-10 21:46:50
ESP-La Liga,2425,Villarreal,Nicolas Pépé,CIV,"FW,MF",29,1995,28,15,1500,16.7,3,6,9,3,0,0,3,0,0.18,0.36,0.54,0.18,0.54,ESP,2024-2025,standard,fbref_soccerdata,2026-08-10 21:46:50
ESP-La Liga,2425,Villarreal,Pape Gueye,SEN,"MF,FW",25,1999,34,26,2224,24.7,4,0,4,4,0,0,6,2,0.16,0.0,0.16,0.16,0.16,ESP,2024-2025,standard,fbref_soccerdata,2026-08-10 21:46:50
ESP-La Liga,2425,Villarreal,Pau Cabanes,ESP,FW,19,2005,10,0,163,1.8,1,0,1,1,0,0,0,0,0.55,0.0,0.55,0.55,0.55,ESP,2024-2025,standard,fbref_soccerdata,2026-08-10 21:46:50
ESP-La Liga,2425,Villarreal,Pau Navarro,ESP,DF,19,2005,17,8,916,10.2,0,0,0,0,0,0,1,0,0.0,0.0,0.0,0.0,0.0,ESP,2024-2025,standard,fbref_soccerdata,2026-08-10 21:46:50
ESP-La Liga,2425,Villarreal,Ramón Terrats,ESP,FW,23,2000,11,1,131,1.5,0,0,0,0,0,0,1,0,0.0,0.0,0.0,0.0,0.0,ESP,2024-2025,standard,fbref_soccerdata,2026-08-10 21:46:50
ESP-La Liga,2425,Villarreal,Raúl Albiol,ESP,DF,38,1985,15,14,1188,13.2,0,0,0,0,0,0,5,0,0.0,0.0,0.0,0.0,0.0,ESP,2024-2025,standard,fbref_soccerdata,2026-08-10 21:46:50
ESP-La Liga,2425,Villarreal,Santi Comesaña,ESP,MF,27,1996,35,30,2560,28.4,4,2,6,4,0,0,7,0,0.14,0.07,0.21,0.14,0.21,ESP,2024-2025,standard,fbref_soccerdata,2026-08-10 21:46:50
ESP-La Liga,2425,Villarreal,Sergi Cardona,ESP,DF,25,1999,35,34,2945,32.7,1,7,8,1,0,0,11,0,0.03,0.21,0.24,0.03,0.24,ESP,2024-2025,standard,fbref_soccerdata,2026-08-10 21:46:50
ESP-La Liga,2425,Villarreal,Tajon Buchanan,CAN,MF,25,1999,13,4,416,4.6,1,2,3,1,0,0,2,0,0.22,0.43,0.65,0.22,0.65,ESP,2024-2025,standard,fbref_soccerdata,2026-08-10 21:46:50
ESP-La Liga,2425,Villarreal,Thiago Ojeda,ARG,MF,21,2003,1,0,8,0.1,0,0,0,0,0,0,1,0,0.0,0.0,0.0,0.0,0.0,ESP,2024-2025,standard,fbref_soccerdata,2026-08-10 21:46:50
ESP-La Liga,2425,Villarreal,Thierno Barry,FRA,FW,21,2002,35,25,2323,25.8,11,4,15,10,1,1,4,0,0.43,0.15,0.58,0.39,0.54,ESP,2024-2025,standard,fbref_soccerdata,2026-08-10 21:46:50
ESP-La Liga,2425,Villarreal,Willy Kambwala,FRA,DF,19,2004,19,12,1117,12.4,0,0,0,0,0,0,1,1,0.0,0.0,0.0,0.0,0.0,ESP,2024-2025,standard,fbref_soccerdata,2026-08-10 21:46:50
ESP-La Liga,2425,Villarreal,Yéremy Pino,ESP,MF,21,2002,34,25,1934,21.5,4,7,11,4,0,0,11,0,0.19,0.33,0.51,0.19,0.51,ESP,2024-2025,standard,fbref_soccerdata,2026-08-10 21:46:50
ESP-La Liga,2425,Villarreal,Álex Baena,ESP,"MF,FW",23,2001,32,30,2595,28.8,7,9,16,7,0,1,9,0,0.24,0.31,0.55,0.24,0.55,ESP,2024-2025,standard,fbref_soccerdata,2026-08-10 21:46:50
