tournament_id,season_id,player_name,player_id,team_name,team_id,rating,goals,assists,expectedGoals,expectedAssists,shotsOnTarget,totalShots,bigChancesCreated,bigChancesMissed,accuratePasses,accuratePassesPercentage,keyPasses,accurateLongBalls,accurateLongBallsPercentage,successfulDribbles,successfulDribblesPercentage,tackles,interceptions,clearances,possessionLost,minutesPlayed,appearances,yellowCards,redCards,_league_id,_season,_source,_scraped_at
52,63814,Günay Güvenç,103457,Galatasaray,3061,8.5,0,0,,0.0,0,0,0,0,25,69.44,0,9,47.37,0,0.0,0,0,2,13,91,2,0,1,TUR,2024-2025,datafc_sofascore,2026-08-12 07:04:15
52,63814,Emir Dadük,1618350,Hatayspor,3091,8.2,0,0,,0.0,0,0,0,0,29,93.55,0,2,50.0,0,0.0,0,0,1,2,90,1,0,0,TUR,2024-2025,datafc_sofascore,2026-08-12 07:04:15
52,63814,Demir Sarıcalı,1548585,Hatayspor,3091,7.8,0,0,,0.0,0,0,0,0,16,50.0,0,6,30.0,0,0.0,0,0,2,16,90,1,0,0,TUR,2024-2025,datafc_sofascore,2026-08-12 07:04:15
52,63814,Victor Osimhen,822471,Galatasaray,3061,7.72,26,5,23.8,3.1,56,136,11,25,228,66.86,32,7,50.0,23,54.76,7,9,24,234,2292,29,4,0,TUR,2024-2025,datafc_sofascore,2026-08-12 07:04:15
52,63814,Kerem Aktürkoğlu,903324,Galatasaray,3061,7.7,2,2,1.12,0.38,3,5,2,1,40,75.47,5,3,50.0,6,60.0,1,0,1,31,174,3,0,0,TUR,2024-2025,datafc_sofascore,2026-08-12 07:04:15
52,63814,Halil Bağcı,1384655,Gaziantep FK,5138,7.7,0,0,,0.0,0,0,0,0,10,76.92,0,3,50.0,0,0.0,0,0,1,3,90,1,0,0,TUR,2024-2025,datafc_sofascore,2026-08-12 07:04:15
52,63814,Dušan Tadić,38560,Fenerbahçe,3052,7.52,11,13,9.71,10.18,21,42,21,6,782,79.39,85,32,54.24,13,52.0,30,15,13,440,2494,35,2,0,TUR,2024-2025,datafc_sofascore,2026-08-12 07:04:15
52,63814,Haris Hajradinović,254979,Kasımpaşa,6063,7.5,9,8,8.73,7.49,24,68,17,2,1106,77.18,96,120,59.11,23,52.27,71,16,22,591,2897,34,5,0,TUR,2024-2025,datafc_sofascore,2026-08-12 07:04:15
52,63814,Batuhan Yavuz,1195735,Alanyaspor,6362,7.5,0,0,,0.02,0,0,1,0,59,93.65,1,0,0.0,1,100.0,1,2,1,6,90,1,0,0,TUR,2024-2025,datafc_sofascore,2026-08-12 07:04:15
52,63814,Rômulo,1133743,Göztepe,3054,7.46,13,9,13.0,4.95,41,95,16,13,460,70.66,46,11,45.83,44,46.81,23,7,9,405,2494,29,5,0,TUR,2024-2025,datafc_sofascore,2026-08-12 07:04:15
52,63814,Mauro Icardi,233114,Galatasaray,3061,7.41,4,1,2.29,1.21,5,13,3,0,70,69.31,7,5,50.0,0,0.0,1,0,4,54,527,7,0,0,TUR,2024-2025,datafc_sofascore,2026-08-12 07:04:15
52,63814,Oleksandr Zubkov,353282,Trabzonspor,3051,7.4,6,3,2.87,3.09,15,30,4,2,333,78.72,32,31,63.27,14,38.89,13,5,5,194,946,15,3,0,TUR,2024-2025,datafc_sofascore,2026-08-12 07:04:15
52,63814,Nuno Da Costa,209374,Kasımpaşa,6063,7.36,13,2,12.92,2.33,34,89,3,11,363,67.72,19,19,61.29,43,60.56,39,4,23,375,2501,29,5,1,TUR,2024-2025,datafc_sofascore,2026-08-12 07:04:15
52,63814,Davinson Sánchez,566102,Galatasaray,3061,7.35,3,1,4.31,0.77,7,23,1,9,1327,85.39,9,100,47.17,20,76.92,62,43,158,266,2619,30,7,0,TUR,2024-2025,datafc_sofascore,2026-08-12 07:04:15
52,63814,Uğurcan Çakır,754330,Trabzonspor,3051,7.35,0,0,,0.1,0,0,0,0,732,68.99,0,239,42.83,3,100.0,1,1,18,339,2880,32,3,0,TUR,2024-2025,datafc_sofascore,2026-08-12 07:04:15
52,63814,Arthur Masuaku,174975,Beşiktaş JK,3050,7.33,0,8,0.95,4.27,7,29,8,0,1301,84.54,49,70,42.68,58,63.74,72,26,76,525,2758,33,9,0,TUR,2024-2025,datafc_sofascore,2026-08-12 07:04:15
52,63814,Milot Rashica,800411,Beşiktaş JK,3050,7.33,3,5,3.85,6.64,12,31,13,6,574,77.25,58,32,55.17,15,41.67,50,12,20,365,2051,28,2,0,TUR,2024-2025,datafc_sofascore,2026-08-12 07:04:15
52,63814,Allan Saint-Maximin,347010,Fenerbahçe,3052,7.32,4,3,1.98,3.15,18,41,8,0,269,75.56,30,11,57.89,52,59.09,20,2,6,237,1211,20,3,0,TUR,2024-2025,datafc_sofascore,2026-08-12 07:04:15
52,63814,Rafa Silva,252577,Beşiktaş JK,3050,7.31,12,5,15.04,6.48,43,89,15,18,966,78.86,62,29,60.42,60,48.0,23,9,3,534,3090,35,5,0,TUR,2024-2025,datafc_sofascore,2026-08-12 07:04:15
52,63814,Fred,243623,Fenerbahçe,3052,7.3,5,4,3.28,3.72,15,46,5,2,1448,84.63,34,92,58.23,15,45.45,72,31,30,383,2582,31,8,0,TUR,2024-2025,datafc_sofascore,2026-08-12 07:04:15
52,63814,Ali Şaşal Vural,94540,Sivasspor,3076,7.29,0,0,,0.05,0,0,0,0,487,63.83,1,212,43.8,0,0.0,0,0,12,285,2295,26,3,0,TUR,2024-2025,datafc_sofascore,2026-08-12 07:04:15
52,63814,Oğuz Aydın,999396,Fenerbahçe,3052,7.28,7,3,5.24,3.78,15,35,8,3,528,78.92,27,15,31.91,15,51.72,36,12,25,277,1589,25,1,0,TUR,2024-2025,datafc_sofascore,2026-08-12 07:04:15
52,63814,Edin Višća,109779,Trabzonspor,3051,7.27,4,6,4.72,7.25,12,62,18,7,721,79.49,69,58,65.91,24,54.55,31,23,6,396,2146,30,3,1,TUR,2024-2025,datafc_sofascore,2026-08-12 07:04:15
52,63814,Yunus Akgün,857738,Galatasaray,3061,7.27,7,10,4.15,5.88,20,51,14,2,663,82.67,51,19,39.58,37,43.53,15,13,12,309,2126,30,4,0,TUR,2024-2025,datafc_sofascore,2026-08-12 07:04:15
52,63814,Krzysztof Piątek,558738,Başakşehir FK,3086,7.26,21,2,19.37,2.05,53,106,6,20,379,72.19,26,11,55.0,15,38.46,12,3,24,266,2619,33,6,1,TUR,2024-2025,datafc_sofascore,2026-08-12 07:04:15
52,63814,Dries Mertens,32493,Galatasaray,3061,7.25,5,7,4.05,6.22,22,44,17,5,496,71.37,65,38,53.52,5,41.67,38,9,11,392,1814,33,3,0,TUR,2024-2025,datafc_sofascore,2026-08-12 07:04:15
52,63814,Edin Džeko,14990,Fenerbahçe,3052,7.24,14,4,15.95,4.13,45,107,9,18,494,68.14,48,39,67.24,12,46.15,14,2,40,345,2247,35,1,0,TUR,2024-2025,datafc_sofascore,2026-08-12 07:04:15
52,63814,Álvaro Morata,125407,Galatasaray,3061,7.24,5,1,3.88,1.33,9,19,2,2,119,76.28,12,6,60.0,2,50.0,14,1,7,70,561,11,2,0,TUR,2024-2025,datafc_sofascore,2026-08-12 07:04:15
52,63814,Berke Özer,847494,Eyüpspor,7040,7.24,0,0,,0.09,0,0,0,0,876,69.91,1,168,31.23,2,100.0,3,1,55,385,3015,34,5,0,TUR,2024-2025,datafc_sofascore,2026-08-12 07:04:15
52,63814,Abdülkerim Bardakcı,178963,Galatasaray,3061,7.23,3,2,1.87,1.84,10,19,4,2,1383,84.18,16,124,52.99,9,81.82,29,55,136,304,2757,32,4,0,TUR,2024-2025,datafc_sofascore,2026-08-12 07:04:15
52,63814,Rey Manaj,587882,Sivasspor,3076,7.23,12,4,10.67,1.36,33,96,7,9,341,77.68,20,12,63.16,22,45.83,8,3,29,273,2203,27,7,1,TUR,2024-2025,datafc_sofascore,2026-08-12 07:04:15
52,63814,Talisca,329245,Fenerbahçe,3052,7.23,9,1,8.62,0.91,30,65,1,6,250,80.13,12,22,78.57,10,62.5,6,2,6,117,1034,16,3,0,TUR,2024-2025,datafc_sofascore,2026-08-12 07:04:15
52,63814,Gedson Fernandes,862055,Beşiktaş JK,3050,7.22,7,0,6.4,3.75,17,52,4,5,1145,84.56,35,41,56.94,57,60.64,84,36,30,395,2952,34,2,1,TUR,2024-2025,datafc_sofascore,2026-08-12 07:04:15
52,63814,Onurcan Piri,213542,Kayserispor,3072,7.22,0,0,,0.02,0,0,0,0,193,62.66,0,58,34.32,1,100.0,0,0,8,120,990,11,1,0,TUR,2024-2025,datafc_sofascore,2026-08-12 07:04:15
52,63814,David Tijanič,827369,Göztepe,3054,7.22,5,9,5.88,4.73,23,55,8,7,575,84.06,67,11,73.33,15,40.54,22,9,7,283,1868,33,1,0,TUR,2024-2025,datafc_sofascore,2026-08-12 07:04:15
52,63814,Gabriel Sara,913593,Galatasaray,3061,7.21,2,8,3.86,7.62,13,54,12,4,1044,83.39,69,53,60.92,18,41.86,23,16,22,412,2271,30,4,0,TUR,2024-2025,datafc_sofascore,2026-08-12 07:04:15
52,63814,Youssef En-Nesyri,846470,Fenerbahçe,3052,7.21,20,4,18.04,1.71,43,108,6,24,226,70.85,21,9,60.0,7,26.92,13,2,21,193,2002,34,4,0,TUR,2024-2025,datafc_sofascore,2026-08-12 07:04:15
52,63814,Lucas Torreira,754794,Galatasaray,3061,7.2,4,5,1.89,2.91,9,26,6,5,1376,88.95,34,75,55.97,9,56.25,74,33,54,230,2765,32,4,0,TUR,2024-2025,datafc_sofascore,2026-08-12 07:04:15
52,63814,Svit Sešlar,946291,Eyüpspor,7040,7.2,0,1,0.06,0.38,0,2,1,0,7,70.0,1,0,0.0,0,0.0,2,0,0,7,25,2,1,0,TUR,2024-2025,datafc_sofascore,2026-08-12 07:04:15
52,63814,Ersin Destanoğlu,913656,Beşiktaş JK,3050,7.2,0,0,,0.01,0,0,0,0,27,71.05,0,6,35.29,0,0.0,0,0,1,12,180,2,3,0,TUR,2024-2025,datafc_sofascore,2026-08-12 07:04:15
52,63814,Alexandru Maxim,180511,Gaziantep FK,5138,7.2,7,5,6.2,5.36,13,39,9,2,1170,86.99,82,123,74.1,21,56.76,43,25,20,375,2634,34,7,0,TUR,2024-2025,datafc_sofascore,2026-08-12 07:04:15
52,63814,Deniz Türüç,252207,Başakşehir FK,3086,7.2,5,7,3.2,8.83,16,43,20,4,659,76.54,69,76,53.15,28,65.12,18,8,24,424,2256,34,7,1,TUR,2024-2025,datafc_sofascore,2026-08-12 07:04:15
52,63814,Miguel Cardoso,344009,Kayserispor,3072,7.2,8,7,7.81,8.2,30,68,14,9,680,79.53,50,35,50.72,31,50.82,27,4,25,430,2868,33,9,0,TUR,2024-2025,datafc_sofascore,2026-08-12 07:04:15
52,63814,Barış Alper Yılmaz,904096,Galatasaray,3061,7.19,12,3,7.21,6.55,30,76,8,11,617,75.43,46,18,45.0,46,39.66,34,19,14,508,2609,32,9,0,TUR,2024-2025,datafc_sofascore,2026-08-12 07:04:15
52,63814,Zeki Yavru,140735,Samsunspor,3053,7.19,2,7,0.94,3.91,5,11,6,1,1037,76.14,62,109,42.25,12,75.0,81,37,91,533,2894,35,8,0,TUR,2024-2025,datafc_sofascore,2026-08-12 07:04:15
52,63814,Abdullah Yiğiter,827515,Antalyaspor,3056,7.18,0,0,,0.01,0,0,0,0,143,68.75,0,34,35.42,0,0.0,0,0,5,66,540,6,0,0,TUR,2024-2025,datafc_sofascore,2026-08-12 07:04:15
52,63814,Diogo Sousa,882110,Bodrum FK,202390,7.18,0,0,,0.12,0,0,0,0,542,62.59,1,203,38.74,2,100.0,1,0,32,333,2850,32,4,0,TUR,2024-2025,datafc_sofascore,2026-08-12 07:04:15
52,63814,Gabriel Paulista,124737,Beşiktaş JK,3050,7.18,1,1,0.6,0.61,2,9,1,0,864,89.91,4,58,59.18,4,100.0,10,28,107,104,1640,20,1,0,TUR,2024-2025,datafc_sofascore,2026-08-12 07:04:15
52,63814,Fernando Muslera,28381,Galatasaray,3061,7.18,1,0,0.79,0.09,1,1,0,0,914,77.99,0,230,47.92,2,66.67,0,1,29,263,3059,34,8,0,TUR,2024-2025,datafc_sofascore,2026-08-12 07:04:15
52,63814,Marc Bola,862083,Samsunspor,3053,7.17,1,4,0.65,2.9,5,23,5,0,1076,80.18,32,63,39.13,21,60.0,49,55,89,463,2763,33,5,0,TUR,2024-2025,datafc_sofascore,2026-08-12 07:04:15
52,63814,Emre Mor,826258,Eyüpspor,7040,7.17,1,4,0.77,4.27,6,19,15,0,319,82.01,30,12,66.67,35,64.81,15,5,2,187,1038,18,7,0,TUR,2024-2025,datafc_sofascore,2026-08-12 07:04:15
52,63814,Görkem Sağlam,795001,Hatayspor,3091,7.16,4,9,3.36,5.67,14,39,12,0,1099,83.64,60,111,60.66,11,44.0,34,13,22,441,2392,31,9,0,TUR,2024-2025,datafc_sofascore,2026-08-12 07:04:15
52,63814,Erdoğan Yeşilyurt,142541,Antalyaspor,3056,7.16,0,4,0.35,2.24,2,13,7,0,309,76.3,17,25,51.02,9,56.25,16,20,14,173,943,11,3,0,TUR,2024-2025,datafc_sofascore,2026-08-12 07:04:15
52,63814,Kartal Kayra Yılmaz,966811,Kayserispor,3072,7.15,3,5,2.98,5.74,16,35,13,3,1184,83.03,50,128,63.37,10,32.26,60,29,36,455,2828,33,10,0,TUR,2024-2025,datafc_sofascore,2026-08-12 07:04:15
52,63814,Ibrahim Olawoyin,1008173,Çaykur Rizespor,3064,7.15,6,7,5.46,4.01,12,45,10,4,781,78.49,38,52,60.47,56,57.14,61,35,27,454,2718,32,5,1,TUR,2024-2025,datafc_sofascore,2026-08-12 07:04:15
52,63814,Olivier Ntcham,352676,Samsunspor,3053,7.15,6,2,7.7,1.98,23,71,3,4,1230,85.54,23,101,63.92,28,68.29,33,18,17,309,2412,32,7,0,TUR,2024-2025,datafc_sofascore,2026-08-12 07:04:15
52,63814,Pedrinho,1015939,Konyaspor,3085,7.15,4,3,3.58,6.23,16,57,9,1,490,74.36,59,58,60.42,28,50.91,40,14,8,389,2495,32,4,0,TUR,2024-2025,datafc_sofascore,2026-08-12 07:04:15
52,63814,Fredy,845281,Bodrum FK,202390,7.15,4,1,2.92,4.86,14,48,10,1,829,73.49,48,47,39.5,36,51.43,74,26,49,535,2767,34,2,1,TUR,2024-2025,datafc_sofascore,2026-08-12 07:04:15
52,63814,Enis Bardhi,355024,Bodrum FK,202390,7.14,1,4,2.79,2.99,11,45,4,2,448,80.72,38,26,56.52,26,70.27,15,3,6,240,1369,23,2,0,TUR,2024-2025,datafc_sofascore,2026-08-12 07:04:15
52,63814,Muhammed-Cham Saračević,958901,Trabzonspor,3051,7.14,5,10,3.48,4.68,11,37,13,2,713,87.7,45,42,79.25,17,48.57,20,3,5,264,1550,31,4,0,TUR,2024-2025,datafc_sofascore,2026-08-12 07:04:15
52,63814,Ciro Immobile,45923,Beşiktaş JK,3050,7.14,15,4,14.21,4.89,25,67,8,10,386,70.18,29,6,54.55,15,60.0,13,3,23,270,2031,30,4,0,TUR,2024-2025,datafc_sofascore,2026-08-12 07:04:15
52,63814,Visar Bekaj,890652,Hatayspor,3091,7.14,0,0,,0.01,0,0,0,0,288,61.15,0,91,33.58,0,0.0,0,0,20,189,1350,15,2,0,TUR,2024-2025,datafc_sofascore,2026-08-12 07:04:15
52,63814,Burak Bozan,934201,Gaziantep FK,5138,7.14,0,1,,0.02,0,0,0,0,209,50.12,1,95,31.56,0,0.0,2,0,20,210,1491,18,3,0,TUR,2024-2025,datafc_sofascore,2026-08-12 07:04:15
52,63814,Simon Banza,825945,Trabzonspor,3051,7.13,19,4,17.55,1.23,36,75,2,16,258,73.3,18,11,61.11,13,44.83,13,11,19,222,2553,31,5,0,TUR,2024-2025,datafc_sofascore,2026-08-12 07:04:15
52,63814,Anthony Nwakaeme,139455,Trabzonspor,3051,7.13,1,4,2.46,3.8,5,30,7,3,542,84.03,39,46,86.79,28,62.22,13,7,14,240,1342,20,4,0,TUR,2024-2025,datafc_sofascore,2026-08-12 07:04:15
52,63814,Mario Lemina,307284,Galatasaray,3061,7.13,1,2,0.82,0.95,4,12,4,0,438,89.02,13,26,70.27,11,68.75,18,12,14,78,802,12,2,0,TUR,2024-2025,datafc_sofascore,2026-08-12 07:04:15
52,63814,Ertuğrul Taşkıran,105974,Alanyaspor,6362,7.11,0,0,,0.03,0,0,0,0,690,74.03,1,197,46.24,0,0.0,1,1,30,254,3060,34,5,0,TUR,2024-2025,datafc_sofascore,2026-08-12 07:04:15
52,63814,Jakub Słowik,95437,Konyaspor,3085,7.11,0,0,,0.04,0,0,0,0,522,68.96,0,155,40.16,0,0.0,0,0,17,242,2160,24,3,0,TUR,2024-2025,datafc_sofascore,2026-08-12 07:04:15
52,63814,Roland Sallai,355088,Galatasaray,3061,7.1,2,1,3.58,4.78,13,35,9,8,496,84.07,27,26,63.41,15,48.39,46,26,25,220,1635,26,10,0,TUR,2024-2025,datafc_sofascore,2026-08-12 07:04:15
52,63814,Florent Hadergjonaj,354860,Alanyaspor,6362,7.1,4,5,4.25,4.19,9,21,13,1,1039,76.12,43,105,45.06,17,48.57,55,29,74,556,2815,33,4,0,TUR,2024-2025,datafc_sofascore,2026-08-12 07:04:15
52,63814,Derrick Köhn,886737,Galatasaray,3061,7.1,0,0,0.04,0.15,1,2,0,0,28,90.32,2,0,0.0,0,0.0,2,1,1,11,87,1,0,0,TUR,2024-2025,datafc_sofascore,2026-08-12 07:04:15
52,63814,Jackson Muleka,927649,Beşiktaş JK,3050,7.1,0,0,0.01,0.01,0,1,0,0,7,77.78,1,0,0.0,1,100.0,0,0,1,3,11,1,0,0,TUR,2024-2025,datafc_sofascore,2026-08-12 07:04:15
52,63814,Jonas Svensson,98199,Beşiktaş JK,3050,7.09,0,2,0.27,2.48,2,6,3,1,1310,84.73,21,38,35.85,9,47.37,63,34,77,323,2725,31,7,0,TUR,2024-2025,datafc_sofascore,2026-08-12 07:04:15
52,63814,Ahmed Kutucu,906049,Galatasaray,3061,7.09,9,6,5.17,2.81,25,72,8,7,377,77.41,31,23,67.65,28,42.42,27,14,18,251,1892,31,9,0,TUR,2024-2025,datafc_sofascore,2026-08-12 07:04:15
52,63814,João Mário,97001,Beşiktaş JK,3050,7.09,5,3,3.77,3.48,10,32,2,1,849,88.07,29,38,58.46,19,52.78,23,3,15,228,1620,27,1,0,TUR,2024-2025,datafc_sofascore,2026-08-12 07:04:15
52,63814,Robin Yalçın,138154,Eyüpspor,7040,7.09,1,1,1.55,0.79,5,10,0,1,1473,89.11,9,170,65.89,4,100.0,52,22,100,208,2736,31,8,1,TUR,2024-2025,datafc_sofascore,2026-08-12 07:04:15
52,63814,Loide Augusto,1110708,Alanyaspor,6362,7.08,2,4,2.0,3.97,11,40,7,5,469,84.35,30,13,81.25,38,55.88,20,4,5,231,1487,18,4,1,TUR,2024-2025,datafc_sofascore,2026-08-12 07:04:15
52,63814,Ali Sowe,238394,Çaykur Rizespor,3064,7.08,19,2,17.34,2.97,41,86,9,19,420,77.49,29,15,68.18,36,57.14,7,8,15,362,2987,36,3,0,TUR,2024-2025,datafc_sofascore,2026-08-12 07:04:15
52,63814,Arseniy Batagov,981395,Trabzonspor,3051,7.08,1,1,1.72,1.06,1,8,3,2,986,86.64,5,72,43.9,1,33.33,29,27,98,169,1620,18,1,0,TUR,2024-2025,datafc_sofascore,2026-08-12 07:04:15
52,63814,Cláudio Winck,155998,Kasımpaşa,6063,7.08,3,9,2.22,6.15,9,37,11,1,597,69.1,39,54,35.53,19,48.72,41,30,67,453,2344,29,8,0,TUR,2024-2025,datafc_sofascore,2026-08-12 07:04:15
52,63814,Adil Demirbağ,787949,Konyaspor,3085,7.08,2,3,3.64,0.6,4,27,2,4,1169,82.85,6,102,45.33,5,71.43,45,46,192,268,2967,33,9,0,TUR,2024-2025,datafc_sofascore,2026-08-12 07:04:15
52,63814,Deniz Ertaş,1195772,Konyaspor,3085,7.08,0,0,,0.03,0,0,0,0,233,60.52,1,92,38.02,0,0.0,0,0,18,155,1080,12,2,0,TUR,2024-2025,datafc_sofascore,2026-08-12 07:04:15
52,63814,Guilherme Haubert Sityá,224112,Konyaspor,3085,7.07,0,8,0.39,6.37,3,10,6,0,863,73.01,62,77,41.18,17,50.0,60,36,81,540,3000,34,3,0,TUR,2024-2025,datafc_sofascore,2026-08-12 07:04:15
52,63814,Gökhan Sazdağı,595396,Kayserispor,3072,7.07,0,5,2.34,2.36,5,21,5,3,845,72.16,20,102,47.89,44,57.14,125,56,82,565,2619,30,8,2,TUR,2024-2025,datafc_sofascore,2026-08-12 07:04:15
52,63814,Jakub Kałuziński,1019026,Antalyaspor,3056,7.07,0,8,1.96,4.75,2,32,7,1,1400,86.37,68,118,66.29,8,44.44,39,19,29,374,2658,35,7,0,TUR,2024-2025,datafc_sofascore,2026-08-12 07:04:15
52,63814,Filip Kostić,126588,Fenerbahçe,3052,7.07,1,6,1.82,4.85,5,15,9,4,654,78.89,42,23,32.86,14,51.85,36,17,32,443,1963,27,5,0,TUR,2024-2025,datafc_sofascore,2026-08-12 07:04:15
52,63814,Arda Kızıldağ,904228,Gaziantep FK,5138,7.07,2,0,1.61,0.12,6,16,0,1,647,81.59,3,40,36.04,2,66.67,23,31,152,158,1905,25,4,0,TUR,2024-2025,datafc_sofascore,2026-08-12 07:04:15
52,63814,Bilal Boutobba,769163,Hatayspor,3091,7.06,11,2,4.87,3.57,23,51,7,4,476,81.37,41,9,30.0,44,48.35,16,13,7,296,1803,28,0,0,TUR,2024-2025,datafc_sofascore,2026-08-12 07:04:15
52,63814,Nany Dimata,826944,Samsunspor,3053,7.06,7,3,5.78,2.4,20,44,6,7,336,76.36,23,7,50.0,17,60.71,13,7,15,207,1600,30,8,0,TUR,2024-2025,datafc_sofascore,2026-08-12 07:04:15
52,63814,İrfan Can Kahveci,226986,Fenerbahçe,3052,7.06,2,3,1.7,4.79,8,20,6,0,394,81.24,31,29,61.7,11,50.0,20,8,3,188,933,26,4,0,TUR,2024-2025,datafc_sofascore,2026-08-12 07:04:15
52,63814,Emre Kılınç,202032,Samsunspor,3053,7.06,3,12,4.06,5.67,11,32,18,5,585,74.71,50,36,53.73,27,44.26,33,11,22,411,2470,31,7,0,TUR,2024-2025,datafc_sofascore,2026-08-12 07:04:15
52,63814,Pedro Malheiro,1131249,Trabzonspor,3051,7.06,6,4,1.05,3.26,8,23,7,0,1306,84.48,25,67,45.27,39,61.9,65,40,60,465,2921,33,9,0,TUR,2024-2025,datafc_sofascore,2026-08-12 07:04:15
52,63814,Rick Van Drongelen,803023,Samsunspor,3053,7.06,3,0,2.11,0.69,8,23,2,1,1481,82.6,9,128,43.24,4,57.14,47,29,169,357,2944,33,9,1,TUR,2024-2025,datafc_sofascore,2026-08-12 07:04:15
52,63814,Sergio Córdova,881222,Alanyaspor,6362,7.06,9,3,7.34,3.98,16,58,11,6,467,71.63,38,9,47.37,24,42.11,28,5,21,372,2744,35,3,0,TUR,2024-2025,datafc_sofascore,2026-08-12 07:04:15
52,63814,Emre Akbaba,343527,Eyüpspor,7040,7.06,7,3,8.21,3.24,20,49,6,8,653,81.32,37,25,55.56,19,52.78,56,13,10,311,2217,36,3,0,TUR,2024-2025,datafc_sofascore,2026-08-12 07:04:15
52,63814,Felix Uduokhai,792142,Beşiktaş JK,3050,7.05,0,0,0.97,0.65,2,13,0,2,1303,90.36,4,71,56.35,4,57.14,25,29,119,160,2172,26,3,0,TUR,2024-2025,datafc_sofascore,2026-08-12 07:04:15
52,63814,Milan Škriniar,187205,Fenerbahçe,3052,7.05,3,0,0.8,0.39,4,12,1,1,906,91.33,4,51,55.43,2,33.33,21,8,63,101,1440,16,2,0,TUR,2024-2025,datafc_sofascore,2026-08-12 07:04:15
52,63814,Taha Tepe,910094,Trabzonspor,3051,7.05,0,0,,0.0,0,0,0,0,74,76.29,0,22,48.89,0,0.0,0,0,1,23,360,4,0,0,TUR,2024-2025,datafc_sofascore,2026-08-12 07:04:15
52,63814,Husniddin Aliqulov,1121174,Çaykur Rizespor,3064,7.05,3,1,1.91,0.86,10,34,3,3,1318,85.58,10,91,50.56,3,50.0,35,44,162,245,2644,33,6,0,TUR,2024-2025,datafc_sofascore,2026-08-12 07:04:15
52,63814,Mert Günok,39573,Beşiktaş JK,3050,7.05,0,0,,0.04,0,0,0,0,510,63.2,1,147,33.56,1,100.0,1,1,18,306,3060,34,4,0,TUR,2024-2025,datafc_sofascore,2026-08-12 07:04:15
52,63814,Fredrik Midtsjø,98198,Eyüpspor,7040,7.04,0,2,0.06,1.51,0,1,3,0,279,82.79,11,10,66.67,8,61.54,13,5,13,87,770,9,3,0,TUR,2024-2025,datafc_sofascore,2026-08-12 07:04:15
52,63814,Kacper Kozłowski,984602,Gaziantep FK,5138,7.04,4,4,4.09,2.32,13,40,5,4,493,78.88,31,39,56.52,46,56.1,35,14,24,289,2126,27,8,1,TUR,2024-2025,datafc_sofascore,2026-08-12 07:04:15
52,63814,Deian Sorescu,797602,Gaziantep FK,5138,7.04,5,6,5.3,6.23,24,67,10,4,690,72.1,45,42,48.84,39,49.37,39,17,39,520,2760,34,7,0,TUR,2024-2025,datafc_sofascore,2026-08-12 07:04:15
52,63814,Josip Brekalo,357598,Kasımpaşa,6063,7.03,4,2,2.46,3.05,12,30,5,1,454,79.37,34,27,51.92,30,60.0,21,2,5,232,1344,23,3,1,TUR,2024-2025,datafc_sofascore,2026-08-12 07:04:15
52,63814,Taha Şahin,1394729,Çaykur Rizespor,3064,7.03,0,8,0.83,5.75,8,16,10,2,1141,83.47,48,66,45.21,32,55.17,65,48,70,472,2999,35,6,0,TUR,2024-2025,datafc_sofascore,2026-08-12 07:04:15
52,63814,Casper Højer,281233,Çaykur Rizespor,3064,7.03,1,6,0.73,5.07,4,19,9,0,708,82.52,44,43,45.74,10,76.92,34,22,64,300,2042,27,3,0,TUR,2024-2025,datafc_sofascore,2026-08-12 07:04:15
52,63814,Kévin Rodrigues,234232,Kasımpaşa,6063,7.03,1,1,0.58,1.93,7,18,2,0,932,82.62,17,73,60.33,26,61.9,81,44,58,360,2282,28,8,0,TUR,2024-2025,datafc_sofascore,2026-08-12 07:04:15
52,63814,Mert Hakan Yandaş,856849,Fenerbahçe,3052,7.02,0,2,0.47,2.04,3,7,4,1,125,89.93,10,5,50.0,6,60.0,6,5,2,45,284,13,3,0,TUR,2024-2025,datafc_sofascore,2026-08-12 07:04:15
52,63814,Erce Kardeşler,758606,Hatayspor,3091,7.02,0,0,,0.04,0,0,0,0,277,56.53,0,105,33.65,2,100.0,0,1,31,218,1710,19,5,0,TUR,2024-2025,datafc_sofascore,2026-08-12 07:04:15
52,63814,Mert Müldür,836683,Fenerbahçe,3052,7.02,3,2,1.77,1.51,5,19,2,1,825,83.25,15,48,48.98,9,47.37,57,44,60,255,1878,29,2,1,TUR,2024-2025,datafc_sofascore,2026-08-12 07:04:15
52,63814,Yusuf Sarı,896364,Başakşehir FK,3086,7.02,4,4,4.4,5.34,22,50,8,5,500,78.62,45,63,67.02,28,50.91,17,12,4,351,2038,30,2,0,TUR,2024-2025,datafc_sofascore,2026-08-12 07:04:15
52,63814,Isaac Solet,1606478,Göztepe,3054,7.02,2,1,2.33,0.6,5,12,1,3,193,70.18,14,15,50.0,20,48.78,22,11,15,152,758,11,4,0,TUR,2024-2025,datafc_sofascore,2026-08-12 07:04:15
52,63814,Hakim Ziyech,249437,Galatasaray,3061,7.02,0,1,1.4,0.53,3,11,2,2,61,79.22,5,5,62.5,4,36.36,5,0,0,48,157,5,1,0,TUR,2024-2025,datafc_sofascore,2026-08-12 07:04:15
52,63814,Mame Thiam,180981,Eyüpspor,7040,7.02,15,2,15.79,1.4,40,77,5,20,424,73.48,18,13,59.09,16,44.44,30,14,32,286,2768,32,8,0,TUR,2024-2025,datafc_sofascore,2026-08-12 07:04:15
52,63814,Carlo Holse,837012,Samsunspor,3053,7.02,7,2,9.29,2.44,23,65,6,11,859,82.28,40,42,56.76,11,47.83,62,24,30,304,2875,34,7,0,TUR,2024-2025,datafc_sofascore,2026-08-12 07:04:15
52,63814,Aytaç Kara,128196,Kasımpaşa,6063,7.01,6,1,5.52,2.15,13,57,1,4,961,85.65,29,45,60.0,10,52.63,34,12,28,278,2078,29,6,0,TUR,2024-2025,datafc_sofascore,2026-08-12 07:04:15
52,63814,Richard,897617,Alanyaspor,6362,7.01,1,3,1.94,1.56,4,22,2,2,1104,87.62,15,51,69.86,14,56.0,76,52,88,225,2646,32,12,0,TUR,2024-2025,datafc_sofascore,2026-08-12 07:04:15
52,63814,Ernest Muçi,924670,Beşiktaş JK,3050,7.01,4,2,3.71,2.7,15,44,5,3,439,83.46,19,9,52.94,27,52.94,17,9,7,212,1341,27,2,0,TUR,2024-2025,datafc_sofascore,2026-08-12 07:04:15
52,63814,Berat Özdemir,876857,Başakşehir FK,3086,7.01,0,2,0.3,2.18,1,10,4,0,973,85.43,17,105,64.42,14,87.5,42,36,49,204,2073,33,6,0,TUR,2024-2025,datafc_sofascore,2026-08-12 07:04:15
52,63814,Rachid Ghezzal,123228,Çaykur Rizespor,3064,7.01,3,2,3.4,3.7,11,25,9,2,620,79.59,36,47,63.51,17,44.74,21,14,13,318,1463,23,4,1,TUR,2024-2025,datafc_sofascore,2026-08-12 07:04:15
52,63814,Muhammed Şengezer,827418,Başakşehir FK,3086,7.01,0,0,,0.09,0,0,0,0,872,72.07,0,250,43.25,0,0.0,0,0,21,343,3060,34,4,0,TUR,2024-2025,datafc_sofascore,2026-08-12 07:04:15
52,63814,Luccas Claro,998209,Eyüpspor,7040,7.0,1,0,1.31,0.34,3,10,1,2,1531,87.94,1,116,54.98,10,76.92,40,38,162,239,2971,34,8,0,TUR,2024-2025,datafc_sofascore,2026-08-12 07:04:15
52,63814,Andraž Šporar,166987,Alanyaspor,6362,7.0,3,0,3.31,0.88,9,16,0,2,118,75.64,7,0,0.0,4,50.0,1,3,6,82,691,10,0,0,TUR,2024-2025,datafc_sofascore,2026-08-12 07:04:15
52,63814,Nicolas Janvier,802150,Alanyaspor,6362,7.0,1,4,1.91,2.43,9,38,5,2,1007,87.04,32,83,71.55,12,63.16,38,17,11,275,2052,34,5,0,TUR,2024-2025,datafc_sofascore,2026-08-12 07:04:15
52,63814,Héliton,922725,Göztepe,3054,7.0,1,0,3.37,0.83,11,45,2,3,611,74.79,9,70,42.94,15,83.33,30,33,182,235,2926,34,7,0,TUR,2024-2025,datafc_sofascore,2026-08-12 07:04:15
52,63814,Ismail Jakobs,897291,Galatasaray,3061,7.0,0,2,0.2,1.28,0,4,5,0,394,79.76,11,24,50.0,2,50.0,27,13,41,191,1189,17,2,0,TUR,2024-2025,datafc_sofascore,2026-08-12 07:04:15
52,63814,Serkan Asan,952726,Trabzonspor,3051,7.0,0,0,,0.04,0,0,0,0,34,82.93,1,0,0.0,1,100.0,2,1,2,9,87,1,0,0,TUR,2024-2025,datafc_sofascore,2026-08-12 07:04:15
52,63814,Abdurrahman Üresin,1618260,Konyaspor,3085,7.0,0,0,,0.01,0,0,0,0,26,83.87,0,1,50.0,1,100.0,1,2,3,6,90,1,0,0,TUR,2024-2025,datafc_sofascore,2026-08-12 07:04:15
52,63814,Rüzgar Adıyaman,1643688,Bodrum FK,202390,7.0,0,0,,0.0,0,0,0,0,9,52.94,0,7,46.67,0,0.0,0,0,2,8,90,1,0,0,TUR,2024-2025,datafc_sofascore,2026-08-12 07:04:15
52,63814,Tim Jabol-Folcarelli,1106446,Trabzonspor,3051,7.0,0,0,0.14,0.71,0,1,1,0,224,89.24,6,16,88.89,9,64.29,7,8,3,50,351,7,0,0,TUR,2024-2025,datafc_sofascore,2026-08-12 07:04:15
52,63814,Charis Charisis,317297,Sivasspor,3076,7.0,1,1,1.25,2.19,6,28,4,0,944,82.52,25,75,59.06,26,59.09,87,27,23,327,2836,33,8,0,TUR,2024-2025,datafc_sofascore,2026-08-12 07:04:15
52,63814,Melih Kabasakal,828872,Eyüpspor,7040,6.99,0,2,0.28,1.06,1,9,1,0,1097,90.14,14,40,61.54,17,53.13,98,51,87,209,2675,31,8,0,TUR,2024-2025,datafc_sofascore,2026-08-12 07:04:15
52,63814,Miguel Crespo,972410,Başakşehir FK,3086,6.99,2,4,2.0,2.75,6,23,8,2,662,80.34,25,34,53.97,25,46.3,71,41,35,286,2166,29,9,0,TUR,2024-2025,datafc_sofascore,2026-08-12 07:04:15
52,63814,Soner Aydoğdu,69351,Samsunspor,3053,6.99,8,1,3.25,0.66,11,22,2,4,246,84.25,12,19,63.33,2,100.0,15,3,13,77,685,29,1,0,TUR,2024-2025,datafc_sofascore,2026-08-12 07:04:15
52,63814,Jure Balkovec,171625,Alanyaspor,6362,6.99,1,2,1.72,2.88,7,21,6,1,743,79.3,26,115,54.5,5,50.0,24,19,51,330,1737,25,5,0,TUR,2024-2025,datafc_sofascore,2026-08-12 07:04:15
52,63814,Tolga Ciğerci,120298,Sivasspor,3076,6.99,0,1,0.27,1.38,1,6,2,0,536,86.87,17,73,64.04,7,63.64,18,8,32,136,885,12,2,0,TUR,2024-2025,datafc_sofascore,2026-08-12 07:04:15
52,63814,David Okereke,831290,Gaziantep FK,5138,6.99,8,3,10.1,1.94,25,60,5,10,337,71.55,20,15,60.0,21,45.65,14,4,30,258,2076,29,4,0,TUR,2024-2025,datafc_sofascore,2026-08-12 07:04:15
52,63814,Cenk Şen,957359,Bodrum FK,202390,6.99,1,0,0.25,1.65,1,4,4,1,618,77.64,23,37,31.9,22,56.41,49,52,105,334,2518,32,3,0,TUR,2024-2025,datafc_sofascore,2026-08-12 07:04:15
52,63814,Jayden Oosterwolde,1048324,Fenerbahçe,3052,6.99,0,0,0.5,0.59,2,2,2,1,235,82.46,5,15,41.67,5,71.43,9,8,22,82,706,8,3,0,TUR,2024-2025,datafc_sofascore,2026-08-12 07:04:15
52,63814,Taha Altıkardeş,1101279,Göztepe,3054,6.99,2,1,1.34,0.8,6,13,2,0,395,73.28,7,42,40.0,4,66.67,17,27,80,183,1419,23,3,0,TUR,2024-2025,datafc_sofascore,2026-08-12 07:04:15
52,63814,İrfan Can Eğribayat,594618,Fenerbahçe,3052,6.98,0,0,,0.01,0,0,0,0,243,72.54,0,87,49.15,1,100.0,0,1,8,94,1170,13,0,0,TUR,2024-2025,datafc_sofascore,2026-08-12 07:04:15
52,63814,Emirhan Topçu,895009,Beşiktaş JK,3050,6.98,1,0,0.61,0.75,3,8,1,1,917,83.36,1,61,38.85,8,80.0,33,28,131,215,1829,28,7,0,TUR,2024-2025,datafc_sofascore,2026-08-12 07:04:15
52,63814,Bilal Bayazit,825850,Kayserispor,3072,6.98,0,0,,0.03,0,0,0,0,476,63.64,0,184,40.44,1,100.0,2,1,20,279,2250,25,4,0,TUR,2024-2025,datafc_sofascore,2026-08-12 07:04:15
52,63814,Prince Ampem,923888,Eyüpspor,7040,6.98,4,0,3.28,1.39,10,32,2,1,589,84.99,22,25,69.44,55,57.29,26,18,16,266,2161,29,6,0,TUR,2024-2025,datafc_sofascore,2026-08-12 07:04:15
52,63814,Chandrel Massanga,1083138,Hatayspor,3091,6.98,1,0,0.94,2.03,6,23,3,2,808,79.29,20,89,53.94,14,70.0,30,24,75,277,1841,23,5,0,TUR,2024-2025,datafc_sofascore,2026-08-12 07:04:15
52,63814,Moatasem Al-Musrati,868958,Beşiktaş JK,3050,6.98,1,0,0.97,0.92,4,11,2,1,707,85.28,11,57,62.64,3,100.0,26,20,19,149,1177,16,4,0,TUR,2024-2025,datafc_sofascore,2026-08-12 07:04:15
52,63814,Salih Malkoçoğlu,1499364,Trabzonspor,3051,6.98,0,0,0.68,0.02,0,4,0,1,193,91.9,0,6,50.0,1,100.0,1,6,13,20,279,5,0,0,TUR,2024-2025,datafc_sofascore,2026-08-12 07:04:15
52,63814,Olivier Kemen,280447,Başakşehir FK,3086,6.97,2,8,2.77,3.82,6,24,10,5,582,74.33,41,37,46.25,30,61.22,34,13,19,367,2487,33,6,0,TUR,2024-2025,datafc_sofascore,2026-08-12 07:04:15
52,63814,Okay Yokuşlu,97967,Trabzonspor,3051,6.97,1,1,1.4,0.67,3,13,0,3,914,87.88,8,57,66.28,17,70.83,41,27,58,161,1658,23,6,0,TUR,2024-2025,datafc_sofascore,2026-08-12 07:04:15
52,63814,Kubilay Kanatsızkuş,828953,Göztepe,3054,6.97,4,1,4.52,0.85,13,25,3,5,82,59.42,17,0,0.0,2,18.18,9,3,7,118,843,18,3,0,TUR,2024-2025,datafc_sofascore,2026-08-12 07:04:15
52,63814,Stefan Savić,76265,Trabzonspor,3051,6.97,0,0,0.1,0.09,0,3,0,0,533,90.19,1,39,55.71,1,100.0,10,18,50,68,841,13,3,0,TUR,2024-2025,datafc_sofascore,2026-08-12 07:04:15
52,63814,Nuno Lima,1133301,Alanyaspor,6362,6.97,2,0,1.5,0.24,4,15,0,0,1318,87.23,4,80,43.72,2,100.0,40,21,159,212,2556,32,12,0,TUR,2024-2025,datafc_sofascore,2026-08-12 07:04:15
52,63814,Efkan Bekiroğlu,800458,Sivasspor,3076,6.96,2,3,1.99,1.58,6,24,5,2,368,86.79,13,34,77.27,7,38.89,6,1,5,116,1072,14,1,0,TUR,2024-2025,datafc_sofascore,2026-08-12 07:04:15
52,63814,Koray Günter,138165,Göztepe,3054,6.96,2,0,1.39,2.13,5,18,4,2,514,74.82,15,60,44.78,6,85.71,17,39,89,188,1752,25,3,1,TUR,2024-2025,datafc_sofascore,2026-08-12 07:04:15
52,63814,Çağlar Söyüncü,758608,Fenerbahçe,3052,6.96,1,1,1.43,0.33,4,11,1,2,694,85.15,1,30,37.97,1,33.33,39,27,83,136,1600,25,5,0,TUR,2024-2025,datafc_sofascore,2026-08-12 07:04:15
52,63814,İsmail Yüksek,952600,Fenerbahçe,3052,6.96,0,1,0.44,0.6,1,7,2,0,461,83.97,10,21,56.76,9,64.29,40,14,18,116,1011,20,6,0,TUR,2024-2025,datafc_sofascore,2026-08-12 07:04:15
52,63814,Eren Elmalı,981483,Galatasaray,3061,6.96,0,1,0.54,2.6,2,11,1,0,843,84.89,26,36,48.0,15,50.0,51,22,68,276,2389,31,6,0,TUR,2024-2025,datafc_sofascore,2026-08-12 07:04:15
52,63814,Mortadha Ben Ouanes,919225,Kasımpaşa,6063,6.96,5,4,4.65,4.41,6,30,9,1,795,78.71,34,19,26.76,15,35.71,46,27,36,383,2530,32,10,0,TUR,2024-2025,datafc_sofascore,2026-08-12 07:04:15
52,63814,Sokratis Dioudis,173933,Gaziantep FK,5138,6.96,0,0,,0.02,0,0,0,0,331,63.65,0,118,38.82,1,100.0,0,0,11,193,1659,20,1,0,TUR,2024-2025,datafc_sofascore,2026-08-12 07:04:15
52,63814,Cher Ndour,1114422,Beşiktaş JK,3050,6.95,1,2,0.98,0.6,2,5,1,1,362,82.09,6,27,51.92,12,60.0,22,8,11,110,674,12,0,0,TUR,2024-2025,datafc_sofascore,2026-08-12 07:04:15
52,63814,Fidan Aliti,385296,Alanyaspor,6362,6.95,1,0,1.31,1.51,3,20,0,2,1418,85.32,13,108,45.19,2,66.67,62,45,149,278,3046,34,9,0,TUR,2024-2025,datafc_sofascore,2026-08-12 07:04:15
52,63814,Omar Colley,238408,Beşiktaş JK,3050,6.95,0,0,,0.01,0,0,0,0,63,87.5,0,4,44.44,0,0.0,5,1,6,9,180,2,1,0,TUR,2024-2025,datafc_sofascore,2026-08-12 07:04:15
52,63814,Muhammed Gümüşkaya,929649,Gaziantep FK,5138,6.95,0,0,0.2,0.17,0,3,1,0,11,78.57,3,3,75.0,1,100.0,1,0,0,3,41,3,0,0,TUR,2024-2025,datafc_sofascore,2026-08-12 07:04:15
52,63814,John Lundstram,149815,Trabzonspor,3051,6.95,3,1,2.19,1.35,4,23,4,1,1225,87.75,16,106,61.99,6,46.15,39,16,45,218,2216,32,4,0,TUR,2024-2025,datafc_sofascore,2026-08-12 07:04:15
52,63814,Léo Duarte,839982,Başakşehir FK,3086,6.94,2,0,0.98,0.39,4,15,0,0,1170,86.6,6,64,50.39,4,33.33,42,20,83,271,2476,29,1,0,TUR,2024-2025,datafc_sofascore,2026-08-12 07:04:15
52,63814,Uroš Radaković,151900,Sivasspor,3076,6.94,4,0,3.15,0.48,8,19,0,4,986,85.52,3,96,51.34,1,100.0,36,47,186,180,2452,29,3,4,TUR,2024-2025,datafc_sofascore,2026-08-12 07:04:15
52,63814,Arlind Ajeti,111746,Bodrum FK,202390,6.94,0,0,0.65,0.52,2,8,0,1,761,78.13,6,77,35.65,8,80.0,44,40,134,244,2529,29,6,0,TUR,2024-2025,datafc_sofascore,2026-08-12 07:04:15
52,63814,Tolga Kalender,903851,Adana Demirspor,3101,6.94,1,1,0.41,0.23,4,7,0,0,658,81.54,5,39,32.5,1,100.0,53,31,124,180,1947,24,2,1,TUR,2024-2025,datafc_sofascore,2026-08-12 07:04:15
52,63814,Can Keleş,918408,Kasımpaşa,6063,6.94,3,2,2.2,1.72,11,32,2,1,191,84.89,14,3,75.0,14,43.75,6,1,2,103,799,19,2,0,TUR,2024-2025,datafc_sofascore,2026-08-12 07:04:15
52,63814,Youssef Aït Bennasser,802850,Samsunspor,3053,6.94,1,2,1.17,1.23,1,13,4,0,1207,86.65,18,105,63.64,6,66.67,54,34,62,231,2462,30,6,0,TUR,2024-2025,datafc_sofascore,2026-08-12 07:04:15
52,63814,Okan Kocuk,190179,Samsunspor,3053,6.94,0,0,,0.03,0,0,0,0,565,59.85,0,210,35.96,0,0.0,1,0,21,390,3240,36,3,0,TUR,2024-2025,datafc_sofascore,2026-08-12 07:04:15
52,63814,Badou Ndiaye,228342,Gaziantep FK,5138,6.93,1,2,2.03,1.95,6,18,3,1,831,85.14,22,46,56.1,21,72.41,64,33,31,212,2430,29,11,0,TUR,2024-2025,datafc_sofascore,2026-08-12 07:04:15
52,63814,Taylan Antalyalı,190197,Bodrum FK,202390,6.93,1,1,2.0,0.88,5,19,1,1,619,80.18,7,42,51.85,13,56.52,46,26,45,207,1857,24,2,0,TUR,2024-2025,datafc_sofascore,2026-08-12 07:04:15
52,63814,Yusuf Demirkiran,2086502,Adana Demirspor,3101,6.93,0,0,,0.0,0,0,0,0,24,68.57,0,1,16.67,0,0.0,3,2,13,11,172,3,0,0,TUR,2024-2025,datafc_sofascore,2026-08-12 07:04:15
52,63814,Yunus Emre Çift,1063325,Samsunspor,3053,6.93,0,0,0.07,0.34,0,1,1,0,313,85.52,4,22,51.16,4,66.67,25,19,55,66,940,14,2,0,TUR,2024-2025,datafc_sofascore,2026-08-12 07:04:15
52,63814,Davidson,814334,Başakşehir FK,3086,6.93,3,0,0.64,2.22,5,13,2,0,245,79.55,13,14,60.87,19,55.88,29,11,16,161,1031,19,1,0,TUR,2024-2025,datafc_sofascore,2026-08-12 07:04:15
52,63814,Onur Ergün,893009,Başakşehir FK,3086,6.93,0,0,0.21,0.82,1,6,2,1,373,83.45,8,28,59.57,1,100.0,29,18,15,92,969,17,4,0,TUR,2024-2025,datafc_sofascore,2026-08-12 07:04:15
52,63814,Mamadou Fall,822228,Kasımpaşa,6063,6.93,10,5,8.1,2.67,20,44,2,13,360,67.92,28,9,32.14,21,38.89,23,12,22,353,3031,36,2,0,TUR,2024-2025,datafc_sofascore,2026-08-12 07:04:15
52,63814,Kaan Ayhan,138152,Galatasaray,3061,6.93,1,3,1.08,2.17,6,16,4,2,698,83.59,13,63,52.94,9,69.23,38,16,57,195,1649,29,6,0,TUR,2024-2025,datafc_sofascore,2026-08-12 07:04:15
52,63814,Deniz Eren Dönmezer,1550760,Adana Demirspor,3101,6.93,0,0,,0.01,0,0,0,0,223,50.8,0,76,26.57,0,0.0,3,1,20,219,1454,17,1,0,TUR,2024-2025,datafc_sofascore,2026-08-12 07:04:15
52,63814,Ali Aytemur,802650,Bodrum FK,202390,6.93,1,0,1.21,0.29,4,15,0,1,881,77.96,8,87,36.71,5,71.43,32,30,189,282,2788,31,3,0,TUR,2024-2025,datafc_sofascore,2026-08-12 07:04:15
52,63814,Przemysław Frankowski,286909,Galatasaray,3061,6.93,0,1,0.44,1.75,2,9,1,0,397,86.87,7,16,50.0,2,33.33,17,2,22,111,784,12,2,1,TUR,2024-2025,datafc_sofascore,2026-08-12 07:04:15
52,63814,Djalma,973933,Göztepe,3054,6.93,1,2,1.09,2.17,4,26,4,1,319,65.5,22,48,45.71,28,44.44,39,20,45,436,1858,23,3,0,TUR,2024-2025,datafc_sofascore,2026-08-12 07:04:15
52,63814,Lasse Nielsen,21547,Göztepe,3054,6.93,1,3,2.2,2.47,3,18,5,3,402,66.89,21,50,41.67,7,50.0,44,24,57,327,1773,28,4,0,TUR,2024-2025,datafc_sofascore,2026-08-12 07:04:15
52,63814,Veysel Sarı,98276,Antalyaspor,3056,6.93,1,0,1.36,0.45,4,18,1,2,1470,84.97,5,137,47.4,9,75.0,52,42,124,293,2846,32,6,0,TUR,2024-2025,datafc_sofascore,2026-08-12 07:04:15
52,63814,Anel Husić,1122387,Gaziantep FK,5138,6.93,0,0,0.28,0.11,3,8,1,0,308,76.62,4,25,36.76,2,100.0,23,11,39,122,992,12,5,0,TUR,2024-2025,datafc_sofascore,2026-08-12 07:04:15
52,63814,Thalisson,863277,Antalyaspor,3056,6.92,2,0,1.95,0.49,6,14,0,6,1307,87.95,6,83,52.2,2,100.0,54,50,155,193,2701,33,10,0,TUR,2024-2025,datafc_sofascore,2026-08-12 07:04:15
52,63814,Juan Santos da Silva,1009928,Göztepe,3054,6.92,7,3,8.52,3.2,13,42,8,12,192,58.72,33,8,50.0,25,42.37,33,7,9,289,1659,26,1,0,TUR,2024-2025,datafc_sofascore,2026-08-12 07:04:15
52,63814,Sebastian Szymański,847983,Fenerbahçe,3052,6.92,3,5,5.4,7.47,11,41,11,8,542,76.45,51,39,44.83,8,33.33,50,12,18,312,2300,35,4,0,TUR,2024-2025,datafc_sofascore,2026-08-12 07:04:15
52,63814,Batista Mendy,859021,Trabzonspor,3051,6.92,1,2,2.5,1.09,8,28,2,4,1328,90.28,14,69,56.1,28,68.29,40,23,40,219,2599,32,8,1,TUR,2024-2025,datafc_sofascore,2026-08-12 07:04:15
52,63814,Andreas Gianniotis,236746,Kasımpaşa,6063,6.92,0,1,,0.12,0,0,0,0,656,68.84,1,182,38.16,2,100.0,0,1,37,305,2970,33,3,0,TUR,2024-2025,datafc_sofascore,2026-08-12 07:04:15
52,63814,Umut Meraş,609746,Eyüpspor,7040,6.92,1,0,1.48,1.45,4,12,3,1,784,83.94,12,44,50.57,19,50.0,47,40,63,262,1907,31,1,0,TUR,2024-2025,datafc_sofascore,2026-08-12 07:04:15
52,63814,Ľubomír Šatka,187231,Samsunspor,3053,6.91,0,1,0.5,0.33,3,9,1,0,1060,87.53,3,69,54.76,2,66.67,41,30,154,166,2742,31,1,0,TUR,2024-2025,datafc_sofascore,2026-08-12 07:04:15
52,63814,Stefano Denswil,97404,Trabzonspor,3051,6.91,1,0,0.62,0.35,1,5,1,0,401,91.97,1,22,56.41,3,60.0,7,4,24,40,754,9,2,0,TUR,2024-2025,datafc_sofascore,2026-08-12 07:04:15
52,63814,Bahadır Öztürk,790783,Antalyaspor,3056,6.91,0,0,0.18,0.06,0,3,1,1,248,88.57,2,15,50.0,3,60.0,16,9,33,38,657,10,1,0,TUR,2024-2025,datafc_sofascore,2026-08-12 07:04:15
52,63814,Blaž Kramer,804405,Konyaspor,3085,6.91,9,3,11.24,0.98,24,55,4,11,203,62.85,17,8,72.73,9,32.14,14,2,14,233,1995,30,8,0,TUR,2024-2025,datafc_sofascore,2026-08-12 07:04:15
52,63814,Levent Mercan,1085938,Fenerbahçe,3052,6.91,0,0,0.06,0.61,0,1,0,0,273,81.98,2,10,27.03,4,80.0,11,8,20,83,497,11,0,0,TUR,2024-2025,datafc_sofascore,2026-08-12 07:04:15
52,63814,Marko Jevtović,310068,Konyaspor,3085,6.91,3,2,1.05,1.36,10,27,4,0,638,73.59,11,41,34.45,2,25.0,57,38,51,281,2366,32,8,0,TUR,2024-2025,datafc_sofascore,2026-08-12 07:04:15
52,63814,Bengali-Fodé Koita,51407,Sivasspor,3076,6.91,5,1,3.68,1.17,16,34,0,7,366,78.04,19,9,64.29,24,61.54,11,2,17,217,1601,25,6,0,TUR,2024-2025,datafc_sofascore,2026-08-12 07:04:15
52,63814,Danylo Sikan,945479,Trabzonspor,3051,6.91,3,1,1.78,2.04,7,18,3,1,156,77.23,10,8,53.33,6,33.33,12,6,8,112,795,14,1,0,TUR,2024-2025,datafc_sofascore,2026-08-12 07:04:15
52,63814,Tonny Vilhena,149659,Alanyaspor,6362,6.91,2,1,1.07,1.14,6,13,0,3,214,78.68,13,17,65.38,4,30.77,15,5,9,131,948,14,2,0,TUR,2024-2025,datafc_sofascore,2026-08-12 07:04:15
52,63814,Mustafa Eskihellaç,899069,Trabzonspor,3051,6.91,0,3,0.93,1.84,8,25,2,1,991,83.91,28,38,43.18,57,53.27,45,31,50,362,2452,30,4,0,TUR,2024-2025,datafc_sofascore,2026-08-12 07:04:15
52,63814,Jerome Opoku,920514,Başakşehir FK,3086,6.91,3,2,3.33,1.32,10,21,3,2,1394,89.19,8,57,40.14,20,74.07,32,34,112,227,2619,33,7,1,TUR,2024-2025,datafc_sofascore,2026-08-12 07:04:15
52,63814,Vincent Aboubakar,116869,Hatayspor,3091,6.9,7,2,6.9,1.47,23,54,1,4,354,78.15,21,10,62.5,25,50.0,4,1,25,237,1974,25,3,0,TUR,2024-2025,datafc_sofascore,2026-08-12 07:04:15
52,63814,Zdravko Dimitrov,871342,Bodrum FK,202390,6.9,2,2,2.69,4.46,13,31,0,2,296,78.1,36,12,48.0,38,50.0,24,5,3,244,1513,29,1,0,TUR,2024-2025,datafc_sofascore,2026-08-12 07:04:15
52,63814,Altin Zeqiri,991742,Çaykur Rizespor,3064,6.9,3,3,2.81,2.55,9,22,5,4,270,78.03,20,26,81.25,28,59.57,22,6,8,185,1297,27,2,0,TUR,2024-2025,datafc_sofascore,2026-08-12 07:04:15
52,63814,Caner Erkin,15680,Eyüpspor,7040,6.9,0,5,0.45,6.06,5,12,9,0,537,72.86,33,67,39.41,14,60.87,14,20,49,376,1513,26,6,1,TUR,2024-2025,datafc_sofascore,2026-08-12 07:04:15
52,63814,Yucel Gurol,1106437,Adana Demirspor,3101,6.9,0,0,,0.0,0,0,0,0,4,80.0,0,0,0.0,1,100.0,1,0,0,1,12,1,0,0,TUR,2024-2025,datafc_sofascore,2026-08-12 07:04:15
52,63814,Ivo Grbić,283847,Çaykur Rizespor,3064,6.9,0,0,,0.02,0,0,0,0,508,76.74,0,96,38.87,2,100.0,1,0,24,160,1979,22,4,0,TUR,2024-2025,datafc_sofascore,2026-08-12 07:04:15
52,63814,Mahmoud Trézéguet,295361,Trabzonspor,3051,6.9,0,0,0.1,0.14,1,4,0,0,26,83.87,2,0,0.0,0,0.0,0,1,0,13,90,1,0,0,TUR,2024-2025,datafc_sofascore,2026-08-12 07:04:15
52,63814,Burak Çoban,804197,Bodrum FK,202390,6.9,0,0,0.05,0.07,0,1,0,0,9,69.23,1,0,0.0,1,50.0,2,0,0,7,60,1,0,0,TUR,2024-2025,datafc_sofascore,2026-08-12 07:04:15
52,63814,Uğurcan Yazğılı,904303,Konyaspor,3085,6.9,1,1,0.74,0.68,4,14,1,1,768,80.17,7,78,47.56,0,0.0,38,42,116,230,1978,29,3,0,TUR,2024-2025,datafc_sofascore,2026-08-12 07:04:15
52,63814,Marius Mouandilmadji,943593,Samsunspor,3053,6.89,10,4,9.36,2.71,25,67,6,14,248,56.62,24,8,47.06,20,47.62,8,3,24,323,2502,34,5,1,TUR,2024-2025,datafc_sofascore,2026-08-12 07:04:15
52,63814,Kamil Piątkowski,942335,Kasımpaşa,6063,6.89,0,1,0.02,0.53,0,1,1,0,474,81.72,1,34,43.04,2,66.67,18,27,62,122,1102,13,2,0,TUR,2024-2025,datafc_sofascore,2026-08-12 07:04:15
52,63814,Braian Samudio,892933,Antalyaspor,3056,6.89,7,1,6.3,2.43,25,55,2,9,548,69.81,21,24,54.55,18,46.15,36,3,28,375,2365,35,2,0,TUR,2024-2025,datafc_sofascore,2026-08-12 07:04:15
52,63814,Dominik Livaković,190419,Fenerbahçe,3052,6.89,0,0,,0.02,0,0,1,0,356,67.17,1,105,38.04,0,0.0,0,0,14,174,1922,22,0,0,TUR,2024-2025,datafc_sofascore,2026-08-12 07:04:15
52,63814,Alassane Ndao,1016033,Konyaspor,3085,6.89,4,1,2.51,2.12,10,23,3,3,575,83.21,23,40,54.05,23,44.23,28,17,26,274,2106,31,3,1,TUR,2024-2025,datafc_sofascore,2026-08-12 07:04:15
52,63814,Uğur Çiftçi,142850,Sivasspor,3076,6.89,1,4,0.88,3.99,1,11,13,0,834,79.96,42,39,32.77,17,40.48,64,20,80,442,2659,30,6,2,TUR,2024-2025,datafc_sofascore,2026-08-12 07:04:15
52,63814,Flavien Tait,312388,Samsunspor,3053,6.89,1,1,0.38,0.19,3,6,1,0,162,86.63,10,8,66.67,2,40.0,6,1,2,42,346,10,1,0,TUR,2024-2025,datafc_sofascore,2026-08-12 07:04:15
52,63814,Musah Mohammed,1105505,Bodrum FK,202390,6.89,0,4,1.62,1.36,7,32,4,3,457,68.72,17,69,50.0,17,65.38,28,22,58,288,1948,25,6,1,TUR,2024-2025,datafc_sofascore,2026-08-12 07:04:15
52,63814,Alexander Djiku,289977,Fenerbahçe,3052,6.89,0,0,0.8,0.34,2,9,0,0,971,88.03,2,61,58.65,3,100.0,26,41,79,138,1627,25,7,0,TUR,2024-2025,datafc_sofascore,2026-08-12 07:04:15
52,63814,Lucas Lima,248529,Başakşehir FK,3086,6.89,0,1,0.03,1.56,0,2,4,0,613,75.59,13,49,35.77,5,41.67,25,27,59,326,1649,20,1,0,TUR,2024-2025,datafc_sofascore,2026-08-12 07:04:15
52,63814,Kenan Pirić,840898,Antalyaspor,3056,6.88,0,1,,0.1,0,0,1,0,641,63.4,1,194,35.02,3,100.0,0,1,26,377,2700,30,1,0,TUR,2024-2025,datafc_sofascore,2026-08-12 07:04:15
52,63814,Halil Dervişoğlu,930775,Gaziantep FK,5138,6.88,3,3,2.95,1.25,14,26,4,2,283,74.47,20,8,66.67,40,51.28,30,7,8,239,1628,29,2,0,TUR,2024-2025,datafc_sofascore,2026-08-12 07:04:15
52,63814,Ozan Tufan,251907,Trabzonspor,3051,6.88,4,2,2.85,1.36,16,29,2,5,623,86.29,25,30,69.77,11,57.89,29,14,17,155,1709,30,3,0,TUR,2024-2025,datafc_sofascore,2026-08-12 07:04:15
52,63814,Michy Batshuayi,147745,Galatasaray,3061,6.88,5,2,5.79,0.71,8,18,2,5,111,76.55,18,6,100.0,3,30.0,3,1,0,69,410,18,1,0,TUR,2024-2025,datafc_sofascore,2026-08-12 07:04:15
52,63814,Yasin Özcan,1392102,Kasımpaşa,6063,6.88,1,1,1.55,0.98,6,15,2,1,1349,81.31,10,105,41.34,16,59.26,65,54,124,392,2788,34,7,0,TUR,2024-2025,datafc_sofascore,2026-08-12 07:04:15
52,63814,Emmanuel Boateng,580392,Gaziantep FK,5138,6.88,4,1,3.01,0.32,9,26,0,4,110,74.32,5,3,42.86,10,52.63,3,2,17,98,889,16,3,0,TUR,2024-2025,datafc_sofascore,2026-08-12 07:04:15
52,63814,Yusuf Erdoğan,256663,Konyaspor,3085,6.87,3,7,4.38,6.05,11,38,13,6,403,70.95,50,20,54.05,19,37.25,19,17,10,391,2330,34,3,0,TUR,2024-2025,datafc_sofascore,2026-08-12 07:04:15
52,63814,Umut Nayir,284767,Konyaspor,3085,6.87,6,0,5.09,0.91,17,37,0,7,203,63.24,13,3,33.33,4,40.0,6,5,15,180,1492,33,5,0,TUR,2024-2025,datafc_sofascore,2026-08-12 07:04:15
52,63814,Christopher Operi,858977,Başakşehir FK,3086,6.87,1,0,1.49,0.55,4,9,0,1,419,86.93,8,23,57.5,6,66.67,17,16,24,110,911,11,2,0,TUR,2024-2025,datafc_sofascore,2026-08-12 07:04:15
52,63814,Gianni Bruno,100680,Eyüpspor,7040,6.87,1,1,2.62,0.49,6,12,1,4,101,84.87,3,1,25.0,4,80.0,6,3,5,32,385,13,0,0,TUR,2024-2025,datafc_sofascore,2026-08-12 07:04:15
52,63814,Enric Saborit,253303,Gaziantep FK,5138,6.87,1,0,0.96,0.39,2,9,0,3,326,79.9,1,29,42.65,1,50.0,11,11,52,100,795,10,3,0,TUR,2024-2025,datafc_sofascore,2026-08-12 07:04:15
52,63814,Noah Sonko Sundberg,279541,Sivasspor,3076,6.87,2,1,1.45,0.26,6,13,2,1,805,85.82,4,49,39.84,0,0.0,31,25,155,157,2191,26,6,0,TUR,2024-2025,datafc_sofascore,2026-08-12 07:04:15
52,63814,Samu Sáiz,99527,Eyüpspor,7040,6.87,3,1,1.21,1.32,9,11,1,1,266,83.91,13,7,41.18,14,53.85,4,2,2,104,726,16,3,0,TUR,2024-2025,datafc_sofascore,2026-08-12 07:04:15
52,63814,Emersonn,1128844,Göztepe,3054,6.86,1,0,2.43,0.86,10,22,0,3,58,57.43,5,1,33.33,6,42.86,9,1,2,76,461,14,0,0,TUR,2024-2025,datafc_sofascore,2026-08-12 07:04:15
52,63814,Umut Bozok,869839,Eyüpspor,7040,6.86,3,1,3.17,0.9,7,17,1,4,165,81.68,10,11,100.0,9,50.0,10,2,8,81,712,19,4,0,TUR,2024-2025,datafc_sofascore,2026-08-12 07:04:15
52,63814,Mateusz Lis,798375,Göztepe,3054,6.86,0,0,,0.21,0,0,0,0,345,39.88,2,245,32.28,0,0.0,0,0,52,526,2880,32,2,0,TUR,2024-2025,datafc_sofascore,2026-08-12 07:04:15
52,63814,Gökhan Gül,797820,Kasımpaşa,6063,6.86,2,3,1.33,0.89,12,31,2,1,425,77.98,7,49,52.69,5,45.45,29,24,44,164,1573,25,3,0,TUR,2024-2025,datafc_sofascore,2026-08-12 07:04:15
52,63814,Amir Hadžiahmetović,795421,Beşiktaş JK,3050,6.86,1,1,0.6,2.38,3,16,3,0,1187,83.71,21,108,52.68,13,50.0,49,18,41,332,2023,32,2,1,TUR,2024-2025,datafc_sofascore,2026-08-12 07:04:15
52,63814,Salih Uçan,135695,Beşiktaş JK,3050,6.86,0,0,0.93,1.58,3,10,3,1,243,81.82,7,18,52.94,6,46.15,18,5,9,82,531,17,1,0,TUR,2024-2025,datafc_sofascore,2026-08-12 07:04:15
52,63814,Sofyan Amrabat,359272,Fenerbahçe,3052,6.85,2,3,0.53,2.02,5,14,3,0,1153,87.95,12,98,62.82,10,66.67,19,16,25,195,1791,26,9,0,TUR,2024-2025,datafc_sofascore,2026-08-12 07:04:15
52,63814,Ahmed Ildız,849329,Göztepe,3054,6.85,3,1,1.59,0.9,8,25,0,0,381,81.94,14,17,53.13,14,53.85,13,14,8,174,1090,24,2,0,TUR,2024-2025,datafc_sofascore,2026-08-12 07:04:15
52,63814,Samet Akaydın,863600,Çaykur Rizespor,3064,6.85,2,0,1.0,0.19,4,9,1,0,542,80.77,2,38,37.25,7,100.0,23,32,78,148,1375,19,7,1,TUR,2024-2025,datafc_sofascore,2026-08-12 07:04:15
52,63814,Joseph Attamah,332963,Kayserispor,3072,6.85,1,0,1.5,0.47,3,11,0,3,945,84.38,3,92,48.94,2,66.67,44,20,205,204,2697,32,3,2,TUR,2024-2025,datafc_sofascore,2026-08-12 07:04:15
52,63814,Hasan Ali Kaldırım,39847,Kayserispor,3072,6.85,2,1,0.73,1.76,4,13,2,0,474,74.18,26,50,45.87,3,42.86,27,11,42,289,1605,25,4,0,TUR,2024-2025,datafc_sofascore,2026-08-12 07:04:15
52,63814,Ousseynou Ba,889430,Başakşehir FK,3086,6.85,0,0,0.37,0.08,0,4,0,1,941,90.83,0,31,50.82,2,100.0,36,25,105,113,1657,21,8,1,TUR,2024-2025,datafc_sofascore,2026-08-12 07:04:15
52,63814,Novatus Miroshi,1103597,Göztepe,3054,6.85,4,1,2.65,0.64,7,16,2,1,430,76.24,13,21,36.21,4,80.0,34,26,52,183,1530,22,4,0,TUR,2024-2025,datafc_sofascore,2026-08-12 07:04:15
52,63814,Ivan Brnić,916182,Başakşehir FK,3086,6.85,3,0,1.08,0.9,7,12,3,1,154,81.91,7,8,50.0,3,27.27,2,0,4,89,539,11,0,0,TUR,2024-2025,datafc_sofascore,2026-08-12 07:04:15
52,63814,Duckens Nazon,796023,Kayserispor,3072,6.84,9,3,9.3,1.78,24,56,8,12,267,69.71,24,15,57.69,29,46.03,11,2,31,274,1974,33,4,0,TUR,2024-2025,datafc_sofascore,2026-08-12 07:04:15
52,63814,Majid Hosseini,359332,Kayserispor,3072,6.84,0,0,0.02,0.15,0,1,0,0,351,90.23,1,32,61.54,1,50.0,9,21,50,45,825,14,2,1,TUR,2024-2025,datafc_sofascore,2026-08-12 07:04:15
52,63814,Riechedly Bazoer,227196,Konyaspor,3085,6.84,2,2,0.66,0.78,2,7,4,0,752,84.97,7,90,52.02,2,100.0,15,15,81,150,1924,25,8,0,TUR,2024-2025,datafc_sofascore,2026-08-12 07:04:15
52,63814,Andreaw Gravillon,827934,Adana Demirspor,3101,6.84,2,0,1.11,0.16,5,13,0,0,270,81.82,5,33,52.38,8,66.67,4,8,22,91,720,8,0,0,TUR,2024-2025,datafc_sofascore,2026-08-12 07:04:15
52,63814,Malcom Bokele,1122632,Göztepe,3054,6.84,1,0,1.98,0.66,5,12,1,6,677,74.15,3,75,42.37,3,100.0,15,43,144,277,2492,31,6,0,TUR,2024-2025,datafc_sofascore,2026-08-12 07:04:15
52,63814,Semih Güler,325155,Gaziantep FK,5138,6.83,3,0,1.37,0.74,7,20,2,0,1190,82.87,9,175,50.72,5,83.33,32,27,142,277,2673,33,8,0,TUR,2024-2025,datafc_sofascore,2026-08-12 07:04:15
52,63814,Yusuf Özdemir,1084884,Alanyaspor,6362,6.83,5,2,3.96,1.61,11,24,1,5,674,77.12,23,35,36.84,18,43.9,49,26,46,395,2666,33,8,1,TUR,2024-2025,datafc_sofascore,2026-08-12 07:04:15
52,63814,Carlos Mané,859748,Kayserispor,3072,6.83,3,2,3.74,3.0,10,26,6,5,371,76.97,24,19,59.38,23,46.0,29,21,13,230,1612,30,4,0,TUR,2024-2025,datafc_sofascore,2026-08-12 07:04:15
52,63814,Serdar Gürler,96520,Başakşehir FK,3086,6.83,1,1,2.74,0.83,5,15,1,5,157,80.51,11,7,58.33,3,37.5,13,3,4,82,648,12,2,0,TUR,2024-2025,datafc_sofascore,2026-08-12 07:04:15
52,63814,Arda Usluoğlu,1618838,Alanyaspor,6362,6.83,1,0,0.62,0.01,2,7,0,1,16,76.19,1,2,100.0,0,0.0,1,0,1,8,114,7,0,0,TUR,2024-2025,datafc_sofascore,2026-08-12 07:04:15
52,63814,Muhammet Tunahan Taşçı,980612,Konyaspor,3085,6.83,1,1,0.69,0.88,2,11,2,1,144,76.6,10,4,30.77,13,54.17,8,3,3,97,536,13,2,0,TUR,2024-2025,datafc_sofascore,2026-08-12 07:04:15
52,63814,Nabil Alioui,873049,Adana Demirspor,3101,6.83,5,3,3.13,2.01,14,37,5,1,333,71.0,27,17,39.53,26,47.27,8,8,9,301,1527,27,0,0,TUR,2024-2025,datafc_sofascore,2026-08-12 07:04:15
52,63814,Furkan Soyalp,226992,Gaziantep FK,5138,6.83,2,1,0.79,0.75,3,10,2,1,200,73.53,11,24,52.17,1,50.0,21,6,11,103,584,18,2,0,TUR,2024-2025,datafc_sofascore,2026-08-12 07:04:15
52,63814,Sam Larsson,229800,Antalyaspor,3056,6.83,6,5,4.21,3.37,15,32,8,5,636,76.63,34,32,82.05,25,40.98,25,14,3,384,2380,29,2,0,TUR,2024-2025,datafc_sofascore,2026-08-12 07:04:15
52,63814,Yusuf Akçiçek,1479523,Fenerbahçe,3052,6.83,0,0,,0.08,0,0,0,0,275,93.22,0,18,62.07,0,0.0,10,6,23,27,425,9,0,0,TUR,2024-2025,datafc_sofascore,2026-08-12 07:04:15
52,63814,David Akintola,798676,Çaykur Rizespor,3064,6.82,3,5,4.62,3.66,8,37,9,5,453,77.3,26,18,72.0,47,58.02,30,6,22,343,2170,32,7,0,TUR,2024-2025,datafc_sofascore,2026-08-12 07:04:15
52,63814,Rony Lopes,190147,Alanyaspor,6362,6.82,0,1,0.4,1.37,4,12,2,0,134,82.21,12,9,50.0,3,42.86,8,0,1,69,332,15,1,0,TUR,2024-2025,datafc_sofascore,2026-08-12 07:04:15
52,63814,Tarık Çetin,913985,Çaykur Rizespor,3064,6.82,0,0,,0.01,0,0,0,0,185,62.29,1,75,40.32,0,0.0,1,0,9,113,901,11,1,0,TUR,2024-2025,datafc_sofascore,2026-08-12 07:04:15
52,63814,Abdulkadir Parmak,344225,Hatayspor,3091,6.82,2,1,1.27,1.15,7,21,4,1,720,88.67,13,30,62.5,17,65.38,29,19,32,153,1766,26,5,0,TUR,2024-2025,datafc_sofascore,2026-08-12 07:04:15
52,63814,Enis Destan,1012480,Trabzonspor,3051,6.82,0,1,0.88,0.33,6,13,1,1,93,69.92,4,2,100.0,8,100.0,10,2,6,70,527,18,2,0,TUR,2024-2025,datafc_sofascore,2026-08-12 07:04:15
52,63814,Samuel Moutoussamy,892624,Sivasspor,3076,6.82,0,2,1.51,1.38,7,23,2,1,875,83.89,26,41,42.71,20,57.14,56,23,34,270,2430,30,4,0,TUR,2024-2025,datafc_sofascore,2026-08-12 07:04:15
52,63814,Ogün Bayrak,903999,Göztepe,3054,6.81,0,0,0.47,1.9,1,11,1,0,388,76.53,18,23,41.07,11,45.83,44,20,37,267,1655,24,2,1,TUR,2024-2025,datafc_sofascore,2026-08-12 07:04:15
52,63814,Vedat Karakuş,847353,Adana Demirspor,3101,6.81,0,0,,0.02,0,0,0,0,228,62.64,1,55,29.41,0,0.0,3,2,17,139,1277,16,3,0,TUR,2024-2025,datafc_sofascore,2026-08-12 07:04:15
52,63814,Hamza Güreler,1562294,Başakşehir FK,3086,6.81,0,0,0.34,0.19,1,4,0,1,643,86.66,0,26,49.06,2,50.0,29,21,64,117,1136,20,4,0,TUR,2024-2025,datafc_sofascore,2026-08-12 07:04:15
52,63814,Sander van de Streek,220155,Antalyaspor,3056,6.81,2,1,4.07,3.13,12,42,7,9,454,72.41,31,18,40.0,25,39.68,42,12,26,349,1997,31,3,0,TUR,2024-2025,datafc_sofascore,2026-08-12 07:04:15
52,63814,Kerem Demirbay,142619,Galatasaray,3061,6.81,0,1,1.01,1.2,1,15,3,2,224,81.45,12,7,33.33,4,50.0,19,9,6,92,585,20,2,0,TUR,2024-2025,datafc_sofascore,2026-08-12 07:04:15
52,63814,Ramzi Safouri,186949,Antalyaspor,3056,6.8,4,1,3.45,3.08,13,34,5,3,458,79.93,24,30,61.22,14,53.85,15,2,8,254,1581,28,3,0,TUR,2024-2025,datafc_sofascore,2026-08-12 07:04:15
52,63814,Kingsley Schindler,169113,Samsunspor,3053,6.8,2,1,1.08,1.9,4,21,4,0,318,73.44,15,21,38.89,16,47.06,17,10,30,245,1626,35,1,0,TUR,2024-2025,datafc_sofascore,2026-08-12 07:04:15
52,63814,Denis Drăguş,841199,Trabzonspor,3051,6.8,2,1,2.41,0.57,9,21,2,3,208,77.9,8,11,68.75,32,56.14,26,4,5,157,927,18,1,0,TUR,2024-2025,datafc_sofascore,2026-08-12 07:04:15
52,63814,Umut Güneş,876782,Başakşehir FK,3086,6.8,0,1,1.36,0.83,3,17,0,0,430,88.48,8,13,68.42,8,61.54,25,17,8,102,1065,22,0,0,TUR,2024-2025,datafc_sofascore,2026-08-12 07:04:15
52,63814,Nevzat Gezer,2010873,Gaziantep FK,5138,6.8,0,0,,0.0,0,0,0,0,10,100.0,0,0,0.0,1,100.0,0,0,0,1,8,1,0,0,TUR,2024-2025,datafc_sofascore,2026-08-12 07:04:15
52,63814,Bartuğ Elmaz,997165,Fenerbahçe,3052,6.8,0,0,,0.35,0,0,1,0,13,92.86,1,0,0.0,0,0.0,2,0,1,1,22,2,1,0,TUR,2024-2025,datafc_sofascore,2026-08-12 07:04:15
52,63814,Đorđe Nikolić,797144,Sivasspor,3076,6.8,0,0,,0.02,0,0,0,0,182,61.69,1,75,40.32,0,0.0,1,0,15,115,945,11,4,0,TUR,2024-2025,datafc_sofascore,2026-08-12 07:04:15
52,63814,Bright Osayi-Samuel,791616,Fenerbahçe,3052,6.8,0,0,0.44,1.15,3,9,1,1,504,90.48,14,13,61.9,9,39.13,24,7,20,116,1368,25,2,0,TUR,2024-2025,datafc_sofascore,2026-08-12 07:04:15
52,63814,Yusuf Inci,1529978,Kasımpaşa,6063,6.8,0,0,0.16,0.01,1,3,0,0,25,69.44,0,1,25.0,0,0.0,5,0,0,14,67,4,0,0,TUR,2024-2025,datafc_sofascore,2026-08-12 07:04:15
52,63814,Hüseyin Türkmen,913994,Trabzonspor,3051,6.8,0,0,0.08,0.15,0,2,1,0,128,84.77,3,10,55.56,0,0.0,5,5,14,30,310,5,1,0,TUR,2024-2025,datafc_sofascore,2026-08-12 07:04:15
52,63814,Hasan Yakub İlçin,2031279,Antalyaspor,3056,6.8,0,0,0.05,0.01,1,2,0,0,31,86.11,1,5,83.33,1,100.0,1,0,0,7,126,2,0,0,TUR,2024-2025,datafc_sofascore,2026-08-12 07:04:15
52,63814,Rúben Vezo,233180,Eyüpspor,7040,6.8,0,1,0.39,0.52,0,6,2,0,594,81.71,9,51,52.58,14,70.0,34,21,78,199,1710,26,2,0,TUR,2024-2025,datafc_sofascore,2026-08-12 07:04:15
52,63814,Ertuğrul Ersoy,355004,Gaziantep FK,5138,6.79,1,0,0.52,0.48,3,4,1,1,309,81.75,4,19,35.85,3,75.0,25,14,43,80,913,17,4,0,TUR,2024-2025,datafc_sofascore,2026-08-12 07:04:15
52,63814,Kuryu Matsuki,1154637,Göztepe,3054,6.79,2,4,3.13,2.24,10,24,6,4,180,70.59,29,9,60.0,7,36.84,18,2,9,172,1025,28,5,0,TUR,2024-2025,datafc_sofascore,2026-08-12 07:04:15
52,63814,Rodrigo Becão,880207,Fenerbahçe,3052,6.79,1,0,0.26,0.05,1,6,0,0,297,86.59,0,9,34.62,1,50.0,7,4,23,57,605,11,1,0,TUR,2024-2025,datafc_sofascore,2026-08-12 07:04:15
52,63814,Attila Mocsi,889382,Çaykur Rizespor,3064,6.79,0,0,0.36,0.72,0,5,0,0,1412,85.32,6,119,47.04,6,85.71,39,23,137,275,2829,33,7,0,TUR,2024-2025,datafc_sofascore,2026-08-12 07:04:15
52,63814,Melih İbrahimoğlu,998462,Konyaspor,3085,6.79,0,0,0.79,1.59,4,21,3,0,595,84.4,16,48,55.81,20,64.52,43,21,15,178,1554,29,6,1,TUR,2024-2025,datafc_sofascore,2026-08-12 07:04:15
52,63814,Garry Rodrigues,787429,Sivasspor,3076,6.79,4,3,4.33,1.51,12,30,6,6,345,84.35,14,7,53.85,21,47.73,17,8,4,208,1803,27,3,0,TUR,2024-2025,datafc_sofascore,2026-08-12 07:04:15
52,63814,Pedro Brazão,981535,Bodrum FK,202390,6.79,1,0,1.26,1.91,6,21,1,1,233,77.41,15,14,51.85,36,57.14,25,5,2,161,940,24,2,0,TUR,2024-2025,datafc_sofascore,2026-08-12 07:04:15
52,63814,Lamine Diack,982317,Hatayspor,3091,6.79,0,1,0.7,0.83,0,11,0,1,653,82.87,5,36,59.02,12,60.0,54,25,34,178,1635,21,4,0,TUR,2024-2025,datafc_sofascore,2026-08-12 07:04:15
52,63814,Anthony Dennis,1484438,Göztepe,3054,6.78,0,2,0.99,2.02,0,31,7,0,804,78.52,28,41,49.4,39,61.9,74,47,32,392,2671,32,9,1,TUR,2024-2025,datafc_sofascore,2026-08-12 07:04:15
52,63814,Fatih Aksoy,827922,Alanyaspor,6362,6.78,0,0,1.15,0.97,3,14,2,1,710,81.52,8,61,47.29,12,100.0,37,11,79,187,1595,25,4,0,TUR,2024-2025,datafc_sofascore,2026-08-12 07:04:15
52,63814,Joelson Fernandes,1032547,Hatayspor,3091,6.78,3,3,2.58,3.35,20,50,6,1,376,85.26,28,10,50.0,27,33.75,29,10,15,289,2273,34,8,0,TUR,2024-2025,datafc_sofascore,2026-08-12 07:04:15
52,63814,Güray Vural,43559,Antalyaspor,3056,6.78,0,1,1.14,2.32,4,30,5,0,948,84.27,17,47,50.54,12,57.14,46,24,61,345,2403,28,4,1,TUR,2024-2025,datafc_sofascore,2026-08-12 07:04:15
52,63814,Murat Paluli,893014,Sivasspor,3076,6.78,1,4,0.49,1.87,4,11,5,0,792,82.5,21,38,44.19,30,53.57,49,26,73,341,2738,31,9,2,TUR,2024-2025,datafc_sofascore,2026-08-12 07:04:15
52,63814,Julian Jeanvier,250477,Kayserispor,3072,6.78,0,0,0.27,0.04,1,4,0,0,347,86.75,0,25,60.98,1,33.33,16,16,55,61,955,15,2,0,TUR,2024-2025,datafc_sofascore,2026-08-12 07:04:15
52,63814,George Pușcaș,190319,Bodrum FK,202390,6.78,8,1,7.99,1.27,20,49,1,8,211,69.41,18,4,100.0,15,45.45,11,3,16,227,1890,34,1,0,TUR,2024-2025,datafc_sofascore,2026-08-12 07:04:15
52,63814,Maestro,1002146,Adana Demirspor,3101,6.78,1,1,0.64,0.77,9,20,1,0,1131,88.29,13,46,56.79,42,68.85,66,32,41,257,2808,32,6,0,TUR,2024-2025,datafc_sofascore,2026-08-12 07:04:15
52,63814,Yalçın Kayan,945548,Eyüpspor,7040,6.78,0,0,0.34,1.47,1,8,2,0,536,88.74,13,18,54.55,20,50.0,22,9,17,163,1207,18,4,0,TUR,2024-2025,datafc_sofascore,2026-08-12 07:04:15
52,63814,Semih Kılıçsoy,1142606,Beşiktaş JK,3050,6.77,3,2,4.31,1.82,13,35,7,4,222,75.25,15,5,38.46,36,57.14,11,3,6,201,1317,32,3,1,TUR,2024-2025,datafc_sofascore,2026-08-12 07:04:15
52,63814,Emrah Başsan,174141,Sivasspor,3076,6.77,2,1,1.25,1.09,9,16,2,1,165,71.74,16,16,50.0,11,36.67,17,2,9,162,824,19,1,0,TUR,2024-2025,datafc_sofascore,2026-08-12 07:04:15
52,63814,Arbnor Muja,890695,Samsunspor,3053,6.77,3,1,1.96,1.46,10,23,2,4,327,74.83,20,10,34.48,22,46.81,31,7,7,236,1235,33,4,0,TUR,2024-2025,datafc_sofascore,2026-08-12 07:04:15
52,63814,Hwang Ui-Jo,791314,Alanyaspor,6362,6.77,7,1,6.67,0.67,13,44,3,7,180,76.6,9,4,44.44,10,32.26,6,2,8,147,1477,30,5,0,TUR,2024-2025,datafc_sofascore,2026-08-12 07:04:15
52,63814,Alex Pritchard,180009,Sivasspor,3076,6.77,0,4,0.5,1.26,3,9,2,1,293,77.93,17,20,55.56,10,45.45,12,7,9,168,1078,20,1,0,TUR,2024-2025,datafc_sofascore,2026-08-12 07:04:15
52,63814,Tayfur Bingöl,255957,Eyüpspor,7040,6.77,5,1,4.48,1.83,10,21,5,7,685,88.5,24,29,67.44,16,55.17,42,13,29,178,1814,29,1,1,TUR,2024-2025,datafc_sofascore,2026-08-12 07:04:15
52,63814,Emre Taşdemir,190191,Gaziantep FK,5138,6.77,1,1,0.99,0.95,3,7,3,2,163,73.09,10,16,42.11,5,71.43,11,7,17,99,613,15,1,0,TUR,2024-2025,datafc_sofascore,2026-08-12 07:04:15
52,63814,Birkan Tetik,788087,Eyüpspor,7040,6.77,0,0,,0.0,0,0,0,0,59,83.1,0,7,41.18,0,0.0,1,0,2,12,225,3,0,0,TUR,2024-2025,datafc_sofascore,2026-08-12 07:04:15
52,63814,Tugay Kaçar,152437,Eyüpspor,7040,6.77,0,0,,0.01,0,0,0,0,18,81.82,0,2,100.0,0,0.0,3,1,0,5,37,3,0,0,TUR,2024-2025,datafc_sofascore,2026-08-12 07:04:15
52,63814,Yusuf Barası,1000187,Adana Demirspor,3101,6.77,8,2,6.5,1.12,16,41,1,4,351,83.57,19,10,62.5,27,40.3,10,10,12,210,2195,29,1,1,TUR,2024-2025,datafc_sofascore,2026-08-12 07:04:15
52,63814,Ali Karimi,803869,Kayserispor,3072,6.77,1,2,2.35,3.11,8,19,6,4,604,74.11,21,37,37.76,11,47.83,43,20,56,323,1811,29,3,0,TUR,2024-2025,datafc_sofascore,2026-08-12 07:04:15
52,63814,Philippe Keny,988909,Başakşehir FK,3086,6.76,4,3,3.09,1.29,9,26,5,1,152,63.6,12,5,41.67,13,41.94,5,2,9,186,1071,27,3,0,TUR,2024-2025,datafc_sofascore,2026-08-12 07:04:15
52,63814,Adolfo Gaich,940692,Antalyaspor,3056,6.76,8,0,7.77,0.35,18,34,1,7,146,64.6,8,1,20.0,8,50.0,3,3,6,120,1307,33,4,0,TUR,2024-2025,datafc_sofascore,2026-08-12 07:04:15
52,63814,Salih Kavrazlı,964233,Adana Demirspor,3101,6.76,4,0,0.6,0.56,12,15,0,0,128,79.01,10,4,44.44,4,33.33,7,4,3,89,693,16,1,0,TUR,2024-2025,datafc_sofascore,2026-08-12 07:04:15
52,63814,Uzeyir Ergun,996122,Bodrum FK,202390,6.76,0,1,0.18,2.2,0,7,5,0,324,69.83,20,24,29.27,10,52.63,44,18,68,282,1618,25,2,0,TUR,2024-2025,datafc_sofascore,2026-08-12 07:04:15
52,63814,Yusuf Demir,962283,Galatasaray,3061,6.76,0,0,1.81,0.26,4,11,0,2,49,81.67,3,1,100.0,3,75.0,1,2,0,24,182,8,0,0,TUR,2024-2025,datafc_sofascore,2026-08-12 07:04:15
52,63814,Moussa Djenepo,869910,Antalyaspor,3056,6.76,2,0,0.74,0.87,4,11,0,0,153,71.5,12,4,50.0,48,55.17,14,6,6,188,1071,23,8,0,TUR,2024-2025,datafc_sofascore,2026-08-12 07:04:15
52,63814,Alex Oxlade-Chamberlain,10577,Beşiktaş JK,3050,6.76,1,0,0.66,0.49,3,12,0,3,417,84.93,2,47,64.38,5,45.45,16,5,19,112,996,18,1,0,TUR,2024-2025,datafc_sofascore,2026-08-12 07:04:15
52,63814,İsmail Köybaşı,43605,Göztepe,3054,6.76,2,0,1.45,1.94,7,15,2,1,212,71.38,17,13,30.23,7,63.64,20,6,12,185,844,26,4,0,TUR,2024-2025,datafc_sofascore,2026-08-12 07:04:15
52,63814,Celil Yüksel,806972,Samsunspor,3053,6.76,0,1,0.09,0.25,2,4,0,0,302,79.89,3,31,55.36,5,38.46,43,12,19,112,1018,20,6,0,TUR,2024-2025,datafc_sofascore,2026-08-12 07:04:15
52,63814,Berkan Kutlu,992912,Galatasaray,3061,6.76,0,1,0.53,1.84,1,14,4,0,394,82.08,13,17,39.53,15,60.0,18,19,26,137,864,25,1,0,TUR,2024-2025,datafc_sofascore,2026-08-12 07:04:15
52,63814,Lionel Carole,122922,Kayserispor,3072,6.75,0,0,,1.03,0,0,2,0,1074,82.68,15,92,50.0,9,60.0,30,41,93,311,2486,31,2,0,TUR,2024-2025,datafc_sofascore,2026-08-12 07:04:15
52,63814,Ondřej Čelůstka,45764,Bodrum FK,202390,6.75,0,0,1.28,0.19,5,11,0,6,404,70.88,5,46,37.7,2,40.0,29,18,92,231,1871,25,5,0,TUR,2024-2025,datafc_sofascore,2026-08-12 07:04:15
52,63814,Nicholas Opoku,885683,Kasımpaşa,6063,6.75,0,0,0.62,0.39,1,5,0,1,1079,88.37,3,76,57.58,3,100.0,37,25,127,158,2204,27,9,1,TUR,2024-2025,datafc_sofascore,2026-08-12 07:04:15
52,63814,Samba Camara,837301,Sivasspor,3076,6.75,1,0,0.43,0.22,1,5,0,1,523,83.95,0,46,45.1,0,0.0,20,17,74,114,1342,20,2,0,TUR,2024-2025,datafc_sofascore,2026-08-12 07:04:15
52,63814,Giannis Papanikolaou,856988,Çaykur Rizespor,3064,6.75,0,0,1.09,0.46,4,14,1,2,722,85.95,7,38,50.0,8,44.44,31,36,28,160,1590,22,7,0,TUR,2024-2025,datafc_sofascore,2026-08-12 07:04:15
52,63814,Gaius Makouta,847013,Alanyaspor,6362,6.75,1,2,3.17,1.58,6,28,1,3,956,83.71,19,46,60.53,19,45.24,17,19,11,340,2429,34,4,0,TUR,2024-2025,datafc_sofascore,2026-08-12 07:04:15
52,63814,Tayfun Aydoğan,816435,Adana Demirspor,3101,6.75,1,0,1.8,1.88,9,30,4,2,757,83.65,22,73,59.84,17,50.0,33,28,25,256,2177,30,9,0,TUR,2024-2025,datafc_sofascore,2026-08-12 07:04:15
52,63814,Kamil Ahmet Çörekçi,124728,Hatayspor,3091,6.75,0,2,0.25,0.89,0,8,2,0,690,84.46,11,45,48.91,10,76.92,45,15,67,220,1738,24,8,0,TUR,2024-2025,datafc_sofascore,2026-08-12 07:04:15
52,63814,Arif Boşluk,1138095,Trabzonspor,3051,6.75,0,1,0.29,0.36,3,8,0,0,252,84.56,5,9,52.94,8,50.0,20,11,12,99,654,16,0,0,TUR,2024-2025,datafc_sofascore,2026-08-12 07:04:15
52,63814,Yusuf Karagöz,1133582,Alanyaspor,6362,6.75,0,0,,0.0,0,0,0,0,72,82.76,0,12,46.15,0,0.0,0,0,0,15,177,2,0,0,TUR,2024-2025,datafc_sofascore,2026-08-12 07:04:15
52,63814,Danijel Aleksić,45377,Konyaspor,3085,6.75,4,0,5.37,1.64,11,43,1,6,437,75.34,8,30,48.39,8,50.0,27,9,20,211,1622,29,5,0,TUR,2024-2025,datafc_sofascore,2026-08-12 07:04:15
52,63814,Cyril Mandouki,821461,Gaziantep FK,5138,6.74,0,0,0.09,0.05,0,3,0,0,272,85.53,1,11,39.29,5,71.43,25,9,23,61,735,16,3,0,TUR,2024-2025,datafc_sofascore,2026-08-12 07:04:15
52,63814,Mert Yilmaz,881966,Antalyaspor,3056,6.74,0,2,0.18,0.39,1,5,1,0,330,86.61,7,13,43.33,12,60.0,18,15,22,119,987,19,1,0,TUR,2024-2025,datafc_sofascore,2026-08-12 07:04:15
52,63814,İzzet Çelik,826836,Adana Demirspor,3101,6.74,0,0,0.22,0.73,2,6,1,0,473,77.41,11,26,39.39,30,63.83,56,22,19,241,1716,24,7,0,TUR,2024-2025,datafc_sofascore,2026-08-12 07:04:15
52,63814,Mislav Oršić,88645,Trabzonspor,3051,6.74,0,0,0.09,0.33,3,5,1,0,59,76.62,2,3,75.0,2,22.22,5,0,2,34,202,5,0,0,TUR,2024-2025,datafc_sofascore,2026-08-12 07:04:15
52,63814,Guy-Marcelin Kilama,944222,Hatayspor,3091,6.74,1,1,0.77,0.43,2,8,2,1,959,84.64,7,71,40.34,8,61.54,40,38,145,211,2696,31,6,1,TUR,2024-2025,datafc_sofascore,2026-08-12 07:04:15
52,63814,João Figueiredo,841012,Başakşehir FK,3086,6.74,7,0,6.76,1.24,18,39,1,8,288,77.42,10,18,56.25,8,25.81,18,10,20,169,1466,34,2,0,TUR,2024-2025,datafc_sofascore,2026-08-12 07:04:15
52,63814,Louka Prip,976127,Konyaspor,3085,6.74,1,2,1.3,0.89,8,20,2,1,182,83.87,15,9,56.25,12,44.44,5,2,4,101,766,21,1,0,TUR,2024-2025,datafc_sofascore,2026-08-12 07:04:15
52,63814,Taulant Seferi,279487,Bodrum FK,202390,6.74,3,1,6.25,1.48,15,47,1,6,360,71.57,19,17,50.0,24,55.81,36,11,14,286,1982,30,3,1,TUR,2024-2025,datafc_sofascore,2026-08-12 07:04:15
52,63814,Nazım Sangaré,169425,Göztepe,3054,6.74,0,1,0.33,1.76,0,7,1,0,146,64.6,15,19,47.5,4,30.77,34,9,17,157,784,20,3,0,TUR,2024-2025,datafc_sofascore,2026-08-12 07:04:15
52,63814,Aylton Boa Morte,883918,Kayserispor,3072,6.73,4,2,5.09,1.23,12,32,3,5,182,65.94,18,8,44.44,22,42.31,9,4,8,209,1193,18,5,0,TUR,2024-2025,datafc_sofascore,2026-08-12 07:04:15
52,63814,Berkay Özcan,806964,Çaykur Rizespor,3064,6.73,1,1,2.85,0.73,7,16,2,4,445,89.18,14,23,65.71,10,83.33,16,4,14,95,1274,25,1,0,TUR,2024-2025,datafc_sofascore,2026-08-12 07:04:15
52,63814,Nikola Boranijašević,150667,Konyaspor,3085,6.73,0,0,0.34,0.71,1,8,1,0,383,70.15,10,33,32.67,15,71.43,40,22,56,255,1441,22,6,0,TUR,2024-2025,datafc_sofascore,2026-08-12 07:04:15
52,63814,Halil Akbunar,217782,Eyüpspor,7040,6.73,3,2,2.41,2.01,7,15,3,3,252,77.3,8,6,54.55,15,42.86,31,7,11,175,1242,29,3,0,TUR,2024-2025,datafc_sofascore,2026-08-12 07:04:15
52,63814,Bruno Viana,804703,Gaziantep FK,5138,6.73,0,1,0.42,0.47,1,6,3,1,948,83.89,7,72,44.72,0,0.0,30,41,126,198,2373,28,7,3,TUR,2024-2025,datafc_sofascore,2026-08-12 07:04:15
52,63814,Quentin Daubin,826605,Gaziantep FK,5138,6.73,0,0,0.14,0.94,0,3,1,0,250,86.21,4,9,56.25,5,62.5,29,12,17,62,792,19,2,1,TUR,2024-2025,datafc_sofascore,2026-08-12 07:04:15
52,63814,Arif Kocaman,1173638,Kayserispor,3072,6.73,1,0,0.63,0.02,1,1,0,0,231,87.17,1,12,40.0,0,0.0,2,6,35,36,542,8,1,0,TUR,2024-2025,datafc_sofascore,2026-08-12 07:04:15
52,63814,Murat Uğur Eser,1550761,Adana Demirspor,3101,6.73,0,0,,0.0,0,0,0,0,72,57.6,0,30,36.59,0,0.0,0,0,5,53,419,8,2,0,TUR,2024-2025,datafc_sofascore,2026-08-12 07:04:15
52,63814,Jhon Espinoza,929098,Kasımpaşa,6063,6.72,0,0,0.39,1.15,2,12,2,0,309,78.63,7,18,43.9,9,50.0,21,12,36,159,1024,22,3,0,TUR,2024-2025,datafc_sofascore,2026-08-12 07:04:15
52,63814,Cemali Sertel,929956,Hatayspor,3091,6.72,2,0,0.84,0.67,5,15,0,0,626,80.88,11,25,31.25,39,55.71,75,26,78,338,2391,31,5,0,TUR,2024-2025,datafc_sofascore,2026-08-12 07:04:15
52,63814,Bünyamin Balcı,967214,Antalyaspor,3056,6.72,0,1,0.28,0.9,2,3,2,0,550,84.62,8,34,58.62,5,45.45,38,21,38,168,1373,20,2,0,TUR,2024-2025,datafc_sofascore,2026-08-12 07:04:15
52,63814,Oleksandr Petrusenko,906673,Antalyaspor,3056,6.72,0,0,0.12,0.24,0,3,0,0,536,89.48,2,28,68.29,10,90.91,18,17,19,86,1070,21,2,0,TUR,2024-2025,datafc_sofascore,2026-08-12 07:04:15
52,63814,Kenan Özer,146364,Bodrum FK,202390,6.72,1,0,0.99,0.47,1,4,0,0,45,86.54,2,4,80.0,3,75.0,0,0,1,16,113,7,1,0,TUR,2024-2025,datafc_sofascore,2026-08-12 07:04:15
52,63814,Francisco Calvo,156400,Hatayspor,3091,6.72,1,1,3.01,0.65,6,25,0,5,906,77.7,9,94,41.78,17,65.38,44,63,102,311,2156,25,8,2,TUR,2024-2025,datafc_sofascore,2026-08-12 07:04:15
52,63814,Furkan Bayır,1003161,Göztepe,3054,6.72,1,0,0.62,0.16,2,6,1,0,335,80.92,2,22,33.85,1,50.0,13,10,43,87,872,14,2,0,TUR,2024-2025,datafc_sofascore,2026-08-12 07:04:15
52,63814,Jonathan Okoronkwo,1188543,Hatayspor,3091,6.71,3,1,3.46,0.36,7,13,1,6,62,83.78,4,0,0.0,4,44.44,7,0,5,48,451,15,1,0,TUR,2024-2025,datafc_sofascore,2026-08-12 07:04:15
52,63814,Jonathan Okita,809225,Bodrum FK,202390,6.71,0,0,2.46,1.49,8,23,1,5,195,69.4,15,10,55.56,13,52.0,16,3,9,173,1017,16,3,0,TUR,2024-2025,datafc_sofascore,2026-08-12 07:04:15
52,63814,Antonín Barák,330705,Kasımpaşa,6063,6.71,2,0,1.62,1.01,8,21,0,1,330,85.27,14,15,60.0,3,27.27,2,4,2,109,864,22,2,0,TUR,2024-2025,datafc_sofascore,2026-08-12 07:04:15
52,63814,Ömürcan Artan,1016384,Gaziantep FK,5138,6.71,0,0,0.06,0.41,1,3,1,0,136,73.12,7,11,45.83,2,40.0,18,14,14,94,615,10,1,0,TUR,2024-2025,datafc_sofascore,2026-08-12 07:04:15
52,63814,Cafú,110956,Kasımpaşa,6063,6.71,1,0,1.51,1.29,6,20,1,0,806,89.96,15,50,70.42,10,55.56,20,9,10,164,1419,34,5,0,TUR,2024-2025,datafc_sofascore,2026-08-12 07:04:15
52,63814,Keny Arroyo,1482431,Beşiktaş JK,3050,6.71,1,0,1.2,0.48,1,13,1,0,104,90.43,6,4,100.0,4,26.67,3,0,3,51,230,11,0,0,TUR,2024-2025,datafc_sofascore,2026-08-12 07:04:15
52,63814,Léo Dubois,552680,Eyüpspor,7040,6.71,0,0,0.17,0.27,1,1,1,0,278,74.53,3,15,28.85,6,46.15,15,10,28,157,915,12,0,0,TUR,2024-2025,datafc_sofascore,2026-08-12 07:04:15
52,63814,Ramazan Civelek,781408,Kayserispor,3072,6.7,3,3,1.97,1.75,6,12,3,2,469,79.09,16,23,53.49,6,26.09,25,5,29,225,1389,28,7,0,TUR,2024-2025,datafc_sofascore,2026-08-12 07:04:15
52,63814,Mithat Pala,1016393,Çaykur Rizespor,3064,6.7,0,1,0.86,1.93,2,19,4,0,590,81.27,19,39,55.71,32,60.38,50,22,47,253,1832,33,7,0,TUR,2024-2025,datafc_sofascore,2026-08-12 07:04:15
52,63814,Talha Sariarslan,1088715,Kayserispor,3072,6.7,2,1,2.84,0.63,3,10,1,2,39,73.58,3,1,100.0,0,0.0,3,0,2,29,302,16,0,0,TUR,2024-2025,datafc_sofascore,2026-08-12 07:04:15
52,63814,Ali Yavuz Kol,910091,Adana Demirspor,3101,6.7,1,5,2.01,2.46,10,43,5,2,382,70.61,37,15,48.39,56,48.28,29,8,12,379,1722,28,3,0,TUR,2024-2025,datafc_sofascore,2026-08-12 07:04:15
52,63814,Enes Keskin,897168,Alanyaspor,6362,6.7,1,0,0.69,0.22,3,3,0,1,164,79.23,2,8,47.06,5,55.56,12,7,16,65,504,11,3,0,TUR,2024-2025,datafc_sofascore,2026-08-12 07:04:15
52,63814,Boran Başkan,1974312,Trabzonspor,3051,6.7,0,0,,0.09,0,0,0,0,14,82.35,0,0,0.0,1,100.0,0,0,0,5,25,1,0,0,TUR,2024-2025,datafc_sofascore,2026-08-12 07:04:15
52,63814,Özkan Yigiter,1131626,Sivasspor,3076,6.7,0,0,,0.01,0,0,0,0,22,91.67,0,0,0.0,0,0.0,1,0,0,3,26,1,0,0,TUR,2024-2025,datafc_sofascore,2026-08-12 07:04:15
52,63814,Milad Mohammadi,812531,Adana Demirspor,3101,6.7,0,0,,0.14,0,0,0,0,41,78.85,2,1,16.67,0,0.0,7,1,5,25,180,2,1,0,TUR,2024-2025,datafc_sofascore,2026-08-12 07:04:15
52,63814,Anthony Uzodimma,993108,Kayserispor,3072,6.7,0,0,,0.0,0,0,0,0,17,89.47,0,1,100.0,0,0.0,3,1,3,6,86,2,0,0,TUR,2024-2025,datafc_sofascore,2026-08-12 07:04:15
52,63814,Oguzhan Aksoy,1640657,Sivasspor,3076,6.7,0,0,,0.0,0,0,0,0,17,77.27,0,0,0.0,0,0.0,2,2,0,9,50,5,0,0,TUR,2024-2025,datafc_sofascore,2026-08-12 07:04:15
52,63814,Borna Barišić,335301,Trabzonspor,3051,6.7,0,0,,0.09,0,0,0,0,71,88.75,1,3,50.0,1,100.0,1,2,3,21,155,9,0,0,TUR,2024-2025,datafc_sofascore,2026-08-12 07:04:15
52,63814,Juan Christian,1412631,Alanyaspor,6362,6.7,0,0,0.29,0.05,2,5,0,0,15,62.5,2,2,40.0,3,42.86,3,0,1,24,83,5,1,0,TUR,2024-2025,datafc_sofascore,2026-08-12 07:04:15
52,63814,Sefa Gulay,2121511,Adana Demirspor,3101,6.7,0,0,0.03,0.0,0,1,0,0,1,50.0,0,0,0.0,0,0.0,2,0,0,2,20,1,0,0,TUR,2024-2025,datafc_sofascore,2026-08-12 07:04:15
52,63814,Bekir Turaç Böke,997681,Sivasspor,3076,6.69,4,1,2.03,1.22,7,23,1,3,138,67.98,9,4,40.0,9,37.5,14,4,11,124,1003,29,1,0,TUR,2024-2025,datafc_sofascore,2026-08-12 07:04:15
52,63814,Carlos Strandberg,333423,Hatayspor,3091,6.69,4,0,4.52,0.72,12,29,0,5,152,67.56,9,3,75.0,10,58.82,5,3,13,138,1284,27,0,1,TUR,2024-2025,datafc_sofascore,2026-08-12 07:04:15
52,63814,Ahmet Aslan,1134098,Bodrum FK,202390,6.69,1,0,0.32,0.53,1,6,1,0,230,72.78,4,13,43.33,4,80.0,31,16,30,121,1208,22,2,0,TUR,2024-2025,datafc_sofascore,2026-08-12 07:04:15
52,63814,Azizbek Turgunboev,971572,Sivasspor,3076,6.69,0,3,0.81,1.97,2,12,6,1,292,76.24,19,22,52.38,5,31.25,29,14,28,206,1209,21,4,0,TUR,2024-2025,datafc_sofascore,2026-08-12 07:04:15
52,63814,Cihan Çanak,1127335,Trabzonspor,3051,6.69,0,1,0.74,0.59,1,13,1,1,271,85.22,7,6,75.0,14,43.75,21,3,2,146,843,23,2,0,TUR,2024-2025,datafc_sofascore,2026-08-12 07:04:15
52,63814,Oğulcan Ülgün,1063942,Konyaspor,3085,6.69,2,3,1.19,1.4,5,13,4,1,382,75.2,16,28,50.91,4,40.0,30,13,26,192,1568,29,9,1,TUR,2024-2025,datafc_sofascore,2026-08-12 07:04:15
52,63814,Dimitris Kolovetsios,68228,Kayserispor,3072,6.69,1,0,0.57,0.05,3,7,0,0,433,82.32,4,21,28.0,2,100.0,15,13,79,99,1488,19,5,0,TUR,2024-2025,datafc_sofascore,2026-08-12 07:04:15
52,63814,Victor Hugo,1170954,Göztepe,3054,6.69,2,0,4.0,1.55,8,39,4,5,243,71.05,17,13,46.43,13,38.24,18,8,12,189,1014,29,1,0,TUR,2024-2025,datafc_sofascore,2026-08-12 07:04:15
52,63814,Stéphane Bahoken,153220,Kayserispor,3072,6.69,5,1,4.98,0.45,13,35,1,6,147,72.77,4,3,37.5,5,50.0,10,3,13,110,1015,21,2,2,TUR,2024-2025,datafc_sofascore,2026-08-12 07:04:15
52,63814,Mehdi Bourabia,98003,Kayserispor,3072,6.68,1,4,2.01,2.51,4,27,6,1,536,79.53,21,20,45.45,28,54.9,20,16,33,272,2066,30,8,0,TUR,2024-2025,datafc_sofascore,2026-08-12 07:04:15
52,63814,Buluthan Bulut,1046689,Alanyaspor,6362,6.68,0,0,0.02,0.02,0,1,0,0,51,89.47,0,1,100.0,0,0.0,7,0,3,14,123,7,0,0,TUR,2024-2025,datafc_sofascore,2026-08-12 07:04:15
52,63814,Salem M'Bakata,940367,Gaziantep FK,5138,6.68,0,0,0.25,0.23,0,7,0,0,347,78.15,4,10,30.3,6,35.29,27,11,40,186,1438,22,0,0,TUR,2024-2025,datafc_sofascore,2026-08-12 07:04:15
52,63814,Sadık Çiftpınar,111811,Kasımpaşa,6063,6.68,0,0,0.05,0.08,0,1,0,0,359,86.92,1,18,51.43,1,100.0,8,19,44,58,783,17,3,0,TUR,2024-2025,datafc_sofascore,2026-08-12 07:04:15
52,63814,Ege Bilsel,1011244,Bodrum FK,202390,6.68,0,2,0.33,0.95,1,6,1,1,324,81.61,13,20,64.52,19,52.78,33,19,24,174,1191,23,2,1,TUR,2024-2025,datafc_sofascore,2026-08-12 07:04:15
52,63814,Gaëtan Laura,1004042,Samsunspor,3053,6.68,0,1,0.44,0.79,2,4,1,0,62,71.26,6,2,50.0,7,43.75,3,1,2,63,299,11,0,0,TUR,2024-2025,datafc_sofascore,2026-08-12 07:04:15
52,63814,Baktiyor Zaynutdinov,887382,Beşiktaş JK,3050,6.68,0,0,0.09,0.25,0,1,0,0,153,84.53,3,15,55.56,2,40.0,7,5,24,48,367,9,0,0,TUR,2024-2025,datafc_sofascore,2026-08-12 07:04:15
52,63814,Martin Minchev,878699,Çaykur Rizespor,3064,6.68,0,0,0.2,0.09,0,3,0,0,33,89.19,3,1,33.33,2,100.0,2,0,1,13,152,5,0,0,TUR,2024-2025,datafc_sofascore,2026-08-12 07:04:15
52,63814,Veljko Simić,188117,Sivasspor,3076,6.67,1,0,1.02,0.25,2,10,0,3,140,80.0,4,4,80.0,8,53.33,12,2,9,63,668,15,0,0,TUR,2024-2025,datafc_sofascore,2026-08-12 07:04:15
52,63814,Arda Kurtulan,1063395,Adana Demirspor,3101,6.67,1,3,0.65,1.14,3,7,1,1,553,71.82,14,33,38.37,26,48.15,71,39,107,387,2250,26,4,0,TUR,2024-2025,datafc_sofascore,2026-08-12 07:04:15
52,63814,Breyton Fougeu,1545020,Adana Demirspor,3101,6.67,0,1,0.6,0.2,1,4,0,2,99,79.84,3,3,37.5,7,63.64,17,4,5,61,498,14,0,0,TUR,2024-2025,datafc_sofascore,2026-08-12 07:04:15
52,63814,Erdem Çetinkaya,993902,Kasımpaşa,6063,6.67,0,0,,0.01,0,0,0,0,9,52.94,0,1,50.0,2,66.67,0,0,0,12,39,4,2,0,TUR,2024-2025,datafc_sofascore,2026-08-12 07:04:15
52,63814,Efe Akman,1215206,Galatasaray,3061,6.67,0,0,0.19,0.01,1,1,0,0,24,92.31,1,1,100.0,0,0.0,1,2,0,4,28,4,0,0,TUR,2024-2025,datafc_sofascore,2026-08-12 07:04:15
52,63814,Jonjo Shelvey,36465,Eyüpspor,7040,6.67,0,0,0.07,0.29,0,1,0,0,98,77.78,3,13,50.0,1,100.0,5,2,5,37,202,6,1,0,TUR,2024-2025,datafc_sofascore,2026-08-12 07:04:15
52,63814,Recep Burak Yılmaz,904172,Hatayspor,3091,6.66,1,0,0.46,0.33,2,5,0,0,651,86.0,7,22,35.48,4,57.14,21,37,92,130,1702,28,10,0,TUR,2024-2025,datafc_sofascore,2026-08-12 07:04:15
52,63814,Amar Gerxhaliu,1123371,Antalyaspor,3056,6.66,0,0,,0.05,0,0,0,0,327,89.1,0,22,47.83,2,100.0,9,10,31,44,614,15,1,0,TUR,2024-2025,datafc_sofascore,2026-08-12 07:04:15
52,63814,Mustafa Hekimoğlu,1524303,Beşiktaş JK,3050,6.66,2,1,2.21,0.92,7,18,2,5,120,75.47,4,3,50.0,6,25.0,17,4,4,112,747,20,2,0,TUR,2024-2025,datafc_sofascore,2026-08-12 07:04:15
52,63814,Onur Bulut,142494,Beşiktaş JK,3050,6.65,0,1,0.16,1.34,2,2,2,0,188,82.82,4,10,52.63,1,20.0,10,5,11,67,428,17,0,0,TUR,2024-2025,datafc_sofascore,2026-08-12 07:04:15
52,63814,Abdurrahim Dursun,883275,Antalyaspor,3056,6.65,0,0,0.02,0.29,0,1,0,0,179,75.21,4,6,22.22,5,71.43,13,12,17,114,513,17,2,0,TUR,2024-2025,datafc_sofascore,2026-08-12 07:04:15
52,63814,Efecan Karaca,60510,Alanyaspor,6362,6.65,0,0,1.48,1.94,4,12,1,2,581,81.95,14,13,48.15,13,38.24,32,12,11,237,1815,31,5,0,TUR,2024-2025,datafc_sofascore,2026-08-12 07:04:15
52,63814,Ferdi Kadıoğlu,825844,Fenerbahçe,3052,6.65,0,0,,0.02,0,0,0,0,42,82.35,0,5,100.0,0,0.0,0,0,1,14,104,2,0,0,TUR,2024-2025,datafc_sofascore,2026-08-12 07:04:15
52,63814,José Rodríguez,138394,Adana Demirspor,3101,6.65,0,0,,0.03,0,0,0,0,74,91.36,0,1,25.0,0,0.0,4,3,4,9,144,2,0,0,TUR,2024-2025,datafc_sofascore,2026-08-12 07:04:15
52,63814,Ali Arda Yildiz,2086501,Adana Demirspor,3101,6.65,0,0,,0.01,0,0,0,0,43,86.0,0,3,50.0,0,0.0,3,0,5,7,106,2,0,0,TUR,2024-2025,datafc_sofascore,2026-08-12 07:04:15
52,63814,Necip Uysal,43394,Beşiktaş JK,3050,6.65,0,0,,0.0,0,0,0,0,27,84.38,0,1,50.0,0,0.0,1,1,3,6,62,3,0,0,TUR,2024-2025,datafc_sofascore,2026-08-12 07:04:15
52,63814,Enes Ogruce,1395595,Bodrum FK,202390,6.65,0,0,0.08,0.01,1,2,0,0,26,78.79,0,2,50.0,1,33.33,6,1,0,14,72,7,1,0,TUR,2024-2025,datafc_sofascore,2026-08-12 07:04:15
52,63814,Celal Dumanli,903334,Bodrum FK,202390,6.65,0,0,1.02,0.07,3,10,0,1,42,55.26,5,1,50.0,0,0.0,9,1,5,54,354,23,3,0,TUR,2024-2025,datafc_sofascore,2026-08-12 07:04:15
52,63814,Ömer Ali Şahiner,103912,Başakşehir FK,3086,6.65,1,1,1.06,0.54,5,7,1,2,506,81.48,7,40,48.78,4,30.77,19,11,44,180,1493,22,6,0,TUR,2024-2025,datafc_sofascore,2026-08-12 07:04:15
52,63814,Jan Biegański,935966,Sivasspor,3076,6.65,0,0,0.03,0.13,0,1,0,0,131,81.37,3,5,50.0,3,100.0,9,2,17,36,368,11,3,0,TUR,2024-2025,datafc_sofascore,2026-08-12 07:04:15
52,63814,Nurettin Korkmaz,976993,Kayserispor,3072,6.64,0,0,0.04,0.09,0,1,0,0,16,44.44,1,2,33.33,0,0.0,5,1,16,29,236,10,1,0,TUR,2024-2025,datafc_sofascore,2026-08-12 07:04:15
52,63814,Taras Stepanenko,45604,Eyüpspor,7040,6.64,0,0,0.02,0.09,1,1,0,0,218,86.85,0,11,55.0,0,0.0,4,8,11,38,375,7,1,0,TUR,2024-2025,datafc_sofascore,2026-08-12 07:04:15
52,63814,Soner Gönül,867727,Samsunspor,3053,6.64,0,0,0.16,0.2,2,5,0,0,150,71.77,3,15,40.54,2,100.0,19,3,26,99,507,25,2,0,TUR,2024-2025,datafc_sofascore,2026-08-12 07:04:15
52,63814,Rigoberto Rivas,837742,Hatayspor,3091,6.64,1,2,0.65,1.71,2,10,2,1,291,72.21,15,13,25.49,9,32.14,25,13,17,208,1089,17,2,0,TUR,2024-2025,datafc_sofascore,2026-08-12 07:04:15
52,63814,Yaw Ackah,984096,Kayserispor,3072,6.64,0,0,0.37,0.16,0,5,0,0,204,85.36,4,7,50.0,4,80.0,23,7,8,50,470,22,1,0,TUR,2024-2025,datafc_sofascore,2026-08-12 07:04:15
52,63814,Taşkın Ilter,171911,Eyüpspor,7040,6.64,0,1,0.12,0.31,0,2,1,0,128,86.49,2,10,66.67,0,0.0,8,1,10,24,298,6,2,0,TUR,2024-2025,datafc_sofascore,2026-08-12 07:04:15
52,63814,Ali Şahin Yılmaz,1145980,Trabzonspor,3051,6.64,0,0,0.03,0.02,0,1,0,0,117,95.12,0,6,75.0,0,0.0,1,0,11,9,167,6,2,0,TUR,2024-2025,datafc_sofascore,2026-08-12 07:04:15
52,63814,Christopher Lungoyi,883355,Gaziantep FK,5138,6.64,2,0,2.64,1.4,16,35,1,4,251,73.18,10,6,60.0,34,38.2,28,10,18,279,1852,29,8,0,TUR,2024-2025,datafc_sofascore,2026-08-12 07:04:15
52,63814,Abat Aimbetov,189193,Adana Demirspor,3101,6.64,5,0,3.91,0.27,10,24,0,6,112,68.29,7,2,50.0,2,22.22,5,2,6,114,1266,26,5,0,TUR,2024-2025,datafc_sofascore,2026-08-12 07:04:15
52,63814,Gökhan Akkan,225012,Bodrum FK,202390,6.64,0,0,,0.01,0,0,0,0,163,70.87,0,31,31.63,0,0.0,0,0,9,68,660,8,0,0,TUR,2024-2025,datafc_sofascore,2026-08-12 07:04:15
52,63814,Ogün Özçiçek,859783,Gaziantep FK,5138,6.64,0,1,0.58,0.94,3,14,2,0,412,83.74,15,35,61.4,12,48.0,36,9,16,151,1121,25,3,0,TUR,2024-2025,datafc_sofascore,2026-08-12 07:04:15
52,63814,Soner Dikmen,847782,Antalyaspor,3056,6.63,4,0,3.6,0.89,8,18,3,3,508,82.87,8,25,49.02,3,20.0,27,20,10,196,1663,29,1,0,TUR,2024-2025,datafc_sofascore,2026-08-12 07:04:15
52,63814,David Datro Fofana,1090458,Göztepe,3054,6.63,2,0,1.52,0.08,4,5,0,1,40,70.18,3,0,0.0,6,37.5,1,1,1,53,282,9,1,0,TUR,2024-2025,datafc_sofascore,2026-08-12 07:04:15
52,63814,Kayra Cihan,1982283,Kayserispor,3072,6.63,0,0,,0.01,0,0,0,0,24,77.42,0,1,25.0,0,0.0,0,3,8,7,98,3,0,0,TUR,2024-2025,datafc_sofascore,2026-08-12 07:04:15
52,63814,Halil Ibrahim Pehlivan,777291,Çaykur Rizespor,3064,6.63,0,0,,0.26,0,0,0,0,111,82.22,3,9,45.0,2,50.0,9,1,8,47,340,6,2,0,TUR,2024-2025,datafc_sofascore,2026-08-12 07:04:15
52,63814,Josip Ćalušić,172331,Konyaspor,3085,6.63,0,0,0.14,0.03,0,3,0,0,130,91.55,1,5,55.56,1,50.0,3,5,15,18,365,6,0,0,TUR,2024-2025,datafc_sofascore,2026-08-12 07:04:15
52,63814,Ömer Faruk Beyaz,1022881,Başakşehir FK,3086,6.63,1,0,0.53,0.47,2,8,0,0,119,83.8,1,3,75.0,8,72.73,15,3,3,45,325,15,0,0,TUR,2024-2025,datafc_sofascore,2026-08-12 07:04:15
52,63814,Festy Ebosele,983059,Başakşehir FK,3086,6.63,0,0,0.04,0.79,0,1,1,0,60,83.33,3,1,25.0,10,76.92,4,0,2,20,143,7,0,0,TUR,2024-2025,datafc_sofascore,2026-08-12 07:04:15
52,63814,Rui Pedro,862672,Hatayspor,3091,6.63,1,3,1.26,0.89,5,17,2,2,385,84.99,15,18,78.26,10,37.04,4,6,5,142,1197,21,6,0,TUR,2024-2025,datafc_sofascore,2026-08-12 07:04:15
52,63814,Doğan Erdoğan,257407,Göztepe,3054,6.63,1,0,0.29,0.92,4,9,2,0,162,64.29,5,16,34.04,2,15.38,23,6,17,136,681,17,1,0,TUR,2024-2025,datafc_sofascore,2026-08-12 07:04:15
52,63814,Yigit Ali Buz,2010670,Hatayspor,3091,6.63,1,0,0.09,0.01,1,2,0,0,58,86.57,1,2,40.0,0,0.0,3,1,12,10,212,4,0,0,TUR,2024-2025,datafc_sofascore,2026-08-12 07:04:15
52,63814,Diego Carlos,604232,Fenerbahçe,3052,6.63,0,0,0.16,0.1,0,2,0,0,112,86.82,0,8,53.33,1,100.0,4,3,5,18,188,4,1,0,TUR,2024-2025,datafc_sofascore,2026-08-12 07:04:15
52,63814,Andros Townsend,47992,Antalyaspor,3056,6.62,0,0,0.34,0.96,2,7,0,0,181,78.02,7,7,29.17,8,53.33,10,5,5,119,642,18,1,0,TUR,2024-2025,datafc_sofascore,2026-08-12 07:04:15
52,63814,Bunyamin Balat,996317,Adana Demirspor,3101,6.62,1,0,1.63,1.42,5,24,2,1,517,79.54,21,27,51.92,16,42.11,41,7,19,256,1596,24,1,0,TUR,2024-2025,datafc_sofascore,2026-08-12 07:04:15
52,63814,Baran Ali Gezek,1215110,Kayserispor,3072,6.62,0,0,0.19,0.97,4,5,0,0,253,80.83,4,13,50.0,5,62.5,30,13,22,88,991,20,4,0,TUR,2024-2025,datafc_sofascore,2026-08-12 07:04:15
52,63814,Abdülkadir Ömür,826155,Çaykur Rizespor,3064,6.62,0,0,0.11,0.08,1,3,1,0,77,86.52,3,6,85.71,0,0.0,7,1,0,24,238,6,0,0,TUR,2024-2025,datafc_sofascore,2026-08-12 07:04:15
52,63814,Samet Yalçın,789102,Bodrum FK,202390,6.62,0,0,0.2,0.15,0,4,1,1,82,66.13,6,7,29.17,2,50.0,13,7,2,54,475,12,4,0,TUR,2024-2025,datafc_sofascore,2026-08-12 07:04:15
52,63814,Abdulsamet Burak,900798,Adana Demirspor,3101,6.62,0,1,0.85,1.09,1,8,4,2,1040,79.45,13,69,39.43,18,54.55,66,25,97,385,2585,32,10,0,TUR,2024-2025,datafc_sofascore,2026-08-12 07:04:15
52,63814,Hamidou Keyta,829610,Konyaspor,3085,6.61,1,0,1.35,0.32,3,10,0,4,72,69.23,4,1,20.0,15,55.56,12,3,6,77,457,18,3,0,TUR,2024-2025,datafc_sofascore,2026-08-12 07:04:15
52,63814,Erdal Rakip,319871,Antalyaspor,3056,6.61,1,1,1.1,0.75,4,16,1,1,385,75.64,6,13,32.5,9,45.0,52,23,20,185,1935,27,8,1,TUR,2024-2025,datafc_sofascore,2026-08-12 07:04:15
52,63814,Emrecan Bulut,1480663,Çaykur Rizespor,3064,6.61,2,1,1.08,0.28,3,12,0,1,78,66.67,6,3,37.5,10,31.25,19,4,7,104,536,20,2,0,TUR,2024-2025,datafc_sofascore,2026-08-12 07:04:15
52,63814,Morten Bjørlo,921358,Konyaspor,3085,6.6,0,1,0.27,0.52,1,4,2,0,78,78.79,6,5,83.33,0,0.0,4,5,6,49,320,9,0,0,TUR,2024-2025,datafc_sofascore,2026-08-12 07:04:15
52,63814,Serkan Emrecan Terzi,1142614,Beşiktaş JK,3050,6.6,0,1,0.04,0.25,0,1,0,0,75,87.21,2,2,28.57,4,57.14,0,8,5,25,216,4,1,0,TUR,2024-2025,datafc_sofascore,2026-08-12 07:04:15
52,63814,Berat Luş,1945952,Galatasaray,3061,6.6,0,0,,0.62,0,0,0,0,2,66.67,1,1,100.0,1,33.33,0,0,0,4,12,1,0,0,TUR,2024-2025,datafc_sofascore,2026-08-12 07:04:15
52,63814,Sokol Cikalleshi,81138,Konyaspor,3085,6.6,0,0,,0.01,0,0,0,0,2,50.0,1,0,0.0,0,0.0,0,0,0,3,12,1,0,0,TUR,2024-2025,datafc_sofascore,2026-08-12 07:04:15
52,63814,Kadir Karayigit,1918333,Adana Demirspor,3101,6.6,0,0,,,0,0,0,0,0,0.0,0,0,0.0,0,0.0,0,1,1,0,8,1,0,0,TUR,2024-2025,datafc_sofascore,2026-08-12 07:04:15
52,63814,Mehmet Talha Seker,1618816,Sivasspor,3076,6.6,0,0,,0.0,0,0,0,0,4,100.0,0,0,0.0,0,0.0,1,0,0,1,8,1,0,0,TUR,2024-2025,datafc_sofascore,2026-08-12 07:04:15
52,63814,Süleyman Özdamar,124952,Bodrum FK,202390,6.6,0,0,,0.0,0,0,0,0,16,94.12,0,0,0.0,0,0.0,0,2,2,2,45,1,1,0,TUR,2024-2025,datafc_sofascore,2026-08-12 07:04:15
52,63814,Ersin Aydemir,2124247,Hatayspor,3091,6.6,0,0,,0.0,0,0,0,0,8,88.89,0,0,0.0,0,0.0,1,0,1,2,9,1,0,0,TUR,2024-2025,datafc_sofascore,2026-08-12 07:04:15
52,63814,Godfrey Bitok Stephen,988050,Gaziantep FK,5138,6.6,0,0,,0.03,0,0,0,0,21,67.74,0,1,33.33,0,0.0,3,1,2,19,115,2,0,0,TUR,2024-2025,datafc_sofascore,2026-08-12 07:04:15
52,63814,Mehmet Eray Özbek,1011955,Kayserispor,3072,6.6,0,0,0.34,0.19,4,7,0,0,94,78.99,4,4,44.44,6,66.67,8,1,7,42,327,13,0,0,TUR,2024-2025,datafc_sofascore,2026-08-12 07:04:15
52,63814,Kaan Akyazı,1476229,Konyaspor,3085,6.6,0,0,0.14,0.01,0,2,0,0,14,82.35,0,0,0.0,0,0.0,2,0,0,8,48,2,0,0,TUR,2024-2025,datafc_sofascore,2026-08-12 07:04:15
52,63814,Motez Nourani,1640310,Adana Demirspor,3101,6.6,0,0,0.06,0.02,0,1,1,0,9,75.0,1,1,100.0,1,25.0,3,1,2,10,63,3,1,0,TUR,2024-2025,datafc_sofascore,2026-08-12 07:04:15
52,63814,Kenneth Omeruo,158293,Kasımpaşa,6063,6.6,0,0,0.05,0.09,0,1,0,0,80,79.21,1,7,46.67,0,0.0,2,2,4,24,160,5,1,0,TUR,2024-2025,datafc_sofascore,2026-08-12 07:04:15
52,63814,Muhammet Ali Özbaskıcı,1149024,Samsunspor,3053,6.6,0,0,0.05,0.01,1,1,0,0,10,90.91,2,0,0.0,0,0.0,4,0,0,3,10,3,0,0,TUR,2024-2025,datafc_sofascore,2026-08-12 07:04:15
52,63814,Tasos Chatzigiovanis,850770,Eyüpspor,7040,6.6,0,0,0.05,0.07,0,1,0,0,24,80.0,0,0,0.0,5,62.5,0,2,0,18,92,6,0,0,TUR,2024-2025,datafc_sofascore,2026-08-12 07:04:15
52,63814,Emrehan Gedikli,997130,Konyaspor,3085,6.6,0,0,0.05,0.09,0,1,0,0,6,66.67,1,0,0.0,0,0.0,0,0,0,3,21,2,0,0,TUR,2024-2025,datafc_sofascore,2026-08-12 07:04:15
52,63814,Muhamed Buljubašić,1134586,Çaykur Rizespor,3064,6.59,0,0,0.16,0.12,0,3,0,0,166,84.26,3,9,45.0,4,50.0,13,4,12,49,387,20,2,0,TUR,2024-2025,datafc_sofascore,2026-08-12 07:04:15
52,63814,Funsho Bamgboye,822469,Hatayspor,3091,6.59,2,0,3.13,1.1,12,26,2,4,226,65.7,21,5,33.33,13,23.21,41,15,14,275,1522,31,7,0,TUR,2024-2025,datafc_sofascore,2026-08-12 07:04:15
52,63814,Achilleas Poungouras,783466,Sivasspor,3076,6.59,0,0,0.4,0.41,0,3,0,1,329,86.58,1,8,29.63,0,0.0,23,6,18,64,884,19,1,0,TUR,2024-2025,datafc_sofascore,2026-08-12 07:04:15
52,63814,Mirza Cihan,909289,Gaziantep FK,5138,6.59,0,0,0.11,0.02,0,3,1,0,22,70.97,1,4,100.0,5,71.43,3,1,5,24,127,8,0,0,TUR,2024-2025,datafc_sofascore,2026-08-12 07:04:15
52,63814,Cenk Tosun,72127,Fenerbahçe,3052,6.58,1,0,0.84,0.21,3,6,1,2,20,58.82,6,0,0.0,0,0.0,1,0,0,22,166,12,0,0,TUR,2024-2025,datafc_sofascore,2026-08-12 07:04:15
52,63814,Gökdeniz Bayrakdar,952564,Bodrum FK,202390,6.58,0,0,2.36,0.54,7,30,1,3,216,69.45,12,12,46.15,17,33.33,24,6,13,220,1541,28,3,0,TUR,2024-2025,datafc_sofascore,2026-08-12 07:04:15
52,63814,Kenan Kodro,591140,Gaziantep FK,5138,6.58,2,0,2.39,0.25,9,14,0,4,117,72.22,6,0,0.0,3,60.0,0,2,9,76,779,27,2,0,TUR,2024-2025,datafc_sofascore,2026-08-12 07:04:15
52,63814,Queensy Menig,232318,Sivasspor,3076,6.58,2,0,1.12,0.58,2,4,1,0,50,70.42,2,1,25.0,0,0.0,5,1,2,42,283,15,1,0,TUR,2024-2025,datafc_sofascore,2026-08-12 07:04:15
52,63814,Matchoi Djaló,989599,Başakşehir FK,3086,6.58,0,0,1.74,0.16,1,7,0,4,40,86.96,2,2,66.67,3,60.0,4,0,1,17,170,9,0,0,TUR,2024-2025,datafc_sofascore,2026-08-12 07:04:15
52,63814,Keita Baldé,317699,Sivasspor,3076,6.57,1,0,0.52,0.38,2,9,0,0,78,80.41,5,2,66.67,6,46.15,5,1,4,55,442,11,3,1,TUR,2024-2025,datafc_sofascore,2026-08-12 07:04:15
52,63814,Emirhan Başyiğit,1149004,Sivasspor,3076,6.57,0,0,0.12,0.05,0,2,0,0,153,82.7,0,12,42.86,1,100.0,6,5,27,38,568,12,0,0,TUR,2024-2025,datafc_sofascore,2026-08-12 07:04:15
52,63814,Gabriel Obekpa,1481257,Bodrum FK,202390,6.57,0,0,0.19,0.01,1,3,0,0,29,80.56,0,2,50.0,0,0.0,2,0,3,9,96,3,0,0,TUR,2024-2025,datafc_sofascore,2026-08-12 07:04:15
52,63814,Dorukhan Toköz,796133,Eyüpspor,7040,6.56,0,0,0.39,0.31,1,3,0,1,109,71.24,2,11,30.56,4,66.67,10,10,31,58,509,18,3,0,TUR,2024-2025,datafc_sofascore,2026-08-12 07:04:15
52,63814,Tayyip Talha Sanuç,851909,Beşiktaş JK,3050,6.56,0,0,0.07,0.05,0,2,0,0,251,86.55,0,11,42.31,1,100.0,12,8,30,47,566,15,1,2,TUR,2024-2025,datafc_sofascore,2026-08-12 07:04:15
52,63814,Victor Nelsson,846148,Galatasaray,3061,6.56,0,0,0.12,0.02,1,1,0,0,132,78.11,1,7,26.92,0,0.0,1,6,13,42,300,11,0,0,TUR,2024-2025,datafc_sofascore,2026-08-12 07:04:15
52,63814,Seyfettin Anıl Yaşar,999646,Çaykur Rizespor,3064,6.56,0,0,0.08,0.01,0,2,0,0,135,87.1,1,8,42.11,0,0.0,2,5,12,20,232,9,0,0,TUR,2024-2025,datafc_sofascore,2026-08-12 07:04:15
52,63814,Ozan Demirbağ,1654166,Adana Demirspor,3101,6.55,1,0,1.29,0.26,8,21,0,2,123,69.1,9,3,33.33,11,52.38,13,4,8,115,914,29,1,0,TUR,2024-2025,datafc_sofascore,2026-08-12 07:04:15
52,63814,Recep Niyaz,116944,Eyüpspor,7040,6.55,0,0,,0.0,0,0,0,0,14,93.33,0,0,0.0,0,0.0,1,1,0,2,44,2,0,0,TUR,2024-2025,datafc_sofascore,2026-08-12 07:04:15
52,63814,Sinan Gümüş,169165,Eyüpspor,7040,6.55,0,0,,0.0,0,0,0,0,5,100.0,0,1,100.0,0,0.0,0,1,0,1,22,3,0,0,TUR,2024-2025,datafc_sofascore,2026-08-12 07:04:15
52,63814,Benhur Keser,899402,Çaykur Rizespor,3064,6.55,0,0,,0.03,0,0,0,0,14,73.68,0,0,0.0,3,60.0,1,0,0,9,59,4,0,0,TUR,2024-2025,datafc_sofascore,2026-08-12 07:04:15
52,63814,Édouard Michut,1048011,Adana Demirspor,3101,6.55,0,0,0.14,0.05,1,2,0,0,60,89.55,1,2,100.0,0,0.0,3,2,0,23,169,2,0,0,TUR,2024-2025,datafc_sofascore,2026-08-12 07:04:15
52,63814,Poyraz Efe Yıldırım,1195797,Trabzonspor,3051,6.55,0,0,0.06,0.02,0,1,0,0,10,83.33,0,0,0.0,0,0.0,3,0,0,8,83,6,0,0,TUR,2024-2025,datafc_sofascore,2026-08-12 07:04:15
52,63814,Berkay Topdemir,1961825,Antalyaspor,3056,6.55,0,0,0.06,0.0,0,1,0,0,11,100.0,0,0,0.0,0,0.0,0,2,0,1,34,2,0,0,TUR,2024-2025,datafc_sofascore,2026-08-12 07:04:15
52,63814,Dal Varešanović,979109,Çaykur Rizespor,3064,6.55,3,1,9.31,1.96,22,56,5,16,474,80.07,12,17,47.22,22,37.29,27,6,7,264,2024,32,5,1,TUR,2024-2025,datafc_sofascore,2026-08-12 07:04:15
52,63814,Václav Jurečka,225850,Çaykur Rizespor,3064,6.55,1,1,2.32,0.76,7,14,2,4,114,77.55,8,1,33.33,6,75.0,13,3,4,79,762,28,2,0,TUR,2024-2025,datafc_sofascore,2026-08-12 07:04:15
52,63814,Kerim Alıcı,758870,Hatayspor,3091,6.55,1,1,0.67,0.58,3,4,1,1,230,76.92,4,15,40.54,3,33.33,19,12,44,107,973,19,1,0,TUR,2024-2025,datafc_sofascore,2026-08-12 07:04:15
52,63814,Alaaddin Okumuş,844640,Sivasspor,3076,6.54,0,0,,0.08,0,0,0,0,113,79.58,3,3,20.0,1,20.0,6,2,15,50,368,6,0,0,TUR,2024-2025,datafc_sofascore,2026-08-12 07:04:15
52,63814,Loret Sadiku,143356,Kasımpaşa,6063,6.54,0,0,,0.17,0,0,0,0,168,80.38,2,13,61.9,1,100.0,6,7,5,52,457,11,0,0,TUR,2024-2025,datafc_sofascore,2026-08-12 07:04:15
52,63814,Yasir Subaşı,796555,Konyaspor,3085,6.54,0,0,0.03,0.16,0,1,0,0,67,83.75,1,2,28.57,0,0.0,0,4,8,26,264,5,0,0,TUR,2024-2025,datafc_sofascore,2026-08-12 07:04:15
52,63814,Christophe Herelle,225092,Bodrum FK,202390,6.54,0,0,0.17,0.05,0,2,0,0,216,81.82,1,16,34.78,1,50.0,13,11,47,52,793,15,0,0,TUR,2024-2025,datafc_sofascore,2026-08-12 07:04:15
52,63814,Ziya Erdal,138312,Sivasspor,3076,6.54,0,0,,0.21,0,0,0,0,122,76.25,3,11,36.67,2,50.0,8,3,9,59,423,12,5,0,TUR,2024-2025,datafc_sofascore,2026-08-12 07:04:15
52,63814,Dimitrios Pelkas,139304,Başakşehir FK,3086,6.53,0,2,0.65,1.6,1,6,3,2,60,76.92,11,3,50.0,4,66.67,4,3,4,37,297,11,0,1,TUR,2024-2025,datafc_sofascore,2026-08-12 07:04:15
52,63814,İlker Karakaş,921406,Gaziantep FK,5138,6.53,0,1,,0.0,0,0,0,0,6,54.55,1,0,0.0,0,0.0,1,1,0,8,44,4,0,0,TUR,2024-2025,datafc_sofascore,2026-08-12 07:04:15
52,63814,Jean Onana,978301,Beşiktaş JK,3050,6.53,0,0,,0.0,0,0,0,0,15,68.18,0,2,40.0,0,0.0,1,2,6,9,52,3,0,0,TUR,2024-2025,datafc_sofascore,2026-08-12 07:04:15
52,63814,Patryk Szysz,831930,Başakşehir FK,3086,6.53,0,0,,0.01,0,0,0,0,19,82.61,0,0,0.0,1,50.0,0,3,0,13,79,3,0,0,TUR,2024-2025,datafc_sofascore,2026-08-12 07:04:15
52,63814,Taha Özmert,1979695,Antalyaspor,3056,6.53,0,0,,0.0,0,0,0,0,1,100.0,0,0,0.0,0,0.0,1,0,0,1,33,3,0,0,TUR,2024-2025,datafc_sofascore,2026-08-12 07:04:15
52,63814,Cengiz Ünder,758876,Fenerbahçe,3052,6.53,0,0,0.15,0.1,0,2,0,0,17,77.27,0,1,33.33,0,0.0,1,0,0,10,30,3,1,0,TUR,2024-2025,datafc_sofascore,2026-08-12 07:04:15
52,63814,Osman Kaynak,1170288,Adana Demirspor,3101,6.5,0,1,0.21,0.3,1,2,1,0,101,80.8,4,1,25.0,1,12.5,11,12,15,69,612,17,0,1,TUR,2024-2025,datafc_sofascore,2026-08-12 07:04:15
52,63814,Taha Emre Ince,1974398,Trabzonspor,3051,6.5,0,0,,0.0,0,0,0,0,12,100.0,0,0,0.0,0,0.0,0,0,0,0,11,1,0,0,TUR,2024-2025,datafc_sofascore,2026-08-12 07:04:15
52,63814,Ali Yıldız,1516749,Hatayspor,3091,6.5,0,0,,0.0,0,0,0,0,9,100.0,0,0,0.0,0,0.0,0,0,0,0,11,1,0,0,TUR,2024-2025,datafc_sofascore,2026-08-12 07:04:15
52,63814,Gokdeniz Tunc,2086510,Adana Demirspor,3101,6.5,0,0,,0.0,0,0,0,0,18,90.0,0,1,50.0,1,100.0,1,1,1,4,61,1,1,0,TUR,2024-2025,datafc_sofascore,2026-08-12 07:04:15
52,63814,Cagan Tas,2019102,Gaziantep FK,5138,6.5,0,0,,,0,0,0,0,0,0.0,0,0,0.0,0,0.0,0,0,0,2,8,1,0,0,TUR,2024-2025,datafc_sofascore,2026-08-12 07:04:15
52,63814,Demir Yavuz,2121510,Adana Demirspor,3101,6.5,0,0,,0.0,0,0,0,0,9,69.23,0,0,0.0,0,0.0,1,0,0,5,29,1,0,0,TUR,2024-2025,datafc_sofascore,2026-08-12 07:04:15
52,63814,Beytullah Gezer,2148732,Adana Demirspor,3101,6.5,0,0,,,0,0,0,0,0,0.0,0,0,0.0,0,0.0,0,0,0,0,8,1,0,0,TUR,2024-2025,datafc_sofascore,2026-08-12 07:04:15
52,63814,Eyüp Aydın,1130115,Galatasaray,3061,6.5,0,0,,0.0,0,0,0,0,4,66.67,0,0,0.0,0,0.0,0,0,0,3,12,2,0,0,TUR,2024-2025,datafc_sofascore,2026-08-12 07:04:15
52,63814,Fahri Ay,1195756,Beşiktaş JK,3050,6.5,0,0,,0.0,0,0,0,0,4,100.0,0,0,0.0,0,0.0,0,0,0,0,9,2,0,0,TUR,2024-2025,datafc_sofascore,2026-08-12 07:04:15
52,63814,Emre Kaplan,1009308,Başakşehir FK,3086,6.5,0,0,,0.0,0,0,0,0,3,100.0,0,0,0.0,0,0.0,0,0,0,1,13,2,0,0,TUR,2024-2025,datafc_sofascore,2026-08-12 07:04:15
52,63814,Adem Eren Kabak,1016473,Konyaspor,3085,6.5,0,0,,0.0,0,0,0,0,6,75.0,0,0,0.0,0,0.0,1,0,0,3,9,2,0,0,TUR,2024-2025,datafc_sofascore,2026-08-12 07:04:15
52,63814,Baran Sarka,1521046,Hatayspor,3091,6.5,0,0,,0.02,0,0,0,0,23,85.19,1,0,0.0,0,0.0,0,0,1,4,39,3,0,0,TUR,2024-2025,datafc_sofascore,2026-08-12 07:04:15
52,63814,Arda Özçimen,964196,Göztepe,3054,6.5,0,0,,0.02,0,0,0,0,46,43.81,0,30,34.09,0,0.0,0,0,5,60,360,4,0,0,TUR,2024-2025,datafc_sofascore,2026-08-12 07:04:15
52,63814,Berk Can Yildizli,2056436,Kasımpaşa,6063,6.5,0,0,,0.0,0,0,0,0,1,50.0,0,0,0.0,0,0.0,1,0,0,2,17,4,0,0,TUR,2024-2025,datafc_sofascore,2026-08-12 07:04:15
52,63814,Erkan Degismez,130493,Bodrum FK,202390,6.5,0,0,,0.01,0,0,0,0,55,85.94,0,0,0.0,0,0.0,8,3,6,9,230,5,1,0,TUR,2024-2025,datafc_sofascore,2026-08-12 07:04:15
52,63814,Ayberk Karapo,1395701,Çaykur Rizespor,3064,6.5,0,0,,0.09,0,0,0,0,25,71.43,0,3,42.86,0,0.0,2,1,11,12,88,7,1,0,TUR,2024-2025,datafc_sofascore,2026-08-12 07:04:15
52,63814,Ali Fidan,2162484,Adana Demirspor,3101,6.5,0,0,0.28,,0,1,0,1,0,0.0,0,0,0.0,0,0.0,1,0,3,2,17,2,0,0,TUR,2024-2025,datafc_sofascore,2026-08-12 07:04:15
52,63814,Ali Osman Kalın,2161813,Gaziantep FK,5138,6.5,0,0,0.02,0.02,0,1,0,0,4,57.14,0,0,0.0,0,0.0,0,0,0,6,33,1,0,0,TUR,2024-2025,datafc_sofascore,2026-08-12 07:04:15
52,63814,Elias Jelert,1126433,Galatasaray,3061,6.49,0,0,0.24,0.26,1,3,0,1,167,82.27,2,6,30.0,0,0.0,13,4,14,57,530,20,1,0,TUR,2024-2025,datafc_sofascore,2026-08-12 07:04:15
52,63814,Carlos Cuesta,839095,Galatasaray,3061,6.48,0,0,0.11,0.01,0,1,0,0,115,92.0,0,6,75.0,0,0.0,3,3,9,14,234,4,2,0,TUR,2024-2025,datafc_sofascore,2026-08-12 07:04:15
52,63814,Florent Shehu,1009692,Adana Demirspor,3101,6.48,0,0,0.02,0.11,0,1,0,0,13,76.47,2,0,0.0,2,50.0,1,0,3,11,60,5,1,0,TUR,2024-2025,datafc_sofascore,2026-08-12 07:04:15
52,63814,Ufuk Akyol,859546,Konyaspor,3085,6.47,0,0,0.19,0.06,0,2,0,0,61,80.26,0,8,66.67,0,0.0,6,2,4,22,252,6,0,0,TUR,2024-2025,datafc_sofascore,2026-08-12 07:04:15
52,63814,Aksel Aktaş,863172,Adana Demirspor,3101,6.45,0,0,0.02,0.19,0,1,0,0,168,79.62,3,6,40.0,5,41.67,18,6,8,65,425,16,4,0,TUR,2024-2025,datafc_sofascore,2026-08-12 07:04:15
52,63814,Hamza Akman,1394720,Eyüpspor,7040,6.45,0,1,0.03,0.31,1,1,1,0,39,86.67,2,0,0.0,2,50.0,2,0,0,18,112,10,0,0,TUR,2024-2025,datafc_sofascore,2026-08-12 07:04:15
52,63814,Emre Gökay,1393928,Sivasspor,3076,6.45,0,0,,0.08,0,0,0,0,4,57.14,0,0,0.0,1,50.0,0,1,0,10,31,2,0,0,TUR,2024-2025,datafc_sofascore,2026-08-12 07:04:15
52,63814,Deniz Aksoy,2026680,Hatayspor,3091,6.45,0,0,,0.01,0,0,0,1,7,77.78,0,0,0.0,0,0.0,1,0,0,4,37,4,0,0,TUR,2024-2025,datafc_sofascore,2026-08-12 07:04:15
52,63814,Serdar Dursun,123917,Alanyaspor,6362,6.45,0,0,1.29,0.04,1,9,0,3,60,80.0,1,1,50.0,0,0.0,1,0,1,28,342,12,1,0,TUR,2024-2025,datafc_sofascore,2026-08-12 07:04:15
52,63814,Bedirhan Çetin,1215897,Samsunspor,3053,6.43,0,0,,0.01,0,0,0,0,24,80.0,0,1,16.67,0,0.0,1,0,6,8,110,4,0,0,TUR,2024-2025,datafc_sofascore,2026-08-12 07:04:15
52,63814,Ercan Kara,843039,Samsunspor,3053,6.43,0,1,1.49,0.24,1,3,1,2,16,59.26,1,0,0.0,0,0.0,1,0,0,24,113,8,1,0,TUR,2024-2025,datafc_sofascore,2026-08-12 07:04:15
52,63814,Emrecan Uzunhan,997684,Antalyaspor,3056,6.43,0,0,0.13,0.01,0,1,0,0,115,83.33,1,5,31.25,0,0.0,8,1,10,28,291,8,1,0,TUR,2024-2025,datafc_sofascore,2026-08-12 07:04:15
52,63814,Jovan Manev,1111781,Adana Demirspor,3101,6.43,1,1,0.53,0.61,3,9,1,1,381,81.94,1,28,40.0,2,40.0,11,11,46,127,1185,15,3,0,TUR,2024-2025,datafc_sofascore,2026-08-12 07:04:15
52,63814,Burak Ingenç,1417030,Antalyaspor,3056,6.43,0,0,,0.03,0,0,0,0,63,81.82,1,6,54.55,0,0.0,4,9,2,17,201,4,0,0,TUR,2024-2025,datafc_sofascore,2026-08-12 07:04:15
52,63814,Eray Korkmaz,1145620,Çaykur Rizespor,3064,6.43,0,0,,0.01,0,0,0,0,22,88.0,0,1,50.0,1,100.0,4,0,0,6,92,5,0,0,TUR,2024-2025,datafc_sofascore,2026-08-12 07:04:15
52,63814,Sinan Alkas,1548530,Kasımpaşa,6063,6.43,0,0,0.11,0.07,1,1,0,1,8,72.73,1,0,0.0,0,0.0,0,0,0,8,43,4,0,0,TUR,2024-2025,datafc_sofascore,2026-08-12 07:04:15
52,63814,Serdar Saatçı,1084880,Trabzonspor,3051,6.42,0,0,0.08,0.02,1,2,0,0,267,86.13,0,14,56.0,2,66.67,10,8,19,50,577,11,5,0,TUR,2024-2025,datafc_sofascore,2026-08-12 07:04:15
52,63814,Haqi Osman,1126525,Bodrum FK,202390,6.41,0,0,0.08,0.02,0,1,0,0,17,89.47,0,1,50.0,3,20.0,2,2,0,26,104,9,0,0,TUR,2024-2025,datafc_sofascore,2026-08-12 07:04:15
52,63814,Emmanuel Boateng,943485,Konyaspor,3085,6.41,0,0,0.12,0.04,0,3,0,0,149,83.71,1,11,61.11,1,50.0,6,6,5,35,359,8,1,1,TUR,2024-2025,datafc_sofascore,2026-08-12 07:04:15
52,63814,Cengiz Demir,1015360,Hatayspor,3091,6.4,0,1,0.06,0.33,0,1,1,0,343,80.14,6,25,36.23,1,20.0,14,24,40,124,897,19,1,1,TUR,2024-2025,datafc_sofascore,2026-08-12 07:04:15
52,63814,Erdem Çalık,2049797,Eyüpspor,7040,6.4,0,0,,0.0,0,0,0,0,4,80.0,0,0,0.0,0,0.0,0,0,0,1,9,1,0,0,TUR,2024-2025,datafc_sofascore,2026-08-12 07:04:15
52,63814,Sinan Bolat,5920,Kasımpaşa,6063,6.4,0,0,,0.0,0,0,0,0,49,67.12,1,18,43.9,0,0.0,0,1,0,25,180,2,1,0,TUR,2024-2025,datafc_sofascore,2026-08-12 07:04:15
52,63814,Taylan Utku Aydın,1498789,Kasımpaşa,6063,6.4,0,0,,0.01,0,0,0,0,149,87.65,1,3,17.65,0,0.0,3,2,19,22,323,7,0,0,TUR,2024-2025,datafc_sofascore,2026-08-12 07:04:15
52,63814,Deni Milošević,190403,Antalyaspor,3056,6.4,0,0,0.12,0.02,0,1,0,0,54,90.0,0,0,0.0,1,100.0,3,1,1,9,83,5,0,0,TUR,2024-2025,datafc_sofascore,2026-08-12 07:04:15
52,63814,Emre Uzun,1212159,Antalyaspor,3056,6.4,0,0,0.02,0.01,1,1,0,0,16,80.0,0,0,0.0,2,66.67,2,0,0,17,104,5,0,0,TUR,2024-2025,datafc_sofascore,2026-08-12 07:04:15
52,63814,Selimcan Temel,1003319,Hatayspor,3091,6.38,0,0,0.03,0.04,0,1,0,0,66,68.75,2,10,58.82,0,0.0,8,2,13,42,222,10,1,0,TUR,2024-2025,datafc_sofascore,2026-08-12 07:04:15
52,63814,Armin Hodžić,928333,Hatayspor,3091,6.38,0,0,0.02,0.01,0,1,0,0,9,64.29,0,0,0.0,0,0.0,0,2,1,12,101,4,2,0,TUR,2024-2025,datafc_sofascore,2026-08-12 07:04:15
52,63814,Melih Bostan,1133195,Konyaspor,3085,6.34,1,0,0.93,0.03,1,3,0,1,25,78.13,0,1,100.0,0,0.0,1,0,0,11,171,10,2,1,TUR,2024-2025,datafc_sofascore,2026-08-12 07:04:15
52,63814,Ali Demirbilek,2128089,Antalyaspor,3056,6.3,0,0,,0.0,0,0,0,0,1,100.0,0,0,0.0,0,0.0,0,0,0,0,10,1,0,0,TUR,2024-2025,datafc_sofascore,2026-08-12 07:04:15
52,63814,Samet Duyur,1865900,Adana Demirspor,3101,6.3,0,0,,,0,0,0,0,0,0.0,0,0,0.0,0,0.0,0,0,0,0,8,1,0,0,TUR,2024-2025,datafc_sofascore,2026-08-12 07:04:15
52,63814,Adnan Aktaş,1521616,Kasımpaşa,6063,6.3,0,0,,0.0,0,0,0,0,3,60.0,0,0,0.0,0,0.0,0,0,1,3,11,1,0,0,TUR,2024-2025,datafc_sofascore,2026-08-12 07:04:15
52,63814,Burak Arslan,1982282,Kayserispor,3072,6.3,0,0,,0.0,0,0,0,0,3,37.5,0,1,33.33,0,0.0,1,0,4,6,26,1,0,0,TUR,2024-2025,datafc_sofascore,2026-08-12 07:04:15
52,63814,Burhan Ersoy,1640309,Adana Demirspor,3101,6.25,0,0,0.02,0.05,0,1,0,0,203,83.88,0,14,58.33,2,100.0,16,5,33,52,973,18,3,0,TUR,2024-2025,datafc_sofascore,2026-08-12 07:04:15
52,63814,Burak Kapacak,836686,Fenerbahçe,3052,6.2,0,0,,0.0,0,0,0,0,2,100.0,0,0,0.0,0,0.0,0,0,0,1,10,1,0,0,TUR,2024-2025,datafc_sofascore,2026-08-12 07:04:15
52,63814,Mehmet Kaya,1901947,Konyaspor,3085,6.2,0,0,,0.0,0,0,0,0,3,100.0,0,0,0.0,0,0.0,0,0,0,0,8,1,0,0,TUR,2024-2025,datafc_sofascore,2026-08-12 07:04:15
52,63814,Ali Emre Yanar,840297,Kasımpaşa,6063,6.2,0,0,,0.0,0,0,0,0,16,100.0,0,1,100.0,0,0.0,0,0,1,0,90,1,1,0,TUR,2024-2025,datafc_sofascore,2026-08-12 07:04:15
52,63814,Batuhan Özgan,1858304,Kayserispor,3072,6.2,0,0,,0.0,0,0,0,0,4,57.14,0,0,0.0,0,0.0,0,0,3,3,14,1,0,0,TUR,2024-2025,datafc_sofascore,2026-08-12 07:04:15
52,63814,Filip Damjanović,851666,Konyaspor,3085,6.18,0,0,,0.01,0,0,0,0,58,73.42,0,3,21.43,0,0.0,4,3,10,23,176,5,1,0,TUR,2024-2025,datafc_sofascore,2026-08-12 07:04:15
52,63814,Metehan Baltacı,997155,Galatasaray,3061,6.17,0,1,0.18,0.05,2,2,1,1,120,93.02,1,5,62.5,0,0.0,3,4,12,10,277,10,0,1,TUR,2024-2025,datafc_sofascore,2026-08-12 07:04:15
52,63814,Hüseyin Maldar,1618510,Eyüpspor,7040,6.15,0,0,0.13,0.04,0,2,0,0,52,85.25,0,2,100.0,4,57.14,0,0,0,33,173,9,1,0,TUR,2024-2025,datafc_sofascore,2026-08-12 07:04:15
52,63814,Rade Krunić,155449,Fenerbahçe,3052,6.1,0,0,,0.0,0,0,0,0,1,100.0,0,0,0.0,0,0.0,0,0,0,1,11,1,0,0,TUR,2024-2025,datafc_sofascore,2026-08-12 07:04:15
52,63814,Deniz Dilmen,1065508,Başakşehir FK,3086,6.1,0,0,,0.0,0,0,0,0,32,55.17,0,12,34.29,0,0.0,0,0,0,26,180,2,1,0,TUR,2024-2025,datafc_sofascore,2026-08-12 07:04:15
52,63814,Osman Ertuğrul Çetin,1023481,Fenerbahçe,3052,6.05,0,0,,0.0,0,0,0,0,15,71.43,0,4,40.0,0,0.0,0,0,0,7,148,2,0,0,TUR,2024-2025,datafc_sofascore,2026-08-12 07:04:15
52,63814,Nanú,343965,Samsunspor,3053,6.0,0,0,,0.0,0,0,0,0,3,100.0,0,0,0.0,0,0.0,0,0,0,0,13,1,0,0,TUR,2024-2025,datafc_sofascore,2026-08-12 07:04:15
52,63814,Oguzhan Matur,926396,Hatayspor,3091,5.5,0,0,,0.0,0,0,0,0,10,83.33,0,0,0.0,0,0.0,0,0,0,5,13,2,1,0,TUR,2024-2025,datafc_sofascore,2026-08-12 07:04:15
52,63814,Arda Ünyay,1464636,Galatasaray,3061,0.0,0,0,,,0,0,0,0,0,0.0,0,0,0.0,0,0.0,0,0,0,0,1,1,0,0,TUR,2024-2025,datafc_sofascore,2026-08-12 07:04:15
52,63814,Yakup Arda Kılıç,1639816,Beşiktaş JK,3050,0.0,0,0,,0.0,0,0,0,0,3,100.0,0,0,0.0,0,0.0,0,0,0,1,1,1,0,0,TUR,2024-2025,datafc_sofascore,2026-08-12 07:04:15
52,63814,İzzet Furkan Malak,1397819,Göztepe,3054,0.0,0,0,,,0,0,0,0,0,0.0,0,0,0.0,0,0.0,0,0,0,0,1,1,0,0,TUR,2024-2025,datafc_sofascore,2026-08-12 07:04:15
52,63814,Yusuf Sertkaya,1216154,Bodrum FK,202390,0.0,0,0,,0.0,0,0,0,0,4,100.0,0,0,0.0,0,0.0,0,0,0,2,3,1,0,0,TUR,2024-2025,datafc_sofascore,2026-08-12 07:04:15
52,63814,Mert Furkan Bayram,1149021,Alanyaspor,6362,0.0,0,0,,0.0,0,0,0,0,1,100.0,0,0,0.0,0,0.0,0,0,0,0,3,1,0,0,TUR,2024-2025,datafc_sofascore,2026-08-12 07:04:15
52,63814,Ali Tarkan,1928572,Samsunspor,3053,0.0,0,0,,0.0,0,0,0,0,1,100.0,0,0,0.0,0,0.0,0,0,0,1,1,1,0,0,TUR,2024-2025,datafc_sofascore,2026-08-12 07:04:15
52,63814,Haluk Mustafa Tan,1605311,Samsunspor,3053,0.0,0,0,,0.0,0,0,0,0,1,50.0,0,0,0.0,0,0.0,0,0,1,2,1,1,0,0,TUR,2024-2025,datafc_sofascore,2026-08-12 07:04:15
52,63814,Muhammed Sinan Kaya,1655216,Sivasspor,3076,0.0,0,0,,0.0,0,0,0,0,1,50.0,0,0,0.0,0,0.0,0,0,0,2,2,1,0,0,TUR,2024-2025,datafc_sofascore,2026-08-12 07:04:15
52,63814,Yusuf Karademir,2085002,Alanyaspor,6362,0.0,0,0,,0.42,0,0,0,0,3,100.0,1,0,0.0,0,0.0,1,0,0,0,3,1,0,0,TUR,2024-2025,datafc_sofascore,2026-08-12 07:04:15
52,63814,Atakan Mujde,1134704,Kasımpaşa,6063,0.0,0,0,,,0,0,0,0,0,0.0,0,0,0.0,0,0.0,0,0,0,1,1,1,0,0,TUR,2024-2025,datafc_sofascore,2026-08-12 07:04:15
52,63814,Yilmaz Cin,1990563,Sivasspor,3076,0.0,0,0,,,0,0,0,0,0,0.0,0,0,0.0,0,0.0,0,0,0,3,1,1,0,0,TUR,2024-2025,datafc_sofascore,2026-08-12 07:04:15
52,63814,Bera Ceken,1568920,Alanyaspor,6362,0.0,0,0,,0.0,0,0,0,0,1,50.0,0,0,0.0,0,0.0,0,0,0,1,1,1,0,0,TUR,2024-2025,datafc_sofascore,2026-08-12 07:04:15
52,63814,Tibet Durakcay,2023967,Göztepe,3054,0.0,0,0,,,0,0,0,0,0,0.0,0,0,0.0,0,0.0,0,0,0,1,1,1,0,0,TUR,2024-2025,datafc_sofascore,2026-08-12 07:04:15
52,63814,Umut Mert Toy,1474708,Alanyaspor,6362,0.0,0,0,,0.0,0,0,0,0,9,100.0,0,1,100.0,0,0.0,0,0,0,0,3,1,0,0,TUR,2024-2025,datafc_sofascore,2026-08-12 07:04:15
52,63814,Efecan Gülerce,1212154,Antalyaspor,3056,0.0,0,0,,,0,0,0,0,0,0.0,0,0,0.0,0,0.0,0,0,0,2,1,1,0,0,TUR,2024-2025,datafc_sofascore,2026-08-12 07:04:15
52,63814,Ismail Zobu,2019420,Hatayspor,3091,0.0,0,0,,0.02,0,0,0,0,4,100.0,0,0,0.0,1,100.0,1,0,0,0,1,1,0,0,TUR,2024-2025,datafc_sofascore,2026-08-12 07:04:15
52,63814,Ahmet Yilmaz,1983995,Adana Demirspor,3101,0.0,0,0,,,0,0,0,0,0,0.0,0,0,0.0,0,0.0,0,0,0,3,2,2,0,0,TUR,2024-2025,datafc_sofascore,2026-08-12 07:04:15
