tournament_id,season_id,player_name,player_id,team_name,team_id,goals,assists,rating,expectedGoals,expectedAssists,totalShots,shotsOnTarget,keyPasses,successfulDribbles,tackles,yellowCards,redCards,minutesPlayed,appearances,_metric_order,_league_id,_season,_source,_scraped_at
38,77040,Genki Haraguchi,48243,K. Beerschot V.A.,169260,1,0,7.93,0.26,1.41,6,3,8,5,7,0,0,377,4,rating,BEL,2025-2026,datafc_sofascore,2026-08-09T08:07:33.988763
38,77040,Lucas Schoofs,794564,Lommel SK,5046,3,3,7.8,1.84,0.65,8,5,7,2,24,1,0,540,6,rating,BEL,2025-2026,datafc_sofascore,2026-08-09T08:07:33.988763
38,77040,Christos Tzolis,1031259,Club Brugge KV,2888,17,23,7.71,17.4,15.94,123,44,135,40,29,6,0,3072,36,rating,BEL,2025-2026,datafc_sofascore,2026-08-09T08:07:33.988763
38,77040,Christ Souanga,1835475,Oud-Heverlee Leuven,2918,1,0,7.6,0.07,0.01,1,1,0,0,1,0,0,90,1,rating,BEL,2025-2026,datafc_sofascore,2026-08-09T08:07:33.988763
38,77040,Nacho Miras,1010556,KV Mechelen,5044,0,0,7.57,,0.03,0,0,0,0,1,2,0,2925,33,rating,BEL,2025-2026,datafc_sofascore,2026-08-09T08:07:33.988763
38,77040,Dries Wouters,339269,Lommel SK,5046,0,0,7.53,,0.03,0,0,1,1,2,1,0,540,6,rating,BEL,2025-2026,datafc_sofascore,2026-08-09T08:07:33.988763
38,77040,Elnora Lembi,2307624,FCV Dender,389232,0,0,7.5,,0.0,0,0,0,0,2,0,0,43,2,rating,BEL,2025-2026,datafc_sofascore,2026-08-09T08:07:33.988763
38,77040,Hans Vanaken,118085,Club Brugge KV,2888,7,3,7.45,8.38,8.0,58,21,67,15,38,2,0,3366,39,rating,BEL,2025-2026,datafc_sofascore,2026-08-09T08:07:33.988763
38,77040,Modibo Fofana,2602250,Royal Antwerp FC,2889,1,0,7.45,0.22,0.1,4,1,1,2,3,0,0,35,2,rating,BEL,2025-2026,datafc_sofascore,2026-08-09T08:07:33.988763
38,77040,Jules Ahoka,2137673,Royal Antwerp FC,2889,0,0,7.45,0.02,0.0,1,0,0,1,2,0,0,98,2,rating,BEL,2025-2026,datafc_sofascore,2026-08-09T08:07:33.988763
38,77040,Lucas Pirard,190379,Standard Liège,2901,0,0,7.44,,0.03,0,0,0,1,0,1,0,990,11,rating,BEL,2025-2026,datafc_sofascore,2026-08-09T08:07:33.988763
38,77040,Zalán Vancsa,1092366,Lommel SK,5046,4,0,7.4,0.71,0.12,7,5,1,4,4,0,0,256,6,rating,BEL,2025-2026,datafc_sofascore,2026-08-09T08:07:33.988763
38,77040,Milan Govaers,1427490,K. Beerschot V.A.,169260,0,0,7.4,,0.01,0,0,0,0,0,0,0,13,1,rating,BEL,2025-2026,datafc_sofascore,2026-08-09T08:07:33.988763
38,77040,Marcos Hernán Peano,789394,RAAL La Louvière,368506,0,0,7.37,,0.14,0,0,0,4,4,2,0,3060,34,rating,BEL,2025-2026,datafc_sofascore,2026-08-09T08:07:33.988763
38,77040,Charles Vanhoutte,928033,Royale Union Saint-Gilloise,4860,0,1,7.36,0.36,1.67,2,1,12,2,18,2,0,450,5,rating,BEL,2025-2026,datafc_sofascore,2026-08-09T08:07:33.988763
38,77040,Jordan Renson,802311,Patro Eisden Maasmechelen,35076,1,0,7.35,0.21,0.03,2,1,1,0,2,0,0,210,2,rating,BEL,2025-2026,datafc_sofascore,2026-08-09T08:07:33.988763
38,77040,Matthias Pieklak,1405437,Lommel SK,5046,0,0,7.33,,0.0,0,0,0,0,0,0,0,540,6,rating,BEL,2025-2026,datafc_sofascore,2026-08-09T08:07:33.988763
38,77040,Matthieu Epolo,1121943,Standard Liège,2901,0,0,7.32,0.06,0.05,1,0,1,0,1,1,0,2610,29,rating,BEL,2025-2026,datafc_sofascore,2026-08-09T08:07:33.988763
38,77040,Edgaras Utkus,921180,Cercle Brugge,2929,2,0,7.31,1.25,0.36,14,4,1,1,28,2,0,1451,19,rating,BEL,2025-2026,datafc_sofascore,2026-08-09T08:07:33.988763
38,77040,Christian Burgess,303634,Royale Union Saint-Gilloise,4860,2,3,7.31,1.63,1.37,23,8,13,1,53,13,1,3147,35,rating,BEL,2025-2026,datafc_sofascore,2026-08-09T08:07:33.988763
38,77040,Bryan Heynen,801025,KRC Genk,2890,4,1,7.31,4.75,4.68,48,11,49,22,99,5,0,3603,40,rating,BEL,2025-2026,datafc_sofascore,2026-08-09T08:07:33.988763
38,77040,Brandon Mechele,248331,Club Brugge KV,2888,5,2,7.29,3.46,1.49,33,14,22,5,77,4,0,3435,39,rating,BEL,2025-2026,datafc_sofascore,2026-08-09T08:07:33.988763
38,77040,Ryotaro Ito,831697,Sint-Truidense VV,2895,10,5,7.28,8.51,8.81,73,27,102,19,20,1,0,2838,35,rating,BEL,2025-2026,datafc_sofascore,2026-08-09T08:07:33.988763
38,77040,Ross Sykes,845558,Royale Union Saint-Gilloise,4860,5,0,7.28,3.78,2.34,56,25,21,6,40,9,0,2629,32,rating,BEL,2025-2026,datafc_sofascore,2026-08-09T08:07:33.988763
38,77040,Sam De Grand,1146313,Lommel SK,5046,2,1,7.27,0.32,0.1,4,3,9,1,16,0,0,540,6,rating,BEL,2025-2026,datafc_sofascore,2026-08-09T08:07:33.988763
38,77040,Ensar Brahić,1481739,K. Beerschot V.A.,169260,2,0,7.27,0.49,0.27,4,2,1,0,0,0,0,91,3,rating,BEL,2025-2026,datafc_sofascore,2026-08-09T08:07:33.988763
38,77040,Nilson Angulo,1116571,RSC Anderlecht,2900,6,5,7.26,3.77,4.47,33,16,46,44,62,2,1,1902,22,rating,BEL,2025-2026,datafc_sofascore,2026-08-09T08:07:33.988763
38,77040,Brent Gabriel,861977,SV Zulte Waregem,2933,0,1,7.26,,0.6,0,0,2,1,1,1,0,3240,36,rating,BEL,2025-2026,datafc_sofascore,2026-08-09T08:07:33.988763
38,77040,Mahamadou Doumbia,1400846,Royal Antwerp FC,2889,2,1,7.25,1.8,0.37,10,3,7,17,4,2,0,528,6,rating,BEL,2025-2026,datafc_sofascore,2026-08-09T08:07:33.988763
38,77040,Davy Roef,156663,KAA Gent,2903,0,0,7.25,,0.05,0,0,3,0,1,0,0,3720,41,rating,BEL,2025-2026,datafc_sofascore,2026-08-09T08:07:33.988763
38,77040,Léo Kokubo,997020,Sint-Truidense VV,2895,0,0,7.23,,0.05,0,0,0,0,4,5,0,3420,38,rating,BEL,2025-2026,datafc_sofascore,2026-08-09T08:07:33.988763
38,77040,Yassine Titraoui,1094538,RC Sporting Charleroi,2898,5,1,7.23,2.9,3.78,53,20,31,26,58,7,0,2904,35,rating,BEL,2025-2026,datafc_sofascore,2026-08-09T08:07:33.988763
38,77040,Senne Lammens,964753,Royal Antwerp FC,2889,0,0,7.23,,0.01,0,0,0,0,0,0,0,360,4,rating,BEL,2025-2026,datafc_sofascore,2026-08-09T08:07:33.988763
38,77040,Anan Khalaili,1403362,Royale Union Saint-Gilloise,4860,3,5,7.22,3.34,7.52,38,13,62,49,69,7,0,3099,38,rating,BEL,2025-2026,datafc_sofascore,2026-08-09T08:07:33.988763
38,77040,Mohamed Koné,1131009,RC Sporting Charleroi,2898,0,0,7.22,,0.03,0,0,0,0,1,2,0,1710,19,rating,BEL,2025-2026,datafc_sofascore,2026-08-09T08:07:33.988763
38,77040,Tibe De Vlieger,1396529,KAA Gent,2903,1,0,7.21,1.4,0.97,16,1,13,9,59,5,0,1696,25,rating,BEL,2025-2026,datafc_sofascore,2026-08-09T08:07:33.988763
38,77040,Maxence Prévot,785520,Oud-Heverlee Leuven,2918,0,0,7.19,,0.02,0,0,0,2,0,1,0,741,9,rating,BEL,2025-2026,datafc_sofascore,2026-08-09T08:07:33.988763
38,77040,Taishi Brandon Nozawa,1002358,Royal Antwerp FC,2889,0,0,7.19,,0.11,0,0,3,0,3,1,0,2654,30,rating,BEL,2025-2026,datafc_sofascore,2026-08-09T08:07:33.988763
38,77040,Loïc Mbe Soh,904992,Sint-Truidense VV,2895,2,0,7.18,1.47,0.27,5,2,1,1,12,1,0,921,14,rating,BEL,2025-2026,datafc_sofascore,2026-08-09T08:07:33.988763
38,77040,Kjell Scherpen,852394,Royale Union Saint-Gilloise,4860,0,0,7.18,,0.12,0,0,1,0,1,1,0,2835,32,rating,BEL,2025-2026,datafc_sofascore,2026-08-09T08:07:33.988763
38,77040,Doğucan Haspolat,846087,KVC Westerlo,2893,1,4,7.18,2.52,7.83,46,10,86,19,82,7,0,3395,38,rating,BEL,2025-2026,datafc_sofascore,2026-08-09T08:07:33.988763
38,77040,Carlos Forbs,1069486,Club Brugge KV,2888,8,8,7.17,6.18,8.55,57,21,61,52,40,4,0,2816,37,rating,BEL,2025-2026,datafc_sofascore,2026-08-09T08:07:33.988763
38,77040,Matte Smets,1392905,KRC Genk,2890,0,1,7.15,0.75,2.2,15,0,17,5,70,4,0,3509,39,rating,BEL,2025-2026,datafc_sofascore,2026-08-09T08:07:33.988763
38,77040,Joey Pelupessy,235404,Lommel SK,5046,0,0,7.15,0.05,0.04,1,0,2,1,12,0,0,540,6,rating,BEL,2025-2026,datafc_sofascore,2026-08-09T08:07:33.988763
38,77040,Simon Mignolet,10406,Club Brugge KV,2888,0,0,7.14,,0.02,0,0,0,0,0,1,0,1023,12,rating,BEL,2025-2026,datafc_sofascore,2026-08-09T08:07:33.988763
38,77040,Kevin Mac Allister,895327,Royale Union Saint-Gilloise,4860,1,1,7.14,3.07,2.44,22,5,13,9,112,11,1,2930,34,rating,BEL,2025-2026,datafc_sofascore,2026-08-09T08:07:33.988763
38,77040,Pape Moussa Fall,1890424,RAAL La Louvière,368506,11,1,7.14,11.35,1.56,62,23,14,5,11,3,0,1771,27,rating,BEL,2025-2026,datafc_sofascore,2026-08-09T08:07:33.988763
38,77040,Hendrik Van Crombrugge,110777,KRC Genk,2890,0,0,7.13,,0.03,0,0,0,0,0,0,0,1080,12,rating,BEL,2025-2026,datafc_sofascore,2026-08-09T08:07:33.988763
38,77040,Besfort Zeneli,1173223,Royale Union Saint-Gilloise,4860,3,6,7.13,2.06,3.52,16,8,22,7,8,0,0,774,15,rating,BEL,2025-2026,datafc_sofascore,2026-08-09T08:07:33.988763
38,77040,Warleson,861071,Cercle Brugge,2929,0,0,7.13,,0.03,0,0,0,0,0,2,1,1556,19,rating,BEL,2025-2026,datafc_sofascore,2026-08-09T08:07:33.988763
38,77040,Mathias Rasmussen,834244,Royale Union Saint-Gilloise,4860,2,1,7.13,0.52,1.02,10,3,20,7,25,1,0,720,16,rating,BEL,2025-2026,datafc_sofascore,2026-08-09T08:07:33.988763
38,77040,Ayumu Yokoyama,1105106,KRC Genk,2890,1,0,7.13,1.08,1.73,14,7,12,11,6,0,0,422,9,rating,BEL,2025-2026,datafc_sofascore,2026-08-09T08:07:33.988763
38,77040,Bas Van den Eynden,1048359,K. Beerschot V.A.,169260,0,0,7.13,0.12,0.41,3,0,3,2,9,1,0,377,4,rating,BEL,2025-2026,datafc_sofascore,2026-08-09T08:07:33.988763
38,77040,Visar Musliu,134231,Sint-Truidense VV,2895,0,0,7.12,1.16,0.58,17,3,4,6,39,4,0,2519,30,rating,BEL,2025-2026,datafc_sofascore,2026-08-09T08:07:33.988763
38,77040,Jeppe Erenbjerg,1035095,SV Zulte Waregem,2933,13,3,7.12,10.16,5.5,88,32,41,24,24,2,0,2787,35,rating,BEL,2025-2026,datafc_sofascore,2026-08-09T08:07:33.988763
38,77040,Gauthier Gallon,340561,FCV Dender,389232,0,0,7.11,,0.01,0,0,0,0,1,1,0,1326,15,rating,BEL,2025-2026,datafc_sofascore,2026-08-09T08:07:33.988763
38,77040,Lucca Brughmans,1529975,KRC Genk,2890,0,0,7.11,,0.02,0,0,1,0,0,0,0,1020,11,rating,BEL,2025-2026,datafc_sofascore,2026-08-09T08:07:33.988763
38,77040,Brian Plat,980673,K. Beerschot V.A.,169260,1,0,7.1,1.26,0.19,5,4,0,0,2,0,0,390,4,rating,BEL,2025-2026,datafc_sofascore,2026-08-09T08:07:33.988763
38,77040,Vetle Dragsnes,548640,RC Sporting Charleroi,2898,1,0,7.1,0.37,0.03,3,3,0,0,2,0,0,101,2,rating,BEL,2025-2026,datafc_sofascore,2026-08-09T08:07:33.988763
38,77040,Yassin Gueroui,794565,Patro Eisden Maasmechelen,35076,0,0,7.1,,0.0,0,0,0,0,2,1,0,44,1,rating,BEL,2025-2026,datafc_sofascore,2026-08-09T08:07:33.988763
38,77040,Amando Lapage,1396102,KVC Westerlo,2893,0,0,7.1,0.13,0.51,8,2,4,3,15,3,0,1272,16,rating,BEL,2025-2026,datafc_sofascore,2026-08-09T08:07:33.988763
38,77040,Myron Van Brederode,1012925,KV Mechelen,5044,9,5,7.1,5.95,5.55,41,17,57,49,34,2,0,2840,34,rating,BEL,2025-2026,datafc_sofascore,2026-08-09T08:07:33.988763
38,77040,Aleksandar Stanković,1153957,Club Brugge KV,2888,6,2,7.09,4.66,4.09,74,25,33,8,39,4,0,3076,39,rating,BEL,2025-2026,datafc_sofascore,2026-08-09T08:07:33.988763
38,77040,Junya Ito,783278,KRC Genk,2890,6,5,7.09,3.79,5.63,36,16,51,24,37,4,0,1785,28,rating,BEL,2025-2026,datafc_sofascore,2026-08-09T08:07:33.988763
38,77040,Jason van Duiven,1195745,Lommel SK,5046,2,0,7.08,0.75,0.07,6,3,5,4,10,1,0,410,6,rating,BEL,2025-2026,datafc_sofascore,2026-08-09T08:07:33.988763
38,77040,Yannick Thoelen,794571,Royal Antwerp FC,2889,0,0,7.08,,0.04,0,0,0,0,0,1,0,496,7,rating,BEL,2025-2026,datafc_sofascore,2026-08-09T08:07:33.988763
38,77040,Geoffrey Kondo,1397885,Cercle Brugge,2929,1,1,7.08,0.63,1.11,9,2,3,5,16,0,0,900,10,rating,BEL,2025-2026,datafc_sofascore,2026-08-09T08:07:33.988763
38,77040,Parfait Guiagon,1030459,RC Sporting Charleroi,2898,9,5,7.08,7.78,5.5,80,22,52,73,30,6,0,2555,33,rating,BEL,2025-2026,datafc_sofascore,2026-08-09T08:07:33.988763
38,77040,Guilherme Smith,1820381,Royale Union Saint-Gilloise,4860,4,2,7.08,0.98,1.96,21,7,15,28,33,4,0,1546,22,rating,BEL,2025-2026,datafc_sofascore,2026-08-09T08:07:33.988763
38,77040,Rihito Yamamoto,1030211,Sint-Truidense VV,2895,5,6,7.08,5.87,6.27,51,16,62,21,75,6,0,3290,38,rating,BEL,2025-2026,datafc_sofascore,2026-08-09T08:07:33.988763
38,77040,Rosen Bozhinov,1152943,Royal Antwerp FC,2889,1,0,7.08,0.4,0.39,7,3,5,2,15,1,0,1279,16,rating,BEL,2025-2026,datafc_sofascore,2026-08-09T08:07:33.988763
38,77040,Nazinho,1006113,Cercle Brugge,2929,3,7,7.07,0.91,7.69,27,8,59,24,73,13,0,2554,30,rating,BEL,2025-2026,datafc_sofascore,2026-08-09T08:07:33.988763
38,77040,Rafiki Saïd,1047321,Standard Liège,2901,8,4,7.07,10.2,4.41,90,32,28,69,30,4,0,2756,37,rating,BEL,2025-2026,datafc_sofascore,2026-08-09T08:07:33.988763
38,77040,Shogo Taniguchi,386958,Sint-Truidense VV,2895,1,1,7.07,1.07,1.31,14,2,10,2,43,4,0,2963,38,rating,BEL,2025-2026,datafc_sofascore,2026-08-09T08:07:33.988763
38,77040,Arthur Piedfort,1149123,KVC Westerlo,2893,3,2,7.07,1.9,3.11,23,7,43,25,86,5,0,2989,36,rating,BEL,2025-2026,datafc_sofascore,2026-08-09T08:07:33.988763
38,77040,Zakaria El Ouahdi,1134470,KRC Genk,2890,8,4,7.07,4.96,4.37,70,24,49,36,42,4,0,2996,34,rating,BEL,2025-2026,datafc_sofascore,2026-08-09T08:07:33.988763
38,77040,Michał Skóraś,942479,KAA Gent,2903,2,7,7.06,3.87,6.79,43,10,65,37,49,6,1,2697,34,rating,BEL,2025-2026,datafc_sofascore,2026-08-09T08:07:33.988763
38,77040,Emin Bayram,997153,KVC Westerlo,2893,4,2,7.06,4.39,2.88,41,13,20,15,44,4,2,3322,38,rating,BEL,2025-2026,datafc_sofascore,2026-08-09T08:07:33.988763
38,77040,Nordin Jackers,361722,Club Brugge KV,2888,0,0,7.06,,0.07,0,0,0,0,1,1,0,1801,21,rating,BEL,2025-2026,datafc_sofascore,2026-08-09T08:07:33.988763
38,77040,Michel Ange Balikwisha,923969,Royal Antwerp FC,2889,1,0,7.05,0.95,0.1,3,2,4,2,11,0,0,347,4,rating,BEL,2025-2026,datafc_sofascore,2026-08-09T08:07:33.988763
38,77040,Kylian Hazard,379184,RFC Liège,389226,1,0,7.05,0.6,0.3,5,1,3,2,2,0,0,121,2,rating,BEL,2025-2026,datafc_sofascore,2026-08-09T08:07:33.988763
38,77040,Thorgan Hazard,94286,RSC Anderlecht,2900,13,7,7.04,11.91,8.06,74,31,78,38,38,6,1,2722,36,rating,BEL,2025-2026,datafc_sofascore,2026-08-09T08:07:33.988763
38,77040,Fredrik Hammar,946959,KV Mechelen,5044,1,1,7.04,1.75,1.64,28,6,18,20,152,10,0,3366,38,rating,BEL,2025-2026,datafc_sofascore,2026-08-09T08:07:33.988763
38,77040,Nacho Ferri,1196903,KVC Westerlo,2893,11,2,7.04,16.2,2.4,101,42,30,22,27,7,0,2910,36,rating,BEL,2025-2026,datafc_sofascore,2026-08-09T08:07:33.988763
38,77040,Adem Zorgane,1000472,Royale Union Saint-Gilloise,4860,4,5,7.04,2.44,6.23,28,12,40,19,64,7,0,2968,37,rating,BEL,2025-2026,datafc_sofascore,2026-08-09T08:07:33.988763
38,77040,Anton Tanghe,1005175,SV Zulte Waregem,2933,3,0,7.02,2.43,0.92,5,3,8,1,14,2,0,1664,21,rating,BEL,2025-2026,datafc_sofascore,2026-08-09T08:07:33.988763
38,77040,Rein Van Helden,1047163,Royal Antwerp FC,2889,2,0,7.02,2.19,1.08,12,4,13,8,52,2,1,2126,29,rating,BEL,2025-2026,datafc_sofascore,2026-08-09T08:07:33.988763
38,77040,Kobe Cools,793987,FCV Dender,389232,0,0,7.02,0.85,0.74,12,6,2,2,21,2,0,1331,19,rating,BEL,2025-2026,datafc_sofascore,2026-08-09T08:07:33.988763
38,77040,Mathias Delorge,1124749,KAA Gent,2903,0,3,7.01,0.27,2.13,9,4,17,2,30,1,0,1383,20,rating,BEL,2025-2026,datafc_sofascore,2026-08-09T08:07:33.988763
38,77040,Siebe Schrijvers,190413,Oud-Heverlee Leuven,2918,3,4,7.0,5.03,3.45,29,4,37,12,62,6,0,2121,30,rating,BEL,2025-2026,datafc_sofascore,2026-08-09T08:07:33.988763
38,77040,Lukas Van Eenoo,45880,K. Beerschot V.A.,169260,1,1,7.0,0.63,0.77,9,2,6,0,10,0,0,246,4,rating,BEL,2025-2026,datafc_sofascore,2026-08-09T08:07:33.988763
38,77040,Radja Nainggolan,44001,Patro Eisden Maasmechelen,35076,1,0,7.0,0.56,0.03,9,2,3,0,0,0,0,157,2,rating,BEL,2025-2026,datafc_sofascore,2026-08-09T08:07:33.988763
38,77040,Hugo Siquet,983041,Club Brugge KV,2888,0,2,7.0,0.75,3.62,16,2,38,4,31,2,0,1332,31,rating,BEL,2025-2026,datafc_sofascore,2026-08-09T08:07:33.988763
38,77040,Lucas Bretelle,1389913,RAAL La Louvière,368506,0,1,7.0,,0.16,0,0,1,0,1,0,0,13,1,rating,BEL,2025-2026,datafc_sofascore,2026-08-09T08:07:33.988763
38,77040,Christian Akpan,1472969,KRC Genk,2890,0,0,7.0,,0.01,0,0,0,1,4,0,0,120,1,rating,BEL,2025-2026,datafc_sofascore,2026-08-09T08:07:33.988763
38,77040,Jonathan D'Ostilio,341273,RFC Liège,389226,0,0,7.0,0.12,0.27,2,0,3,1,8,1,0,169,2,rating,BEL,2025-2026,datafc_sofascore,2026-08-09T08:07:33.988763
38,77040,Edan Diop,1390575,Cercle Brugge,2929,7,3,6.99,6.96,5.33,53,22,46,43,52,7,0,2607,33,rating,BEL,2025-2026,datafc_sofascore,2026-08-09T08:07:33.988763
38,77040,Christopher Scott,997118,Royal Antwerp FC,2889,6,2,6.99,4.76,2.76,43,17,27,17,57,3,0,2206,31,rating,BEL,2025-2026,datafc_sofascore,2026-08-09T08:07:33.988763
38,77040,Nicolò Tresoldi,1177167,Club Brugge KV,2888,19,5,6.99,16.6,3.73,101,39,38,19,29,1,0,2507,40,rating,BEL,2025-2026,datafc_sofascore,2026-08-09T08:07:33.988763
38,77040,Amine Boukamir,1469056,RC Sporting Charleroi,2898,0,0,6.99,,0.12,0,0,2,1,18,1,0,458,7,rating,BEL,2025-2026,datafc_sofascore,2026-08-09T08:07:33.988763
38,77040,Genki Haraguchi,48243,K. Beerschot V.A.,169260,1,0,7.93,0.26,1.41,6,3,8,5,7,0,0,377,4,rating,BEL,2025-2026,datafc_sofascore,2026-08-09T08:07:33.988763
38,77040,Lucas Schoofs,794564,Lommel SK,5046,3,3,7.8,1.84,0.65,8,5,7,2,24,1,0,540,6,rating,BEL,2025-2026,datafc_sofascore,2026-08-09T08:07:33.988763
38,77040,Christos Tzolis,1031259,Club Brugge KV,2888,17,23,7.71,17.4,15.94,123,44,135,40,29,6,0,3072,36,rating,BEL,2025-2026,datafc_sofascore,2026-08-09T08:07:33.988763
38,77040,Christ Souanga,1835475,Oud-Heverlee Leuven,2918,1,0,7.6,0.07,0.01,1,1,0,0,1,0,0,90,1,rating,BEL,2025-2026,datafc_sofascore,2026-08-09T08:07:33.988763
38,77040,Nacho Miras,1010556,KV Mechelen,5044,0,0,7.57,,0.03,0,0,0,0,1,2,0,2925,33,rating,BEL,2025-2026,datafc_sofascore,2026-08-09T08:07:33.988763
38,77040,Dries Wouters,339269,Lommel SK,5046,0,0,7.53,,0.03,0,0,1,1,2,1,0,540,6,rating,BEL,2025-2026,datafc_sofascore,2026-08-09T08:07:33.988763
38,77040,Elnora Lembi,2307624,FCV Dender,389232,0,0,7.5,,0.0,0,0,0,0,2,0,0,43,2,rating,BEL,2025-2026,datafc_sofascore,2026-08-09T08:07:33.988763
38,77040,Hans Vanaken,118085,Club Brugge KV,2888,7,3,7.45,8.38,8.0,58,21,67,15,38,2,0,3366,39,rating,BEL,2025-2026,datafc_sofascore,2026-08-09T08:07:33.988763
38,77040,Modibo Fofana,2602250,Royal Antwerp FC,2889,1,0,7.45,0.22,0.1,4,1,1,2,3,0,0,35,2,rating,BEL,2025-2026,datafc_sofascore,2026-08-09T08:07:33.988763
38,77040,Jules Ahoka,2137673,Royal Antwerp FC,2889,0,0,7.45,0.02,0.0,1,0,0,1,2,0,0,98,2,rating,BEL,2025-2026,datafc_sofascore,2026-08-09T08:07:33.988763
38,77040,Lucas Pirard,190379,Standard Liège,2901,0,0,7.44,,0.03,0,0,0,1,0,1,0,990,11,rating,BEL,2025-2026,datafc_sofascore,2026-08-09T08:07:33.988763
38,77040,Zalán Vancsa,1092366,Lommel SK,5046,4,0,7.4,0.71,0.12,7,5,1,4,4,0,0,256,6,rating,BEL,2025-2026,datafc_sofascore,2026-08-09T08:07:33.988763
38,77040,Milan Govaers,1427490,K. Beerschot V.A.,169260,0,0,7.4,,0.01,0,0,0,0,0,0,0,13,1,rating,BEL,2025-2026,datafc_sofascore,2026-08-09T08:07:33.988763
38,77040,Marcos Hernán Peano,789394,RAAL La Louvière,368506,0,0,7.37,,0.14,0,0,0,4,4,2,0,3060,34,rating,BEL,2025-2026,datafc_sofascore,2026-08-09T08:07:33.988763
38,77040,Charles Vanhoutte,928033,Royale Union Saint-Gilloise,4860,0,1,7.36,0.36,1.67,2,1,12,2,18,2,0,450,5,rating,BEL,2025-2026,datafc_sofascore,2026-08-09T08:07:33.988763
38,77040,Jordan Renson,802311,Patro Eisden Maasmechelen,35076,1,0,7.35,0.21,0.03,2,1,1,0,2,0,0,210,2,rating,BEL,2025-2026,datafc_sofascore,2026-08-09T08:07:33.988763
38,77040,Matthias Pieklak,1405437,Lommel SK,5046,0,0,7.33,,0.0,0,0,0,0,0,0,0,540,6,rating,BEL,2025-2026,datafc_sofascore,2026-08-09T08:07:33.988763
38,77040,Matthieu Epolo,1121943,Standard Liège,2901,0,0,7.32,0.06,0.05,1,0,1,0,1,1,0,2610,29,rating,BEL,2025-2026,datafc_sofascore,2026-08-09T08:07:33.988763
38,77040,Edgaras Utkus,921180,Cercle Brugge,2929,2,0,7.31,1.25,0.36,14,4,1,1,28,2,0,1451,19,rating,BEL,2025-2026,datafc_sofascore,2026-08-09T08:07:33.988763
38,77040,Christian Burgess,303634,Royale Union Saint-Gilloise,4860,2,3,7.31,1.63,1.37,23,8,13,1,53,13,1,3147,35,rating,BEL,2025-2026,datafc_sofascore,2026-08-09T08:07:33.988763
38,77040,Bryan Heynen,801025,KRC Genk,2890,4,1,7.31,4.75,4.68,48,11,49,22,99,5,0,3603,40,rating,BEL,2025-2026,datafc_sofascore,2026-08-09T08:07:33.988763
38,77040,Brandon Mechele,248331,Club Brugge KV,2888,5,2,7.29,3.46,1.49,33,14,22,5,77,4,0,3435,39,rating,BEL,2025-2026,datafc_sofascore,2026-08-09T08:07:33.988763
38,77040,Ryotaro Ito,831697,Sint-Truidense VV,2895,10,5,7.28,8.51,8.81,73,27,102,19,20,1,0,2838,35,rating,BEL,2025-2026,datafc_sofascore,2026-08-09T08:07:33.988763
38,77040,Ross Sykes,845558,Royale Union Saint-Gilloise,4860,5,0,7.28,3.78,2.34,56,25,21,6,40,9,0,2629,32,rating,BEL,2025-2026,datafc_sofascore,2026-08-09T08:07:33.988763
38,77040,Sam De Grand,1146313,Lommel SK,5046,2,1,7.27,0.32,0.1,4,3,9,1,16,0,0,540,6,rating,BEL,2025-2026,datafc_sofascore,2026-08-09T08:07:33.988763
38,77040,Ensar Brahić,1481739,K. Beerschot V.A.,169260,2,0,7.27,0.49,0.27,4,2,1,0,0,0,0,91,3,rating,BEL,2025-2026,datafc_sofascore,2026-08-09T08:07:33.988763
38,77040,Nilson Angulo,1116571,RSC Anderlecht,2900,6,5,7.26,3.77,4.47,33,16,46,44,62,2,1,1902,22,rating,BEL,2025-2026,datafc_sofascore,2026-08-09T08:07:33.988763
38,77040,Brent Gabriel,861977,SV Zulte Waregem,2933,0,1,7.26,,0.6,0,0,2,1,1,1,0,3240,36,rating,BEL,2025-2026,datafc_sofascore,2026-08-09T08:07:33.988763
38,77040,Mahamadou Doumbia,1400846,Royal Antwerp FC,2889,2,1,7.25,1.8,0.37,10,3,7,17,4,2,0,528,6,rating,BEL,2025-2026,datafc_sofascore,2026-08-09T08:07:33.988763
38,77040,Davy Roef,156663,KAA Gent,2903,0,0,7.25,,0.05,0,0,3,0,1,0,0,3720,41,rating,BEL,2025-2026,datafc_sofascore,2026-08-09T08:07:33.988763
38,77040,Léo Kokubo,997020,Sint-Truidense VV,2895,0,0,7.23,,0.05,0,0,0,0,4,5,0,3420,38,rating,BEL,2025-2026,datafc_sofascore,2026-08-09T08:07:33.988763
38,77040,Yassine Titraoui,1094538,RC Sporting Charleroi,2898,5,1,7.23,2.9,3.78,53,20,31,26,58,7,0,2904,35,rating,BEL,2025-2026,datafc_sofascore,2026-08-09T08:07:33.988763
38,77040,Senne Lammens,964753,Royal Antwerp FC,2889,0,0,7.23,,0.01,0,0,0,0,0,0,0,360,4,rating,BEL,2025-2026,datafc_sofascore,2026-08-09T08:07:33.988763
38,77040,Anan Khalaili,1403362,Royale Union Saint-Gilloise,4860,3,5,7.22,3.34,7.52,38,13,62,49,69,7,0,3099,38,rating,BEL,2025-2026,datafc_sofascore,2026-08-09T08:07:33.988763
38,77040,Mohamed Koné,1131009,RC Sporting Charleroi,2898,0,0,7.22,,0.03,0,0,0,0,1,2,0,1710,19,rating,BEL,2025-2026,datafc_sofascore,2026-08-09T08:07:33.988763
38,77040,Tibe De Vlieger,1396529,KAA Gent,2903,1,0,7.21,1.4,0.97,16,1,13,9,59,5,0,1696,25,rating,BEL,2025-2026,datafc_sofascore,2026-08-09T08:07:33.988763
38,77040,Maxence Prévot,785520,Oud-Heverlee Leuven,2918,0,0,7.19,,0.02,0,0,0,2,0,1,0,741,9,rating,BEL,2025-2026,datafc_sofascore,2026-08-09T08:07:33.988763
38,77040,Taishi Brandon Nozawa,1002358,Royal Antwerp FC,2889,0,0,7.19,,0.11,0,0,3,0,3,1,0,2654,30,rating,BEL,2025-2026,datafc_sofascore,2026-08-09T08:07:33.988763
38,77040,Loïc Mbe Soh,904992,Sint-Truidense VV,2895,2,0,7.18,1.47,0.27,5,2,1,1,12,1,0,921,14,rating,BEL,2025-2026,datafc_sofascore,2026-08-09T08:07:33.988763
38,77040,Kjell Scherpen,852394,Royale Union Saint-Gilloise,4860,0,0,7.18,,0.12,0,0,1,0,1,1,0,2835,32,rating,BEL,2025-2026,datafc_sofascore,2026-08-09T08:07:33.988763
38,77040,Doğucan Haspolat,846087,KVC Westerlo,2893,1,4,7.18,2.52,7.83,46,10,86,19,82,7,0,3395,38,rating,BEL,2025-2026,datafc_sofascore,2026-08-09T08:07:33.988763
38,77040,Carlos Forbs,1069486,Club Brugge KV,2888,8,8,7.17,6.18,8.55,57,21,61,52,40,4,0,2816,37,rating,BEL,2025-2026,datafc_sofascore,2026-08-09T08:07:33.988763
38,77040,Matte Smets,1392905,KRC Genk,2890,0,1,7.15,0.75,2.2,15,0,17,5,70,4,0,3509,39,rating,BEL,2025-2026,datafc_sofascore,2026-08-09T08:07:33.988763
38,77040,Joey Pelupessy,235404,Lommel SK,5046,0,0,7.15,0.05,0.04,1,0,2,1,12,0,0,540,6,rating,BEL,2025-2026,datafc_sofascore,2026-08-09T08:07:33.988763
38,77040,Simon Mignolet,10406,Club Brugge KV,2888,0,0,7.14,,0.02,0,0,0,0,0,1,0,1023,12,rating,BEL,2025-2026,datafc_sofascore,2026-08-09T08:07:33.988763
38,77040,Kevin Mac Allister,895327,Royale Union Saint-Gilloise,4860,1,1,7.14,3.07,2.44,22,5,13,9,112,11,1,2930,34,rating,BEL,2025-2026,datafc_sofascore,2026-08-09T08:07:33.988763
38,77040,Pape Moussa Fall,1890424,RAAL La Louvière,368506,11,1,7.14,11.35,1.56,62,23,14,5,11,3,0,1771,27,rating,BEL,2025-2026,datafc_sofascore,2026-08-09T08:07:33.988763
38,77040,Hendrik Van Crombrugge,110777,KRC Genk,2890,0,0,7.13,,0.03,0,0,0,0,0,0,0,1080,12,rating,BEL,2025-2026,datafc_sofascore,2026-08-09T08:07:33.988763
38,77040,Besfort Zeneli,1173223,Royale Union Saint-Gilloise,4860,3,6,7.13,2.06,3.52,16,8,22,7,8,0,0,774,15,rating,BEL,2025-2026,datafc_sofascore,2026-08-09T08:07:33.988763
38,77040,Warleson,861071,Cercle Brugge,2929,0,0,7.13,,0.03,0,0,0,0,0,2,1,1556,19,rating,BEL,2025-2026,datafc_sofascore,2026-08-09T08:07:33.988763
38,77040,Mathias Rasmussen,834244,Royale Union Saint-Gilloise,4860,2,1,7.13,0.52,1.02,10,3,20,7,25,1,0,720,16,rating,BEL,2025-2026,datafc_sofascore,2026-08-09T08:07:33.988763
38,77040,Ayumu Yokoyama,1105106,KRC Genk,2890,1,0,7.13,1.08,1.73,14,7,12,11,6,0,0,422,9,rating,BEL,2025-2026,datafc_sofascore,2026-08-09T08:07:33.988763
38,77040,Bas Van den Eynden,1048359,K. Beerschot V.A.,169260,0,0,7.13,0.12,0.41,3,0,3,2,9,1,0,377,4,rating,BEL,2025-2026,datafc_sofascore,2026-08-09T08:07:33.988763
38,77040,Visar Musliu,134231,Sint-Truidense VV,2895,0,0,7.12,1.16,0.58,17,3,4,6,39,4,0,2519,30,rating,BEL,2025-2026,datafc_sofascore,2026-08-09T08:07:33.988763
38,77040,Jeppe Erenbjerg,1035095,SV Zulte Waregem,2933,13,3,7.12,10.16,5.5,88,32,41,24,24,2,0,2787,35,rating,BEL,2025-2026,datafc_sofascore,2026-08-09T08:07:33.988763
38,77040,Gauthier Gallon,340561,FCV Dender,389232,0,0,7.11,,0.01,0,0,0,0,1,1,0,1326,15,rating,BEL,2025-2026,datafc_sofascore,2026-08-09T08:07:33.988763
38,77040,Lucca Brughmans,1529975,KRC Genk,2890,0,0,7.11,,0.02,0,0,1,0,0,0,0,1020,11,rating,BEL,2025-2026,datafc_sofascore,2026-08-09T08:07:33.988763
38,77040,Brian Plat,980673,K. Beerschot V.A.,169260,1,0,7.1,1.26,0.19,5,4,0,0,2,0,0,390,4,rating,BEL,2025-2026,datafc_sofascore,2026-08-09T08:07:33.988763
38,77040,Vetle Dragsnes,548640,RC Sporting Charleroi,2898,1,0,7.1,0.37,0.03,3,3,0,0,2,0,0,101,2,rating,BEL,2025-2026,datafc_sofascore,2026-08-09T08:07:33.988763
38,77040,Yassin Gueroui,794565,Patro Eisden Maasmechelen,35076,0,0,7.1,,0.0,0,0,0,0,2,1,0,44,1,rating,BEL,2025-2026,datafc_sofascore,2026-08-09T08:07:33.988763
38,77040,Amando Lapage,1396102,KVC Westerlo,2893,0,0,7.1,0.13,0.51,8,2,4,3,15,3,0,1272,16,rating,BEL,2025-2026,datafc_sofascore,2026-08-09T08:07:33.988763
38,77040,Myron Van Brederode,1012925,KV Mechelen,5044,9,5,7.1,5.95,5.55,41,17,57,49,34,2,0,2840,34,rating,BEL,2025-2026,datafc_sofascore,2026-08-09T08:07:33.988763
38,77040,Aleksandar Stanković,1153957,Club Brugge KV,2888,6,2,7.09,4.66,4.09,74,25,33,8,39,4,0,3076,39,rating,BEL,2025-2026,datafc_sofascore,2026-08-09T08:07:33.988763
38,77040,Junya Ito,783278,KRC Genk,2890,6,5,7.09,3.79,5.63,36,16,51,24,37,4,0,1785,28,rating,BEL,2025-2026,datafc_sofascore,2026-08-09T08:07:33.988763
38,77040,Jason van Duiven,1195745,Lommel SK,5046,2,0,7.08,0.75,0.07,6,3,5,4,10,1,0,410,6,rating,BEL,2025-2026,datafc_sofascore,2026-08-09T08:07:33.988763
38,77040,Yannick Thoelen,794571,Royal Antwerp FC,2889,0,0,7.08,,0.04,0,0,0,0,0,1,0,496,7,rating,BEL,2025-2026,datafc_sofascore,2026-08-09T08:07:33.988763
38,77040,Geoffrey Kondo,1397885,Cercle Brugge,2929,1,1,7.08,0.63,1.11,9,2,3,5,16,0,0,900,10,rating,BEL,2025-2026,datafc_sofascore,2026-08-09T08:07:33.988763
38,77040,Parfait Guiagon,1030459,RC Sporting Charleroi,2898,9,5,7.08,7.78,5.5,80,22,52,73,30,6,0,2555,33,rating,BEL,2025-2026,datafc_sofascore,2026-08-09T08:07:33.988763
38,77040,Guilherme Smith,1820381,Royale Union Saint-Gilloise,4860,4,2,7.08,0.98,1.96,21,7,15,28,33,4,0,1546,22,rating,BEL,2025-2026,datafc_sofascore,2026-08-09T08:07:33.988763
38,77040,Rihito Yamamoto,1030211,Sint-Truidense VV,2895,5,6,7.08,5.87,6.27,51,16,62,21,75,6,0,3290,38,rating,BEL,2025-2026,datafc_sofascore,2026-08-09T08:07:33.988763
38,77040,Rosen Bozhinov,1152943,Royal Antwerp FC,2889,1,0,7.08,0.4,0.39,7,3,5,2,15,1,0,1279,16,rating,BEL,2025-2026,datafc_sofascore,2026-08-09T08:07:33.988763
38,77040,Nazinho,1006113,Cercle Brugge,2929,3,7,7.07,0.91,7.69,27,8,59,24,73,13,0,2554,30,rating,BEL,2025-2026,datafc_sofascore,2026-08-09T08:07:33.988763
38,77040,Rafiki Saïd,1047321,Standard Liège,2901,8,4,7.07,10.2,4.41,90,32,28,69,30,4,0,2756,37,rating,BEL,2025-2026,datafc_sofascore,2026-08-09T08:07:33.988763
38,77040,Shogo Taniguchi,386958,Sint-Truidense VV,2895,1,1,7.07,1.07,1.31,14,2,10,2,43,4,0,2963,38,rating,BEL,2025-2026,datafc_sofascore,2026-08-09T08:07:33.988763
38,77040,Arthur Piedfort,1149123,KVC Westerlo,2893,3,2,7.07,1.9,3.11,23,7,43,25,86,5,0,2989,36,rating,BEL,2025-2026,datafc_sofascore,2026-08-09T08:07:33.988763
38,77040,Zakaria El Ouahdi,1134470,KRC Genk,2890,8,4,7.07,4.96,4.37,70,24,49,36,42,4,0,2996,34,rating,BEL,2025-2026,datafc_sofascore,2026-08-09T08:07:33.988763
38,77040,Michał Skóraś,942479,KAA Gent,2903,2,7,7.06,3.87,6.79,43,10,65,37,49,6,1,2697,34,rating,BEL,2025-2026,datafc_sofascore,2026-08-09T08:07:33.988763
38,77040,Emin Bayram,997153,KVC Westerlo,2893,4,2,7.06,4.39,2.88,41,13,20,15,44,4,2,3322,38,rating,BEL,2025-2026,datafc_sofascore,2026-08-09T08:07:33.988763
38,77040,Nordin Jackers,361722,Club Brugge KV,2888,0,0,7.06,,0.07,0,0,0,0,1,1,0,1801,21,rating,BEL,2025-2026,datafc_sofascore,2026-08-09T08:07:33.988763
38,77040,Michel Ange Balikwisha,923969,Royal Antwerp FC,2889,1,0,7.05,0.95,0.1,3,2,4,2,11,0,0,347,4,rating,BEL,2025-2026,datafc_sofascore,2026-08-09T08:07:33.988763
38,77040,Kylian Hazard,379184,RFC Liège,389226,1,0,7.05,0.6,0.3,5,1,3,2,2,0,0,121,2,rating,BEL,2025-2026,datafc_sofascore,2026-08-09T08:07:33.988763
38,77040,Thorgan Hazard,94286,RSC Anderlecht,2900,13,7,7.04,11.91,8.06,74,31,78,38,38,6,1,2722,36,rating,BEL,2025-2026,datafc_sofascore,2026-08-09T08:07:33.988763
38,77040,Fredrik Hammar,946959,KV Mechelen,5044,1,1,7.04,1.75,1.64,28,6,18,20,152,10,0,3366,38,rating,BEL,2025-2026,datafc_sofascore,2026-08-09T08:07:33.988763
38,77040,Nacho Ferri,1196903,KVC Westerlo,2893,11,2,7.04,16.2,2.4,101,42,30,22,27,7,0,2910,36,rating,BEL,2025-2026,datafc_sofascore,2026-08-09T08:07:33.988763
38,77040,Adem Zorgane,1000472,Royale Union Saint-Gilloise,4860,4,5,7.04,2.44,6.23,28,12,40,19,64,7,0,2968,37,rating,BEL,2025-2026,datafc_sofascore,2026-08-09T08:07:33.988763
38,77040,Anton Tanghe,1005175,SV Zulte Waregem,2933,3,0,7.02,2.43,0.92,5,3,8,1,14,2,0,1664,21,rating,BEL,2025-2026,datafc_sofascore,2026-08-09T08:07:33.988763
38,77040,Rein Van Helden,1047163,Royal Antwerp FC,2889,2,0,7.02,2.19,1.08,12,4,13,8,52,2,1,2126,29,rating,BEL,2025-2026,datafc_sofascore,2026-08-09T08:07:33.988763
38,77040,Kobe Cools,793987,FCV Dender,389232,0,0,7.02,0.85,0.74,12,6,2,2,21,2,0,1331,19,rating,BEL,2025-2026,datafc_sofascore,2026-08-09T08:07:33.988763
38,77040,Mathias Delorge,1124749,KAA Gent,2903,0,3,7.01,0.27,2.13,9,4,17,2,30,1,0,1383,20,rating,BEL,2025-2026,datafc_sofascore,2026-08-09T08:07:33.988763
38,77040,Siebe Schrijvers,190413,Oud-Heverlee Leuven,2918,3,4,7.0,5.03,3.45,29,4,37,12,62,6,0,2121,30,rating,BEL,2025-2026,datafc_sofascore,2026-08-09T08:07:33.988763
38,77040,Lukas Van Eenoo,45880,K. Beerschot V.A.,169260,1,1,7.0,0.63,0.77,9,2,6,0,10,0,0,246,4,rating,BEL,2025-2026,datafc_sofascore,2026-08-09T08:07:33.988763
38,77040,Radja Nainggolan,44001,Patro Eisden Maasmechelen,35076,1,0,7.0,0.56,0.03,9,2,3,0,0,0,0,157,2,rating,BEL,2025-2026,datafc_sofascore,2026-08-09T08:07:33.988763
38,77040,Hugo Siquet,983041,Club Brugge KV,2888,0,2,7.0,0.75,3.62,16,2,38,4,31,2,0,1332,31,rating,BEL,2025-2026,datafc_sofascore,2026-08-09T08:07:33.988763
38,77040,Lucas Bretelle,1389913,RAAL La Louvière,368506,0,1,7.0,,0.16,0,0,1,0,1,0,0,13,1,rating,BEL,2025-2026,datafc_sofascore,2026-08-09T08:07:33.988763
38,77040,Christian Akpan,1472969,KRC Genk,2890,0,0,7.0,,0.01,0,0,0,1,4,0,0,120,1,rating,BEL,2025-2026,datafc_sofascore,2026-08-09T08:07:33.988763
38,77040,Jonathan D'Ostilio,341273,RFC Liège,389226,0,0,7.0,0.12,0.27,2,0,3,1,8,1,0,169,2,rating,BEL,2025-2026,datafc_sofascore,2026-08-09T08:07:33.988763
38,77040,Edan Diop,1390575,Cercle Brugge,2929,7,3,6.99,6.96,5.33,53,22,46,43,52,7,0,2607,33,rating,BEL,2025-2026,datafc_sofascore,2026-08-09T08:07:33.988763
38,77040,Christopher Scott,997118,Royal Antwerp FC,2889,6,2,6.99,4.76,2.76,43,17,27,17,57,3,0,2206,31,rating,BEL,2025-2026,datafc_sofascore,2026-08-09T08:07:33.988763
38,77040,Nicolò Tresoldi,1177167,Club Brugge KV,2888,19,5,6.99,16.6,3.73,101,39,38,19,29,1,0,2507,40,rating,BEL,2025-2026,datafc_sofascore,2026-08-09T08:07:33.988763
38,77040,Amine Boukamir,1469056,RC Sporting Charleroi,2898,0,0,6.99,,0.12,0,0,2,1,18,1,0,458,7,rating,BEL,2025-2026,datafc_sofascore,2026-08-09T08:07:33.988763
38,77040,Nicolò Tresoldi,1177167,Club Brugge KV,2888,19,5,6.99,16.6,3.73,101,39,38,19,29,1,0,2507,40,goals,BEL,2025-2026,datafc_sofascore,2026-08-09T08:07:33.988763
38,77040,Christos Tzolis,1031259,Club Brugge KV,2888,17,23,7.71,17.4,15.94,123,44,135,40,29,6,0,3072,36,goals,BEL,2025-2026,datafc_sofascore,2026-08-09T08:07:33.988763
38,77040,Jeppe Erenbjerg,1035095,SV Zulte Waregem,2933,13,3,7.12,10.16,5.5,88,32,41,24,24,2,0,2787,35,goals,BEL,2025-2026,datafc_sofascore,2026-08-09T08:07:33.988763
38,77040,Thorgan Hazard,94286,RSC Anderlecht,2900,13,7,7.04,11.91,8.06,74,31,78,38,38,6,1,2722,36,goals,BEL,2025-2026,datafc_sofascore,2026-08-09T08:07:33.988763
38,77040,Wilfried Kanga,838640,KAA Gent,2903,12,4,6.71,15.13,1.71,90,37,27,8,8,4,0,2836,36,goals,BEL,2025-2026,datafc_sofascore,2026-08-09T08:07:33.988763
38,77040,Pape Moussa Fall,1890424,RAAL La Louvière,368506,11,1,7.14,11.35,1.56,62,23,14,5,11,3,0,1771,27,goals,BEL,2025-2026,datafc_sofascore,2026-08-09T08:07:33.988763
38,77040,Nacho Ferri,1196903,KVC Westerlo,2893,11,2,7.04,16.2,2.4,101,42,30,22,27,7,0,2910,36,goals,BEL,2025-2026,datafc_sofascore,2026-08-09T08:07:33.988763
38,77040,Keisuke Goto,1391315,Sint-Truidense VV,2895,11,7,6.77,13.43,4.3,62,25,30,7,41,5,0,2885,38,goals,BEL,2025-2026,datafc_sofascore,2026-08-09T08:07:33.988763
38,77040,Ryotaro Ito,831697,Sint-Truidense VV,2895,10,5,7.28,8.51,8.81,73,27,102,19,20,1,0,2838,35,goals,BEL,2025-2026,datafc_sofascore,2026-08-09T08:07:33.988763
38,77040,Daan Heymans,845344,KRC Genk,2890,10,4,6.98,7.98,2.96,61,25,33,11,50,3,0,2362,31,goals,BEL,2025-2026,datafc_sofascore,2026-08-09T08:07:33.988763
38,77040,Joseph Opoku,1922407,SV Zulte Waregem,2933,10,6,6.91,10.15,3.62,69,25,46,37,16,2,0,2458,33,goals,BEL,2025-2026,datafc_sofascore,2026-08-09T08:07:33.988763
38,77040,Vincent Janssen,339901,Royal Antwerp FC,2889,10,7,6.87,12.99,3.46,91,30,33,21,29,8,0,3088,35,goals,BEL,2025-2026,datafc_sofascore,2026-08-09T08:07:33.988763
38,77040,Kevin Rodriguez,1431770,Royale Union Saint-Gilloise,4860,10,2,6.69,8.63,2.84,76,30,19,19,19,2,0,1825,31,goals,BEL,2025-2026,datafc_sofascore,2026-08-09T08:07:33.988763
38,77040,Myron Van Brederode,1012925,KV Mechelen,5044,9,5,7.1,5.95,5.55,41,17,57,49,34,2,0,2840,34,goals,BEL,2025-2026,datafc_sofascore,2026-08-09T08:07:33.988763
38,77040,Parfait Guiagon,1030459,RC Sporting Charleroi,2898,9,5,7.08,7.78,5.5,80,22,52,73,30,6,0,2555,33,goals,BEL,2025-2026,datafc_sofascore,2026-08-09T08:07:33.988763
38,77040,Aurélien Scheidler,915567,RC Sporting Charleroi,2898,9,4,6.81,12.47,2.75,71,28,38,10,8,3,0,3266,40,goals,BEL,2025-2026,datafc_sofascore,2026-08-09T08:07:33.988763
38,77040,Bruny Nsimba,1047536,FCV Dender,389232,9,4,6.8,10.1,3.3,60,22,24,20,17,3,0,1905,30,goals,BEL,2025-2026,datafc_sofascore,2026-08-09T08:07:33.988763
38,77040,Promise David,1119328,Royale Union Saint-Gilloise,4860,9,1,6.68,12.3,1.04,70,26,13,6,4,1,0,1493,24,goals,BEL,2025-2026,datafc_sofascore,2026-08-09T08:07:33.988763
38,77040,Mihajlo Cvetković,1427166,RSC Anderlecht,2900,9,2,6.6,7.58,1.0,41,21,17,8,15,4,1,1631,29,goals,BEL,2025-2026,datafc_sofascore,2026-08-09T08:07:33.988763
38,77040,Carlos Forbs,1069486,Club Brugge KV,2888,8,8,7.17,6.18,8.55,57,21,61,52,40,4,0,2816,37,goals,BEL,2025-2026,datafc_sofascore,2026-08-09T08:07:33.988763
38,77040,Rafiki Saïd,1047321,Standard Liège,2901,8,4,7.07,10.2,4.41,90,32,28,69,30,4,0,2756,37,goals,BEL,2025-2026,datafc_sofascore,2026-08-09T08:07:33.988763
38,77040,Zakaria El Ouahdi,1134470,KRC Genk,2890,8,4,7.07,4.96,4.37,70,24,49,36,42,4,0,2996,34,goals,BEL,2025-2026,datafc_sofascore,2026-08-09T08:07:33.988763
38,77040,Marley Aké,988839,SV Zulte Waregem,2933,8,0,6.9,5.67,2.12,48,17,16,22,26,1,0,1746,30,goals,BEL,2025-2026,datafc_sofascore,2026-08-09T08:07:33.988763
38,77040,Romeo Vermant,1069336,Club Brugge KV,2888,8,2,6.64,6.53,1.09,48,19,15,5,19,3,0,1338,35,goals,BEL,2025-2026,datafc_sofascore,2026-08-09T08:07:33.988763
38,77040,Hans Vanaken,118085,Club Brugge KV,2888,7,3,7.45,8.38,8.0,58,21,67,15,38,2,0,3366,39,goals,BEL,2025-2026,datafc_sofascore,2026-08-09T08:07:33.988763
38,77040,Edan Diop,1390575,Cercle Brugge,2929,7,3,6.99,6.96,5.33,53,22,46,43,52,7,0,2607,33,goals,BEL,2025-2026,datafc_sofascore,2026-08-09T08:07:33.988763
38,77040,Allahyar Sayyadmanesh,905474,KVC Westerlo,2893,7,3,6.89,7.15,4.43,48,15,37,33,35,5,0,2241,30,goals,BEL,2025-2026,datafc_sofascore,2026-08-09T08:07:33.988763
38,77040,Antoine Bernier,834261,RC Sporting Charleroi,2898,7,2,6.86,4.84,2.76,41,16,29,32,46,7,0,2379,38,goals,BEL,2025-2026,datafc_sofascore,2026-08-09T08:07:33.988763
38,77040,Omri Gandelman,1019125,KAA Gent,2903,7,1,6.81,5.0,0.62,28,11,11,4,10,1,0,1427,18,goals,BEL,2025-2026,datafc_sofascore,2026-08-09T08:07:33.988763
38,77040,Raul Florucz,1022491,Royale Union Saint-Gilloise,4860,7,3,6.78,6.84,1.86,46,15,18,14,17,1,0,1214,24,goals,BEL,2025-2026,datafc_sofascore,2026-08-09T08:07:33.988763
38,77040,Adriano Bertaccini,867250,RSC Anderlecht,2900,7,2,6.7,7.73,1.74,65,28,15,17,14,5,1,1603,33,goals,BEL,2025-2026,datafc_sofascore,2026-08-09T08:07:33.988763
38,77040,Max Dean,1065233,KAA Gent,2903,7,1,6.69,8.96,1.47,50,21,16,5,8,2,1,1187,23,goals,BEL,2025-2026,datafc_sofascore,2026-08-09T08:07:33.988763
38,77040,Steve Ngoura,1394411,Cercle Brugge,2929,7,4,6.67,9.75,2.31,71,23,22,27,9,2,0,2097,34,goals,BEL,2025-2026,datafc_sofascore,2026-08-09T08:07:33.988763
38,77040,Oumar Diakité,1188191,Cercle Brugge,2929,7,0,6.63,7.36,1.43,39,18,22,23,14,4,1,1429,25,goals,BEL,2025-2026,datafc_sofascore,2026-08-09T08:07:33.988763
38,77040,Nilson Angulo,1116571,RSC Anderlecht,2900,6,5,7.26,3.77,4.47,33,16,46,44,62,2,1,1902,22,goals,BEL,2025-2026,datafc_sofascore,2026-08-09T08:07:33.988763
38,77040,Aleksandar Stanković,1153957,Club Brugge KV,2888,6,2,7.09,4.66,4.09,74,25,33,8,39,4,0,3076,39,goals,BEL,2025-2026,datafc_sofascore,2026-08-09T08:07:33.988763
38,77040,Junya Ito,783278,KRC Genk,2890,6,5,7.09,3.79,5.63,36,16,51,24,37,4,0,1785,28,goals,BEL,2025-2026,datafc_sofascore,2026-08-09T08:07:33.988763
38,77040,Christopher Scott,997118,Royal Antwerp FC,2889,6,2,6.99,4.76,2.76,43,17,27,17,57,3,0,2206,31,goals,BEL,2025-2026,datafc_sofascore,2026-08-09T08:07:33.988763
38,77040,Arbnor Muja,890695,Sint-Truidense VV,2895,6,2,6.91,5.76,4.41,43,16,28,21,24,3,1,1855,26,goals,BEL,2025-2026,datafc_sofascore,2026-08-09T08:07:33.988763
38,77040,Pieter Gerkens,190401,Cercle Brugge,2929,6,1,6.85,5.58,3.44,41,16,40,7,38,1,0,2840,35,goals,BEL,2025-2026,datafc_sofascore,2026-08-09T08:07:33.988763
38,77040,Hyeon-gyu Oh,1010634,KRC Genk,2890,6,3,6.77,7.63,1.49,49,24,17,6,10,2,0,1116,20,goals,BEL,2025-2026,datafc_sofascore,2026-08-09T08:07:33.988763
38,77040,Lion Lauberbach,886171,KV Mechelen,5044,6,1,6.7,9.02,0.94,48,25,15,21,12,4,0,1872,22,goals,BEL,2025-2026,datafc_sofascore,2026-08-09T08:07:33.988763
38,77040,Aaron Bibout,1502620,KRC Genk,2890,6,0,6.68,8.1,0.79,49,17,8,9,6,0,0,1165,21,goals,BEL,2025-2026,datafc_sofascore,2026-08-09T08:07:33.988763
38,77040,Isa Sakamoto,1126245,KVC Westerlo,2893,6,4,6.67,7.98,2.85,66,21,32,62,43,1,0,3021,38,goals,BEL,2025-2026,datafc_sofascore,2026-08-09T08:07:33.988763
38,77040,Sory Kaba,869131,Oud-Heverlee Leuven,2918,6,2,6.59,5.38,1.57,41,12,22,12,11,6,0,1595,30,goals,BEL,2025-2026,datafc_sofascore,2026-08-09T08:07:33.988763
38,77040,Brandon Mechele,248331,Club Brugge KV,2888,5,2,7.29,3.46,1.49,33,14,22,5,77,4,0,3435,39,goals,BEL,2025-2026,datafc_sofascore,2026-08-09T08:07:33.988763
38,77040,Ross Sykes,845558,Royale Union Saint-Gilloise,4860,5,0,7.28,3.78,2.34,56,25,21,6,40,9,0,2629,32,goals,BEL,2025-2026,datafc_sofascore,2026-08-09T08:07:33.988763
38,77040,Yassine Titraoui,1094538,RC Sporting Charleroi,2898,5,1,7.23,2.9,3.78,53,20,31,26,58,7,0,2904,35,goals,BEL,2025-2026,datafc_sofascore,2026-08-09T08:07:33.988763
38,77040,Rihito Yamamoto,1030211,Sint-Truidense VV,2895,5,6,7.08,5.87,6.27,51,16,62,21,75,6,0,3290,38,goals,BEL,2025-2026,datafc_sofascore,2026-08-09T08:07:33.988763
38,77040,Casper Nielsen,247471,Standard Liège,2901,5,2,6.95,3.38,3.36,32,11,19,8,42,5,0,1878,26,goals,BEL,2025-2026,datafc_sofascore,2026-08-09T08:07:33.988763
38,77040,Hugo Vetlesen,877236,Club Brugge KV,2888,5,6,6.87,4.89,3.32,36,14,22,12,25,5,0,1315,25,goals,BEL,2025-2026,datafc_sofascore,2026-08-09T08:07:33.988763
38,77040,Thérence Koudou,1392080,KV Mechelen,5044,5,2,6.85,1.64,4.81,25,8,35,38,31,5,0,3060,37,goals,BEL,2025-2026,datafc_sofascore,2026-08-09T08:07:33.988763
38,77040,Kerim Mrabti,338869,KV Mechelen,5044,5,3,6.81,3.37,1.81,29,10,20,8,31,5,0,2300,33,goals,BEL,2025-2026,datafc_sofascore,2026-08-09T08:07:33.988763
38,77040,Ilias Sebaoui,1154586,Sint-Truidense VV,2895,5,5,6.81,8.33,5.21,93,27,36,43,46,3,0,3272,40,goals,BEL,2025-2026,datafc_sofascore,2026-08-09T08:07:33.988763
38,77040,Roman Kvet,858926,FCV Dender,389232,5,0,6.73,4.44,3.29,38,12,39,24,34,5,0,2676,34,goals,BEL,2025-2026,datafc_sofascore,2026-08-09T08:07:33.988763
38,77040,Hyllarion Goore,2048955,KAA Gent,2903,5,4,6.71,5.22,2.29,55,15,20,25,9,2,0,1431,34,goals,BEL,2025-2026,datafc_sofascore,2026-08-09T08:07:33.988763
38,77040,Robin Mirisola,1405446,KRC Genk,2890,5,2,6.66,6.48,0.66,36,13,15,22,11,3,0,1317,30,goals,BEL,2025-2026,datafc_sofascore,2026-08-09T08:07:33.988763
38,77040,Dennis Eckert Ayensa,812797,Standard Liège,2901,5,0,6.63,5.29,1.66,32,10,17,10,18,2,0,1987,35,goals,BEL,2025-2026,datafc_sofascore,2026-08-09T08:07:33.988763
38,77040,Oluwaseun Adewumi,1201883,Cercle Brugge,2929,5,0,6.61,7.78,1.06,57,24,12,27,14,2,0,1598,32,goals,BEL,2025-2026,datafc_sofascore,2026-08-09T08:07:33.988763
38,77040,Jerry Afriyie,1836721,RAAL La Louvière,368506,5,1,6.52,7.65,2.32,51,21,17,36,23,7,0,2497,31,goals,BEL,2025-2026,datafc_sofascore,2026-08-09T08:07:33.988763
38,77040,Zalán Vancsa,1092366,Lommel SK,5046,4,0,7.4,0.71,0.12,7,5,1,4,4,0,0,256,6,goals,BEL,2025-2026,datafc_sofascore,2026-08-09T08:07:33.988763
38,77040,Bryan Heynen,801025,KRC Genk,2890,4,1,7.31,4.75,4.68,48,11,49,22,99,5,0,3603,40,goals,BEL,2025-2026,datafc_sofascore,2026-08-09T08:07:33.988763
38,77040,Guilherme Smith,1820381,Royale Union Saint-Gilloise,4860,4,2,7.08,0.98,1.96,21,7,15,28,33,4,0,1546,22,goals,BEL,2025-2026,datafc_sofascore,2026-08-09T08:07:33.988763
38,77040,Emin Bayram,997153,KVC Westerlo,2893,4,2,7.06,4.39,2.88,41,13,20,15,44,4,2,3322,38,goals,BEL,2025-2026,datafc_sofascore,2026-08-09T08:07:33.988763
38,77040,Adem Zorgane,1000472,Royale Union Saint-Gilloise,4860,4,5,7.04,2.44,6.23,28,12,40,19,64,7,0,2968,37,goals,BEL,2025-2026,datafc_sofascore,2026-08-09T08:07:33.988763
38,77040,Patrick Pflücke,281283,RC Sporting Charleroi,2898,4,8,6.97,5.54,8.28,63,22,67,9,22,0,0,2670,41,goals,BEL,2025-2026,datafc_sofascore,2026-08-09T08:07:33.988763
38,77040,Maksim Paskotsi,954621,KAA Gent,2903,4,1,6.96,1.28,0.33,15,6,1,1,19,1,0,1813,22,goals,BEL,2025-2026,datafc_sofascore,2026-08-09T08:07:33.988763
38,77040,Anthony Valencia,1020197,Royal Antwerp FC,2889,4,2,6.95,3.57,2.73,29,12,29,36,27,3,0,1332,23,goals,BEL,2025-2026,datafc_sofascore,2026-08-09T08:07:33.988763
38,77040,Gary Magnee,990265,Cercle Brugge,2929,4,7,6.93,5.4,6.75,31,10,74,20,72,4,0,2889,34,goals,BEL,2025-2026,datafc_sofascore,2026-08-09T08:07:33.988763
38,77040,Anosike Ementa,1094132,SV Zulte Waregem,2933,4,8,6.9,7.37,3.77,41,18,61,40,20,5,0,2616,32,goals,BEL,2025-2026,datafc_sofascore,2026-08-09T08:07:33.988763
38,77040,Rob Schoofs,133164,Royale Union Saint-Gilloise,4860,4,5,6.89,3.11,5.5,42,11,52,7,27,4,0,2013,36,goals,BEL,2025-2026,datafc_sofascore,2026-08-09T08:07:33.988763
38,77040,Atsuki Ito,1034816,KAA Gent,2903,4,3,6.88,4.25,2.25,37,13,26,14,39,3,0,2184,30,goals,BEL,2025-2026,datafc_sofascore,2026-08-09T08:07:33.988763
38,77040,Thibo Somers,1002804,Royal Antwerp FC,2889,4,2,6.88,5.33,4.11,36,16,27,3,74,3,0,2434,32,goals,BEL,2025-2026,datafc_sofascore,2026-08-09T08:07:33.988763
38,77040,Roggerio Nyakossi,1129502,Oud-Heverlee Leuven,2918,4,0,6.84,1.16,0.19,13,5,2,7,29,4,0,2241,27,goals,BEL,2025-2026,datafc_sofascore,2026-08-09T08:07:33.988763
38,77040,Yira Collins Sor,985162,KRC Genk,2890,4,1,6.77,3.69,1.9,35,17,17,15,15,0,0,1147,28,goals,BEL,2025-2026,datafc_sofascore,2026-08-09T08:07:33.988763
38,77040,Mateo Biondic,1387937,Royale Union Saint-Gilloise,4860,4,2,6.76,4.58,0.91,27,15,9,8,5,0,0,771,15,goals,BEL,2025-2026,datafc_sofascore,2026-08-09T08:07:33.988763
38,77040,Tristan Degreef,1436187,RSC Anderlecht,2900,4,2,6.65,2.62,1.63,39,15,22,15,49,3,1,1891,34,goals,BEL,2025-2026,datafc_sofascore,2026-08-09T08:07:33.988763
38,77040,David Toshevski,1021398,FCV Dender,389232,4,0,6.57,5.5,1.06,40,12,10,13,11,5,1,1520,26,goals,BEL,2025-2026,datafc_sofascore,2026-08-09T08:07:33.988763
38,77040,Chukwubuikem Ikwuemesi,1143547,Oud-Heverlee Leuven,2918,4,0,6.54,5.11,0.95,46,19,16,20,7,4,0,1829,34,goals,BEL,2025-2026,datafc_sofascore,2026-08-09T08:07:33.988763
38,77040,Timothé Nkada,981053,Standard Liège,2901,4,1,6.42,4.31,0.44,25,10,4,8,8,1,1,1240,30,goals,BEL,2025-2026,datafc_sofascore,2026-08-09T08:07:33.988763
38,77040,Lucas Schoofs,794564,Lommel SK,5046,3,3,7.8,1.84,0.65,8,5,7,2,24,1,0,540,6,goals,BEL,2025-2026,datafc_sofascore,2026-08-09T08:07:33.988763
38,77040,Anan Khalaili,1403362,Royale Union Saint-Gilloise,4860,3,5,7.22,3.34,7.52,38,13,62,49,69,7,0,3099,38,goals,BEL,2025-2026,datafc_sofascore,2026-08-09T08:07:33.988763
38,77040,Besfort Zeneli,1173223,Royale Union Saint-Gilloise,4860,3,6,7.13,2.06,3.52,16,8,22,7,8,0,0,774,15,goals,BEL,2025-2026,datafc_sofascore,2026-08-09T08:07:33.988763
38,77040,Nazinho,1006113,Cercle Brugge,2929,3,7,7.07,0.91,7.69,27,8,59,24,73,13,0,2554,30,goals,BEL,2025-2026,datafc_sofascore,2026-08-09T08:07:33.988763
38,77040,Arthur Piedfort,1149123,KVC Westerlo,2893,3,2,7.07,1.9,3.11,23,7,43,25,86,5,0,2989,36,goals,BEL,2025-2026,datafc_sofascore,2026-08-09T08:07:33.988763
38,77040,Anton Tanghe,1005175,SV Zulte Waregem,2933,3,0,7.02,2.43,0.92,5,3,8,1,14,2,0,1664,21,goals,BEL,2025-2026,datafc_sofascore,2026-08-09T08:07:33.988763
38,77040,Siebe Schrijvers,190413,Oud-Heverlee Leuven,2918,3,4,7.0,5.03,3.45,29,4,37,12,62,6,0,2121,30,goals,BEL,2025-2026,datafc_sofascore,2026-08-09T08:07:33.988763
38,77040,Wagane Faye,957913,RAAL La Louvière,368506,3,1,6.97,1.68,1.43,16,5,7,4,62,6,0,2304,27,goals,BEL,2025-2026,datafc_sofascore,2026-08-09T08:07:33.988763
38,77040,Youssef Maziz,862821,Oud-Heverlee Leuven,2918,3,4,6.96,4.34,6.75,49,12,63,13,25,6,0,2096,36,goals,BEL,2025-2026,datafc_sofascore,2026-08-09T08:07:33.988763
38,77040,Joel Ordóñez,1187275,Club Brugge KV,2888,3,0,6.95,1.91,0.92,16,4,6,3,37,4,2,2668,33,goals,BEL,2025-2026,datafc_sofascore,2026-08-09T08:07:33.988763
38,77040,Kyriani Sabbe,1101258,Club Brugge KV,2888,3,3,6.94,1.71,3.84,18,9,23,8,43,2,0,1658,27,goals,BEL,2025-2026,datafc_sofascore,2026-08-09T08:07:33.988763
38,77040,Mauricio Benitez,1402224,Royal Antwerp FC,2889,3,0,6.88,1.74,0.99,24,6,13,8,49,4,0,1524,27,goals,BEL,2025-2026,datafc_sofascore,2026-08-09T08:07:33.988763
38,77040,Nathan-Dylan Saliba,1093229,RSC Anderlecht,2900,3,1,6.86,3.27,2.58,59,15,26,19,75,12,1,2319,34,goals,BEL,2025-2026,datafc_sofascore,2026-08-09T08:07:33.988763
38,77040,Alan Minda,1122552,Cercle Brugge,2929,3,2,6.86,2.77,1.19,27,12,10,20,3,0,0,974,17,goals,BEL,2025-2026,datafc_sofascore,2026-08-09T08:07:33.988763
38,77040,Marco Ilaimaharitra,358198,Standard Liège,2901,3,0,6.85,3.44,1.16,14,6,21,8,48,10,1,2445,31,goals,BEL,2025-2026,datafc_sofascore,2026-08-09T08:07:33.988763
38,77040,Henok Teklab,940558,Oud-Heverlee Leuven,2918,3,0,6.84,2.46,1.96,23,8,21,12,51,4,0,1638,25,goals,BEL,2025-2026,datafc_sofascore,2026-08-09T08:07:33.988763
38,77040,Łukasz Łakomy,1001201,Oud-Heverlee Leuven,2918,3,3,6.82,1.56,3.17,32,12,35,13,44,6,0,2123,32,goals,BEL,2025-2026,datafc_sofascore,2026-08-09T08:07:33.988763
38,77040,Ryan Merlen,1402293,Sint-Truidense VV,2895,3,2,6.82,3.41,2.27,24,5,19,9,8,4,1,965,33,goals,BEL,2025-2026,datafc_sofascore,2026-08-09T08:07:33.988763
38,77040,Griffin Yow,979808,KVC Westerlo,2893,3,0,6.81,2.06,0.64,24,7,8,15,17,0,0,664,16,goals,BEL,2025-2026,datafc_sofascore,2026-08-09T08:07:33.988763
38,77040,Kevin Van Den Kerkhof,1130602,RC Sporting Charleroi,2898,3,4,6.78,3.1,2.9,35,11,35,27,56,5,1,2117,30,goals,BEL,2025-2026,datafc_sofascore,2026-08-09T08:07:33.988763
38,77040,Nicolò Tresoldi,1177167,Club Brugge KV,2888,19,5,6.99,16.6,3.73,101,39,38,19,29,1,0,2507,40,goals,BEL,2025-2026,datafc_sofascore,2026-08-09T08:07:33.988763
38,77040,Christos Tzolis,1031259,Club Brugge KV,2888,17,23,7.71,17.4,15.94,123,44,135,40,29,6,0,3072,36,goals,BEL,2025-2026,datafc_sofascore,2026-08-09T08:07:33.988763
38,77040,Jeppe Erenbjerg,1035095,SV Zulte Waregem,2933,13,3,7.12,10.16,5.5,88,32,41,24,24,2,0,2787,35,goals,BEL,2025-2026,datafc_sofascore,2026-08-09T08:07:33.988763
38,77040,Thorgan Hazard,94286,RSC Anderlecht,2900,13,7,7.04,11.91,8.06,74,31,78,38,38,6,1,2722,36,goals,BEL,2025-2026,datafc_sofascore,2026-08-09T08:07:33.988763
38,77040,Wilfried Kanga,838640,KAA Gent,2903,12,4,6.71,15.13,1.71,90,37,27,8,8,4,0,2836,36,goals,BEL,2025-2026,datafc_sofascore,2026-08-09T08:07:33.988763
38,77040,Pape Moussa Fall,1890424,RAAL La Louvière,368506,11,1,7.14,11.35,1.56,62,23,14,5,11,3,0,1771,27,goals,BEL,2025-2026,datafc_sofascore,2026-08-09T08:07:33.988763
38,77040,Nacho Ferri,1196903,KVC Westerlo,2893,11,2,7.04,16.2,2.4,101,42,30,22,27,7,0,2910,36,goals,BEL,2025-2026,datafc_sofascore,2026-08-09T08:07:33.988763
38,77040,Keisuke Goto,1391315,Sint-Truidense VV,2895,11,7,6.77,13.43,4.3,62,25,30,7,41,5,0,2885,38,goals,BEL,2025-2026,datafc_sofascore,2026-08-09T08:07:33.988763
38,77040,Ryotaro Ito,831697,Sint-Truidense VV,2895,10,5,7.28,8.51,8.81,73,27,102,19,20,1,0,2838,35,goals,BEL,2025-2026,datafc_sofascore,2026-08-09T08:07:33.988763
38,77040,Daan Heymans,845344,KRC Genk,2890,10,4,6.98,7.98,2.96,61,25,33,11,50,3,0,2362,31,goals,BEL,2025-2026,datafc_sofascore,2026-08-09T08:07:33.988763
38,77040,Joseph Opoku,1922407,SV Zulte Waregem,2933,10,6,6.91,10.15,3.62,69,25,46,37,16,2,0,2458,33,goals,BEL,2025-2026,datafc_sofascore,2026-08-09T08:07:33.988763
38,77040,Vincent Janssen,339901,Royal Antwerp FC,2889,10,7,6.87,12.99,3.46,91,30,33,21,29,8,0,3088,35,goals,BEL,2025-2026,datafc_sofascore,2026-08-09T08:07:33.988763
38,77040,Kevin Rodriguez,1431770,Royale Union Saint-Gilloise,4860,10,2,6.69,8.63,2.84,76,30,19,19,19,2,0,1825,31,goals,BEL,2025-2026,datafc_sofascore,2026-08-09T08:07:33.988763
38,77040,Myron Van Brederode,1012925,KV Mechelen,5044,9,5,7.1,5.95,5.55,41,17,57,49,34,2,0,2840,34,goals,BEL,2025-2026,datafc_sofascore,2026-08-09T08:07:33.988763
38,77040,Parfait Guiagon,1030459,RC Sporting Charleroi,2898,9,5,7.08,7.78,5.5,80,22,52,73,30,6,0,2555,33,goals,BEL,2025-2026,datafc_sofascore,2026-08-09T08:07:33.988763
38,77040,Aurélien Scheidler,915567,RC Sporting Charleroi,2898,9,4,6.81,12.47,2.75,71,28,38,10,8,3,0,3266,40,goals,BEL,2025-2026,datafc_sofascore,2026-08-09T08:07:33.988763
38,77040,Bruny Nsimba,1047536,FCV Dender,389232,9,4,6.8,10.1,3.3,60,22,24,20,17,3,0,1905,30,goals,BEL,2025-2026,datafc_sofascore,2026-08-09T08:07:33.988763
38,77040,Promise David,1119328,Royale Union Saint-Gilloise,4860,9,1,6.68,12.3,1.04,70,26,13,6,4,1,0,1493,24,goals,BEL,2025-2026,datafc_sofascore,2026-08-09T08:07:33.988763
38,77040,Mihajlo Cvetković,1427166,RSC Anderlecht,2900,9,2,6.6,7.58,1.0,41,21,17,8,15,4,1,1631,29,goals,BEL,2025-2026,datafc_sofascore,2026-08-09T08:07:33.988763
38,77040,Carlos Forbs,1069486,Club Brugge KV,2888,8,8,7.17,6.18,8.55,57,21,61,52,40,4,0,2816,37,goals,BEL,2025-2026,datafc_sofascore,2026-08-09T08:07:33.988763
38,77040,Rafiki Saïd,1047321,Standard Liège,2901,8,4,7.07,10.2,4.41,90,32,28,69,30,4,0,2756,37,goals,BEL,2025-2026,datafc_sofascore,2026-08-09T08:07:33.988763
38,77040,Zakaria El Ouahdi,1134470,KRC Genk,2890,8,4,7.07,4.96,4.37,70,24,49,36,42,4,0,2996,34,goals,BEL,2025-2026,datafc_sofascore,2026-08-09T08:07:33.988763
38,77040,Marley Aké,988839,SV Zulte Waregem,2933,8,0,6.9,5.67,2.12,48,17,16,22,26,1,0,1746,30,goals,BEL,2025-2026,datafc_sofascore,2026-08-09T08:07:33.988763
38,77040,Romeo Vermant,1069336,Club Brugge KV,2888,8,2,6.64,6.53,1.09,48,19,15,5,19,3,0,1338,35,goals,BEL,2025-2026,datafc_sofascore,2026-08-09T08:07:33.988763
38,77040,Hans Vanaken,118085,Club Brugge KV,2888,7,3,7.45,8.38,8.0,58,21,67,15,38,2,0,3366,39,goals,BEL,2025-2026,datafc_sofascore,2026-08-09T08:07:33.988763
38,77040,Edan Diop,1390575,Cercle Brugge,2929,7,3,6.99,6.96,5.33,53,22,46,43,52,7,0,2607,33,goals,BEL,2025-2026,datafc_sofascore,2026-08-09T08:07:33.988763
38,77040,Allahyar Sayyadmanesh,905474,KVC Westerlo,2893,7,3,6.89,7.15,4.43,48,15,37,33,35,5,0,2241,30,goals,BEL,2025-2026,datafc_sofascore,2026-08-09T08:07:33.988763
38,77040,Antoine Bernier,834261,RC Sporting Charleroi,2898,7,2,6.86,4.84,2.76,41,16,29,32,46,7,0,2379,38,goals,BEL,2025-2026,datafc_sofascore,2026-08-09T08:07:33.988763
38,77040,Omri Gandelman,1019125,KAA Gent,2903,7,1,6.81,5.0,0.62,28,11,11,4,10,1,0,1427,18,goals,BEL,2025-2026,datafc_sofascore,2026-08-09T08:07:33.988763
38,77040,Raul Florucz,1022491,Royale Union Saint-Gilloise,4860,7,3,6.78,6.84,1.86,46,15,18,14,17,1,0,1214,24,goals,BEL,2025-2026,datafc_sofascore,2026-08-09T08:07:33.988763
38,77040,Adriano Bertaccini,867250,RSC Anderlecht,2900,7,2,6.7,7.73,1.74,65,28,15,17,14,5,1,1603,33,goals,BEL,2025-2026,datafc_sofascore,2026-08-09T08:07:33.988763
38,77040,Max Dean,1065233,KAA Gent,2903,7,1,6.69,8.96,1.47,50,21,16,5,8,2,1,1187,23,goals,BEL,2025-2026,datafc_sofascore,2026-08-09T08:07:33.988763
38,77040,Steve Ngoura,1394411,Cercle Brugge,2929,7,4,6.67,9.75,2.31,71,23,22,27,9,2,0,2097,34,goals,BEL,2025-2026,datafc_sofascore,2026-08-09T08:07:33.988763
38,77040,Oumar Diakité,1188191,Cercle Brugge,2929,7,0,6.63,7.36,1.43,39,18,22,23,14,4,1,1429,25,goals,BEL,2025-2026,datafc_sofascore,2026-08-09T08:07:33.988763
38,77040,Nilson Angulo,1116571,RSC Anderlecht,2900,6,5,7.26,3.77,4.47,33,16,46,44,62,2,1,1902,22,goals,BEL,2025-2026,datafc_sofascore,2026-08-09T08:07:33.988763
38,77040,Aleksandar Stanković,1153957,Club Brugge KV,2888,6,2,7.09,4.66,4.09,74,25,33,8,39,4,0,3076,39,goals,BEL,2025-2026,datafc_sofascore,2026-08-09T08:07:33.988763
38,77040,Junya Ito,783278,KRC Genk,2890,6,5,7.09,3.79,5.63,36,16,51,24,37,4,0,1785,28,goals,BEL,2025-2026,datafc_sofascore,2026-08-09T08:07:33.988763
38,77040,Christopher Scott,997118,Royal Antwerp FC,2889,6,2,6.99,4.76,2.76,43,17,27,17,57,3,0,2206,31,goals,BEL,2025-2026,datafc_sofascore,2026-08-09T08:07:33.988763
38,77040,Arbnor Muja,890695,Sint-Truidense VV,2895,6,2,6.91,5.76,4.41,43,16,28,21,24,3,1,1855,26,goals,BEL,2025-2026,datafc_sofascore,2026-08-09T08:07:33.988763
38,77040,Pieter Gerkens,190401,Cercle Brugge,2929,6,1,6.85,5.58,3.44,41,16,40,7,38,1,0,2840,35,goals,BEL,2025-2026,datafc_sofascore,2026-08-09T08:07:33.988763
38,77040,Hyeon-gyu Oh,1010634,KRC Genk,2890,6,3,6.77,7.63,1.49,49,24,17,6,10,2,0,1116,20,goals,BEL,2025-2026,datafc_sofascore,2026-08-09T08:07:33.988763
38,77040,Lion Lauberbach,886171,KV Mechelen,5044,6,1,6.7,9.02,0.94,48,25,15,21,12,4,0,1872,22,goals,BEL,2025-2026,datafc_sofascore,2026-08-09T08:07:33.988763
38,77040,Aaron Bibout,1502620,KRC Genk,2890,6,0,6.68,8.1,0.79,49,17,8,9,6,0,0,1165,21,goals,BEL,2025-2026,datafc_sofascore,2026-08-09T08:07:33.988763
38,77040,Isa Sakamoto,1126245,KVC Westerlo,2893,6,4,6.67,7.98,2.85,66,21,32,62,43,1,0,3021,38,goals,BEL,2025-2026,datafc_sofascore,2026-08-09T08:07:33.988763
38,77040,Sory Kaba,869131,Oud-Heverlee Leuven,2918,6,2,6.59,5.38,1.57,41,12,22,12,11,6,0,1595,30,goals,BEL,2025-2026,datafc_sofascore,2026-08-09T08:07:33.988763
38,77040,Brandon Mechele,248331,Club Brugge KV,2888,5,2,7.29,3.46,1.49,33,14,22,5,77,4,0,3435,39,goals,BEL,2025-2026,datafc_sofascore,2026-08-09T08:07:33.988763
38,77040,Ross Sykes,845558,Royale Union Saint-Gilloise,4860,5,0,7.28,3.78,2.34,56,25,21,6,40,9,0,2629,32,goals,BEL,2025-2026,datafc_sofascore,2026-08-09T08:07:33.988763
38,77040,Yassine Titraoui,1094538,RC Sporting Charleroi,2898,5,1,7.23,2.9,3.78,53,20,31,26,58,7,0,2904,35,goals,BEL,2025-2026,datafc_sofascore,2026-08-09T08:07:33.988763
38,77040,Rihito Yamamoto,1030211,Sint-Truidense VV,2895,5,6,7.08,5.87,6.27,51,16,62,21,75,6,0,3290,38,goals,BEL,2025-2026,datafc_sofascore,2026-08-09T08:07:33.988763
38,77040,Casper Nielsen,247471,Standard Liège,2901,5,2,6.95,3.38,3.36,32,11,19,8,42,5,0,1878,26,goals,BEL,2025-2026,datafc_sofascore,2026-08-09T08:07:33.988763
38,77040,Hugo Vetlesen,877236,Club Brugge KV,2888,5,6,6.87,4.89,3.32,36,14,22,12,25,5,0,1315,25,goals,BEL,2025-2026,datafc_sofascore,2026-08-09T08:07:33.988763
38,77040,Thérence Koudou,1392080,KV Mechelen,5044,5,2,6.85,1.64,4.81,25,8,35,38,31,5,0,3060,37,goals,BEL,2025-2026,datafc_sofascore,2026-08-09T08:07:33.988763
38,77040,Kerim Mrabti,338869,KV Mechelen,5044,5,3,6.81,3.37,1.81,29,10,20,8,31,5,0,2300,33,goals,BEL,2025-2026,datafc_sofascore,2026-08-09T08:07:33.988763
38,77040,Ilias Sebaoui,1154586,Sint-Truidense VV,2895,5,5,6.81,8.33,5.21,93,27,36,43,46,3,0,3272,40,goals,BEL,2025-2026,datafc_sofascore,2026-08-09T08:07:33.988763
38,77040,Roman Kvet,858926,FCV Dender,389232,5,0,6.73,4.44,3.29,38,12,39,24,34,5,0,2676,34,goals,BEL,2025-2026,datafc_sofascore,2026-08-09T08:07:33.988763
38,77040,Hyllarion Goore,2048955,KAA Gent,2903,5,4,6.71,5.22,2.29,55,15,20,25,9,2,0,1431,34,goals,BEL,2025-2026,datafc_sofascore,2026-08-09T08:07:33.988763
38,77040,Robin Mirisola,1405446,KRC Genk,2890,5,2,6.66,6.48,0.66,36,13,15,22,11,3,0,1317,30,goals,BEL,2025-2026,datafc_sofascore,2026-08-09T08:07:33.988763
38,77040,Dennis Eckert Ayensa,812797,Standard Liège,2901,5,0,6.63,5.29,1.66,32,10,17,10,18,2,0,1987,35,goals,BEL,2025-2026,datafc_sofascore,2026-08-09T08:07:33.988763
38,77040,Oluwaseun Adewumi,1201883,Cercle Brugge,2929,5,0,6.61,7.78,1.06,57,24,12,27,14,2,0,1598,32,goals,BEL,2025-2026,datafc_sofascore,2026-08-09T08:07:33.988763
38,77040,Jerry Afriyie,1836721,RAAL La Louvière,368506,5,1,6.52,7.65,2.32,51,21,17,36,23,7,0,2497,31,goals,BEL,2025-2026,datafc_sofascore,2026-08-09T08:07:33.988763
38,77040,Zalán Vancsa,1092366,Lommel SK,5046,4,0,7.4,0.71,0.12,7,5,1,4,4,0,0,256,6,goals,BEL,2025-2026,datafc_sofascore,2026-08-09T08:07:33.988763
38,77040,Bryan Heynen,801025,KRC Genk,2890,4,1,7.31,4.75,4.68,48,11,49,22,99,5,0,3603,40,goals,BEL,2025-2026,datafc_sofascore,2026-08-09T08:07:33.988763
38,77040,Guilherme Smith,1820381,Royale Union Saint-Gilloise,4860,4,2,7.08,0.98,1.96,21,7,15,28,33,4,0,1546,22,goals,BEL,2025-2026,datafc_sofascore,2026-08-09T08:07:33.988763
38,77040,Emin Bayram,997153,KVC Westerlo,2893,4,2,7.06,4.39,2.88,41,13,20,15,44,4,2,3322,38,goals,BEL,2025-2026,datafc_sofascore,2026-08-09T08:07:33.988763
38,77040,Adem Zorgane,1000472,Royale Union Saint-Gilloise,4860,4,5,7.04,2.44,6.23,28,12,40,19,64,7,0,2968,37,goals,BEL,2025-2026,datafc_sofascore,2026-08-09T08:07:33.988763
38,77040,Patrick Pflücke,281283,RC Sporting Charleroi,2898,4,8,6.97,5.54,8.28,63,22,67,9,22,0,0,2670,41,goals,BEL,2025-2026,datafc_sofascore,2026-08-09T08:07:33.988763
38,77040,Maksim Paskotsi,954621,KAA Gent,2903,4,1,6.96,1.28,0.33,15,6,1,1,19,1,0,1813,22,goals,BEL,2025-2026,datafc_sofascore,2026-08-09T08:07:33.988763
38,77040,Anthony Valencia,1020197,Royal Antwerp FC,2889,4,2,6.95,3.57,2.73,29,12,29,36,27,3,0,1332,23,goals,BEL,2025-2026,datafc_sofascore,2026-08-09T08:07:33.988763
38,77040,Gary Magnee,990265,Cercle Brugge,2929,4,7,6.93,5.4,6.75,31,10,74,20,72,4,0,2889,34,goals,BEL,2025-2026,datafc_sofascore,2026-08-09T08:07:33.988763
38,77040,Anosike Ementa,1094132,SV Zulte Waregem,2933,4,8,6.9,7.37,3.77,41,18,61,40,20,5,0,2616,32,goals,BEL,2025-2026,datafc_sofascore,2026-08-09T08:07:33.988763
38,77040,Rob Schoofs,133164,Royale Union Saint-Gilloise,4860,4,5,6.89,3.11,5.5,42,11,52,7,27,4,0,2013,36,goals,BEL,2025-2026,datafc_sofascore,2026-08-09T08:07:33.988763
38,77040,Atsuki Ito,1034816,KAA Gent,2903,4,3,6.88,4.25,2.25,37,13,26,14,39,3,0,2184,30,goals,BEL,2025-2026,datafc_sofascore,2026-08-09T08:07:33.988763
38,77040,Thibo Somers,1002804,Royal Antwerp FC,2889,4,2,6.88,5.33,4.11,36,16,27,3,74,3,0,2434,32,goals,BEL,2025-2026,datafc_sofascore,2026-08-09T08:07:33.988763
38,77040,Roggerio Nyakossi,1129502,Oud-Heverlee Leuven,2918,4,0,6.84,1.16,0.19,13,5,2,7,29,4,0,2241,27,goals,BEL,2025-2026,datafc_sofascore,2026-08-09T08:07:33.988763
38,77040,Yira Collins Sor,985162,KRC Genk,2890,4,1,6.77,3.69,1.9,35,17,17,15,15,0,0,1147,28,goals,BEL,2025-2026,datafc_sofascore,2026-08-09T08:07:33.988763
38,77040,Mateo Biondic,1387937,Royale Union Saint-Gilloise,4860,4,2,6.76,4.58,0.91,27,15,9,8,5,0,0,771,15,goals,BEL,2025-2026,datafc_sofascore,2026-08-09T08:07:33.988763
38,77040,Tristan Degreef,1436187,RSC Anderlecht,2900,4,2,6.65,2.62,1.63,39,15,22,15,49,3,1,1891,34,goals,BEL,2025-2026,datafc_sofascore,2026-08-09T08:07:33.988763
38,77040,David Toshevski,1021398,FCV Dender,389232,4,0,6.57,5.5,1.06,40,12,10,13,11,5,1,1520,26,goals,BEL,2025-2026,datafc_sofascore,2026-08-09T08:07:33.988763
38,77040,Chukwubuikem Ikwuemesi,1143547,Oud-Heverlee Leuven,2918,4,0,6.54,5.11,0.95,46,19,16,20,7,4,0,1829,34,goals,BEL,2025-2026,datafc_sofascore,2026-08-09T08:07:33.988763
38,77040,Timothé Nkada,981053,Standard Liège,2901,4,1,6.42,4.31,0.44,25,10,4,8,8,1,1,1240,30,goals,BEL,2025-2026,datafc_sofascore,2026-08-09T08:07:33.988763
38,77040,Lucas Schoofs,794564,Lommel SK,5046,3,3,7.8,1.84,0.65,8,5,7,2,24,1,0,540,6,goals,BEL,2025-2026,datafc_sofascore,2026-08-09T08:07:33.988763
38,77040,Anan Khalaili,1403362,Royale Union Saint-Gilloise,4860,3,5,7.22,3.34,7.52,38,13,62,49,69,7,0,3099,38,goals,BEL,2025-2026,datafc_sofascore,2026-08-09T08:07:33.988763
38,77040,Besfort Zeneli,1173223,Royale Union Saint-Gilloise,4860,3,6,7.13,2.06,3.52,16,8,22,7,8,0,0,774,15,goals,BEL,2025-2026,datafc_sofascore,2026-08-09T08:07:33.988763
38,77040,Nazinho,1006113,Cercle Brugge,2929,3,7,7.07,0.91,7.69,27,8,59,24,73,13,0,2554,30,goals,BEL,2025-2026,datafc_sofascore,2026-08-09T08:07:33.988763
38,77040,Arthur Piedfort,1149123,KVC Westerlo,2893,3,2,7.07,1.9,3.11,23,7,43,25,86,5,0,2989,36,goals,BEL,2025-2026,datafc_sofascore,2026-08-09T08:07:33.988763
38,77040,Anton Tanghe,1005175,SV Zulte Waregem,2933,3,0,7.02,2.43,0.92,5,3,8,1,14,2,0,1664,21,goals,BEL,2025-2026,datafc_sofascore,2026-08-09T08:07:33.988763
38,77040,Siebe Schrijvers,190413,Oud-Heverlee Leuven,2918,3,4,7.0,5.03,3.45,29,4,37,12,62,6,0,2121,30,goals,BEL,2025-2026,datafc_sofascore,2026-08-09T08:07:33.988763
38,77040,Wagane Faye,957913,RAAL La Louvière,368506,3,1,6.97,1.68,1.43,16,5,7,4,62,6,0,2304,27,goals,BEL,2025-2026,datafc_sofascore,2026-08-09T08:07:33.988763
38,77040,Youssef Maziz,862821,Oud-Heverlee Leuven,2918,3,4,6.96,4.34,6.75,49,12,63,13,25,6,0,2096,36,goals,BEL,2025-2026,datafc_sofascore,2026-08-09T08:07:33.988763
38,77040,Joel Ordóñez,1187275,Club Brugge KV,2888,3,0,6.95,1.91,0.92,16,4,6,3,37,4,2,2668,33,goals,BEL,2025-2026,datafc_sofascore,2026-08-09T08:07:33.988763
38,77040,Kyriani Sabbe,1101258,Club Brugge KV,2888,3,3,6.94,1.71,3.84,18,9,23,8,43,2,0,1658,27,goals,BEL,2025-2026,datafc_sofascore,2026-08-09T08:07:33.988763
38,77040,Mauricio Benitez,1402224,Royal Antwerp FC,2889,3,0,6.88,1.74,0.99,24,6,13,8,49,4,0,1524,27,goals,BEL,2025-2026,datafc_sofascore,2026-08-09T08:07:33.988763
38,77040,Nathan-Dylan Saliba,1093229,RSC Anderlecht,2900,3,1,6.86,3.27,2.58,59,15,26,19,75,12,1,2319,34,goals,BEL,2025-2026,datafc_sofascore,2026-08-09T08:07:33.988763
38,77040,Alan Minda,1122552,Cercle Brugge,2929,3,2,6.86,2.77,1.19,27,12,10,20,3,0,0,974,17,goals,BEL,2025-2026,datafc_sofascore,2026-08-09T08:07:33.988763
38,77040,Marco Ilaimaharitra,358198,Standard Liège,2901,3,0,6.85,3.44,1.16,14,6,21,8,48,10,1,2445,31,goals,BEL,2025-2026,datafc_sofascore,2026-08-09T08:07:33.988763
38,77040,Henok Teklab,940558,Oud-Heverlee Leuven,2918,3,0,6.84,2.46,1.96,23,8,21,12,51,4,0,1638,25,goals,BEL,2025-2026,datafc_sofascore,2026-08-09T08:07:33.988763
38,77040,Łukasz Łakomy,1001201,Oud-Heverlee Leuven,2918,3,3,6.82,1.56,3.17,32,12,35,13,44,6,0,2123,32,goals,BEL,2025-2026,datafc_sofascore,2026-08-09T08:07:33.988763
38,77040,Ryan Merlen,1402293,Sint-Truidense VV,2895,3,2,6.82,3.41,2.27,24,5,19,9,8,4,1,965,33,goals,BEL,2025-2026,datafc_sofascore,2026-08-09T08:07:33.988763
38,77040,Griffin Yow,979808,KVC Westerlo,2893,3,0,6.81,2.06,0.64,24,7,8,15,17,0,0,664,16,goals,BEL,2025-2026,datafc_sofascore,2026-08-09T08:07:33.988763
38,77040,Kevin Van Den Kerkhof,1130602,RC Sporting Charleroi,2898,3,4,6.78,3.1,2.9,35,11,35,27,56,5,1,2117,30,goals,BEL,2025-2026,datafc_sofascore,2026-08-09T08:07:33.988763
38,77040,Christos Tzolis,1031259,Club Brugge KV,2888,17,23,7.71,17.4,15.94,123,44,135,40,29,6,0,3072,36,assists,BEL,2025-2026,datafc_sofascore,2026-08-09T08:07:33.988763
38,77040,Konstantinos Karetsas,1468744,KRC Genk,2890,0,10,6.91,4.62,7.63,68,27,68,59,30,3,0,2247,34,assists,BEL,2025-2026,datafc_sofascore,2026-08-09T08:07:33.988763
38,77040,Carlos Forbs,1069486,Club Brugge KV,2888,8,8,7.17,6.18,8.55,57,21,61,52,40,4,0,2816,37,assists,BEL,2025-2026,datafc_sofascore,2026-08-09T08:07:33.988763
38,77040,Patrick Pflücke,281283,RC Sporting Charleroi,2898,4,8,6.97,5.54,8.28,63,22,67,9,22,0,0,2670,41,assists,BEL,2025-2026,datafc_sofascore,2026-08-09T08:07:33.988763
38,77040,Anosike Ementa,1094132,SV Zulte Waregem,2933,4,8,6.9,7.37,3.77,41,18,61,40,20,5,0,2616,32,assists,BEL,2025-2026,datafc_sofascore,2026-08-09T08:07:33.988763
38,77040,Nazinho,1006113,Cercle Brugge,2929,3,7,7.07,0.91,7.69,27,8,59,24,73,13,0,2554,30,assists,BEL,2025-2026,datafc_sofascore,2026-08-09T08:07:33.988763
38,77040,Michał Skóraś,942479,KAA Gent,2903,2,7,7.06,3.87,6.79,43,10,65,37,49,6,1,2697,34,assists,BEL,2025-2026,datafc_sofascore,2026-08-09T08:07:33.988763
38,77040,Thorgan Hazard,94286,RSC Anderlecht,2900,13,7,7.04,11.91,8.06,74,31,78,38,38,6,1,2722,36,assists,BEL,2025-2026,datafc_sofascore,2026-08-09T08:07:33.988763
38,77040,Gary Magnee,990265,Cercle Brugge,2929,4,7,6.93,5.4,6.75,31,10,74,20,72,4,0,2889,34,assists,BEL,2025-2026,datafc_sofascore,2026-08-09T08:07:33.988763
38,77040,Vincent Janssen,339901,Royal Antwerp FC,2889,10,7,6.87,12.99,3.46,91,30,33,21,29,8,0,3088,35,assists,BEL,2025-2026,datafc_sofascore,2026-08-09T08:07:33.988763
38,77040,Keisuke Goto,1391315,Sint-Truidense VV,2895,11,7,6.77,13.43,4.3,62,25,30,7,41,5,0,2885,38,assists,BEL,2025-2026,datafc_sofascore,2026-08-09T08:07:33.988763
38,77040,Mamadou Diakhon,1495876,Club Brugge KV,2888,0,7,6.76,1.11,1.96,17,3,15,15,4,1,0,809,23,assists,BEL,2025-2026,datafc_sofascore,2026-08-09T08:07:33.988763
38,77040,Besfort Zeneli,1173223,Royale Union Saint-Gilloise,4860,3,6,7.13,2.06,3.52,16,8,22,7,8,0,0,774,15,assists,BEL,2025-2026,datafc_sofascore,2026-08-09T08:07:33.988763
38,77040,Rihito Yamamoto,1030211,Sint-Truidense VV,2895,5,6,7.08,5.87,6.27,51,16,62,21,75,6,0,3290,38,assists,BEL,2025-2026,datafc_sofascore,2026-08-09T08:07:33.988763
38,77040,Jarne Steuckers,1099462,KRC Genk,2890,0,6,6.96,2.06,6.27,30,8,54,15,9,1,0,1504,30,assists,BEL,2025-2026,datafc_sofascore,2026-08-09T08:07:33.988763
38,77040,Jordi Liongola,1009413,RAAL La Louvière,368506,2,6,6.93,3.28,4.29,29,6,40,27,57,10,0,2618,31,assists,BEL,2025-2026,datafc_sofascore,2026-08-09T08:07:33.988763
38,77040,Joseph Opoku,1922407,SV Zulte Waregem,2933,10,6,6.91,10.15,3.62,69,25,46,37,16,2,0,2458,33,assists,BEL,2025-2026,datafc_sofascore,2026-08-09T08:07:33.988763
38,77040,Hugo Vetlesen,877236,Club Brugge KV,2888,5,6,6.87,4.89,3.32,36,14,22,12,25,5,0,1315,25,assists,BEL,2025-2026,datafc_sofascore,2026-08-09T08:07:33.988763
38,77040,Ryotaro Ito,831697,Sint-Truidense VV,2895,10,5,7.28,8.51,8.81,73,27,102,19,20,1,0,2838,35,assists,BEL,2025-2026,datafc_sofascore,2026-08-09T08:07:33.988763
38,77040,Nilson Angulo,1116571,RSC Anderlecht,2900,6,5,7.26,3.77,4.47,33,16,46,44,62,2,1,1902,22,assists,BEL,2025-2026,datafc_sofascore,2026-08-09T08:07:33.988763
38,77040,Anan Khalaili,1403362,Royale Union Saint-Gilloise,4860,3,5,7.22,3.34,7.52,38,13,62,49,69,7,0,3099,38,assists,BEL,2025-2026,datafc_sofascore,2026-08-09T08:07:33.988763
38,77040,Myron Van Brederode,1012925,KV Mechelen,5044,9,5,7.1,5.95,5.55,41,17,57,49,34,2,0,2840,34,assists,BEL,2025-2026,datafc_sofascore,2026-08-09T08:07:33.988763
38,77040,Junya Ito,783278,KRC Genk,2890,6,5,7.09,3.79,5.63,36,16,51,24,37,4,0,1785,28,assists,BEL,2025-2026,datafc_sofascore,2026-08-09T08:07:33.988763
38,77040,Parfait Guiagon,1030459,RC Sporting Charleroi,2898,9,5,7.08,7.78,5.5,80,22,52,73,30,6,0,2555,33,assists,BEL,2025-2026,datafc_sofascore,2026-08-09T08:07:33.988763
38,77040,Adem Zorgane,1000472,Royale Union Saint-Gilloise,4860,4,5,7.04,2.44,6.23,28,12,40,19,64,7,0,2968,37,assists,BEL,2025-2026,datafc_sofascore,2026-08-09T08:07:33.988763
38,77040,Nicolò Tresoldi,1177167,Club Brugge KV,2888,19,5,6.99,16.6,3.73,101,39,38,19,29,1,0,2507,40,assists,BEL,2025-2026,datafc_sofascore,2026-08-09T08:07:33.988763
38,77040,Adnane Abid,1127801,Standard Liège,2901,2,5,6.92,2.21,4.2,22,11,44,37,40,5,1,2114,34,assists,BEL,2025-2026,datafc_sofascore,2026-08-09T08:07:33.988763
38,77040,Anouar Ait El Hadj,964764,Royale Union Saint-Gilloise,4860,2,5,6.9,5.0,7.38,42,13,62,13,29,2,0,2660,38,assists,BEL,2025-2026,datafc_sofascore,2026-08-09T08:07:33.988763
38,77040,Rob Schoofs,133164,Royale Union Saint-Gilloise,4860,4,5,6.89,3.11,5.5,42,11,52,7,27,4,0,2013,36,assists,BEL,2025-2026,datafc_sofascore,2026-08-09T08:07:33.988763
38,77040,Abdelkahar Kadri,1007528,KAA Gent,2903,2,5,6.89,2.42,2.53,27,9,32,24,43,5,0,2076,33,assists,BEL,2025-2026,datafc_sofascore,2026-08-09T08:07:33.988763
38,77040,Joaquin Seys,1395881,Club Brugge KV,2888,2,5,6.81,1.25,3.7,16,4,33,11,56,3,0,2976,39,assists,BEL,2025-2026,datafc_sofascore,2026-08-09T08:07:33.988763
38,77040,Ilias Sebaoui,1154586,Sint-Truidense VV,2895,5,5,6.81,8.33,5.21,93,27,36,43,46,3,0,3272,40,assists,BEL,2025-2026,datafc_sofascore,2026-08-09T08:07:33.988763
38,77040,Doğucan Haspolat,846087,KVC Westerlo,2893,1,4,7.18,2.52,7.83,46,10,86,19,82,7,0,3395,38,assists,BEL,2025-2026,datafc_sofascore,2026-08-09T08:07:33.988763
38,77040,Rafiki Saïd,1047321,Standard Liège,2901,8,4,7.07,10.2,4.41,90,32,28,69,30,4,0,2756,37,assists,BEL,2025-2026,datafc_sofascore,2026-08-09T08:07:33.988763
38,77040,Zakaria El Ouahdi,1134470,KRC Genk,2890,8,4,7.07,4.96,4.37,70,24,49,36,42,4,0,2996,34,assists,BEL,2025-2026,datafc_sofascore,2026-08-09T08:07:33.988763
38,77040,Siebe Schrijvers,190413,Oud-Heverlee Leuven,2918,3,4,7.0,5.03,3.45,29,4,37,12,62,6,0,2121,30,assists,BEL,2025-2026,datafc_sofascore,2026-08-09T08:07:33.988763
38,77040,Mathis Servais,1093876,KV Mechelen,5044,2,4,6.98,2.95,5.07,41,11,35,11,48,5,0,2796,32,assists,BEL,2025-2026,datafc_sofascore,2026-08-09T08:07:33.988763
38,77040,Daan Heymans,845344,KRC Genk,2890,10,4,6.98,7.98,2.96,61,25,33,11,50,3,0,2362,31,assists,BEL,2025-2026,datafc_sofascore,2026-08-09T08:07:33.988763
38,77040,Youssef Maziz,862821,Oud-Heverlee Leuven,2918,3,4,6.96,4.34,6.75,49,12,63,13,25,6,0,2096,36,assists,BEL,2025-2026,datafc_sofascore,2026-08-09T08:07:33.988763
38,77040,Tiago Araújo,997024,KAA Gent,2903,1,4,6.94,0.83,6.33,21,4,57,20,39,9,0,2820,35,assists,BEL,2025-2026,datafc_sofascore,2026-08-09T08:07:33.988763
38,77040,Thibaud Verlinden,826172,Oud-Heverlee Leuven,2918,2,4,6.92,0.59,4.03,20,10,26,21,24,4,0,1463,26,assists,BEL,2025-2026,datafc_sofascore,2026-08-09T08:07:33.988763
38,77040,Nolan Gillot,2425212,RAAL La Louvière,368506,2,4,6.88,1.93,3.66,30,9,29,16,31,0,0,1297,21,assists,BEL,2025-2026,datafc_sofascore,2026-08-09T08:07:33.988763
38,77040,Aurélien Scheidler,915567,RC Sporting Charleroi,2898,9,4,6.81,12.47,2.75,71,28,38,10,8,3,0,3266,40,assists,BEL,2025-2026,datafc_sofascore,2026-08-09T08:07:33.988763
38,77040,Bruny Nsimba,1047536,FCV Dender,389232,9,4,6.8,10.1,3.3,60,22,24,20,17,3,0,1905,30,assists,BEL,2025-2026,datafc_sofascore,2026-08-09T08:07:33.988763
38,77040,Daam Foulon,826170,Royal Antwerp FC,2889,0,4,6.78,0.68,3.5,13,4,33,10,56,5,2,2290,33,assists,BEL,2025-2026,datafc_sofascore,2026-08-09T08:07:33.988763
38,77040,Kevin Van Den Kerkhof,1130602,RC Sporting Charleroi,2898,3,4,6.78,3.1,2.9,35,11,35,27,56,5,1,2117,30,assists,BEL,2025-2026,datafc_sofascore,2026-08-09T08:07:33.988763
38,77040,Simen Juklerød,252515,Sint-Truidense VV,2895,1,4,6.77,0.83,1.79,8,3,14,4,13,0,0,873,22,assists,BEL,2025-2026,datafc_sofascore,2026-08-09T08:07:33.988763
38,77040,Gyrano Kerk,386950,Royal Antwerp FC,2889,3,4,6.77,4.85,3.05,50,17,26,35,34,4,0,2095,27,assists,BEL,2025-2026,datafc_sofascore,2026-08-09T08:07:33.988763
38,77040,Nathan De Cat,1637689,RSC Anderlecht,2900,2,4,6.75,1.79,2.28,30,6,28,21,60,8,0,2739,36,assists,BEL,2025-2026,datafc_sofascore,2026-08-09T08:07:33.988763
38,77040,Hyllarion Goore,2048955,KAA Gent,2903,5,4,6.71,5.22,2.29,55,15,20,25,9,2,0,1431,34,assists,BEL,2025-2026,datafc_sofascore,2026-08-09T08:07:33.988763
38,77040,Wilfried Kanga,838640,KAA Gent,2903,12,4,6.71,15.13,1.71,90,37,27,8,8,4,0,2836,36,assists,BEL,2025-2026,datafc_sofascore,2026-08-09T08:07:33.988763
38,77040,Ali Maamar,1440668,RSC Anderlecht,2900,0,4,6.68,0.58,1.82,13,0,18,18,36,4,0,1382,25,assists,BEL,2025-2026,datafc_sofascore,2026-08-09T08:07:33.988763
38,77040,Steve Ngoura,1394411,Cercle Brugge,2929,7,4,6.67,9.75,2.31,71,23,22,27,9,2,0,2097,34,assists,BEL,2025-2026,datafc_sofascore,2026-08-09T08:07:33.988763
38,77040,Isa Sakamoto,1126245,KVC Westerlo,2893,6,4,6.67,7.98,2.85,66,21,32,62,43,1,0,3021,38,assists,BEL,2025-2026,datafc_sofascore,2026-08-09T08:07:33.988763
38,77040,Josimar Alcócer,1131598,KVC Westerlo,2893,3,4,6.63,3.61,2.38,54,24,26,47,51,6,0,2722,35,assists,BEL,2025-2026,datafc_sofascore,2026-08-09T08:07:33.988763
38,77040,Junior Marsoni Sambu Mansoni​,874855,FCV Dender,389232,0,4,6.61,0.7,1.62,12,3,20,29,63,7,0,2193,31,assists,BEL,2025-2026,datafc_sofascore,2026-08-09T08:07:33.988763
38,77040,Lucas Schoofs,794564,Lommel SK,5046,3,3,7.8,1.84,0.65,8,5,7,2,24,1,0,540,6,assists,BEL,2025-2026,datafc_sofascore,2026-08-09T08:07:33.988763
38,77040,Hans Vanaken,118085,Club Brugge KV,2888,7,3,7.45,8.38,8.0,58,21,67,15,38,2,0,3366,39,assists,BEL,2025-2026,datafc_sofascore,2026-08-09T08:07:33.988763
38,77040,Christian Burgess,303634,Royale Union Saint-Gilloise,4860,2,3,7.31,1.63,1.37,23,8,13,1,53,13,1,3147,35,assists,BEL,2025-2026,datafc_sofascore,2026-08-09T08:07:33.988763
38,77040,Jeppe Erenbjerg,1035095,SV Zulte Waregem,2933,13,3,7.12,10.16,5.5,88,32,41,24,24,2,0,2787,35,assists,BEL,2025-2026,datafc_sofascore,2026-08-09T08:07:33.988763
38,77040,Mathias Delorge,1124749,KAA Gent,2903,0,3,7.01,0.27,2.13,9,4,17,2,30,1,0,1383,20,assists,BEL,2025-2026,datafc_sofascore,2026-08-09T08:07:33.988763
38,77040,Edan Diop,1390575,Cercle Brugge,2929,7,3,6.99,6.96,5.33,53,22,46,43,52,7,0,2607,33,assists,BEL,2025-2026,datafc_sofascore,2026-08-09T08:07:33.988763
38,77040,Kyriani Sabbe,1101258,Club Brugge KV,2888,3,3,6.94,1.71,3.84,18,9,23,8,43,2,0,1658,27,assists,BEL,2025-2026,datafc_sofascore,2026-08-09T08:07:33.988763
38,77040,Allahyar Sayyadmanesh,905474,KVC Westerlo,2893,7,3,6.89,7.15,4.43,48,15,37,33,35,5,0,2241,30,assists,BEL,2025-2026,datafc_sofascore,2026-08-09T08:07:33.988763
38,77040,Ludwig Augustinsson,138546,RSC Anderlecht,2900,0,3,6.89,1.0,3.93,21,3,29,2,44,4,0,2082,27,assists,BEL,2025-2026,datafc_sofascore,2026-08-09T08:07:33.988763
38,77040,Atsuki Ito,1034816,KAA Gent,2903,4,3,6.88,4.25,2.25,37,13,26,14,39,3,0,2184,30,assists,BEL,2025-2026,datafc_sofascore,2026-08-09T08:07:33.988763
38,77040,Kamiel Van de Perre,1146316,Royale Union Saint-Gilloise,4860,0,3,6.88,0.49,0.67,11,0,9,12,84,9,0,2214,30,assists,BEL,2025-2026,datafc_sofascore,2026-08-09T08:07:33.988763
38,77040,Ousseynou Niang,880780,Royale Union Saint-Gilloise,4860,2,3,6.87,1.79,1.63,23,6,10,20,29,5,0,1618,27,assists,BEL,2025-2026,datafc_sofascore,2026-08-09T08:07:33.988763
38,77040,Emran Soglo,1403124,SV Zulte Waregem,2933,0,3,6.85,1.02,2.37,16,2,15,23,29,2,0,1045,18,assists,BEL,2025-2026,datafc_sofascore,2026-08-09T08:07:33.988763
38,77040,Etienne Camara,1097542,RC Sporting Charleroi,2898,2,3,6.83,1.19,1.37,20,7,20,19,94,11,1,3034,38,assists,BEL,2025-2026,datafc_sofascore,2026-08-09T08:07:33.988763
38,77040,Abdoulaye Sissako,846330,Sint-Truidense VV,2895,2,3,6.82,2.74,1.22,30,4,15,41,91,5,0,3349,40,assists,BEL,2025-2026,datafc_sofascore,2026-08-09T08:07:33.988763
38,77040,Łukasz Łakomy,1001201,Oud-Heverlee Leuven,2918,3,3,6.82,1.56,3.17,32,12,35,13,44,6,0,2123,32,assists,BEL,2025-2026,datafc_sofascore,2026-08-09T08:07:33.988763
38,77040,Kerim Mrabti,338869,KV Mechelen,5044,5,3,6.81,3.37,1.81,29,10,20,8,31,5,0,2300,33,assists,BEL,2025-2026,datafc_sofascore,2026-08-09T08:07:33.988763
38,77040,Raul Florucz,1022491,Royale Union Saint-Gilloise,4860,7,3,6.78,6.84,1.86,46,15,18,14,17,1,0,1214,24,assists,BEL,2025-2026,datafc_sofascore,2026-08-09T08:07:33.988763
38,77040,Hyeon-gyu Oh,1010634,KRC Genk,2890,6,3,6.77,7.63,1.49,49,24,17,6,10,2,0,1116,20,assists,BEL,2025-2026,datafc_sofascore,2026-08-09T08:07:33.988763
38,77040,Bryan Reynolds,862075,KVC Westerlo,2893,2,3,6.77,2.75,4.35,22,8,37,37,53,8,0,3494,39,assists,BEL,2025-2026,datafc_sofascore,2026-08-09T08:07:33.988763
38,77040,Yaimar Medina,1106546,KRC Genk,2890,0,3,6.73,1.37,1.99,27,11,19,2,21,4,0,1534,27,assists,BEL,2025-2026,datafc_sofascore,2026-08-09T08:07:33.988763
38,77040,Bilal Bafdili,1445119,KV Mechelen,5044,1,3,6.72,1.42,1.69,11,4,16,10,8,2,0,867,19,assists,BEL,2025-2026,datafc_sofascore,2026-08-09T08:07:33.988763
38,77040,Jakob Napoleon Romsaas,1198306,RC Sporting Charleroi,2898,2,3,6.72,5.11,2.68,40,15,34,20,27,2,0,1749,37,assists,BEL,2025-2026,datafc_sofascore,2026-08-09T08:07:33.988763
38,77040,Yari Verschaeren,901898,RSC Anderlecht,2900,1,3,6.71,2.03,2.5,24,6,31,12,19,1,0,1408,28,assists,BEL,2025-2026,datafc_sofascore,2026-08-09T08:07:33.988763
38,77040,Taiga Hata,1002356,Sint-Truidense VV,2895,1,3,6.66,1.79,2.66,6,3,19,10,44,0,0,2444,32,assists,BEL,2025-2026,datafc_sofascore,2026-08-09T08:07:33.988763
38,77040,Benito Raman,94300,KV Mechelen,5044,3,3,6.65,4.82,1.09,28,10,13,11,11,0,0,1087,29,assists,BEL,2025-2026,datafc_sofascore,2026-08-09T08:07:33.988763
38,77040,Fabio Ferraro,1145225,FCV Dender,389232,1,3,6.62,2.28,3.94,30,12,41,31,53,5,0,2531,29,assists,BEL,2025-2026,datafc_sofascore,2026-08-09T08:07:33.988763
38,77040,Mathieu Maertens,360652,Oud-Heverlee Leuven,2918,1,3,6.6,5.76,1.05,52,17,19,10,23,5,0,1302,35,assists,BEL,2025-2026,datafc_sofascore,2026-08-09T08:07:33.988763
38,77040,Bouke Boersma,2041882,KV Mechelen,5044,3,3,6.58,3.32,1.13,23,11,8,5,3,1,0,1325,17,assists,BEL,2025-2026,datafc_sofascore,2026-08-09T08:07:33.988763
38,77040,Brandon Mechele,248331,Club Brugge KV,2888,5,2,7.29,3.46,1.49,33,14,22,5,77,4,0,3435,39,assists,BEL,2025-2026,datafc_sofascore,2026-08-09T08:07:33.988763
38,77040,Aleksandar Stanković,1153957,Club Brugge KV,2888,6,2,7.09,4.66,4.09,74,25,33,8,39,4,0,3076,39,assists,BEL,2025-2026,datafc_sofascore,2026-08-09T08:07:33.988763
38,77040,Guilherme Smith,1820381,Royale Union Saint-Gilloise,4860,4,2,7.08,0.98,1.96,21,7,15,28,33,4,0,1546,22,assists,BEL,2025-2026,datafc_sofascore,2026-08-09T08:07:33.988763
38,77040,Arthur Piedfort,1149123,KVC Westerlo,2893,3,2,7.07,1.9,3.11,23,7,43,25,86,5,0,2989,36,assists,BEL,2025-2026,datafc_sofascore,2026-08-09T08:07:33.988763
38,77040,Emin Bayram,997153,KVC Westerlo,2893,4,2,7.06,4.39,2.88,41,13,20,15,44,4,2,3322,38,assists,BEL,2025-2026,datafc_sofascore,2026-08-09T08:07:33.988763
38,77040,Nacho Ferri,1196903,KVC Westerlo,2893,11,2,7.04,16.2,2.4,101,42,30,22,27,7,0,2910,36,assists,BEL,2025-2026,datafc_sofascore,2026-08-09T08:07:33.988763
38,77040,Hugo Siquet,983041,Club Brugge KV,2888,0,2,7.0,0.75,3.62,16,2,38,4,31,2,0,1332,31,assists,BEL,2025-2026,datafc_sofascore,2026-08-09T08:07:33.988763
38,77040,Christopher Scott,997118,Royal Antwerp FC,2889,6,2,6.99,4.76,2.76,43,17,27,17,57,3,0,2206,31,assists,BEL,2025-2026,datafc_sofascore,2026-08-09T08:07:33.988763
38,77040,Ralf Seuntjens,73795,Lommel SK,5046,2,2,6.98,0.53,0.24,7,3,4,5,0,0,0,491,6,assists,BEL,2025-2026,datafc_sofascore,2026-08-09T08:07:33.988763
38,77040,Casper Nielsen,247471,Standard Liège,2901,5,2,6.95,3.38,3.36,32,11,19,8,42,5,0,1878,26,assists,BEL,2025-2026,datafc_sofascore,2026-08-09T08:07:33.988763
38,77040,Anthony Valencia,1020197,Royal Antwerp FC,2889,4,2,6.95,3.57,2.73,29,12,29,36,27,3,0,1332,23,assists,BEL,2025-2026,datafc_sofascore,2026-08-09T08:07:33.988763
38,77040,Arbnor Muja,890695,Sint-Truidense VV,2895,6,2,6.91,5.76,4.41,43,16,28,21,24,3,1,1855,26,assists,BEL,2025-2026,datafc_sofascore,2026-08-09T08:07:33.988763
38,77040,Tobias Mohr,237048,Standard Liège,2901,2,2,6.91,1.09,5.42,25,5,44,20,50,5,0,2310,38,assists,BEL,2025-2026,datafc_sofascore,2026-08-09T08:07:33.988763
38,77040,Marlon Fossey,880762,Standard Liège,2901,1,2,6.91,0.72,1.82,9,4,11,9,18,2,1,1469,20,assists,BEL,2025-2026,datafc_sofascore,2026-08-09T08:07:33.988763
38,77040,Farouck Adekami,1920581,Royal Antwerp FC,2889,2,2,6.9,2.95,1.76,35,16,21,38,23,7,0,1140,21,assists,BEL,2025-2026,datafc_sofascore,2026-08-09T08:07:33.988763
38,77040,Christos Tzolis,1031259,Club Brugge KV,2888,17,23,7.71,17.4,15.94,123,44,135,40,29,6,0,3072,36,assists,BEL,2025-2026,datafc_sofascore,2026-08-09T08:07:33.988763
38,77040,Konstantinos Karetsas,1468744,KRC Genk,2890,0,10,6.91,4.62,7.63,68,27,68,59,30,3,0,2247,34,assists,BEL,2025-2026,datafc_sofascore,2026-08-09T08:07:33.988763
38,77040,Carlos Forbs,1069486,Club Brugge KV,2888,8,8,7.17,6.18,8.55,57,21,61,52,40,4,0,2816,37,assists,BEL,2025-2026,datafc_sofascore,2026-08-09T08:07:33.988763
38,77040,Patrick Pflücke,281283,RC Sporting Charleroi,2898,4,8,6.97,5.54,8.28,63,22,67,9,22,0,0,2670,41,assists,BEL,2025-2026,datafc_sofascore,2026-08-09T08:07:33.988763
38,77040,Anosike Ementa,1094132,SV Zulte Waregem,2933,4,8,6.9,7.37,3.77,41,18,61,40,20,5,0,2616,32,assists,BEL,2025-2026,datafc_sofascore,2026-08-09T08:07:33.988763
38,77040,Nazinho,1006113,Cercle Brugge,2929,3,7,7.07,0.91,7.69,27,8,59,24,73,13,0,2554,30,assists,BEL,2025-2026,datafc_sofascore,2026-08-09T08:07:33.988763
38,77040,Michał Skóraś,942479,KAA Gent,2903,2,7,7.06,3.87,6.79,43,10,65,37,49,6,1,2697,34,assists,BEL,2025-2026,datafc_sofascore,2026-08-09T08:07:33.988763
38,77040,Thorgan Hazard,94286,RSC Anderlecht,2900,13,7,7.04,11.91,8.06,74,31,78,38,38,6,1,2722,36,assists,BEL,2025-2026,datafc_sofascore,2026-08-09T08:07:33.988763
38,77040,Gary Magnee,990265,Cercle Brugge,2929,4,7,6.93,5.4,6.75,31,10,74,20,72,4,0,2889,34,assists,BEL,2025-2026,datafc_sofascore,2026-08-09T08:07:33.988763
38,77040,Vincent Janssen,339901,Royal Antwerp FC,2889,10,7,6.87,12.99,3.46,91,30,33,21,29,8,0,3088,35,assists,BEL,2025-2026,datafc_sofascore,2026-08-09T08:07:33.988763
38,77040,Keisuke Goto,1391315,Sint-Truidense VV,2895,11,7,6.77,13.43,4.3,62,25,30,7,41,5,0,2885,38,assists,BEL,2025-2026,datafc_sofascore,2026-08-09T08:07:33.988763
38,77040,Mamadou Diakhon,1495876,Club Brugge KV,2888,0,7,6.76,1.11,1.96,17,3,15,15,4,1,0,809,23,assists,BEL,2025-2026,datafc_sofascore,2026-08-09T08:07:33.988763
38,77040,Besfort Zeneli,1173223,Royale Union Saint-Gilloise,4860,3,6,7.13,2.06,3.52,16,8,22,7,8,0,0,774,15,assists,BEL,2025-2026,datafc_sofascore,2026-08-09T08:07:33.988763
38,77040,Rihito Yamamoto,1030211,Sint-Truidense VV,2895,5,6,7.08,5.87,6.27,51,16,62,21,75,6,0,3290,38,assists,BEL,2025-2026,datafc_sofascore,2026-08-09T08:07:33.988763
38,77040,Jarne Steuckers,1099462,KRC Genk,2890,0,6,6.96,2.06,6.27,30,8,54,15,9,1,0,1504,30,assists,BEL,2025-2026,datafc_sofascore,2026-08-09T08:07:33.988763
38,77040,Jordi Liongola,1009413,RAAL La Louvière,368506,2,6,6.93,3.28,4.29,29,6,40,27,57,10,0,2618,31,assists,BEL,2025-2026,datafc_sofascore,2026-08-09T08:07:33.988763
38,77040,Joseph Opoku,1922407,SV Zulte Waregem,2933,10,6,6.91,10.15,3.62,69,25,46,37,16,2,0,2458,33,assists,BEL,2025-2026,datafc_sofascore,2026-08-09T08:07:33.988763
38,77040,Hugo Vetlesen,877236,Club Brugge KV,2888,5,6,6.87,4.89,3.32,36,14,22,12,25,5,0,1315,25,assists,BEL,2025-2026,datafc_sofascore,2026-08-09T08:07:33.988763
38,77040,Ryotaro Ito,831697,Sint-Truidense VV,2895,10,5,7.28,8.51,8.81,73,27,102,19,20,1,0,2838,35,assists,BEL,2025-2026,datafc_sofascore,2026-08-09T08:07:33.988763
38,77040,Nilson Angulo,1116571,RSC Anderlecht,2900,6,5,7.26,3.77,4.47,33,16,46,44,62,2,1,1902,22,assists,BEL,2025-2026,datafc_sofascore,2026-08-09T08:07:33.988763
38,77040,Anan Khalaili,1403362,Royale Union Saint-Gilloise,4860,3,5,7.22,3.34,7.52,38,13,62,49,69,7,0,3099,38,assists,BEL,2025-2026,datafc_sofascore,2026-08-09T08:07:33.988763
38,77040,Myron Van Brederode,1012925,KV Mechelen,5044,9,5,7.1,5.95,5.55,41,17,57,49,34,2,0,2840,34,assists,BEL,2025-2026,datafc_sofascore,2026-08-09T08:07:33.988763
38,77040,Junya Ito,783278,KRC Genk,2890,6,5,7.09,3.79,5.63,36,16,51,24,37,4,0,1785,28,assists,BEL,2025-2026,datafc_sofascore,2026-08-09T08:07:33.988763
38,77040,Parfait Guiagon,1030459,RC Sporting Charleroi,2898,9,5,7.08,7.78,5.5,80,22,52,73,30,6,0,2555,33,assists,BEL,2025-2026,datafc_sofascore,2026-08-09T08:07:33.988763
38,77040,Adem Zorgane,1000472,Royale Union Saint-Gilloise,4860,4,5,7.04,2.44,6.23,28,12,40,19,64,7,0,2968,37,assists,BEL,2025-2026,datafc_sofascore,2026-08-09T08:07:33.988763
38,77040,Nicolò Tresoldi,1177167,Club Brugge KV,2888,19,5,6.99,16.6,3.73,101,39,38,19,29,1,0,2507,40,assists,BEL,2025-2026,datafc_sofascore,2026-08-09T08:07:33.988763
38,77040,Adnane Abid,1127801,Standard Liège,2901,2,5,6.92,2.21,4.2,22,11,44,37,40,5,1,2114,34,assists,BEL,2025-2026,datafc_sofascore,2026-08-09T08:07:33.988763
38,77040,Anouar Ait El Hadj,964764,Royale Union Saint-Gilloise,4860,2,5,6.9,5.0,7.38,42,13,62,13,29,2,0,2660,38,assists,BEL,2025-2026,datafc_sofascore,2026-08-09T08:07:33.988763
38,77040,Rob Schoofs,133164,Royale Union Saint-Gilloise,4860,4,5,6.89,3.11,5.5,42,11,52,7,27,4,0,2013,36,assists,BEL,2025-2026,datafc_sofascore,2026-08-09T08:07:33.988763
38,77040,Abdelkahar Kadri,1007528,KAA Gent,2903,2,5,6.89,2.42,2.53,27,9,32,24,43,5,0,2076,33,assists,BEL,2025-2026,datafc_sofascore,2026-08-09T08:07:33.988763
38,77040,Joaquin Seys,1395881,Club Brugge KV,2888,2,5,6.81,1.25,3.7,16,4,33,11,56,3,0,2976,39,assists,BEL,2025-2026,datafc_sofascore,2026-08-09T08:07:33.988763
38,77040,Ilias Sebaoui,1154586,Sint-Truidense VV,2895,5,5,6.81,8.33,5.21,93,27,36,43,46,3,0,3272,40,assists,BEL,2025-2026,datafc_sofascore,2026-08-09T08:07:33.988763
38,77040,Doğucan Haspolat,846087,KVC Westerlo,2893,1,4,7.18,2.52,7.83,46,10,86,19,82,7,0,3395,38,assists,BEL,2025-2026,datafc_sofascore,2026-08-09T08:07:33.988763
38,77040,Rafiki Saïd,1047321,Standard Liège,2901,8,4,7.07,10.2,4.41,90,32,28,69,30,4,0,2756,37,assists,BEL,2025-2026,datafc_sofascore,2026-08-09T08:07:33.988763
38,77040,Zakaria El Ouahdi,1134470,KRC Genk,2890,8,4,7.07,4.96,4.37,70,24,49,36,42,4,0,2996,34,assists,BEL,2025-2026,datafc_sofascore,2026-08-09T08:07:33.988763
38,77040,Siebe Schrijvers,190413,Oud-Heverlee Leuven,2918,3,4,7.0,5.03,3.45,29,4,37,12,62,6,0,2121,30,assists,BEL,2025-2026,datafc_sofascore,2026-08-09T08:07:33.988763
38,77040,Mathis Servais,1093876,KV Mechelen,5044,2,4,6.98,2.95,5.07,41,11,35,11,48,5,0,2796,32,assists,BEL,2025-2026,datafc_sofascore,2026-08-09T08:07:33.988763
38,77040,Daan Heymans,845344,KRC Genk,2890,10,4,6.98,7.98,2.96,61,25,33,11,50,3,0,2362,31,assists,BEL,2025-2026,datafc_sofascore,2026-08-09T08:07:33.988763
38,77040,Youssef Maziz,862821,Oud-Heverlee Leuven,2918,3,4,6.96,4.34,6.75,49,12,63,13,25,6,0,2096,36,assists,BEL,2025-2026,datafc_sofascore,2026-08-09T08:07:33.988763
38,77040,Tiago Araújo,997024,KAA Gent,2903,1,4,6.94,0.83,6.33,21,4,57,20,39,9,0,2820,35,assists,BEL,2025-2026,datafc_sofascore,2026-08-09T08:07:33.988763
38,77040,Thibaud Verlinden,826172,Oud-Heverlee Leuven,2918,2,4,6.92,0.59,4.03,20,10,26,21,24,4,0,1463,26,assists,BEL,2025-2026,datafc_sofascore,2026-08-09T08:07:33.988763
38,77040,Nolan Gillot,2425212,RAAL La Louvière,368506,2,4,6.88,1.93,3.66,30,9,29,16,31,0,0,1297,21,assists,BEL,2025-2026,datafc_sofascore,2026-08-09T08:07:33.988763
38,77040,Aurélien Scheidler,915567,RC Sporting Charleroi,2898,9,4,6.81,12.47,2.75,71,28,38,10,8,3,0,3266,40,assists,BEL,2025-2026,datafc_sofascore,2026-08-09T08:07:33.988763
38,77040,Bruny Nsimba,1047536,FCV Dender,389232,9,4,6.8,10.1,3.3,60,22,24,20,17,3,0,1905,30,assists,BEL,2025-2026,datafc_sofascore,2026-08-09T08:07:33.988763
38,77040,Daam Foulon,826170,Royal Antwerp FC,2889,0,4,6.78,0.68,3.5,13,4,33,10,56,5,2,2290,33,assists,BEL,2025-2026,datafc_sofascore,2026-08-09T08:07:33.988763
38,77040,Kevin Van Den Kerkhof,1130602,RC Sporting Charleroi,2898,3,4,6.78,3.1,2.9,35,11,35,27,56,5,1,2117,30,assists,BEL,2025-2026,datafc_sofascore,2026-08-09T08:07:33.988763
38,77040,Simen Juklerød,252515,Sint-Truidense VV,2895,1,4,6.77,0.83,1.79,8,3,14,4,13,0,0,873,22,assists,BEL,2025-2026,datafc_sofascore,2026-08-09T08:07:33.988763
38,77040,Gyrano Kerk,386950,Royal Antwerp FC,2889,3,4,6.77,4.85,3.05,50,17,26,35,34,4,0,2095,27,assists,BEL,2025-2026,datafc_sofascore,2026-08-09T08:07:33.988763
38,77040,Nathan De Cat,1637689,RSC Anderlecht,2900,2,4,6.75,1.79,2.28,30,6,28,21,60,8,0,2739,36,assists,BEL,2025-2026,datafc_sofascore,2026-08-09T08:07:33.988763
38,77040,Hyllarion Goore,2048955,KAA Gent,2903,5,4,6.71,5.22,2.29,55,15,20,25,9,2,0,1431,34,assists,BEL,2025-2026,datafc_sofascore,2026-08-09T08:07:33.988763
38,77040,Wilfried Kanga,838640,KAA Gent,2903,12,4,6.71,15.13,1.71,90,37,27,8,8,4,0,2836,36,assists,BEL,2025-2026,datafc_sofascore,2026-08-09T08:07:33.988763
38,77040,Ali Maamar,1440668,RSC Anderlecht,2900,0,4,6.68,0.58,1.82,13,0,18,18,36,4,0,1382,25,assists,BEL,2025-2026,datafc_sofascore,2026-08-09T08:07:33.988763
38,77040,Steve Ngoura,1394411,Cercle Brugge,2929,7,4,6.67,9.75,2.31,71,23,22,27,9,2,0,2097,34,assists,BEL,2025-2026,datafc_sofascore,2026-08-09T08:07:33.988763
38,77040,Isa Sakamoto,1126245,KVC Westerlo,2893,6,4,6.67,7.98,2.85,66,21,32,62,43,1,0,3021,38,assists,BEL,2025-2026,datafc_sofascore,2026-08-09T08:07:33.988763
38,77040,Josimar Alcócer,1131598,KVC Westerlo,2893,3,4,6.63,3.61,2.38,54,24,26,47,51,6,0,2722,35,assists,BEL,2025-2026,datafc_sofascore,2026-08-09T08:07:33.988763
38,77040,Junior Marsoni Sambu Mansoni​,874855,FCV Dender,389232,0,4,6.61,0.7,1.62,12,3,20,29,63,7,0,2193,31,assists,BEL,2025-2026,datafc_sofascore,2026-08-09T08:07:33.988763
38,77040,Lucas Schoofs,794564,Lommel SK,5046,3,3,7.8,1.84,0.65,8,5,7,2,24,1,0,540,6,assists,BEL,2025-2026,datafc_sofascore,2026-08-09T08:07:33.988763
38,77040,Hans Vanaken,118085,Club Brugge KV,2888,7,3,7.45,8.38,8.0,58,21,67,15,38,2,0,3366,39,assists,BEL,2025-2026,datafc_sofascore,2026-08-09T08:07:33.988763
38,77040,Christian Burgess,303634,Royale Union Saint-Gilloise,4860,2,3,7.31,1.63,1.37,23,8,13,1,53,13,1,3147,35,assists,BEL,2025-2026,datafc_sofascore,2026-08-09T08:07:33.988763
38,77040,Jeppe Erenbjerg,1035095,SV Zulte Waregem,2933,13,3,7.12,10.16,5.5,88,32,41,24,24,2,0,2787,35,assists,BEL,2025-2026,datafc_sofascore,2026-08-09T08:07:33.988763
38,77040,Mathias Delorge,1124749,KAA Gent,2903,0,3,7.01,0.27,2.13,9,4,17,2,30,1,0,1383,20,assists,BEL,2025-2026,datafc_sofascore,2026-08-09T08:07:33.988763
38,77040,Edan Diop,1390575,Cercle Brugge,2929,7,3,6.99,6.96,5.33,53,22,46,43,52,7,0,2607,33,assists,BEL,2025-2026,datafc_sofascore,2026-08-09T08:07:33.988763
38,77040,Kyriani Sabbe,1101258,Club Brugge KV,2888,3,3,6.94,1.71,3.84,18,9,23,8,43,2,0,1658,27,assists,BEL,2025-2026,datafc_sofascore,2026-08-09T08:07:33.988763
38,77040,Allahyar Sayyadmanesh,905474,KVC Westerlo,2893,7,3,6.89,7.15,4.43,48,15,37,33,35,5,0,2241,30,assists,BEL,2025-2026,datafc_sofascore,2026-08-09T08:07:33.988763
38,77040,Ludwig Augustinsson,138546,RSC Anderlecht,2900,0,3,6.89,1.0,3.93,21,3,29,2,44,4,0,2082,27,assists,BEL,2025-2026,datafc_sofascore,2026-08-09T08:07:33.988763
38,77040,Atsuki Ito,1034816,KAA Gent,2903,4,3,6.88,4.25,2.25,37,13,26,14,39,3,0,2184,30,assists,BEL,2025-2026,datafc_sofascore,2026-08-09T08:07:33.988763
38,77040,Kamiel Van de Perre,1146316,Royale Union Saint-Gilloise,4860,0,3,6.88,0.49,0.67,11,0,9,12,84,9,0,2214,30,assists,BEL,2025-2026,datafc_sofascore,2026-08-09T08:07:33.988763
38,77040,Ousseynou Niang,880780,Royale Union Saint-Gilloise,4860,2,3,6.87,1.79,1.63,23,6,10,20,29,5,0,1618,27,assists,BEL,2025-2026,datafc_sofascore,2026-08-09T08:07:33.988763
38,77040,Emran Soglo,1403124,SV Zulte Waregem,2933,0,3,6.85,1.02,2.37,16,2,15,23,29,2,0,1045,18,assists,BEL,2025-2026,datafc_sofascore,2026-08-09T08:07:33.988763
38,77040,Etienne Camara,1097542,RC Sporting Charleroi,2898,2,3,6.83,1.19,1.37,20,7,20,19,94,11,1,3034,38,assists,BEL,2025-2026,datafc_sofascore,2026-08-09T08:07:33.988763
38,77040,Abdoulaye Sissako,846330,Sint-Truidense VV,2895,2,3,6.82,2.74,1.22,30,4,15,41,91,5,0,3349,40,assists,BEL,2025-2026,datafc_sofascore,2026-08-09T08:07:33.988763
38,77040,Łukasz Łakomy,1001201,Oud-Heverlee Leuven,2918,3,3,6.82,1.56,3.17,32,12,35,13,44,6,0,2123,32,assists,BEL,2025-2026,datafc_sofascore,2026-08-09T08:07:33.988763
38,77040,Kerim Mrabti,338869,KV Mechelen,5044,5,3,6.81,3.37,1.81,29,10,20,8,31,5,0,2300,33,assists,BEL,2025-2026,datafc_sofascore,2026-08-09T08:07:33.988763
38,77040,Raul Florucz,1022491,Royale Union Saint-Gilloise,4860,7,3,6.78,6.84,1.86,46,15,18,14,17,1,0,1214,24,assists,BEL,2025-2026,datafc_sofascore,2026-08-09T08:07:33.988763
38,77040,Hyeon-gyu Oh,1010634,KRC Genk,2890,6,3,6.77,7.63,1.49,49,24,17,6,10,2,0,1116,20,assists,BEL,2025-2026,datafc_sofascore,2026-08-09T08:07:33.988763
38,77040,Bryan Reynolds,862075,KVC Westerlo,2893,2,3,6.77,2.75,4.35,22,8,37,37,53,8,0,3494,39,assists,BEL,2025-2026,datafc_sofascore,2026-08-09T08:07:33.988763
38,77040,Yaimar Medina,1106546,KRC Genk,2890,0,3,6.73,1.37,1.99,27,11,19,2,21,4,0,1534,27,assists,BEL,2025-2026,datafc_sofascore,2026-08-09T08:07:33.988763
38,77040,Bilal Bafdili,1445119,KV Mechelen,5044,1,3,6.72,1.42,1.69,11,4,16,10,8,2,0,867,19,assists,BEL,2025-2026,datafc_sofascore,2026-08-09T08:07:33.988763
38,77040,Jakob Napoleon Romsaas,1198306,RC Sporting Charleroi,2898,2,3,6.72,5.11,2.68,40,15,34,20,27,2,0,1749,37,assists,BEL,2025-2026,datafc_sofascore,2026-08-09T08:07:33.988763
38,77040,Yari Verschaeren,901898,RSC Anderlecht,2900,1,3,6.71,2.03,2.5,24,6,31,12,19,1,0,1408,28,assists,BEL,2025-2026,datafc_sofascore,2026-08-09T08:07:33.988763
38,77040,Taiga Hata,1002356,Sint-Truidense VV,2895,1,3,6.66,1.79,2.66,6,3,19,10,44,0,0,2444,32,assists,BEL,2025-2026,datafc_sofascore,2026-08-09T08:07:33.988763
38,77040,Benito Raman,94300,KV Mechelen,5044,3,3,6.65,4.82,1.09,28,10,13,11,11,0,0,1087,29,assists,BEL,2025-2026,datafc_sofascore,2026-08-09T08:07:33.988763
38,77040,Fabio Ferraro,1145225,FCV Dender,389232,1,3,6.62,2.28,3.94,30,12,41,31,53,5,0,2531,29,assists,BEL,2025-2026,datafc_sofascore,2026-08-09T08:07:33.988763
38,77040,Mathieu Maertens,360652,Oud-Heverlee Leuven,2918,1,3,6.6,5.76,1.05,52,17,19,10,23,5,0,1302,35,assists,BEL,2025-2026,datafc_sofascore,2026-08-09T08:07:33.988763
38,77040,Bouke Boersma,2041882,KV Mechelen,5044,3,3,6.58,3.32,1.13,23,11,8,5,3,1,0,1325,17,assists,BEL,2025-2026,datafc_sofascore,2026-08-09T08:07:33.988763
38,77040,Brandon Mechele,248331,Club Brugge KV,2888,5,2,7.29,3.46,1.49,33,14,22,5,77,4,0,3435,39,assists,BEL,2025-2026,datafc_sofascore,2026-08-09T08:07:33.988763
38,77040,Aleksandar Stanković,1153957,Club Brugge KV,2888,6,2,7.09,4.66,4.09,74,25,33,8,39,4,0,3076,39,assists,BEL,2025-2026,datafc_sofascore,2026-08-09T08:07:33.988763
38,77040,Guilherme Smith,1820381,Royale Union Saint-Gilloise,4860,4,2,7.08,0.98,1.96,21,7,15,28,33,4,0,1546,22,assists,BEL,2025-2026,datafc_sofascore,2026-08-09T08:07:33.988763
38,77040,Arthur Piedfort,1149123,KVC Westerlo,2893,3,2,7.07,1.9,3.11,23,7,43,25,86,5,0,2989,36,assists,BEL,2025-2026,datafc_sofascore,2026-08-09T08:07:33.988763
38,77040,Emin Bayram,997153,KVC Westerlo,2893,4,2,7.06,4.39,2.88,41,13,20,15,44,4,2,3322,38,assists,BEL,2025-2026,datafc_sofascore,2026-08-09T08:07:33.988763
38,77040,Nacho Ferri,1196903,KVC Westerlo,2893,11,2,7.04,16.2,2.4,101,42,30,22,27,7,0,2910,36,assists,BEL,2025-2026,datafc_sofascore,2026-08-09T08:07:33.988763
38,77040,Hugo Siquet,983041,Club Brugge KV,2888,0,2,7.0,0.75,3.62,16,2,38,4,31,2,0,1332,31,assists,BEL,2025-2026,datafc_sofascore,2026-08-09T08:07:33.988763
38,77040,Christopher Scott,997118,Royal Antwerp FC,2889,6,2,6.99,4.76,2.76,43,17,27,17,57,3,0,2206,31,assists,BEL,2025-2026,datafc_sofascore,2026-08-09T08:07:33.988763
38,77040,Ralf Seuntjens,73795,Lommel SK,5046,2,2,6.98,0.53,0.24,7,3,4,5,0,0,0,491,6,assists,BEL,2025-2026,datafc_sofascore,2026-08-09T08:07:33.988763
38,77040,Casper Nielsen,247471,Standard Liège,2901,5,2,6.95,3.38,3.36,32,11,19,8,42,5,0,1878,26,assists,BEL,2025-2026,datafc_sofascore,2026-08-09T08:07:33.988763
38,77040,Anthony Valencia,1020197,Royal Antwerp FC,2889,4,2,6.95,3.57,2.73,29,12,29,36,27,3,0,1332,23,assists,BEL,2025-2026,datafc_sofascore,2026-08-09T08:07:33.988763
38,77040,Arbnor Muja,890695,Sint-Truidense VV,2895,6,2,6.91,5.76,4.41,43,16,28,21,24,3,1,1855,26,assists,BEL,2025-2026,datafc_sofascore,2026-08-09T08:07:33.988763
38,77040,Tobias Mohr,237048,Standard Liège,2901,2,2,6.91,1.09,5.42,25,5,44,20,50,5,0,2310,38,assists,BEL,2025-2026,datafc_sofascore,2026-08-09T08:07:33.988763
38,77040,Marlon Fossey,880762,Standard Liège,2901,1,2,6.91,0.72,1.82,9,4,11,9,18,2,1,1469,20,assists,BEL,2025-2026,datafc_sofascore,2026-08-09T08:07:33.988763
38,77040,Farouck Adekami,1920581,Royal Antwerp FC,2889,2,2,6.9,2.95,1.76,35,16,21,38,23,7,0,1140,21,assists,BEL,2025-2026,datafc_sofascore,2026-08-09T08:07:33.988763
38,77040,Christos Tzolis,1031259,Club Brugge KV,2888,17,23,7.71,17.4,15.94,123,44,135,40,29,6,0,3072,36,expectedGoals,BEL,2025-2026,datafc_sofascore,2026-08-09T08:07:33.988763
38,77040,Nicolò Tresoldi,1177167,Club Brugge KV,2888,19,5,6.99,16.6,3.73,101,39,38,19,29,1,0,2507,40,expectedGoals,BEL,2025-2026,datafc_sofascore,2026-08-09T08:07:33.988763
38,77040,Nacho Ferri,1196903,KVC Westerlo,2893,11,2,7.04,16.2,2.4,101,42,30,22,27,7,0,2910,36,expectedGoals,BEL,2025-2026,datafc_sofascore,2026-08-09T08:07:33.988763
38,77040,Wilfried Kanga,838640,KAA Gent,2903,12,4,6.71,15.13,1.71,90,37,27,8,8,4,0,2836,36,expectedGoals,BEL,2025-2026,datafc_sofascore,2026-08-09T08:07:33.988763
38,77040,Keisuke Goto,1391315,Sint-Truidense VV,2895,11,7,6.77,13.43,4.3,62,25,30,7,41,5,0,2885,38,expectedGoals,BEL,2025-2026,datafc_sofascore,2026-08-09T08:07:33.988763
38,77040,Vincent Janssen,339901,Royal Antwerp FC,2889,10,7,6.87,12.99,3.46,91,30,33,21,29,8,0,3088,35,expectedGoals,BEL,2025-2026,datafc_sofascore,2026-08-09T08:07:33.988763
38,77040,Aurélien Scheidler,915567,RC Sporting Charleroi,2898,9,4,6.81,12.47,2.75,71,28,38,10,8,3,0,3266,40,expectedGoals,BEL,2025-2026,datafc_sofascore,2026-08-09T08:07:33.988763
38,77040,Promise David,1119328,Royale Union Saint-Gilloise,4860,9,1,6.68,12.3,1.04,70,26,13,6,4,1,0,1493,24,expectedGoals,BEL,2025-2026,datafc_sofascore,2026-08-09T08:07:33.988763
38,77040,Thorgan Hazard,94286,RSC Anderlecht,2900,13,7,7.04,11.91,8.06,74,31,78,38,38,6,1,2722,36,expectedGoals,BEL,2025-2026,datafc_sofascore,2026-08-09T08:07:33.988763
38,77040,Pape Moussa Fall,1890424,RAAL La Louvière,368506,11,1,7.14,11.35,1.56,62,23,14,5,11,3,0,1771,27,expectedGoals,BEL,2025-2026,datafc_sofascore,2026-08-09T08:07:33.988763
38,77040,Rafiki Saïd,1047321,Standard Liège,2901,8,4,7.07,10.2,4.41,90,32,28,69,30,4,0,2756,37,expectedGoals,BEL,2025-2026,datafc_sofascore,2026-08-09T08:07:33.988763
38,77040,Jeppe Erenbjerg,1035095,SV Zulte Waregem,2933,13,3,7.12,10.16,5.5,88,32,41,24,24,2,0,2787,35,expectedGoals,BEL,2025-2026,datafc_sofascore,2026-08-09T08:07:33.988763
38,77040,Joseph Opoku,1922407,SV Zulte Waregem,2933,10,6,6.91,10.15,3.62,69,25,46,37,16,2,0,2458,33,expectedGoals,BEL,2025-2026,datafc_sofascore,2026-08-09T08:07:33.988763
38,77040,Bruny Nsimba,1047536,FCV Dender,389232,9,4,6.8,10.1,3.3,60,22,24,20,17,3,0,1905,30,expectedGoals,BEL,2025-2026,datafc_sofascore,2026-08-09T08:07:33.988763
38,77040,Steve Ngoura,1394411,Cercle Brugge,2929,7,4,6.67,9.75,2.31,71,23,22,27,9,2,0,2097,34,expectedGoals,BEL,2025-2026,datafc_sofascore,2026-08-09T08:07:33.988763
38,77040,Lion Lauberbach,886171,KV Mechelen,5044,6,1,6.7,9.02,0.94,48,25,15,21,12,4,0,1872,22,expectedGoals,BEL,2025-2026,datafc_sofascore,2026-08-09T08:07:33.988763
38,77040,Max Dean,1065233,KAA Gent,2903,7,1,6.69,8.96,1.47,50,21,16,5,8,2,1,1187,23,expectedGoals,BEL,2025-2026,datafc_sofascore,2026-08-09T08:07:33.988763
38,77040,Kevin Rodriguez,1431770,Royale Union Saint-Gilloise,4860,10,2,6.69,8.63,2.84,76,30,19,19,19,2,0,1825,31,expectedGoals,BEL,2025-2026,datafc_sofascore,2026-08-09T08:07:33.988763
38,77040,Ryotaro Ito,831697,Sint-Truidense VV,2895,10,5,7.28,8.51,8.81,73,27,102,19,20,1,0,2838,35,expectedGoals,BEL,2025-2026,datafc_sofascore,2026-08-09T08:07:33.988763
38,77040,Hans Vanaken,118085,Club Brugge KV,2888,7,3,7.45,8.38,8.0,58,21,67,15,38,2,0,3366,39,expectedGoals,BEL,2025-2026,datafc_sofascore,2026-08-09T08:07:33.988763
38,77040,Ilias Sebaoui,1154586,Sint-Truidense VV,2895,5,5,6.81,8.33,5.21,93,27,36,43,46,3,0,3272,40,expectedGoals,BEL,2025-2026,datafc_sofascore,2026-08-09T08:07:33.988763
38,77040,Aaron Bibout,1502620,KRC Genk,2890,6,0,6.68,8.1,0.79,49,17,8,9,6,0,0,1165,21,expectedGoals,BEL,2025-2026,datafc_sofascore,2026-08-09T08:07:33.988763
38,77040,Isa Sakamoto,1126245,KVC Westerlo,2893,6,4,6.67,7.98,2.85,66,21,32,62,43,1,0,3021,38,expectedGoals,BEL,2025-2026,datafc_sofascore,2026-08-09T08:07:33.988763
38,77040,Daan Heymans,845344,KRC Genk,2890,10,4,6.98,7.98,2.96,61,25,33,11,50,3,0,2362,31,expectedGoals,BEL,2025-2026,datafc_sofascore,2026-08-09T08:07:33.988763
38,77040,Oluwaseun Adewumi,1201883,Cercle Brugge,2929,5,0,6.61,7.78,1.06,57,24,12,27,14,2,0,1598,32,expectedGoals,BEL,2025-2026,datafc_sofascore,2026-08-09T08:07:33.988763
38,77040,Parfait Guiagon,1030459,RC Sporting Charleroi,2898,9,5,7.08,7.78,5.5,80,22,52,73,30,6,0,2555,33,expectedGoals,BEL,2025-2026,datafc_sofascore,2026-08-09T08:07:33.988763
38,77040,Adriano Bertaccini,867250,RSC Anderlecht,2900,7,2,6.7,7.73,1.74,65,28,15,17,14,5,1,1603,33,expectedGoals,BEL,2025-2026,datafc_sofascore,2026-08-09T08:07:33.988763
38,77040,Jerry Afriyie,1836721,RAAL La Louvière,368506,5,1,6.52,7.65,2.32,51,21,17,36,23,7,0,2497,31,expectedGoals,BEL,2025-2026,datafc_sofascore,2026-08-09T08:07:33.988763
38,77040,Hyeon-gyu Oh,1010634,KRC Genk,2890,6,3,6.77,7.63,1.49,49,24,17,6,10,2,0,1116,20,expectedGoals,BEL,2025-2026,datafc_sofascore,2026-08-09T08:07:33.988763
38,77040,Mihajlo Cvetković,1427166,RSC Anderlecht,2900,9,2,6.6,7.58,1.0,41,21,17,8,15,4,1,1631,29,expectedGoals,BEL,2025-2026,datafc_sofascore,2026-08-09T08:07:33.988763
38,77040,Anosike Ementa,1094132,SV Zulte Waregem,2933,4,8,6.9,7.37,3.77,41,18,61,40,20,5,0,2616,32,expectedGoals,BEL,2025-2026,datafc_sofascore,2026-08-09T08:07:33.988763
38,77040,Oumar Diakité,1188191,Cercle Brugge,2929,7,0,6.63,7.36,1.43,39,18,22,23,14,4,1,1429,25,expectedGoals,BEL,2025-2026,datafc_sofascore,2026-08-09T08:07:33.988763
38,77040,Allahyar Sayyadmanesh,905474,KVC Westerlo,2893,7,3,6.89,7.15,4.43,48,15,37,33,35,5,0,2241,30,expectedGoals,BEL,2025-2026,datafc_sofascore,2026-08-09T08:07:33.988763
38,77040,Edan Diop,1390575,Cercle Brugge,2929,7,3,6.99,6.96,5.33,53,22,46,43,52,7,0,2607,33,expectedGoals,BEL,2025-2026,datafc_sofascore,2026-08-09T08:07:33.988763
38,77040,Raul Florucz,1022491,Royale Union Saint-Gilloise,4860,7,3,6.78,6.84,1.86,46,15,18,14,17,1,0,1214,24,expectedGoals,BEL,2025-2026,datafc_sofascore,2026-08-09T08:07:33.988763
38,77040,Romeo Vermant,1069336,Club Brugge KV,2888,8,2,6.64,6.53,1.09,48,19,15,5,19,3,0,1338,35,expectedGoals,BEL,2025-2026,datafc_sofascore,2026-08-09T08:07:33.988763
38,77040,Robin Mirisola,1405446,KRC Genk,2890,5,2,6.66,6.48,0.66,36,13,15,22,11,3,0,1317,30,expectedGoals,BEL,2025-2026,datafc_sofascore,2026-08-09T08:07:33.988763
38,77040,Carlos Forbs,1069486,Club Brugge KV,2888,8,8,7.17,6.18,8.55,57,21,61,52,40,4,0,2816,37,expectedGoals,BEL,2025-2026,datafc_sofascore,2026-08-09T08:07:33.988763
38,77040,Myron Van Brederode,1012925,KV Mechelen,5044,9,5,7.1,5.95,5.55,41,17,57,49,34,2,0,2840,34,expectedGoals,BEL,2025-2026,datafc_sofascore,2026-08-09T08:07:33.988763
38,77040,Rihito Yamamoto,1030211,Sint-Truidense VV,2895,5,6,7.08,5.87,6.27,51,16,62,21,75,6,0,3290,38,expectedGoals,BEL,2025-2026,datafc_sofascore,2026-08-09T08:07:33.988763
38,77040,Arbnor Muja,890695,Sint-Truidense VV,2895,6,2,6.91,5.76,4.41,43,16,28,21,24,3,1,1855,26,expectedGoals,BEL,2025-2026,datafc_sofascore,2026-08-09T08:07:33.988763
38,77040,Mathieu Maertens,360652,Oud-Heverlee Leuven,2918,1,3,6.6,5.76,1.05,52,17,19,10,23,5,0,1302,35,expectedGoals,BEL,2025-2026,datafc_sofascore,2026-08-09T08:07:33.988763
38,77040,Marley Aké,988839,SV Zulte Waregem,2933,8,0,6.9,5.67,2.12,48,17,16,22,26,1,0,1746,30,expectedGoals,BEL,2025-2026,datafc_sofascore,2026-08-09T08:07:33.988763
38,77040,Pieter Gerkens,190401,Cercle Brugge,2929,6,1,6.85,5.58,3.44,41,16,40,7,38,1,0,2840,35,expectedGoals,BEL,2025-2026,datafc_sofascore,2026-08-09T08:07:33.988763
38,77040,Patrick Pflücke,281283,RC Sporting Charleroi,2898,4,8,6.97,5.54,8.28,63,22,67,9,22,0,0,2670,41,expectedGoals,BEL,2025-2026,datafc_sofascore,2026-08-09T08:07:33.988763
38,77040,David Toshevski,1021398,FCV Dender,389232,4,0,6.57,5.5,1.06,40,12,10,13,11,5,1,1520,26,expectedGoals,BEL,2025-2026,datafc_sofascore,2026-08-09T08:07:33.988763
38,77040,Gary Magnee,990265,Cercle Brugge,2929,4,7,6.93,5.4,6.75,31,10,74,20,72,4,0,2889,34,expectedGoals,BEL,2025-2026,datafc_sofascore,2026-08-09T08:07:33.988763
38,77040,Sory Kaba,869131,Oud-Heverlee Leuven,2918,6,2,6.59,5.38,1.57,41,12,22,12,11,6,0,1595,30,expectedGoals,BEL,2025-2026,datafc_sofascore,2026-08-09T08:07:33.988763
38,77040,Thibo Somers,1002804,Royal Antwerp FC,2889,4,2,6.88,5.33,4.11,36,16,27,3,74,3,0,2434,32,expectedGoals,BEL,2025-2026,datafc_sofascore,2026-08-09T08:07:33.988763
38,77040,Dennis Eckert Ayensa,812797,Standard Liège,2901,5,0,6.63,5.29,1.66,32,10,17,10,18,2,0,1987,35,expectedGoals,BEL,2025-2026,datafc_sofascore,2026-08-09T08:07:33.988763
38,77040,Hyllarion Goore,2048955,KAA Gent,2903,5,4,6.71,5.22,2.29,55,15,20,25,9,2,0,1431,34,expectedGoals,BEL,2025-2026,datafc_sofascore,2026-08-09T08:07:33.988763
38,77040,Jakob Napoleon Romsaas,1198306,RC Sporting Charleroi,2898,2,3,6.72,5.11,2.68,40,15,34,20,27,2,0,1749,37,expectedGoals,BEL,2025-2026,datafc_sofascore,2026-08-09T08:07:33.988763
38,77040,Chukwubuikem Ikwuemesi,1143547,Oud-Heverlee Leuven,2918,4,0,6.54,5.11,0.95,46,19,16,20,7,4,0,1829,34,expectedGoals,BEL,2025-2026,datafc_sofascore,2026-08-09T08:07:33.988763
38,77040,Siebe Schrijvers,190413,Oud-Heverlee Leuven,2918,3,4,7.0,5.03,3.45,29,4,37,12,62,6,0,2121,30,expectedGoals,BEL,2025-2026,datafc_sofascore,2026-08-09T08:07:33.988763
38,77040,Anouar Ait El Hadj,964764,Royale Union Saint-Gilloise,4860,2,5,6.9,5.0,7.38,42,13,62,13,29,2,0,2660,38,expectedGoals,BEL,2025-2026,datafc_sofascore,2026-08-09T08:07:33.988763
38,77040,Omri Gandelman,1019125,KAA Gent,2903,7,1,6.81,5.0,0.62,28,11,11,4,10,1,0,1427,18,expectedGoals,BEL,2025-2026,datafc_sofascore,2026-08-09T08:07:33.988763
38,77040,Zakaria El Ouahdi,1134470,KRC Genk,2890,8,4,7.07,4.96,4.37,70,24,49,36,42,4,0,2996,34,expectedGoals,BEL,2025-2026,datafc_sofascore,2026-08-09T08:07:33.988763
38,77040,Hugo Vetlesen,877236,Club Brugge KV,2888,5,6,6.87,4.89,3.32,36,14,22,12,25,5,0,1315,25,expectedGoals,BEL,2025-2026,datafc_sofascore,2026-08-09T08:07:33.988763
38,77040,Gyrano Kerk,386950,Royal Antwerp FC,2889,3,4,6.77,4.85,3.05,50,17,26,35,34,4,0,2095,27,expectedGoals,BEL,2025-2026,datafc_sofascore,2026-08-09T08:07:33.988763
38,77040,Antoine Bernier,834261,RC Sporting Charleroi,2898,7,2,6.86,4.84,2.76,41,16,29,32,46,7,0,2379,38,expectedGoals,BEL,2025-2026,datafc_sofascore,2026-08-09T08:07:33.988763
38,77040,Benito Raman,94300,KV Mechelen,5044,3,3,6.65,4.82,1.09,28,10,13,11,11,0,0,1087,29,expectedGoals,BEL,2025-2026,datafc_sofascore,2026-08-09T08:07:33.988763
38,77040,Christopher Scott,997118,Royal Antwerp FC,2889,6,2,6.99,4.76,2.76,43,17,27,17,57,3,0,2206,31,expectedGoals,BEL,2025-2026,datafc_sofascore,2026-08-09T08:07:33.988763
38,77040,Bryan Heynen,801025,KRC Genk,2890,4,1,7.31,4.75,4.68,48,11,49,22,99,5,0,3603,40,expectedGoals,BEL,2025-2026,datafc_sofascore,2026-08-09T08:07:33.988763
38,77040,Aleksandar Stanković,1153957,Club Brugge KV,2888,6,2,7.09,4.66,4.09,74,25,33,8,39,4,0,3076,39,expectedGoals,BEL,2025-2026,datafc_sofascore,2026-08-09T08:07:33.988763
38,77040,Konstantinos Karetsas,1468744,KRC Genk,2890,0,10,6.91,4.62,7.63,68,27,68,59,30,3,0,2247,34,expectedGoals,BEL,2025-2026,datafc_sofascore,2026-08-09T08:07:33.988763
38,77040,Mateo Biondic,1387937,Royale Union Saint-Gilloise,4860,4,2,6.76,4.58,0.91,27,15,9,8,5,0,0,771,15,expectedGoals,BEL,2025-2026,datafc_sofascore,2026-08-09T08:07:33.988763
38,77040,Roman Kvet,858926,FCV Dender,389232,5,0,6.73,4.44,3.29,38,12,39,24,34,5,0,2676,34,expectedGoals,BEL,2025-2026,datafc_sofascore,2026-08-09T08:07:33.988763
38,77040,Emin Bayram,997153,KVC Westerlo,2893,4,2,7.06,4.39,2.88,41,13,20,15,44,4,2,3322,38,expectedGoals,BEL,2025-2026,datafc_sofascore,2026-08-09T08:07:33.988763
38,77040,Youssef Maziz,862821,Oud-Heverlee Leuven,2918,3,4,6.96,4.34,6.75,49,12,63,13,25,6,0,2096,36,expectedGoals,BEL,2025-2026,datafc_sofascore,2026-08-09T08:07:33.988763
38,77040,Timothé Nkada,981053,Standard Liège,2901,4,1,6.42,4.31,0.44,25,10,4,8,8,1,1,1240,30,expectedGoals,BEL,2025-2026,datafc_sofascore,2026-08-09T08:07:33.988763
38,77040,Andrés Ferrari,1177406,Sint-Truidense VV,2895,3,1,6.62,4.29,0.39,32,8,8,12,15,4,0,869,20,expectedGoals,BEL,2025-2026,datafc_sofascore,2026-08-09T08:07:33.988763
38,77040,Atsuki Ito,1034816,KAA Gent,2903,4,3,6.88,4.25,2.25,37,13,26,14,39,3,0,2184,30,expectedGoals,BEL,2025-2026,datafc_sofascore,2026-08-09T08:07:33.988763
38,77040,Abdoul Karim Traoré,2033824,Oud-Heverlee Leuven,2918,2,1,6.41,4.07,0.64,34,8,8,11,8,3,0,972,25,expectedGoals,BEL,2025-2026,datafc_sofascore,2026-08-09T08:07:33.988763
38,77040,Michał Skóraś,942479,KAA Gent,2903,2,7,7.06,3.87,6.79,43,10,65,37,49,6,1,2697,34,expectedGoals,BEL,2025-2026,datafc_sofascore,2026-08-09T08:07:33.988763
38,77040,Junya Ito,783278,KRC Genk,2890,6,5,7.09,3.79,5.63,36,16,51,24,37,4,0,1785,28,expectedGoals,BEL,2025-2026,datafc_sofascore,2026-08-09T08:07:33.988763
38,77040,Kyan Vaesen,997827,Oud-Heverlee Leuven,2918,2,1,6.52,3.79,0.44,22,9,11,4,9,4,0,863,32,expectedGoals,BEL,2025-2026,datafc_sofascore,2026-08-09T08:07:33.988763
38,77040,Ross Sykes,845558,Royale Union Saint-Gilloise,4860,5,0,7.28,3.78,2.34,56,25,21,6,40,9,0,2629,32,expectedGoals,BEL,2025-2026,datafc_sofascore,2026-08-09T08:07:33.988763
38,77040,Nilson Angulo,1116571,RSC Anderlecht,2900,6,5,7.26,3.77,4.47,33,16,46,44,62,2,1,1902,22,expectedGoals,BEL,2025-2026,datafc_sofascore,2026-08-09T08:07:33.988763
38,77040,Yira Collins Sor,985162,KRC Genk,2890,4,1,6.77,3.69,1.9,35,17,17,15,15,0,0,1147,28,expectedGoals,BEL,2025-2026,datafc_sofascore,2026-08-09T08:07:33.988763
38,77040,Josimar Alcócer,1131598,KVC Westerlo,2893,3,4,6.63,3.61,2.38,54,24,26,47,51,6,0,2722,35,expectedGoals,BEL,2025-2026,datafc_sofascore,2026-08-09T08:07:33.988763
38,77040,Anthony Valencia,1020197,Royal Antwerp FC,2889,4,2,6.95,3.57,2.73,29,12,29,36,27,3,0,1332,23,expectedGoals,BEL,2025-2026,datafc_sofascore,2026-08-09T08:07:33.988763
38,77040,Brandon Mechele,248331,Club Brugge KV,2888,5,2,7.29,3.46,1.49,33,14,22,5,77,4,0,3435,39,expectedGoals,BEL,2025-2026,datafc_sofascore,2026-08-09T08:07:33.988763
38,77040,Marco Ilaimaharitra,358198,Standard Liège,2901,3,0,6.85,3.44,1.16,14,6,21,8,48,10,1,2445,31,expectedGoals,BEL,2025-2026,datafc_sofascore,2026-08-09T08:07:33.988763
38,77040,Kaito Matsuzawa,1514300,Sint-Truidense VV,2895,2,2,6.76,3.41,2.03,23,8,14,28,11,1,0,705,32,expectedGoals,BEL,2025-2026,datafc_sofascore,2026-08-09T08:07:33.988763
38,77040,Ryan Merlen,1402293,Sint-Truidense VV,2895,3,2,6.82,3.41,2.27,24,5,19,9,8,4,1,965,33,expectedGoals,BEL,2025-2026,datafc_sofascore,2026-08-09T08:07:33.988763
38,77040,Casper Nielsen,247471,Standard Liège,2901,5,2,6.95,3.38,3.36,32,11,19,8,42,5,0,1878,26,expectedGoals,BEL,2025-2026,datafc_sofascore,2026-08-09T08:07:33.988763
38,77040,Kerim Mrabti,338869,KV Mechelen,5044,5,3,6.81,3.37,1.81,29,10,20,8,31,5,0,2300,33,expectedGoals,BEL,2025-2026,datafc_sofascore,2026-08-09T08:07:33.988763
38,77040,Anan Khalaili,1403362,Royale Union Saint-Gilloise,4860,3,5,7.22,3.34,7.52,38,13,62,49,69,7,0,3099,38,expectedGoals,BEL,2025-2026,datafc_sofascore,2026-08-09T08:07:33.988763
38,77040,Bouke Boersma,2041882,KV Mechelen,5044,3,3,6.58,3.32,1.13,23,11,8,5,3,1,0,1325,17,expectedGoals,BEL,2025-2026,datafc_sofascore,2026-08-09T08:07:33.988763
38,77040,Antoine Colassin,909965,RC Sporting Charleroi,2898,2,1,6.53,3.3,0.67,23,7,9,6,8,2,0,634,29,expectedGoals,BEL,2025-2026,datafc_sofascore,2026-08-09T08:07:33.988763
38,77040,Jordi Liongola,1009413,RAAL La Louvière,368506,2,6,6.93,3.28,4.29,29,6,40,27,57,10,0,2618,31,expectedGoals,BEL,2025-2026,datafc_sofascore,2026-08-09T08:07:33.988763
38,77040,Nathan-Dylan Saliba,1093229,RSC Anderlecht,2900,3,1,6.86,3.27,2.58,59,15,26,19,75,12,1,2319,34,expectedGoals,BEL,2025-2026,datafc_sofascore,2026-08-09T08:07:33.988763
38,77040,Aiham Ousou,965265,RC Sporting Charleroi,2898,2,1,6.95,3.22,1.58,34,10,11,5,53,12,1,3395,39,expectedGoals,BEL,2025-2026,datafc_sofascore,2026-08-09T08:07:33.988763
38,77040,Thomas Henry,795541,Standard Liège,2901,3,2,6.47,3.2,0.58,16,6,10,4,6,5,1,1360,21,expectedGoals,BEL,2025-2026,datafc_sofascore,2026-08-09T08:07:33.988763
38,77040,Marc Giger,1406947,Royale Union Saint-Gilloise,4860,3,1,6.67,3.19,1.06,15,8,7,8,12,3,0,500,16,expectedGoals,BEL,2025-2026,datafc_sofascore,2026-08-09T08:07:33.988763
38,77040,Rob Schoofs,133164,Royale Union Saint-Gilloise,4860,4,5,6.89,3.11,5.5,42,11,52,7,27,4,0,2013,36,expectedGoals,BEL,2025-2026,datafc_sofascore,2026-08-09T08:07:33.988763
38,77040,Kevin Van Den Kerkhof,1130602,RC Sporting Charleroi,2898,3,4,6.78,3.1,2.9,35,11,35,27,56,5,1,2117,30,expectedGoals,BEL,2025-2026,datafc_sofascore,2026-08-09T08:07:33.988763
38,77040,Kevin Mac Allister,895327,Royale Union Saint-Gilloise,4860,1,1,7.14,3.07,2.44,22,5,13,9,112,11,1,2930,34,expectedGoals,BEL,2025-2026,datafc_sofascore,2026-08-09T08:07:33.988763
38,77040,Ibrahim Karamoko,966263,Standard Liège,2901,1,0,6.76,3.04,0.38,22,7,6,6,35,7,1,2185,31,expectedGoals,BEL,2025-2026,datafc_sofascore,2026-08-09T08:07:33.988763
38,77040,Oumar Diouf,1493499,Sint-Truidense VV,2895,3,0,6.66,3.03,0.06,12,6,4,0,2,1,0,217,16,expectedGoals,BEL,2025-2026,datafc_sofascore,2026-08-09T08:07:33.988763
38,77040,Christos Tzolis,1031259,Club Brugge KV,2888,17,23,7.71,17.4,15.94,123,44,135,40,29,6,0,3072,36,expectedGoals,BEL,2025-2026,datafc_sofascore,2026-08-09T08:07:33.988763
38,77040,Nicolò Tresoldi,1177167,Club Brugge KV,2888,19,5,6.99,16.6,3.73,101,39,38,19,29,1,0,2507,40,expectedGoals,BEL,2025-2026,datafc_sofascore,2026-08-09T08:07:33.988763
38,77040,Nacho Ferri,1196903,KVC Westerlo,2893,11,2,7.04,16.2,2.4,101,42,30,22,27,7,0,2910,36,expectedGoals,BEL,2025-2026,datafc_sofascore,2026-08-09T08:07:33.988763
38,77040,Wilfried Kanga,838640,KAA Gent,2903,12,4,6.71,15.13,1.71,90,37,27,8,8,4,0,2836,36,expectedGoals,BEL,2025-2026,datafc_sofascore,2026-08-09T08:07:33.988763
38,77040,Keisuke Goto,1391315,Sint-Truidense VV,2895,11,7,6.77,13.43,4.3,62,25,30,7,41,5,0,2885,38,expectedGoals,BEL,2025-2026,datafc_sofascore,2026-08-09T08:07:33.988763
38,77040,Vincent Janssen,339901,Royal Antwerp FC,2889,10,7,6.87,12.99,3.46,91,30,33,21,29,8,0,3088,35,expectedGoals,BEL,2025-2026,datafc_sofascore,2026-08-09T08:07:33.988763
38,77040,Aurélien Scheidler,915567,RC Sporting Charleroi,2898,9,4,6.81,12.47,2.75,71,28,38,10,8,3,0,3266,40,expectedGoals,BEL,2025-2026,datafc_sofascore,2026-08-09T08:07:33.988763
38,77040,Promise David,1119328,Royale Union Saint-Gilloise,4860,9,1,6.68,12.3,1.04,70,26,13,6,4,1,0,1493,24,expectedGoals,BEL,2025-2026,datafc_sofascore,2026-08-09T08:07:33.988763
38,77040,Thorgan Hazard,94286,RSC Anderlecht,2900,13,7,7.04,11.91,8.06,74,31,78,38,38,6,1,2722,36,expectedGoals,BEL,2025-2026,datafc_sofascore,2026-08-09T08:07:33.988763
38,77040,Pape Moussa Fall,1890424,RAAL La Louvière,368506,11,1,7.14,11.35,1.56,62,23,14,5,11,3,0,1771,27,expectedGoals,BEL,2025-2026,datafc_sofascore,2026-08-09T08:07:33.988763
38,77040,Rafiki Saïd,1047321,Standard Liège,2901,8,4,7.07,10.2,4.41,90,32,28,69,30,4,0,2756,37,expectedGoals,BEL,2025-2026,datafc_sofascore,2026-08-09T08:07:33.988763
38,77040,Jeppe Erenbjerg,1035095,SV Zulte Waregem,2933,13,3,7.12,10.16,5.5,88,32,41,24,24,2,0,2787,35,expectedGoals,BEL,2025-2026,datafc_sofascore,2026-08-09T08:07:33.988763
38,77040,Joseph Opoku,1922407,SV Zulte Waregem,2933,10,6,6.91,10.15,3.62,69,25,46,37,16,2,0,2458,33,expectedGoals,BEL,2025-2026,datafc_sofascore,2026-08-09T08:07:33.988763
38,77040,Bruny Nsimba,1047536,FCV Dender,389232,9,4,6.8,10.1,3.3,60,22,24,20,17,3,0,1905,30,expectedGoals,BEL,2025-2026,datafc_sofascore,2026-08-09T08:07:33.988763
38,77040,Steve Ngoura,1394411,Cercle Brugge,2929,7,4,6.67,9.75,2.31,71,23,22,27,9,2,0,2097,34,expectedGoals,BEL,2025-2026,datafc_sofascore,2026-08-09T08:07:33.988763
38,77040,Lion Lauberbach,886171,KV Mechelen,5044,6,1,6.7,9.02,0.94,48,25,15,21,12,4,0,1872,22,expectedGoals,BEL,2025-2026,datafc_sofascore,2026-08-09T08:07:33.988763
38,77040,Max Dean,1065233,KAA Gent,2903,7,1,6.69,8.96,1.47,50,21,16,5,8,2,1,1187,23,expectedGoals,BEL,2025-2026,datafc_sofascore,2026-08-09T08:07:33.988763
38,77040,Kevin Rodriguez,1431770,Royale Union Saint-Gilloise,4860,10,2,6.69,8.63,2.84,76,30,19,19,19,2,0,1825,31,expectedGoals,BEL,2025-2026,datafc_sofascore,2026-08-09T08:07:33.988763
38,77040,Ryotaro Ito,831697,Sint-Truidense VV,2895,10,5,7.28,8.51,8.81,73,27,102,19,20,1,0,2838,35,expectedGoals,BEL,2025-2026,datafc_sofascore,2026-08-09T08:07:33.988763
38,77040,Hans Vanaken,118085,Club Brugge KV,2888,7,3,7.45,8.38,8.0,58,21,67,15,38,2,0,3366,39,expectedGoals,BEL,2025-2026,datafc_sofascore,2026-08-09T08:07:33.988763
38,77040,Ilias Sebaoui,1154586,Sint-Truidense VV,2895,5,5,6.81,8.33,5.21,93,27,36,43,46,3,0,3272,40,expectedGoals,BEL,2025-2026,datafc_sofascore,2026-08-09T08:07:33.988763
38,77040,Aaron Bibout,1502620,KRC Genk,2890,6,0,6.68,8.1,0.79,49,17,8,9,6,0,0,1165,21,expectedGoals,BEL,2025-2026,datafc_sofascore,2026-08-09T08:07:33.988763
38,77040,Isa Sakamoto,1126245,KVC Westerlo,2893,6,4,6.67,7.98,2.85,66,21,32,62,43,1,0,3021,38,expectedGoals,BEL,2025-2026,datafc_sofascore,2026-08-09T08:07:33.988763
38,77040,Daan Heymans,845344,KRC Genk,2890,10,4,6.98,7.98,2.96,61,25,33,11,50,3,0,2362,31,expectedGoals,BEL,2025-2026,datafc_sofascore,2026-08-09T08:07:33.988763
38,77040,Oluwaseun Adewumi,1201883,Cercle Brugge,2929,5,0,6.61,7.78,1.06,57,24,12,27,14,2,0,1598,32,expectedGoals,BEL,2025-2026,datafc_sofascore,2026-08-09T08:07:33.988763
38,77040,Parfait Guiagon,1030459,RC Sporting Charleroi,2898,9,5,7.08,7.78,5.5,80,22,52,73,30,6,0,2555,33,expectedGoals,BEL,2025-2026,datafc_sofascore,2026-08-09T08:07:33.988763
38,77040,Adriano Bertaccini,867250,RSC Anderlecht,2900,7,2,6.7,7.73,1.74,65,28,15,17,14,5,1,1603,33,expectedGoals,BEL,2025-2026,datafc_sofascore,2026-08-09T08:07:33.988763
38,77040,Jerry Afriyie,1836721,RAAL La Louvière,368506,5,1,6.52,7.65,2.32,51,21,17,36,23,7,0,2497,31,expectedGoals,BEL,2025-2026,datafc_sofascore,2026-08-09T08:07:33.988763
38,77040,Hyeon-gyu Oh,1010634,KRC Genk,2890,6,3,6.77,7.63,1.49,49,24,17,6,10,2,0,1116,20,expectedGoals,BEL,2025-2026,datafc_sofascore,2026-08-09T08:07:33.988763
38,77040,Mihajlo Cvetković,1427166,RSC Anderlecht,2900,9,2,6.6,7.58,1.0,41,21,17,8,15,4,1,1631,29,expectedGoals,BEL,2025-2026,datafc_sofascore,2026-08-09T08:07:33.988763
38,77040,Anosike Ementa,1094132,SV Zulte Waregem,2933,4,8,6.9,7.37,3.77,41,18,61,40,20,5,0,2616,32,expectedGoals,BEL,2025-2026,datafc_sofascore,2026-08-09T08:07:33.988763
38,77040,Oumar Diakité,1188191,Cercle Brugge,2929,7,0,6.63,7.36,1.43,39,18,22,23,14,4,1,1429,25,expectedGoals,BEL,2025-2026,datafc_sofascore,2026-08-09T08:07:33.988763
38,77040,Allahyar Sayyadmanesh,905474,KVC Westerlo,2893,7,3,6.89,7.15,4.43,48,15,37,33,35,5,0,2241,30,expectedGoals,BEL,2025-2026,datafc_sofascore,2026-08-09T08:07:33.988763
38,77040,Edan Diop,1390575,Cercle Brugge,2929,7,3,6.99,6.96,5.33,53,22,46,43,52,7,0,2607,33,expectedGoals,BEL,2025-2026,datafc_sofascore,2026-08-09T08:07:33.988763
38,77040,Raul Florucz,1022491,Royale Union Saint-Gilloise,4860,7,3,6.78,6.84,1.86,46,15,18,14,17,1,0,1214,24,expectedGoals,BEL,2025-2026,datafc_sofascore,2026-08-09T08:07:33.988763
38,77040,Romeo Vermant,1069336,Club Brugge KV,2888,8,2,6.64,6.53,1.09,48,19,15,5,19,3,0,1338,35,expectedGoals,BEL,2025-2026,datafc_sofascore,2026-08-09T08:07:33.988763
38,77040,Robin Mirisola,1405446,KRC Genk,2890,5,2,6.66,6.48,0.66,36,13,15,22,11,3,0,1317,30,expectedGoals,BEL,2025-2026,datafc_sofascore,2026-08-09T08:07:33.988763
38,77040,Carlos Forbs,1069486,Club Brugge KV,2888,8,8,7.17,6.18,8.55,57,21,61,52,40,4,0,2816,37,expectedGoals,BEL,2025-2026,datafc_sofascore,2026-08-09T08:07:33.988763
38,77040,Myron Van Brederode,1012925,KV Mechelen,5044,9,5,7.1,5.95,5.55,41,17,57,49,34,2,0,2840,34,expectedGoals,BEL,2025-2026,datafc_sofascore,2026-08-09T08:07:33.988763
38,77040,Rihito Yamamoto,1030211,Sint-Truidense VV,2895,5,6,7.08,5.87,6.27,51,16,62,21,75,6,0,3290,38,expectedGoals,BEL,2025-2026,datafc_sofascore,2026-08-09T08:07:33.988763
38,77040,Arbnor Muja,890695,Sint-Truidense VV,2895,6,2,6.91,5.76,4.41,43,16,28,21,24,3,1,1855,26,expectedGoals,BEL,2025-2026,datafc_sofascore,2026-08-09T08:07:33.988763
38,77040,Mathieu Maertens,360652,Oud-Heverlee Leuven,2918,1,3,6.6,5.76,1.05,52,17,19,10,23,5,0,1302,35,expectedGoals,BEL,2025-2026,datafc_sofascore,2026-08-09T08:07:33.988763
38,77040,Marley Aké,988839,SV Zulte Waregem,2933,8,0,6.9,5.67,2.12,48,17,16,22,26,1,0,1746,30,expectedGoals,BEL,2025-2026,datafc_sofascore,2026-08-09T08:07:33.988763
38,77040,Pieter Gerkens,190401,Cercle Brugge,2929,6,1,6.85,5.58,3.44,41,16,40,7,38,1,0,2840,35,expectedGoals,BEL,2025-2026,datafc_sofascore,2026-08-09T08:07:33.988763
38,77040,Patrick Pflücke,281283,RC Sporting Charleroi,2898,4,8,6.97,5.54,8.28,63,22,67,9,22,0,0,2670,41,expectedGoals,BEL,2025-2026,datafc_sofascore,2026-08-09T08:07:33.988763
38,77040,David Toshevski,1021398,FCV Dender,389232,4,0,6.57,5.5,1.06,40,12,10,13,11,5,1,1520,26,expectedGoals,BEL,2025-2026,datafc_sofascore,2026-08-09T08:07:33.988763
38,77040,Gary Magnee,990265,Cercle Brugge,2929,4,7,6.93,5.4,6.75,31,10,74,20,72,4,0,2889,34,expectedGoals,BEL,2025-2026,datafc_sofascore,2026-08-09T08:07:33.988763
38,77040,Sory Kaba,869131,Oud-Heverlee Leuven,2918,6,2,6.59,5.38,1.57,41,12,22,12,11,6,0,1595,30,expectedGoals,BEL,2025-2026,datafc_sofascore,2026-08-09T08:07:33.988763
38,77040,Thibo Somers,1002804,Royal Antwerp FC,2889,4,2,6.88,5.33,4.11,36,16,27,3,74,3,0,2434,32,expectedGoals,BEL,2025-2026,datafc_sofascore,2026-08-09T08:07:33.988763
38,77040,Dennis Eckert Ayensa,812797,Standard Liège,2901,5,0,6.63,5.29,1.66,32,10,17,10,18,2,0,1987,35,expectedGoals,BEL,2025-2026,datafc_sofascore,2026-08-09T08:07:33.988763
38,77040,Hyllarion Goore,2048955,KAA Gent,2903,5,4,6.71,5.22,2.29,55,15,20,25,9,2,0,1431,34,expectedGoals,BEL,2025-2026,datafc_sofascore,2026-08-09T08:07:33.988763
38,77040,Jakob Napoleon Romsaas,1198306,RC Sporting Charleroi,2898,2,3,6.72,5.11,2.68,40,15,34,20,27,2,0,1749,37,expectedGoals,BEL,2025-2026,datafc_sofascore,2026-08-09T08:07:33.988763
38,77040,Chukwubuikem Ikwuemesi,1143547,Oud-Heverlee Leuven,2918,4,0,6.54,5.11,0.95,46,19,16,20,7,4,0,1829,34,expectedGoals,BEL,2025-2026,datafc_sofascore,2026-08-09T08:07:33.988763
38,77040,Siebe Schrijvers,190413,Oud-Heverlee Leuven,2918,3,4,7.0,5.03,3.45,29,4,37,12,62,6,0,2121,30,expectedGoals,BEL,2025-2026,datafc_sofascore,2026-08-09T08:07:33.988763
38,77040,Anouar Ait El Hadj,964764,Royale Union Saint-Gilloise,4860,2,5,6.9,5.0,7.38,42,13,62,13,29,2,0,2660,38,expectedGoals,BEL,2025-2026,datafc_sofascore,2026-08-09T08:07:33.988763
38,77040,Omri Gandelman,1019125,KAA Gent,2903,7,1,6.81,5.0,0.62,28,11,11,4,10,1,0,1427,18,expectedGoals,BEL,2025-2026,datafc_sofascore,2026-08-09T08:07:33.988763
38,77040,Zakaria El Ouahdi,1134470,KRC Genk,2890,8,4,7.07,4.96,4.37,70,24,49,36,42,4,0,2996,34,expectedGoals,BEL,2025-2026,datafc_sofascore,2026-08-09T08:07:33.988763
38,77040,Hugo Vetlesen,877236,Club Brugge KV,2888,5,6,6.87,4.89,3.32,36,14,22,12,25,5,0,1315,25,expectedGoals,BEL,2025-2026,datafc_sofascore,2026-08-09T08:07:33.988763
38,77040,Gyrano Kerk,386950,Royal Antwerp FC,2889,3,4,6.77,4.85,3.05,50,17,26,35,34,4,0,2095,27,expectedGoals,BEL,2025-2026,datafc_sofascore,2026-08-09T08:07:33.988763
38,77040,Antoine Bernier,834261,RC Sporting Charleroi,2898,7,2,6.86,4.84,2.76,41,16,29,32,46,7,0,2379,38,expectedGoals,BEL,2025-2026,datafc_sofascore,2026-08-09T08:07:33.988763
38,77040,Benito Raman,94300,KV Mechelen,5044,3,3,6.65,4.82,1.09,28,10,13,11,11,0,0,1087,29,expectedGoals,BEL,2025-2026,datafc_sofascore,2026-08-09T08:07:33.988763
38,77040,Christopher Scott,997118,Royal Antwerp FC,2889,6,2,6.99,4.76,2.76,43,17,27,17,57,3,0,2206,31,expectedGoals,BEL,2025-2026,datafc_sofascore,2026-08-09T08:07:33.988763
38,77040,Bryan Heynen,801025,KRC Genk,2890,4,1,7.31,4.75,4.68,48,11,49,22,99,5,0,3603,40,expectedGoals,BEL,2025-2026,datafc_sofascore,2026-08-09T08:07:33.988763
38,77040,Aleksandar Stanković,1153957,Club Brugge KV,2888,6,2,7.09,4.66,4.09,74,25,33,8,39,4,0,3076,39,expectedGoals,BEL,2025-2026,datafc_sofascore,2026-08-09T08:07:33.988763
38,77040,Konstantinos Karetsas,1468744,KRC Genk,2890,0,10,6.91,4.62,7.63,68,27,68,59,30,3,0,2247,34,expectedGoals,BEL,2025-2026,datafc_sofascore,2026-08-09T08:07:33.988763
38,77040,Mateo Biondic,1387937,Royale Union Saint-Gilloise,4860,4,2,6.76,4.58,0.91,27,15,9,8,5,0,0,771,15,expectedGoals,BEL,2025-2026,datafc_sofascore,2026-08-09T08:07:33.988763
38,77040,Roman Kvet,858926,FCV Dender,389232,5,0,6.73,4.44,3.29,38,12,39,24,34,5,0,2676,34,expectedGoals,BEL,2025-2026,datafc_sofascore,2026-08-09T08:07:33.988763
38,77040,Emin Bayram,997153,KVC Westerlo,2893,4,2,7.06,4.39,2.88,41,13,20,15,44,4,2,3322,38,expectedGoals,BEL,2025-2026,datafc_sofascore,2026-08-09T08:07:33.988763
38,77040,Youssef Maziz,862821,Oud-Heverlee Leuven,2918,3,4,6.96,4.34,6.75,49,12,63,13,25,6,0,2096,36,expectedGoals,BEL,2025-2026,datafc_sofascore,2026-08-09T08:07:33.988763
38,77040,Timothé Nkada,981053,Standard Liège,2901,4,1,6.42,4.31,0.44,25,10,4,8,8,1,1,1240,30,expectedGoals,BEL,2025-2026,datafc_sofascore,2026-08-09T08:07:33.988763
38,77040,Andrés Ferrari,1177406,Sint-Truidense VV,2895,3,1,6.62,4.29,0.39,32,8,8,12,15,4,0,869,20,expectedGoals,BEL,2025-2026,datafc_sofascore,2026-08-09T08:07:33.988763
38,77040,Atsuki Ito,1034816,KAA Gent,2903,4,3,6.88,4.25,2.25,37,13,26,14,39,3,0,2184,30,expectedGoals,BEL,2025-2026,datafc_sofascore,2026-08-09T08:07:33.988763
38,77040,Abdoul Karim Traoré,2033824,Oud-Heverlee Leuven,2918,2,1,6.41,4.07,0.64,34,8,8,11,8,3,0,972,25,expectedGoals,BEL,2025-2026,datafc_sofascore,2026-08-09T08:07:33.988763
38,77040,Michał Skóraś,942479,KAA Gent,2903,2,7,7.06,3.87,6.79,43,10,65,37,49,6,1,2697,34,expectedGoals,BEL,2025-2026,datafc_sofascore,2026-08-09T08:07:33.988763
38,77040,Junya Ito,783278,KRC Genk,2890,6,5,7.09,3.79,5.63,36,16,51,24,37,4,0,1785,28,expectedGoals,BEL,2025-2026,datafc_sofascore,2026-08-09T08:07:33.988763
38,77040,Kyan Vaesen,997827,Oud-Heverlee Leuven,2918,2,1,6.52,3.79,0.44,22,9,11,4,9,4,0,863,32,expectedGoals,BEL,2025-2026,datafc_sofascore,2026-08-09T08:07:33.988763
38,77040,Ross Sykes,845558,Royale Union Saint-Gilloise,4860,5,0,7.28,3.78,2.34,56,25,21,6,40,9,0,2629,32,expectedGoals,BEL,2025-2026,datafc_sofascore,2026-08-09T08:07:33.988763
38,77040,Nilson Angulo,1116571,RSC Anderlecht,2900,6,5,7.26,3.77,4.47,33,16,46,44,62,2,1,1902,22,expectedGoals,BEL,2025-2026,datafc_sofascore,2026-08-09T08:07:33.988763
38,77040,Yira Collins Sor,985162,KRC Genk,2890,4,1,6.77,3.69,1.9,35,17,17,15,15,0,0,1147,28,expectedGoals,BEL,2025-2026,datafc_sofascore,2026-08-09T08:07:33.988763
38,77040,Josimar Alcócer,1131598,KVC Westerlo,2893,3,4,6.63,3.61,2.38,54,24,26,47,51,6,0,2722,35,expectedGoals,BEL,2025-2026,datafc_sofascore,2026-08-09T08:07:33.988763
38,77040,Anthony Valencia,1020197,Royal Antwerp FC,2889,4,2,6.95,3.57,2.73,29,12,29,36,27,3,0,1332,23,expectedGoals,BEL,2025-2026,datafc_sofascore,2026-08-09T08:07:33.988763
38,77040,Brandon Mechele,248331,Club Brugge KV,2888,5,2,7.29,3.46,1.49,33,14,22,5,77,4,0,3435,39,expectedGoals,BEL,2025-2026,datafc_sofascore,2026-08-09T08:07:33.988763
38,77040,Marco Ilaimaharitra,358198,Standard Liège,2901,3,0,6.85,3.44,1.16,14,6,21,8,48,10,1,2445,31,expectedGoals,BEL,2025-2026,datafc_sofascore,2026-08-09T08:07:33.988763
38,77040,Kaito Matsuzawa,1514300,Sint-Truidense VV,2895,2,2,6.76,3.41,2.03,23,8,14,28,11,1,0,705,32,expectedGoals,BEL,2025-2026,datafc_sofascore,2026-08-09T08:07:33.988763
38,77040,Ryan Merlen,1402293,Sint-Truidense VV,2895,3,2,6.82,3.41,2.27,24,5,19,9,8,4,1,965,33,expectedGoals,BEL,2025-2026,datafc_sofascore,2026-08-09T08:07:33.988763
38,77040,Casper Nielsen,247471,Standard Liège,2901,5,2,6.95,3.38,3.36,32,11,19,8,42,5,0,1878,26,expectedGoals,BEL,2025-2026,datafc_sofascore,2026-08-09T08:07:33.988763
38,77040,Kerim Mrabti,338869,KV Mechelen,5044,5,3,6.81,3.37,1.81,29,10,20,8,31,5,0,2300,33,expectedGoals,BEL,2025-2026,datafc_sofascore,2026-08-09T08:07:33.988763
38,77040,Anan Khalaili,1403362,Royale Union Saint-Gilloise,4860,3,5,7.22,3.34,7.52,38,13,62,49,69,7,0,3099,38,expectedGoals,BEL,2025-2026,datafc_sofascore,2026-08-09T08:07:33.988763
38,77040,Bouke Boersma,2041882,KV Mechelen,5044,3,3,6.58,3.32,1.13,23,11,8,5,3,1,0,1325,17,expectedGoals,BEL,2025-2026,datafc_sofascore,2026-08-09T08:07:33.988763
38,77040,Antoine Colassin,909965,RC Sporting Charleroi,2898,2,1,6.53,3.3,0.67,23,7,9,6,8,2,0,634,29,expectedGoals,BEL,2025-2026,datafc_sofascore,2026-08-09T08:07:33.988763
38,77040,Jordi Liongola,1009413,RAAL La Louvière,368506,2,6,6.93,3.28,4.29,29,6,40,27,57,10,0,2618,31,expectedGoals,BEL,2025-2026,datafc_sofascore,2026-08-09T08:07:33.988763
38,77040,Nathan-Dylan Saliba,1093229,RSC Anderlecht,2900,3,1,6.86,3.27,2.58,59,15,26,19,75,12,1,2319,34,expectedGoals,BEL,2025-2026,datafc_sofascore,2026-08-09T08:07:33.988763
38,77040,Aiham Ousou,965265,RC Sporting Charleroi,2898,2,1,6.95,3.22,1.58,34,10,11,5,53,12,1,3395,39,expectedGoals,BEL,2025-2026,datafc_sofascore,2026-08-09T08:07:33.988763
38,77040,Thomas Henry,795541,Standard Liège,2901,3,2,6.47,3.2,0.58,16,6,10,4,6,5,1,1360,21,expectedGoals,BEL,2025-2026,datafc_sofascore,2026-08-09T08:07:33.988763
38,77040,Marc Giger,1406947,Royale Union Saint-Gilloise,4860,3,1,6.67,3.19,1.06,15,8,7,8,12,3,0,500,16,expectedGoals,BEL,2025-2026,datafc_sofascore,2026-08-09T08:07:33.988763
38,77040,Rob Schoofs,133164,Royale Union Saint-Gilloise,4860,4,5,6.89,3.11,5.5,42,11,52,7,27,4,0,2013,36,expectedGoals,BEL,2025-2026,datafc_sofascore,2026-08-09T08:07:33.988763
38,77040,Kevin Van Den Kerkhof,1130602,RC Sporting Charleroi,2898,3,4,6.78,3.1,2.9,35,11,35,27,56,5,1,2117,30,expectedGoals,BEL,2025-2026,datafc_sofascore,2026-08-09T08:07:33.988763
38,77040,Kevin Mac Allister,895327,Royale Union Saint-Gilloise,4860,1,1,7.14,3.07,2.44,22,5,13,9,112,11,1,2930,34,expectedGoals,BEL,2025-2026,datafc_sofascore,2026-08-09T08:07:33.988763
38,77040,Ibrahim Karamoko,966263,Standard Liège,2901,1,0,6.76,3.04,0.38,22,7,6,6,35,7,1,2185,31,expectedGoals,BEL,2025-2026,datafc_sofascore,2026-08-09T08:07:33.988763
38,77040,Oumar Diouf,1493499,Sint-Truidense VV,2895,3,0,6.66,3.03,0.06,12,6,4,0,2,1,0,217,16,expectedGoals,BEL,2025-2026,datafc_sofascore,2026-08-09T08:07:33.988763
38,77040,Christos Tzolis,1031259,Club Brugge KV,2888,17,23,7.71,17.4,15.94,123,44,135,40,29,6,0,3072,36,expectedAssists,BEL,2025-2026,datafc_sofascore,2026-08-09T08:07:33.988763
38,77040,Ryotaro Ito,831697,Sint-Truidense VV,2895,10,5,7.28,8.51,8.81,73,27,102,19,20,1,0,2838,35,expectedAssists,BEL,2025-2026,datafc_sofascore,2026-08-09T08:07:33.988763
38,77040,Carlos Forbs,1069486,Club Brugge KV,2888,8,8,7.17,6.18,8.55,57,21,61,52,40,4,0,2816,37,expectedAssists,BEL,2025-2026,datafc_sofascore,2026-08-09T08:07:33.988763
38,77040,Patrick Pflücke,281283,RC Sporting Charleroi,2898,4,8,6.97,5.54,8.28,63,22,67,9,22,0,0,2670,41,expectedAssists,BEL,2025-2026,datafc_sofascore,2026-08-09T08:07:33.988763
38,77040,Thorgan Hazard,94286,RSC Anderlecht,2900,13,7,7.04,11.91,8.06,74,31,78,38,38,6,1,2722,36,expectedAssists,BEL,2025-2026,datafc_sofascore,2026-08-09T08:07:33.988763
38,77040,Hans Vanaken,118085,Club Brugge KV,2888,7,3,7.45,8.38,8.0,58,21,67,15,38,2,0,3366,39,expectedAssists,BEL,2025-2026,datafc_sofascore,2026-08-09T08:07:33.988763
38,77040,Doğucan Haspolat,846087,KVC Westerlo,2893,1,4,7.18,2.52,7.83,46,10,86,19,82,7,0,3395,38,expectedAssists,BEL,2025-2026,datafc_sofascore,2026-08-09T08:07:33.988763
38,77040,Nazinho,1006113,Cercle Brugge,2929,3,7,7.07,0.91,7.69,27,8,59,24,73,13,0,2554,30,expectedAssists,BEL,2025-2026,datafc_sofascore,2026-08-09T08:07:33.988763
38,77040,Konstantinos Karetsas,1468744,KRC Genk,2890,0,10,6.91,4.62,7.63,68,27,68,59,30,3,0,2247,34,expectedAssists,BEL,2025-2026,datafc_sofascore,2026-08-09T08:07:33.988763
38,77040,Anan Khalaili,1403362,Royale Union Saint-Gilloise,4860,3,5,7.22,3.34,7.52,38,13,62,49,69,7,0,3099,38,expectedAssists,BEL,2025-2026,datafc_sofascore,2026-08-09T08:07:33.988763
38,77040,Anouar Ait El Hadj,964764,Royale Union Saint-Gilloise,4860,2,5,6.9,5.0,7.38,42,13,62,13,29,2,0,2660,38,expectedAssists,BEL,2025-2026,datafc_sofascore,2026-08-09T08:07:33.988763
38,77040,Michał Skóraś,942479,KAA Gent,2903,2,7,7.06,3.87,6.79,43,10,65,37,49,6,1,2697,34,expectedAssists,BEL,2025-2026,datafc_sofascore,2026-08-09T08:07:33.988763
38,77040,Youssef Maziz,862821,Oud-Heverlee Leuven,2918,3,4,6.96,4.34,6.75,49,12,63,13,25,6,0,2096,36,expectedAssists,BEL,2025-2026,datafc_sofascore,2026-08-09T08:07:33.988763
38,77040,Gary Magnee,990265,Cercle Brugge,2929,4,7,6.93,5.4,6.75,31,10,74,20,72,4,0,2889,34,expectedAssists,BEL,2025-2026,datafc_sofascore,2026-08-09T08:07:33.988763
38,77040,Tiago Araújo,997024,KAA Gent,2903,1,4,6.94,0.83,6.33,21,4,57,20,39,9,0,2820,35,expectedAssists,BEL,2025-2026,datafc_sofascore,2026-08-09T08:07:33.988763
38,77040,Jarne Steuckers,1099462,KRC Genk,2890,0,6,6.96,2.06,6.27,30,8,54,15,9,1,0,1504,30,expectedAssists,BEL,2025-2026,datafc_sofascore,2026-08-09T08:07:33.988763
38,77040,Rihito Yamamoto,1030211,Sint-Truidense VV,2895,5,6,7.08,5.87,6.27,51,16,62,21,75,6,0,3290,38,expectedAssists,BEL,2025-2026,datafc_sofascore,2026-08-09T08:07:33.988763
38,77040,Adem Zorgane,1000472,Royale Union Saint-Gilloise,4860,4,5,7.04,2.44,6.23,28,12,40,19,64,7,0,2968,37,expectedAssists,BEL,2025-2026,datafc_sofascore,2026-08-09T08:07:33.988763
38,77040,Junya Ito,783278,KRC Genk,2890,6,5,7.09,3.79,5.63,36,16,51,24,37,4,0,1785,28,expectedAssists,BEL,2025-2026,datafc_sofascore,2026-08-09T08:07:33.988763
38,77040,Myron Van Brederode,1012925,KV Mechelen,5044,9,5,7.1,5.95,5.55,41,17,57,49,34,2,0,2840,34,expectedAssists,BEL,2025-2026,datafc_sofascore,2026-08-09T08:07:33.988763
38,77040,Jeppe Erenbjerg,1035095,SV Zulte Waregem,2933,13,3,7.12,10.16,5.5,88,32,41,24,24,2,0,2787,35,expectedAssists,BEL,2025-2026,datafc_sofascore,2026-08-09T08:07:33.988763
38,77040,Rob Schoofs,133164,Royale Union Saint-Gilloise,4860,4,5,6.89,3.11,5.5,42,11,52,7,27,4,0,2013,36,expectedAssists,BEL,2025-2026,datafc_sofascore,2026-08-09T08:07:33.988763
38,77040,Parfait Guiagon,1030459,RC Sporting Charleroi,2898,9,5,7.08,7.78,5.5,80,22,52,73,30,6,0,2555,33,expectedAssists,BEL,2025-2026,datafc_sofascore,2026-08-09T08:07:33.988763
38,77040,Tobias Mohr,237048,Standard Liège,2901,2,2,6.91,1.09,5.42,25,5,44,20,50,5,0,2310,38,expectedAssists,BEL,2025-2026,datafc_sofascore,2026-08-09T08:07:33.988763
38,77040,Edan Diop,1390575,Cercle Brugge,2929,7,3,6.99,6.96,5.33,53,22,46,43,52,7,0,2607,33,expectedAssists,BEL,2025-2026,datafc_sofascore,2026-08-09T08:07:33.988763
38,77040,Ilias Sebaoui,1154586,Sint-Truidense VV,2895,5,5,6.81,8.33,5.21,93,27,36,43,46,3,0,3272,40,expectedAssists,BEL,2025-2026,datafc_sofascore,2026-08-09T08:07:33.988763
38,77040,Mathis Servais,1093876,KV Mechelen,5044,2,4,6.98,2.95,5.07,41,11,35,11,48,5,0,2796,32,expectedAssists,BEL,2025-2026,datafc_sofascore,2026-08-09T08:07:33.988763
38,77040,Thérence Koudou,1392080,KV Mechelen,5044,5,2,6.85,1.64,4.81,25,8,35,38,31,5,0,3060,37,expectedAssists,BEL,2025-2026,datafc_sofascore,2026-08-09T08:07:33.988763
38,77040,Robert-Jan Vanwesemael,1047164,Sint-Truidense VV,2895,1,1,6.75,1.87,4.8,33,8,36,30,70,11,0,3077,37,expectedAssists,BEL,2025-2026,datafc_sofascore,2026-08-09T08:07:33.988763
38,77040,Bryan Heynen,801025,KRC Genk,2890,4,1,7.31,4.75,4.68,48,11,49,22,99,5,0,3603,40,expectedAssists,BEL,2025-2026,datafc_sofascore,2026-08-09T08:07:33.988763
38,77040,Nilson Angulo,1116571,RSC Anderlecht,2900,6,5,7.26,3.77,4.47,33,16,46,44,62,2,1,1902,22,expectedAssists,BEL,2025-2026,datafc_sofascore,2026-08-09T08:07:33.988763
38,77040,Allahyar Sayyadmanesh,905474,KVC Westerlo,2893,7,3,6.89,7.15,4.43,48,15,37,33,35,5,0,2241,30,expectedAssists,BEL,2025-2026,datafc_sofascore,2026-08-09T08:07:33.988763
38,77040,Rafiki Saïd,1047321,Standard Liège,2901,8,4,7.07,10.2,4.41,90,32,28,69,30,4,0,2756,37,expectedAssists,BEL,2025-2026,datafc_sofascore,2026-08-09T08:07:33.988763
38,77040,Arbnor Muja,890695,Sint-Truidense VV,2895,6,2,6.91,5.76,4.41,43,16,28,21,24,3,1,1855,26,expectedAssists,BEL,2025-2026,datafc_sofascore,2026-08-09T08:07:33.988763
38,77040,Zakaria El Ouahdi,1134470,KRC Genk,2890,8,4,7.07,4.96,4.37,70,24,49,36,42,4,0,2996,34,expectedAssists,BEL,2025-2026,datafc_sofascore,2026-08-09T08:07:33.988763
38,77040,Bryan Reynolds,862075,KVC Westerlo,2893,2,3,6.77,2.75,4.35,22,8,37,37,53,8,0,3494,39,expectedAssists,BEL,2025-2026,datafc_sofascore,2026-08-09T08:07:33.988763
38,77040,Keisuke Goto,1391315,Sint-Truidense VV,2895,11,7,6.77,13.43,4.3,62,25,30,7,41,5,0,2885,38,expectedAssists,BEL,2025-2026,datafc_sofascore,2026-08-09T08:07:33.988763
38,77040,Jordi Liongola,1009413,RAAL La Louvière,368506,2,6,6.93,3.28,4.29,29,6,40,27,57,10,0,2618,31,expectedAssists,BEL,2025-2026,datafc_sofascore,2026-08-09T08:07:33.988763
38,77040,Adnane Abid,1127801,Standard Liège,2901,2,5,6.92,2.21,4.2,22,11,44,37,40,5,1,2114,34,expectedAssists,BEL,2025-2026,datafc_sofascore,2026-08-09T08:07:33.988763
38,77040,Thibo Somers,1002804,Royal Antwerp FC,2889,4,2,6.88,5.33,4.11,36,16,27,3,74,3,0,2434,32,expectedAssists,BEL,2025-2026,datafc_sofascore,2026-08-09T08:07:33.988763
38,77040,Aleksandar Stanković,1153957,Club Brugge KV,2888,6,2,7.09,4.66,4.09,74,25,33,8,39,4,0,3076,39,expectedAssists,BEL,2025-2026,datafc_sofascore,2026-08-09T08:07:33.988763
38,77040,Thibaud Verlinden,826172,Oud-Heverlee Leuven,2918,2,4,6.92,0.59,4.03,20,10,26,21,24,4,0,1463,26,expectedAssists,BEL,2025-2026,datafc_sofascore,2026-08-09T08:07:33.988763
38,77040,Fabio Ferraro,1145225,FCV Dender,389232,1,3,6.62,2.28,3.94,30,12,41,31,53,5,0,2531,29,expectedAssists,BEL,2025-2026,datafc_sofascore,2026-08-09T08:07:33.988763
38,77040,Ludwig Augustinsson,138546,RSC Anderlecht,2900,0,3,6.89,1.0,3.93,21,3,29,2,44,4,0,2082,27,expectedAssists,BEL,2025-2026,datafc_sofascore,2026-08-09T08:07:33.988763
38,77040,Kyriani Sabbe,1101258,Club Brugge KV,2888,3,3,6.94,1.71,3.84,18,9,23,8,43,2,0,1658,27,expectedAssists,BEL,2025-2026,datafc_sofascore,2026-08-09T08:07:33.988763
38,77040,Yassine Titraoui,1094538,RC Sporting Charleroi,2898,5,1,7.23,2.9,3.78,53,20,31,26,58,7,0,2904,35,expectedAssists,BEL,2025-2026,datafc_sofascore,2026-08-09T08:07:33.988763
38,77040,Anosike Ementa,1094132,SV Zulte Waregem,2933,4,8,6.9,7.37,3.77,41,18,61,40,20,5,0,2616,32,expectedAssists,BEL,2025-2026,datafc_sofascore,2026-08-09T08:07:33.988763
38,77040,Nicolò Tresoldi,1177167,Club Brugge KV,2888,19,5,6.99,16.6,3.73,101,39,38,19,29,1,0,2507,40,expectedAssists,BEL,2025-2026,datafc_sofascore,2026-08-09T08:07:33.988763
38,77040,Joaquin Seys,1395881,Club Brugge KV,2888,2,5,6.81,1.25,3.7,16,4,33,11,56,3,0,2976,39,expectedAssists,BEL,2025-2026,datafc_sofascore,2026-08-09T08:07:33.988763
38,77040,Nolan Gillot,2425212,RAAL La Louvière,368506,2,4,6.88,1.93,3.66,30,9,29,16,31,0,0,1297,21,expectedAssists,BEL,2025-2026,datafc_sofascore,2026-08-09T08:07:33.988763
38,77040,Joseph Opoku,1922407,SV Zulte Waregem,2933,10,6,6.91,10.15,3.62,69,25,46,37,16,2,0,2458,33,expectedAssists,BEL,2025-2026,datafc_sofascore,2026-08-09T08:07:33.988763
38,77040,Hugo Siquet,983041,Club Brugge KV,2888,0,2,7.0,0.75,3.62,16,2,38,4,31,2,0,1332,31,expectedAssists,BEL,2025-2026,datafc_sofascore,2026-08-09T08:07:33.988763
38,77040,Bryan Goncalves,775019,FCV Dender,389232,1,2,6.79,1.13,3.58,12,5,38,10,42,5,0,2293,28,expectedAssists,BEL,2025-2026,datafc_sofascore,2026-08-09T08:07:33.988763
38,77040,Momodou Sonko,1135616,KAA Gent,2903,0,2,6.67,1.16,3.54,20,2,20,17,10,2,0,868,28,expectedAssists,BEL,2025-2026,datafc_sofascore,2026-08-09T08:07:33.988763
38,77040,Besfort Zeneli,1173223,Royale Union Saint-Gilloise,4860,3,6,7.13,2.06,3.52,16,8,22,7,8,0,0,774,15,expectedAssists,BEL,2025-2026,datafc_sofascore,2026-08-09T08:07:33.988763
38,77040,Thomas Claes,1188173,SV Zulte Waregem,2933,2,1,6.85,2.45,3.5,50,16,32,19,52,3,0,2784,34,expectedAssists,BEL,2025-2026,datafc_sofascore,2026-08-09T08:07:33.988763
38,77040,Daam Foulon,826170,Royal Antwerp FC,2889,0,4,6.78,0.68,3.5,13,4,33,10,56,5,2,2290,33,expectedAssists,BEL,2025-2026,datafc_sofascore,2026-08-09T08:07:33.988763
38,77040,Vincent Janssen,339901,Royal Antwerp FC,2889,10,7,6.87,12.99,3.46,91,30,33,21,29,8,0,3088,35,expectedAssists,BEL,2025-2026,datafc_sofascore,2026-08-09T08:07:33.988763
38,77040,Siebe Schrijvers,190413,Oud-Heverlee Leuven,2918,3,4,7.0,5.03,3.45,29,4,37,12,62,6,0,2121,30,expectedAssists,BEL,2025-2026,datafc_sofascore,2026-08-09T08:07:33.988763
38,77040,Pieter Gerkens,190401,Cercle Brugge,2929,6,1,6.85,5.58,3.44,41,16,40,7,38,1,0,2840,35,expectedAssists,BEL,2025-2026,datafc_sofascore,2026-08-09T08:07:33.988763
38,77040,Casper Nielsen,247471,Standard Liège,2901,5,2,6.95,3.38,3.36,32,11,19,8,42,5,0,1878,26,expectedAssists,BEL,2025-2026,datafc_sofascore,2026-08-09T08:07:33.988763
38,77040,Benoit Nyssen,938190,SV Zulte Waregem,2933,2,2,6.77,0.81,3.36,16,5,17,12,35,3,0,1744,28,expectedAssists,BEL,2025-2026,datafc_sofascore,2026-08-09T08:07:33.988763
38,77040,Hugo Vetlesen,877236,Club Brugge KV,2888,5,6,6.87,4.89,3.32,36,14,22,12,25,5,0,1315,25,expectedAssists,BEL,2025-2026,datafc_sofascore,2026-08-09T08:07:33.988763
38,77040,Bruny Nsimba,1047536,FCV Dender,389232,9,4,6.8,10.1,3.3,60,22,24,20,17,3,0,1905,30,expectedAssists,BEL,2025-2026,datafc_sofascore,2026-08-09T08:07:33.988763
38,77040,Roman Kvet,858926,FCV Dender,389232,5,0,6.73,4.44,3.29,38,12,39,24,34,5,0,2676,34,expectedAssists,BEL,2025-2026,datafc_sofascore,2026-08-09T08:07:33.988763
38,77040,Łukasz Łakomy,1001201,Oud-Heverlee Leuven,2918,3,3,6.82,1.56,3.17,32,12,35,13,44,6,0,2123,32,expectedAssists,BEL,2025-2026,datafc_sofascore,2026-08-09T08:07:33.988763
38,77040,Arthur Piedfort,1149123,KVC Westerlo,2893,3,2,7.07,1.9,3.11,23,7,43,25,86,5,0,2989,36,expectedAssists,BEL,2025-2026,datafc_sofascore,2026-08-09T08:07:33.988763
38,77040,Gyrano Kerk,386950,Royal Antwerp FC,2889,3,4,6.77,4.85,3.05,50,17,26,35,34,4,0,2095,27,expectedAssists,BEL,2025-2026,datafc_sofascore,2026-08-09T08:07:33.988763
38,77040,Mardochee Nzita,990726,RC Sporting Charleroi,2898,0,2,6.77,1.02,3.04,12,3,21,18,65,3,1,3007,38,expectedAssists,BEL,2025-2026,datafc_sofascore,2026-08-09T08:07:33.988763
38,77040,Daan Heymans,845344,KRC Genk,2890,10,4,6.98,7.98,2.96,61,25,33,11,50,3,0,2362,31,expectedAssists,BEL,2025-2026,datafc_sofascore,2026-08-09T08:07:33.988763
38,77040,Noah Adedeji-Sternberg,1512197,KRC Genk,2890,1,1,6.8,1.22,2.9,22,4,16,22,22,0,0,1052,25,expectedAssists,BEL,2025-2026,datafc_sofascore,2026-08-09T08:07:33.988763
38,77040,Kevin Van Den Kerkhof,1130602,RC Sporting Charleroi,2898,3,4,6.78,3.1,2.9,35,11,35,27,56,5,1,2117,30,expectedAssists,BEL,2025-2026,datafc_sofascore,2026-08-09T08:07:33.988763
38,77040,Emin Bayram,997153,KVC Westerlo,2893,4,2,7.06,4.39,2.88,41,13,20,15,44,4,2,3322,38,expectedAssists,BEL,2025-2026,datafc_sofascore,2026-08-09T08:07:33.988763
38,77040,Louis Patris,923972,Royale Union Saint-Gilloise,4860,0,2,6.89,1.84,2.88,13,6,27,11,57,2,0,1450,34,expectedAssists,BEL,2025-2026,datafc_sofascore,2026-08-09T08:07:33.988763
38,77040,Isa Sakamoto,1126245,KVC Westerlo,2893,6,4,6.67,7.98,2.85,66,21,32,62,43,1,0,3021,38,expectedAssists,BEL,2025-2026,datafc_sofascore,2026-08-09T08:07:33.988763
38,77040,Kevin Rodriguez,1431770,Royale Union Saint-Gilloise,4860,10,2,6.69,8.63,2.84,76,30,19,19,19,2,0,1825,31,expectedAssists,BEL,2025-2026,datafc_sofascore,2026-08-09T08:07:33.988763
38,77040,Christopher Scott,997118,Royal Antwerp FC,2889,6,2,6.99,4.76,2.76,43,17,27,17,57,3,0,2206,31,expectedAssists,BEL,2025-2026,datafc_sofascore,2026-08-09T08:07:33.988763
38,77040,Antoine Bernier,834261,RC Sporting Charleroi,2898,7,2,6.86,4.84,2.76,41,16,29,32,46,7,0,2379,38,expectedAssists,BEL,2025-2026,datafc_sofascore,2026-08-09T08:07:33.988763
38,77040,Aurélien Scheidler,915567,RC Sporting Charleroi,2898,9,4,6.81,12.47,2.75,71,28,38,10,8,3,0,3266,40,expectedAssists,BEL,2025-2026,datafc_sofascore,2026-08-09T08:07:33.988763
38,77040,Ilay Camara,1397747,RSC Anderlecht,2900,2,1,6.56,1.17,2.75,15,7,23,11,19,1,0,1310,25,expectedAssists,BEL,2025-2026,datafc_sofascore,2026-08-09T08:07:33.988763
38,77040,Anthony Valencia,1020197,Royal Antwerp FC,2889,4,2,6.95,3.57,2.73,29,12,29,36,27,3,0,1332,23,expectedAssists,BEL,2025-2026,datafc_sofascore,2026-08-09T08:07:33.988763
38,77040,Jakob Napoleon Romsaas,1198306,RC Sporting Charleroi,2898,2,3,6.72,5.11,2.68,40,15,34,20,27,2,0,1749,37,expectedAssists,BEL,2025-2026,datafc_sofascore,2026-08-09T08:07:33.988763
38,77040,Taiga Hata,1002356,Sint-Truidense VV,2895,1,3,6.66,1.79,2.66,6,3,19,10,44,0,0,2444,32,expectedAssists,BEL,2025-2026,datafc_sofascore,2026-08-09T08:07:33.988763
38,77040,Malcolm Viltard,1092285,FCV Dender,389232,1,1,6.88,0.41,2.6,15,4,27,17,70,6,1,2721,36,expectedAssists,BEL,2025-2026,datafc_sofascore,2026-08-09T08:07:33.988763
38,77040,Nathan-Dylan Saliba,1093229,RSC Anderlecht,2900,3,1,6.86,3.27,2.58,59,15,26,19,75,12,1,2319,34,expectedAssists,BEL,2025-2026,datafc_sofascore,2026-08-09T08:07:33.988763
38,77040,Abdelkahar Kadri,1007528,KAA Gent,2903,2,5,6.89,2.42,2.53,27,9,32,24,43,5,0,2076,33,expectedAssists,BEL,2025-2026,datafc_sofascore,2026-08-09T08:07:33.988763
38,77040,Gustav Mortensen,1083365,Standard Liège,2901,0,0,6.64,0.36,2.52,7,1,19,3,21,0,0,1736,20,expectedAssists,BEL,2025-2026,datafc_sofascore,2026-08-09T08:07:33.988763
38,77040,Yari Verschaeren,901898,RSC Anderlecht,2900,1,3,6.71,2.03,2.5,24,6,31,12,19,1,0,1408,28,expectedAssists,BEL,2025-2026,datafc_sofascore,2026-08-09T08:07:33.988763
38,77040,Lewin Blum,966670,RC Sporting Charleroi,2898,0,1,6.76,1.14,2.5,8,2,25,5,49,7,0,1784,32,expectedAssists,BEL,2025-2026,datafc_sofascore,2026-08-09T08:07:33.988763
38,77040,Kevin Mac Allister,895327,Royale Union Saint-Gilloise,4860,1,1,7.14,3.07,2.44,22,5,13,9,112,11,1,2930,34,expectedAssists,BEL,2025-2026,datafc_sofascore,2026-08-09T08:07:33.988763
38,77040,Nacho Ferri,1196903,KVC Westerlo,2893,11,2,7.04,16.2,2.4,101,42,30,22,27,7,0,2910,36,expectedAssists,BEL,2025-2026,datafc_sofascore,2026-08-09T08:07:33.988763
38,77040,Josimar Alcócer,1131598,KVC Westerlo,2893,3,4,6.63,3.61,2.38,54,24,26,47,51,6,0,2722,35,expectedAssists,BEL,2025-2026,datafc_sofascore,2026-08-09T08:07:33.988763
38,77040,Joël Ito,1593830,RAAL La Louvière,368506,1,1,6.72,1.26,2.37,22,7,17,23,60,2,0,2340,33,expectedAssists,BEL,2025-2026,datafc_sofascore,2026-08-09T08:07:33.988763
38,77040,Emran Soglo,1403124,SV Zulte Waregem,2933,0,3,6.85,1.02,2.37,16,2,15,23,29,2,0,1045,18,expectedAssists,BEL,2025-2026,datafc_sofascore,2026-08-09T08:07:33.988763
38,77040,Shunsuke Saito,1869028,KVC Westerlo,2893,1,1,6.72,1.62,2.37,18,2,11,13,17,2,0,855,17,expectedAssists,BEL,2025-2026,datafc_sofascore,2026-08-09T08:07:33.988763
38,77040,Ross Sykes,845558,Royale Union Saint-Gilloise,4860,5,0,7.28,3.78,2.34,56,25,21,6,40,9,0,2629,32,expectedAssists,BEL,2025-2026,datafc_sofascore,2026-08-09T08:07:33.988763
38,77040,Jerry Afriyie,1836721,RAAL La Louvière,368506,5,1,6.52,7.65,2.32,51,21,17,36,23,7,0,2497,31,expectedAssists,BEL,2025-2026,datafc_sofascore,2026-08-09T08:07:33.988763
38,77040,Steve Ngoura,1394411,Cercle Brugge,2929,7,4,6.67,9.75,2.31,71,23,22,27,9,2,0,2097,34,expectedAssists,BEL,2025-2026,datafc_sofascore,2026-08-09T08:07:33.988763
38,77040,Hyllarion Goore,2048955,KAA Gent,2903,5,4,6.71,5.22,2.29,55,15,20,25,9,2,0,1431,34,expectedAssists,BEL,2025-2026,datafc_sofascore,2026-08-09T08:07:33.988763
38,77040,Nathan De Cat,1637689,RSC Anderlecht,2900,2,4,6.75,1.79,2.28,30,6,28,21,60,8,0,2739,36,expectedAssists,BEL,2025-2026,datafc_sofascore,2026-08-09T08:07:33.988763
38,77040,Christos Tzolis,1031259,Club Brugge KV,2888,17,23,7.71,17.4,15.94,123,44,135,40,29,6,0,3072,36,expectedAssists,BEL,2025-2026,datafc_sofascore,2026-08-09T08:07:33.988763
38,77040,Ryotaro Ito,831697,Sint-Truidense VV,2895,10,5,7.28,8.51,8.81,73,27,102,19,20,1,0,2838,35,expectedAssists,BEL,2025-2026,datafc_sofascore,2026-08-09T08:07:33.988763
38,77040,Carlos Forbs,1069486,Club Brugge KV,2888,8,8,7.17,6.18,8.55,57,21,61,52,40,4,0,2816,37,expectedAssists,BEL,2025-2026,datafc_sofascore,2026-08-09T08:07:33.988763
38,77040,Patrick Pflücke,281283,RC Sporting Charleroi,2898,4,8,6.97,5.54,8.28,63,22,67,9,22,0,0,2670,41,expectedAssists,BEL,2025-2026,datafc_sofascore,2026-08-09T08:07:33.988763
38,77040,Thorgan Hazard,94286,RSC Anderlecht,2900,13,7,7.04,11.91,8.06,74,31,78,38,38,6,1,2722,36,expectedAssists,BEL,2025-2026,datafc_sofascore,2026-08-09T08:07:33.988763
38,77040,Hans Vanaken,118085,Club Brugge KV,2888,7,3,7.45,8.38,8.0,58,21,67,15,38,2,0,3366,39,expectedAssists,BEL,2025-2026,datafc_sofascore,2026-08-09T08:07:33.988763
38,77040,Doğucan Haspolat,846087,KVC Westerlo,2893,1,4,7.18,2.52,7.83,46,10,86,19,82,7,0,3395,38,expectedAssists,BEL,2025-2026,datafc_sofascore,2026-08-09T08:07:33.988763
38,77040,Nazinho,1006113,Cercle Brugge,2929,3,7,7.07,0.91,7.69,27,8,59,24,73,13,0,2554,30,expectedAssists,BEL,2025-2026,datafc_sofascore,2026-08-09T08:07:33.988763
38,77040,Konstantinos Karetsas,1468744,KRC Genk,2890,0,10,6.91,4.62,7.63,68,27,68,59,30,3,0,2247,34,expectedAssists,BEL,2025-2026,datafc_sofascore,2026-08-09T08:07:33.988763
38,77040,Anan Khalaili,1403362,Royale Union Saint-Gilloise,4860,3,5,7.22,3.34,7.52,38,13,62,49,69,7,0,3099,38,expectedAssists,BEL,2025-2026,datafc_sofascore,2026-08-09T08:07:33.988763
38,77040,Anouar Ait El Hadj,964764,Royale Union Saint-Gilloise,4860,2,5,6.9,5.0,7.38,42,13,62,13,29,2,0,2660,38,expectedAssists,BEL,2025-2026,datafc_sofascore,2026-08-09T08:07:33.988763
38,77040,Michał Skóraś,942479,KAA Gent,2903,2,7,7.06,3.87,6.79,43,10,65,37,49,6,1,2697,34,expectedAssists,BEL,2025-2026,datafc_sofascore,2026-08-09T08:07:33.988763
38,77040,Youssef Maziz,862821,Oud-Heverlee Leuven,2918,3,4,6.96,4.34,6.75,49,12,63,13,25,6,0,2096,36,expectedAssists,BEL,2025-2026,datafc_sofascore,2026-08-09T08:07:33.988763
38,77040,Gary Magnee,990265,Cercle Brugge,2929,4,7,6.93,5.4,6.75,31,10,74,20,72,4,0,2889,34,expectedAssists,BEL,2025-2026,datafc_sofascore,2026-08-09T08:07:33.988763
38,77040,Tiago Araújo,997024,KAA Gent,2903,1,4,6.94,0.83,6.33,21,4,57,20,39,9,0,2820,35,expectedAssists,BEL,2025-2026,datafc_sofascore,2026-08-09T08:07:33.988763
38,77040,Jarne Steuckers,1099462,KRC Genk,2890,0,6,6.96,2.06,6.27,30,8,54,15,9,1,0,1504,30,expectedAssists,BEL,2025-2026,datafc_sofascore,2026-08-09T08:07:33.988763
38,77040,Rihito Yamamoto,1030211,Sint-Truidense VV,2895,5,6,7.08,5.87,6.27,51,16,62,21,75,6,0,3290,38,expectedAssists,BEL,2025-2026,datafc_sofascore,2026-08-09T08:07:33.988763
38,77040,Adem Zorgane,1000472,Royale Union Saint-Gilloise,4860,4,5,7.04,2.44,6.23,28,12,40,19,64,7,0,2968,37,expectedAssists,BEL,2025-2026,datafc_sofascore,2026-08-09T08:07:33.988763
38,77040,Junya Ito,783278,KRC Genk,2890,6,5,7.09,3.79,5.63,36,16,51,24,37,4,0,1785,28,expectedAssists,BEL,2025-2026,datafc_sofascore,2026-08-09T08:07:33.988763
38,77040,Myron Van Brederode,1012925,KV Mechelen,5044,9,5,7.1,5.95,5.55,41,17,57,49,34,2,0,2840,34,expectedAssists,BEL,2025-2026,datafc_sofascore,2026-08-09T08:07:33.988763
38,77040,Jeppe Erenbjerg,1035095,SV Zulte Waregem,2933,13,3,7.12,10.16,5.5,88,32,41,24,24,2,0,2787,35,expectedAssists,BEL,2025-2026,datafc_sofascore,2026-08-09T08:07:33.988763
38,77040,Rob Schoofs,133164,Royale Union Saint-Gilloise,4860,4,5,6.89,3.11,5.5,42,11,52,7,27,4,0,2013,36,expectedAssists,BEL,2025-2026,datafc_sofascore,2026-08-09T08:07:33.988763
38,77040,Parfait Guiagon,1030459,RC Sporting Charleroi,2898,9,5,7.08,7.78,5.5,80,22,52,73,30,6,0,2555,33,expectedAssists,BEL,2025-2026,datafc_sofascore,2026-08-09T08:07:33.988763
38,77040,Tobias Mohr,237048,Standard Liège,2901,2,2,6.91,1.09,5.42,25,5,44,20,50,5,0,2310,38,expectedAssists,BEL,2025-2026,datafc_sofascore,2026-08-09T08:07:33.988763
38,77040,Edan Diop,1390575,Cercle Brugge,2929,7,3,6.99,6.96,5.33,53,22,46,43,52,7,0,2607,33,expectedAssists,BEL,2025-2026,datafc_sofascore,2026-08-09T08:07:33.988763
38,77040,Ilias Sebaoui,1154586,Sint-Truidense VV,2895,5,5,6.81,8.33,5.21,93,27,36,43,46,3,0,3272,40,expectedAssists,BEL,2025-2026,datafc_sofascore,2026-08-09T08:07:33.988763
38,77040,Mathis Servais,1093876,KV Mechelen,5044,2,4,6.98,2.95,5.07,41,11,35,11,48,5,0,2796,32,expectedAssists,BEL,2025-2026,datafc_sofascore,2026-08-09T08:07:33.988763
38,77040,Thérence Koudou,1392080,KV Mechelen,5044,5,2,6.85,1.64,4.81,25,8,35,38,31,5,0,3060,37,expectedAssists,BEL,2025-2026,datafc_sofascore,2026-08-09T08:07:33.988763
38,77040,Robert-Jan Vanwesemael,1047164,Sint-Truidense VV,2895,1,1,6.75,1.87,4.8,33,8,36,30,70,11,0,3077,37,expectedAssists,BEL,2025-2026,datafc_sofascore,2026-08-09T08:07:33.988763
38,77040,Bryan Heynen,801025,KRC Genk,2890,4,1,7.31,4.75,4.68,48,11,49,22,99,5,0,3603,40,expectedAssists,BEL,2025-2026,datafc_sofascore,2026-08-09T08:07:33.988763
38,77040,Nilson Angulo,1116571,RSC Anderlecht,2900,6,5,7.26,3.77,4.47,33,16,46,44,62,2,1,1902,22,expectedAssists,BEL,2025-2026,datafc_sofascore,2026-08-09T08:07:33.988763
38,77040,Allahyar Sayyadmanesh,905474,KVC Westerlo,2893,7,3,6.89,7.15,4.43,48,15,37,33,35,5,0,2241,30,expectedAssists,BEL,2025-2026,datafc_sofascore,2026-08-09T08:07:33.988763
38,77040,Rafiki Saïd,1047321,Standard Liège,2901,8,4,7.07,10.2,4.41,90,32,28,69,30,4,0,2756,37,expectedAssists,BEL,2025-2026,datafc_sofascore,2026-08-09T08:07:33.988763
38,77040,Arbnor Muja,890695,Sint-Truidense VV,2895,6,2,6.91,5.76,4.41,43,16,28,21,24,3,1,1855,26,expectedAssists,BEL,2025-2026,datafc_sofascore,2026-08-09T08:07:33.988763
38,77040,Zakaria El Ouahdi,1134470,KRC Genk,2890,8,4,7.07,4.96,4.37,70,24,49,36,42,4,0,2996,34,expectedAssists,BEL,2025-2026,datafc_sofascore,2026-08-09T08:07:33.988763
38,77040,Bryan Reynolds,862075,KVC Westerlo,2893,2,3,6.77,2.75,4.35,22,8,37,37,53,8,0,3494,39,expectedAssists,BEL,2025-2026,datafc_sofascore,2026-08-09T08:07:33.988763
38,77040,Keisuke Goto,1391315,Sint-Truidense VV,2895,11,7,6.77,13.43,4.3,62,25,30,7,41,5,0,2885,38,expectedAssists,BEL,2025-2026,datafc_sofascore,2026-08-09T08:07:33.988763
38,77040,Jordi Liongola,1009413,RAAL La Louvière,368506,2,6,6.93,3.28,4.29,29,6,40,27,57,10,0,2618,31,expectedAssists,BEL,2025-2026,datafc_sofascore,2026-08-09T08:07:33.988763
38,77040,Adnane Abid,1127801,Standard Liège,2901,2,5,6.92,2.21,4.2,22,11,44,37,40,5,1,2114,34,expectedAssists,BEL,2025-2026,datafc_sofascore,2026-08-09T08:07:33.988763
38,77040,Thibo Somers,1002804,Royal Antwerp FC,2889,4,2,6.88,5.33,4.11,36,16,27,3,74,3,0,2434,32,expectedAssists,BEL,2025-2026,datafc_sofascore,2026-08-09T08:07:33.988763
38,77040,Aleksandar Stanković,1153957,Club Brugge KV,2888,6,2,7.09,4.66,4.09,74,25,33,8,39,4,0,3076,39,expectedAssists,BEL,2025-2026,datafc_sofascore,2026-08-09T08:07:33.988763
38,77040,Thibaud Verlinden,826172,Oud-Heverlee Leuven,2918,2,4,6.92,0.59,4.03,20,10,26,21,24,4,0,1463,26,expectedAssists,BEL,2025-2026,datafc_sofascore,2026-08-09T08:07:33.988763
38,77040,Fabio Ferraro,1145225,FCV Dender,389232,1,3,6.62,2.28,3.94,30,12,41,31,53,5,0,2531,29,expectedAssists,BEL,2025-2026,datafc_sofascore,2026-08-09T08:07:33.988763
38,77040,Ludwig Augustinsson,138546,RSC Anderlecht,2900,0,3,6.89,1.0,3.93,21,3,29,2,44,4,0,2082,27,expectedAssists,BEL,2025-2026,datafc_sofascore,2026-08-09T08:07:33.988763
38,77040,Kyriani Sabbe,1101258,Club Brugge KV,2888,3,3,6.94,1.71,3.84,18,9,23,8,43,2,0,1658,27,expectedAssists,BEL,2025-2026,datafc_sofascore,2026-08-09T08:07:33.988763
38,77040,Yassine Titraoui,1094538,RC Sporting Charleroi,2898,5,1,7.23,2.9,3.78,53,20,31,26,58,7,0,2904,35,expectedAssists,BEL,2025-2026,datafc_sofascore,2026-08-09T08:07:33.988763
38,77040,Anosike Ementa,1094132,SV Zulte Waregem,2933,4,8,6.9,7.37,3.77,41,18,61,40,20,5,0,2616,32,expectedAssists,BEL,2025-2026,datafc_sofascore,2026-08-09T08:07:33.988763
38,77040,Nicolò Tresoldi,1177167,Club Brugge KV,2888,19,5,6.99,16.6,3.73,101,39,38,19,29,1,0,2507,40,expectedAssists,BEL,2025-2026,datafc_sofascore,2026-08-09T08:07:33.988763
38,77040,Joaquin Seys,1395881,Club Brugge KV,2888,2,5,6.81,1.25,3.7,16,4,33,11,56,3,0,2976,39,expectedAssists,BEL,2025-2026,datafc_sofascore,2026-08-09T08:07:33.988763
38,77040,Nolan Gillot,2425212,RAAL La Louvière,368506,2,4,6.88,1.93,3.66,30,9,29,16,31,0,0,1297,21,expectedAssists,BEL,2025-2026,datafc_sofascore,2026-08-09T08:07:33.988763
38,77040,Joseph Opoku,1922407,SV Zulte Waregem,2933,10,6,6.91,10.15,3.62,69,25,46,37,16,2,0,2458,33,expectedAssists,BEL,2025-2026,datafc_sofascore,2026-08-09T08:07:33.988763
38,77040,Hugo Siquet,983041,Club Brugge KV,2888,0,2,7.0,0.75,3.62,16,2,38,4,31,2,0,1332,31,expectedAssists,BEL,2025-2026,datafc_sofascore,2026-08-09T08:07:33.988763
38,77040,Bryan Goncalves,775019,FCV Dender,389232,1,2,6.79,1.13,3.58,12,5,38,10,42,5,0,2293,28,expectedAssists,BEL,2025-2026,datafc_sofascore,2026-08-09T08:07:33.988763
38,77040,Momodou Sonko,1135616,KAA Gent,2903,0,2,6.67,1.16,3.54,20,2,20,17,10,2,0,868,28,expectedAssists,BEL,2025-2026,datafc_sofascore,2026-08-09T08:07:33.988763
38,77040,Besfort Zeneli,1173223,Royale Union Saint-Gilloise,4860,3,6,7.13,2.06,3.52,16,8,22,7,8,0,0,774,15,expectedAssists,BEL,2025-2026,datafc_sofascore,2026-08-09T08:07:33.988763
38,77040,Thomas Claes,1188173,SV Zulte Waregem,2933,2,1,6.85,2.45,3.5,50,16,32,19,52,3,0,2784,34,expectedAssists,BEL,2025-2026,datafc_sofascore,2026-08-09T08:07:33.988763
38,77040,Daam Foulon,826170,Royal Antwerp FC,2889,0,4,6.78,0.68,3.5,13,4,33,10,56,5,2,2290,33,expectedAssists,BEL,2025-2026,datafc_sofascore,2026-08-09T08:07:33.988763
38,77040,Vincent Janssen,339901,Royal Antwerp FC,2889,10,7,6.87,12.99,3.46,91,30,33,21,29,8,0,3088,35,expectedAssists,BEL,2025-2026,datafc_sofascore,2026-08-09T08:07:33.988763
38,77040,Siebe Schrijvers,190413,Oud-Heverlee Leuven,2918,3,4,7.0,5.03,3.45,29,4,37,12,62,6,0,2121,30,expectedAssists,BEL,2025-2026,datafc_sofascore,2026-08-09T08:07:33.988763
38,77040,Pieter Gerkens,190401,Cercle Brugge,2929,6,1,6.85,5.58,3.44,41,16,40,7,38,1,0,2840,35,expectedAssists,BEL,2025-2026,datafc_sofascore,2026-08-09T08:07:33.988763
38,77040,Casper Nielsen,247471,Standard Liège,2901,5,2,6.95,3.38,3.36,32,11,19,8,42,5,0,1878,26,expectedAssists,BEL,2025-2026,datafc_sofascore,2026-08-09T08:07:33.988763
38,77040,Benoit Nyssen,938190,SV Zulte Waregem,2933,2,2,6.77,0.81,3.36,16,5,17,12,35,3,0,1744,28,expectedAssists,BEL,2025-2026,datafc_sofascore,2026-08-09T08:07:33.988763
38,77040,Hugo Vetlesen,877236,Club Brugge KV,2888,5,6,6.87,4.89,3.32,36,14,22,12,25,5,0,1315,25,expectedAssists,BEL,2025-2026,datafc_sofascore,2026-08-09T08:07:33.988763
38,77040,Bruny Nsimba,1047536,FCV Dender,389232,9,4,6.8,10.1,3.3,60,22,24,20,17,3,0,1905,30,expectedAssists,BEL,2025-2026,datafc_sofascore,2026-08-09T08:07:33.988763
38,77040,Roman Kvet,858926,FCV Dender,389232,5,0,6.73,4.44,3.29,38,12,39,24,34,5,0,2676,34,expectedAssists,BEL,2025-2026,datafc_sofascore,2026-08-09T08:07:33.988763
38,77040,Łukasz Łakomy,1001201,Oud-Heverlee Leuven,2918,3,3,6.82,1.56,3.17,32,12,35,13,44,6,0,2123,32,expectedAssists,BEL,2025-2026,datafc_sofascore,2026-08-09T08:07:33.988763
38,77040,Arthur Piedfort,1149123,KVC Westerlo,2893,3,2,7.07,1.9,3.11,23,7,43,25,86,5,0,2989,36,expectedAssists,BEL,2025-2026,datafc_sofascore,2026-08-09T08:07:33.988763
38,77040,Gyrano Kerk,386950,Royal Antwerp FC,2889,3,4,6.77,4.85,3.05,50,17,26,35,34,4,0,2095,27,expectedAssists,BEL,2025-2026,datafc_sofascore,2026-08-09T08:07:33.988763
38,77040,Mardochee Nzita,990726,RC Sporting Charleroi,2898,0,2,6.77,1.02,3.04,12,3,21,18,65,3,1,3007,38,expectedAssists,BEL,2025-2026,datafc_sofascore,2026-08-09T08:07:33.988763
38,77040,Daan Heymans,845344,KRC Genk,2890,10,4,6.98,7.98,2.96,61,25,33,11,50,3,0,2362,31,expectedAssists,BEL,2025-2026,datafc_sofascore,2026-08-09T08:07:33.988763
38,77040,Noah Adedeji-Sternberg,1512197,KRC Genk,2890,1,1,6.8,1.22,2.9,22,4,16,22,22,0,0,1052,25,expectedAssists,BEL,2025-2026,datafc_sofascore,2026-08-09T08:07:33.988763
38,77040,Kevin Van Den Kerkhof,1130602,RC Sporting Charleroi,2898,3,4,6.78,3.1,2.9,35,11,35,27,56,5,1,2117,30,expectedAssists,BEL,2025-2026,datafc_sofascore,2026-08-09T08:07:33.988763
38,77040,Emin Bayram,997153,KVC Westerlo,2893,4,2,7.06,4.39,2.88,41,13,20,15,44,4,2,3322,38,expectedAssists,BEL,2025-2026,datafc_sofascore,2026-08-09T08:07:33.988763
38,77040,Louis Patris,923972,Royale Union Saint-Gilloise,4860,0,2,6.89,1.84,2.88,13,6,27,11,57,2,0,1450,34,expectedAssists,BEL,2025-2026,datafc_sofascore,2026-08-09T08:07:33.988763
38,77040,Isa Sakamoto,1126245,KVC Westerlo,2893,6,4,6.67,7.98,2.85,66,21,32,62,43,1,0,3021,38,expectedAssists,BEL,2025-2026,datafc_sofascore,2026-08-09T08:07:33.988763
38,77040,Kevin Rodriguez,1431770,Royale Union Saint-Gilloise,4860,10,2,6.69,8.63,2.84,76,30,19,19,19,2,0,1825,31,expectedAssists,BEL,2025-2026,datafc_sofascore,2026-08-09T08:07:33.988763
38,77040,Christopher Scott,997118,Royal Antwerp FC,2889,6,2,6.99,4.76,2.76,43,17,27,17,57,3,0,2206,31,expectedAssists,BEL,2025-2026,datafc_sofascore,2026-08-09T08:07:33.988763
38,77040,Antoine Bernier,834261,RC Sporting Charleroi,2898,7,2,6.86,4.84,2.76,41,16,29,32,46,7,0,2379,38,expectedAssists,BEL,2025-2026,datafc_sofascore,2026-08-09T08:07:33.988763
38,77040,Aurélien Scheidler,915567,RC Sporting Charleroi,2898,9,4,6.81,12.47,2.75,71,28,38,10,8,3,0,3266,40,expectedAssists,BEL,2025-2026,datafc_sofascore,2026-08-09T08:07:33.988763
38,77040,Ilay Camara,1397747,RSC Anderlecht,2900,2,1,6.56,1.17,2.75,15,7,23,11,19,1,0,1310,25,expectedAssists,BEL,2025-2026,datafc_sofascore,2026-08-09T08:07:33.988763
38,77040,Anthony Valencia,1020197,Royal Antwerp FC,2889,4,2,6.95,3.57,2.73,29,12,29,36,27,3,0,1332,23,expectedAssists,BEL,2025-2026,datafc_sofascore,2026-08-09T08:07:33.988763
38,77040,Jakob Napoleon Romsaas,1198306,RC Sporting Charleroi,2898,2,3,6.72,5.11,2.68,40,15,34,20,27,2,0,1749,37,expectedAssists,BEL,2025-2026,datafc_sofascore,2026-08-09T08:07:33.988763
38,77040,Taiga Hata,1002356,Sint-Truidense VV,2895,1,3,6.66,1.79,2.66,6,3,19,10,44,0,0,2444,32,expectedAssists,BEL,2025-2026,datafc_sofascore,2026-08-09T08:07:33.988763
38,77040,Malcolm Viltard,1092285,FCV Dender,389232,1,1,6.88,0.41,2.6,15,4,27,17,70,6,1,2721,36,expectedAssists,BEL,2025-2026,datafc_sofascore,2026-08-09T08:07:33.988763
38,77040,Nathan-Dylan Saliba,1093229,RSC Anderlecht,2900,3,1,6.86,3.27,2.58,59,15,26,19,75,12,1,2319,34,expectedAssists,BEL,2025-2026,datafc_sofascore,2026-08-09T08:07:33.988763
38,77040,Abdelkahar Kadri,1007528,KAA Gent,2903,2,5,6.89,2.42,2.53,27,9,32,24,43,5,0,2076,33,expectedAssists,BEL,2025-2026,datafc_sofascore,2026-08-09T08:07:33.988763
38,77040,Gustav Mortensen,1083365,Standard Liège,2901,0,0,6.64,0.36,2.52,7,1,19,3,21,0,0,1736,20,expectedAssists,BEL,2025-2026,datafc_sofascore,2026-08-09T08:07:33.988763
38,77040,Yari Verschaeren,901898,RSC Anderlecht,2900,1,3,6.71,2.03,2.5,24,6,31,12,19,1,0,1408,28,expectedAssists,BEL,2025-2026,datafc_sofascore,2026-08-09T08:07:33.988763
38,77040,Lewin Blum,966670,RC Sporting Charleroi,2898,0,1,6.76,1.14,2.5,8,2,25,5,49,7,0,1784,32,expectedAssists,BEL,2025-2026,datafc_sofascore,2026-08-09T08:07:33.988763
38,77040,Kevin Mac Allister,895327,Royale Union Saint-Gilloise,4860,1,1,7.14,3.07,2.44,22,5,13,9,112,11,1,2930,34,expectedAssists,BEL,2025-2026,datafc_sofascore,2026-08-09T08:07:33.988763
38,77040,Nacho Ferri,1196903,KVC Westerlo,2893,11,2,7.04,16.2,2.4,101,42,30,22,27,7,0,2910,36,expectedAssists,BEL,2025-2026,datafc_sofascore,2026-08-09T08:07:33.988763
38,77040,Josimar Alcócer,1131598,KVC Westerlo,2893,3,4,6.63,3.61,2.38,54,24,26,47,51,6,0,2722,35,expectedAssists,BEL,2025-2026,datafc_sofascore,2026-08-09T08:07:33.988763
38,77040,Joël Ito,1593830,RAAL La Louvière,368506,1,1,6.72,1.26,2.37,22,7,17,23,60,2,0,2340,33,expectedAssists,BEL,2025-2026,datafc_sofascore,2026-08-09T08:07:33.988763
38,77040,Emran Soglo,1403124,SV Zulte Waregem,2933,0,3,6.85,1.02,2.37,16,2,15,23,29,2,0,1045,18,expectedAssists,BEL,2025-2026,datafc_sofascore,2026-08-09T08:07:33.988763
38,77040,Shunsuke Saito,1869028,KVC Westerlo,2893,1,1,6.72,1.62,2.37,18,2,11,13,17,2,0,855,17,expectedAssists,BEL,2025-2026,datafc_sofascore,2026-08-09T08:07:33.988763
38,77040,Ross Sykes,845558,Royale Union Saint-Gilloise,4860,5,0,7.28,3.78,2.34,56,25,21,6,40,9,0,2629,32,expectedAssists,BEL,2025-2026,datafc_sofascore,2026-08-09T08:07:33.988763
38,77040,Jerry Afriyie,1836721,RAAL La Louvière,368506,5,1,6.52,7.65,2.32,51,21,17,36,23,7,0,2497,31,expectedAssists,BEL,2025-2026,datafc_sofascore,2026-08-09T08:07:33.988763
38,77040,Steve Ngoura,1394411,Cercle Brugge,2929,7,4,6.67,9.75,2.31,71,23,22,27,9,2,0,2097,34,expectedAssists,BEL,2025-2026,datafc_sofascore,2026-08-09T08:07:33.988763
38,77040,Hyllarion Goore,2048955,KAA Gent,2903,5,4,6.71,5.22,2.29,55,15,20,25,9,2,0,1431,34,expectedAssists,BEL,2025-2026,datafc_sofascore,2026-08-09T08:07:33.988763
38,77040,Nathan De Cat,1637689,RSC Anderlecht,2900,2,4,6.75,1.79,2.28,30,6,28,21,60,8,0,2739,36,expectedAssists,BEL,2025-2026,datafc_sofascore,2026-08-09T08:07:33.988763
38,77040,Christos Tzolis,1031259,Club Brugge KV,2888,17,23,7.71,17.4,15.94,123,44,135,40,29,6,0,3072,36,shotsOnTarget,BEL,2025-2026,datafc_sofascore,2026-08-09T08:07:33.988763
38,77040,Nacho Ferri,1196903,KVC Westerlo,2893,11,2,7.04,16.2,2.4,101,42,30,22,27,7,0,2910,36,shotsOnTarget,BEL,2025-2026,datafc_sofascore,2026-08-09T08:07:33.988763
38,77040,Nicolò Tresoldi,1177167,Club Brugge KV,2888,19,5,6.99,16.6,3.73,101,39,38,19,29,1,0,2507,40,shotsOnTarget,BEL,2025-2026,datafc_sofascore,2026-08-09T08:07:33.988763
38,77040,Wilfried Kanga,838640,KAA Gent,2903,12,4,6.71,15.13,1.71,90,37,27,8,8,4,0,2836,36,shotsOnTarget,BEL,2025-2026,datafc_sofascore,2026-08-09T08:07:33.988763
38,77040,Jeppe Erenbjerg,1035095,SV Zulte Waregem,2933,13,3,7.12,10.16,5.5,88,32,41,24,24,2,0,2787,35,shotsOnTarget,BEL,2025-2026,datafc_sofascore,2026-08-09T08:07:33.988763
38,77040,Rafiki Saïd,1047321,Standard Liège,2901,8,4,7.07,10.2,4.41,90,32,28,69,30,4,0,2756,37,shotsOnTarget,BEL,2025-2026,datafc_sofascore,2026-08-09T08:07:33.988763
38,77040,Thorgan Hazard,94286,RSC Anderlecht,2900,13,7,7.04,11.91,8.06,74,31,78,38,38,6,1,2722,36,shotsOnTarget,BEL,2025-2026,datafc_sofascore,2026-08-09T08:07:33.988763
38,77040,Vincent Janssen,339901,Royal Antwerp FC,2889,10,7,6.87,12.99,3.46,91,30,33,21,29,8,0,3088,35,shotsOnTarget,BEL,2025-2026,datafc_sofascore,2026-08-09T08:07:33.988763
38,77040,Kevin Rodriguez,1431770,Royale Union Saint-Gilloise,4860,10,2,6.69,8.63,2.84,76,30,19,19,19,2,0,1825,31,shotsOnTarget,BEL,2025-2026,datafc_sofascore,2026-08-09T08:07:33.988763
38,77040,Aurélien Scheidler,915567,RC Sporting Charleroi,2898,9,4,6.81,12.47,2.75,71,28,38,10,8,3,0,3266,40,shotsOnTarget,BEL,2025-2026,datafc_sofascore,2026-08-09T08:07:33.988763
38,77040,Adriano Bertaccini,867250,RSC Anderlecht,2900,7,2,6.7,7.73,1.74,65,28,15,17,14,5,1,1603,33,shotsOnTarget,BEL,2025-2026,datafc_sofascore,2026-08-09T08:07:33.988763
38,77040,Ryotaro Ito,831697,Sint-Truidense VV,2895,10,5,7.28,8.51,8.81,73,27,102,19,20,1,0,2838,35,shotsOnTarget,BEL,2025-2026,datafc_sofascore,2026-08-09T08:07:33.988763
38,77040,Konstantinos Karetsas,1468744,KRC Genk,2890,0,10,6.91,4.62,7.63,68,27,68,59,30,3,0,2247,34,shotsOnTarget,BEL,2025-2026,datafc_sofascore,2026-08-09T08:07:33.988763
38,77040,Ilias Sebaoui,1154586,Sint-Truidense VV,2895,5,5,6.81,8.33,5.21,93,27,36,43,46,3,0,3272,40,shotsOnTarget,BEL,2025-2026,datafc_sofascore,2026-08-09T08:07:33.988763
38,77040,Promise David,1119328,Royale Union Saint-Gilloise,4860,9,1,6.68,12.3,1.04,70,26,13,6,4,1,0,1493,24,shotsOnTarget,BEL,2025-2026,datafc_sofascore,2026-08-09T08:07:33.988763
38,77040,Ross Sykes,845558,Royale Union Saint-Gilloise,4860,5,0,7.28,3.78,2.34,56,25,21,6,40,9,0,2629,32,shotsOnTarget,BEL,2025-2026,datafc_sofascore,2026-08-09T08:07:33.988763
38,77040,Aleksandar Stanković,1153957,Club Brugge KV,2888,6,2,7.09,4.66,4.09,74,25,33,8,39,4,0,3076,39,shotsOnTarget,BEL,2025-2026,datafc_sofascore,2026-08-09T08:07:33.988763
38,77040,Daan Heymans,845344,KRC Genk,2890,10,4,6.98,7.98,2.96,61,25,33,11,50,3,0,2362,31,shotsOnTarget,BEL,2025-2026,datafc_sofascore,2026-08-09T08:07:33.988763
38,77040,Joseph Opoku,1922407,SV Zulte Waregem,2933,10,6,6.91,10.15,3.62,69,25,46,37,16,2,0,2458,33,shotsOnTarget,BEL,2025-2026,datafc_sofascore,2026-08-09T08:07:33.988763
38,77040,Keisuke Goto,1391315,Sint-Truidense VV,2895,11,7,6.77,13.43,4.3,62,25,30,7,41,5,0,2885,38,shotsOnTarget,BEL,2025-2026,datafc_sofascore,2026-08-09T08:07:33.988763
38,77040,Lion Lauberbach,886171,KV Mechelen,5044,6,1,6.7,9.02,0.94,48,25,15,21,12,4,0,1872,22,shotsOnTarget,BEL,2025-2026,datafc_sofascore,2026-08-09T08:07:33.988763
38,77040,Zakaria El Ouahdi,1134470,KRC Genk,2890,8,4,7.07,4.96,4.37,70,24,49,36,42,4,0,2996,34,shotsOnTarget,BEL,2025-2026,datafc_sofascore,2026-08-09T08:07:33.988763
38,77040,Hyeon-gyu Oh,1010634,KRC Genk,2890,6,3,6.77,7.63,1.49,49,24,17,6,10,2,0,1116,20,shotsOnTarget,BEL,2025-2026,datafc_sofascore,2026-08-09T08:07:33.988763
38,77040,Josimar Alcócer,1131598,KVC Westerlo,2893,3,4,6.63,3.61,2.38,54,24,26,47,51,6,0,2722,35,shotsOnTarget,BEL,2025-2026,datafc_sofascore,2026-08-09T08:07:33.988763
38,77040,Oluwaseun Adewumi,1201883,Cercle Brugge,2929,5,0,6.61,7.78,1.06,57,24,12,27,14,2,0,1598,32,shotsOnTarget,BEL,2025-2026,datafc_sofascore,2026-08-09T08:07:33.988763
38,77040,Pape Moussa Fall,1890424,RAAL La Louvière,368506,11,1,7.14,11.35,1.56,62,23,14,5,11,3,0,1771,27,shotsOnTarget,BEL,2025-2026,datafc_sofascore,2026-08-09T08:07:33.988763
38,77040,Steve Ngoura,1394411,Cercle Brugge,2929,7,4,6.67,9.75,2.31,71,23,22,27,9,2,0,2097,34,shotsOnTarget,BEL,2025-2026,datafc_sofascore,2026-08-09T08:07:33.988763
38,77040,Parfait Guiagon,1030459,RC Sporting Charleroi,2898,9,5,7.08,7.78,5.5,80,22,52,73,30,6,0,2555,33,shotsOnTarget,BEL,2025-2026,datafc_sofascore,2026-08-09T08:07:33.988763
38,77040,Edan Diop,1390575,Cercle Brugge,2929,7,3,6.99,6.96,5.33,53,22,46,43,52,7,0,2607,33,shotsOnTarget,BEL,2025-2026,datafc_sofascore,2026-08-09T08:07:33.988763
38,77040,Patrick Pflücke,281283,RC Sporting Charleroi,2898,4,8,6.97,5.54,8.28,63,22,67,9,22,0,0,2670,41,shotsOnTarget,BEL,2025-2026,datafc_sofascore,2026-08-09T08:07:33.988763
38,77040,Bruny Nsimba,1047536,FCV Dender,389232,9,4,6.8,10.1,3.3,60,22,24,20,17,3,0,1905,30,shotsOnTarget,BEL,2025-2026,datafc_sofascore,2026-08-09T08:07:33.988763
38,77040,Hans Vanaken,118085,Club Brugge KV,2888,7,3,7.45,8.38,8.0,58,21,67,15,38,2,0,3366,39,shotsOnTarget,BEL,2025-2026,datafc_sofascore,2026-08-09T08:07:33.988763
38,77040,Carlos Forbs,1069486,Club Brugge KV,2888,8,8,7.17,6.18,8.55,57,21,61,52,40,4,0,2816,37,shotsOnTarget,BEL,2025-2026,datafc_sofascore,2026-08-09T08:07:33.988763
38,77040,Max Dean,1065233,KAA Gent,2903,7,1,6.69,8.96,1.47,50,21,16,5,8,2,1,1187,23,shotsOnTarget,BEL,2025-2026,datafc_sofascore,2026-08-09T08:07:33.988763
38,77040,Isa Sakamoto,1126245,KVC Westerlo,2893,6,4,6.67,7.98,2.85,66,21,32,62,43,1,0,3021,38,shotsOnTarget,BEL,2025-2026,datafc_sofascore,2026-08-09T08:07:33.988763
38,77040,Mihajlo Cvetković,1427166,RSC Anderlecht,2900,9,2,6.6,7.58,1.0,41,21,17,8,15,4,1,1631,29,shotsOnTarget,BEL,2025-2026,datafc_sofascore,2026-08-09T08:07:33.988763
38,77040,Jerry Afriyie,1836721,RAAL La Louvière,368506,5,1,6.52,7.65,2.32,51,21,17,36,23,7,0,2497,31,shotsOnTarget,BEL,2025-2026,datafc_sofascore,2026-08-09T08:07:33.988763
38,77040,Yassine Titraoui,1094538,RC Sporting Charleroi,2898,5,1,7.23,2.9,3.78,53,20,31,26,58,7,0,2904,35,shotsOnTarget,BEL,2025-2026,datafc_sofascore,2026-08-09T08:07:33.988763
38,77040,Romeo Vermant,1069336,Club Brugge KV,2888,8,2,6.64,6.53,1.09,48,19,15,5,19,3,0,1338,35,shotsOnTarget,BEL,2025-2026,datafc_sofascore,2026-08-09T08:07:33.988763
38,77040,Chukwubuikem Ikwuemesi,1143547,Oud-Heverlee Leuven,2918,4,0,6.54,5.11,0.95,46,19,16,20,7,4,0,1829,34,shotsOnTarget,BEL,2025-2026,datafc_sofascore,2026-08-09T08:07:33.988763
38,77040,Anosike Ementa,1094132,SV Zulte Waregem,2933,4,8,6.9,7.37,3.77,41,18,61,40,20,5,0,2616,32,shotsOnTarget,BEL,2025-2026,datafc_sofascore,2026-08-09T08:07:33.988763
38,77040,Oumar Diakité,1188191,Cercle Brugge,2929,7,0,6.63,7.36,1.43,39,18,22,23,14,4,1,1429,25,shotsOnTarget,BEL,2025-2026,datafc_sofascore,2026-08-09T08:07:33.988763
38,77040,Myron Van Brederode,1012925,KV Mechelen,5044,9,5,7.1,5.95,5.55,41,17,57,49,34,2,0,2840,34,shotsOnTarget,BEL,2025-2026,datafc_sofascore,2026-08-09T08:07:33.988763
38,77040,Christopher Scott,997118,Royal Antwerp FC,2889,6,2,6.99,4.76,2.76,43,17,27,17,57,3,0,2206,31,shotsOnTarget,BEL,2025-2026,datafc_sofascore,2026-08-09T08:07:33.988763
38,77040,Marley Aké,988839,SV Zulte Waregem,2933,8,0,6.9,5.67,2.12,48,17,16,22,26,1,0,1746,30,shotsOnTarget,BEL,2025-2026,datafc_sofascore,2026-08-09T08:07:33.988763
38,77040,Yira Collins Sor,985162,KRC Genk,2890,4,1,6.77,3.69,1.9,35,17,17,15,15,0,0,1147,28,shotsOnTarget,BEL,2025-2026,datafc_sofascore,2026-08-09T08:07:33.988763
38,77040,Gyrano Kerk,386950,Royal Antwerp FC,2889,3,4,6.77,4.85,3.05,50,17,26,35,34,4,0,2095,27,shotsOnTarget,BEL,2025-2026,datafc_sofascore,2026-08-09T08:07:33.988763
38,77040,Aaron Bibout,1502620,KRC Genk,2890,6,0,6.68,8.1,0.79,49,17,8,9,6,0,0,1165,21,shotsOnTarget,BEL,2025-2026,datafc_sofascore,2026-08-09T08:07:33.988763
38,77040,Mathieu Maertens,360652,Oud-Heverlee Leuven,2918,1,3,6.6,5.76,1.05,52,17,19,10,23,5,0,1302,35,shotsOnTarget,BEL,2025-2026,datafc_sofascore,2026-08-09T08:07:33.988763
38,77040,Nilson Angulo,1116571,RSC Anderlecht,2900,6,5,7.26,3.77,4.47,33,16,46,44,62,2,1,1902,22,shotsOnTarget,BEL,2025-2026,datafc_sofascore,2026-08-09T08:07:33.988763
38,77040,Junya Ito,783278,KRC Genk,2890,6,5,7.09,3.79,5.63,36,16,51,24,37,4,0,1785,28,shotsOnTarget,BEL,2025-2026,datafc_sofascore,2026-08-09T08:07:33.988763
38,77040,Rihito Yamamoto,1030211,Sint-Truidense VV,2895,5,6,7.08,5.87,6.27,51,16,62,21,75,6,0,3290,38,shotsOnTarget,BEL,2025-2026,datafc_sofascore,2026-08-09T08:07:33.988763
38,77040,Arbnor Muja,890695,Sint-Truidense VV,2895,6,2,6.91,5.76,4.41,43,16,28,21,24,3,1,1855,26,shotsOnTarget,BEL,2025-2026,datafc_sofascore,2026-08-09T08:07:33.988763
38,77040,Farouck Adekami,1920581,Royal Antwerp FC,2889,2,2,6.9,2.95,1.76,35,16,21,38,23,7,0,1140,21,shotsOnTarget,BEL,2025-2026,datafc_sofascore,2026-08-09T08:07:33.988763
38,77040,Thibo Somers,1002804,Royal Antwerp FC,2889,4,2,6.88,5.33,4.11,36,16,27,3,74,3,0,2434,32,shotsOnTarget,BEL,2025-2026,datafc_sofascore,2026-08-09T08:07:33.988763
38,77040,Antoine Bernier,834261,RC Sporting Charleroi,2898,7,2,6.86,4.84,2.76,41,16,29,32,46,7,0,2379,38,shotsOnTarget,BEL,2025-2026,datafc_sofascore,2026-08-09T08:07:33.988763
38,77040,Thomas Claes,1188173,SV Zulte Waregem,2933,2,1,6.85,2.45,3.5,50,16,32,19,52,3,0,2784,34,shotsOnTarget,BEL,2025-2026,datafc_sofascore,2026-08-09T08:07:33.988763
38,77040,Pieter Gerkens,190401,Cercle Brugge,2929,6,1,6.85,5.58,3.44,41,16,40,7,38,1,0,2840,35,shotsOnTarget,BEL,2025-2026,datafc_sofascore,2026-08-09T08:07:33.988763
38,77040,Allahyar Sayyadmanesh,905474,KVC Westerlo,2893,7,3,6.89,7.15,4.43,48,15,37,33,35,5,0,2241,30,shotsOnTarget,BEL,2025-2026,datafc_sofascore,2026-08-09T08:07:33.988763
38,77040,Nathan-Dylan Saliba,1093229,RSC Anderlecht,2900,3,1,6.86,3.27,2.58,59,15,26,19,75,12,1,2319,34,shotsOnTarget,BEL,2025-2026,datafc_sofascore,2026-08-09T08:07:33.988763
38,77040,Raul Florucz,1022491,Royale Union Saint-Gilloise,4860,7,3,6.78,6.84,1.86,46,15,18,14,17,1,0,1214,24,shotsOnTarget,BEL,2025-2026,datafc_sofascore,2026-08-09T08:07:33.988763
38,77040,Mateo Biondic,1387937,Royale Union Saint-Gilloise,4860,4,2,6.76,4.58,0.91,27,15,9,8,5,0,0,771,15,shotsOnTarget,BEL,2025-2026,datafc_sofascore,2026-08-09T08:07:33.988763
38,77040,Jakob Napoleon Romsaas,1198306,RC Sporting Charleroi,2898,2,3,6.72,5.11,2.68,40,15,34,20,27,2,0,1749,37,shotsOnTarget,BEL,2025-2026,datafc_sofascore,2026-08-09T08:07:33.988763
38,77040,Hyllarion Goore,2048955,KAA Gent,2903,5,4,6.71,5.22,2.29,55,15,20,25,9,2,0,1431,34,shotsOnTarget,BEL,2025-2026,datafc_sofascore,2026-08-09T08:07:33.988763
38,77040,Tristan Degreef,1436187,RSC Anderlecht,2900,4,2,6.65,2.62,1.63,39,15,22,15,49,3,1,1891,34,shotsOnTarget,BEL,2025-2026,datafc_sofascore,2026-08-09T08:07:33.988763
38,77040,Brandon Mechele,248331,Club Brugge KV,2888,5,2,7.29,3.46,1.49,33,14,22,5,77,4,0,3435,39,shotsOnTarget,BEL,2025-2026,datafc_sofascore,2026-08-09T08:07:33.988763
38,77040,Hugo Vetlesen,877236,Club Brugge KV,2888,5,6,6.87,4.89,3.32,36,14,22,12,25,5,0,1315,25,shotsOnTarget,BEL,2025-2026,datafc_sofascore,2026-08-09T08:07:33.988763
38,77040,Anan Khalaili,1403362,Royale Union Saint-Gilloise,4860,3,5,7.22,3.34,7.52,38,13,62,49,69,7,0,3099,38,shotsOnTarget,BEL,2025-2026,datafc_sofascore,2026-08-09T08:07:33.988763
38,77040,Emin Bayram,997153,KVC Westerlo,2893,4,2,7.06,4.39,2.88,41,13,20,15,44,4,2,3322,38,shotsOnTarget,BEL,2025-2026,datafc_sofascore,2026-08-09T08:07:33.988763
38,77040,Anouar Ait El Hadj,964764,Royale Union Saint-Gilloise,4860,2,5,6.9,5.0,7.38,42,13,62,13,29,2,0,2660,38,shotsOnTarget,BEL,2025-2026,datafc_sofascore,2026-08-09T08:07:33.988763
38,77040,Atsuki Ito,1034816,KAA Gent,2903,4,3,6.88,4.25,2.25,37,13,26,14,39,3,0,2184,30,shotsOnTarget,BEL,2025-2026,datafc_sofascore,2026-08-09T08:07:33.988763
38,77040,Robin Mirisola,1405446,KRC Genk,2890,5,2,6.66,6.48,0.66,36,13,15,22,11,3,0,1317,30,shotsOnTarget,BEL,2025-2026,datafc_sofascore,2026-08-09T08:07:33.988763
38,77040,Adem Zorgane,1000472,Royale Union Saint-Gilloise,4860,4,5,7.04,2.44,6.23,28,12,40,19,64,7,0,2968,37,shotsOnTarget,BEL,2025-2026,datafc_sofascore,2026-08-09T08:07:33.988763
38,77040,Youssef Maziz,862821,Oud-Heverlee Leuven,2918,3,4,6.96,4.34,6.75,49,12,63,13,25,6,0,2096,36,shotsOnTarget,BEL,2025-2026,datafc_sofascore,2026-08-09T08:07:33.988763
38,77040,Anthony Valencia,1020197,Royal Antwerp FC,2889,4,2,6.95,3.57,2.73,29,12,29,36,27,3,0,1332,23,shotsOnTarget,BEL,2025-2026,datafc_sofascore,2026-08-09T08:07:33.988763
38,77040,Alan Minda,1122552,Cercle Brugge,2929,3,2,6.86,2.77,1.19,27,12,10,20,3,0,0,974,17,shotsOnTarget,BEL,2025-2026,datafc_sofascore,2026-08-09T08:07:33.988763
38,77040,Łukasz Łakomy,1001201,Oud-Heverlee Leuven,2918,3,3,6.82,1.56,3.17,32,12,35,13,44,6,0,2123,32,shotsOnTarget,BEL,2025-2026,datafc_sofascore,2026-08-09T08:07:33.988763
38,77040,Ewoud Pletinckx,949101,Oud-Heverlee Leuven,2918,3,0,6.74,2.91,1.14,35,12,14,6,55,4,0,3538,40,shotsOnTarget,BEL,2025-2026,datafc_sofascore,2026-08-09T08:07:33.988763
38,77040,Roman Kvet,858926,FCV Dender,389232,5,0,6.73,4.44,3.29,38,12,39,24,34,5,0,2676,34,shotsOnTarget,BEL,2025-2026,datafc_sofascore,2026-08-09T08:07:33.988763
38,77040,Fabio Ferraro,1145225,FCV Dender,389232,1,3,6.62,2.28,3.94,30,12,41,31,53,5,0,2531,29,shotsOnTarget,BEL,2025-2026,datafc_sofascore,2026-08-09T08:07:33.988763
38,77040,Sory Kaba,869131,Oud-Heverlee Leuven,2918,6,2,6.59,5.38,1.57,41,12,22,12,11,6,0,1595,30,shotsOnTarget,BEL,2025-2026,datafc_sofascore,2026-08-09T08:07:33.988763
38,77040,David Toshevski,1021398,FCV Dender,389232,4,0,6.57,5.5,1.06,40,12,10,13,11,5,1,1520,26,shotsOnTarget,BEL,2025-2026,datafc_sofascore,2026-08-09T08:07:33.988763
38,77040,Bryan Heynen,801025,KRC Genk,2890,4,1,7.31,4.75,4.68,48,11,49,22,99,5,0,3603,40,shotsOnTarget,BEL,2025-2026,datafc_sofascore,2026-08-09T08:07:33.988763
38,77040,Mathis Servais,1093876,KV Mechelen,5044,2,4,6.98,2.95,5.07,41,11,35,11,48,5,0,2796,32,shotsOnTarget,BEL,2025-2026,datafc_sofascore,2026-08-09T08:07:33.988763
38,77040,Casper Nielsen,247471,Standard Liège,2901,5,2,6.95,3.38,3.36,32,11,19,8,42,5,0,1878,26,shotsOnTarget,BEL,2025-2026,datafc_sofascore,2026-08-09T08:07:33.988763
38,77040,Adnane Abid,1127801,Standard Liège,2901,2,5,6.92,2.21,4.2,22,11,44,37,40,5,1,2114,34,shotsOnTarget,BEL,2025-2026,datafc_sofascore,2026-08-09T08:07:33.988763
38,77040,Rob Schoofs,133164,Royale Union Saint-Gilloise,4860,4,5,6.89,3.11,5.5,42,11,52,7,27,4,0,2013,36,shotsOnTarget,BEL,2025-2026,datafc_sofascore,2026-08-09T08:07:33.988763
38,77040,Raphael Onyedika,1129862,Club Brugge KV,2888,1,0,6.86,2.76,1.16,29,11,10,16,42,3,0,1995,30,shotsOnTarget,BEL,2025-2026,datafc_sofascore,2026-08-09T08:07:33.988763
38,77040,Omri Gandelman,1019125,KAA Gent,2903,7,1,6.81,5.0,0.62,28,11,11,4,10,1,0,1427,18,shotsOnTarget,BEL,2025-2026,datafc_sofascore,2026-08-09T08:07:33.988763
38,77040,Kevin Van Den Kerkhof,1130602,RC Sporting Charleroi,2898,3,4,6.78,3.1,2.9,35,11,35,27,56,5,1,2117,30,shotsOnTarget,BEL,2025-2026,datafc_sofascore,2026-08-09T08:07:33.988763
38,77040,Yaimar Medina,1106546,KRC Genk,2890,0,3,6.73,1.37,1.99,27,11,19,2,21,4,0,1534,27,shotsOnTarget,BEL,2025-2026,datafc_sofascore,2026-08-09T08:07:33.988763
38,77040,Bouke Boersma,2041882,KV Mechelen,5044,3,3,6.58,3.32,1.13,23,11,8,5,3,1,0,1325,17,shotsOnTarget,BEL,2025-2026,datafc_sofascore,2026-08-09T08:07:33.988763
38,77040,Doğucan Haspolat,846087,KVC Westerlo,2893,1,4,7.18,2.52,7.83,46,10,86,19,82,7,0,3395,38,shotsOnTarget,BEL,2025-2026,datafc_sofascore,2026-08-09T08:07:33.988763
38,77040,Michał Skóraś,942479,KAA Gent,2903,2,7,7.06,3.87,6.79,43,10,65,37,49,6,1,2697,34,shotsOnTarget,BEL,2025-2026,datafc_sofascore,2026-08-09T08:07:33.988763
38,77040,Aiham Ousou,965265,RC Sporting Charleroi,2898,2,1,6.95,3.22,1.58,34,10,11,5,53,12,1,3395,39,shotsOnTarget,BEL,2025-2026,datafc_sofascore,2026-08-09T08:07:33.988763
38,77040,Gary Magnee,990265,Cercle Brugge,2929,4,7,6.93,5.4,6.75,31,10,74,20,72,4,0,2889,34,shotsOnTarget,BEL,2025-2026,datafc_sofascore,2026-08-09T08:07:33.988763
38,77040,Thibaud Verlinden,826172,Oud-Heverlee Leuven,2918,2,4,6.92,0.59,4.03,20,10,26,21,24,4,0,1463,26,shotsOnTarget,BEL,2025-2026,datafc_sofascore,2026-08-09T08:07:33.988763
38,77040,Kerim Mrabti,338869,KV Mechelen,5044,5,3,6.81,3.37,1.81,29,10,20,8,31,5,0,2300,33,shotsOnTarget,BEL,2025-2026,datafc_sofascore,2026-08-09T08:07:33.988763
38,77040,Danylo Sikan,945479,RSC Anderlecht,2900,2,1,6.75,1.71,0.37,14,10,1,0,6,1,0,419,9,shotsOnTarget,BEL,2025-2026,datafc_sofascore,2026-08-09T08:07:33.988763
38,77040,Benito Raman,94300,KV Mechelen,5044,3,3,6.65,4.82,1.09,28,10,13,11,11,0,0,1087,29,shotsOnTarget,BEL,2025-2026,datafc_sofascore,2026-08-09T08:07:33.988763
38,77040,Christos Tzolis,1031259,Club Brugge KV,2888,17,23,7.71,17.4,15.94,123,44,135,40,29,6,0,3072,36,shotsOnTarget,BEL,2025-2026,datafc_sofascore,2026-08-09T08:07:33.988763
38,77040,Nacho Ferri,1196903,KVC Westerlo,2893,11,2,7.04,16.2,2.4,101,42,30,22,27,7,0,2910,36,shotsOnTarget,BEL,2025-2026,datafc_sofascore,2026-08-09T08:07:33.988763
38,77040,Nicolò Tresoldi,1177167,Club Brugge KV,2888,19,5,6.99,16.6,3.73,101,39,38,19,29,1,0,2507,40,shotsOnTarget,BEL,2025-2026,datafc_sofascore,2026-08-09T08:07:33.988763
38,77040,Wilfried Kanga,838640,KAA Gent,2903,12,4,6.71,15.13,1.71,90,37,27,8,8,4,0,2836,36,shotsOnTarget,BEL,2025-2026,datafc_sofascore,2026-08-09T08:07:33.988763
38,77040,Jeppe Erenbjerg,1035095,SV Zulte Waregem,2933,13,3,7.12,10.16,5.5,88,32,41,24,24,2,0,2787,35,shotsOnTarget,BEL,2025-2026,datafc_sofascore,2026-08-09T08:07:33.988763
38,77040,Rafiki Saïd,1047321,Standard Liège,2901,8,4,7.07,10.2,4.41,90,32,28,69,30,4,0,2756,37,shotsOnTarget,BEL,2025-2026,datafc_sofascore,2026-08-09T08:07:33.988763
38,77040,Thorgan Hazard,94286,RSC Anderlecht,2900,13,7,7.04,11.91,8.06,74,31,78,38,38,6,1,2722,36,shotsOnTarget,BEL,2025-2026,datafc_sofascore,2026-08-09T08:07:33.988763
38,77040,Vincent Janssen,339901,Royal Antwerp FC,2889,10,7,6.87,12.99,3.46,91,30,33,21,29,8,0,3088,35,shotsOnTarget,BEL,2025-2026,datafc_sofascore,2026-08-09T08:07:33.988763
38,77040,Kevin Rodriguez,1431770,Royale Union Saint-Gilloise,4860,10,2,6.69,8.63,2.84,76,30,19,19,19,2,0,1825,31,shotsOnTarget,BEL,2025-2026,datafc_sofascore,2026-08-09T08:07:33.988763
38,77040,Aurélien Scheidler,915567,RC Sporting Charleroi,2898,9,4,6.81,12.47,2.75,71,28,38,10,8,3,0,3266,40,shotsOnTarget,BEL,2025-2026,datafc_sofascore,2026-08-09T08:07:33.988763
38,77040,Adriano Bertaccini,867250,RSC Anderlecht,2900,7,2,6.7,7.73,1.74,65,28,15,17,14,5,1,1603,33,shotsOnTarget,BEL,2025-2026,datafc_sofascore,2026-08-09T08:07:33.988763
38,77040,Ryotaro Ito,831697,Sint-Truidense VV,2895,10,5,7.28,8.51,8.81,73,27,102,19,20,1,0,2838,35,shotsOnTarget,BEL,2025-2026,datafc_sofascore,2026-08-09T08:07:33.988763
38,77040,Konstantinos Karetsas,1468744,KRC Genk,2890,0,10,6.91,4.62,7.63,68,27,68,59,30,3,0,2247,34,shotsOnTarget,BEL,2025-2026,datafc_sofascore,2026-08-09T08:07:33.988763
38,77040,Ilias Sebaoui,1154586,Sint-Truidense VV,2895,5,5,6.81,8.33,5.21,93,27,36,43,46,3,0,3272,40,shotsOnTarget,BEL,2025-2026,datafc_sofascore,2026-08-09T08:07:33.988763
38,77040,Promise David,1119328,Royale Union Saint-Gilloise,4860,9,1,6.68,12.3,1.04,70,26,13,6,4,1,0,1493,24,shotsOnTarget,BEL,2025-2026,datafc_sofascore,2026-08-09T08:07:33.988763
38,77040,Ross Sykes,845558,Royale Union Saint-Gilloise,4860,5,0,7.28,3.78,2.34,56,25,21,6,40,9,0,2629,32,shotsOnTarget,BEL,2025-2026,datafc_sofascore,2026-08-09T08:07:33.988763
38,77040,Aleksandar Stanković,1153957,Club Brugge KV,2888,6,2,7.09,4.66,4.09,74,25,33,8,39,4,0,3076,39,shotsOnTarget,BEL,2025-2026,datafc_sofascore,2026-08-09T08:07:33.988763
38,77040,Daan Heymans,845344,KRC Genk,2890,10,4,6.98,7.98,2.96,61,25,33,11,50,3,0,2362,31,shotsOnTarget,BEL,2025-2026,datafc_sofascore,2026-08-09T08:07:33.988763
38,77040,Joseph Opoku,1922407,SV Zulte Waregem,2933,10,6,6.91,10.15,3.62,69,25,46,37,16,2,0,2458,33,shotsOnTarget,BEL,2025-2026,datafc_sofascore,2026-08-09T08:07:33.988763
38,77040,Keisuke Goto,1391315,Sint-Truidense VV,2895,11,7,6.77,13.43,4.3,62,25,30,7,41,5,0,2885,38,shotsOnTarget,BEL,2025-2026,datafc_sofascore,2026-08-09T08:07:33.988763
38,77040,Lion Lauberbach,886171,KV Mechelen,5044,6,1,6.7,9.02,0.94,48,25,15,21,12,4,0,1872,22,shotsOnTarget,BEL,2025-2026,datafc_sofascore,2026-08-09T08:07:33.988763
38,77040,Zakaria El Ouahdi,1134470,KRC Genk,2890,8,4,7.07,4.96,4.37,70,24,49,36,42,4,0,2996,34,shotsOnTarget,BEL,2025-2026,datafc_sofascore,2026-08-09T08:07:33.988763
38,77040,Hyeon-gyu Oh,1010634,KRC Genk,2890,6,3,6.77,7.63,1.49,49,24,17,6,10,2,0,1116,20,shotsOnTarget,BEL,2025-2026,datafc_sofascore,2026-08-09T08:07:33.988763
38,77040,Josimar Alcócer,1131598,KVC Westerlo,2893,3,4,6.63,3.61,2.38,54,24,26,47,51,6,0,2722,35,shotsOnTarget,BEL,2025-2026,datafc_sofascore,2026-08-09T08:07:33.988763
38,77040,Oluwaseun Adewumi,1201883,Cercle Brugge,2929,5,0,6.61,7.78,1.06,57,24,12,27,14,2,0,1598,32,shotsOnTarget,BEL,2025-2026,datafc_sofascore,2026-08-09T08:07:33.988763
38,77040,Pape Moussa Fall,1890424,RAAL La Louvière,368506,11,1,7.14,11.35,1.56,62,23,14,5,11,3,0,1771,27,shotsOnTarget,BEL,2025-2026,datafc_sofascore,2026-08-09T08:07:33.988763
38,77040,Steve Ngoura,1394411,Cercle Brugge,2929,7,4,6.67,9.75,2.31,71,23,22,27,9,2,0,2097,34,shotsOnTarget,BEL,2025-2026,datafc_sofascore,2026-08-09T08:07:33.988763
38,77040,Parfait Guiagon,1030459,RC Sporting Charleroi,2898,9,5,7.08,7.78,5.5,80,22,52,73,30,6,0,2555,33,shotsOnTarget,BEL,2025-2026,datafc_sofascore,2026-08-09T08:07:33.988763
38,77040,Edan Diop,1390575,Cercle Brugge,2929,7,3,6.99,6.96,5.33,53,22,46,43,52,7,0,2607,33,shotsOnTarget,BEL,2025-2026,datafc_sofascore,2026-08-09T08:07:33.988763
38,77040,Patrick Pflücke,281283,RC Sporting Charleroi,2898,4,8,6.97,5.54,8.28,63,22,67,9,22,0,0,2670,41,shotsOnTarget,BEL,2025-2026,datafc_sofascore,2026-08-09T08:07:33.988763
38,77040,Bruny Nsimba,1047536,FCV Dender,389232,9,4,6.8,10.1,3.3,60,22,24,20,17,3,0,1905,30,shotsOnTarget,BEL,2025-2026,datafc_sofascore,2026-08-09T08:07:33.988763
38,77040,Hans Vanaken,118085,Club Brugge KV,2888,7,3,7.45,8.38,8.0,58,21,67,15,38,2,0,3366,39,shotsOnTarget,BEL,2025-2026,datafc_sofascore,2026-08-09T08:07:33.988763
38,77040,Carlos Forbs,1069486,Club Brugge KV,2888,8,8,7.17,6.18,8.55,57,21,61,52,40,4,0,2816,37,shotsOnTarget,BEL,2025-2026,datafc_sofascore,2026-08-09T08:07:33.988763
38,77040,Max Dean,1065233,KAA Gent,2903,7,1,6.69,8.96,1.47,50,21,16,5,8,2,1,1187,23,shotsOnTarget,BEL,2025-2026,datafc_sofascore,2026-08-09T08:07:33.988763
38,77040,Isa Sakamoto,1126245,KVC Westerlo,2893,6,4,6.67,7.98,2.85,66,21,32,62,43,1,0,3021,38,shotsOnTarget,BEL,2025-2026,datafc_sofascore,2026-08-09T08:07:33.988763
38,77040,Mihajlo Cvetković,1427166,RSC Anderlecht,2900,9,2,6.6,7.58,1.0,41,21,17,8,15,4,1,1631,29,shotsOnTarget,BEL,2025-2026,datafc_sofascore,2026-08-09T08:07:33.988763
38,77040,Jerry Afriyie,1836721,RAAL La Louvière,368506,5,1,6.52,7.65,2.32,51,21,17,36,23,7,0,2497,31,shotsOnTarget,BEL,2025-2026,datafc_sofascore,2026-08-09T08:07:33.988763
38,77040,Yassine Titraoui,1094538,RC Sporting Charleroi,2898,5,1,7.23,2.9,3.78,53,20,31,26,58,7,0,2904,35,shotsOnTarget,BEL,2025-2026,datafc_sofascore,2026-08-09T08:07:33.988763
38,77040,Romeo Vermant,1069336,Club Brugge KV,2888,8,2,6.64,6.53,1.09,48,19,15,5,19,3,0,1338,35,shotsOnTarget,BEL,2025-2026,datafc_sofascore,2026-08-09T08:07:33.988763
38,77040,Chukwubuikem Ikwuemesi,1143547,Oud-Heverlee Leuven,2918,4,0,6.54,5.11,0.95,46,19,16,20,7,4,0,1829,34,shotsOnTarget,BEL,2025-2026,datafc_sofascore,2026-08-09T08:07:33.988763
38,77040,Anosike Ementa,1094132,SV Zulte Waregem,2933,4,8,6.9,7.37,3.77,41,18,61,40,20,5,0,2616,32,shotsOnTarget,BEL,2025-2026,datafc_sofascore,2026-08-09T08:07:33.988763
38,77040,Oumar Diakité,1188191,Cercle Brugge,2929,7,0,6.63,7.36,1.43,39,18,22,23,14,4,1,1429,25,shotsOnTarget,BEL,2025-2026,datafc_sofascore,2026-08-09T08:07:33.988763
38,77040,Myron Van Brederode,1012925,KV Mechelen,5044,9,5,7.1,5.95,5.55,41,17,57,49,34,2,0,2840,34,shotsOnTarget,BEL,2025-2026,datafc_sofascore,2026-08-09T08:07:33.988763
38,77040,Christopher Scott,997118,Royal Antwerp FC,2889,6,2,6.99,4.76,2.76,43,17,27,17,57,3,0,2206,31,shotsOnTarget,BEL,2025-2026,datafc_sofascore,2026-08-09T08:07:33.988763
38,77040,Marley Aké,988839,SV Zulte Waregem,2933,8,0,6.9,5.67,2.12,48,17,16,22,26,1,0,1746,30,shotsOnTarget,BEL,2025-2026,datafc_sofascore,2026-08-09T08:07:33.988763
38,77040,Yira Collins Sor,985162,KRC Genk,2890,4,1,6.77,3.69,1.9,35,17,17,15,15,0,0,1147,28,shotsOnTarget,BEL,2025-2026,datafc_sofascore,2026-08-09T08:07:33.988763
38,77040,Gyrano Kerk,386950,Royal Antwerp FC,2889,3,4,6.77,4.85,3.05,50,17,26,35,34,4,0,2095,27,shotsOnTarget,BEL,2025-2026,datafc_sofascore,2026-08-09T08:07:33.988763
38,77040,Aaron Bibout,1502620,KRC Genk,2890,6,0,6.68,8.1,0.79,49,17,8,9,6,0,0,1165,21,shotsOnTarget,BEL,2025-2026,datafc_sofascore,2026-08-09T08:07:33.988763
38,77040,Mathieu Maertens,360652,Oud-Heverlee Leuven,2918,1,3,6.6,5.76,1.05,52,17,19,10,23,5,0,1302,35,shotsOnTarget,BEL,2025-2026,datafc_sofascore,2026-08-09T08:07:33.988763
38,77040,Nilson Angulo,1116571,RSC Anderlecht,2900,6,5,7.26,3.77,4.47,33,16,46,44,62,2,1,1902,22,shotsOnTarget,BEL,2025-2026,datafc_sofascore,2026-08-09T08:07:33.988763
38,77040,Junya Ito,783278,KRC Genk,2890,6,5,7.09,3.79,5.63,36,16,51,24,37,4,0,1785,28,shotsOnTarget,BEL,2025-2026,datafc_sofascore,2026-08-09T08:07:33.988763
38,77040,Rihito Yamamoto,1030211,Sint-Truidense VV,2895,5,6,7.08,5.87,6.27,51,16,62,21,75,6,0,3290,38,shotsOnTarget,BEL,2025-2026,datafc_sofascore,2026-08-09T08:07:33.988763
38,77040,Arbnor Muja,890695,Sint-Truidense VV,2895,6,2,6.91,5.76,4.41,43,16,28,21,24,3,1,1855,26,shotsOnTarget,BEL,2025-2026,datafc_sofascore,2026-08-09T08:07:33.988763
38,77040,Farouck Adekami,1920581,Royal Antwerp FC,2889,2,2,6.9,2.95,1.76,35,16,21,38,23,7,0,1140,21,shotsOnTarget,BEL,2025-2026,datafc_sofascore,2026-08-09T08:07:33.988763
38,77040,Thibo Somers,1002804,Royal Antwerp FC,2889,4,2,6.88,5.33,4.11,36,16,27,3,74,3,0,2434,32,shotsOnTarget,BEL,2025-2026,datafc_sofascore,2026-08-09T08:07:33.988763
38,77040,Antoine Bernier,834261,RC Sporting Charleroi,2898,7,2,6.86,4.84,2.76,41,16,29,32,46,7,0,2379,38,shotsOnTarget,BEL,2025-2026,datafc_sofascore,2026-08-09T08:07:33.988763
38,77040,Thomas Claes,1188173,SV Zulte Waregem,2933,2,1,6.85,2.45,3.5,50,16,32,19,52,3,0,2784,34,shotsOnTarget,BEL,2025-2026,datafc_sofascore,2026-08-09T08:07:33.988763
38,77040,Pieter Gerkens,190401,Cercle Brugge,2929,6,1,6.85,5.58,3.44,41,16,40,7,38,1,0,2840,35,shotsOnTarget,BEL,2025-2026,datafc_sofascore,2026-08-09T08:07:33.988763
38,77040,Allahyar Sayyadmanesh,905474,KVC Westerlo,2893,7,3,6.89,7.15,4.43,48,15,37,33,35,5,0,2241,30,shotsOnTarget,BEL,2025-2026,datafc_sofascore,2026-08-09T08:07:33.988763
38,77040,Nathan-Dylan Saliba,1093229,RSC Anderlecht,2900,3,1,6.86,3.27,2.58,59,15,26,19,75,12,1,2319,34,shotsOnTarget,BEL,2025-2026,datafc_sofascore,2026-08-09T08:07:33.988763
38,77040,Raul Florucz,1022491,Royale Union Saint-Gilloise,4860,7,3,6.78,6.84,1.86,46,15,18,14,17,1,0,1214,24,shotsOnTarget,BEL,2025-2026,datafc_sofascore,2026-08-09T08:07:33.988763
38,77040,Mateo Biondic,1387937,Royale Union Saint-Gilloise,4860,4,2,6.76,4.58,0.91,27,15,9,8,5,0,0,771,15,shotsOnTarget,BEL,2025-2026,datafc_sofascore,2026-08-09T08:07:33.988763
38,77040,Jakob Napoleon Romsaas,1198306,RC Sporting Charleroi,2898,2,3,6.72,5.11,2.68,40,15,34,20,27,2,0,1749,37,shotsOnTarget,BEL,2025-2026,datafc_sofascore,2026-08-09T08:07:33.988763
38,77040,Hyllarion Goore,2048955,KAA Gent,2903,5,4,6.71,5.22,2.29,55,15,20,25,9,2,0,1431,34,shotsOnTarget,BEL,2025-2026,datafc_sofascore,2026-08-09T08:07:33.988763
38,77040,Tristan Degreef,1436187,RSC Anderlecht,2900,4,2,6.65,2.62,1.63,39,15,22,15,49,3,1,1891,34,shotsOnTarget,BEL,2025-2026,datafc_sofascore,2026-08-09T08:07:33.988763
38,77040,Brandon Mechele,248331,Club Brugge KV,2888,5,2,7.29,3.46,1.49,33,14,22,5,77,4,0,3435,39,shotsOnTarget,BEL,2025-2026,datafc_sofascore,2026-08-09T08:07:33.988763
38,77040,Hugo Vetlesen,877236,Club Brugge KV,2888,5,6,6.87,4.89,3.32,36,14,22,12,25,5,0,1315,25,shotsOnTarget,BEL,2025-2026,datafc_sofascore,2026-08-09T08:07:33.988763
38,77040,Anan Khalaili,1403362,Royale Union Saint-Gilloise,4860,3,5,7.22,3.34,7.52,38,13,62,49,69,7,0,3099,38,shotsOnTarget,BEL,2025-2026,datafc_sofascore,2026-08-09T08:07:33.988763
38,77040,Emin Bayram,997153,KVC Westerlo,2893,4,2,7.06,4.39,2.88,41,13,20,15,44,4,2,3322,38,shotsOnTarget,BEL,2025-2026,datafc_sofascore,2026-08-09T08:07:33.988763
38,77040,Anouar Ait El Hadj,964764,Royale Union Saint-Gilloise,4860,2,5,6.9,5.0,7.38,42,13,62,13,29,2,0,2660,38,shotsOnTarget,BEL,2025-2026,datafc_sofascore,2026-08-09T08:07:33.988763
38,77040,Atsuki Ito,1034816,KAA Gent,2903,4,3,6.88,4.25,2.25,37,13,26,14,39,3,0,2184,30,shotsOnTarget,BEL,2025-2026,datafc_sofascore,2026-08-09T08:07:33.988763
38,77040,Robin Mirisola,1405446,KRC Genk,2890,5,2,6.66,6.48,0.66,36,13,15,22,11,3,0,1317,30,shotsOnTarget,BEL,2025-2026,datafc_sofascore,2026-08-09T08:07:33.988763
38,77040,Adem Zorgane,1000472,Royale Union Saint-Gilloise,4860,4,5,7.04,2.44,6.23,28,12,40,19,64,7,0,2968,37,shotsOnTarget,BEL,2025-2026,datafc_sofascore,2026-08-09T08:07:33.988763
38,77040,Youssef Maziz,862821,Oud-Heverlee Leuven,2918,3,4,6.96,4.34,6.75,49,12,63,13,25,6,0,2096,36,shotsOnTarget,BEL,2025-2026,datafc_sofascore,2026-08-09T08:07:33.988763
38,77040,Anthony Valencia,1020197,Royal Antwerp FC,2889,4,2,6.95,3.57,2.73,29,12,29,36,27,3,0,1332,23,shotsOnTarget,BEL,2025-2026,datafc_sofascore,2026-08-09T08:07:33.988763
38,77040,Alan Minda,1122552,Cercle Brugge,2929,3,2,6.86,2.77,1.19,27,12,10,20,3,0,0,974,17,shotsOnTarget,BEL,2025-2026,datafc_sofascore,2026-08-09T08:07:33.988763
38,77040,Łukasz Łakomy,1001201,Oud-Heverlee Leuven,2918,3,3,6.82,1.56,3.17,32,12,35,13,44,6,0,2123,32,shotsOnTarget,BEL,2025-2026,datafc_sofascore,2026-08-09T08:07:33.988763
38,77040,Ewoud Pletinckx,949101,Oud-Heverlee Leuven,2918,3,0,6.74,2.91,1.14,35,12,14,6,55,4,0,3538,40,shotsOnTarget,BEL,2025-2026,datafc_sofascore,2026-08-09T08:07:33.988763
38,77040,Roman Kvet,858926,FCV Dender,389232,5,0,6.73,4.44,3.29,38,12,39,24,34,5,0,2676,34,shotsOnTarget,BEL,2025-2026,datafc_sofascore,2026-08-09T08:07:33.988763
38,77040,Fabio Ferraro,1145225,FCV Dender,389232,1,3,6.62,2.28,3.94,30,12,41,31,53,5,0,2531,29,shotsOnTarget,BEL,2025-2026,datafc_sofascore,2026-08-09T08:07:33.988763
38,77040,Sory Kaba,869131,Oud-Heverlee Leuven,2918,6,2,6.59,5.38,1.57,41,12,22,12,11,6,0,1595,30,shotsOnTarget,BEL,2025-2026,datafc_sofascore,2026-08-09T08:07:33.988763
38,77040,David Toshevski,1021398,FCV Dender,389232,4,0,6.57,5.5,1.06,40,12,10,13,11,5,1,1520,26,shotsOnTarget,BEL,2025-2026,datafc_sofascore,2026-08-09T08:07:33.988763
38,77040,Bryan Heynen,801025,KRC Genk,2890,4,1,7.31,4.75,4.68,48,11,49,22,99,5,0,3603,40,shotsOnTarget,BEL,2025-2026,datafc_sofascore,2026-08-09T08:07:33.988763
38,77040,Mathis Servais,1093876,KV Mechelen,5044,2,4,6.98,2.95,5.07,41,11,35,11,48,5,0,2796,32,shotsOnTarget,BEL,2025-2026,datafc_sofascore,2026-08-09T08:07:33.988763
38,77040,Casper Nielsen,247471,Standard Liège,2901,5,2,6.95,3.38,3.36,32,11,19,8,42,5,0,1878,26,shotsOnTarget,BEL,2025-2026,datafc_sofascore,2026-08-09T08:07:33.988763
38,77040,Adnane Abid,1127801,Standard Liège,2901,2,5,6.92,2.21,4.2,22,11,44,37,40,5,1,2114,34,shotsOnTarget,BEL,2025-2026,datafc_sofascore,2026-08-09T08:07:33.988763
38,77040,Rob Schoofs,133164,Royale Union Saint-Gilloise,4860,4,5,6.89,3.11,5.5,42,11,52,7,27,4,0,2013,36,shotsOnTarget,BEL,2025-2026,datafc_sofascore,2026-08-09T08:07:33.988763
38,77040,Raphael Onyedika,1129862,Club Brugge KV,2888,1,0,6.86,2.76,1.16,29,11,10,16,42,3,0,1995,30,shotsOnTarget,BEL,2025-2026,datafc_sofascore,2026-08-09T08:07:33.988763
38,77040,Omri Gandelman,1019125,KAA Gent,2903,7,1,6.81,5.0,0.62,28,11,11,4,10,1,0,1427,18,shotsOnTarget,BEL,2025-2026,datafc_sofascore,2026-08-09T08:07:33.988763
38,77040,Kevin Van Den Kerkhof,1130602,RC Sporting Charleroi,2898,3,4,6.78,3.1,2.9,35,11,35,27,56,5,1,2117,30,shotsOnTarget,BEL,2025-2026,datafc_sofascore,2026-08-09T08:07:33.988763
38,77040,Yaimar Medina,1106546,KRC Genk,2890,0,3,6.73,1.37,1.99,27,11,19,2,21,4,0,1534,27,shotsOnTarget,BEL,2025-2026,datafc_sofascore,2026-08-09T08:07:33.988763
38,77040,Bouke Boersma,2041882,KV Mechelen,5044,3,3,6.58,3.32,1.13,23,11,8,5,3,1,0,1325,17,shotsOnTarget,BEL,2025-2026,datafc_sofascore,2026-08-09T08:07:33.988763
38,77040,Doğucan Haspolat,846087,KVC Westerlo,2893,1,4,7.18,2.52,7.83,46,10,86,19,82,7,0,3395,38,shotsOnTarget,BEL,2025-2026,datafc_sofascore,2026-08-09T08:07:33.988763
38,77040,Michał Skóraś,942479,KAA Gent,2903,2,7,7.06,3.87,6.79,43,10,65,37,49,6,1,2697,34,shotsOnTarget,BEL,2025-2026,datafc_sofascore,2026-08-09T08:07:33.988763
38,77040,Aiham Ousou,965265,RC Sporting Charleroi,2898,2,1,6.95,3.22,1.58,34,10,11,5,53,12,1,3395,39,shotsOnTarget,BEL,2025-2026,datafc_sofascore,2026-08-09T08:07:33.988763
38,77040,Gary Magnee,990265,Cercle Brugge,2929,4,7,6.93,5.4,6.75,31,10,74,20,72,4,0,2889,34,shotsOnTarget,BEL,2025-2026,datafc_sofascore,2026-08-09T08:07:33.988763
38,77040,Thibaud Verlinden,826172,Oud-Heverlee Leuven,2918,2,4,6.92,0.59,4.03,20,10,26,21,24,4,0,1463,26,shotsOnTarget,BEL,2025-2026,datafc_sofascore,2026-08-09T08:07:33.988763
38,77040,Kerim Mrabti,338869,KV Mechelen,5044,5,3,6.81,3.37,1.81,29,10,20,8,31,5,0,2300,33,shotsOnTarget,BEL,2025-2026,datafc_sofascore,2026-08-09T08:07:33.988763
38,77040,Danylo Sikan,945479,RSC Anderlecht,2900,2,1,6.75,1.71,0.37,14,10,1,0,6,1,0,419,9,shotsOnTarget,BEL,2025-2026,datafc_sofascore,2026-08-09T08:07:33.988763
38,77040,Benito Raman,94300,KV Mechelen,5044,3,3,6.65,4.82,1.09,28,10,13,11,11,0,0,1087,29,shotsOnTarget,BEL,2025-2026,datafc_sofascore,2026-08-09T08:07:33.988763
38,77040,Christos Tzolis,1031259,Club Brugge KV,2888,17,23,7.71,17.4,15.94,123,44,135,40,29,6,0,3072,36,totalShots,BEL,2025-2026,datafc_sofascore,2026-08-09T08:07:33.988763
38,77040,Nacho Ferri,1196903,KVC Westerlo,2893,11,2,7.04,16.2,2.4,101,42,30,22,27,7,0,2910,36,totalShots,BEL,2025-2026,datafc_sofascore,2026-08-09T08:07:33.988763
38,77040,Nicolò Tresoldi,1177167,Club Brugge KV,2888,19,5,6.99,16.6,3.73,101,39,38,19,29,1,0,2507,40,totalShots,BEL,2025-2026,datafc_sofascore,2026-08-09T08:07:33.988763
38,77040,Ilias Sebaoui,1154586,Sint-Truidense VV,2895,5,5,6.81,8.33,5.21,93,27,36,43,46,3,0,3272,40,totalShots,BEL,2025-2026,datafc_sofascore,2026-08-09T08:07:33.988763
38,77040,Vincent Janssen,339901,Royal Antwerp FC,2889,10,7,6.87,12.99,3.46,91,30,33,21,29,8,0,3088,35,totalShots,BEL,2025-2026,datafc_sofascore,2026-08-09T08:07:33.988763
38,77040,Rafiki Saïd,1047321,Standard Liège,2901,8,4,7.07,10.2,4.41,90,32,28,69,30,4,0,2756,37,totalShots,BEL,2025-2026,datafc_sofascore,2026-08-09T08:07:33.988763
38,77040,Wilfried Kanga,838640,KAA Gent,2903,12,4,6.71,15.13,1.71,90,37,27,8,8,4,0,2836,36,totalShots,BEL,2025-2026,datafc_sofascore,2026-08-09T08:07:33.988763
38,77040,Jeppe Erenbjerg,1035095,SV Zulte Waregem,2933,13,3,7.12,10.16,5.5,88,32,41,24,24,2,0,2787,35,totalShots,BEL,2025-2026,datafc_sofascore,2026-08-09T08:07:33.988763
38,77040,Parfait Guiagon,1030459,RC Sporting Charleroi,2898,9,5,7.08,7.78,5.5,80,22,52,73,30,6,0,2555,33,totalShots,BEL,2025-2026,datafc_sofascore,2026-08-09T08:07:33.988763
38,77040,Kevin Rodriguez,1431770,Royale Union Saint-Gilloise,4860,10,2,6.69,8.63,2.84,76,30,19,19,19,2,0,1825,31,totalShots,BEL,2025-2026,datafc_sofascore,2026-08-09T08:07:33.988763
38,77040,Aleksandar Stanković,1153957,Club Brugge KV,2888,6,2,7.09,4.66,4.09,74,25,33,8,39,4,0,3076,39,totalShots,BEL,2025-2026,datafc_sofascore,2026-08-09T08:07:33.988763
38,77040,Thorgan Hazard,94286,RSC Anderlecht,2900,13,7,7.04,11.91,8.06,74,31,78,38,38,6,1,2722,36,totalShots,BEL,2025-2026,datafc_sofascore,2026-08-09T08:07:33.988763
38,77040,Ryotaro Ito,831697,Sint-Truidense VV,2895,10,5,7.28,8.51,8.81,73,27,102,19,20,1,0,2838,35,totalShots,BEL,2025-2026,datafc_sofascore,2026-08-09T08:07:33.988763
38,77040,Aurélien Scheidler,915567,RC Sporting Charleroi,2898,9,4,6.81,12.47,2.75,71,28,38,10,8,3,0,3266,40,totalShots,BEL,2025-2026,datafc_sofascore,2026-08-09T08:07:33.988763
38,77040,Steve Ngoura,1394411,Cercle Brugge,2929,7,4,6.67,9.75,2.31,71,23,22,27,9,2,0,2097,34,totalShots,BEL,2025-2026,datafc_sofascore,2026-08-09T08:07:33.988763
38,77040,Zakaria El Ouahdi,1134470,KRC Genk,2890,8,4,7.07,4.96,4.37,70,24,49,36,42,4,0,2996,34,totalShots,BEL,2025-2026,datafc_sofascore,2026-08-09T08:07:33.988763
38,77040,Promise David,1119328,Royale Union Saint-Gilloise,4860,9,1,6.68,12.3,1.04,70,26,13,6,4,1,0,1493,24,totalShots,BEL,2025-2026,datafc_sofascore,2026-08-09T08:07:33.988763
38,77040,Joseph Opoku,1922407,SV Zulte Waregem,2933,10,6,6.91,10.15,3.62,69,25,46,37,16,2,0,2458,33,totalShots,BEL,2025-2026,datafc_sofascore,2026-08-09T08:07:33.988763
38,77040,Konstantinos Karetsas,1468744,KRC Genk,2890,0,10,6.91,4.62,7.63,68,27,68,59,30,3,0,2247,34,totalShots,BEL,2025-2026,datafc_sofascore,2026-08-09T08:07:33.988763
38,77040,Isa Sakamoto,1126245,KVC Westerlo,2893,6,4,6.67,7.98,2.85,66,21,32,62,43,1,0,3021,38,totalShots,BEL,2025-2026,datafc_sofascore,2026-08-09T08:07:33.988763
38,77040,Adriano Bertaccini,867250,RSC Anderlecht,2900,7,2,6.7,7.73,1.74,65,28,15,17,14,5,1,1603,33,totalShots,BEL,2025-2026,datafc_sofascore,2026-08-09T08:07:33.988763
38,77040,Patrick Pflücke,281283,RC Sporting Charleroi,2898,4,8,6.97,5.54,8.28,63,22,67,9,22,0,0,2670,41,totalShots,BEL,2025-2026,datafc_sofascore,2026-08-09T08:07:33.988763
38,77040,Pape Moussa Fall,1890424,RAAL La Louvière,368506,11,1,7.14,11.35,1.56,62,23,14,5,11,3,0,1771,27,totalShots,BEL,2025-2026,datafc_sofascore,2026-08-09T08:07:33.988763
38,77040,Keisuke Goto,1391315,Sint-Truidense VV,2895,11,7,6.77,13.43,4.3,62,25,30,7,41,5,0,2885,38,totalShots,BEL,2025-2026,datafc_sofascore,2026-08-09T08:07:33.988763
38,77040,Daan Heymans,845344,KRC Genk,2890,10,4,6.98,7.98,2.96,61,25,33,11,50,3,0,2362,31,totalShots,BEL,2025-2026,datafc_sofascore,2026-08-09T08:07:33.988763
38,77040,Bruny Nsimba,1047536,FCV Dender,389232,9,4,6.8,10.1,3.3,60,22,24,20,17,3,0,1905,30,totalShots,BEL,2025-2026,datafc_sofascore,2026-08-09T08:07:33.988763
38,77040,Nathan-Dylan Saliba,1093229,RSC Anderlecht,2900,3,1,6.86,3.27,2.58,59,15,26,19,75,12,1,2319,34,totalShots,BEL,2025-2026,datafc_sofascore,2026-08-09T08:07:33.988763
38,77040,Hans Vanaken,118085,Club Brugge KV,2888,7,3,7.45,8.38,8.0,58,21,67,15,38,2,0,3366,39,totalShots,BEL,2025-2026,datafc_sofascore,2026-08-09T08:07:33.988763
38,77040,Carlos Forbs,1069486,Club Brugge KV,2888,8,8,7.17,6.18,8.55,57,21,61,52,40,4,0,2816,37,totalShots,BEL,2025-2026,datafc_sofascore,2026-08-09T08:07:33.988763
38,77040,Oluwaseun Adewumi,1201883,Cercle Brugge,2929,5,0,6.61,7.78,1.06,57,24,12,27,14,2,0,1598,32,totalShots,BEL,2025-2026,datafc_sofascore,2026-08-09T08:07:33.988763
38,77040,Ross Sykes,845558,Royale Union Saint-Gilloise,4860,5,0,7.28,3.78,2.34,56,25,21,6,40,9,0,2629,32,totalShots,BEL,2025-2026,datafc_sofascore,2026-08-09T08:07:33.988763
38,77040,Hyllarion Goore,2048955,KAA Gent,2903,5,4,6.71,5.22,2.29,55,15,20,25,9,2,0,1431,34,totalShots,BEL,2025-2026,datafc_sofascore,2026-08-09T08:07:33.988763
38,77040,Josimar Alcócer,1131598,KVC Westerlo,2893,3,4,6.63,3.61,2.38,54,24,26,47,51,6,0,2722,35,totalShots,BEL,2025-2026,datafc_sofascore,2026-08-09T08:07:33.988763
38,77040,Yassine Titraoui,1094538,RC Sporting Charleroi,2898,5,1,7.23,2.9,3.78,53,20,31,26,58,7,0,2904,35,totalShots,BEL,2025-2026,datafc_sofascore,2026-08-09T08:07:33.988763
38,77040,Edan Diop,1390575,Cercle Brugge,2929,7,3,6.99,6.96,5.33,53,22,46,43,52,7,0,2607,33,totalShots,BEL,2025-2026,datafc_sofascore,2026-08-09T08:07:33.988763
38,77040,Mathieu Maertens,360652,Oud-Heverlee Leuven,2918,1,3,6.6,5.76,1.05,52,17,19,10,23,5,0,1302,35,totalShots,BEL,2025-2026,datafc_sofascore,2026-08-09T08:07:33.988763
38,77040,Rihito Yamamoto,1030211,Sint-Truidense VV,2895,5,6,7.08,5.87,6.27,51,16,62,21,75,6,0,3290,38,totalShots,BEL,2025-2026,datafc_sofascore,2026-08-09T08:07:33.988763
38,77040,Jerry Afriyie,1836721,RAAL La Louvière,368506,5,1,6.52,7.65,2.32,51,21,17,36,23,7,0,2497,31,totalShots,BEL,2025-2026,datafc_sofascore,2026-08-09T08:07:33.988763
38,77040,Thomas Claes,1188173,SV Zulte Waregem,2933,2,1,6.85,2.45,3.5,50,16,32,19,52,3,0,2784,34,totalShots,BEL,2025-2026,datafc_sofascore,2026-08-09T08:07:33.988763
38,77040,Gyrano Kerk,386950,Royal Antwerp FC,2889,3,4,6.77,4.85,3.05,50,17,26,35,34,4,0,2095,27,totalShots,BEL,2025-2026,datafc_sofascore,2026-08-09T08:07:33.988763
38,77040,Max Dean,1065233,KAA Gent,2903,7,1,6.69,8.96,1.47,50,21,16,5,8,2,1,1187,23,totalShots,BEL,2025-2026,datafc_sofascore,2026-08-09T08:07:33.988763
38,77040,Youssef Maziz,862821,Oud-Heverlee Leuven,2918,3,4,6.96,4.34,6.75,49,12,63,13,25,6,0,2096,36,totalShots,BEL,2025-2026,datafc_sofascore,2026-08-09T08:07:33.988763
38,77040,Hyeon-gyu Oh,1010634,KRC Genk,2890,6,3,6.77,7.63,1.49,49,24,17,6,10,2,0,1116,20,totalShots,BEL,2025-2026,datafc_sofascore,2026-08-09T08:07:33.988763
38,77040,Aaron Bibout,1502620,KRC Genk,2890,6,0,6.68,8.1,0.79,49,17,8,9,6,0,0,1165,21,totalShots,BEL,2025-2026,datafc_sofascore,2026-08-09T08:07:33.988763
38,77040,Bryan Heynen,801025,KRC Genk,2890,4,1,7.31,4.75,4.68,48,11,49,22,99,5,0,3603,40,totalShots,BEL,2025-2026,datafc_sofascore,2026-08-09T08:07:33.988763
38,77040,Marley Aké,988839,SV Zulte Waregem,2933,8,0,6.9,5.67,2.12,48,17,16,22,26,1,0,1746,30,totalShots,BEL,2025-2026,datafc_sofascore,2026-08-09T08:07:33.988763
38,77040,Allahyar Sayyadmanesh,905474,KVC Westerlo,2893,7,3,6.89,7.15,4.43,48,15,37,33,35,5,0,2241,30,totalShots,BEL,2025-2026,datafc_sofascore,2026-08-09T08:07:33.988763
38,77040,Lion Lauberbach,886171,KV Mechelen,5044,6,1,6.7,9.02,0.94,48,25,15,21,12,4,0,1872,22,totalShots,BEL,2025-2026,datafc_sofascore,2026-08-09T08:07:33.988763
38,77040,Romeo Vermant,1069336,Club Brugge KV,2888,8,2,6.64,6.53,1.09,48,19,15,5,19,3,0,1338,35,totalShots,BEL,2025-2026,datafc_sofascore,2026-08-09T08:07:33.988763
38,77040,Doğucan Haspolat,846087,KVC Westerlo,2893,1,4,7.18,2.52,7.83,46,10,86,19,82,7,0,3395,38,totalShots,BEL,2025-2026,datafc_sofascore,2026-08-09T08:07:33.988763
38,77040,Raul Florucz,1022491,Royale Union Saint-Gilloise,4860,7,3,6.78,6.84,1.86,46,15,18,14,17,1,0,1214,24,totalShots,BEL,2025-2026,datafc_sofascore,2026-08-09T08:07:33.988763
38,77040,Chukwubuikem Ikwuemesi,1143547,Oud-Heverlee Leuven,2918,4,0,6.54,5.11,0.95,46,19,16,20,7,4,0,1829,34,totalShots,BEL,2025-2026,datafc_sofascore,2026-08-09T08:07:33.988763
38,77040,Michał Skóraś,942479,KAA Gent,2903,2,7,7.06,3.87,6.79,43,10,65,37,49,6,1,2697,34,totalShots,BEL,2025-2026,datafc_sofascore,2026-08-09T08:07:33.988763
38,77040,Christopher Scott,997118,Royal Antwerp FC,2889,6,2,6.99,4.76,2.76,43,17,27,17,57,3,0,2206,31,totalShots,BEL,2025-2026,datafc_sofascore,2026-08-09T08:07:33.988763
38,77040,Arbnor Muja,890695,Sint-Truidense VV,2895,6,2,6.91,5.76,4.41,43,16,28,21,24,3,1,1855,26,totalShots,BEL,2025-2026,datafc_sofascore,2026-08-09T08:07:33.988763
38,77040,Anouar Ait El Hadj,964764,Royale Union Saint-Gilloise,4860,2,5,6.9,5.0,7.38,42,13,62,13,29,2,0,2660,38,totalShots,BEL,2025-2026,datafc_sofascore,2026-08-09T08:07:33.988763
38,77040,Rob Schoofs,133164,Royale Union Saint-Gilloise,4860,4,5,6.89,3.11,5.5,42,11,52,7,27,4,0,2013,36,totalShots,BEL,2025-2026,datafc_sofascore,2026-08-09T08:07:33.988763
38,77040,Myron Van Brederode,1012925,KV Mechelen,5044,9,5,7.1,5.95,5.55,41,17,57,49,34,2,0,2840,34,totalShots,BEL,2025-2026,datafc_sofascore,2026-08-09T08:07:33.988763
38,77040,Emin Bayram,997153,KVC Westerlo,2893,4,2,7.06,4.39,2.88,41,13,20,15,44,4,2,3322,38,totalShots,BEL,2025-2026,datafc_sofascore,2026-08-09T08:07:33.988763
38,77040,Mathis Servais,1093876,KV Mechelen,5044,2,4,6.98,2.95,5.07,41,11,35,11,48,5,0,2796,32,totalShots,BEL,2025-2026,datafc_sofascore,2026-08-09T08:07:33.988763
38,77040,Anosike Ementa,1094132,SV Zulte Waregem,2933,4,8,6.9,7.37,3.77,41,18,61,40,20,5,0,2616,32,totalShots,BEL,2025-2026,datafc_sofascore,2026-08-09T08:07:33.988763
38,77040,Antoine Bernier,834261,RC Sporting Charleroi,2898,7,2,6.86,4.84,2.76,41,16,29,32,46,7,0,2379,38,totalShots,BEL,2025-2026,datafc_sofascore,2026-08-09T08:07:33.988763
38,77040,Pieter Gerkens,190401,Cercle Brugge,2929,6,1,6.85,5.58,3.44,41,16,40,7,38,1,0,2840,35,totalShots,BEL,2025-2026,datafc_sofascore,2026-08-09T08:07:33.988763
38,77040,Mihajlo Cvetković,1427166,RSC Anderlecht,2900,9,2,6.6,7.58,1.0,41,21,17,8,15,4,1,1631,29,totalShots,BEL,2025-2026,datafc_sofascore,2026-08-09T08:07:33.988763
38,77040,Sory Kaba,869131,Oud-Heverlee Leuven,2918,6,2,6.59,5.38,1.57,41,12,22,12,11,6,0,1595,30,totalShots,BEL,2025-2026,datafc_sofascore,2026-08-09T08:07:33.988763
38,77040,Jakob Napoleon Romsaas,1198306,RC Sporting Charleroi,2898,2,3,6.72,5.11,2.68,40,15,34,20,27,2,0,1749,37,totalShots,BEL,2025-2026,datafc_sofascore,2026-08-09T08:07:33.988763
38,77040,David Toshevski,1021398,FCV Dender,389232,4,0,6.57,5.5,1.06,40,12,10,13,11,5,1,1520,26,totalShots,BEL,2025-2026,datafc_sofascore,2026-08-09T08:07:33.988763
38,77040,Tristan Degreef,1436187,RSC Anderlecht,2900,4,2,6.65,2.62,1.63,39,15,22,15,49,3,1,1891,34,totalShots,BEL,2025-2026,datafc_sofascore,2026-08-09T08:07:33.988763
38,77040,Oumar Diakité,1188191,Cercle Brugge,2929,7,0,6.63,7.36,1.43,39,18,22,23,14,4,1,1429,25,totalShots,BEL,2025-2026,datafc_sofascore,2026-08-09T08:07:33.988763
38,77040,Anan Khalaili,1403362,Royale Union Saint-Gilloise,4860,3,5,7.22,3.34,7.52,38,13,62,49,69,7,0,3099,38,totalShots,BEL,2025-2026,datafc_sofascore,2026-08-09T08:07:33.988763
38,77040,Roman Kvet,858926,FCV Dender,389232,5,0,6.73,4.44,3.29,38,12,39,24,34,5,0,2676,34,totalShots,BEL,2025-2026,datafc_sofascore,2026-08-09T08:07:33.988763
38,77040,Atsuki Ito,1034816,KAA Gent,2903,4,3,6.88,4.25,2.25,37,13,26,14,39,3,0,2184,30,totalShots,BEL,2025-2026,datafc_sofascore,2026-08-09T08:07:33.988763
38,77040,Junya Ito,783278,KRC Genk,2890,6,5,7.09,3.79,5.63,36,16,51,24,37,4,0,1785,28,totalShots,BEL,2025-2026,datafc_sofascore,2026-08-09T08:07:33.988763
38,77040,Thibo Somers,1002804,Royal Antwerp FC,2889,4,2,6.88,5.33,4.11,36,16,27,3,74,3,0,2434,32,totalShots,BEL,2025-2026,datafc_sofascore,2026-08-09T08:07:33.988763
38,77040,Hugo Vetlesen,877236,Club Brugge KV,2888,5,6,6.87,4.89,3.32,36,14,22,12,25,5,0,1315,25,totalShots,BEL,2025-2026,datafc_sofascore,2026-08-09T08:07:33.988763
38,77040,Robin Mirisola,1405446,KRC Genk,2890,5,2,6.66,6.48,0.66,36,13,15,22,11,3,0,1317,30,totalShots,BEL,2025-2026,datafc_sofascore,2026-08-09T08:07:33.988763
38,77040,Farouck Adekami,1920581,Royal Antwerp FC,2889,2,2,6.9,2.95,1.76,35,16,21,38,23,7,0,1140,21,totalShots,BEL,2025-2026,datafc_sofascore,2026-08-09T08:07:33.988763
38,77040,Kevin Van Den Kerkhof,1130602,RC Sporting Charleroi,2898,3,4,6.78,3.1,2.9,35,11,35,27,56,5,1,2117,30,totalShots,BEL,2025-2026,datafc_sofascore,2026-08-09T08:07:33.988763
38,77040,Yira Collins Sor,985162,KRC Genk,2890,4,1,6.77,3.69,1.9,35,17,17,15,15,0,0,1147,28,totalShots,BEL,2025-2026,datafc_sofascore,2026-08-09T08:07:33.988763
38,77040,Ewoud Pletinckx,949101,Oud-Heverlee Leuven,2918,3,0,6.74,2.91,1.14,35,12,14,6,55,4,0,3538,40,totalShots,BEL,2025-2026,datafc_sofascore,2026-08-09T08:07:33.988763
38,77040,Aiham Ousou,965265,RC Sporting Charleroi,2898,2,1,6.95,3.22,1.58,34,10,11,5,53,12,1,3395,39,totalShots,BEL,2025-2026,datafc_sofascore,2026-08-09T08:07:33.988763
38,77040,Abdoul Karim Traoré,2033824,Oud-Heverlee Leuven,2918,2,1,6.41,4.07,0.64,34,8,8,11,8,3,0,972,25,totalShots,BEL,2025-2026,datafc_sofascore,2026-08-09T08:07:33.988763
38,77040,Brandon Mechele,248331,Club Brugge KV,2888,5,2,7.29,3.46,1.49,33,14,22,5,77,4,0,3435,39,totalShots,BEL,2025-2026,datafc_sofascore,2026-08-09T08:07:33.988763
38,77040,Nilson Angulo,1116571,RSC Anderlecht,2900,6,5,7.26,3.77,4.47,33,16,46,44,62,2,1,1902,22,totalShots,BEL,2025-2026,datafc_sofascore,2026-08-09T08:07:33.988763
38,77040,Robert-Jan Vanwesemael,1047164,Sint-Truidense VV,2895,1,1,6.75,1.87,4.8,33,8,36,30,70,11,0,3077,37,totalShots,BEL,2025-2026,datafc_sofascore,2026-08-09T08:07:33.988763
38,77040,Casper Nielsen,247471,Standard Liège,2901,5,2,6.95,3.38,3.36,32,11,19,8,42,5,0,1878,26,totalShots,BEL,2025-2026,datafc_sofascore,2026-08-09T08:07:33.988763
38,77040,Łukasz Łakomy,1001201,Oud-Heverlee Leuven,2918,3,3,6.82,1.56,3.17,32,12,35,13,44,6,0,2123,32,totalShots,BEL,2025-2026,datafc_sofascore,2026-08-09T08:07:33.988763
38,77040,Dennis Eckert Ayensa,812797,Standard Liège,2901,5,0,6.63,5.29,1.66,32,10,17,10,18,2,0,1987,35,totalShots,BEL,2025-2026,datafc_sofascore,2026-08-09T08:07:33.988763
38,77040,Andrés Ferrari,1177406,Sint-Truidense VV,2895,3,1,6.62,4.29,0.39,32,8,8,12,15,4,0,869,20,totalShots,BEL,2025-2026,datafc_sofascore,2026-08-09T08:07:33.988763
38,77040,Mohamed Berte,1122525,FCV Dender,389232,3,1,6.56,1.76,0.93,32,10,13,5,12,2,0,1149,30,totalShots,BEL,2025-2026,datafc_sofascore,2026-08-09T08:07:33.988763
38,77040,Gary Magnee,990265,Cercle Brugge,2929,4,7,6.93,5.4,6.75,31,10,74,20,72,4,0,2889,34,totalShots,BEL,2025-2026,datafc_sofascore,2026-08-09T08:07:33.988763
38,77040,Jarne Steuckers,1099462,KRC Genk,2890,0,6,6.96,2.06,6.27,30,8,54,15,9,1,0,1504,30,totalShots,BEL,2025-2026,datafc_sofascore,2026-08-09T08:07:33.988763
38,77040,Nolan Gillot,2425212,RAAL La Louvière,368506,2,4,6.88,1.93,3.66,30,9,29,16,31,0,0,1297,21,totalShots,BEL,2025-2026,datafc_sofascore,2026-08-09T08:07:33.988763
38,77040,Abdoulaye Sissako,846330,Sint-Truidense VV,2895,2,3,6.82,2.74,1.22,30,4,15,41,91,5,0,3349,40,totalShots,BEL,2025-2026,datafc_sofascore,2026-08-09T08:07:33.988763
38,77040,Nathan De Cat,1637689,RSC Anderlecht,2900,2,4,6.75,1.79,2.28,30,6,28,21,60,8,0,2739,36,totalShots,BEL,2025-2026,datafc_sofascore,2026-08-09T08:07:33.988763
38,77040,Fabio Ferraro,1145225,FCV Dender,389232,1,3,6.62,2.28,3.94,30,12,41,31,53,5,0,2531,29,totalShots,BEL,2025-2026,datafc_sofascore,2026-08-09T08:07:33.988763
38,77040,Thomas Van den Keybus,997164,KVC Westerlo,2893,1,0,6.61,1.98,0.89,30,8,12,10,27,3,0,1140,32,totalShots,BEL,2025-2026,datafc_sofascore,2026-08-09T08:07:33.988763
38,77040,Siebe Schrijvers,190413,Oud-Heverlee Leuven,2918,3,4,7.0,5.03,3.45,29,4,37,12,62,6,0,2121,30,totalShots,BEL,2025-2026,datafc_sofascore,2026-08-09T08:07:33.988763
38,77040,Anthony Valencia,1020197,Royal Antwerp FC,2889,4,2,6.95,3.57,2.73,29,12,29,36,27,3,0,1332,23,totalShots,BEL,2025-2026,datafc_sofascore,2026-08-09T08:07:33.988763
38,77040,Jordi Liongola,1009413,RAAL La Louvière,368506,2,6,6.93,3.28,4.29,29,6,40,27,57,10,0,2618,31,totalShots,BEL,2025-2026,datafc_sofascore,2026-08-09T08:07:33.988763
38,77040,Christos Tzolis,1031259,Club Brugge KV,2888,17,23,7.71,17.4,15.94,123,44,135,40,29,6,0,3072,36,totalShots,BEL,2025-2026,datafc_sofascore,2026-08-09T08:07:33.988763
38,77040,Nacho Ferri,1196903,KVC Westerlo,2893,11,2,7.04,16.2,2.4,101,42,30,22,27,7,0,2910,36,totalShots,BEL,2025-2026,datafc_sofascore,2026-08-09T08:07:33.988763
38,77040,Nicolò Tresoldi,1177167,Club Brugge KV,2888,19,5,6.99,16.6,3.73,101,39,38,19,29,1,0,2507,40,totalShots,BEL,2025-2026,datafc_sofascore,2026-08-09T08:07:33.988763
38,77040,Ilias Sebaoui,1154586,Sint-Truidense VV,2895,5,5,6.81,8.33,5.21,93,27,36,43,46,3,0,3272,40,totalShots,BEL,2025-2026,datafc_sofascore,2026-08-09T08:07:33.988763
38,77040,Vincent Janssen,339901,Royal Antwerp FC,2889,10,7,6.87,12.99,3.46,91,30,33,21,29,8,0,3088,35,totalShots,BEL,2025-2026,datafc_sofascore,2026-08-09T08:07:33.988763
38,77040,Rafiki Saïd,1047321,Standard Liège,2901,8,4,7.07,10.2,4.41,90,32,28,69,30,4,0,2756,37,totalShots,BEL,2025-2026,datafc_sofascore,2026-08-09T08:07:33.988763
38,77040,Wilfried Kanga,838640,KAA Gent,2903,12,4,6.71,15.13,1.71,90,37,27,8,8,4,0,2836,36,totalShots,BEL,2025-2026,datafc_sofascore,2026-08-09T08:07:33.988763
38,77040,Jeppe Erenbjerg,1035095,SV Zulte Waregem,2933,13,3,7.12,10.16,5.5,88,32,41,24,24,2,0,2787,35,totalShots,BEL,2025-2026,datafc_sofascore,2026-08-09T08:07:33.988763
38,77040,Parfait Guiagon,1030459,RC Sporting Charleroi,2898,9,5,7.08,7.78,5.5,80,22,52,73,30,6,0,2555,33,totalShots,BEL,2025-2026,datafc_sofascore,2026-08-09T08:07:33.988763
38,77040,Kevin Rodriguez,1431770,Royale Union Saint-Gilloise,4860,10,2,6.69,8.63,2.84,76,30,19,19,19,2,0,1825,31,totalShots,BEL,2025-2026,datafc_sofascore,2026-08-09T08:07:33.988763
38,77040,Aleksandar Stanković,1153957,Club Brugge KV,2888,6,2,7.09,4.66,4.09,74,25,33,8,39,4,0,3076,39,totalShots,BEL,2025-2026,datafc_sofascore,2026-08-09T08:07:33.988763
38,77040,Thorgan Hazard,94286,RSC Anderlecht,2900,13,7,7.04,11.91,8.06,74,31,78,38,38,6,1,2722,36,totalShots,BEL,2025-2026,datafc_sofascore,2026-08-09T08:07:33.988763
38,77040,Ryotaro Ito,831697,Sint-Truidense VV,2895,10,5,7.28,8.51,8.81,73,27,102,19,20,1,0,2838,35,totalShots,BEL,2025-2026,datafc_sofascore,2026-08-09T08:07:33.988763
38,77040,Aurélien Scheidler,915567,RC Sporting Charleroi,2898,9,4,6.81,12.47,2.75,71,28,38,10,8,3,0,3266,40,totalShots,BEL,2025-2026,datafc_sofascore,2026-08-09T08:07:33.988763
38,77040,Steve Ngoura,1394411,Cercle Brugge,2929,7,4,6.67,9.75,2.31,71,23,22,27,9,2,0,2097,34,totalShots,BEL,2025-2026,datafc_sofascore,2026-08-09T08:07:33.988763
38,77040,Zakaria El Ouahdi,1134470,KRC Genk,2890,8,4,7.07,4.96,4.37,70,24,49,36,42,4,0,2996,34,totalShots,BEL,2025-2026,datafc_sofascore,2026-08-09T08:07:33.988763
38,77040,Promise David,1119328,Royale Union Saint-Gilloise,4860,9,1,6.68,12.3,1.04,70,26,13,6,4,1,0,1493,24,totalShots,BEL,2025-2026,datafc_sofascore,2026-08-09T08:07:33.988763
38,77040,Joseph Opoku,1922407,SV Zulte Waregem,2933,10,6,6.91,10.15,3.62,69,25,46,37,16,2,0,2458,33,totalShots,BEL,2025-2026,datafc_sofascore,2026-08-09T08:07:33.988763
38,77040,Konstantinos Karetsas,1468744,KRC Genk,2890,0,10,6.91,4.62,7.63,68,27,68,59,30,3,0,2247,34,totalShots,BEL,2025-2026,datafc_sofascore,2026-08-09T08:07:33.988763
38,77040,Isa Sakamoto,1126245,KVC Westerlo,2893,6,4,6.67,7.98,2.85,66,21,32,62,43,1,0,3021,38,totalShots,BEL,2025-2026,datafc_sofascore,2026-08-09T08:07:33.988763
38,77040,Adriano Bertaccini,867250,RSC Anderlecht,2900,7,2,6.7,7.73,1.74,65,28,15,17,14,5,1,1603,33,totalShots,BEL,2025-2026,datafc_sofascore,2026-08-09T08:07:33.988763
38,77040,Patrick Pflücke,281283,RC Sporting Charleroi,2898,4,8,6.97,5.54,8.28,63,22,67,9,22,0,0,2670,41,totalShots,BEL,2025-2026,datafc_sofascore,2026-08-09T08:07:33.988763
38,77040,Pape Moussa Fall,1890424,RAAL La Louvière,368506,11,1,7.14,11.35,1.56,62,23,14,5,11,3,0,1771,27,totalShots,BEL,2025-2026,datafc_sofascore,2026-08-09T08:07:33.988763
38,77040,Keisuke Goto,1391315,Sint-Truidense VV,2895,11,7,6.77,13.43,4.3,62,25,30,7,41,5,0,2885,38,totalShots,BEL,2025-2026,datafc_sofascore,2026-08-09T08:07:33.988763
38,77040,Daan Heymans,845344,KRC Genk,2890,10,4,6.98,7.98,2.96,61,25,33,11,50,3,0,2362,31,totalShots,BEL,2025-2026,datafc_sofascore,2026-08-09T08:07:33.988763
38,77040,Bruny Nsimba,1047536,FCV Dender,389232,9,4,6.8,10.1,3.3,60,22,24,20,17,3,0,1905,30,totalShots,BEL,2025-2026,datafc_sofascore,2026-08-09T08:07:33.988763
38,77040,Nathan-Dylan Saliba,1093229,RSC Anderlecht,2900,3,1,6.86,3.27,2.58,59,15,26,19,75,12,1,2319,34,totalShots,BEL,2025-2026,datafc_sofascore,2026-08-09T08:07:33.988763
38,77040,Hans Vanaken,118085,Club Brugge KV,2888,7,3,7.45,8.38,8.0,58,21,67,15,38,2,0,3366,39,totalShots,BEL,2025-2026,datafc_sofascore,2026-08-09T08:07:33.988763
38,77040,Carlos Forbs,1069486,Club Brugge KV,2888,8,8,7.17,6.18,8.55,57,21,61,52,40,4,0,2816,37,totalShots,BEL,2025-2026,datafc_sofascore,2026-08-09T08:07:33.988763
38,77040,Oluwaseun Adewumi,1201883,Cercle Brugge,2929,5,0,6.61,7.78,1.06,57,24,12,27,14,2,0,1598,32,totalShots,BEL,2025-2026,datafc_sofascore,2026-08-09T08:07:33.988763
38,77040,Ross Sykes,845558,Royale Union Saint-Gilloise,4860,5,0,7.28,3.78,2.34,56,25,21,6,40,9,0,2629,32,totalShots,BEL,2025-2026,datafc_sofascore,2026-08-09T08:07:33.988763
38,77040,Hyllarion Goore,2048955,KAA Gent,2903,5,4,6.71,5.22,2.29,55,15,20,25,9,2,0,1431,34,totalShots,BEL,2025-2026,datafc_sofascore,2026-08-09T08:07:33.988763
38,77040,Josimar Alcócer,1131598,KVC Westerlo,2893,3,4,6.63,3.61,2.38,54,24,26,47,51,6,0,2722,35,totalShots,BEL,2025-2026,datafc_sofascore,2026-08-09T08:07:33.988763
38,77040,Yassine Titraoui,1094538,RC Sporting Charleroi,2898,5,1,7.23,2.9,3.78,53,20,31,26,58,7,0,2904,35,totalShots,BEL,2025-2026,datafc_sofascore,2026-08-09T08:07:33.988763
38,77040,Edan Diop,1390575,Cercle Brugge,2929,7,3,6.99,6.96,5.33,53,22,46,43,52,7,0,2607,33,totalShots,BEL,2025-2026,datafc_sofascore,2026-08-09T08:07:33.988763
38,77040,Mathieu Maertens,360652,Oud-Heverlee Leuven,2918,1,3,6.6,5.76,1.05,52,17,19,10,23,5,0,1302,35,totalShots,BEL,2025-2026,datafc_sofascore,2026-08-09T08:07:33.988763
38,77040,Rihito Yamamoto,1030211,Sint-Truidense VV,2895,5,6,7.08,5.87,6.27,51,16,62,21,75,6,0,3290,38,totalShots,BEL,2025-2026,datafc_sofascore,2026-08-09T08:07:33.988763
38,77040,Jerry Afriyie,1836721,RAAL La Louvière,368506,5,1,6.52,7.65,2.32,51,21,17,36,23,7,0,2497,31,totalShots,BEL,2025-2026,datafc_sofascore,2026-08-09T08:07:33.988763
38,77040,Thomas Claes,1188173,SV Zulte Waregem,2933,2,1,6.85,2.45,3.5,50,16,32,19,52,3,0,2784,34,totalShots,BEL,2025-2026,datafc_sofascore,2026-08-09T08:07:33.988763
38,77040,Gyrano Kerk,386950,Royal Antwerp FC,2889,3,4,6.77,4.85,3.05,50,17,26,35,34,4,0,2095,27,totalShots,BEL,2025-2026,datafc_sofascore,2026-08-09T08:07:33.988763
38,77040,Max Dean,1065233,KAA Gent,2903,7,1,6.69,8.96,1.47,50,21,16,5,8,2,1,1187,23,totalShots,BEL,2025-2026,datafc_sofascore,2026-08-09T08:07:33.988763
38,77040,Youssef Maziz,862821,Oud-Heverlee Leuven,2918,3,4,6.96,4.34,6.75,49,12,63,13,25,6,0,2096,36,totalShots,BEL,2025-2026,datafc_sofascore,2026-08-09T08:07:33.988763
38,77040,Hyeon-gyu Oh,1010634,KRC Genk,2890,6,3,6.77,7.63,1.49,49,24,17,6,10,2,0,1116,20,totalShots,BEL,2025-2026,datafc_sofascore,2026-08-09T08:07:33.988763
38,77040,Aaron Bibout,1502620,KRC Genk,2890,6,0,6.68,8.1,0.79,49,17,8,9,6,0,0,1165,21,totalShots,BEL,2025-2026,datafc_sofascore,2026-08-09T08:07:33.988763
38,77040,Bryan Heynen,801025,KRC Genk,2890,4,1,7.31,4.75,4.68,48,11,49,22,99,5,0,3603,40,totalShots,BEL,2025-2026,datafc_sofascore,2026-08-09T08:07:33.988763
38,77040,Marley Aké,988839,SV Zulte Waregem,2933,8,0,6.9,5.67,2.12,48,17,16,22,26,1,0,1746,30,totalShots,BEL,2025-2026,datafc_sofascore,2026-08-09T08:07:33.988763
38,77040,Allahyar Sayyadmanesh,905474,KVC Westerlo,2893,7,3,6.89,7.15,4.43,48,15,37,33,35,5,0,2241,30,totalShots,BEL,2025-2026,datafc_sofascore,2026-08-09T08:07:33.988763
38,77040,Lion Lauberbach,886171,KV Mechelen,5044,6,1,6.7,9.02,0.94,48,25,15,21,12,4,0,1872,22,totalShots,BEL,2025-2026,datafc_sofascore,2026-08-09T08:07:33.988763
38,77040,Romeo Vermant,1069336,Club Brugge KV,2888,8,2,6.64,6.53,1.09,48,19,15,5,19,3,0,1338,35,totalShots,BEL,2025-2026,datafc_sofascore,2026-08-09T08:07:33.988763
38,77040,Doğucan Haspolat,846087,KVC Westerlo,2893,1,4,7.18,2.52,7.83,46,10,86,19,82,7,0,3395,38,totalShots,BEL,2025-2026,datafc_sofascore,2026-08-09T08:07:33.988763
38,77040,Raul Florucz,1022491,Royale Union Saint-Gilloise,4860,7,3,6.78,6.84,1.86,46,15,18,14,17,1,0,1214,24,totalShots,BEL,2025-2026,datafc_sofascore,2026-08-09T08:07:33.988763
38,77040,Chukwubuikem Ikwuemesi,1143547,Oud-Heverlee Leuven,2918,4,0,6.54,5.11,0.95,46,19,16,20,7,4,0,1829,34,totalShots,BEL,2025-2026,datafc_sofascore,2026-08-09T08:07:33.988763
38,77040,Michał Skóraś,942479,KAA Gent,2903,2,7,7.06,3.87,6.79,43,10,65,37,49,6,1,2697,34,totalShots,BEL,2025-2026,datafc_sofascore,2026-08-09T08:07:33.988763
38,77040,Christopher Scott,997118,Royal Antwerp FC,2889,6,2,6.99,4.76,2.76,43,17,27,17,57,3,0,2206,31,totalShots,BEL,2025-2026,datafc_sofascore,2026-08-09T08:07:33.988763
38,77040,Arbnor Muja,890695,Sint-Truidense VV,2895,6,2,6.91,5.76,4.41,43,16,28,21,24,3,1,1855,26,totalShots,BEL,2025-2026,datafc_sofascore,2026-08-09T08:07:33.988763
38,77040,Anouar Ait El Hadj,964764,Royale Union Saint-Gilloise,4860,2,5,6.9,5.0,7.38,42,13,62,13,29,2,0,2660,38,totalShots,BEL,2025-2026,datafc_sofascore,2026-08-09T08:07:33.988763
38,77040,Rob Schoofs,133164,Royale Union Saint-Gilloise,4860,4,5,6.89,3.11,5.5,42,11,52,7,27,4,0,2013,36,totalShots,BEL,2025-2026,datafc_sofascore,2026-08-09T08:07:33.988763
38,77040,Myron Van Brederode,1012925,KV Mechelen,5044,9,5,7.1,5.95,5.55,41,17,57,49,34,2,0,2840,34,totalShots,BEL,2025-2026,datafc_sofascore,2026-08-09T08:07:33.988763
38,77040,Emin Bayram,997153,KVC Westerlo,2893,4,2,7.06,4.39,2.88,41,13,20,15,44,4,2,3322,38,totalShots,BEL,2025-2026,datafc_sofascore,2026-08-09T08:07:33.988763
38,77040,Mathis Servais,1093876,KV Mechelen,5044,2,4,6.98,2.95,5.07,41,11,35,11,48,5,0,2796,32,totalShots,BEL,2025-2026,datafc_sofascore,2026-08-09T08:07:33.988763
38,77040,Anosike Ementa,1094132,SV Zulte Waregem,2933,4,8,6.9,7.37,3.77,41,18,61,40,20,5,0,2616,32,totalShots,BEL,2025-2026,datafc_sofascore,2026-08-09T08:07:33.988763
38,77040,Antoine Bernier,834261,RC Sporting Charleroi,2898,7,2,6.86,4.84,2.76,41,16,29,32,46,7,0,2379,38,totalShots,BEL,2025-2026,datafc_sofascore,2026-08-09T08:07:33.988763
38,77040,Pieter Gerkens,190401,Cercle Brugge,2929,6,1,6.85,5.58,3.44,41,16,40,7,38,1,0,2840,35,totalShots,BEL,2025-2026,datafc_sofascore,2026-08-09T08:07:33.988763
38,77040,Mihajlo Cvetković,1427166,RSC Anderlecht,2900,9,2,6.6,7.58,1.0,41,21,17,8,15,4,1,1631,29,totalShots,BEL,2025-2026,datafc_sofascore,2026-08-09T08:07:33.988763
38,77040,Sory Kaba,869131,Oud-Heverlee Leuven,2918,6,2,6.59,5.38,1.57,41,12,22,12,11,6,0,1595,30,totalShots,BEL,2025-2026,datafc_sofascore,2026-08-09T08:07:33.988763
38,77040,Jakob Napoleon Romsaas,1198306,RC Sporting Charleroi,2898,2,3,6.72,5.11,2.68,40,15,34,20,27,2,0,1749,37,totalShots,BEL,2025-2026,datafc_sofascore,2026-08-09T08:07:33.988763
38,77040,David Toshevski,1021398,FCV Dender,389232,4,0,6.57,5.5,1.06,40,12,10,13,11,5,1,1520,26,totalShots,BEL,2025-2026,datafc_sofascore,2026-08-09T08:07:33.988763
38,77040,Tristan Degreef,1436187,RSC Anderlecht,2900,4,2,6.65,2.62,1.63,39,15,22,15,49,3,1,1891,34,totalShots,BEL,2025-2026,datafc_sofascore,2026-08-09T08:07:33.988763
38,77040,Oumar Diakité,1188191,Cercle Brugge,2929,7,0,6.63,7.36,1.43,39,18,22,23,14,4,1,1429,25,totalShots,BEL,2025-2026,datafc_sofascore,2026-08-09T08:07:33.988763
38,77040,Anan Khalaili,1403362,Royale Union Saint-Gilloise,4860,3,5,7.22,3.34,7.52,38,13,62,49,69,7,0,3099,38,totalShots,BEL,2025-2026,datafc_sofascore,2026-08-09T08:07:33.988763
38,77040,Roman Kvet,858926,FCV Dender,389232,5,0,6.73,4.44,3.29,38,12,39,24,34,5,0,2676,34,totalShots,BEL,2025-2026,datafc_sofascore,2026-08-09T08:07:33.988763
38,77040,Atsuki Ito,1034816,KAA Gent,2903,4,3,6.88,4.25,2.25,37,13,26,14,39,3,0,2184,30,totalShots,BEL,2025-2026,datafc_sofascore,2026-08-09T08:07:33.988763
38,77040,Junya Ito,783278,KRC Genk,2890,6,5,7.09,3.79,5.63,36,16,51,24,37,4,0,1785,28,totalShots,BEL,2025-2026,datafc_sofascore,2026-08-09T08:07:33.988763
38,77040,Thibo Somers,1002804,Royal Antwerp FC,2889,4,2,6.88,5.33,4.11,36,16,27,3,74,3,0,2434,32,totalShots,BEL,2025-2026,datafc_sofascore,2026-08-09T08:07:33.988763
38,77040,Hugo Vetlesen,877236,Club Brugge KV,2888,5,6,6.87,4.89,3.32,36,14,22,12,25,5,0,1315,25,totalShots,BEL,2025-2026,datafc_sofascore,2026-08-09T08:07:33.988763
38,77040,Robin Mirisola,1405446,KRC Genk,2890,5,2,6.66,6.48,0.66,36,13,15,22,11,3,0,1317,30,totalShots,BEL,2025-2026,datafc_sofascore,2026-08-09T08:07:33.988763
38,77040,Farouck Adekami,1920581,Royal Antwerp FC,2889,2,2,6.9,2.95,1.76,35,16,21,38,23,7,0,1140,21,totalShots,BEL,2025-2026,datafc_sofascore,2026-08-09T08:07:33.988763
38,77040,Kevin Van Den Kerkhof,1130602,RC Sporting Charleroi,2898,3,4,6.78,3.1,2.9,35,11,35,27,56,5,1,2117,30,totalShots,BEL,2025-2026,datafc_sofascore,2026-08-09T08:07:33.988763
38,77040,Yira Collins Sor,985162,KRC Genk,2890,4,1,6.77,3.69,1.9,35,17,17,15,15,0,0,1147,28,totalShots,BEL,2025-2026,datafc_sofascore,2026-08-09T08:07:33.988763
38,77040,Ewoud Pletinckx,949101,Oud-Heverlee Leuven,2918,3,0,6.74,2.91,1.14,35,12,14,6,55,4,0,3538,40,totalShots,BEL,2025-2026,datafc_sofascore,2026-08-09T08:07:33.988763
38,77040,Aiham Ousou,965265,RC Sporting Charleroi,2898,2,1,6.95,3.22,1.58,34,10,11,5,53,12,1,3395,39,totalShots,BEL,2025-2026,datafc_sofascore,2026-08-09T08:07:33.988763
38,77040,Abdoul Karim Traoré,2033824,Oud-Heverlee Leuven,2918,2,1,6.41,4.07,0.64,34,8,8,11,8,3,0,972,25,totalShots,BEL,2025-2026,datafc_sofascore,2026-08-09T08:07:33.988763
38,77040,Brandon Mechele,248331,Club Brugge KV,2888,5,2,7.29,3.46,1.49,33,14,22,5,77,4,0,3435,39,totalShots,BEL,2025-2026,datafc_sofascore,2026-08-09T08:07:33.988763
38,77040,Nilson Angulo,1116571,RSC Anderlecht,2900,6,5,7.26,3.77,4.47,33,16,46,44,62,2,1,1902,22,totalShots,BEL,2025-2026,datafc_sofascore,2026-08-09T08:07:33.988763
38,77040,Robert-Jan Vanwesemael,1047164,Sint-Truidense VV,2895,1,1,6.75,1.87,4.8,33,8,36,30,70,11,0,3077,37,totalShots,BEL,2025-2026,datafc_sofascore,2026-08-09T08:07:33.988763
38,77040,Casper Nielsen,247471,Standard Liège,2901,5,2,6.95,3.38,3.36,32,11,19,8,42,5,0,1878,26,totalShots,BEL,2025-2026,datafc_sofascore,2026-08-09T08:07:33.988763
38,77040,Łukasz Łakomy,1001201,Oud-Heverlee Leuven,2918,3,3,6.82,1.56,3.17,32,12,35,13,44,6,0,2123,32,totalShots,BEL,2025-2026,datafc_sofascore,2026-08-09T08:07:33.988763
38,77040,Dennis Eckert Ayensa,812797,Standard Liège,2901,5,0,6.63,5.29,1.66,32,10,17,10,18,2,0,1987,35,totalShots,BEL,2025-2026,datafc_sofascore,2026-08-09T08:07:33.988763
38,77040,Andrés Ferrari,1177406,Sint-Truidense VV,2895,3,1,6.62,4.29,0.39,32,8,8,12,15,4,0,869,20,totalShots,BEL,2025-2026,datafc_sofascore,2026-08-09T08:07:33.988763
38,77040,Mohamed Berte,1122525,FCV Dender,389232,3,1,6.56,1.76,0.93,32,10,13,5,12,2,0,1149,30,totalShots,BEL,2025-2026,datafc_sofascore,2026-08-09T08:07:33.988763
38,77040,Gary Magnee,990265,Cercle Brugge,2929,4,7,6.93,5.4,6.75,31,10,74,20,72,4,0,2889,34,totalShots,BEL,2025-2026,datafc_sofascore,2026-08-09T08:07:33.988763
38,77040,Jarne Steuckers,1099462,KRC Genk,2890,0,6,6.96,2.06,6.27,30,8,54,15,9,1,0,1504,30,totalShots,BEL,2025-2026,datafc_sofascore,2026-08-09T08:07:33.988763
38,77040,Nolan Gillot,2425212,RAAL La Louvière,368506,2,4,6.88,1.93,3.66,30,9,29,16,31,0,0,1297,21,totalShots,BEL,2025-2026,datafc_sofascore,2026-08-09T08:07:33.988763
38,77040,Abdoulaye Sissako,846330,Sint-Truidense VV,2895,2,3,6.82,2.74,1.22,30,4,15,41,91,5,0,3349,40,totalShots,BEL,2025-2026,datafc_sofascore,2026-08-09T08:07:33.988763
38,77040,Nathan De Cat,1637689,RSC Anderlecht,2900,2,4,6.75,1.79,2.28,30,6,28,21,60,8,0,2739,36,totalShots,BEL,2025-2026,datafc_sofascore,2026-08-09T08:07:33.988763
38,77040,Fabio Ferraro,1145225,FCV Dender,389232,1,3,6.62,2.28,3.94,30,12,41,31,53,5,0,2531,29,totalShots,BEL,2025-2026,datafc_sofascore,2026-08-09T08:07:33.988763
38,77040,Thomas Van den Keybus,997164,KVC Westerlo,2893,1,0,6.61,1.98,0.89,30,8,12,10,27,3,0,1140,32,totalShots,BEL,2025-2026,datafc_sofascore,2026-08-09T08:07:33.988763
38,77040,Siebe Schrijvers,190413,Oud-Heverlee Leuven,2918,3,4,7.0,5.03,3.45,29,4,37,12,62,6,0,2121,30,totalShots,BEL,2025-2026,datafc_sofascore,2026-08-09T08:07:33.988763
38,77040,Anthony Valencia,1020197,Royal Antwerp FC,2889,4,2,6.95,3.57,2.73,29,12,29,36,27,3,0,1332,23,totalShots,BEL,2025-2026,datafc_sofascore,2026-08-09T08:07:33.988763
38,77040,Jordi Liongola,1009413,RAAL La Louvière,368506,2,6,6.93,3.28,4.29,29,6,40,27,57,10,0,2618,31,totalShots,BEL,2025-2026,datafc_sofascore,2026-08-09T08:07:33.988763
38,77040,Christos Tzolis,1031259,Club Brugge KV,2888,17,23,7.71,17.4,15.94,123,44,135,40,29,6,0,3072,36,bigChancesCreated,BEL,2025-2026,datafc_sofascore,2026-08-09T08:07:33.988763
38,77040,Nazinho,1006113,Cercle Brugge,2929,3,7,7.07,0.91,7.69,27,8,59,24,73,13,0,2554,30,bigChancesCreated,BEL,2025-2026,datafc_sofascore,2026-08-09T08:07:33.988763
38,77040,Patrick Pflücke,281283,RC Sporting Charleroi,2898,4,8,6.97,5.54,8.28,63,22,67,9,22,0,0,2670,41,bigChancesCreated,BEL,2025-2026,datafc_sofascore,2026-08-09T08:07:33.988763
38,77040,Gary Magnee,990265,Cercle Brugge,2929,4,7,6.93,5.4,6.75,31,10,74,20,72,4,0,2889,34,bigChancesCreated,BEL,2025-2026,datafc_sofascore,2026-08-09T08:07:33.988763
38,77040,Ryotaro Ito,831697,Sint-Truidense VV,2895,10,5,7.28,8.51,8.81,73,27,102,19,20,1,0,2838,35,bigChancesCreated,BEL,2025-2026,datafc_sofascore,2026-08-09T08:07:33.988763
38,77040,Hans Vanaken,118085,Club Brugge KV,2888,7,3,7.45,8.38,8.0,58,21,67,15,38,2,0,3366,39,bigChancesCreated,BEL,2025-2026,datafc_sofascore,2026-08-09T08:07:33.988763
38,77040,Anan Khalaili,1403362,Royale Union Saint-Gilloise,4860,3,5,7.22,3.34,7.52,38,13,62,49,69,7,0,3099,38,bigChancesCreated,BEL,2025-2026,datafc_sofascore,2026-08-09T08:07:33.988763
38,77040,Thorgan Hazard,94286,RSC Anderlecht,2900,13,7,7.04,11.91,8.06,74,31,78,38,38,6,1,2722,36,bigChancesCreated,BEL,2025-2026,datafc_sofascore,2026-08-09T08:07:33.988763
38,77040,Youssef Maziz,862821,Oud-Heverlee Leuven,2918,3,4,6.96,4.34,6.75,49,12,63,13,25,6,0,2096,36,bigChancesCreated,BEL,2025-2026,datafc_sofascore,2026-08-09T08:07:33.988763
38,77040,Michał Skóraś,942479,KAA Gent,2903,2,7,7.06,3.87,6.79,43,10,65,37,49,6,1,2697,34,bigChancesCreated,BEL,2025-2026,datafc_sofascore,2026-08-09T08:07:33.988763
38,77040,Konstantinos Karetsas,1468744,KRC Genk,2890,0,10,6.91,4.62,7.63,68,27,68,59,30,3,0,2247,34,bigChancesCreated,BEL,2025-2026,datafc_sofascore,2026-08-09T08:07:33.988763
38,77040,Anosike Ementa,1094132,SV Zulte Waregem,2933,4,8,6.9,7.37,3.77,41,18,61,40,20,5,0,2616,32,bigChancesCreated,BEL,2025-2026,datafc_sofascore,2026-08-09T08:07:33.988763
38,77040,Bryan Goncalves,775019,FCV Dender,389232,1,2,6.79,1.13,3.58,12,5,38,10,42,5,0,2293,28,bigChancesCreated,BEL,2025-2026,datafc_sofascore,2026-08-09T08:07:33.988763
38,77040,Doğucan Haspolat,846087,KVC Westerlo,2893,1,4,7.18,2.52,7.83,46,10,86,19,82,7,0,3395,38,bigChancesCreated,BEL,2025-2026,datafc_sofascore,2026-08-09T08:07:33.988763
38,77040,Junya Ito,783278,KRC Genk,2890,6,5,7.09,3.79,5.63,36,16,51,24,37,4,0,1785,28,bigChancesCreated,BEL,2025-2026,datafc_sofascore,2026-08-09T08:07:33.988763
38,77040,Jarne Steuckers,1099462,KRC Genk,2890,0,6,6.96,2.06,6.27,30,8,54,15,9,1,0,1504,30,bigChancesCreated,BEL,2025-2026,datafc_sofascore,2026-08-09T08:07:33.988763
38,77040,Myron Van Brederode,1012925,KV Mechelen,5044,9,5,7.1,5.95,5.55,41,17,57,49,34,2,0,2840,34,bigChancesCreated,BEL,2025-2026,datafc_sofascore,2026-08-09T08:07:33.988763
38,77040,Rafiki Saïd,1047321,Standard Liège,2901,8,4,7.07,10.2,4.41,90,32,28,69,30,4,0,2756,37,bigChancesCreated,BEL,2025-2026,datafc_sofascore,2026-08-09T08:07:33.988763
38,77040,Anouar Ait El Hadj,964764,Royale Union Saint-Gilloise,4860,2,5,6.9,5.0,7.38,42,13,62,13,29,2,0,2660,38,bigChancesCreated,BEL,2025-2026,datafc_sofascore,2026-08-09T08:07:33.988763
38,77040,Allahyar Sayyadmanesh,905474,KVC Westerlo,2893,7,3,6.89,7.15,4.43,48,15,37,33,35,5,0,2241,30,bigChancesCreated,BEL,2025-2026,datafc_sofascore,2026-08-09T08:07:33.988763
38,77040,Vincent Janssen,339901,Royal Antwerp FC,2889,10,7,6.87,12.99,3.46,91,30,33,21,29,8,0,3088,35,bigChancesCreated,BEL,2025-2026,datafc_sofascore,2026-08-09T08:07:33.988763
38,77040,Daam Foulon,826170,Royal Antwerp FC,2889,0,4,6.78,0.68,3.5,13,4,33,10,56,5,2,2290,33,bigChancesCreated,BEL,2025-2026,datafc_sofascore,2026-08-09T08:07:33.988763
38,77040,Nilson Angulo,1116571,RSC Anderlecht,2900,6,5,7.26,3.77,4.47,33,16,46,44,62,2,1,1902,22,bigChancesCreated,BEL,2025-2026,datafc_sofascore,2026-08-09T08:07:33.988763
38,77040,Carlos Forbs,1069486,Club Brugge KV,2888,8,8,7.17,6.18,8.55,57,21,61,52,40,4,0,2816,37,bigChancesCreated,BEL,2025-2026,datafc_sofascore,2026-08-09T08:07:33.988763
38,77040,Edan Diop,1390575,Cercle Brugge,2929,7,3,6.99,6.96,5.33,53,22,46,43,52,7,0,2607,33,bigChancesCreated,BEL,2025-2026,datafc_sofascore,2026-08-09T08:07:33.988763
38,77040,Thibaud Verlinden,826172,Oud-Heverlee Leuven,2918,2,4,6.92,0.59,4.03,20,10,26,21,24,4,0,1463,26,bigChancesCreated,BEL,2025-2026,datafc_sofascore,2026-08-09T08:07:33.988763
38,77040,Rob Schoofs,133164,Royale Union Saint-Gilloise,4860,4,5,6.89,3.11,5.5,42,11,52,7,27,4,0,2013,36,bigChancesCreated,BEL,2025-2026,datafc_sofascore,2026-08-09T08:07:33.988763
38,77040,Ilias Sebaoui,1154586,Sint-Truidense VV,2895,5,5,6.81,8.33,5.21,93,27,36,43,46,3,0,3272,40,bigChancesCreated,BEL,2025-2026,datafc_sofascore,2026-08-09T08:07:33.988763
38,77040,Keisuke Goto,1391315,Sint-Truidense VV,2895,11,7,6.77,13.43,4.3,62,25,30,7,41,5,0,2885,38,bigChancesCreated,BEL,2025-2026,datafc_sofascore,2026-08-09T08:07:33.988763
38,77040,Gyrano Kerk,386950,Royal Antwerp FC,2889,3,4,6.77,4.85,3.05,50,17,26,35,34,4,0,2095,27,bigChancesCreated,BEL,2025-2026,datafc_sofascore,2026-08-09T08:07:33.988763
38,77040,Besfort Zeneli,1173223,Royale Union Saint-Gilloise,4860,3,6,7.13,2.06,3.52,16,8,22,7,8,0,0,774,15,bigChancesCreated,BEL,2025-2026,datafc_sofascore,2026-08-09T08:07:33.988763
38,77040,Jeppe Erenbjerg,1035095,SV Zulte Waregem,2933,13,3,7.12,10.16,5.5,88,32,41,24,24,2,0,2787,35,bigChancesCreated,BEL,2025-2026,datafc_sofascore,2026-08-09T08:07:33.988763
38,77040,Rihito Yamamoto,1030211,Sint-Truidense VV,2895,5,6,7.08,5.87,6.27,51,16,62,21,75,6,0,3290,38,bigChancesCreated,BEL,2025-2026,datafc_sofascore,2026-08-09T08:07:33.988763
38,77040,Nicolò Tresoldi,1177167,Club Brugge KV,2888,19,5,6.99,16.6,3.73,101,39,38,19,29,1,0,2507,40,bigChancesCreated,BEL,2025-2026,datafc_sofascore,2026-08-09T08:07:33.988763
38,77040,Tiago Araújo,997024,KAA Gent,2903,1,4,6.94,0.83,6.33,21,4,57,20,39,9,0,2820,35,bigChancesCreated,BEL,2025-2026,datafc_sofascore,2026-08-09T08:07:33.988763
38,77040,Jordi Liongola,1009413,RAAL La Louvière,368506,2,6,6.93,3.28,4.29,29,6,40,27,57,10,0,2618,31,bigChancesCreated,BEL,2025-2026,datafc_sofascore,2026-08-09T08:07:33.988763
38,77040,Joseph Opoku,1922407,SV Zulte Waregem,2933,10,6,6.91,10.15,3.62,69,25,46,37,16,2,0,2458,33,bigChancesCreated,BEL,2025-2026,datafc_sofascore,2026-08-09T08:07:33.988763
38,77040,Tobias Mohr,237048,Standard Liège,2901,2,2,6.91,1.09,5.42,25,5,44,20,50,5,0,2310,38,bigChancesCreated,BEL,2025-2026,datafc_sofascore,2026-08-09T08:07:33.988763
38,77040,Bruny Nsimba,1047536,FCV Dender,389232,9,4,6.8,10.1,3.3,60,22,24,20,17,3,0,1905,30,bigChancesCreated,BEL,2025-2026,datafc_sofascore,2026-08-09T08:07:33.988763
38,77040,Bryan Heynen,801025,KRC Genk,2890,4,1,7.31,4.75,4.68,48,11,49,22,99,5,0,3603,40,bigChancesCreated,BEL,2025-2026,datafc_sofascore,2026-08-09T08:07:33.988763
38,77040,Zakaria El Ouahdi,1134470,KRC Genk,2890,8,4,7.07,4.96,4.37,70,24,49,36,42,4,0,2996,34,bigChancesCreated,BEL,2025-2026,datafc_sofascore,2026-08-09T08:07:33.988763
38,77040,Adem Zorgane,1000472,Royale Union Saint-Gilloise,4860,4,5,7.04,2.44,6.23,28,12,40,19,64,7,0,2968,37,bigChancesCreated,BEL,2025-2026,datafc_sofascore,2026-08-09T08:07:33.988763
38,77040,Siebe Schrijvers,190413,Oud-Heverlee Leuven,2918,3,4,7.0,5.03,3.45,29,4,37,12,62,6,0,2121,30,bigChancesCreated,BEL,2025-2026,datafc_sofascore,2026-08-09T08:07:33.988763
38,77040,Kevin Van Den Kerkhof,1130602,RC Sporting Charleroi,2898,3,4,6.78,3.1,2.9,35,11,35,27,56,5,1,2117,30,bigChancesCreated,BEL,2025-2026,datafc_sofascore,2026-08-09T08:07:33.988763
38,77040,Isa Sakamoto,1126245,KVC Westerlo,2893,6,4,6.67,7.98,2.85,66,21,32,62,43,1,0,3021,38,bigChancesCreated,BEL,2025-2026,datafc_sofascore,2026-08-09T08:07:33.988763
38,77040,Aleksandar Stanković,1153957,Club Brugge KV,2888,6,2,7.09,4.66,4.09,74,25,33,8,39,4,0,3076,39,bigChancesCreated,BEL,2025-2026,datafc_sofascore,2026-08-09T08:07:33.988763
38,77040,Arthur Piedfort,1149123,KVC Westerlo,2893,3,2,7.07,1.9,3.11,23,7,43,25,86,5,0,2989,36,bigChancesCreated,BEL,2025-2026,datafc_sofascore,2026-08-09T08:07:33.988763
38,77040,Mathis Servais,1093876,KV Mechelen,5044,2,4,6.98,2.95,5.07,41,11,35,11,48,5,0,2796,32,bigChancesCreated,BEL,2025-2026,datafc_sofascore,2026-08-09T08:07:33.988763
38,77040,Casper Nielsen,247471,Standard Liège,2901,5,2,6.95,3.38,3.36,32,11,19,8,42,5,0,1878,26,bigChancesCreated,BEL,2025-2026,datafc_sofascore,2026-08-09T08:07:33.988763
38,77040,Kyriani Sabbe,1101258,Club Brugge KV,2888,3,3,6.94,1.71,3.84,18,9,23,8,43,2,0,1658,27,bigChancesCreated,BEL,2025-2026,datafc_sofascore,2026-08-09T08:07:33.988763
38,77040,Arbnor Muja,890695,Sint-Truidense VV,2895,6,2,6.91,5.76,4.41,43,16,28,21,24,3,1,1855,26,bigChancesCreated,BEL,2025-2026,datafc_sofascore,2026-08-09T08:07:33.988763
38,77040,Nolan Gillot,2425212,RAAL La Louvière,368506,2,4,6.88,1.93,3.66,30,9,29,16,31,0,0,1297,21,bigChancesCreated,BEL,2025-2026,datafc_sofascore,2026-08-09T08:07:33.988763
38,77040,Thibo Somers,1002804,Royal Antwerp FC,2889,4,2,6.88,5.33,4.11,36,16,27,3,74,3,0,2434,32,bigChancesCreated,BEL,2025-2026,datafc_sofascore,2026-08-09T08:07:33.988763
38,77040,Bjorn Meijer,1047509,Club Brugge KV,2888,1,1,6.88,1.56,2.26,14,4,19,9,15,1,0,1041,27,bigChancesCreated,BEL,2025-2026,datafc_sofascore,2026-08-09T08:07:33.988763
38,77040,Tuur Rommens,1130011,KVC Westerlo,2893,0,1,6.79,0.85,1.48,8,2,20,19,33,2,0,1223,15,bigChancesCreated,BEL,2025-2026,datafc_sofascore,2026-08-09T08:07:33.988763
38,77040,Hyllarion Goore,2048955,KAA Gent,2903,5,4,6.71,5.22,2.29,55,15,20,25,9,2,0,1431,34,bigChancesCreated,BEL,2025-2026,datafc_sofascore,2026-08-09T08:07:33.988763
38,77040,Steve Ngoura,1394411,Cercle Brugge,2929,7,4,6.67,9.75,2.31,71,23,22,27,9,2,0,2097,34,bigChancesCreated,BEL,2025-2026,datafc_sofascore,2026-08-09T08:07:33.988763
38,77040,Dante Vanzeir,822673,Cercle Brugge,2929,2,2,6.58,1.86,1.3,23,10,13,7,8,0,0,950,20,bigChancesCreated,BEL,2025-2026,datafc_sofascore,2026-08-09T08:07:33.988763
38,77040,Parfait Guiagon,1030459,RC Sporting Charleroi,2898,9,5,7.08,7.78,5.5,80,22,52,73,30,6,0,2555,33,bigChancesCreated,BEL,2025-2026,datafc_sofascore,2026-08-09T08:07:33.988763
38,77040,Emin Bayram,997153,KVC Westerlo,2893,4,2,7.06,4.39,2.88,41,13,20,15,44,4,2,3322,38,bigChancesCreated,BEL,2025-2026,datafc_sofascore,2026-08-09T08:07:33.988763
38,77040,Adnane Abid,1127801,Standard Liège,2901,2,5,6.92,2.21,4.2,22,11,44,37,40,5,1,2114,34,bigChancesCreated,BEL,2025-2026,datafc_sofascore,2026-08-09T08:07:33.988763
38,77040,Ludwig Augustinsson,138546,RSC Anderlecht,2900,0,3,6.89,1.0,3.93,21,3,29,2,44,4,0,2082,27,bigChancesCreated,BEL,2025-2026,datafc_sofascore,2026-08-09T08:07:33.988763
38,77040,Hugo Vetlesen,877236,Club Brugge KV,2888,5,6,6.87,4.89,3.32,36,14,22,12,25,5,0,1315,25,bigChancesCreated,BEL,2025-2026,datafc_sofascore,2026-08-09T08:07:33.988763
38,77040,Henok Teklab,940558,Oud-Heverlee Leuven,2918,3,0,6.84,2.46,1.96,23,8,21,12,51,4,0,1638,25,bigChancesCreated,BEL,2025-2026,datafc_sofascore,2026-08-09T08:07:33.988763
38,77040,Ryan Merlen,1402293,Sint-Truidense VV,2895,3,2,6.82,3.41,2.27,24,5,19,9,8,4,1,965,33,bigChancesCreated,BEL,2025-2026,datafc_sofascore,2026-08-09T08:07:33.988763
38,77040,Noah Adedeji-Sternberg,1512197,KRC Genk,2890,1,1,6.8,1.22,2.9,22,4,16,22,22,0,0,1052,25,bigChancesCreated,BEL,2025-2026,datafc_sofascore,2026-08-09T08:07:33.988763
38,77040,Hyeon-gyu Oh,1010634,KRC Genk,2890,6,3,6.77,7.63,1.49,49,24,17,6,10,2,0,1116,20,bigChancesCreated,BEL,2025-2026,datafc_sofascore,2026-08-09T08:07:33.988763
38,77040,Bryan Reynolds,862075,KVC Westerlo,2893,2,3,6.77,2.75,4.35,22,8,37,37,53,8,0,3494,39,bigChancesCreated,BEL,2025-2026,datafc_sofascore,2026-08-09T08:07:33.988763
38,77040,Robert-Jan Vanwesemael,1047164,Sint-Truidense VV,2895,1,1,6.75,1.87,4.8,33,8,36,30,70,11,0,3077,37,bigChancesCreated,BEL,2025-2026,datafc_sofascore,2026-08-09T08:07:33.988763
38,77040,Roman Kvet,858926,FCV Dender,389232,5,0,6.73,4.44,3.29,38,12,39,24,34,5,0,2676,34,bigChancesCreated,BEL,2025-2026,datafc_sofascore,2026-08-09T08:07:33.988763
38,77040,Momodou Sonko,1135616,KAA Gent,2903,0,2,6.67,1.16,3.54,20,2,20,17,10,2,0,868,28,bigChancesCreated,BEL,2025-2026,datafc_sofascore,2026-08-09T08:07:33.988763
38,77040,Taiga Hata,1002356,Sint-Truidense VV,2895,1,3,6.66,1.79,2.66,6,3,19,10,44,0,0,2444,32,bigChancesCreated,BEL,2025-2026,datafc_sofascore,2026-08-09T08:07:33.988763
38,77040,Ilay Camara,1397747,RSC Anderlecht,2900,2,1,6.56,1.17,2.75,15,7,23,11,19,1,0,1310,25,bigChancesCreated,BEL,2025-2026,datafc_sofascore,2026-08-09T08:07:33.988763
38,77040,Jerry Afriyie,1836721,RAAL La Louvière,368506,5,1,6.52,7.65,2.32,51,21,17,36,23,7,0,2497,31,bigChancesCreated,BEL,2025-2026,datafc_sofascore,2026-08-09T08:07:33.988763
38,77040,Yassine Titraoui,1094538,RC Sporting Charleroi,2898,5,1,7.23,2.9,3.78,53,20,31,26,58,7,0,2904,35,bigChancesCreated,BEL,2025-2026,datafc_sofascore,2026-08-09T08:07:33.988763
38,77040,Kevin Mac Allister,895327,Royale Union Saint-Gilloise,4860,1,1,7.14,3.07,2.44,22,5,13,9,112,11,1,2930,34,bigChancesCreated,BEL,2025-2026,datafc_sofascore,2026-08-09T08:07:33.988763
38,77040,Guilherme Smith,1820381,Royale Union Saint-Gilloise,4860,4,2,7.08,0.98,1.96,21,7,15,28,33,4,0,1546,22,bigChancesCreated,BEL,2025-2026,datafc_sofascore,2026-08-09T08:07:33.988763
38,77040,Hugo Siquet,983041,Club Brugge KV,2888,0,2,7.0,0.75,3.62,16,2,38,4,31,2,0,1332,31,bigChancesCreated,BEL,2025-2026,datafc_sofascore,2026-08-09T08:07:33.988763
38,77040,Daan Heymans,845344,KRC Genk,2890,10,4,6.98,7.98,2.96,61,25,33,11,50,3,0,2362,31,bigChancesCreated,BEL,2025-2026,datafc_sofascore,2026-08-09T08:07:33.988763
38,77040,Anthony Valencia,1020197,Royal Antwerp FC,2889,4,2,6.95,3.57,2.73,29,12,29,36,27,3,0,1332,23,bigChancesCreated,BEL,2025-2026,datafc_sofascore,2026-08-09T08:07:33.988763
38,77040,Farouck Adekami,1920581,Royal Antwerp FC,2889,2,2,6.9,2.95,1.76,35,16,21,38,23,7,0,1140,21,bigChancesCreated,BEL,2025-2026,datafc_sofascore,2026-08-09T08:07:33.988763
38,77040,Abdelkahar Kadri,1007528,KAA Gent,2903,2,5,6.89,2.42,2.53,27,9,32,24,43,5,0,2076,33,bigChancesCreated,BEL,2025-2026,datafc_sofascore,2026-08-09T08:07:33.988763
38,77040,Atsuki Ito,1034816,KAA Gent,2903,4,3,6.88,4.25,2.25,37,13,26,14,39,3,0,2184,30,bigChancesCreated,BEL,2025-2026,datafc_sofascore,2026-08-09T08:07:33.988763
38,77040,Noah Mbamba,1100321,FCV Dender,389232,2,2,6.88,2.99,2.06,28,9,20,35,93,4,0,2805,35,bigChancesCreated,BEL,2025-2026,datafc_sofascore,2026-08-09T08:07:33.988763
38,77040,Malcolm Viltard,1092285,FCV Dender,389232,1,1,6.88,0.41,2.6,15,4,27,17,70,6,1,2721,36,bigChancesCreated,BEL,2025-2026,datafc_sofascore,2026-08-09T08:07:33.988763
38,77040,Thérence Koudou,1392080,KV Mechelen,5044,5,2,6.85,1.64,4.81,25,8,35,38,31,5,0,3060,37,bigChancesCreated,BEL,2025-2026,datafc_sofascore,2026-08-09T08:07:33.988763
38,77040,Emran Soglo,1403124,SV Zulte Waregem,2933,0,3,6.85,1.02,2.37,16,2,15,23,29,2,0,1045,18,bigChancesCreated,BEL,2025-2026,datafc_sofascore,2026-08-09T08:07:33.988763
38,77040,Maxime Pau,859032,RAAL La Louvière,368506,1,0,6.82,1.03,1.93,9,2,19,7,15,2,0,696,14,bigChancesCreated,BEL,2025-2026,datafc_sofascore,2026-08-09T08:07:33.988763
38,77040,Takahiro Akimoto,1028340,Oud-Heverlee Leuven,2918,0,0,6.81,0.82,1.74,19,5,15,14,70,4,0,2710,31,bigChancesCreated,BEL,2025-2026,datafc_sofascore,2026-08-09T08:07:33.988763
38,77040,Joaquin Seys,1395881,Club Brugge KV,2888,2,5,6.81,1.25,3.7,16,4,33,11,56,3,0,2976,39,bigChancesCreated,BEL,2025-2026,datafc_sofascore,2026-08-09T08:07:33.988763
38,77040,Mardochee Nzita,990726,RC Sporting Charleroi,2898,0,2,6.77,1.02,3.04,12,3,21,18,65,3,1,3007,38,bigChancesCreated,BEL,2025-2026,datafc_sofascore,2026-08-09T08:07:33.988763
38,77040,José Marsà,962625,KV Mechelen,5044,1,2,6.73,1.7,2.1,15,3,12,9,47,4,0,2594,33,bigChancesCreated,BEL,2025-2026,datafc_sofascore,2026-08-09T08:07:33.988763
38,77040,Shunsuke Saito,1869028,KVC Westerlo,2893,1,1,6.72,1.62,2.37,18,2,11,13,17,2,0,855,17,bigChancesCreated,BEL,2025-2026,datafc_sofascore,2026-08-09T08:07:33.988763
38,77040,Bilal Bafdili,1445119,KV Mechelen,5044,1,3,6.72,1.42,1.69,11,4,16,10,8,2,0,867,19,bigChancesCreated,BEL,2025-2026,datafc_sofascore,2026-08-09T08:07:33.988763
38,77040,Wilfried Kanga,838640,KAA Gent,2903,12,4,6.71,15.13,1.71,90,37,27,8,8,4,0,2836,36,bigChancesCreated,BEL,2025-2026,datafc_sofascore,2026-08-09T08:07:33.988763
38,77040,Yari Verschaeren,901898,RSC Anderlecht,2900,1,3,6.71,2.03,2.5,24,6,31,12,19,1,0,1408,28,bigChancesCreated,BEL,2025-2026,datafc_sofascore,2026-08-09T08:07:33.988763
38,77040,Kevin Rodriguez,1431770,Royale Union Saint-Gilloise,4860,10,2,6.69,8.63,2.84,76,30,19,19,19,2,0,1825,31,bigChancesCreated,BEL,2025-2026,datafc_sofascore,2026-08-09T08:07:33.988763
38,77040,Ali Maamar,1440668,RSC Anderlecht,2900,0,4,6.68,0.58,1.82,13,0,18,18,36,4,0,1382,25,bigChancesCreated,BEL,2025-2026,datafc_sofascore,2026-08-09T08:07:33.988763
38,77040,Gustav Mortensen,1083365,Standard Liège,2901,0,0,6.64,0.36,2.52,7,1,19,3,21,0,0,1736,20,bigChancesCreated,BEL,2025-2026,datafc_sofascore,2026-08-09T08:07:33.988763
38,77040,Mathieu Maertens,360652,Oud-Heverlee Leuven,2918,1,3,6.6,5.76,1.05,52,17,19,10,23,5,0,1302,35,bigChancesCreated,BEL,2025-2026,datafc_sofascore,2026-08-09T08:07:33.988763
38,77040,Christos Tzolis,1031259,Club Brugge KV,2888,17,23,7.71,17.4,15.94,123,44,135,40,29,6,0,3072,36,bigChancesCreated,BEL,2025-2026,datafc_sofascore,2026-08-09T08:07:33.988763
38,77040,Nazinho,1006113,Cercle Brugge,2929,3,7,7.07,0.91,7.69,27,8,59,24,73,13,0,2554,30,bigChancesCreated,BEL,2025-2026,datafc_sofascore,2026-08-09T08:07:33.988763
38,77040,Patrick Pflücke,281283,RC Sporting Charleroi,2898,4,8,6.97,5.54,8.28,63,22,67,9,22,0,0,2670,41,bigChancesCreated,BEL,2025-2026,datafc_sofascore,2026-08-09T08:07:33.988763
38,77040,Gary Magnee,990265,Cercle Brugge,2929,4,7,6.93,5.4,6.75,31,10,74,20,72,4,0,2889,34,bigChancesCreated,BEL,2025-2026,datafc_sofascore,2026-08-09T08:07:33.988763
38,77040,Ryotaro Ito,831697,Sint-Truidense VV,2895,10,5,7.28,8.51,8.81,73,27,102,19,20,1,0,2838,35,bigChancesCreated,BEL,2025-2026,datafc_sofascore,2026-08-09T08:07:33.988763
38,77040,Hans Vanaken,118085,Club Brugge KV,2888,7,3,7.45,8.38,8.0,58,21,67,15,38,2,0,3366,39,bigChancesCreated,BEL,2025-2026,datafc_sofascore,2026-08-09T08:07:33.988763
38,77040,Anan Khalaili,1403362,Royale Union Saint-Gilloise,4860,3,5,7.22,3.34,7.52,38,13,62,49,69,7,0,3099,38,bigChancesCreated,BEL,2025-2026,datafc_sofascore,2026-08-09T08:07:33.988763
38,77040,Thorgan Hazard,94286,RSC Anderlecht,2900,13,7,7.04,11.91,8.06,74,31,78,38,38,6,1,2722,36,bigChancesCreated,BEL,2025-2026,datafc_sofascore,2026-08-09T08:07:33.988763
38,77040,Youssef Maziz,862821,Oud-Heverlee Leuven,2918,3,4,6.96,4.34,6.75,49,12,63,13,25,6,0,2096,36,bigChancesCreated,BEL,2025-2026,datafc_sofascore,2026-08-09T08:07:33.988763
38,77040,Michał Skóraś,942479,KAA Gent,2903,2,7,7.06,3.87,6.79,43,10,65,37,49,6,1,2697,34,bigChancesCreated,BEL,2025-2026,datafc_sofascore,2026-08-09T08:07:33.988763
38,77040,Konstantinos Karetsas,1468744,KRC Genk,2890,0,10,6.91,4.62,7.63,68,27,68,59,30,3,0,2247,34,bigChancesCreated,BEL,2025-2026,datafc_sofascore,2026-08-09T08:07:33.988763
38,77040,Anosike Ementa,1094132,SV Zulte Waregem,2933,4,8,6.9,7.37,3.77,41,18,61,40,20,5,0,2616,32,bigChancesCreated,BEL,2025-2026,datafc_sofascore,2026-08-09T08:07:33.988763
38,77040,Bryan Goncalves,775019,FCV Dender,389232,1,2,6.79,1.13,3.58,12,5,38,10,42,5,0,2293,28,bigChancesCreated,BEL,2025-2026,datafc_sofascore,2026-08-09T08:07:33.988763
38,77040,Doğucan Haspolat,846087,KVC Westerlo,2893,1,4,7.18,2.52,7.83,46,10,86,19,82,7,0,3395,38,bigChancesCreated,BEL,2025-2026,datafc_sofascore,2026-08-09T08:07:33.988763
38,77040,Junya Ito,783278,KRC Genk,2890,6,5,7.09,3.79,5.63,36,16,51,24,37,4,0,1785,28,bigChancesCreated,BEL,2025-2026,datafc_sofascore,2026-08-09T08:07:33.988763
38,77040,Jarne Steuckers,1099462,KRC Genk,2890,0,6,6.96,2.06,6.27,30,8,54,15,9,1,0,1504,30,bigChancesCreated,BEL,2025-2026,datafc_sofascore,2026-08-09T08:07:33.988763
38,77040,Myron Van Brederode,1012925,KV Mechelen,5044,9,5,7.1,5.95,5.55,41,17,57,49,34,2,0,2840,34,bigChancesCreated,BEL,2025-2026,datafc_sofascore,2026-08-09T08:07:33.988763
38,77040,Rafiki Saïd,1047321,Standard Liège,2901,8,4,7.07,10.2,4.41,90,32,28,69,30,4,0,2756,37,bigChancesCreated,BEL,2025-2026,datafc_sofascore,2026-08-09T08:07:33.988763
38,77040,Anouar Ait El Hadj,964764,Royale Union Saint-Gilloise,4860,2,5,6.9,5.0,7.38,42,13,62,13,29,2,0,2660,38,bigChancesCreated,BEL,2025-2026,datafc_sofascore,2026-08-09T08:07:33.988763
38,77040,Allahyar Sayyadmanesh,905474,KVC Westerlo,2893,7,3,6.89,7.15,4.43,48,15,37,33,35,5,0,2241,30,bigChancesCreated,BEL,2025-2026,datafc_sofascore,2026-08-09T08:07:33.988763
38,77040,Vincent Janssen,339901,Royal Antwerp FC,2889,10,7,6.87,12.99,3.46,91,30,33,21,29,8,0,3088,35,bigChancesCreated,BEL,2025-2026,datafc_sofascore,2026-08-09T08:07:33.988763
38,77040,Daam Foulon,826170,Royal Antwerp FC,2889,0,4,6.78,0.68,3.5,13,4,33,10,56,5,2,2290,33,bigChancesCreated,BEL,2025-2026,datafc_sofascore,2026-08-09T08:07:33.988763
38,77040,Nilson Angulo,1116571,RSC Anderlecht,2900,6,5,7.26,3.77,4.47,33,16,46,44,62,2,1,1902,22,bigChancesCreated,BEL,2025-2026,datafc_sofascore,2026-08-09T08:07:33.988763
38,77040,Carlos Forbs,1069486,Club Brugge KV,2888,8,8,7.17,6.18,8.55,57,21,61,52,40,4,0,2816,37,bigChancesCreated,BEL,2025-2026,datafc_sofascore,2026-08-09T08:07:33.988763
38,77040,Edan Diop,1390575,Cercle Brugge,2929,7,3,6.99,6.96,5.33,53,22,46,43,52,7,0,2607,33,bigChancesCreated,BEL,2025-2026,datafc_sofascore,2026-08-09T08:07:33.988763
38,77040,Thibaud Verlinden,826172,Oud-Heverlee Leuven,2918,2,4,6.92,0.59,4.03,20,10,26,21,24,4,0,1463,26,bigChancesCreated,BEL,2025-2026,datafc_sofascore,2026-08-09T08:07:33.988763
38,77040,Rob Schoofs,133164,Royale Union Saint-Gilloise,4860,4,5,6.89,3.11,5.5,42,11,52,7,27,4,0,2013,36,bigChancesCreated,BEL,2025-2026,datafc_sofascore,2026-08-09T08:07:33.988763
38,77040,Ilias Sebaoui,1154586,Sint-Truidense VV,2895,5,5,6.81,8.33,5.21,93,27,36,43,46,3,0,3272,40,bigChancesCreated,BEL,2025-2026,datafc_sofascore,2026-08-09T08:07:33.988763
38,77040,Keisuke Goto,1391315,Sint-Truidense VV,2895,11,7,6.77,13.43,4.3,62,25,30,7,41,5,0,2885,38,bigChancesCreated,BEL,2025-2026,datafc_sofascore,2026-08-09T08:07:33.988763
38,77040,Gyrano Kerk,386950,Royal Antwerp FC,2889,3,4,6.77,4.85,3.05,50,17,26,35,34,4,0,2095,27,bigChancesCreated,BEL,2025-2026,datafc_sofascore,2026-08-09T08:07:33.988763
38,77040,Besfort Zeneli,1173223,Royale Union Saint-Gilloise,4860,3,6,7.13,2.06,3.52,16,8,22,7,8,0,0,774,15,bigChancesCreated,BEL,2025-2026,datafc_sofascore,2026-08-09T08:07:33.988763
38,77040,Jeppe Erenbjerg,1035095,SV Zulte Waregem,2933,13,3,7.12,10.16,5.5,88,32,41,24,24,2,0,2787,35,bigChancesCreated,BEL,2025-2026,datafc_sofascore,2026-08-09T08:07:33.988763
38,77040,Rihito Yamamoto,1030211,Sint-Truidense VV,2895,5,6,7.08,5.87,6.27,51,16,62,21,75,6,0,3290,38,bigChancesCreated,BEL,2025-2026,datafc_sofascore,2026-08-09T08:07:33.988763
38,77040,Nicolò Tresoldi,1177167,Club Brugge KV,2888,19,5,6.99,16.6,3.73,101,39,38,19,29,1,0,2507,40,bigChancesCreated,BEL,2025-2026,datafc_sofascore,2026-08-09T08:07:33.988763
38,77040,Tiago Araújo,997024,KAA Gent,2903,1,4,6.94,0.83,6.33,21,4,57,20,39,9,0,2820,35,bigChancesCreated,BEL,2025-2026,datafc_sofascore,2026-08-09T08:07:33.988763
38,77040,Jordi Liongola,1009413,RAAL La Louvière,368506,2,6,6.93,3.28,4.29,29,6,40,27,57,10,0,2618,31,bigChancesCreated,BEL,2025-2026,datafc_sofascore,2026-08-09T08:07:33.988763
38,77040,Joseph Opoku,1922407,SV Zulte Waregem,2933,10,6,6.91,10.15,3.62,69,25,46,37,16,2,0,2458,33,bigChancesCreated,BEL,2025-2026,datafc_sofascore,2026-08-09T08:07:33.988763
38,77040,Tobias Mohr,237048,Standard Liège,2901,2,2,6.91,1.09,5.42,25,5,44,20,50,5,0,2310,38,bigChancesCreated,BEL,2025-2026,datafc_sofascore,2026-08-09T08:07:33.988763
38,77040,Bruny Nsimba,1047536,FCV Dender,389232,9,4,6.8,10.1,3.3,60,22,24,20,17,3,0,1905,30,bigChancesCreated,BEL,2025-2026,datafc_sofascore,2026-08-09T08:07:33.988763
38,77040,Bryan Heynen,801025,KRC Genk,2890,4,1,7.31,4.75,4.68,48,11,49,22,99,5,0,3603,40,bigChancesCreated,BEL,2025-2026,datafc_sofascore,2026-08-09T08:07:33.988763
38,77040,Zakaria El Ouahdi,1134470,KRC Genk,2890,8,4,7.07,4.96,4.37,70,24,49,36,42,4,0,2996,34,bigChancesCreated,BEL,2025-2026,datafc_sofascore,2026-08-09T08:07:33.988763
38,77040,Adem Zorgane,1000472,Royale Union Saint-Gilloise,4860,4,5,7.04,2.44,6.23,28,12,40,19,64,7,0,2968,37,bigChancesCreated,BEL,2025-2026,datafc_sofascore,2026-08-09T08:07:33.988763
38,77040,Siebe Schrijvers,190413,Oud-Heverlee Leuven,2918,3,4,7.0,5.03,3.45,29,4,37,12,62,6,0,2121,30,bigChancesCreated,BEL,2025-2026,datafc_sofascore,2026-08-09T08:07:33.988763
38,77040,Kevin Van Den Kerkhof,1130602,RC Sporting Charleroi,2898,3,4,6.78,3.1,2.9,35,11,35,27,56,5,1,2117,30,bigChancesCreated,BEL,2025-2026,datafc_sofascore,2026-08-09T08:07:33.988763
38,77040,Isa Sakamoto,1126245,KVC Westerlo,2893,6,4,6.67,7.98,2.85,66,21,32,62,43,1,0,3021,38,bigChancesCreated,BEL,2025-2026,datafc_sofascore,2026-08-09T08:07:33.988763
38,77040,Aleksandar Stanković,1153957,Club Brugge KV,2888,6,2,7.09,4.66,4.09,74,25,33,8,39,4,0,3076,39,bigChancesCreated,BEL,2025-2026,datafc_sofascore,2026-08-09T08:07:33.988763
38,77040,Arthur Piedfort,1149123,KVC Westerlo,2893,3,2,7.07,1.9,3.11,23,7,43,25,86,5,0,2989,36,bigChancesCreated,BEL,2025-2026,datafc_sofascore,2026-08-09T08:07:33.988763
38,77040,Mathis Servais,1093876,KV Mechelen,5044,2,4,6.98,2.95,5.07,41,11,35,11,48,5,0,2796,32,bigChancesCreated,BEL,2025-2026,datafc_sofascore,2026-08-09T08:07:33.988763
38,77040,Casper Nielsen,247471,Standard Liège,2901,5,2,6.95,3.38,3.36,32,11,19,8,42,5,0,1878,26,bigChancesCreated,BEL,2025-2026,datafc_sofascore,2026-08-09T08:07:33.988763
38,77040,Kyriani Sabbe,1101258,Club Brugge KV,2888,3,3,6.94,1.71,3.84,18,9,23,8,43,2,0,1658,27,bigChancesCreated,BEL,2025-2026,datafc_sofascore,2026-08-09T08:07:33.988763
38,77040,Arbnor Muja,890695,Sint-Truidense VV,2895,6,2,6.91,5.76,4.41,43,16,28,21,24,3,1,1855,26,bigChancesCreated,BEL,2025-2026,datafc_sofascore,2026-08-09T08:07:33.988763
38,77040,Nolan Gillot,2425212,RAAL La Louvière,368506,2,4,6.88,1.93,3.66,30,9,29,16,31,0,0,1297,21,bigChancesCreated,BEL,2025-2026,datafc_sofascore,2026-08-09T08:07:33.988763
38,77040,Thibo Somers,1002804,Royal Antwerp FC,2889,4,2,6.88,5.33,4.11,36,16,27,3,74,3,0,2434,32,bigChancesCreated,BEL,2025-2026,datafc_sofascore,2026-08-09T08:07:33.988763
38,77040,Bjorn Meijer,1047509,Club Brugge KV,2888,1,1,6.88,1.56,2.26,14,4,19,9,15,1,0,1041,27,bigChancesCreated,BEL,2025-2026,datafc_sofascore,2026-08-09T08:07:33.988763
38,77040,Tuur Rommens,1130011,KVC Westerlo,2893,0,1,6.79,0.85,1.48,8,2,20,19,33,2,0,1223,15,bigChancesCreated,BEL,2025-2026,datafc_sofascore,2026-08-09T08:07:33.988763
38,77040,Hyllarion Goore,2048955,KAA Gent,2903,5,4,6.71,5.22,2.29,55,15,20,25,9,2,0,1431,34,bigChancesCreated,BEL,2025-2026,datafc_sofascore,2026-08-09T08:07:33.988763
38,77040,Steve Ngoura,1394411,Cercle Brugge,2929,7,4,6.67,9.75,2.31,71,23,22,27,9,2,0,2097,34,bigChancesCreated,BEL,2025-2026,datafc_sofascore,2026-08-09T08:07:33.988763
38,77040,Dante Vanzeir,822673,Cercle Brugge,2929,2,2,6.58,1.86,1.3,23,10,13,7,8,0,0,950,20,bigChancesCreated,BEL,2025-2026,datafc_sofascore,2026-08-09T08:07:33.988763
38,77040,Parfait Guiagon,1030459,RC Sporting Charleroi,2898,9,5,7.08,7.78,5.5,80,22,52,73,30,6,0,2555,33,bigChancesCreated,BEL,2025-2026,datafc_sofascore,2026-08-09T08:07:33.988763
38,77040,Emin Bayram,997153,KVC Westerlo,2893,4,2,7.06,4.39,2.88,41,13,20,15,44,4,2,3322,38,bigChancesCreated,BEL,2025-2026,datafc_sofascore,2026-08-09T08:07:33.988763
38,77040,Adnane Abid,1127801,Standard Liège,2901,2,5,6.92,2.21,4.2,22,11,44,37,40,5,1,2114,34,bigChancesCreated,BEL,2025-2026,datafc_sofascore,2026-08-09T08:07:33.988763
38,77040,Ludwig Augustinsson,138546,RSC Anderlecht,2900,0,3,6.89,1.0,3.93,21,3,29,2,44,4,0,2082,27,bigChancesCreated,BEL,2025-2026,datafc_sofascore,2026-08-09T08:07:33.988763
38,77040,Hugo Vetlesen,877236,Club Brugge KV,2888,5,6,6.87,4.89,3.32,36,14,22,12,25,5,0,1315,25,bigChancesCreated,BEL,2025-2026,datafc_sofascore,2026-08-09T08:07:33.988763
38,77040,Henok Teklab,940558,Oud-Heverlee Leuven,2918,3,0,6.84,2.46,1.96,23,8,21,12,51,4,0,1638,25,bigChancesCreated,BEL,2025-2026,datafc_sofascore,2026-08-09T08:07:33.988763
38,77040,Ryan Merlen,1402293,Sint-Truidense VV,2895,3,2,6.82,3.41,2.27,24,5,19,9,8,4,1,965,33,bigChancesCreated,BEL,2025-2026,datafc_sofascore,2026-08-09T08:07:33.988763
38,77040,Noah Adedeji-Sternberg,1512197,KRC Genk,2890,1,1,6.8,1.22,2.9,22,4,16,22,22,0,0,1052,25,bigChancesCreated,BEL,2025-2026,datafc_sofascore,2026-08-09T08:07:33.988763
38,77040,Hyeon-gyu Oh,1010634,KRC Genk,2890,6,3,6.77,7.63,1.49,49,24,17,6,10,2,0,1116,20,bigChancesCreated,BEL,2025-2026,datafc_sofascore,2026-08-09T08:07:33.988763
38,77040,Bryan Reynolds,862075,KVC Westerlo,2893,2,3,6.77,2.75,4.35,22,8,37,37,53,8,0,3494,39,bigChancesCreated,BEL,2025-2026,datafc_sofascore,2026-08-09T08:07:33.988763
38,77040,Robert-Jan Vanwesemael,1047164,Sint-Truidense VV,2895,1,1,6.75,1.87,4.8,33,8,36,30,70,11,0,3077,37,bigChancesCreated,BEL,2025-2026,datafc_sofascore,2026-08-09T08:07:33.988763
38,77040,Roman Kvet,858926,FCV Dender,389232,5,0,6.73,4.44,3.29,38,12,39,24,34,5,0,2676,34,bigChancesCreated,BEL,2025-2026,datafc_sofascore,2026-08-09T08:07:33.988763
38,77040,Momodou Sonko,1135616,KAA Gent,2903,0,2,6.67,1.16,3.54,20,2,20,17,10,2,0,868,28,bigChancesCreated,BEL,2025-2026,datafc_sofascore,2026-08-09T08:07:33.988763
38,77040,Taiga Hata,1002356,Sint-Truidense VV,2895,1,3,6.66,1.79,2.66,6,3,19,10,44,0,0,2444,32,bigChancesCreated,BEL,2025-2026,datafc_sofascore,2026-08-09T08:07:33.988763
38,77040,Ilay Camara,1397747,RSC Anderlecht,2900,2,1,6.56,1.17,2.75,15,7,23,11,19,1,0,1310,25,bigChancesCreated,BEL,2025-2026,datafc_sofascore,2026-08-09T08:07:33.988763
38,77040,Jerry Afriyie,1836721,RAAL La Louvière,368506,5,1,6.52,7.65,2.32,51,21,17,36,23,7,0,2497,31,bigChancesCreated,BEL,2025-2026,datafc_sofascore,2026-08-09T08:07:33.988763
38,77040,Yassine Titraoui,1094538,RC Sporting Charleroi,2898,5,1,7.23,2.9,3.78,53,20,31,26,58,7,0,2904,35,bigChancesCreated,BEL,2025-2026,datafc_sofascore,2026-08-09T08:07:33.988763
38,77040,Kevin Mac Allister,895327,Royale Union Saint-Gilloise,4860,1,1,7.14,3.07,2.44,22,5,13,9,112,11,1,2930,34,bigChancesCreated,BEL,2025-2026,datafc_sofascore,2026-08-09T08:07:33.988763
38,77040,Guilherme Smith,1820381,Royale Union Saint-Gilloise,4860,4,2,7.08,0.98,1.96,21,7,15,28,33,4,0,1546,22,bigChancesCreated,BEL,2025-2026,datafc_sofascore,2026-08-09T08:07:33.988763
38,77040,Hugo Siquet,983041,Club Brugge KV,2888,0,2,7.0,0.75,3.62,16,2,38,4,31,2,0,1332,31,bigChancesCreated,BEL,2025-2026,datafc_sofascore,2026-08-09T08:07:33.988763
38,77040,Daan Heymans,845344,KRC Genk,2890,10,4,6.98,7.98,2.96,61,25,33,11,50,3,0,2362,31,bigChancesCreated,BEL,2025-2026,datafc_sofascore,2026-08-09T08:07:33.988763
38,77040,Anthony Valencia,1020197,Royal Antwerp FC,2889,4,2,6.95,3.57,2.73,29,12,29,36,27,3,0,1332,23,bigChancesCreated,BEL,2025-2026,datafc_sofascore,2026-08-09T08:07:33.988763
38,77040,Farouck Adekami,1920581,Royal Antwerp FC,2889,2,2,6.9,2.95,1.76,35,16,21,38,23,7,0,1140,21,bigChancesCreated,BEL,2025-2026,datafc_sofascore,2026-08-09T08:07:33.988763
38,77040,Abdelkahar Kadri,1007528,KAA Gent,2903,2,5,6.89,2.42,2.53,27,9,32,24,43,5,0,2076,33,bigChancesCreated,BEL,2025-2026,datafc_sofascore,2026-08-09T08:07:33.988763
38,77040,Atsuki Ito,1034816,KAA Gent,2903,4,3,6.88,4.25,2.25,37,13,26,14,39,3,0,2184,30,bigChancesCreated,BEL,2025-2026,datafc_sofascore,2026-08-09T08:07:33.988763
38,77040,Noah Mbamba,1100321,FCV Dender,389232,2,2,6.88,2.99,2.06,28,9,20,35,93,4,0,2805,35,bigChancesCreated,BEL,2025-2026,datafc_sofascore,2026-08-09T08:07:33.988763
38,77040,Malcolm Viltard,1092285,FCV Dender,389232,1,1,6.88,0.41,2.6,15,4,27,17,70,6,1,2721,36,bigChancesCreated,BEL,2025-2026,datafc_sofascore,2026-08-09T08:07:33.988763
38,77040,Thérence Koudou,1392080,KV Mechelen,5044,5,2,6.85,1.64,4.81,25,8,35,38,31,5,0,3060,37,bigChancesCreated,BEL,2025-2026,datafc_sofascore,2026-08-09T08:07:33.988763
38,77040,Emran Soglo,1403124,SV Zulte Waregem,2933,0,3,6.85,1.02,2.37,16,2,15,23,29,2,0,1045,18,bigChancesCreated,BEL,2025-2026,datafc_sofascore,2026-08-09T08:07:33.988763
38,77040,Maxime Pau,859032,RAAL La Louvière,368506,1,0,6.82,1.03,1.93,9,2,19,7,15,2,0,696,14,bigChancesCreated,BEL,2025-2026,datafc_sofascore,2026-08-09T08:07:33.988763
38,77040,Takahiro Akimoto,1028340,Oud-Heverlee Leuven,2918,0,0,6.81,0.82,1.74,19,5,15,14,70,4,0,2710,31,bigChancesCreated,BEL,2025-2026,datafc_sofascore,2026-08-09T08:07:33.988763
38,77040,Joaquin Seys,1395881,Club Brugge KV,2888,2,5,6.81,1.25,3.7,16,4,33,11,56,3,0,2976,39,bigChancesCreated,BEL,2025-2026,datafc_sofascore,2026-08-09T08:07:33.988763
38,77040,Mardochee Nzita,990726,RC Sporting Charleroi,2898,0,2,6.77,1.02,3.04,12,3,21,18,65,3,1,3007,38,bigChancesCreated,BEL,2025-2026,datafc_sofascore,2026-08-09T08:07:33.988763
38,77040,José Marsà,962625,KV Mechelen,5044,1,2,6.73,1.7,2.1,15,3,12,9,47,4,0,2594,33,bigChancesCreated,BEL,2025-2026,datafc_sofascore,2026-08-09T08:07:33.988763
38,77040,Shunsuke Saito,1869028,KVC Westerlo,2893,1,1,6.72,1.62,2.37,18,2,11,13,17,2,0,855,17,bigChancesCreated,BEL,2025-2026,datafc_sofascore,2026-08-09T08:07:33.988763
38,77040,Bilal Bafdili,1445119,KV Mechelen,5044,1,3,6.72,1.42,1.69,11,4,16,10,8,2,0,867,19,bigChancesCreated,BEL,2025-2026,datafc_sofascore,2026-08-09T08:07:33.988763
38,77040,Wilfried Kanga,838640,KAA Gent,2903,12,4,6.71,15.13,1.71,90,37,27,8,8,4,0,2836,36,bigChancesCreated,BEL,2025-2026,datafc_sofascore,2026-08-09T08:07:33.988763
38,77040,Yari Verschaeren,901898,RSC Anderlecht,2900,1,3,6.71,2.03,2.5,24,6,31,12,19,1,0,1408,28,bigChancesCreated,BEL,2025-2026,datafc_sofascore,2026-08-09T08:07:33.988763
38,77040,Kevin Rodriguez,1431770,Royale Union Saint-Gilloise,4860,10,2,6.69,8.63,2.84,76,30,19,19,19,2,0,1825,31,bigChancesCreated,BEL,2025-2026,datafc_sofascore,2026-08-09T08:07:33.988763
38,77040,Ali Maamar,1440668,RSC Anderlecht,2900,0,4,6.68,0.58,1.82,13,0,18,18,36,4,0,1382,25,bigChancesCreated,BEL,2025-2026,datafc_sofascore,2026-08-09T08:07:33.988763
38,77040,Gustav Mortensen,1083365,Standard Liège,2901,0,0,6.64,0.36,2.52,7,1,19,3,21,0,0,1736,20,bigChancesCreated,BEL,2025-2026,datafc_sofascore,2026-08-09T08:07:33.988763
38,77040,Mathieu Maertens,360652,Oud-Heverlee Leuven,2918,1,3,6.6,5.76,1.05,52,17,19,10,23,5,0,1302,35,bigChancesCreated,BEL,2025-2026,datafc_sofascore,2026-08-09T08:07:33.988763
38,77040,Nacho Ferri,1196903,KVC Westerlo,2893,11,2,7.04,16.2,2.4,101,42,30,22,27,7,0,2910,36,bigChancesMissed,BEL,2025-2026,datafc_sofascore,2026-08-09T08:07:33.988763
38,77040,Keisuke Goto,1391315,Sint-Truidense VV,2895,11,7,6.77,13.43,4.3,62,25,30,7,41,5,0,2885,38,bigChancesMissed,BEL,2025-2026,datafc_sofascore,2026-08-09T08:07:33.988763
38,77040,Nicolò Tresoldi,1177167,Club Brugge KV,2888,19,5,6.99,16.6,3.73,101,39,38,19,29,1,0,2507,40,bigChancesMissed,BEL,2025-2026,datafc_sofascore,2026-08-09T08:07:33.988763
38,77040,Oluwaseun Adewumi,1201883,Cercle Brugge,2929,5,0,6.61,7.78,1.06,57,24,12,27,14,2,0,1598,32,bigChancesMissed,BEL,2025-2026,datafc_sofascore,2026-08-09T08:07:33.988763
38,77040,Christos Tzolis,1031259,Club Brugge KV,2888,17,23,7.71,17.4,15.94,123,44,135,40,29,6,0,3072,36,bigChancesMissed,BEL,2025-2026,datafc_sofascore,2026-08-09T08:07:33.988763
38,77040,Aurélien Scheidler,915567,RC Sporting Charleroi,2898,9,4,6.81,12.47,2.75,71,28,38,10,8,3,0,3266,40,bigChancesMissed,BEL,2025-2026,datafc_sofascore,2026-08-09T08:07:33.988763
38,77040,Hyeon-gyu Oh,1010634,KRC Genk,2890,6,3,6.77,7.63,1.49,49,24,17,6,10,2,0,1116,20,bigChancesMissed,BEL,2025-2026,datafc_sofascore,2026-08-09T08:07:33.988763
38,77040,Promise David,1119328,Royale Union Saint-Gilloise,4860,9,1,6.68,12.3,1.04,70,26,13,6,4,1,0,1493,24,bigChancesMissed,BEL,2025-2026,datafc_sofascore,2026-08-09T08:07:33.988763
38,77040,Lion Lauberbach,886171,KV Mechelen,5044,6,1,6.7,9.02,0.94,48,25,15,21,12,4,0,1872,22,bigChancesMissed,BEL,2025-2026,datafc_sofascore,2026-08-09T08:07:33.988763
38,77040,Vincent Janssen,339901,Royal Antwerp FC,2889,10,7,6.87,12.99,3.46,91,30,33,21,29,8,0,3088,35,bigChancesMissed,BEL,2025-2026,datafc_sofascore,2026-08-09T08:07:33.988763
38,77040,Wilfried Kanga,838640,KAA Gent,2903,12,4,6.71,15.13,1.71,90,37,27,8,8,4,0,2836,36,bigChancesMissed,BEL,2025-2026,datafc_sofascore,2026-08-09T08:07:33.988763
38,77040,Pape Moussa Fall,1890424,RAAL La Louvière,368506,11,1,7.14,11.35,1.56,62,23,14,5,11,3,0,1771,27,bigChancesMissed,BEL,2025-2026,datafc_sofascore,2026-08-09T08:07:33.988763
38,77040,Joseph Opoku,1922407,SV Zulte Waregem,2933,10,6,6.91,10.15,3.62,69,25,46,37,16,2,0,2458,33,bigChancesMissed,BEL,2025-2026,datafc_sofascore,2026-08-09T08:07:33.988763
38,77040,Pieter Gerkens,190401,Cercle Brugge,2929,6,1,6.85,5.58,3.44,41,16,40,7,38,1,0,2840,35,bigChancesMissed,BEL,2025-2026,datafc_sofascore,2026-08-09T08:07:33.988763
38,77040,Mathieu Maertens,360652,Oud-Heverlee Leuven,2918,1,3,6.6,5.76,1.05,52,17,19,10,23,5,0,1302,35,bigChancesMissed,BEL,2025-2026,datafc_sofascore,2026-08-09T08:07:33.988763
38,77040,Bruny Nsimba,1047536,FCV Dender,389232,9,4,6.8,10.1,3.3,60,22,24,20,17,3,0,1905,30,bigChancesMissed,BEL,2025-2026,datafc_sofascore,2026-08-09T08:07:33.988763
38,77040,Adriano Bertaccini,867250,RSC Anderlecht,2900,7,2,6.7,7.73,1.74,65,28,15,17,14,5,1,1603,33,bigChancesMissed,BEL,2025-2026,datafc_sofascore,2026-08-09T08:07:33.988763
38,77040,Steve Ngoura,1394411,Cercle Brugge,2929,7,4,6.67,9.75,2.31,71,23,22,27,9,2,0,2097,34,bigChancesMissed,BEL,2025-2026,datafc_sofascore,2026-08-09T08:07:33.988763
38,77040,Robin Mirisola,1405446,KRC Genk,2890,5,2,6.66,6.48,0.66,36,13,15,22,11,3,0,1317,30,bigChancesMissed,BEL,2025-2026,datafc_sofascore,2026-08-09T08:07:33.988763
38,77040,Oumar Diakité,1188191,Cercle Brugge,2929,7,0,6.63,7.36,1.43,39,18,22,23,14,4,1,1429,25,bigChancesMissed,BEL,2025-2026,datafc_sofascore,2026-08-09T08:07:33.988763
38,77040,Jerry Afriyie,1836721,RAAL La Louvière,368506,5,1,6.52,7.65,2.32,51,21,17,36,23,7,0,2497,31,bigChancesMissed,BEL,2025-2026,datafc_sofascore,2026-08-09T08:07:33.988763
38,77040,Jakob Napoleon Romsaas,1198306,RC Sporting Charleroi,2898,2,3,6.72,5.11,2.68,40,15,34,20,27,2,0,1749,37,bigChancesMissed,BEL,2025-2026,datafc_sofascore,2026-08-09T08:07:33.988763
38,77040,Aaron Bibout,1502620,KRC Genk,2890,6,0,6.68,8.1,0.79,49,17,8,9,6,0,0,1165,21,bigChancesMissed,BEL,2025-2026,datafc_sofascore,2026-08-09T08:07:33.988763
38,77040,Jeppe Erenbjerg,1035095,SV Zulte Waregem,2933,13,3,7.12,10.16,5.5,88,32,41,24,24,2,0,2787,35,bigChancesMissed,BEL,2025-2026,datafc_sofascore,2026-08-09T08:07:33.988763
38,77040,Daan Heymans,845344,KRC Genk,2890,10,4,6.98,7.98,2.96,61,25,33,11,50,3,0,2362,31,bigChancesMissed,BEL,2025-2026,datafc_sofascore,2026-08-09T08:07:33.988763
38,77040,Anosike Ementa,1094132,SV Zulte Waregem,2933,4,8,6.9,7.37,3.77,41,18,61,40,20,5,0,2616,32,bigChancesMissed,BEL,2025-2026,datafc_sofascore,2026-08-09T08:07:33.988763
38,77040,Marley Aké,988839,SV Zulte Waregem,2933,8,0,6.9,5.67,2.12,48,17,16,22,26,1,0,1746,30,bigChancesMissed,BEL,2025-2026,datafc_sofascore,2026-08-09T08:07:33.988763
38,77040,Noah Mbamba,1100321,FCV Dender,389232,2,2,6.88,2.99,2.06,28,9,20,35,93,4,0,2805,35,bigChancesMissed,BEL,2025-2026,datafc_sofascore,2026-08-09T08:07:33.988763
38,77040,Kevin Rodriguez,1431770,Royale Union Saint-Gilloise,4860,10,2,6.69,8.63,2.84,76,30,19,19,19,2,0,1825,31,bigChancesMissed,BEL,2025-2026,datafc_sofascore,2026-08-09T08:07:33.988763
38,77040,Hans Vanaken,118085,Club Brugge KV,2888,7,3,7.45,8.38,8.0,58,21,67,15,38,2,0,3366,39,bigChancesMissed,BEL,2025-2026,datafc_sofascore,2026-08-09T08:07:33.988763
38,77040,Rafiki Saïd,1047321,Standard Liège,2901,8,4,7.07,10.2,4.41,90,32,28,69,30,4,0,2756,37,bigChancesMissed,BEL,2025-2026,datafc_sofascore,2026-08-09T08:07:33.988763
38,77040,Thorgan Hazard,94286,RSC Anderlecht,2900,13,7,7.04,11.91,8.06,74,31,78,38,38,6,1,2722,36,bigChancesMissed,BEL,2025-2026,datafc_sofascore,2026-08-09T08:07:33.988763
38,77040,Edan Diop,1390575,Cercle Brugge,2929,7,3,6.99,6.96,5.33,53,22,46,43,52,7,0,2607,33,bigChancesMissed,BEL,2025-2026,datafc_sofascore,2026-08-09T08:07:33.988763
38,77040,Allahyar Sayyadmanesh,905474,KVC Westerlo,2893,7,3,6.89,7.15,4.43,48,15,37,33,35,5,0,2241,30,bigChancesMissed,BEL,2025-2026,datafc_sofascore,2026-08-09T08:07:33.988763
38,77040,Ilias Sebaoui,1154586,Sint-Truidense VV,2895,5,5,6.81,8.33,5.21,93,27,36,43,46,3,0,3272,40,bigChancesMissed,BEL,2025-2026,datafc_sofascore,2026-08-09T08:07:33.988763
38,77040,Max Dean,1065233,KAA Gent,2903,7,1,6.69,8.96,1.47,50,21,16,5,8,2,1,1187,23,bigChancesMissed,BEL,2025-2026,datafc_sofascore,2026-08-09T08:07:33.988763
38,77040,Isa Sakamoto,1126245,KVC Westerlo,2893,6,4,6.67,7.98,2.85,66,21,32,62,43,1,0,3021,38,bigChancesMissed,BEL,2025-2026,datafc_sofascore,2026-08-09T08:07:33.988763
38,77040,Romeo Vermant,1069336,Club Brugge KV,2888,8,2,6.64,6.53,1.09,48,19,15,5,19,3,0,1338,35,bigChancesMissed,BEL,2025-2026,datafc_sofascore,2026-08-09T08:07:33.988763
38,77040,Mihajlo Cvetković,1427166,RSC Anderlecht,2900,9,2,6.6,7.58,1.0,41,21,17,8,15,4,1,1631,29,bigChancesMissed,BEL,2025-2026,datafc_sofascore,2026-08-09T08:07:33.988763
38,77040,Junya Ito,783278,KRC Genk,2890,6,5,7.09,3.79,5.63,36,16,51,24,37,4,0,1785,28,bigChancesMissed,BEL,2025-2026,datafc_sofascore,2026-08-09T08:07:33.988763
38,77040,Rihito Yamamoto,1030211,Sint-Truidense VV,2895,5,6,7.08,5.87,6.27,51,16,62,21,75,6,0,3290,38,bigChancesMissed,BEL,2025-2026,datafc_sofascore,2026-08-09T08:07:33.988763
38,77040,Youssef Maziz,862821,Oud-Heverlee Leuven,2918,3,4,6.96,4.34,6.75,49,12,63,13,25,6,0,2096,36,bigChancesMissed,BEL,2025-2026,datafc_sofascore,2026-08-09T08:07:33.988763
38,77040,Thibo Somers,1002804,Royal Antwerp FC,2889,4,2,6.88,5.33,4.11,36,16,27,3,74,3,0,2434,32,bigChancesMissed,BEL,2025-2026,datafc_sofascore,2026-08-09T08:07:33.988763
38,77040,Hugo Vetlesen,877236,Club Brugge KV,2888,5,6,6.87,4.89,3.32,36,14,22,12,25,5,0,1315,25,bigChancesMissed,BEL,2025-2026,datafc_sofascore,2026-08-09T08:07:33.988763
38,77040,Gyrano Kerk,386950,Royal Antwerp FC,2889,3,4,6.77,4.85,3.05,50,17,26,35,34,4,0,2095,27,bigChancesMissed,BEL,2025-2026,datafc_sofascore,2026-08-09T08:07:33.988763
38,77040,Mateo Biondic,1387937,Royale Union Saint-Gilloise,4860,4,2,6.76,4.58,0.91,27,15,9,8,5,0,0,771,15,bigChancesMissed,BEL,2025-2026,datafc_sofascore,2026-08-09T08:07:33.988763
38,77040,Abdoul Karim Traoré,2033824,Oud-Heverlee Leuven,2918,2,1,6.41,4.07,0.64,34,8,8,11,8,3,0,972,25,bigChancesMissed,BEL,2025-2026,datafc_sofascore,2026-08-09T08:07:33.988763
38,77040,Michał Skóraś,942479,KAA Gent,2903,2,7,7.06,3.87,6.79,43,10,65,37,49,6,1,2697,34,bigChancesMissed,BEL,2025-2026,datafc_sofascore,2026-08-09T08:07:33.988763
38,77040,Konstantinos Karetsas,1468744,KRC Genk,2890,0,10,6.91,4.62,7.63,68,27,68,59,30,3,0,2247,34,bigChancesMissed,BEL,2025-2026,datafc_sofascore,2026-08-09T08:07:33.988763
38,77040,Arbnor Muja,890695,Sint-Truidense VV,2895,6,2,6.91,5.76,4.41,43,16,28,21,24,3,1,1855,26,bigChancesMissed,BEL,2025-2026,datafc_sofascore,2026-08-09T08:07:33.988763
38,77040,Ibe Hautekiet,964757,Standard Liège,2901,2,0,6.87,2.36,0.69,17,5,11,1,59,3,0,2954,36,bigChancesMissed,BEL,2025-2026,datafc_sofascore,2026-08-09T08:07:33.988763
38,77040,Kaito Matsuzawa,1514300,Sint-Truidense VV,2895,2,2,6.76,3.41,2.03,23,8,14,28,11,1,0,705,32,bigChancesMissed,BEL,2025-2026,datafc_sofascore,2026-08-09T08:07:33.988763
38,77040,Marwan Al-Sahafi,1474689,Royal Antwerp FC,2889,1,0,6.66,2.92,1.36,19,5,10,17,13,2,0,1330,24,bigChancesMissed,BEL,2025-2026,datafc_sofascore,2026-08-09T08:07:33.988763
38,77040,Benito Raman,94300,KV Mechelen,5044,3,3,6.65,4.82,1.09,28,10,13,11,11,0,0,1087,29,bigChancesMissed,BEL,2025-2026,datafc_sofascore,2026-08-09T08:07:33.988763
38,77040,Andrés Ferrari,1177406,Sint-Truidense VV,2895,3,1,6.62,4.29,0.39,32,8,8,12,15,4,0,869,20,bigChancesMissed,BEL,2025-2026,datafc_sofascore,2026-08-09T08:07:33.988763
38,77040,Arnold Vula,1803258,K. Beerschot V.A.,169260,0,1,6.38,1.54,0.48,10,2,7,6,1,1,0,390,4,bigChancesMissed,BEL,2025-2026,datafc_sofascore,2026-08-09T08:07:33.988763
38,77040,Bryan Heynen,801025,KRC Genk,2890,4,1,7.31,4.75,4.68,48,11,49,22,99,5,0,3603,40,bigChancesMissed,BEL,2025-2026,datafc_sofascore,2026-08-09T08:07:33.988763
38,77040,Brandon Mechele,248331,Club Brugge KV,2888,5,2,7.29,3.46,1.49,33,14,22,5,77,4,0,3435,39,bigChancesMissed,BEL,2025-2026,datafc_sofascore,2026-08-09T08:07:33.988763
38,77040,Carlos Forbs,1069486,Club Brugge KV,2888,8,8,7.17,6.18,8.55,57,21,61,52,40,4,0,2816,37,bigChancesMissed,BEL,2025-2026,datafc_sofascore,2026-08-09T08:07:33.988763
38,77040,Kevin Mac Allister,895327,Royale Union Saint-Gilloise,4860,1,1,7.14,3.07,2.44,22,5,13,9,112,11,1,2930,34,bigChancesMissed,BEL,2025-2026,datafc_sofascore,2026-08-09T08:07:33.988763
38,77040,Emin Bayram,997153,KVC Westerlo,2893,4,2,7.06,4.39,2.88,41,13,20,15,44,4,2,3322,38,bigChancesMissed,BEL,2025-2026,datafc_sofascore,2026-08-09T08:07:33.988763
38,77040,Patrick Pflücke,281283,RC Sporting Charleroi,2898,4,8,6.97,5.54,8.28,63,22,67,9,22,0,0,2670,41,bigChancesMissed,BEL,2025-2026,datafc_sofascore,2026-08-09T08:07:33.988763
38,77040,Aiham Ousou,965265,RC Sporting Charleroi,2898,2,1,6.95,3.22,1.58,34,10,11,5,53,12,1,3395,39,bigChancesMissed,BEL,2025-2026,datafc_sofascore,2026-08-09T08:07:33.988763
38,77040,Casper Nielsen,247471,Standard Liège,2901,5,2,6.95,3.38,3.36,32,11,19,8,42,5,0,1878,26,bigChancesMissed,BEL,2025-2026,datafc_sofascore,2026-08-09T08:07:33.988763
38,77040,Anthony Valencia,1020197,Royal Antwerp FC,2889,4,2,6.95,3.57,2.73,29,12,29,36,27,3,0,1332,23,bigChancesMissed,BEL,2025-2026,datafc_sofascore,2026-08-09T08:07:33.988763
38,77040,Christiaan Ravych,1191212,Cercle Brugge,2929,0,0,6.94,1.38,0.44,8,2,5,6,49,2,0,2243,27,bigChancesMissed,BEL,2025-2026,datafc_sofascore,2026-08-09T08:07:33.988763
38,77040,Anouar Ait El Hadj,964764,Royale Union Saint-Gilloise,4860,2,5,6.9,5.0,7.38,42,13,62,13,29,2,0,2660,38,bigChancesMissed,BEL,2025-2026,datafc_sofascore,2026-08-09T08:07:33.988763
38,77040,Louis Patris,923972,Royale Union Saint-Gilloise,4860,0,2,6.89,1.84,2.88,13,6,27,11,57,2,0,1450,34,bigChancesMissed,BEL,2025-2026,datafc_sofascore,2026-08-09T08:07:33.988763
38,77040,Atsuki Ito,1034816,KAA Gent,2903,4,3,6.88,4.25,2.25,37,13,26,14,39,3,0,2184,30,bigChancesMissed,BEL,2025-2026,datafc_sofascore,2026-08-09T08:07:33.988763
38,77040,Daan Dierckx,1099368,Standard Liège,2901,0,0,6.86,1.26,0.38,13,4,2,1,17,2,0,1321,20,bigChancesMissed,BEL,2025-2026,datafc_sofascore,2026-08-09T08:07:33.988763
38,77040,Raphael Onyedika,1129862,Club Brugge KV,2888,1,0,6.86,2.76,1.16,29,11,10,16,42,3,0,1995,30,bigChancesMissed,BEL,2025-2026,datafc_sofascore,2026-08-09T08:07:33.988763
38,77040,Ryan Merlen,1402293,Sint-Truidense VV,2895,3,2,6.82,3.41,2.27,24,5,19,9,8,4,1,965,33,bigChancesMissed,BEL,2025-2026,datafc_sofascore,2026-08-09T08:07:33.988763
38,77040,Omri Gandelman,1019125,KAA Gent,2903,7,1,6.81,5.0,0.62,28,11,11,4,10,1,0,1427,18,bigChancesMissed,BEL,2025-2026,datafc_sofascore,2026-08-09T08:07:33.988763
38,77040,Raul Florucz,1022491,Royale Union Saint-Gilloise,4860,7,3,6.78,6.84,1.86,46,15,18,14,17,1,0,1214,24,bigChancesMissed,BEL,2025-2026,datafc_sofascore,2026-08-09T08:07:33.988763
38,77040,Bryan Reynolds,862075,KVC Westerlo,2893,2,3,6.77,2.75,4.35,22,8,37,37,53,8,0,3494,39,bigChancesMissed,BEL,2025-2026,datafc_sofascore,2026-08-09T08:07:33.988763
38,77040,Ewoud Pletinckx,949101,Oud-Heverlee Leuven,2918,3,0,6.74,2.91,1.14,35,12,14,6,55,4,0,3538,40,bigChancesMissed,BEL,2025-2026,datafc_sofascore,2026-08-09T08:07:33.988763
38,77040,Hyllarion Goore,2048955,KAA Gent,2903,5,4,6.71,5.22,2.29,55,15,20,25,9,2,0,1431,34,bigChancesMissed,BEL,2025-2026,datafc_sofascore,2026-08-09T08:07:33.988763
38,77040,David Hrnčár,924664,FCV Dender,389232,2,0,6.66,2.21,1.03,17,8,11,2,11,1,0,815,18,bigChancesMissed,BEL,2025-2026,datafc_sofascore,2026-08-09T08:07:33.988763
38,77040,Samuel Gueulette,1137885,RAAL La Louvière,368506,0,0,6.64,0.81,0.31,12,3,5,5,52,4,0,1295,29,bigChancesMissed,BEL,2025-2026,datafc_sofascore,2026-08-09T08:07:33.988763
38,77040,Luis Vázquez,974713,RSC Anderlecht,2900,2,0,6.59,2.9,0.38,22,10,8,3,9,2,0,708,14,bigChancesMissed,BEL,2025-2026,datafc_sofascore,2026-08-09T08:07:33.988763
38,77040,Sory Kaba,869131,Oud-Heverlee Leuven,2918,6,2,6.59,5.38,1.57,41,12,22,12,11,6,0,1595,30,bigChancesMissed,BEL,2025-2026,datafc_sofascore,2026-08-09T08:07:33.988763
38,77040,David Toshevski,1021398,FCV Dender,389232,4,0,6.57,5.5,1.06,40,12,10,13,11,5,1,1520,26,bigChancesMissed,BEL,2025-2026,datafc_sofascore,2026-08-09T08:07:33.988763
38,77040,Óscar Gil,959820,Oud-Heverlee Leuven,2918,2,1,6.54,2.33,2.05,22,10,16,18,66,12,1,2325,33,bigChancesMissed,BEL,2025-2026,datafc_sofascore,2026-08-09T08:07:33.988763
38,77040,Antoine Colassin,909965,RC Sporting Charleroi,2898,2,1,6.53,3.3,0.67,23,7,9,6,8,2,0,634,29,bigChancesMissed,BEL,2025-2026,datafc_sofascore,2026-08-09T08:07:33.988763
38,77040,Kyan Vaesen,997827,Oud-Heverlee Leuven,2918,2,1,6.52,3.79,0.44,22,9,11,4,9,4,0,863,32,bigChancesMissed,BEL,2025-2026,datafc_sofascore,2026-08-09T08:07:33.988763
38,77040,Thomas Henry,795541,Standard Liège,2901,3,2,6.47,3.2,0.58,16,6,10,4,6,5,1,1360,21,bigChancesMissed,BEL,2025-2026,datafc_sofascore,2026-08-09T08:07:33.988763
38,77040,Mohamed Guindo,1401875,RAAL La Louvière,368506,0,0,6.44,1.33,0.08,15,3,1,5,5,2,0,586,14,bigChancesMissed,BEL,2025-2026,datafc_sofascore,2026-08-09T08:07:33.988763
38,77040,Ryotaro Ito,831697,Sint-Truidense VV,2895,10,5,7.28,8.51,8.81,73,27,102,19,20,1,0,2838,35,bigChancesMissed,BEL,2025-2026,datafc_sofascore,2026-08-09T08:07:33.988763
38,77040,Nilson Angulo,1116571,RSC Anderlecht,2900,6,5,7.26,3.77,4.47,33,16,46,44,62,2,1,1902,22,bigChancesMissed,BEL,2025-2026,datafc_sofascore,2026-08-09T08:07:33.988763
38,77040,Besfort Zeneli,1173223,Royale Union Saint-Gilloise,4860,3,6,7.13,2.06,3.52,16,8,22,7,8,0,0,774,15,bigChancesMissed,BEL,2025-2026,datafc_sofascore,2026-08-09T08:07:33.988763
38,77040,Aleksandar Stanković,1153957,Club Brugge KV,2888,6,2,7.09,4.66,4.09,74,25,33,8,39,4,0,3076,39,bigChancesMissed,BEL,2025-2026,datafc_sofascore,2026-08-09T08:07:33.988763
38,77040,Zakaria El Ouahdi,1134470,KRC Genk,2890,8,4,7.07,4.96,4.37,70,24,49,36,42,4,0,2996,34,bigChancesMissed,BEL,2025-2026,datafc_sofascore,2026-08-09T08:07:33.988763
38,77040,Siebe Schrijvers,190413,Oud-Heverlee Leuven,2918,3,4,7.0,5.03,3.45,29,4,37,12,62,6,0,2121,30,bigChancesMissed,BEL,2025-2026,datafc_sofascore,2026-08-09T08:07:33.988763
38,77040,Jordi Liongola,1009413,RAAL La Louvière,368506,2,6,6.93,3.28,4.29,29,6,40,27,57,10,0,2618,31,bigChancesMissed,BEL,2025-2026,datafc_sofascore,2026-08-09T08:07:33.988763
38,77040,Farouck Adekami,1920581,Royal Antwerp FC,2889,2,2,6.9,2.95,1.76,35,16,21,38,23,7,0,1140,21,bigChancesMissed,BEL,2025-2026,datafc_sofascore,2026-08-09T08:07:33.988763
38,77040,Noë Dussenne,115569,Oud-Heverlee Leuven,2918,1,0,6.87,1.85,0.68,18,4,11,1,32,6,0,1877,23,bigChancesMissed,BEL,2025-2026,datafc_sofascore,2026-08-09T08:07:33.988763
38,77040,Ousseynou Niang,880780,Royale Union Saint-Gilloise,4860,2,3,6.87,1.79,1.63,23,6,10,20,29,5,0,1618,27,bigChancesMissed,BEL,2025-2026,datafc_sofascore,2026-08-09T08:07:33.988763
38,77040,Thérence Koudou,1392080,KV Mechelen,5044,5,2,6.85,1.64,4.81,25,8,35,38,31,5,0,3060,37,bigChancesMissed,BEL,2025-2026,datafc_sofascore,2026-08-09T08:07:33.988763
38,77040,Mujaid Sadick,935309,KRC Genk,2890,2,0,6.83,2.1,0.55,7,3,1,4,76,4,1,3014,36,bigChancesMissed,BEL,2025-2026,datafc_sofascore,2026-08-09T08:07:33.988763
38,77040,Lewin Blum,966670,RC Sporting Charleroi,2898,0,1,6.76,1.14,2.5,8,2,25,5,49,7,0,1784,32,bigChancesMissed,BEL,2025-2026,datafc_sofascore,2026-08-09T08:07:33.988763
38,77040,Nacho Ferri,1196903,KVC Westerlo,2893,11,2,7.04,16.2,2.4,101,42,30,22,27,7,0,2910,36,bigChancesMissed,BEL,2025-2026,datafc_sofascore,2026-08-09T08:07:33.988763
38,77040,Keisuke Goto,1391315,Sint-Truidense VV,2895,11,7,6.77,13.43,4.3,62,25,30,7,41,5,0,2885,38,bigChancesMissed,BEL,2025-2026,datafc_sofascore,2026-08-09T08:07:33.988763
38,77040,Nicolò Tresoldi,1177167,Club Brugge KV,2888,19,5,6.99,16.6,3.73,101,39,38,19,29,1,0,2507,40,bigChancesMissed,BEL,2025-2026,datafc_sofascore,2026-08-09T08:07:33.988763
38,77040,Oluwaseun Adewumi,1201883,Cercle Brugge,2929,5,0,6.61,7.78,1.06,57,24,12,27,14,2,0,1598,32,bigChancesMissed,BEL,2025-2026,datafc_sofascore,2026-08-09T08:07:33.988763
38,77040,Christos Tzolis,1031259,Club Brugge KV,2888,17,23,7.71,17.4,15.94,123,44,135,40,29,6,0,3072,36,bigChancesMissed,BEL,2025-2026,datafc_sofascore,2026-08-09T08:07:33.988763
38,77040,Aurélien Scheidler,915567,RC Sporting Charleroi,2898,9,4,6.81,12.47,2.75,71,28,38,10,8,3,0,3266,40,bigChancesMissed,BEL,2025-2026,datafc_sofascore,2026-08-09T08:07:33.988763
38,77040,Hyeon-gyu Oh,1010634,KRC Genk,2890,6,3,6.77,7.63,1.49,49,24,17,6,10,2,0,1116,20,bigChancesMissed,BEL,2025-2026,datafc_sofascore,2026-08-09T08:07:33.988763
38,77040,Promise David,1119328,Royale Union Saint-Gilloise,4860,9,1,6.68,12.3,1.04,70,26,13,6,4,1,0,1493,24,bigChancesMissed,BEL,2025-2026,datafc_sofascore,2026-08-09T08:07:33.988763
38,77040,Lion Lauberbach,886171,KV Mechelen,5044,6,1,6.7,9.02,0.94,48,25,15,21,12,4,0,1872,22,bigChancesMissed,BEL,2025-2026,datafc_sofascore,2026-08-09T08:07:33.988763
38,77040,Vincent Janssen,339901,Royal Antwerp FC,2889,10,7,6.87,12.99,3.46,91,30,33,21,29,8,0,3088,35,bigChancesMissed,BEL,2025-2026,datafc_sofascore,2026-08-09T08:07:33.988763
38,77040,Wilfried Kanga,838640,KAA Gent,2903,12,4,6.71,15.13,1.71,90,37,27,8,8,4,0,2836,36,bigChancesMissed,BEL,2025-2026,datafc_sofascore,2026-08-09T08:07:33.988763
38,77040,Pape Moussa Fall,1890424,RAAL La Louvière,368506,11,1,7.14,11.35,1.56,62,23,14,5,11,3,0,1771,27,bigChancesMissed,BEL,2025-2026,datafc_sofascore,2026-08-09T08:07:33.988763
38,77040,Joseph Opoku,1922407,SV Zulte Waregem,2933,10,6,6.91,10.15,3.62,69,25,46,37,16,2,0,2458,33,bigChancesMissed,BEL,2025-2026,datafc_sofascore,2026-08-09T08:07:33.988763
38,77040,Pieter Gerkens,190401,Cercle Brugge,2929,6,1,6.85,5.58,3.44,41,16,40,7,38,1,0,2840,35,bigChancesMissed,BEL,2025-2026,datafc_sofascore,2026-08-09T08:07:33.988763
38,77040,Mathieu Maertens,360652,Oud-Heverlee Leuven,2918,1,3,6.6,5.76,1.05,52,17,19,10,23,5,0,1302,35,bigChancesMissed,BEL,2025-2026,datafc_sofascore,2026-08-09T08:07:33.988763
38,77040,Bruny Nsimba,1047536,FCV Dender,389232,9,4,6.8,10.1,3.3,60,22,24,20,17,3,0,1905,30,bigChancesMissed,BEL,2025-2026,datafc_sofascore,2026-08-09T08:07:33.988763
38,77040,Adriano Bertaccini,867250,RSC Anderlecht,2900,7,2,6.7,7.73,1.74,65,28,15,17,14,5,1,1603,33,bigChancesMissed,BEL,2025-2026,datafc_sofascore,2026-08-09T08:07:33.988763
38,77040,Steve Ngoura,1394411,Cercle Brugge,2929,7,4,6.67,9.75,2.31,71,23,22,27,9,2,0,2097,34,bigChancesMissed,BEL,2025-2026,datafc_sofascore,2026-08-09T08:07:33.988763
38,77040,Robin Mirisola,1405446,KRC Genk,2890,5,2,6.66,6.48,0.66,36,13,15,22,11,3,0,1317,30,bigChancesMissed,BEL,2025-2026,datafc_sofascore,2026-08-09T08:07:33.988763
38,77040,Oumar Diakité,1188191,Cercle Brugge,2929,7,0,6.63,7.36,1.43,39,18,22,23,14,4,1,1429,25,bigChancesMissed,BEL,2025-2026,datafc_sofascore,2026-08-09T08:07:33.988763
38,77040,Jerry Afriyie,1836721,RAAL La Louvière,368506,5,1,6.52,7.65,2.32,51,21,17,36,23,7,0,2497,31,bigChancesMissed,BEL,2025-2026,datafc_sofascore,2026-08-09T08:07:33.988763
38,77040,Jakob Napoleon Romsaas,1198306,RC Sporting Charleroi,2898,2,3,6.72,5.11,2.68,40,15,34,20,27,2,0,1749,37,bigChancesMissed,BEL,2025-2026,datafc_sofascore,2026-08-09T08:07:33.988763
38,77040,Aaron Bibout,1502620,KRC Genk,2890,6,0,6.68,8.1,0.79,49,17,8,9,6,0,0,1165,21,bigChancesMissed,BEL,2025-2026,datafc_sofascore,2026-08-09T08:07:33.988763
38,77040,Jeppe Erenbjerg,1035095,SV Zulte Waregem,2933,13,3,7.12,10.16,5.5,88,32,41,24,24,2,0,2787,35,bigChancesMissed,BEL,2025-2026,datafc_sofascore,2026-08-09T08:07:33.988763
38,77040,Daan Heymans,845344,KRC Genk,2890,10,4,6.98,7.98,2.96,61,25,33,11,50,3,0,2362,31,bigChancesMissed,BEL,2025-2026,datafc_sofascore,2026-08-09T08:07:33.988763
38,77040,Anosike Ementa,1094132,SV Zulte Waregem,2933,4,8,6.9,7.37,3.77,41,18,61,40,20,5,0,2616,32,bigChancesMissed,BEL,2025-2026,datafc_sofascore,2026-08-09T08:07:33.988763
38,77040,Marley Aké,988839,SV Zulte Waregem,2933,8,0,6.9,5.67,2.12,48,17,16,22,26,1,0,1746,30,bigChancesMissed,BEL,2025-2026,datafc_sofascore,2026-08-09T08:07:33.988763
38,77040,Noah Mbamba,1100321,FCV Dender,389232,2,2,6.88,2.99,2.06,28,9,20,35,93,4,0,2805,35,bigChancesMissed,BEL,2025-2026,datafc_sofascore,2026-08-09T08:07:33.988763
38,77040,Kevin Rodriguez,1431770,Royale Union Saint-Gilloise,4860,10,2,6.69,8.63,2.84,76,30,19,19,19,2,0,1825,31,bigChancesMissed,BEL,2025-2026,datafc_sofascore,2026-08-09T08:07:33.988763
38,77040,Hans Vanaken,118085,Club Brugge KV,2888,7,3,7.45,8.38,8.0,58,21,67,15,38,2,0,3366,39,bigChancesMissed,BEL,2025-2026,datafc_sofascore,2026-08-09T08:07:33.988763
38,77040,Rafiki Saïd,1047321,Standard Liège,2901,8,4,7.07,10.2,4.41,90,32,28,69,30,4,0,2756,37,bigChancesMissed,BEL,2025-2026,datafc_sofascore,2026-08-09T08:07:33.988763
38,77040,Thorgan Hazard,94286,RSC Anderlecht,2900,13,7,7.04,11.91,8.06,74,31,78,38,38,6,1,2722,36,bigChancesMissed,BEL,2025-2026,datafc_sofascore,2026-08-09T08:07:33.988763
38,77040,Edan Diop,1390575,Cercle Brugge,2929,7,3,6.99,6.96,5.33,53,22,46,43,52,7,0,2607,33,bigChancesMissed,BEL,2025-2026,datafc_sofascore,2026-08-09T08:07:33.988763
38,77040,Allahyar Sayyadmanesh,905474,KVC Westerlo,2893,7,3,6.89,7.15,4.43,48,15,37,33,35,5,0,2241,30,bigChancesMissed,BEL,2025-2026,datafc_sofascore,2026-08-09T08:07:33.988763
38,77040,Ilias Sebaoui,1154586,Sint-Truidense VV,2895,5,5,6.81,8.33,5.21,93,27,36,43,46,3,0,3272,40,bigChancesMissed,BEL,2025-2026,datafc_sofascore,2026-08-09T08:07:33.988763
38,77040,Max Dean,1065233,KAA Gent,2903,7,1,6.69,8.96,1.47,50,21,16,5,8,2,1,1187,23,bigChancesMissed,BEL,2025-2026,datafc_sofascore,2026-08-09T08:07:33.988763
38,77040,Isa Sakamoto,1126245,KVC Westerlo,2893,6,4,6.67,7.98,2.85,66,21,32,62,43,1,0,3021,38,bigChancesMissed,BEL,2025-2026,datafc_sofascore,2026-08-09T08:07:33.988763
38,77040,Romeo Vermant,1069336,Club Brugge KV,2888,8,2,6.64,6.53,1.09,48,19,15,5,19,3,0,1338,35,bigChancesMissed,BEL,2025-2026,datafc_sofascore,2026-08-09T08:07:33.988763
38,77040,Mihajlo Cvetković,1427166,RSC Anderlecht,2900,9,2,6.6,7.58,1.0,41,21,17,8,15,4,1,1631,29,bigChancesMissed,BEL,2025-2026,datafc_sofascore,2026-08-09T08:07:33.988763
38,77040,Junya Ito,783278,KRC Genk,2890,6,5,7.09,3.79,5.63,36,16,51,24,37,4,0,1785,28,bigChancesMissed,BEL,2025-2026,datafc_sofascore,2026-08-09T08:07:33.988763
38,77040,Rihito Yamamoto,1030211,Sint-Truidense VV,2895,5,6,7.08,5.87,6.27,51,16,62,21,75,6,0,3290,38,bigChancesMissed,BEL,2025-2026,datafc_sofascore,2026-08-09T08:07:33.988763
38,77040,Youssef Maziz,862821,Oud-Heverlee Leuven,2918,3,4,6.96,4.34,6.75,49,12,63,13,25,6,0,2096,36,bigChancesMissed,BEL,2025-2026,datafc_sofascore,2026-08-09T08:07:33.988763
38,77040,Thibo Somers,1002804,Royal Antwerp FC,2889,4,2,6.88,5.33,4.11,36,16,27,3,74,3,0,2434,32,bigChancesMissed,BEL,2025-2026,datafc_sofascore,2026-08-09T08:07:33.988763
38,77040,Hugo Vetlesen,877236,Club Brugge KV,2888,5,6,6.87,4.89,3.32,36,14,22,12,25,5,0,1315,25,bigChancesMissed,BEL,2025-2026,datafc_sofascore,2026-08-09T08:07:33.988763
38,77040,Gyrano Kerk,386950,Royal Antwerp FC,2889,3,4,6.77,4.85,3.05,50,17,26,35,34,4,0,2095,27,bigChancesMissed,BEL,2025-2026,datafc_sofascore,2026-08-09T08:07:33.988763
38,77040,Mateo Biondic,1387937,Royale Union Saint-Gilloise,4860,4,2,6.76,4.58,0.91,27,15,9,8,5,0,0,771,15,bigChancesMissed,BEL,2025-2026,datafc_sofascore,2026-08-09T08:07:33.988763
38,77040,Abdoul Karim Traoré,2033824,Oud-Heverlee Leuven,2918,2,1,6.41,4.07,0.64,34,8,8,11,8,3,0,972,25,bigChancesMissed,BEL,2025-2026,datafc_sofascore,2026-08-09T08:07:33.988763
38,77040,Michał Skóraś,942479,KAA Gent,2903,2,7,7.06,3.87,6.79,43,10,65,37,49,6,1,2697,34,bigChancesMissed,BEL,2025-2026,datafc_sofascore,2026-08-09T08:07:33.988763
38,77040,Konstantinos Karetsas,1468744,KRC Genk,2890,0,10,6.91,4.62,7.63,68,27,68,59,30,3,0,2247,34,bigChancesMissed,BEL,2025-2026,datafc_sofascore,2026-08-09T08:07:33.988763
38,77040,Arbnor Muja,890695,Sint-Truidense VV,2895,6,2,6.91,5.76,4.41,43,16,28,21,24,3,1,1855,26,bigChancesMissed,BEL,2025-2026,datafc_sofascore,2026-08-09T08:07:33.988763
38,77040,Ibe Hautekiet,964757,Standard Liège,2901,2,0,6.87,2.36,0.69,17,5,11,1,59,3,0,2954,36,bigChancesMissed,BEL,2025-2026,datafc_sofascore,2026-08-09T08:07:33.988763
38,77040,Kaito Matsuzawa,1514300,Sint-Truidense VV,2895,2,2,6.76,3.41,2.03,23,8,14,28,11,1,0,705,32,bigChancesMissed,BEL,2025-2026,datafc_sofascore,2026-08-09T08:07:33.988763
38,77040,Marwan Al-Sahafi,1474689,Royal Antwerp FC,2889,1,0,6.66,2.92,1.36,19,5,10,17,13,2,0,1330,24,bigChancesMissed,BEL,2025-2026,datafc_sofascore,2026-08-09T08:07:33.988763
38,77040,Benito Raman,94300,KV Mechelen,5044,3,3,6.65,4.82,1.09,28,10,13,11,11,0,0,1087,29,bigChancesMissed,BEL,2025-2026,datafc_sofascore,2026-08-09T08:07:33.988763
38,77040,Andrés Ferrari,1177406,Sint-Truidense VV,2895,3,1,6.62,4.29,0.39,32,8,8,12,15,4,0,869,20,bigChancesMissed,BEL,2025-2026,datafc_sofascore,2026-08-09T08:07:33.988763
38,77040,Arnold Vula,1803258,K. Beerschot V.A.,169260,0,1,6.38,1.54,0.48,10,2,7,6,1,1,0,390,4,bigChancesMissed,BEL,2025-2026,datafc_sofascore,2026-08-09T08:07:33.988763
38,77040,Bryan Heynen,801025,KRC Genk,2890,4,1,7.31,4.75,4.68,48,11,49,22,99,5,0,3603,40,bigChancesMissed,BEL,2025-2026,datafc_sofascore,2026-08-09T08:07:33.988763
38,77040,Brandon Mechele,248331,Club Brugge KV,2888,5,2,7.29,3.46,1.49,33,14,22,5,77,4,0,3435,39,bigChancesMissed,BEL,2025-2026,datafc_sofascore,2026-08-09T08:07:33.988763
38,77040,Carlos Forbs,1069486,Club Brugge KV,2888,8,8,7.17,6.18,8.55,57,21,61,52,40,4,0,2816,37,bigChancesMissed,BEL,2025-2026,datafc_sofascore,2026-08-09T08:07:33.988763
38,77040,Kevin Mac Allister,895327,Royale Union Saint-Gilloise,4860,1,1,7.14,3.07,2.44,22,5,13,9,112,11,1,2930,34,bigChancesMissed,BEL,2025-2026,datafc_sofascore,2026-08-09T08:07:33.988763
38,77040,Emin Bayram,997153,KVC Westerlo,2893,4,2,7.06,4.39,2.88,41,13,20,15,44,4,2,3322,38,bigChancesMissed,BEL,2025-2026,datafc_sofascore,2026-08-09T08:07:33.988763
38,77040,Patrick Pflücke,281283,RC Sporting Charleroi,2898,4,8,6.97,5.54,8.28,63,22,67,9,22,0,0,2670,41,bigChancesMissed,BEL,2025-2026,datafc_sofascore,2026-08-09T08:07:33.988763
38,77040,Aiham Ousou,965265,RC Sporting Charleroi,2898,2,1,6.95,3.22,1.58,34,10,11,5,53,12,1,3395,39,bigChancesMissed,BEL,2025-2026,datafc_sofascore,2026-08-09T08:07:33.988763
38,77040,Casper Nielsen,247471,Standard Liège,2901,5,2,6.95,3.38,3.36,32,11,19,8,42,5,0,1878,26,bigChancesMissed,BEL,2025-2026,datafc_sofascore,2026-08-09T08:07:33.988763
38,77040,Anthony Valencia,1020197,Royal Antwerp FC,2889,4,2,6.95,3.57,2.73,29,12,29,36,27,3,0,1332,23,bigChancesMissed,BEL,2025-2026,datafc_sofascore,2026-08-09T08:07:33.988763
38,77040,Christiaan Ravych,1191212,Cercle Brugge,2929,0,0,6.94,1.38,0.44,8,2,5,6,49,2,0,2243,27,bigChancesMissed,BEL,2025-2026,datafc_sofascore,2026-08-09T08:07:33.988763
38,77040,Anouar Ait El Hadj,964764,Royale Union Saint-Gilloise,4860,2,5,6.9,5.0,7.38,42,13,62,13,29,2,0,2660,38,bigChancesMissed,BEL,2025-2026,datafc_sofascore,2026-08-09T08:07:33.988763
38,77040,Louis Patris,923972,Royale Union Saint-Gilloise,4860,0,2,6.89,1.84,2.88,13,6,27,11,57,2,0,1450,34,bigChancesMissed,BEL,2025-2026,datafc_sofascore,2026-08-09T08:07:33.988763
38,77040,Atsuki Ito,1034816,KAA Gent,2903,4,3,6.88,4.25,2.25,37,13,26,14,39,3,0,2184,30,bigChancesMissed,BEL,2025-2026,datafc_sofascore,2026-08-09T08:07:33.988763
38,77040,Daan Dierckx,1099368,Standard Liège,2901,0,0,6.86,1.26,0.38,13,4,2,1,17,2,0,1321,20,bigChancesMissed,BEL,2025-2026,datafc_sofascore,2026-08-09T08:07:33.988763
38,77040,Raphael Onyedika,1129862,Club Brugge KV,2888,1,0,6.86,2.76,1.16,29,11,10,16,42,3,0,1995,30,bigChancesMissed,BEL,2025-2026,datafc_sofascore,2026-08-09T08:07:33.988763
38,77040,Ryan Merlen,1402293,Sint-Truidense VV,2895,3,2,6.82,3.41,2.27,24,5,19,9,8,4,1,965,33,bigChancesMissed,BEL,2025-2026,datafc_sofascore,2026-08-09T08:07:33.988763
38,77040,Omri Gandelman,1019125,KAA Gent,2903,7,1,6.81,5.0,0.62,28,11,11,4,10,1,0,1427,18,bigChancesMissed,BEL,2025-2026,datafc_sofascore,2026-08-09T08:07:33.988763
38,77040,Raul Florucz,1022491,Royale Union Saint-Gilloise,4860,7,3,6.78,6.84,1.86,46,15,18,14,17,1,0,1214,24,bigChancesMissed,BEL,2025-2026,datafc_sofascore,2026-08-09T08:07:33.988763
38,77040,Bryan Reynolds,862075,KVC Westerlo,2893,2,3,6.77,2.75,4.35,22,8,37,37,53,8,0,3494,39,bigChancesMissed,BEL,2025-2026,datafc_sofascore,2026-08-09T08:07:33.988763
38,77040,Ewoud Pletinckx,949101,Oud-Heverlee Leuven,2918,3,0,6.74,2.91,1.14,35,12,14,6,55,4,0,3538,40,bigChancesMissed,BEL,2025-2026,datafc_sofascore,2026-08-09T08:07:33.988763
38,77040,Hyllarion Goore,2048955,KAA Gent,2903,5,4,6.71,5.22,2.29,55,15,20,25,9,2,0,1431,34,bigChancesMissed,BEL,2025-2026,datafc_sofascore,2026-08-09T08:07:33.988763
38,77040,David Hrnčár,924664,FCV Dender,389232,2,0,6.66,2.21,1.03,17,8,11,2,11,1,0,815,18,bigChancesMissed,BEL,2025-2026,datafc_sofascore,2026-08-09T08:07:33.988763
38,77040,Samuel Gueulette,1137885,RAAL La Louvière,368506,0,0,6.64,0.81,0.31,12,3,5,5,52,4,0,1295,29,bigChancesMissed,BEL,2025-2026,datafc_sofascore,2026-08-09T08:07:33.988763
38,77040,Luis Vázquez,974713,RSC Anderlecht,2900,2,0,6.59,2.9,0.38,22,10,8,3,9,2,0,708,14,bigChancesMissed,BEL,2025-2026,datafc_sofascore,2026-08-09T08:07:33.988763
38,77040,Sory Kaba,869131,Oud-Heverlee Leuven,2918,6,2,6.59,5.38,1.57,41,12,22,12,11,6,0,1595,30,bigChancesMissed,BEL,2025-2026,datafc_sofascore,2026-08-09T08:07:33.988763
38,77040,David Toshevski,1021398,FCV Dender,389232,4,0,6.57,5.5,1.06,40,12,10,13,11,5,1,1520,26,bigChancesMissed,BEL,2025-2026,datafc_sofascore,2026-08-09T08:07:33.988763
38,77040,Óscar Gil,959820,Oud-Heverlee Leuven,2918,2,1,6.54,2.33,2.05,22,10,16,18,66,12,1,2325,33,bigChancesMissed,BEL,2025-2026,datafc_sofascore,2026-08-09T08:07:33.988763
38,77040,Antoine Colassin,909965,RC Sporting Charleroi,2898,2,1,6.53,3.3,0.67,23,7,9,6,8,2,0,634,29,bigChancesMissed,BEL,2025-2026,datafc_sofascore,2026-08-09T08:07:33.988763
38,77040,Kyan Vaesen,997827,Oud-Heverlee Leuven,2918,2,1,6.52,3.79,0.44,22,9,11,4,9,4,0,863,32,bigChancesMissed,BEL,2025-2026,datafc_sofascore,2026-08-09T08:07:33.988763
38,77040,Thomas Henry,795541,Standard Liège,2901,3,2,6.47,3.2,0.58,16,6,10,4,6,5,1,1360,21,bigChancesMissed,BEL,2025-2026,datafc_sofascore,2026-08-09T08:07:33.988763
38,77040,Mohamed Guindo,1401875,RAAL La Louvière,368506,0,0,6.44,1.33,0.08,15,3,1,5,5,2,0,586,14,bigChancesMissed,BEL,2025-2026,datafc_sofascore,2026-08-09T08:07:33.988763
38,77040,Ryotaro Ito,831697,Sint-Truidense VV,2895,10,5,7.28,8.51,8.81,73,27,102,19,20,1,0,2838,35,bigChancesMissed,BEL,2025-2026,datafc_sofascore,2026-08-09T08:07:33.988763
38,77040,Nilson Angulo,1116571,RSC Anderlecht,2900,6,5,7.26,3.77,4.47,33,16,46,44,62,2,1,1902,22,bigChancesMissed,BEL,2025-2026,datafc_sofascore,2026-08-09T08:07:33.988763
38,77040,Besfort Zeneli,1173223,Royale Union Saint-Gilloise,4860,3,6,7.13,2.06,3.52,16,8,22,7,8,0,0,774,15,bigChancesMissed,BEL,2025-2026,datafc_sofascore,2026-08-09T08:07:33.988763
38,77040,Aleksandar Stanković,1153957,Club Brugge KV,2888,6,2,7.09,4.66,4.09,74,25,33,8,39,4,0,3076,39,bigChancesMissed,BEL,2025-2026,datafc_sofascore,2026-08-09T08:07:33.988763
38,77040,Zakaria El Ouahdi,1134470,KRC Genk,2890,8,4,7.07,4.96,4.37,70,24,49,36,42,4,0,2996,34,bigChancesMissed,BEL,2025-2026,datafc_sofascore,2026-08-09T08:07:33.988763
38,77040,Siebe Schrijvers,190413,Oud-Heverlee Leuven,2918,3,4,7.0,5.03,3.45,29,4,37,12,62,6,0,2121,30,bigChancesMissed,BEL,2025-2026,datafc_sofascore,2026-08-09T08:07:33.988763
38,77040,Jordi Liongola,1009413,RAAL La Louvière,368506,2,6,6.93,3.28,4.29,29,6,40,27,57,10,0,2618,31,bigChancesMissed,BEL,2025-2026,datafc_sofascore,2026-08-09T08:07:33.988763
38,77040,Farouck Adekami,1920581,Royal Antwerp FC,2889,2,2,6.9,2.95,1.76,35,16,21,38,23,7,0,1140,21,bigChancesMissed,BEL,2025-2026,datafc_sofascore,2026-08-09T08:07:33.988763
38,77040,Noë Dussenne,115569,Oud-Heverlee Leuven,2918,1,0,6.87,1.85,0.68,18,4,11,1,32,6,0,1877,23,bigChancesMissed,BEL,2025-2026,datafc_sofascore,2026-08-09T08:07:33.988763
38,77040,Ousseynou Niang,880780,Royale Union Saint-Gilloise,4860,2,3,6.87,1.79,1.63,23,6,10,20,29,5,0,1618,27,bigChancesMissed,BEL,2025-2026,datafc_sofascore,2026-08-09T08:07:33.988763
38,77040,Thérence Koudou,1392080,KV Mechelen,5044,5,2,6.85,1.64,4.81,25,8,35,38,31,5,0,3060,37,bigChancesMissed,BEL,2025-2026,datafc_sofascore,2026-08-09T08:07:33.988763
38,77040,Mujaid Sadick,935309,KRC Genk,2890,2,0,6.83,2.1,0.55,7,3,1,4,76,4,1,3014,36,bigChancesMissed,BEL,2025-2026,datafc_sofascore,2026-08-09T08:07:33.988763
38,77040,Lewin Blum,966670,RC Sporting Charleroi,2898,0,1,6.76,1.14,2.5,8,2,25,5,49,7,0,1784,32,bigChancesMissed,BEL,2025-2026,datafc_sofascore,2026-08-09T08:07:33.988763
38,77040,Matte Smets,1392905,KRC Genk,2890,0,1,7.15,0.75,2.2,15,0,17,5,70,4,0,3509,39,accuratePasses,BEL,2025-2026,datafc_sofascore,2026-08-09T08:07:33.988763
38,77040,Brandon Mechele,248331,Club Brugge KV,2888,5,2,7.29,3.46,1.49,33,14,22,5,77,4,0,3435,39,accuratePasses,BEL,2025-2026,datafc_sofascore,2026-08-09T08:07:33.988763
38,77040,Hans Vanaken,118085,Club Brugge KV,2888,7,3,7.45,8.38,8.0,58,21,67,15,38,2,0,3366,39,accuratePasses,BEL,2025-2026,datafc_sofascore,2026-08-09T08:07:33.988763
38,77040,Bryan Heynen,801025,KRC Genk,2890,4,1,7.31,4.75,4.68,48,11,49,22,99,5,0,3603,40,accuratePasses,BEL,2025-2026,datafc_sofascore,2026-08-09T08:07:33.988763
38,77040,Mujaid Sadick,935309,KRC Genk,2890,2,0,6.83,2.1,0.55,7,3,1,4,76,4,1,3014,36,accuratePasses,BEL,2025-2026,datafc_sofascore,2026-08-09T08:07:33.988763
38,77040,Shogo Taniguchi,386958,Sint-Truidense VV,2895,1,1,7.07,1.07,1.31,14,2,10,2,43,4,0,2963,38,accuratePasses,BEL,2025-2026,datafc_sofascore,2026-08-09T08:07:33.988763
38,77040,Joel Ordóñez,1187275,Club Brugge KV,2888,3,0,6.95,1.91,0.92,16,4,6,3,37,4,2,2668,33,accuratePasses,BEL,2025-2026,datafc_sofascore,2026-08-09T08:07:33.988763
38,77040,Emin Bayram,997153,KVC Westerlo,2893,4,2,7.06,4.39,2.88,41,13,20,15,44,4,2,3322,38,accuratePasses,BEL,2025-2026,datafc_sofascore,2026-08-09T08:07:33.988763
38,77040,Christian Burgess,303634,Royale Union Saint-Gilloise,4860,2,3,7.31,1.63,1.37,23,8,13,1,53,13,1,3147,35,accuratePasses,BEL,2025-2026,datafc_sofascore,2026-08-09T08:07:33.988763
38,77040,Redouane Halhal,1143667,KV Mechelen,5044,1,2,6.82,0.94,1.04,12,4,7,4,50,10,0,2849,33,accuratePasses,BEL,2025-2026,datafc_sofascore,2026-08-09T08:07:33.988763
38,77040,Adem Zorgane,1000472,Royale Union Saint-Gilloise,4860,4,5,7.04,2.44,6.23,28,12,40,19,64,7,0,2968,37,accuratePasses,BEL,2025-2026,datafc_sofascore,2026-08-09T08:07:33.988763
38,77040,Aiham Ousou,965265,RC Sporting Charleroi,2898,2,1,6.95,3.22,1.58,34,10,11,5,53,12,1,3395,39,accuratePasses,BEL,2025-2026,datafc_sofascore,2026-08-09T08:07:33.988763
38,77040,Siebe Van Der Heyden,842164,KAA Gent,2903,2,1,6.74,1.64,1.37,25,8,9,3,54,11,0,3075,36,accuratePasses,BEL,2025-2026,datafc_sofascore,2026-08-09T08:07:33.988763
38,77040,Visar Musliu,134231,Sint-Truidense VV,2895,0,0,7.12,1.16,0.58,17,3,4,6,39,4,0,2519,30,accuratePasses,BEL,2025-2026,datafc_sofascore,2026-08-09T08:07:33.988763
38,77040,Abdoulaye Sissako,846330,Sint-Truidense VV,2895,2,3,6.82,2.74,1.22,30,4,15,41,91,5,0,3349,40,accuratePasses,BEL,2025-2026,datafc_sofascore,2026-08-09T08:07:33.988763
38,77040,Joaquin Seys,1395881,Club Brugge KV,2888,2,5,6.81,1.25,3.7,16,4,33,11,56,3,0,2976,39,accuratePasses,BEL,2025-2026,datafc_sofascore,2026-08-09T08:07:33.988763
38,77040,Aleksandar Stanković,1153957,Club Brugge KV,2888,6,2,7.09,4.66,4.09,74,25,33,8,39,4,0,3076,39,accuratePasses,BEL,2025-2026,datafc_sofascore,2026-08-09T08:07:33.988763
38,77040,Zeno Van Den Bosch,1103765,Royal Antwerp FC,2889,0,1,6.91,0.97,1.34,13,6,15,4,57,6,1,3071,35,accuratePasses,BEL,2025-2026,datafc_sofascore,2026-08-09T08:07:33.988763
38,77040,Doğucan Haspolat,846087,KVC Westerlo,2893,1,4,7.18,2.52,7.83,46,10,86,19,82,7,0,3395,38,accuratePasses,BEL,2025-2026,datafc_sofascore,2026-08-09T08:07:33.988763
38,77040,Ryotaro Ito,831697,Sint-Truidense VV,2895,10,5,7.28,8.51,8.81,73,27,102,19,20,1,0,2838,35,accuratePasses,BEL,2025-2026,datafc_sofascore,2026-08-09T08:07:33.988763
38,77040,Kevin Mac Allister,895327,Royale Union Saint-Gilloise,4860,1,1,7.14,3.07,2.44,22,5,13,9,112,11,1,2930,34,accuratePasses,BEL,2025-2026,datafc_sofascore,2026-08-09T08:07:33.988763
38,77040,Cheick Keita,1407973,RC Sporting Charleroi,2898,3,0,6.69,2.36,0.27,18,5,1,5,43,5,0,3440,40,accuratePasses,BEL,2025-2026,datafc_sofascore,2026-08-09T08:07:33.988763
38,77040,Yassine Titraoui,1094538,RC Sporting Charleroi,2898,5,1,7.23,2.9,3.78,53,20,31,26,58,7,0,2904,35,accuratePasses,BEL,2025-2026,datafc_sofascore,2026-08-09T08:07:33.988763
38,77040,Yuto Tsunashima,1470622,Royal Antwerp FC,2889,1,0,6.84,2.15,0.47,12,4,7,6,53,6,0,2740,34,accuratePasses,BEL,2025-2026,datafc_sofascore,2026-08-09T08:07:33.988763
38,77040,Joris Kayembe,354046,KRC Genk,2890,0,1,6.96,0.47,1.64,13,2,20,27,48,5,0,2111,28,accuratePasses,BEL,2025-2026,datafc_sofascore,2026-08-09T08:07:33.988763
38,77040,Etienne Camara,1097542,RC Sporting Charleroi,2898,2,3,6.83,1.19,1.37,20,7,20,19,94,11,1,3034,38,accuratePasses,BEL,2025-2026,datafc_sofascore,2026-08-09T08:07:33.988763
38,77040,Jakob Kiilerich,887822,SV Zulte Waregem,2933,0,0,6.74,0.77,0.82,9,2,4,3,27,3,1,2291,29,accuratePasses,BEL,2025-2026,datafc_sofascore,2026-08-09T08:07:33.988763
38,77040,Ewoud Pletinckx,949101,Oud-Heverlee Leuven,2918,3,0,6.74,2.91,1.14,35,12,14,6,55,4,0,3538,40,accuratePasses,BEL,2025-2026,datafc_sofascore,2026-08-09T08:07:33.988763
38,77040,Luc Marijnissen,1086107,FCV Dender,389232,1,0,6.73,1.59,1.25,16,6,11,13,84,7,0,3225,37,accuratePasses,BEL,2025-2026,datafc_sofascore,2026-08-09T08:07:33.988763
38,77040,Tommy St Jago,876232,KV Mechelen,5044,0,1,6.72,0.3,0.66,6,0,6,7,62,4,0,2282,28,accuratePasses,BEL,2025-2026,datafc_sofascore,2026-08-09T08:07:33.988763
38,77040,Zakaria El Ouahdi,1134470,KRC Genk,2890,8,4,7.07,4.96,4.37,70,24,49,36,42,4,0,2996,34,accuratePasses,BEL,2025-2026,datafc_sofascore,2026-08-09T08:07:33.988763
38,77040,Robert-Jan Vanwesemael,1047164,Sint-Truidense VV,2895,1,1,6.75,1.87,4.8,33,8,36,30,70,11,0,3077,37,accuratePasses,BEL,2025-2026,datafc_sofascore,2026-08-09T08:07:33.988763
38,77040,Lucas Hey,1122698,RSC Anderlecht,2900,0,0,6.83,0.71,0.46,10,1,3,4,25,6,0,2535,32,accuratePasses,BEL,2025-2026,datafc_sofascore,2026-08-09T08:07:33.988763
38,77040,Marco Kana,964759,RSC Anderlecht,2900,0,0,6.78,0.37,0.82,9,2,6,2,19,5,0,2043,26,accuratePasses,BEL,2025-2026,datafc_sofascore,2026-08-09T08:07:33.988763
38,77040,Raphael Onyedika,1129862,Club Brugge KV,2888,1,0,6.86,2.76,1.16,29,11,10,16,42,3,0,1995,30,accuratePasses,BEL,2025-2026,datafc_sofascore,2026-08-09T08:07:33.988763
38,77040,Rein Van Helden,1047163,Royal Antwerp FC,2889,2,0,7.02,2.19,1.08,12,4,13,8,52,2,1,2126,29,accuratePasses,BEL,2025-2026,datafc_sofascore,2026-08-09T08:07:33.988763
38,77040,Ross Sykes,845558,Royale Union Saint-Gilloise,4860,5,0,7.28,3.78,2.34,56,25,21,6,40,9,0,2629,32,accuratePasses,BEL,2025-2026,datafc_sofascore,2026-08-09T08:07:33.988763
38,77040,Rihito Yamamoto,1030211,Sint-Truidense VV,2895,5,6,7.08,5.87,6.27,51,16,62,21,75,6,0,3290,38,accuratePasses,BEL,2025-2026,datafc_sofascore,2026-08-09T08:07:33.988763
38,77040,Bryan Reynolds,862075,KVC Westerlo,2893,2,3,6.77,2.75,4.35,22,8,37,37,53,8,0,3494,39,accuratePasses,BEL,2025-2026,datafc_sofascore,2026-08-09T08:07:33.988763
38,77040,Anan Khalaili,1403362,Royale Union Saint-Gilloise,4860,3,5,7.22,3.34,7.52,38,13,62,49,69,7,0,3099,38,accuratePasses,BEL,2025-2026,datafc_sofascore,2026-08-09T08:07:33.988763
38,77040,Arthur Piedfort,1149123,KVC Westerlo,2893,3,2,7.07,1.9,3.11,23,7,43,25,86,5,0,2989,36,accuratePasses,BEL,2025-2026,datafc_sofascore,2026-08-09T08:07:33.988763
38,77040,Christos Tzolis,1031259,Club Brugge KV,2888,17,23,7.71,17.4,15.94,123,44,135,40,29,6,0,3072,36,accuratePasses,BEL,2025-2026,datafc_sofascore,2026-08-09T08:07:33.988763
38,77040,Fredrik Hammar,946959,KV Mechelen,5044,1,1,7.04,1.75,1.64,28,6,18,20,152,10,0,3366,38,accuratePasses,BEL,2025-2026,datafc_sofascore,2026-08-09T08:07:33.988763
38,77040,Thérence Koudou,1392080,KV Mechelen,5044,5,2,6.85,1.64,4.81,25,8,35,38,31,5,0,3060,37,accuratePasses,BEL,2025-2026,datafc_sofascore,2026-08-09T08:07:33.988763
38,77040,Thomas Claes,1188173,SV Zulte Waregem,2933,2,1,6.85,2.45,3.5,50,16,32,19,52,3,0,2784,34,accuratePasses,BEL,2025-2026,datafc_sofascore,2026-08-09T08:07:33.988763
38,77040,Thorgan Hazard,94286,RSC Anderlecht,2900,13,7,7.04,11.91,8.06,74,31,78,38,38,6,1,2722,36,accuratePasses,BEL,2025-2026,datafc_sofascore,2026-08-09T08:07:33.988763
38,77040,Leonardo Lopes,783478,KAA Gent,2903,1,1,6.84,2.1,1.39,18,2,13,15,37,3,0,2464,37,accuratePasses,BEL,2025-2026,datafc_sofascore,2026-08-09T08:07:33.988763
38,77040,Maksim Paskotsi,954621,KAA Gent,2903,4,1,6.96,1.28,0.33,15,6,1,1,19,1,0,1813,22,accuratePasses,BEL,2025-2026,datafc_sofascore,2026-08-09T08:07:33.988763
38,77040,Ibe Hautekiet,964757,Standard Liège,2901,2,0,6.87,2.36,0.69,17,5,11,1,59,3,0,2954,36,accuratePasses,BEL,2025-2026,datafc_sofascore,2026-08-09T08:07:33.988763
38,77040,Tiago Araújo,997024,KAA Gent,2903,1,4,6.94,0.83,6.33,21,4,57,20,39,9,0,2820,35,accuratePasses,BEL,2025-2026,datafc_sofascore,2026-08-09T08:07:33.988763
38,77040,José Marsà,962625,KV Mechelen,5044,1,2,6.73,1.7,2.1,15,3,12,9,47,4,0,2594,33,accuratePasses,BEL,2025-2026,datafc_sofascore,2026-08-09T08:07:33.988763
38,77040,Hannes Van Der Bruggen,94290,Cercle Brugge,2929,0,1,6.96,1.32,1.83,28,4,15,5,73,7,0,2569,32,accuratePasses,BEL,2025-2026,datafc_sofascore,2026-08-09T08:07:33.988763
38,77040,Jorne Spileers,1104897,Club Brugge KV,2888,0,1,6.83,0.12,0.28,3,0,2,3,21,4,0,1218,23,accuratePasses,BEL,2025-2026,datafc_sofascore,2026-08-09T08:07:33.988763
38,77040,Dennis Praet,135647,Royal Antwerp FC,2889,0,0,6.92,0.62,2.25,16,3,26,10,64,3,1,2525,31,accuratePasses,BEL,2025-2026,datafc_sofascore,2026-08-09T08:07:33.988763
38,77040,Bryan Goncalves,775019,FCV Dender,389232,1,2,6.79,1.13,3.58,12,5,38,10,42,5,0,2293,28,accuratePasses,BEL,2025-2026,datafc_sofascore,2026-08-09T08:07:33.988763
38,77040,Abdelkahar Kadri,1007528,KAA Gent,2903,2,5,6.89,2.42,2.53,27,9,32,24,43,5,0,2076,33,accuratePasses,BEL,2025-2026,datafc_sofascore,2026-08-09T08:07:33.988763
38,77040,Josué Homawoo,976070,Standard Liège,2901,0,1,6.91,0.5,0.41,6,0,5,3,46,2,1,2198,30,accuratePasses,BEL,2025-2026,datafc_sofascore,2026-08-09T08:07:33.988763
38,77040,Marco Ilaimaharitra,358198,Standard Liège,2901,3,0,6.85,3.44,1.16,14,6,21,8,48,10,1,2445,31,accuratePasses,BEL,2025-2026,datafc_sofascore,2026-08-09T08:07:33.988763
38,77040,Mathis Servais,1093876,KV Mechelen,5044,2,4,6.98,2.95,5.07,41,11,35,11,48,5,0,2796,32,accuratePasses,BEL,2025-2026,datafc_sofascore,2026-08-09T08:07:33.988763
38,77040,Kyriani Sabbe,1101258,Club Brugge KV,2888,3,3,6.94,1.71,3.84,18,9,23,8,43,2,0,1658,27,accuratePasses,BEL,2025-2026,datafc_sofascore,2026-08-09T08:07:33.988763
38,77040,Fedde Leysen,1088899,Royale Union Saint-Gilloise,4860,1,1,6.98,1.4,0.48,11,4,8,0,41,3,0,1877,27,accuratePasses,BEL,2025-2026,datafc_sofascore,2026-08-09T08:07:33.988763
38,77040,Ilias Sebaoui,1154586,Sint-Truidense VV,2895,5,5,6.81,8.33,5.21,93,27,36,43,46,3,0,3272,40,accuratePasses,BEL,2025-2026,datafc_sofascore,2026-08-09T08:07:33.988763
38,77040,Mardochee Nzita,990726,RC Sporting Charleroi,2898,0,2,6.77,1.02,3.04,12,3,21,18,65,3,1,3007,38,accuratePasses,BEL,2025-2026,datafc_sofascore,2026-08-09T08:07:33.988763
38,77040,Edan Diop,1390575,Cercle Brugge,2929,7,3,6.99,6.96,5.33,53,22,46,43,52,7,0,2607,33,accuratePasses,BEL,2025-2026,datafc_sofascore,2026-08-09T08:07:33.988763
38,77040,Taiga Hata,1002356,Sint-Truidense VV,2895,1,3,6.66,1.79,2.66,6,3,19,10,44,0,0,2444,32,accuratePasses,BEL,2025-2026,datafc_sofascore,2026-08-09T08:07:33.988763
38,77040,Roggerio Nyakossi,1129502,Oud-Heverlee Leuven,2918,4,0,6.84,1.16,0.19,13,5,2,7,29,4,0,2241,27,accuratePasses,BEL,2025-2026,datafc_sofascore,2026-08-09T08:07:33.988763
38,77040,Seiji Kimura,939399,KVC Westerlo,2893,1,0,6.82,0.87,0.23,16,2,3,1,28,1,0,1839,21,accuratePasses,BEL,2025-2026,datafc_sofascore,2026-08-09T08:07:33.988763
38,77040,Daan Heymans,845344,KRC Genk,2890,10,4,6.98,7.98,2.96,61,25,33,11,50,3,0,2362,31,accuratePasses,BEL,2025-2026,datafc_sofascore,2026-08-09T08:07:33.988763
38,77040,Yllan Okou,1167514,RAAL La Louvière,368506,1,0,6.96,0.73,1.05,11,3,12,2,36,6,0,2731,33,accuratePasses,BEL,2025-2026,datafc_sofascore,2026-08-09T08:07:33.988763
38,77040,Malcolm Viltard,1092285,FCV Dender,389232,1,1,6.88,0.41,2.6,15,4,27,17,70,6,1,2721,36,accuratePasses,BEL,2025-2026,datafc_sofascore,2026-08-09T08:07:33.988763
38,77040,Ludwig Augustinsson,138546,RSC Anderlecht,2900,0,3,6.89,1.0,3.93,21,3,29,2,44,4,0,2082,27,accuratePasses,BEL,2025-2026,datafc_sofascore,2026-08-09T08:07:33.988763
38,77040,Parfait Guiagon,1030459,RC Sporting Charleroi,2898,9,5,7.08,7.78,5.5,80,22,52,73,30,6,0,2555,33,accuratePasses,BEL,2025-2026,datafc_sofascore,2026-08-09T08:07:33.988763
38,77040,Brent Gabriel,861977,SV Zulte Waregem,2933,0,1,7.26,,0.6,0,0,2,1,1,1,0,3240,36,accuratePasses,BEL,2025-2026,datafc_sofascore,2026-08-09T08:07:33.988763
38,77040,Killian Sardella,909964,RSC Anderlecht,2900,0,1,6.66,1.39,1.45,23,6,19,14,33,3,1,2064,32,accuratePasses,BEL,2025-2026,datafc_sofascore,2026-08-09T08:07:33.988763
38,77040,Davy Roef,156663,KAA Gent,2903,0,0,7.25,,0.05,0,0,3,0,1,0,0,3720,41,accuratePasses,BEL,2025-2026,datafc_sofascore,2026-08-09T08:07:33.988763
38,77040,Noë Dussenne,115569,Oud-Heverlee Leuven,2918,1,0,6.87,1.85,0.68,18,4,11,1,32,6,0,1877,23,accuratePasses,BEL,2025-2026,datafc_sofascore,2026-08-09T08:07:33.988763
38,77040,Gary Magnee,990265,Cercle Brugge,2929,4,7,6.93,5.4,6.75,31,10,74,20,72,4,0,2889,34,accuratePasses,BEL,2025-2026,datafc_sofascore,2026-08-09T08:07:33.988763
38,77040,Noah Mbamba,1100321,FCV Dender,389232,2,2,6.88,2.99,2.06,28,9,20,35,93,4,0,2805,35,accuratePasses,BEL,2025-2026,datafc_sofascore,2026-08-09T08:07:33.988763
38,77040,Roman Kvet,858926,FCV Dender,389232,5,0,6.73,4.44,3.29,38,12,39,24,34,5,0,2676,34,accuratePasses,BEL,2025-2026,datafc_sofascore,2026-08-09T08:07:33.988763
38,77040,Jeppe Erenbjerg,1035095,SV Zulte Waregem,2933,13,3,7.12,10.16,5.5,88,32,41,24,24,2,0,2787,35,accuratePasses,BEL,2025-2026,datafc_sofascore,2026-08-09T08:07:33.988763
38,77040,Andreas Jungdal,963038,KVC Westerlo,2893,0,0,6.97,,0.15,0,0,3,0,1,3,0,3600,40,accuratePasses,BEL,2025-2026,datafc_sofascore,2026-08-09T08:07:33.988763
38,77040,Anouar Ait El Hadj,964764,Royale Union Saint-Gilloise,4860,2,5,6.9,5.0,7.38,42,13,62,13,29,2,0,2660,38,accuratePasses,BEL,2025-2026,datafc_sofascore,2026-08-09T08:07:33.988763
38,77040,Léo Kokubo,997020,Sint-Truidense VV,2895,0,0,7.23,,0.05,0,0,0,0,4,5,0,3420,38,accuratePasses,BEL,2025-2026,datafc_sofascore,2026-08-09T08:07:33.988763
38,77040,Rob Schoofs,133164,Royale Union Saint-Gilloise,4860,4,5,6.89,3.11,5.5,42,11,52,7,27,4,0,2013,36,accuratePasses,BEL,2025-2026,datafc_sofascore,2026-08-09T08:07:33.988763
38,77040,Myron Van Brederode,1012925,KV Mechelen,5044,9,5,7.1,5.95,5.55,41,17,57,49,34,2,0,2840,34,accuratePasses,BEL,2025-2026,datafc_sofascore,2026-08-09T08:07:33.988763
38,77040,Matties Volckaert,2213526,KAA Gent,2903,0,0,6.82,0.66,1.42,13,1,11,7,21,2,0,2237,26,accuratePasses,BEL,2025-2026,datafc_sofascore,2026-08-09T08:07:33.988763
38,77040,Carlos Forbs,1069486,Club Brugge KV,2888,8,8,7.17,6.18,8.55,57,21,61,52,40,4,0,2816,37,accuratePasses,BEL,2025-2026,datafc_sofascore,2026-08-09T08:07:33.988763
38,77040,Mory Konate,889927,KV Mechelen,5044,2,1,6.68,1.44,0.37,13,5,7,2,34,7,0,2022,30,accuratePasses,BEL,2025-2026,datafc_sofascore,2026-08-09T08:07:33.988763
38,77040,Sami Lahssaini,957895,RAAL La Louvière,368506,1,1,6.89,0.41,1.57,13,2,16,20,60,4,0,2770,32,accuratePasses,BEL,2025-2026,datafc_sofascore,2026-08-09T08:07:33.988763
38,77040,Christiaan Ravych,1191212,Cercle Brugge,2929,0,0,6.94,1.38,0.44,8,2,5,6,49,2,0,2243,27,accuratePasses,BEL,2025-2026,datafc_sofascore,2026-08-09T08:07:33.988763
38,77040,Nathan-Dylan Saliba,1093229,RSC Anderlecht,2900,3,1,6.86,3.27,2.58,59,15,26,19,75,12,1,2319,34,accuratePasses,BEL,2025-2026,datafc_sofascore,2026-08-09T08:07:33.988763
38,77040,Nathan De Cat,1637689,RSC Anderlecht,2900,2,4,6.75,1.79,2.28,30,6,28,21,60,8,0,2739,36,accuratePasses,BEL,2025-2026,datafc_sofascore,2026-08-09T08:07:33.988763
38,77040,Konstantinos Karetsas,1468744,KRC Genk,2890,0,10,6.91,4.62,7.63,68,27,68,59,30,3,0,2247,34,accuratePasses,BEL,2025-2026,datafc_sofascore,2026-08-09T08:07:33.988763
38,77040,Mathias Delorge,1124749,KAA Gent,2903,0,3,7.01,0.27,2.13,9,4,17,2,30,1,0,1383,20,accuratePasses,BEL,2025-2026,datafc_sofascore,2026-08-09T08:07:33.988763
38,77040,Pieter Gerkens,190401,Cercle Brugge,2929,6,1,6.85,5.58,3.44,41,16,40,7,38,1,0,2840,35,accuratePasses,BEL,2025-2026,datafc_sofascore,2026-08-09T08:07:33.988763
38,77040,Kamiel Van de Perre,1146316,Royale Union Saint-Gilloise,4860,0,3,6.88,0.49,0.67,11,0,9,12,84,9,0,2214,30,accuratePasses,BEL,2025-2026,datafc_sofascore,2026-08-09T08:07:33.988763
38,77040,Colin Coosemans,122399,RSC Anderlecht,2900,0,0,6.98,,0.11,0,0,2,1,0,2,0,3420,38,accuratePasses,BEL,2025-2026,datafc_sofascore,2026-08-09T08:07:33.988763
38,77040,Laurent Lemoine,822698,SV Zulte Waregem,2933,1,0,6.94,0.77,0.53,3,1,3,8,40,3,0,1670,22,accuratePasses,BEL,2025-2026,datafc_sofascore,2026-08-09T08:07:33.988763
38,77040,Patrick Pflücke,281283,RC Sporting Charleroi,2898,4,8,6.97,5.54,8.28,63,22,67,9,22,0,0,2670,41,accuratePasses,BEL,2025-2026,datafc_sofascore,2026-08-09T08:07:33.988763
38,77040,Nazinho,1006113,Cercle Brugge,2929,3,7,7.07,0.91,7.69,27,8,59,24,73,13,0,2554,30,accuratePasses,BEL,2025-2026,datafc_sofascore,2026-08-09T08:07:33.988763
38,77040,Matte Smets,1392905,KRC Genk,2890,0,1,7.15,0.75,2.2,15,0,17,5,70,4,0,3509,39,accuratePasses,BEL,2025-2026,datafc_sofascore,2026-08-09T08:07:33.988763
38,77040,Brandon Mechele,248331,Club Brugge KV,2888,5,2,7.29,3.46,1.49,33,14,22,5,77,4,0,3435,39,accuratePasses,BEL,2025-2026,datafc_sofascore,2026-08-09T08:07:33.988763
38,77040,Hans Vanaken,118085,Club Brugge KV,2888,7,3,7.45,8.38,8.0,58,21,67,15,38,2,0,3366,39,accuratePasses,BEL,2025-2026,datafc_sofascore,2026-08-09T08:07:33.988763
38,77040,Bryan Heynen,801025,KRC Genk,2890,4,1,7.31,4.75,4.68,48,11,49,22,99,5,0,3603,40,accuratePasses,BEL,2025-2026,datafc_sofascore,2026-08-09T08:07:33.988763
38,77040,Mujaid Sadick,935309,KRC Genk,2890,2,0,6.83,2.1,0.55,7,3,1,4,76,4,1,3014,36,accuratePasses,BEL,2025-2026,datafc_sofascore,2026-08-09T08:07:33.988763
38,77040,Shogo Taniguchi,386958,Sint-Truidense VV,2895,1,1,7.07,1.07,1.31,14,2,10,2,43,4,0,2963,38,accuratePasses,BEL,2025-2026,datafc_sofascore,2026-08-09T08:07:33.988763
38,77040,Joel Ordóñez,1187275,Club Brugge KV,2888,3,0,6.95,1.91,0.92,16,4,6,3,37,4,2,2668,33,accuratePasses,BEL,2025-2026,datafc_sofascore,2026-08-09T08:07:33.988763
38,77040,Emin Bayram,997153,KVC Westerlo,2893,4,2,7.06,4.39,2.88,41,13,20,15,44,4,2,3322,38,accuratePasses,BEL,2025-2026,datafc_sofascore,2026-08-09T08:07:33.988763
38,77040,Christian Burgess,303634,Royale Union Saint-Gilloise,4860,2,3,7.31,1.63,1.37,23,8,13,1,53,13,1,3147,35,accuratePasses,BEL,2025-2026,datafc_sofascore,2026-08-09T08:07:33.988763
38,77040,Redouane Halhal,1143667,KV Mechelen,5044,1,2,6.82,0.94,1.04,12,4,7,4,50,10,0,2849,33,accuratePasses,BEL,2025-2026,datafc_sofascore,2026-08-09T08:07:33.988763
38,77040,Adem Zorgane,1000472,Royale Union Saint-Gilloise,4860,4,5,7.04,2.44,6.23,28,12,40,19,64,7,0,2968,37,accuratePasses,BEL,2025-2026,datafc_sofascore,2026-08-09T08:07:33.988763
38,77040,Aiham Ousou,965265,RC Sporting Charleroi,2898,2,1,6.95,3.22,1.58,34,10,11,5,53,12,1,3395,39,accuratePasses,BEL,2025-2026,datafc_sofascore,2026-08-09T08:07:33.988763
38,77040,Siebe Van Der Heyden,842164,KAA Gent,2903,2,1,6.74,1.64,1.37,25,8,9,3,54,11,0,3075,36,accuratePasses,BEL,2025-2026,datafc_sofascore,2026-08-09T08:07:33.988763
38,77040,Visar Musliu,134231,Sint-Truidense VV,2895,0,0,7.12,1.16,0.58,17,3,4,6,39,4,0,2519,30,accuratePasses,BEL,2025-2026,datafc_sofascore,2026-08-09T08:07:33.988763
38,77040,Abdoulaye Sissako,846330,Sint-Truidense VV,2895,2,3,6.82,2.74,1.22,30,4,15,41,91,5,0,3349,40,accuratePasses,BEL,2025-2026,datafc_sofascore,2026-08-09T08:07:33.988763
38,77040,Joaquin Seys,1395881,Club Brugge KV,2888,2,5,6.81,1.25,3.7,16,4,33,11,56,3,0,2976,39,accuratePasses,BEL,2025-2026,datafc_sofascore,2026-08-09T08:07:33.988763
38,77040,Aleksandar Stanković,1153957,Club Brugge KV,2888,6,2,7.09,4.66,4.09,74,25,33,8,39,4,0,3076,39,accuratePasses,BEL,2025-2026,datafc_sofascore,2026-08-09T08:07:33.988763
38,77040,Zeno Van Den Bosch,1103765,Royal Antwerp FC,2889,0,1,6.91,0.97,1.34,13,6,15,4,57,6,1,3071,35,accuratePasses,BEL,2025-2026,datafc_sofascore,2026-08-09T08:07:33.988763
38,77040,Doğucan Haspolat,846087,KVC Westerlo,2893,1,4,7.18,2.52,7.83,46,10,86,19,82,7,0,3395,38,accuratePasses,BEL,2025-2026,datafc_sofascore,2026-08-09T08:07:33.988763
38,77040,Ryotaro Ito,831697,Sint-Truidense VV,2895,10,5,7.28,8.51,8.81,73,27,102,19,20,1,0,2838,35,accuratePasses,BEL,2025-2026,datafc_sofascore,2026-08-09T08:07:33.988763
38,77040,Kevin Mac Allister,895327,Royale Union Saint-Gilloise,4860,1,1,7.14,3.07,2.44,22,5,13,9,112,11,1,2930,34,accuratePasses,BEL,2025-2026,datafc_sofascore,2026-08-09T08:07:33.988763
38,77040,Cheick Keita,1407973,RC Sporting Charleroi,2898,3,0,6.69,2.36,0.27,18,5,1,5,43,5,0,3440,40,accuratePasses,BEL,2025-2026,datafc_sofascore,2026-08-09T08:07:33.988763
38,77040,Yassine Titraoui,1094538,RC Sporting Charleroi,2898,5,1,7.23,2.9,3.78,53,20,31,26,58,7,0,2904,35,accuratePasses,BEL,2025-2026,datafc_sofascore,2026-08-09T08:07:33.988763
38,77040,Yuto Tsunashima,1470622,Royal Antwerp FC,2889,1,0,6.84,2.15,0.47,12,4,7,6,53,6,0,2740,34,accuratePasses,BEL,2025-2026,datafc_sofascore,2026-08-09T08:07:33.988763
38,77040,Joris Kayembe,354046,KRC Genk,2890,0,1,6.96,0.47,1.64,13,2,20,27,48,5,0,2111,28,accuratePasses,BEL,2025-2026,datafc_sofascore,2026-08-09T08:07:33.988763
38,77040,Etienne Camara,1097542,RC Sporting Charleroi,2898,2,3,6.83,1.19,1.37,20,7,20,19,94,11,1,3034,38,accuratePasses,BEL,2025-2026,datafc_sofascore,2026-08-09T08:07:33.988763
38,77040,Jakob Kiilerich,887822,SV Zulte Waregem,2933,0,0,6.74,0.77,0.82,9,2,4,3,27,3,1,2291,29,accuratePasses,BEL,2025-2026,datafc_sofascore,2026-08-09T08:07:33.988763
38,77040,Ewoud Pletinckx,949101,Oud-Heverlee Leuven,2918,3,0,6.74,2.91,1.14,35,12,14,6,55,4,0,3538,40,accuratePasses,BEL,2025-2026,datafc_sofascore,2026-08-09T08:07:33.988763
38,77040,Luc Marijnissen,1086107,FCV Dender,389232,1,0,6.73,1.59,1.25,16,6,11,13,84,7,0,3225,37,accuratePasses,BEL,2025-2026,datafc_sofascore,2026-08-09T08:07:33.988763
38,77040,Tommy St Jago,876232,KV Mechelen,5044,0,1,6.72,0.3,0.66,6,0,6,7,62,4,0,2282,28,accuratePasses,BEL,2025-2026,datafc_sofascore,2026-08-09T08:07:33.988763
38,77040,Zakaria El Ouahdi,1134470,KRC Genk,2890,8,4,7.07,4.96,4.37,70,24,49,36,42,4,0,2996,34,accuratePasses,BEL,2025-2026,datafc_sofascore,2026-08-09T08:07:33.988763
38,77040,Robert-Jan Vanwesemael,1047164,Sint-Truidense VV,2895,1,1,6.75,1.87,4.8,33,8,36,30,70,11,0,3077,37,accuratePasses,BEL,2025-2026,datafc_sofascore,2026-08-09T08:07:33.988763
38,77040,Lucas Hey,1122698,RSC Anderlecht,2900,0,0,6.83,0.71,0.46,10,1,3,4,25,6,0,2535,32,accuratePasses,BEL,2025-2026,datafc_sofascore,2026-08-09T08:07:33.988763
38,77040,Marco Kana,964759,RSC Anderlecht,2900,0,0,6.78,0.37,0.82,9,2,6,2,19,5,0,2043,26,accuratePasses,BEL,2025-2026,datafc_sofascore,2026-08-09T08:07:33.988763
38,77040,Raphael Onyedika,1129862,Club Brugge KV,2888,1,0,6.86,2.76,1.16,29,11,10,16,42,3,0,1995,30,accuratePasses,BEL,2025-2026,datafc_sofascore,2026-08-09T08:07:33.988763
38,77040,Rein Van Helden,1047163,Royal Antwerp FC,2889,2,0,7.02,2.19,1.08,12,4,13,8,52,2,1,2126,29,accuratePasses,BEL,2025-2026,datafc_sofascore,2026-08-09T08:07:33.988763
38,77040,Ross Sykes,845558,Royale Union Saint-Gilloise,4860,5,0,7.28,3.78,2.34,56,25,21,6,40,9,0,2629,32,accuratePasses,BEL,2025-2026,datafc_sofascore,2026-08-09T08:07:33.988763
38,77040,Rihito Yamamoto,1030211,Sint-Truidense VV,2895,5,6,7.08,5.87,6.27,51,16,62,21,75,6,0,3290,38,accuratePasses,BEL,2025-2026,datafc_sofascore,2026-08-09T08:07:33.988763
38,77040,Bryan Reynolds,862075,KVC Westerlo,2893,2,3,6.77,2.75,4.35,22,8,37,37,53,8,0,3494,39,accuratePasses,BEL,2025-2026,datafc_sofascore,2026-08-09T08:07:33.988763
38,77040,Anan Khalaili,1403362,Royale Union Saint-Gilloise,4860,3,5,7.22,3.34,7.52,38,13,62,49,69,7,0,3099,38,accuratePasses,BEL,2025-2026,datafc_sofascore,2026-08-09T08:07:33.988763
38,77040,Arthur Piedfort,1149123,KVC Westerlo,2893,3,2,7.07,1.9,3.11,23,7,43,25,86,5,0,2989,36,accuratePasses,BEL,2025-2026,datafc_sofascore,2026-08-09T08:07:33.988763
38,77040,Christos Tzolis,1031259,Club Brugge KV,2888,17,23,7.71,17.4,15.94,123,44,135,40,29,6,0,3072,36,accuratePasses,BEL,2025-2026,datafc_sofascore,2026-08-09T08:07:33.988763
38,77040,Fredrik Hammar,946959,KV Mechelen,5044,1,1,7.04,1.75,1.64,28,6,18,20,152,10,0,3366,38,accuratePasses,BEL,2025-2026,datafc_sofascore,2026-08-09T08:07:33.988763
38,77040,Thérence Koudou,1392080,KV Mechelen,5044,5,2,6.85,1.64,4.81,25,8,35,38,31,5,0,3060,37,accuratePasses,BEL,2025-2026,datafc_sofascore,2026-08-09T08:07:33.988763
38,77040,Thomas Claes,1188173,SV Zulte Waregem,2933,2,1,6.85,2.45,3.5,50,16,32,19,52,3,0,2784,34,accuratePasses,BEL,2025-2026,datafc_sofascore,2026-08-09T08:07:33.988763
38,77040,Thorgan Hazard,94286,RSC Anderlecht,2900,13,7,7.04,11.91,8.06,74,31,78,38,38,6,1,2722,36,accuratePasses,BEL,2025-2026,datafc_sofascore,2026-08-09T08:07:33.988763
38,77040,Leonardo Lopes,783478,KAA Gent,2903,1,1,6.84,2.1,1.39,18,2,13,15,37,3,0,2464,37,accuratePasses,BEL,2025-2026,datafc_sofascore,2026-08-09T08:07:33.988763
38,77040,Maksim Paskotsi,954621,KAA Gent,2903,4,1,6.96,1.28,0.33,15,6,1,1,19,1,0,1813,22,accuratePasses,BEL,2025-2026,datafc_sofascore,2026-08-09T08:07:33.988763
38,77040,Ibe Hautekiet,964757,Standard Liège,2901,2,0,6.87,2.36,0.69,17,5,11,1,59,3,0,2954,36,accuratePasses,BEL,2025-2026,datafc_sofascore,2026-08-09T08:07:33.988763
38,77040,Tiago Araújo,997024,KAA Gent,2903,1,4,6.94,0.83,6.33,21,4,57,20,39,9,0,2820,35,accuratePasses,BEL,2025-2026,datafc_sofascore,2026-08-09T08:07:33.988763
38,77040,José Marsà,962625,KV Mechelen,5044,1,2,6.73,1.7,2.1,15,3,12,9,47,4,0,2594,33,accuratePasses,BEL,2025-2026,datafc_sofascore,2026-08-09T08:07:33.988763
38,77040,Hannes Van Der Bruggen,94290,Cercle Brugge,2929,0,1,6.96,1.32,1.83,28,4,15,5,73,7,0,2569,32,accuratePasses,BEL,2025-2026,datafc_sofascore,2026-08-09T08:07:33.988763
38,77040,Jorne Spileers,1104897,Club Brugge KV,2888,0,1,6.83,0.12,0.28,3,0,2,3,21,4,0,1218,23,accuratePasses,BEL,2025-2026,datafc_sofascore,2026-08-09T08:07:33.988763
38,77040,Dennis Praet,135647,Royal Antwerp FC,2889,0,0,6.92,0.62,2.25,16,3,26,10,64,3,1,2525,31,accuratePasses,BEL,2025-2026,datafc_sofascore,2026-08-09T08:07:33.988763
38,77040,Bryan Goncalves,775019,FCV Dender,389232,1,2,6.79,1.13,3.58,12,5,38,10,42,5,0,2293,28,accuratePasses,BEL,2025-2026,datafc_sofascore,2026-08-09T08:07:33.988763
38,77040,Abdelkahar Kadri,1007528,KAA Gent,2903,2,5,6.89,2.42,2.53,27,9,32,24,43,5,0,2076,33,accuratePasses,BEL,2025-2026,datafc_sofascore,2026-08-09T08:07:33.988763
38,77040,Josué Homawoo,976070,Standard Liège,2901,0,1,6.91,0.5,0.41,6,0,5,3,46,2,1,2198,30,accuratePasses,BEL,2025-2026,datafc_sofascore,2026-08-09T08:07:33.988763
38,77040,Marco Ilaimaharitra,358198,Standard Liège,2901,3,0,6.85,3.44,1.16,14,6,21,8,48,10,1,2445,31,accuratePasses,BEL,2025-2026,datafc_sofascore,2026-08-09T08:07:33.988763
38,77040,Mathis Servais,1093876,KV Mechelen,5044,2,4,6.98,2.95,5.07,41,11,35,11,48,5,0,2796,32,accuratePasses,BEL,2025-2026,datafc_sofascore,2026-08-09T08:07:33.988763
38,77040,Kyriani Sabbe,1101258,Club Brugge KV,2888,3,3,6.94,1.71,3.84,18,9,23,8,43,2,0,1658,27,accuratePasses,BEL,2025-2026,datafc_sofascore,2026-08-09T08:07:33.988763
38,77040,Fedde Leysen,1088899,Royale Union Saint-Gilloise,4860,1,1,6.98,1.4,0.48,11,4,8,0,41,3,0,1877,27,accuratePasses,BEL,2025-2026,datafc_sofascore,2026-08-09T08:07:33.988763
38,77040,Ilias Sebaoui,1154586,Sint-Truidense VV,2895,5,5,6.81,8.33,5.21,93,27,36,43,46,3,0,3272,40,accuratePasses,BEL,2025-2026,datafc_sofascore,2026-08-09T08:07:33.988763
38,77040,Mardochee Nzita,990726,RC Sporting Charleroi,2898,0,2,6.77,1.02,3.04,12,3,21,18,65,3,1,3007,38,accuratePasses,BEL,2025-2026,datafc_sofascore,2026-08-09T08:07:33.988763
38,77040,Edan Diop,1390575,Cercle Brugge,2929,7,3,6.99,6.96,5.33,53,22,46,43,52,7,0,2607,33,accuratePasses,BEL,2025-2026,datafc_sofascore,2026-08-09T08:07:33.988763
38,77040,Taiga Hata,1002356,Sint-Truidense VV,2895,1,3,6.66,1.79,2.66,6,3,19,10,44,0,0,2444,32,accuratePasses,BEL,2025-2026,datafc_sofascore,2026-08-09T08:07:33.988763
38,77040,Roggerio Nyakossi,1129502,Oud-Heverlee Leuven,2918,4,0,6.84,1.16,0.19,13,5,2,7,29,4,0,2241,27,accuratePasses,BEL,2025-2026,datafc_sofascore,2026-08-09T08:07:33.988763
38,77040,Seiji Kimura,939399,KVC Westerlo,2893,1,0,6.82,0.87,0.23,16,2,3,1,28,1,0,1839,21,accuratePasses,BEL,2025-2026,datafc_sofascore,2026-08-09T08:07:33.988763
38,77040,Daan Heymans,845344,KRC Genk,2890,10,4,6.98,7.98,2.96,61,25,33,11,50,3,0,2362,31,accuratePasses,BEL,2025-2026,datafc_sofascore,2026-08-09T08:07:33.988763
38,77040,Yllan Okou,1167514,RAAL La Louvière,368506,1,0,6.96,0.73,1.05,11,3,12,2,36,6,0,2731,33,accuratePasses,BEL,2025-2026,datafc_sofascore,2026-08-09T08:07:33.988763
38,77040,Malcolm Viltard,1092285,FCV Dender,389232,1,1,6.88,0.41,2.6,15,4,27,17,70,6,1,2721,36,accuratePasses,BEL,2025-2026,datafc_sofascore,2026-08-09T08:07:33.988763
38,77040,Ludwig Augustinsson,138546,RSC Anderlecht,2900,0,3,6.89,1.0,3.93,21,3,29,2,44,4,0,2082,27,accuratePasses,BEL,2025-2026,datafc_sofascore,2026-08-09T08:07:33.988763
38,77040,Parfait Guiagon,1030459,RC Sporting Charleroi,2898,9,5,7.08,7.78,5.5,80,22,52,73,30,6,0,2555,33,accuratePasses,BEL,2025-2026,datafc_sofascore,2026-08-09T08:07:33.988763
38,77040,Brent Gabriel,861977,SV Zulte Waregem,2933,0,1,7.26,,0.6,0,0,2,1,1,1,0,3240,36,accuratePasses,BEL,2025-2026,datafc_sofascore,2026-08-09T08:07:33.988763
38,77040,Killian Sardella,909964,RSC Anderlecht,2900,0,1,6.66,1.39,1.45,23,6,19,14,33,3,1,2064,32,accuratePasses,BEL,2025-2026,datafc_sofascore,2026-08-09T08:07:33.988763
38,77040,Davy Roef,156663,KAA Gent,2903,0,0,7.25,,0.05,0,0,3,0,1,0,0,3720,41,accuratePasses,BEL,2025-2026,datafc_sofascore,2026-08-09T08:07:33.988763
38,77040,Noë Dussenne,115569,Oud-Heverlee Leuven,2918,1,0,6.87,1.85,0.68,18,4,11,1,32,6,0,1877,23,accuratePasses,BEL,2025-2026,datafc_sofascore,2026-08-09T08:07:33.988763
38,77040,Gary Magnee,990265,Cercle Brugge,2929,4,7,6.93,5.4,6.75,31,10,74,20,72,4,0,2889,34,accuratePasses,BEL,2025-2026,datafc_sofascore,2026-08-09T08:07:33.988763
38,77040,Noah Mbamba,1100321,FCV Dender,389232,2,2,6.88,2.99,2.06,28,9,20,35,93,4,0,2805,35,accuratePasses,BEL,2025-2026,datafc_sofascore,2026-08-09T08:07:33.988763
38,77040,Roman Kvet,858926,FCV Dender,389232,5,0,6.73,4.44,3.29,38,12,39,24,34,5,0,2676,34,accuratePasses,BEL,2025-2026,datafc_sofascore,2026-08-09T08:07:33.988763
38,77040,Jeppe Erenbjerg,1035095,SV Zulte Waregem,2933,13,3,7.12,10.16,5.5,88,32,41,24,24,2,0,2787,35,accuratePasses,BEL,2025-2026,datafc_sofascore,2026-08-09T08:07:33.988763
38,77040,Andreas Jungdal,963038,KVC Westerlo,2893,0,0,6.97,,0.15,0,0,3,0,1,3,0,3600,40,accuratePasses,BEL,2025-2026,datafc_sofascore,2026-08-09T08:07:33.988763
38,77040,Anouar Ait El Hadj,964764,Royale Union Saint-Gilloise,4860,2,5,6.9,5.0,7.38,42,13,62,13,29,2,0,2660,38,accuratePasses,BEL,2025-2026,datafc_sofascore,2026-08-09T08:07:33.988763
38,77040,Léo Kokubo,997020,Sint-Truidense VV,2895,0,0,7.23,,0.05,0,0,0,0,4,5,0,3420,38,accuratePasses,BEL,2025-2026,datafc_sofascore,2026-08-09T08:07:33.988763
38,77040,Rob Schoofs,133164,Royale Union Saint-Gilloise,4860,4,5,6.89,3.11,5.5,42,11,52,7,27,4,0,2013,36,accuratePasses,BEL,2025-2026,datafc_sofascore,2026-08-09T08:07:33.988763
38,77040,Myron Van Brederode,1012925,KV Mechelen,5044,9,5,7.1,5.95,5.55,41,17,57,49,34,2,0,2840,34,accuratePasses,BEL,2025-2026,datafc_sofascore,2026-08-09T08:07:33.988763
38,77040,Matties Volckaert,2213526,KAA Gent,2903,0,0,6.82,0.66,1.42,13,1,11,7,21,2,0,2237,26,accuratePasses,BEL,2025-2026,datafc_sofascore,2026-08-09T08:07:33.988763
38,77040,Carlos Forbs,1069486,Club Brugge KV,2888,8,8,7.17,6.18,8.55,57,21,61,52,40,4,0,2816,37,accuratePasses,BEL,2025-2026,datafc_sofascore,2026-08-09T08:07:33.988763
38,77040,Mory Konate,889927,KV Mechelen,5044,2,1,6.68,1.44,0.37,13,5,7,2,34,7,0,2022,30,accuratePasses,BEL,2025-2026,datafc_sofascore,2026-08-09T08:07:33.988763
38,77040,Sami Lahssaini,957895,RAAL La Louvière,368506,1,1,6.89,0.41,1.57,13,2,16,20,60,4,0,2770,32,accuratePasses,BEL,2025-2026,datafc_sofascore,2026-08-09T08:07:33.988763
38,77040,Christiaan Ravych,1191212,Cercle Brugge,2929,0,0,6.94,1.38,0.44,8,2,5,6,49,2,0,2243,27,accuratePasses,BEL,2025-2026,datafc_sofascore,2026-08-09T08:07:33.988763
38,77040,Nathan-Dylan Saliba,1093229,RSC Anderlecht,2900,3,1,6.86,3.27,2.58,59,15,26,19,75,12,1,2319,34,accuratePasses,BEL,2025-2026,datafc_sofascore,2026-08-09T08:07:33.988763
38,77040,Nathan De Cat,1637689,RSC Anderlecht,2900,2,4,6.75,1.79,2.28,30,6,28,21,60,8,0,2739,36,accuratePasses,BEL,2025-2026,datafc_sofascore,2026-08-09T08:07:33.988763
38,77040,Konstantinos Karetsas,1468744,KRC Genk,2890,0,10,6.91,4.62,7.63,68,27,68,59,30,3,0,2247,34,accuratePasses,BEL,2025-2026,datafc_sofascore,2026-08-09T08:07:33.988763
38,77040,Mathias Delorge,1124749,KAA Gent,2903,0,3,7.01,0.27,2.13,9,4,17,2,30,1,0,1383,20,accuratePasses,BEL,2025-2026,datafc_sofascore,2026-08-09T08:07:33.988763
38,77040,Pieter Gerkens,190401,Cercle Brugge,2929,6,1,6.85,5.58,3.44,41,16,40,7,38,1,0,2840,35,accuratePasses,BEL,2025-2026,datafc_sofascore,2026-08-09T08:07:33.988763
38,77040,Kamiel Van de Perre,1146316,Royale Union Saint-Gilloise,4860,0,3,6.88,0.49,0.67,11,0,9,12,84,9,0,2214,30,accuratePasses,BEL,2025-2026,datafc_sofascore,2026-08-09T08:07:33.988763
38,77040,Colin Coosemans,122399,RSC Anderlecht,2900,0,0,6.98,,0.11,0,0,2,1,0,2,0,3420,38,accuratePasses,BEL,2025-2026,datafc_sofascore,2026-08-09T08:07:33.988763
38,77040,Laurent Lemoine,822698,SV Zulte Waregem,2933,1,0,6.94,0.77,0.53,3,1,3,8,40,3,0,1670,22,accuratePasses,BEL,2025-2026,datafc_sofascore,2026-08-09T08:07:33.988763
38,77040,Patrick Pflücke,281283,RC Sporting Charleroi,2898,4,8,6.97,5.54,8.28,63,22,67,9,22,0,0,2670,41,accuratePasses,BEL,2025-2026,datafc_sofascore,2026-08-09T08:07:33.988763
38,77040,Nazinho,1006113,Cercle Brugge,2929,3,7,7.07,0.91,7.69,27,8,59,24,73,13,0,2554,30,accuratePasses,BEL,2025-2026,datafc_sofascore,2026-08-09T08:07:33.988763
38,77040,Milan Govaers,1427490,K. Beerschot V.A.,169260,0,0,7.4,,0.01,0,0,0,0,0,0,0,13,1,accuratePassesPercentage,BEL,2025-2026,datafc_sofascore,2026-08-09T08:07:33.988763
38,77040,Henry Oware,1514602,Lommel SK,5046,0,0,6.9,,,0,0,0,0,1,1,0,15,1,accuratePassesPercentage,BEL,2025-2026,datafc_sofascore,2026-08-09T08:07:33.988763
38,77040,Quentin Benaets,1396504,RC Sporting Charleroi,2898,0,0,6.7,,0.0,0,0,0,0,0,0,0,12,1,accuratePassesPercentage,BEL,2025-2026,datafc_sofascore,2026-08-09T08:07:33.988763
38,77040,Argus Vanden Driessche,1403045,Club Brugge KV,2888,0,0,6.6,,0.0,0,0,0,0,0,0,0,12,1,accuratePassesPercentage,BEL,2025-2026,datafc_sofascore,2026-08-09T08:07:33.988763
38,77040,Jeff Godelaine,1546047,Royal Antwerp FC,2889,0,0,6.5,0.13,0.0,1,0,0,0,0,0,0,15,1,accuratePassesPercentage,BEL,2025-2026,datafc_sofascore,2026-08-09T08:07:33.988763
38,77040,El Hadji Seck,2213490,KAA Gent,2903,0,0,6.4,,0.0,0,0,0,1,0,0,0,15,1,accuratePassesPercentage,BEL,2025-2026,datafc_sofascore,2026-08-09T08:07:33.988763
38,77040,Eliot Bujupi,1470012,KVC Westerlo,2893,0,0,6.4,0.15,0.06,2,1,2,0,0,1,0,17,5,accuratePassesPercentage,BEL,2025-2026,datafc_sofascore,2026-08-09T08:07:33.988763
38,77040,Arnaud Dony,1177319,Patro Eisden Maasmechelen,35076,0,0,6.4,0.04,0.0,1,1,0,0,1,0,0,10,2,accuratePassesPercentage,BEL,2025-2026,datafc_sofascore,2026-08-09T08:07:33.988763
38,77040,Nikola Mituljikić,1102965,SV Zulte Waregem,2933,0,0,6.3,,0.01,0,0,2,1,0,0,0,43,2,accuratePassesPercentage,BEL,2025-2026,datafc_sofascore,2026-08-09T08:07:33.988763
38,77040,Vince Osuji,1656128,Club Brugge KV,2888,0,0,6.2,,0.0,0,0,0,0,0,0,0,15,1,accuratePassesPercentage,BEL,2025-2026,datafc_sofascore,2026-08-09T08:07:33.988763
38,77040,Hannes Vernemmen,1442013,KAA Gent,2903,0,0,6.2,,0.0,0,0,0,0,0,0,0,21,1,accuratePassesPercentage,BEL,2025-2026,datafc_sofascore,2026-08-09T08:07:33.988763
38,77040,Mathis Riou,1127857,RAAL La Louvière,368506,0,0,0.0,,0.0,0,0,0,0,0,0,0,1,1,accuratePassesPercentage,BEL,2025-2026,datafc_sofascore,2026-08-09T08:07:33.988763
38,77040,Soumaela Traoré,1894037,RAAL La Louvière,368506,0,0,0.0,,0.0,0,0,0,0,0,0,0,3,1,accuratePassesPercentage,BEL,2025-2026,datafc_sofascore,2026-08-09T08:07:33.988763
38,77040,Pierre-Yves Ngawa,137805,RFC Liège,389226,0,0,6.05,0.14,0.01,1,0,0,0,1,1,0,180,2,accuratePassesPercentage,BEL,2025-2026,datafc_sofascore,2026-08-09T08:07:33.988763
38,77040,Moïse Sahi Dion,1113031,FCV Dender,389232,0,0,6.5,0.1,0.03,1,0,0,2,0,0,0,78,5,accuratePassesPercentage,BEL,2025-2026,datafc_sofascore,2026-08-09T08:07:33.988763
38,77040,Zaid Romero,1108450,Club Brugge KV,2888,0,0,6.2,0.02,0.01,1,1,0,0,0,0,0,59,1,accuratePassesPercentage,BEL,2025-2026,datafc_sofascore,2026-08-09T08:07:33.988763
38,77040,Mujaid Sadick,935309,KRC Genk,2890,2,0,6.83,2.1,0.55,7,3,1,4,76,4,1,3014,36,accuratePassesPercentage,BEL,2025-2026,datafc_sofascore,2026-08-09T08:07:33.988763
38,77040,Modibo Fofana,2602250,Royal Antwerp FC,2889,1,0,7.45,0.22,0.1,4,1,1,2,3,0,0,35,2,accuratePassesPercentage,BEL,2025-2026,datafc_sofascore,2026-08-09T08:07:33.988763
38,77040,Hassane Bandé,886227,KV Mechelen,5044,0,0,6.55,,0.08,0,0,0,1,0,0,0,82,7,accuratePassesPercentage,BEL,2025-2026,datafc_sofascore,2026-08-09T08:07:33.988763
38,77040,Loïc Mbe Soh,904992,Sint-Truidense VV,2895,2,0,7.18,1.47,0.27,5,2,1,1,12,1,0,921,14,accuratePassesPercentage,BEL,2025-2026,datafc_sofascore,2026-08-09T08:07:33.988763
38,77040,Jorne Spileers,1104897,Club Brugge KV,2888,0,1,6.83,0.12,0.28,3,0,2,3,21,4,0,1218,23,accuratePassesPercentage,BEL,2025-2026,datafc_sofascore,2026-08-09T08:07:33.988763
38,77040,Brandon Mechele,248331,Club Brugge KV,2888,5,2,7.29,3.46,1.49,33,14,22,5,77,4,0,3435,39,accuratePassesPercentage,BEL,2025-2026,datafc_sofascore,2026-08-09T08:07:33.988763
38,77040,Marco Kana,964759,RSC Anderlecht,2900,0,0,6.78,0.37,0.82,9,2,6,2,19,5,0,2043,26,accuratePassesPercentage,BEL,2025-2026,datafc_sofascore,2026-08-09T08:07:33.988763
38,77040,Roman Neustädter,38471,KVC Westerlo,2893,0,0,6.85,0.33,0.58,5,1,4,0,14,3,0,1392,18,accuratePassesPercentage,BEL,2025-2026,datafc_sofascore,2026-08-09T08:07:33.988763
38,77040,Josue Ndenge Kongolo,1396029,KRC Genk,2890,0,0,6.98,0.19,0.56,4,0,3,10,27,3,1,1168,16,accuratePassesPercentage,BEL,2025-2026,datafc_sofascore,2026-08-09T08:07:33.988763
38,77040,Reno Wilmots,826928,RFC Liège,389226,0,0,6.9,0.41,0.09,4,0,1,3,4,0,0,180,2,accuratePassesPercentage,BEL,2025-2026,datafc_sofascore,2026-08-09T08:07:33.988763
38,77040,Brian Plat,980673,K. Beerschot V.A.,169260,1,0,7.1,1.26,0.19,5,4,0,0,2,0,0,390,4,accuratePassesPercentage,BEL,2025-2026,datafc_sofascore,2026-08-09T08:07:33.988763
38,77040,D'Margio Wright-Phillips,1018367,K. Beerschot V.A.,169260,1,0,6.83,1.14,0.54,5,2,3,0,0,0,0,202,4,accuratePassesPercentage,BEL,2025-2026,datafc_sofascore,2026-08-09T08:07:33.988763
38,77040,Matte Smets,1392905,KRC Genk,2890,0,1,7.15,0.75,2.2,15,0,17,5,70,4,0,3509,39,accuratePassesPercentage,BEL,2025-2026,datafc_sofascore,2026-08-09T08:07:33.988763
38,77040,Cheick Keita,1407973,RC Sporting Charleroi,2898,3,0,6.69,2.36,0.27,18,5,1,5,43,5,0,3440,40,accuratePassesPercentage,BEL,2025-2026,datafc_sofascore,2026-08-09T08:07:33.988763
38,77040,Redouane Halhal,1143667,KV Mechelen,5044,1,2,6.82,0.94,1.04,12,4,7,4,50,10,0,2849,33,accuratePassesPercentage,BEL,2025-2026,datafc_sofascore,2026-08-09T08:07:33.988763
38,77040,Joel Ordóñez,1187275,Club Brugge KV,2888,3,0,6.95,1.91,0.92,16,4,6,3,37,4,2,2668,33,accuratePassesPercentage,BEL,2025-2026,datafc_sofascore,2026-08-09T08:07:33.988763
38,77040,Ken Masui,1125634,K. Beerschot V.A.,169260,0,0,6.65,0.1,0.79,2,1,2,5,1,1,0,229,4,accuratePassesPercentage,BEL,2025-2026,datafc_sofascore,2026-08-09T08:07:33.988763
38,77040,Dalangunypole Gomis,1514298,Cercle Brugge,2929,0,0,6.5,0.04,0.06,1,0,0,0,1,0,0,70,1,accuratePassesPercentage,BEL,2025-2026,datafc_sofascore,2026-08-09T08:07:33.988763
38,77040,Martin Wasinski,1131054,RFC Liège,389226,0,0,6.95,0.11,0.38,1,1,3,1,2,1,0,180,2,accuratePassesPercentage,BEL,2025-2026,datafc_sofascore,2026-08-09T08:07:33.988763
38,77040,Samuel Kotto,1103229,KAA Gent,2903,0,0,6.37,0.05,0.19,2,0,1,2,9,0,1,489,8,accuratePassesPercentage,BEL,2025-2026,datafc_sofascore,2026-08-09T08:07:33.988763
38,77040,Maksim Paskotsi,954621,KAA Gent,2903,4,1,6.96,1.28,0.33,15,6,1,1,19,1,0,1813,22,accuratePassesPercentage,BEL,2025-2026,datafc_sofascore,2026-08-09T08:07:33.988763
38,77040,Yassine Khalifi,1126852,RC Sporting Charleroi,2898,0,1,6.82,0.1,0.57,3,0,6,5,15,2,0,625,20,accuratePassesPercentage,BEL,2025-2026,datafc_sofascore,2026-08-09T08:07:33.988763
38,77040,Jonathan D'Ostilio,341273,RFC Liège,389226,0,0,7.0,0.12,0.27,2,0,3,1,8,1,0,169,2,accuratePassesPercentage,BEL,2025-2026,datafc_sofascore,2026-08-09T08:07:33.988763
38,77040,Rosen Bozhinov,1152943,Royal Antwerp FC,2889,1,0,7.08,0.4,0.39,7,3,5,2,15,1,0,1279,16,accuratePassesPercentage,BEL,2025-2026,datafc_sofascore,2026-08-09T08:07:33.988763
38,77040,Roggerio Nyakossi,1129502,Oud-Heverlee Leuven,2918,4,0,6.84,1.16,0.19,13,5,2,7,29,4,0,2241,27,accuratePassesPercentage,BEL,2025-2026,datafc_sofascore,2026-08-09T08:07:33.988763
38,77040,Mory Konate,889927,KV Mechelen,5044,2,1,6.68,1.44,0.37,13,5,7,2,34,7,0,2022,30,accuratePassesPercentage,BEL,2025-2026,datafc_sofascore,2026-08-09T08:07:33.988763
38,77040,Raphael Onyedika,1129862,Club Brugge KV,2888,1,0,6.86,2.76,1.16,29,11,10,16,42,3,0,1995,30,accuratePassesPercentage,BEL,2025-2026,datafc_sofascore,2026-08-09T08:07:33.988763
38,77040,Bas Van den Eynden,1048359,K. Beerschot V.A.,169260,0,0,7.13,0.12,0.41,3,0,3,2,9,1,0,377,4,accuratePassesPercentage,BEL,2025-2026,datafc_sofascore,2026-08-09T08:07:33.988763
38,77040,Mamadou Diakhon,1495876,Club Brugge KV,2888,0,7,6.76,1.11,1.96,17,3,15,15,4,1,0,809,23,accuratePassesPercentage,BEL,2025-2026,datafc_sofascore,2026-08-09T08:07:33.988763
38,77040,Amine Boukamir,1469056,RC Sporting Charleroi,2898,0,0,6.99,,0.12,0,0,2,1,18,1,0,458,7,accuratePassesPercentage,BEL,2025-2026,datafc_sofascore,2026-08-09T08:07:33.988763
38,77040,Jordan Bustin,1101657,RFC Liège,389226,0,0,6.5,,0.03,0,0,0,0,1,1,0,175,2,accuratePassesPercentage,BEL,2025-2026,datafc_sofascore,2026-08-09T08:07:33.988763
38,77040,Patrik Hrošovský,198282,KRC Genk,2890,1,1,6.94,1.52,1.12,24,8,13,8,18,0,0,1002,16,accuratePassesPercentage,BEL,2025-2026,datafc_sofascore,2026-08-09T08:07:33.988763
38,77040,Jules Ahoka,2137673,Royal Antwerp FC,2889,0,0,7.45,0.02,0.0,1,0,0,1,2,0,0,98,2,accuratePassesPercentage,BEL,2025-2026,datafc_sofascore,2026-08-09T08:07:33.988763
38,77040,Siviwe Magidigidi,1822941,K. Beerschot V.A.,169260,0,0,6.7,0.02,0.11,1,0,2,0,0,0,0,36,1,accuratePassesPercentage,BEL,2025-2026,datafc_sofascore,2026-08-09T08:07:33.988763
38,77040,Naoufal Bohamdi-Kamoni,2124293,KVC Westerlo,2893,0,1,6.67,0.05,0.19,1,0,3,1,12,0,0,132,11,accuratePassesPercentage,BEL,2025-2026,datafc_sofascore,2026-08-09T08:07:33.988763
38,77040,Abdelkahar Kadri,1007528,KAA Gent,2903,2,5,6.89,2.42,2.53,27,9,32,24,43,5,0,2076,33,accuratePassesPercentage,BEL,2025-2026,datafc_sofascore,2026-08-09T08:07:33.988763
38,77040,August De Wannemacker,1931420,KRC Genk,2890,0,0,6.4,0.08,0.07,1,1,1,2,1,0,0,58,4,accuratePassesPercentage,BEL,2025-2026,datafc_sofascore,2026-08-09T08:07:33.988763
38,77040,Shogo Taniguchi,386958,Sint-Truidense VV,2895,1,1,7.07,1.07,1.31,14,2,10,2,43,4,0,2963,38,accuratePassesPercentage,BEL,2025-2026,datafc_sofascore,2026-08-09T08:07:33.988763
38,77040,Hans Vanaken,118085,Club Brugge KV,2888,7,3,7.45,8.38,8.0,58,21,67,15,38,2,0,3366,39,accuratePassesPercentage,BEL,2025-2026,datafc_sofascore,2026-08-09T08:07:33.988763
38,77040,Aiham Ousou,965265,RC Sporting Charleroi,2898,2,1,6.95,3.22,1.58,34,10,11,5,53,12,1,3395,39,accuratePassesPercentage,BEL,2025-2026,datafc_sofascore,2026-08-09T08:07:33.988763
38,77040,Ibrahima Sory Bangoura,1396027,KRC Genk,2890,0,0,6.72,0.92,0.45,8,3,9,14,59,5,0,1531,28,accuratePassesPercentage,BEL,2025-2026,datafc_sofascore,2026-08-09T08:07:33.988763
38,77040,Ryan Sanusi,164025,K. Beerschot V.A.,169260,0,1,6.58,0.05,0.19,2,0,6,0,1,0,0,222,4,accuratePassesPercentage,BEL,2025-2026,datafc_sofascore,2026-08-09T08:07:33.988763
38,77040,Massire Sylla,1897832,Royale Union Saint-Gilloise,4860,0,0,6.9,,0.0,0,0,0,0,5,1,0,101,3,accuratePassesPercentage,BEL,2025-2026,datafc_sofascore,2026-08-09T08:07:33.988763
38,77040,Mathys Angely,1606624,RSC Anderlecht,2900,0,0,6.65,0.02,0.03,1,0,0,1,9,0,0,279,4,accuratePassesPercentage,BEL,2025-2026,datafc_sofascore,2026-08-09T08:07:33.988763
38,77040,Dennis Gyamfi,991607,K. Beerschot V.A.,169260,0,0,6.5,,0.13,0,0,2,3,2,1,0,288,4,accuratePassesPercentage,BEL,2025-2026,datafc_sofascore,2026-08-09T08:07:33.988763
38,77040,Eric N'jo,1189787,RFC Liège,389226,0,0,6.6,0.06,0.02,2,0,0,3,2,0,0,149,2,accuratePassesPercentage,BEL,2025-2026,datafc_sofascore,2026-08-09T08:07:33.988763
38,77040,Visar Musliu,134231,Sint-Truidense VV,2895,0,0,7.12,1.16,0.58,17,3,4,6,39,4,0,2519,30,accuratePassesPercentage,BEL,2025-2026,datafc_sofascore,2026-08-09T08:07:33.988763
38,77040,Lucas Mbamba,1474426,KVC Westerlo,2893,0,0,6.5,1.03,0.17,8,2,6,6,15,2,0,763,14,accuratePassesPercentage,BEL,2025-2026,datafc_sofascore,2026-08-09T08:07:33.988763
38,77040,Mahamadou Doumbia,1400846,Royal Antwerp FC,2889,2,1,7.25,1.8,0.37,10,3,7,17,4,2,0,528,6,accuratePassesPercentage,BEL,2025-2026,datafc_sofascore,2026-08-09T08:07:33.988763
38,77040,Seiji Kimura,939399,KVC Westerlo,2893,1,0,6.82,0.87,0.23,16,2,3,1,28,1,0,1839,21,accuratePassesPercentage,BEL,2025-2026,datafc_sofascore,2026-08-09T08:07:33.988763
38,77040,Joey Pelupessy,235404,Lommel SK,5046,0,0,7.15,0.05,0.04,1,0,2,1,12,0,0,540,6,accuratePassesPercentage,BEL,2025-2026,datafc_sofascore,2026-08-09T08:07:33.988763
38,77040,Ayumu Yokoyama,1105106,KRC Genk,2890,1,0,7.13,1.08,1.73,14,7,12,11,6,0,0,422,9,accuratePassesPercentage,BEL,2025-2026,datafc_sofascore,2026-08-09T08:07:33.988763
38,77040,Joaquin Seys,1395881,Club Brugge KV,2888,2,5,6.81,1.25,3.7,16,4,33,11,56,3,0,2976,39,accuratePassesPercentage,BEL,2025-2026,datafc_sofascore,2026-08-09T08:07:33.988763
38,77040,Amando Lapage,1396102,KVC Westerlo,2893,0,0,7.1,0.13,0.51,8,2,4,3,15,3,0,1272,16,accuratePassesPercentage,BEL,2025-2026,datafc_sofascore,2026-08-09T08:07:33.988763
38,77040,Victor Corneillie,1101653,RFC Liège,389226,0,0,6.9,,0.0,0,0,0,0,0,0,0,12,1,accuratePassesPercentage,BEL,2025-2026,datafc_sofascore,2026-08-09T08:07:33.988763
38,77040,Mathias Fixelles,876447,KVC Westerlo,2893,0,0,6.57,,0.0,0,0,0,0,4,0,0,33,4,accuratePassesPercentage,BEL,2025-2026,datafc_sofascore,2026-08-09T08:07:33.988763
38,77040,Aimé Omgba,1459382,KAA Gent,2903,0,0,6.65,0.57,0.49,5,2,8,1,13,0,0,440,20,accuratePassesPercentage,BEL,2025-2026,datafc_sofascore,2026-08-09T08:07:33.988763
38,77040,Mathias Delorge,1124749,KAA Gent,2903,0,3,7.01,0.27,2.13,9,4,17,2,30,1,0,1383,20,accuratePassesPercentage,BEL,2025-2026,datafc_sofascore,2026-08-09T08:07:33.988763
38,77040,Rein Van Helden,1047163,Royal Antwerp FC,2889,2,0,7.02,2.19,1.08,12,4,13,8,52,2,1,2126,29,accuratePassesPercentage,BEL,2025-2026,datafc_sofascore,2026-08-09T08:07:33.988763
38,77040,Takuma Ominami,832976,Oud-Heverlee Leuven,2918,0,1,6.7,1.07,0.44,9,1,4,4,32,3,0,1706,22,accuratePassesPercentage,BEL,2025-2026,datafc_sofascore,2026-08-09T08:07:33.988763
38,77040,Jhon Banguera,1173826,Lommel SK,5046,0,0,6.97,0.1,0.01,4,1,0,1,6,1,0,525,6,accuratePassesPercentage,BEL,2025-2026,datafc_sofascore,2026-08-09T08:07:33.988763
38,77040,Alouis Diriken,1481773,Sint-Truidense VV,2895,0,0,6.65,0.04,0.04,2,1,0,0,4,0,0,68,7,accuratePassesPercentage,BEL,2025-2026,datafc_sofascore,2026-08-09T08:07:33.988763
38,77040,Adrian Palacios,1393681,KRC Genk,2890,0,1,6.59,0.31,0.11,4,0,3,1,10,0,0,310,11,accuratePassesPercentage,BEL,2025-2026,datafc_sofascore,2026-08-09T08:07:33.988763
38,77040,Laurent Lemoine,822698,SV Zulte Waregem,2933,1,0,6.94,0.77,0.53,3,1,3,8,40,3,0,1670,22,accuratePassesPercentage,BEL,2025-2026,datafc_sofascore,2026-08-09T08:07:33.988763
38,77040,Dries Wouters,339269,Lommel SK,5046,0,0,7.53,,0.03,0,0,1,1,2,1,0,540,6,accuratePassesPercentage,BEL,2025-2026,datafc_sofascore,2026-08-09T08:07:33.988763
38,77040,Ludovit Reis,893586,Club Brugge KV,2888,0,0,6.35,0.71,0.18,6,2,3,2,2,1,0,265,7,accuratePassesPercentage,BEL,2025-2026,datafc_sofascore,2026-08-09T08:07:33.988763
38,77040,Tibe De Vlieger,1396529,KAA Gent,2903,1,0,7.21,1.4,0.97,16,1,13,9,59,5,0,1696,25,accuratePassesPercentage,BEL,2025-2026,datafc_sofascore,2026-08-09T08:07:33.988763
38,77040,Basile Vroninks,1929417,RSC Anderlecht,2900,0,0,6.9,,0.14,0,0,1,1,1,0,0,45,1,accuratePassesPercentage,BEL,2025-2026,datafc_sofascore,2026-08-09T08:07:33.988763
38,77040,Bryan Heynen,801025,KRC Genk,2890,4,1,7.31,4.75,4.68,48,11,49,22,99,5,0,3603,40,accuratePassesPercentage,BEL,2025-2026,datafc_sofascore,2026-08-09T08:07:33.988763
38,77040,Lynnt Audoor,1067539,Club Brugge KV,2888,0,1,6.88,,0.27,0,0,3,3,8,0,0,203,7,accuratePassesPercentage,BEL,2025-2026,datafc_sofascore,2026-08-09T08:07:33.988763
38,77040,Jakob Kiilerich,887822,SV Zulte Waregem,2933,0,0,6.74,0.77,0.82,9,2,4,3,27,3,1,2291,29,accuratePassesPercentage,BEL,2025-2026,datafc_sofascore,2026-08-09T08:07:33.988763
38,77040,Moussa Diarra,985262,RSC Anderlecht,2900,0,0,6.48,0.23,0.17,5,1,0,2,8,4,0,970,12,accuratePassesPercentage,BEL,2025-2026,datafc_sofascore,2026-08-09T08:07:33.988763
38,77040,Aleksandar Stanković,1153957,Club Brugge KV,2888,6,2,7.09,4.66,4.09,74,25,33,8,39,4,0,3076,39,accuratePassesPercentage,BEL,2025-2026,datafc_sofascore,2026-08-09T08:07:33.988763
38,77040,Mahamadou Diawara,1402751,Royal Antwerp FC,2889,0,0,6.6,0.08,0.09,2,1,1,1,8,1,0,401,8,accuratePassesPercentage,BEL,2025-2026,datafc_sofascore,2026-08-09T08:07:33.988763
38,77040,Yuto Tsunashima,1470622,Royal Antwerp FC,2889,1,0,6.84,2.15,0.47,12,4,7,6,53,6,0,2740,34,accuratePassesPercentage,BEL,2025-2026,datafc_sofascore,2026-08-09T08:07:33.988763
38,77040,Anton Tanghe,1005175,SV Zulte Waregem,2933,3,0,7.02,2.43,0.92,5,3,8,1,14,2,0,1664,21,accuratePassesPercentage,BEL,2025-2026,datafc_sofascore,2026-08-09T08:07:33.988763
38,77040,Genki Haraguchi,48243,K. Beerschot V.A.,169260,1,0,7.93,0.26,1.41,6,3,8,5,7,0,0,377,4,accuratePassesPercentage,BEL,2025-2026,datafc_sofascore,2026-08-09T08:07:33.988763
38,77040,Reda Laalaoui,1465411,KVC Westerlo,2893,0,0,6.83,0.1,0.01,2,1,0,0,3,0,0,43,3,accuratePassesPercentage,BEL,2025-2026,datafc_sofascore,2026-08-09T08:07:33.988763
38,77040,Kasper Dolberg,795761,RSC Anderlecht,2900,1,0,6.5,1.94,0.13,7,4,1,1,0,0,0,122,3,accuratePassesPercentage,BEL,2025-2026,datafc_sofascore,2026-08-09T08:07:33.988763
38,77040,Zakaria El Ouahdi,1134470,KRC Genk,2890,8,4,7.07,4.96,4.37,70,24,49,36,42,4,0,2996,34,accuratePassesPercentage,BEL,2025-2026,datafc_sofascore,2026-08-09T08:07:33.988763
38,77040,Geoffry Hairemans,58917,Royal Antwerp FC,2889,0,0,6.47,0.82,0.16,2,0,2,0,0,0,0,105,4,accuratePassesPercentage,BEL,2025-2026,datafc_sofascore,2026-08-09T08:07:33.988763
38,77040,Geoffrey Kondo,1397885,Cercle Brugge,2929,1,1,7.08,0.63,1.11,9,2,3,5,16,0,0,900,10,accuratePassesPercentage,BEL,2025-2026,datafc_sofascore,2026-08-09T08:07:33.988763
38,77040,Fedde Leysen,1088899,Royale Union Saint-Gilloise,4860,1,1,6.98,1.4,0.48,11,4,8,0,41,3,0,1877,27,accuratePassesPercentage,BEL,2025-2026,datafc_sofascore,2026-08-09T08:07:33.988763
38,77040,Yari Verschaeren,901898,RSC Anderlecht,2900,1,3,6.71,2.03,2.5,24,6,31,12,19,1,0,1408,28,accuratePassesPercentage,BEL,2025-2026,datafc_sofascore,2026-08-09T08:07:33.988763
38,77040,Milan Govaers,1427490,K. Beerschot V.A.,169260,0,0,7.4,,0.01,0,0,0,0,0,0,0,13,1,accuratePassesPercentage,BEL,2025-2026,datafc_sofascore,2026-08-09T08:07:33.988763
38,77040,Henry Oware,1514602,Lommel SK,5046,0,0,6.9,,,0,0,0,0,1,1,0,15,1,accuratePassesPercentage,BEL,2025-2026,datafc_sofascore,2026-08-09T08:07:33.988763
38,77040,Quentin Benaets,1396504,RC Sporting Charleroi,2898,0,0,6.7,,0.0,0,0,0,0,0,0,0,12,1,accuratePassesPercentage,BEL,2025-2026,datafc_sofascore,2026-08-09T08:07:33.988763
38,77040,Argus Vanden Driessche,1403045,Club Brugge KV,2888,0,0,6.6,,0.0,0,0,0,0,0,0,0,12,1,accuratePassesPercentage,BEL,2025-2026,datafc_sofascore,2026-08-09T08:07:33.988763
38,77040,Jeff Godelaine,1546047,Royal Antwerp FC,2889,0,0,6.5,0.13,0.0,1,0,0,0,0,0,0,15,1,accuratePassesPercentage,BEL,2025-2026,datafc_sofascore,2026-08-09T08:07:33.988763
38,77040,El Hadji Seck,2213490,KAA Gent,2903,0,0,6.4,,0.0,0,0,0,1,0,0,0,15,1,accuratePassesPercentage,BEL,2025-2026,datafc_sofascore,2026-08-09T08:07:33.988763
38,77040,Eliot Bujupi,1470012,KVC Westerlo,2893,0,0,6.4,0.15,0.06,2,1,2,0,0,1,0,17,5,accuratePassesPercentage,BEL,2025-2026,datafc_sofascore,2026-08-09T08:07:33.988763
38,77040,Arnaud Dony,1177319,Patro Eisden Maasmechelen,35076,0,0,6.4,0.04,0.0,1,1,0,0,1,0,0,10,2,accuratePassesPercentage,BEL,2025-2026,datafc_sofascore,2026-08-09T08:07:33.988763
38,77040,Nikola Mituljikić,1102965,SV Zulte Waregem,2933,0,0,6.3,,0.01,0,0,2,1,0,0,0,43,2,accuratePassesPercentage,BEL,2025-2026,datafc_sofascore,2026-08-09T08:07:33.988763
38,77040,Vince Osuji,1656128,Club Brugge KV,2888,0,0,6.2,,0.0,0,0,0,0,0,0,0,15,1,accuratePassesPercentage,BEL,2025-2026,datafc_sofascore,2026-08-09T08:07:33.988763
38,77040,Hannes Vernemmen,1442013,KAA Gent,2903,0,0,6.2,,0.0,0,0,0,0,0,0,0,21,1,accuratePassesPercentage,BEL,2025-2026,datafc_sofascore,2026-08-09T08:07:33.988763
38,77040,Mathis Riou,1127857,RAAL La Louvière,368506,0,0,0.0,,0.0,0,0,0,0,0,0,0,1,1,accuratePassesPercentage,BEL,2025-2026,datafc_sofascore,2026-08-09T08:07:33.988763
38,77040,Soumaela Traoré,1894037,RAAL La Louvière,368506,0,0,0.0,,0.0,0,0,0,0,0,0,0,3,1,accuratePassesPercentage,BEL,2025-2026,datafc_sofascore,2026-08-09T08:07:33.988763
38,77040,Pierre-Yves Ngawa,137805,RFC Liège,389226,0,0,6.05,0.14,0.01,1,0,0,0,1,1,0,180,2,accuratePassesPercentage,BEL,2025-2026,datafc_sofascore,2026-08-09T08:07:33.988763
38,77040,Moïse Sahi Dion,1113031,FCV Dender,389232,0,0,6.5,0.1,0.03,1,0,0,2,0,0,0,78,5,accuratePassesPercentage,BEL,2025-2026,datafc_sofascore,2026-08-09T08:07:33.988763
38,77040,Zaid Romero,1108450,Club Brugge KV,2888,0,0,6.2,0.02,0.01,1,1,0,0,0,0,0,59,1,accuratePassesPercentage,BEL,2025-2026,datafc_sofascore,2026-08-09T08:07:33.988763
38,77040,Mujaid Sadick,935309,KRC Genk,2890,2,0,6.83,2.1,0.55,7,3,1,4,76,4,1,3014,36,accuratePassesPercentage,BEL,2025-2026,datafc_sofascore,2026-08-09T08:07:33.988763
38,77040,Modibo Fofana,2602250,Royal Antwerp FC,2889,1,0,7.45,0.22,0.1,4,1,1,2,3,0,0,35,2,accuratePassesPercentage,BEL,2025-2026,datafc_sofascore,2026-08-09T08:07:33.988763
38,77040,Hassane Bandé,886227,KV Mechelen,5044,0,0,6.55,,0.08,0,0,0,1,0,0,0,82,7,accuratePassesPercentage,BEL,2025-2026,datafc_sofascore,2026-08-09T08:07:33.988763
38,77040,Loïc Mbe Soh,904992,Sint-Truidense VV,2895,2,0,7.18,1.47,0.27,5,2,1,1,12,1,0,921,14,accuratePassesPercentage,BEL,2025-2026,datafc_sofascore,2026-08-09T08:07:33.988763
38,77040,Jorne Spileers,1104897,Club Brugge KV,2888,0,1,6.83,0.12,0.28,3,0,2,3,21,4,0,1218,23,accuratePassesPercentage,BEL,2025-2026,datafc_sofascore,2026-08-09T08:07:33.988763
38,77040,Brandon Mechele,248331,Club Brugge KV,2888,5,2,7.29,3.46,1.49,33,14,22,5,77,4,0,3435,39,accuratePassesPercentage,BEL,2025-2026,datafc_sofascore,2026-08-09T08:07:33.988763
38,77040,Marco Kana,964759,RSC Anderlecht,2900,0,0,6.78,0.37,0.82,9,2,6,2,19,5,0,2043,26,accuratePassesPercentage,BEL,2025-2026,datafc_sofascore,2026-08-09T08:07:33.988763
38,77040,Roman Neustädter,38471,KVC Westerlo,2893,0,0,6.85,0.33,0.58,5,1,4,0,14,3,0,1392,18,accuratePassesPercentage,BEL,2025-2026,datafc_sofascore,2026-08-09T08:07:33.988763
38,77040,Josue Ndenge Kongolo,1396029,KRC Genk,2890,0,0,6.98,0.19,0.56,4,0,3,10,27,3,1,1168,16,accuratePassesPercentage,BEL,2025-2026,datafc_sofascore,2026-08-09T08:07:33.988763
38,77040,Reno Wilmots,826928,RFC Liège,389226,0,0,6.9,0.41,0.09,4,0,1,3,4,0,0,180,2,accuratePassesPercentage,BEL,2025-2026,datafc_sofascore,2026-08-09T08:07:33.988763
38,77040,Brian Plat,980673,K. Beerschot V.A.,169260,1,0,7.1,1.26,0.19,5,4,0,0,2,0,0,390,4,accuratePassesPercentage,BEL,2025-2026,datafc_sofascore,2026-08-09T08:07:33.988763
38,77040,D'Margio Wright-Phillips,1018367,K. Beerschot V.A.,169260,1,0,6.83,1.14,0.54,5,2,3,0,0,0,0,202,4,accuratePassesPercentage,BEL,2025-2026,datafc_sofascore,2026-08-09T08:07:33.988763
38,77040,Matte Smets,1392905,KRC Genk,2890,0,1,7.15,0.75,2.2,15,0,17,5,70,4,0,3509,39,accuratePassesPercentage,BEL,2025-2026,datafc_sofascore,2026-08-09T08:07:33.988763
38,77040,Cheick Keita,1407973,RC Sporting Charleroi,2898,3,0,6.69,2.36,0.27,18,5,1,5,43,5,0,3440,40,accuratePassesPercentage,BEL,2025-2026,datafc_sofascore,2026-08-09T08:07:33.988763
38,77040,Redouane Halhal,1143667,KV Mechelen,5044,1,2,6.82,0.94,1.04,12,4,7,4,50,10,0,2849,33,accuratePassesPercentage,BEL,2025-2026,datafc_sofascore,2026-08-09T08:07:33.988763
38,77040,Joel Ordóñez,1187275,Club Brugge KV,2888,3,0,6.95,1.91,0.92,16,4,6,3,37,4,2,2668,33,accuratePassesPercentage,BEL,2025-2026,datafc_sofascore,2026-08-09T08:07:33.988763
38,77040,Ken Masui,1125634,K. Beerschot V.A.,169260,0,0,6.65,0.1,0.79,2,1,2,5,1,1,0,229,4,accuratePassesPercentage,BEL,2025-2026,datafc_sofascore,2026-08-09T08:07:33.988763
38,77040,Dalangunypole Gomis,1514298,Cercle Brugge,2929,0,0,6.5,0.04,0.06,1,0,0,0,1,0,0,70,1,accuratePassesPercentage,BEL,2025-2026,datafc_sofascore,2026-08-09T08:07:33.988763
38,77040,Martin Wasinski,1131054,RFC Liège,389226,0,0,6.95,0.11,0.38,1,1,3,1,2,1,0,180,2,accuratePassesPercentage,BEL,2025-2026,datafc_sofascore,2026-08-09T08:07:33.988763
38,77040,Samuel Kotto,1103229,KAA Gent,2903,0,0,6.37,0.05,0.19,2,0,1,2,9,0,1,489,8,accuratePassesPercentage,BEL,2025-2026,datafc_sofascore,2026-08-09T08:07:33.988763
38,77040,Maksim Paskotsi,954621,KAA Gent,2903,4,1,6.96,1.28,0.33,15,6,1,1,19,1,0,1813,22,accuratePassesPercentage,BEL,2025-2026,datafc_sofascore,2026-08-09T08:07:33.988763
38,77040,Yassine Khalifi,1126852,RC Sporting Charleroi,2898,0,1,6.82,0.1,0.57,3,0,6,5,15,2,0,625,20,accuratePassesPercentage,BEL,2025-2026,datafc_sofascore,2026-08-09T08:07:33.988763
38,77040,Jonathan D'Ostilio,341273,RFC Liège,389226,0,0,7.0,0.12,0.27,2,0,3,1,8,1,0,169,2,accuratePassesPercentage,BEL,2025-2026,datafc_sofascore,2026-08-09T08:07:33.988763
38,77040,Rosen Bozhinov,1152943,Royal Antwerp FC,2889,1,0,7.08,0.4,0.39,7,3,5,2,15,1,0,1279,16,accuratePassesPercentage,BEL,2025-2026,datafc_sofascore,2026-08-09T08:07:33.988763
38,77040,Roggerio Nyakossi,1129502,Oud-Heverlee Leuven,2918,4,0,6.84,1.16,0.19,13,5,2,7,29,4,0,2241,27,accuratePassesPercentage,BEL,2025-2026,datafc_sofascore,2026-08-09T08:07:33.988763
38,77040,Mory Konate,889927,KV Mechelen,5044,2,1,6.68,1.44,0.37,13,5,7,2,34,7,0,2022,30,accuratePassesPercentage,BEL,2025-2026,datafc_sofascore,2026-08-09T08:07:33.988763
38,77040,Raphael Onyedika,1129862,Club Brugge KV,2888,1,0,6.86,2.76,1.16,29,11,10,16,42,3,0,1995,30,accuratePassesPercentage,BEL,2025-2026,datafc_sofascore,2026-08-09T08:07:33.988763
38,77040,Bas Van den Eynden,1048359,K. Beerschot V.A.,169260,0,0,7.13,0.12,0.41,3,0,3,2,9,1,0,377,4,accuratePassesPercentage,BEL,2025-2026,datafc_sofascore,2026-08-09T08:07:33.988763
38,77040,Mamadou Diakhon,1495876,Club Brugge KV,2888,0,7,6.76,1.11,1.96,17,3,15,15,4,1,0,809,23,accuratePassesPercentage,BEL,2025-2026,datafc_sofascore,2026-08-09T08:07:33.988763
38,77040,Amine Boukamir,1469056,RC Sporting Charleroi,2898,0,0,6.99,,0.12,0,0,2,1,18,1,0,458,7,accuratePassesPercentage,BEL,2025-2026,datafc_sofascore,2026-08-09T08:07:33.988763
38,77040,Jordan Bustin,1101657,RFC Liège,389226,0,0,6.5,,0.03,0,0,0,0,1,1,0,175,2,accuratePassesPercentage,BEL,2025-2026,datafc_sofascore,2026-08-09T08:07:33.988763
38,77040,Patrik Hrošovský,198282,KRC Genk,2890,1,1,6.94,1.52,1.12,24,8,13,8,18,0,0,1002,16,accuratePassesPercentage,BEL,2025-2026,datafc_sofascore,2026-08-09T08:07:33.988763
38,77040,Jules Ahoka,2137673,Royal Antwerp FC,2889,0,0,7.45,0.02,0.0,1,0,0,1,2,0,0,98,2,accuratePassesPercentage,BEL,2025-2026,datafc_sofascore,2026-08-09T08:07:33.988763
38,77040,Siviwe Magidigidi,1822941,K. Beerschot V.A.,169260,0,0,6.7,0.02,0.11,1,0,2,0,0,0,0,36,1,accuratePassesPercentage,BEL,2025-2026,datafc_sofascore,2026-08-09T08:07:33.988763
38,77040,Naoufal Bohamdi-Kamoni,2124293,KVC Westerlo,2893,0,1,6.67,0.05,0.19,1,0,3,1,12,0,0,132,11,accuratePassesPercentage,BEL,2025-2026,datafc_sofascore,2026-08-09T08:07:33.988763
38,77040,Abdelkahar Kadri,1007528,KAA Gent,2903,2,5,6.89,2.42,2.53,27,9,32,24,43,5,0,2076,33,accuratePassesPercentage,BEL,2025-2026,datafc_sofascore,2026-08-09T08:07:33.988763
38,77040,August De Wannemacker,1931420,KRC Genk,2890,0,0,6.4,0.08,0.07,1,1,1,2,1,0,0,58,4,accuratePassesPercentage,BEL,2025-2026,datafc_sofascore,2026-08-09T08:07:33.988763
38,77040,Shogo Taniguchi,386958,Sint-Truidense VV,2895,1,1,7.07,1.07,1.31,14,2,10,2,43,4,0,2963,38,accuratePassesPercentage,BEL,2025-2026,datafc_sofascore,2026-08-09T08:07:33.988763
38,77040,Hans Vanaken,118085,Club Brugge KV,2888,7,3,7.45,8.38,8.0,58,21,67,15,38,2,0,3366,39,accuratePassesPercentage,BEL,2025-2026,datafc_sofascore,2026-08-09T08:07:33.988763
38,77040,Aiham Ousou,965265,RC Sporting Charleroi,2898,2,1,6.95,3.22,1.58,34,10,11,5,53,12,1,3395,39,accuratePassesPercentage,BEL,2025-2026,datafc_sofascore,2026-08-09T08:07:33.988763
38,77040,Ibrahima Sory Bangoura,1396027,KRC Genk,2890,0,0,6.72,0.92,0.45,8,3,9,14,59,5,0,1531,28,accuratePassesPercentage,BEL,2025-2026,datafc_sofascore,2026-08-09T08:07:33.988763
38,77040,Ryan Sanusi,164025,K. Beerschot V.A.,169260,0,1,6.58,0.05,0.19,2,0,6,0,1,0,0,222,4,accuratePassesPercentage,BEL,2025-2026,datafc_sofascore,2026-08-09T08:07:33.988763
38,77040,Massire Sylla,1897832,Royale Union Saint-Gilloise,4860,0,0,6.9,,0.0,0,0,0,0,5,1,0,101,3,accuratePassesPercentage,BEL,2025-2026,datafc_sofascore,2026-08-09T08:07:33.988763
38,77040,Mathys Angely,1606624,RSC Anderlecht,2900,0,0,6.65,0.02,0.03,1,0,0,1,9,0,0,279,4,accuratePassesPercentage,BEL,2025-2026,datafc_sofascore,2026-08-09T08:07:33.988763
38,77040,Dennis Gyamfi,991607,K. Beerschot V.A.,169260,0,0,6.5,,0.13,0,0,2,3,2,1,0,288,4,accuratePassesPercentage,BEL,2025-2026,datafc_sofascore,2026-08-09T08:07:33.988763
38,77040,Eric N'jo,1189787,RFC Liège,389226,0,0,6.6,0.06,0.02,2,0,0,3,2,0,0,149,2,accuratePassesPercentage,BEL,2025-2026,datafc_sofascore,2026-08-09T08:07:33.988763
38,77040,Visar Musliu,134231,Sint-Truidense VV,2895,0,0,7.12,1.16,0.58,17,3,4,6,39,4,0,2519,30,accuratePassesPercentage,BEL,2025-2026,datafc_sofascore,2026-08-09T08:07:33.988763
38,77040,Lucas Mbamba,1474426,KVC Westerlo,2893,0,0,6.5,1.03,0.17,8,2,6,6,15,2,0,763,14,accuratePassesPercentage,BEL,2025-2026,datafc_sofascore,2026-08-09T08:07:33.988763
38,77040,Mahamadou Doumbia,1400846,Royal Antwerp FC,2889,2,1,7.25,1.8,0.37,10,3,7,17,4,2,0,528,6,accuratePassesPercentage,BEL,2025-2026,datafc_sofascore,2026-08-09T08:07:33.988763
38,77040,Seiji Kimura,939399,KVC Westerlo,2893,1,0,6.82,0.87,0.23,16,2,3,1,28,1,0,1839,21,accuratePassesPercentage,BEL,2025-2026,datafc_sofascore,2026-08-09T08:07:33.988763
38,77040,Joey Pelupessy,235404,Lommel SK,5046,0,0,7.15,0.05,0.04,1,0,2,1,12,0,0,540,6,accuratePassesPercentage,BEL,2025-2026,datafc_sofascore,2026-08-09T08:07:33.988763
38,77040,Ayumu Yokoyama,1105106,KRC Genk,2890,1,0,7.13,1.08,1.73,14,7,12,11,6,0,0,422,9,accuratePassesPercentage,BEL,2025-2026,datafc_sofascore,2026-08-09T08:07:33.988763
38,77040,Joaquin Seys,1395881,Club Brugge KV,2888,2,5,6.81,1.25,3.7,16,4,33,11,56,3,0,2976,39,accuratePassesPercentage,BEL,2025-2026,datafc_sofascore,2026-08-09T08:07:33.988763
38,77040,Amando Lapage,1396102,KVC Westerlo,2893,0,0,7.1,0.13,0.51,8,2,4,3,15,3,0,1272,16,accuratePassesPercentage,BEL,2025-2026,datafc_sofascore,2026-08-09T08:07:33.988763
38,77040,Victor Corneillie,1101653,RFC Liège,389226,0,0,6.9,,0.0,0,0,0,0,0,0,0,12,1,accuratePassesPercentage,BEL,2025-2026,datafc_sofascore,2026-08-09T08:07:33.988763
38,77040,Mathias Fixelles,876447,KVC Westerlo,2893,0,0,6.57,,0.0,0,0,0,0,4,0,0,33,4,accuratePassesPercentage,BEL,2025-2026,datafc_sofascore,2026-08-09T08:07:33.988763
38,77040,Aimé Omgba,1459382,KAA Gent,2903,0,0,6.65,0.57,0.49,5,2,8,1,13,0,0,440,20,accuratePassesPercentage,BEL,2025-2026,datafc_sofascore,2026-08-09T08:07:33.988763
38,77040,Mathias Delorge,1124749,KAA Gent,2903,0,3,7.01,0.27,2.13,9,4,17,2,30,1,0,1383,20,accuratePassesPercentage,BEL,2025-2026,datafc_sofascore,2026-08-09T08:07:33.988763
38,77040,Rein Van Helden,1047163,Royal Antwerp FC,2889,2,0,7.02,2.19,1.08,12,4,13,8,52,2,1,2126,29,accuratePassesPercentage,BEL,2025-2026,datafc_sofascore,2026-08-09T08:07:33.988763
38,77040,Takuma Ominami,832976,Oud-Heverlee Leuven,2918,0,1,6.7,1.07,0.44,9,1,4,4,32,3,0,1706,22,accuratePassesPercentage,BEL,2025-2026,datafc_sofascore,2026-08-09T08:07:33.988763
38,77040,Jhon Banguera,1173826,Lommel SK,5046,0,0,6.97,0.1,0.01,4,1,0,1,6,1,0,525,6,accuratePassesPercentage,BEL,2025-2026,datafc_sofascore,2026-08-09T08:07:33.988763
38,77040,Alouis Diriken,1481773,Sint-Truidense VV,2895,0,0,6.65,0.04,0.04,2,1,0,0,4,0,0,68,7,accuratePassesPercentage,BEL,2025-2026,datafc_sofascore,2026-08-09T08:07:33.988763
38,77040,Adrian Palacios,1393681,KRC Genk,2890,0,1,6.59,0.31,0.11,4,0,3,1,10,0,0,310,11,accuratePassesPercentage,BEL,2025-2026,datafc_sofascore,2026-08-09T08:07:33.988763
38,77040,Laurent Lemoine,822698,SV Zulte Waregem,2933,1,0,6.94,0.77,0.53,3,1,3,8,40,3,0,1670,22,accuratePassesPercentage,BEL,2025-2026,datafc_sofascore,2026-08-09T08:07:33.988763
38,77040,Dries Wouters,339269,Lommel SK,5046,0,0,7.53,,0.03,0,0,1,1,2,1,0,540,6,accuratePassesPercentage,BEL,2025-2026,datafc_sofascore,2026-08-09T08:07:33.988763
38,77040,Ludovit Reis,893586,Club Brugge KV,2888,0,0,6.35,0.71,0.18,6,2,3,2,2,1,0,265,7,accuratePassesPercentage,BEL,2025-2026,datafc_sofascore,2026-08-09T08:07:33.988763
38,77040,Tibe De Vlieger,1396529,KAA Gent,2903,1,0,7.21,1.4,0.97,16,1,13,9,59,5,0,1696,25,accuratePassesPercentage,BEL,2025-2026,datafc_sofascore,2026-08-09T08:07:33.988763
38,77040,Basile Vroninks,1929417,RSC Anderlecht,2900,0,0,6.9,,0.14,0,0,1,1,1,0,0,45,1,accuratePassesPercentage,BEL,2025-2026,datafc_sofascore,2026-08-09T08:07:33.988763
38,77040,Bryan Heynen,801025,KRC Genk,2890,4,1,7.31,4.75,4.68,48,11,49,22,99,5,0,3603,40,accuratePassesPercentage,BEL,2025-2026,datafc_sofascore,2026-08-09T08:07:33.988763
38,77040,Lynnt Audoor,1067539,Club Brugge KV,2888,0,1,6.88,,0.27,0,0,3,3,8,0,0,203,7,accuratePassesPercentage,BEL,2025-2026,datafc_sofascore,2026-08-09T08:07:33.988763
38,77040,Jakob Kiilerich,887822,SV Zulte Waregem,2933,0,0,6.74,0.77,0.82,9,2,4,3,27,3,1,2291,29,accuratePassesPercentage,BEL,2025-2026,datafc_sofascore,2026-08-09T08:07:33.988763
38,77040,Moussa Diarra,985262,RSC Anderlecht,2900,0,0,6.48,0.23,0.17,5,1,0,2,8,4,0,970,12,accuratePassesPercentage,BEL,2025-2026,datafc_sofascore,2026-08-09T08:07:33.988763
38,77040,Aleksandar Stanković,1153957,Club Brugge KV,2888,6,2,7.09,4.66,4.09,74,25,33,8,39,4,0,3076,39,accuratePassesPercentage,BEL,2025-2026,datafc_sofascore,2026-08-09T08:07:33.988763
38,77040,Mahamadou Diawara,1402751,Royal Antwerp FC,2889,0,0,6.6,0.08,0.09,2,1,1,1,8,1,0,401,8,accuratePassesPercentage,BEL,2025-2026,datafc_sofascore,2026-08-09T08:07:33.988763
38,77040,Yuto Tsunashima,1470622,Royal Antwerp FC,2889,1,0,6.84,2.15,0.47,12,4,7,6,53,6,0,2740,34,accuratePassesPercentage,BEL,2025-2026,datafc_sofascore,2026-08-09T08:07:33.988763
38,77040,Anton Tanghe,1005175,SV Zulte Waregem,2933,3,0,7.02,2.43,0.92,5,3,8,1,14,2,0,1664,21,accuratePassesPercentage,BEL,2025-2026,datafc_sofascore,2026-08-09T08:07:33.988763
38,77040,Genki Haraguchi,48243,K. Beerschot V.A.,169260,1,0,7.93,0.26,1.41,6,3,8,5,7,0,0,377,4,accuratePassesPercentage,BEL,2025-2026,datafc_sofascore,2026-08-09T08:07:33.988763
38,77040,Reda Laalaoui,1465411,KVC Westerlo,2893,0,0,6.83,0.1,0.01,2,1,0,0,3,0,0,43,3,accuratePassesPercentage,BEL,2025-2026,datafc_sofascore,2026-08-09T08:07:33.988763
38,77040,Kasper Dolberg,795761,RSC Anderlecht,2900,1,0,6.5,1.94,0.13,7,4,1,1,0,0,0,122,3,accuratePassesPercentage,BEL,2025-2026,datafc_sofascore,2026-08-09T08:07:33.988763
38,77040,Zakaria El Ouahdi,1134470,KRC Genk,2890,8,4,7.07,4.96,4.37,70,24,49,36,42,4,0,2996,34,accuratePassesPercentage,BEL,2025-2026,datafc_sofascore,2026-08-09T08:07:33.988763
38,77040,Geoffry Hairemans,58917,Royal Antwerp FC,2889,0,0,6.47,0.82,0.16,2,0,2,0,0,0,0,105,4,accuratePassesPercentage,BEL,2025-2026,datafc_sofascore,2026-08-09T08:07:33.988763
38,77040,Geoffrey Kondo,1397885,Cercle Brugge,2929,1,1,7.08,0.63,1.11,9,2,3,5,16,0,0,900,10,accuratePassesPercentage,BEL,2025-2026,datafc_sofascore,2026-08-09T08:07:33.988763
38,77040,Fedde Leysen,1088899,Royale Union Saint-Gilloise,4860,1,1,6.98,1.4,0.48,11,4,8,0,41,3,0,1877,27,accuratePassesPercentage,BEL,2025-2026,datafc_sofascore,2026-08-09T08:07:33.988763
38,77040,Yari Verschaeren,901898,RSC Anderlecht,2900,1,3,6.71,2.03,2.5,24,6,31,12,19,1,0,1408,28,accuratePassesPercentage,BEL,2025-2026,datafc_sofascore,2026-08-09T08:07:33.988763
38,77040,Christos Tzolis,1031259,Club Brugge KV,2888,17,23,7.71,17.4,15.94,123,44,135,40,29,6,0,3072,36,keyPasses,BEL,2025-2026,datafc_sofascore,2026-08-09T08:07:33.988763
38,77040,Ryotaro Ito,831697,Sint-Truidense VV,2895,10,5,7.28,8.51,8.81,73,27,102,19,20,1,0,2838,35,keyPasses,BEL,2025-2026,datafc_sofascore,2026-08-09T08:07:33.988763
38,77040,Doğucan Haspolat,846087,KVC Westerlo,2893,1,4,7.18,2.52,7.83,46,10,86,19,82,7,0,3395,38,keyPasses,BEL,2025-2026,datafc_sofascore,2026-08-09T08:07:33.988763
38,77040,Thorgan Hazard,94286,RSC Anderlecht,2900,13,7,7.04,11.91,8.06,74,31,78,38,38,6,1,2722,36,keyPasses,BEL,2025-2026,datafc_sofascore,2026-08-09T08:07:33.988763
38,77040,Gary Magnee,990265,Cercle Brugge,2929,4,7,6.93,5.4,6.75,31,10,74,20,72,4,0,2889,34,keyPasses,BEL,2025-2026,datafc_sofascore,2026-08-09T08:07:33.988763
38,77040,Konstantinos Karetsas,1468744,KRC Genk,2890,0,10,6.91,4.62,7.63,68,27,68,59,30,3,0,2247,34,keyPasses,BEL,2025-2026,datafc_sofascore,2026-08-09T08:07:33.988763
38,77040,Hans Vanaken,118085,Club Brugge KV,2888,7,3,7.45,8.38,8.0,58,21,67,15,38,2,0,3366,39,keyPasses,BEL,2025-2026,datafc_sofascore,2026-08-09T08:07:33.988763
38,77040,Patrick Pflücke,281283,RC Sporting Charleroi,2898,4,8,6.97,5.54,8.28,63,22,67,9,22,0,0,2670,41,keyPasses,BEL,2025-2026,datafc_sofascore,2026-08-09T08:07:33.988763
38,77040,Michał Skóraś,942479,KAA Gent,2903,2,7,7.06,3.87,6.79,43,10,65,37,49,6,1,2697,34,keyPasses,BEL,2025-2026,datafc_sofascore,2026-08-09T08:07:33.988763
38,77040,Youssef Maziz,862821,Oud-Heverlee Leuven,2918,3,4,6.96,4.34,6.75,49,12,63,13,25,6,0,2096,36,keyPasses,BEL,2025-2026,datafc_sofascore,2026-08-09T08:07:33.988763
38,77040,Anan Khalaili,1403362,Royale Union Saint-Gilloise,4860,3,5,7.22,3.34,7.52,38,13,62,49,69,7,0,3099,38,keyPasses,BEL,2025-2026,datafc_sofascore,2026-08-09T08:07:33.988763
38,77040,Rihito Yamamoto,1030211,Sint-Truidense VV,2895,5,6,7.08,5.87,6.27,51,16,62,21,75,6,0,3290,38,keyPasses,BEL,2025-2026,datafc_sofascore,2026-08-09T08:07:33.988763
38,77040,Anouar Ait El Hadj,964764,Royale Union Saint-Gilloise,4860,2,5,6.9,5.0,7.38,42,13,62,13,29,2,0,2660,38,keyPasses,BEL,2025-2026,datafc_sofascore,2026-08-09T08:07:33.988763
38,77040,Carlos Forbs,1069486,Club Brugge KV,2888,8,8,7.17,6.18,8.55,57,21,61,52,40,4,0,2816,37,keyPasses,BEL,2025-2026,datafc_sofascore,2026-08-09T08:07:33.988763
38,77040,Anosike Ementa,1094132,SV Zulte Waregem,2933,4,8,6.9,7.37,3.77,41,18,61,40,20,5,0,2616,32,keyPasses,BEL,2025-2026,datafc_sofascore,2026-08-09T08:07:33.988763
38,77040,Nazinho,1006113,Cercle Brugge,2929,3,7,7.07,0.91,7.69,27,8,59,24,73,13,0,2554,30,keyPasses,BEL,2025-2026,datafc_sofascore,2026-08-09T08:07:33.988763
38,77040,Myron Van Brederode,1012925,KV Mechelen,5044,9,5,7.1,5.95,5.55,41,17,57,49,34,2,0,2840,34,keyPasses,BEL,2025-2026,datafc_sofascore,2026-08-09T08:07:33.988763
38,77040,Tiago Araújo,997024,KAA Gent,2903,1,4,6.94,0.83,6.33,21,4,57,20,39,9,0,2820,35,keyPasses,BEL,2025-2026,datafc_sofascore,2026-08-09T08:07:33.988763
38,77040,Jarne Steuckers,1099462,KRC Genk,2890,0,6,6.96,2.06,6.27,30,8,54,15,9,1,0,1504,30,keyPasses,BEL,2025-2026,datafc_sofascore,2026-08-09T08:07:33.988763
38,77040,Parfait Guiagon,1030459,RC Sporting Charleroi,2898,9,5,7.08,7.78,5.5,80,22,52,73,30,6,0,2555,33,keyPasses,BEL,2025-2026,datafc_sofascore,2026-08-09T08:07:33.988763
38,77040,Rob Schoofs,133164,Royale Union Saint-Gilloise,4860,4,5,6.89,3.11,5.5,42,11,52,7,27,4,0,2013,36,keyPasses,BEL,2025-2026,datafc_sofascore,2026-08-09T08:07:33.988763
38,77040,Junya Ito,783278,KRC Genk,2890,6,5,7.09,3.79,5.63,36,16,51,24,37,4,0,1785,28,keyPasses,BEL,2025-2026,datafc_sofascore,2026-08-09T08:07:33.988763
38,77040,Bryan Heynen,801025,KRC Genk,2890,4,1,7.31,4.75,4.68,48,11,49,22,99,5,0,3603,40,keyPasses,BEL,2025-2026,datafc_sofascore,2026-08-09T08:07:33.988763
38,77040,Zakaria El Ouahdi,1134470,KRC Genk,2890,8,4,7.07,4.96,4.37,70,24,49,36,42,4,0,2996,34,keyPasses,BEL,2025-2026,datafc_sofascore,2026-08-09T08:07:33.988763
38,77040,Nilson Angulo,1116571,RSC Anderlecht,2900,6,5,7.26,3.77,4.47,33,16,46,44,62,2,1,1902,22,keyPasses,BEL,2025-2026,datafc_sofascore,2026-08-09T08:07:33.988763
38,77040,Edan Diop,1390575,Cercle Brugge,2929,7,3,6.99,6.96,5.33,53,22,46,43,52,7,0,2607,33,keyPasses,BEL,2025-2026,datafc_sofascore,2026-08-09T08:07:33.988763
38,77040,Joseph Opoku,1922407,SV Zulte Waregem,2933,10,6,6.91,10.15,3.62,69,25,46,37,16,2,0,2458,33,keyPasses,BEL,2025-2026,datafc_sofascore,2026-08-09T08:07:33.988763
38,77040,Adnane Abid,1127801,Standard Liège,2901,2,5,6.92,2.21,4.2,22,11,44,37,40,5,1,2114,34,keyPasses,BEL,2025-2026,datafc_sofascore,2026-08-09T08:07:33.988763
38,77040,Tobias Mohr,237048,Standard Liège,2901,2,2,6.91,1.09,5.42,25,5,44,20,50,5,0,2310,38,keyPasses,BEL,2025-2026,datafc_sofascore,2026-08-09T08:07:33.988763
38,77040,Arthur Piedfort,1149123,KVC Westerlo,2893,3,2,7.07,1.9,3.11,23,7,43,25,86,5,0,2989,36,keyPasses,BEL,2025-2026,datafc_sofascore,2026-08-09T08:07:33.988763
38,77040,Jeppe Erenbjerg,1035095,SV Zulte Waregem,2933,13,3,7.12,10.16,5.5,88,32,41,24,24,2,0,2787,35,keyPasses,BEL,2025-2026,datafc_sofascore,2026-08-09T08:07:33.988763
38,77040,Fabio Ferraro,1145225,FCV Dender,389232,1,3,6.62,2.28,3.94,30,12,41,31,53,5,0,2531,29,keyPasses,BEL,2025-2026,datafc_sofascore,2026-08-09T08:07:33.988763
38,77040,Adem Zorgane,1000472,Royale Union Saint-Gilloise,4860,4,5,7.04,2.44,6.23,28,12,40,19,64,7,0,2968,37,keyPasses,BEL,2025-2026,datafc_sofascore,2026-08-09T08:07:33.988763
38,77040,Jordi Liongola,1009413,RAAL La Louvière,368506,2,6,6.93,3.28,4.29,29,6,40,27,57,10,0,2618,31,keyPasses,BEL,2025-2026,datafc_sofascore,2026-08-09T08:07:33.988763
38,77040,Pieter Gerkens,190401,Cercle Brugge,2929,6,1,6.85,5.58,3.44,41,16,40,7,38,1,0,2840,35,keyPasses,BEL,2025-2026,datafc_sofascore,2026-08-09T08:07:33.988763
38,77040,Roman Kvet,858926,FCV Dender,389232,5,0,6.73,4.44,3.29,38,12,39,24,34,5,0,2676,34,keyPasses,BEL,2025-2026,datafc_sofascore,2026-08-09T08:07:33.988763
38,77040,Hugo Siquet,983041,Club Brugge KV,2888,0,2,7.0,0.75,3.62,16,2,38,4,31,2,0,1332,31,keyPasses,BEL,2025-2026,datafc_sofascore,2026-08-09T08:07:33.988763
38,77040,Nicolò Tresoldi,1177167,Club Brugge KV,2888,19,5,6.99,16.6,3.73,101,39,38,19,29,1,0,2507,40,keyPasses,BEL,2025-2026,datafc_sofascore,2026-08-09T08:07:33.988763
38,77040,Aurélien Scheidler,915567,RC Sporting Charleroi,2898,9,4,6.81,12.47,2.75,71,28,38,10,8,3,0,3266,40,keyPasses,BEL,2025-2026,datafc_sofascore,2026-08-09T08:07:33.988763
38,77040,Bryan Goncalves,775019,FCV Dender,389232,1,2,6.79,1.13,3.58,12,5,38,10,42,5,0,2293,28,keyPasses,BEL,2025-2026,datafc_sofascore,2026-08-09T08:07:33.988763
38,77040,Siebe Schrijvers,190413,Oud-Heverlee Leuven,2918,3,4,7.0,5.03,3.45,29,4,37,12,62,6,0,2121,30,keyPasses,BEL,2025-2026,datafc_sofascore,2026-08-09T08:07:33.988763
38,77040,Allahyar Sayyadmanesh,905474,KVC Westerlo,2893,7,3,6.89,7.15,4.43,48,15,37,33,35,5,0,2241,30,keyPasses,BEL,2025-2026,datafc_sofascore,2026-08-09T08:07:33.988763
38,77040,Bryan Reynolds,862075,KVC Westerlo,2893,2,3,6.77,2.75,4.35,22,8,37,37,53,8,0,3494,39,keyPasses,BEL,2025-2026,datafc_sofascore,2026-08-09T08:07:33.988763
38,77040,Ilias Sebaoui,1154586,Sint-Truidense VV,2895,5,5,6.81,8.33,5.21,93,27,36,43,46,3,0,3272,40,keyPasses,BEL,2025-2026,datafc_sofascore,2026-08-09T08:07:33.988763
38,77040,Robert-Jan Vanwesemael,1047164,Sint-Truidense VV,2895,1,1,6.75,1.87,4.8,33,8,36,30,70,11,0,3077,37,keyPasses,BEL,2025-2026,datafc_sofascore,2026-08-09T08:07:33.988763
38,77040,Mathis Servais,1093876,KV Mechelen,5044,2,4,6.98,2.95,5.07,41,11,35,11,48,5,0,2796,32,keyPasses,BEL,2025-2026,datafc_sofascore,2026-08-09T08:07:33.988763
38,77040,Thérence Koudou,1392080,KV Mechelen,5044,5,2,6.85,1.64,4.81,25,8,35,38,31,5,0,3060,37,keyPasses,BEL,2025-2026,datafc_sofascore,2026-08-09T08:07:33.988763
38,77040,Łukasz Łakomy,1001201,Oud-Heverlee Leuven,2918,3,3,6.82,1.56,3.17,32,12,35,13,44,6,0,2123,32,keyPasses,BEL,2025-2026,datafc_sofascore,2026-08-09T08:07:33.988763
38,77040,Kevin Van Den Kerkhof,1130602,RC Sporting Charleroi,2898,3,4,6.78,3.1,2.9,35,11,35,27,56,5,1,2117,30,keyPasses,BEL,2025-2026,datafc_sofascore,2026-08-09T08:07:33.988763
38,77040,Jakob Napoleon Romsaas,1198306,RC Sporting Charleroi,2898,2,3,6.72,5.11,2.68,40,15,34,20,27,2,0,1749,37,keyPasses,BEL,2025-2026,datafc_sofascore,2026-08-09T08:07:33.988763
38,77040,Aleksandar Stanković,1153957,Club Brugge KV,2888,6,2,7.09,4.66,4.09,74,25,33,8,39,4,0,3076,39,keyPasses,BEL,2025-2026,datafc_sofascore,2026-08-09T08:07:33.988763
38,77040,Daan Heymans,845344,KRC Genk,2890,10,4,6.98,7.98,2.96,61,25,33,11,50,3,0,2362,31,keyPasses,BEL,2025-2026,datafc_sofascore,2026-08-09T08:07:33.988763
38,77040,Vincent Janssen,339901,Royal Antwerp FC,2889,10,7,6.87,12.99,3.46,91,30,33,21,29,8,0,3088,35,keyPasses,BEL,2025-2026,datafc_sofascore,2026-08-09T08:07:33.988763
38,77040,Joaquin Seys,1395881,Club Brugge KV,2888,2,5,6.81,1.25,3.7,16,4,33,11,56,3,0,2976,39,keyPasses,BEL,2025-2026,datafc_sofascore,2026-08-09T08:07:33.988763
38,77040,Daam Foulon,826170,Royal Antwerp FC,2889,0,4,6.78,0.68,3.5,13,4,33,10,56,5,2,2290,33,keyPasses,BEL,2025-2026,datafc_sofascore,2026-08-09T08:07:33.988763
38,77040,Abdelkahar Kadri,1007528,KAA Gent,2903,2,5,6.89,2.42,2.53,27,9,32,24,43,5,0,2076,33,keyPasses,BEL,2025-2026,datafc_sofascore,2026-08-09T08:07:33.988763
38,77040,Thomas Claes,1188173,SV Zulte Waregem,2933,2,1,6.85,2.45,3.5,50,16,32,19,52,3,0,2784,34,keyPasses,BEL,2025-2026,datafc_sofascore,2026-08-09T08:07:33.988763
38,77040,Isa Sakamoto,1126245,KVC Westerlo,2893,6,4,6.67,7.98,2.85,66,21,32,62,43,1,0,3021,38,keyPasses,BEL,2025-2026,datafc_sofascore,2026-08-09T08:07:33.988763
38,77040,Yassine Titraoui,1094538,RC Sporting Charleroi,2898,5,1,7.23,2.9,3.78,53,20,31,26,58,7,0,2904,35,keyPasses,BEL,2025-2026,datafc_sofascore,2026-08-09T08:07:33.988763
38,77040,Yari Verschaeren,901898,RSC Anderlecht,2900,1,3,6.71,2.03,2.5,24,6,31,12,19,1,0,1408,28,keyPasses,BEL,2025-2026,datafc_sofascore,2026-08-09T08:07:33.988763
38,77040,Nacho Ferri,1196903,KVC Westerlo,2893,11,2,7.04,16.2,2.4,101,42,30,22,27,7,0,2910,36,keyPasses,BEL,2025-2026,datafc_sofascore,2026-08-09T08:07:33.988763
38,77040,Keisuke Goto,1391315,Sint-Truidense VV,2895,11,7,6.77,13.43,4.3,62,25,30,7,41,5,0,2885,38,keyPasses,BEL,2025-2026,datafc_sofascore,2026-08-09T08:07:33.988763
38,77040,Anthony Valencia,1020197,Royal Antwerp FC,2889,4,2,6.95,3.57,2.73,29,12,29,36,27,3,0,1332,23,keyPasses,BEL,2025-2026,datafc_sofascore,2026-08-09T08:07:33.988763
38,77040,Ludwig Augustinsson,138546,RSC Anderlecht,2900,0,3,6.89,1.0,3.93,21,3,29,2,44,4,0,2082,27,keyPasses,BEL,2025-2026,datafc_sofascore,2026-08-09T08:07:33.988763
38,77040,Nolan Gillot,2425212,RAAL La Louvière,368506,2,4,6.88,1.93,3.66,30,9,29,16,31,0,0,1297,21,keyPasses,BEL,2025-2026,datafc_sofascore,2026-08-09T08:07:33.988763
38,77040,Antoine Bernier,834261,RC Sporting Charleroi,2898,7,2,6.86,4.84,2.76,41,16,29,32,46,7,0,2379,38,keyPasses,BEL,2025-2026,datafc_sofascore,2026-08-09T08:07:33.988763
38,77040,Rafiki Saïd,1047321,Standard Liège,2901,8,4,7.07,10.2,4.41,90,32,28,69,30,4,0,2756,37,keyPasses,BEL,2025-2026,datafc_sofascore,2026-08-09T08:07:33.988763
38,77040,Arbnor Muja,890695,Sint-Truidense VV,2895,6,2,6.91,5.76,4.41,43,16,28,21,24,3,1,1855,26,keyPasses,BEL,2025-2026,datafc_sofascore,2026-08-09T08:07:33.988763
38,77040,Nathan De Cat,1637689,RSC Anderlecht,2900,2,4,6.75,1.79,2.28,30,6,28,21,60,8,0,2739,36,keyPasses,BEL,2025-2026,datafc_sofascore,2026-08-09T08:07:33.988763
38,77040,Christopher Scott,997118,Royal Antwerp FC,2889,6,2,6.99,4.76,2.76,43,17,27,17,57,3,0,2206,31,keyPasses,BEL,2025-2026,datafc_sofascore,2026-08-09T08:07:33.988763
38,77040,Louis Patris,923972,Royale Union Saint-Gilloise,4860,0,2,6.89,1.84,2.88,13,6,27,11,57,2,0,1450,34,keyPasses,BEL,2025-2026,datafc_sofascore,2026-08-09T08:07:33.988763
38,77040,Thibo Somers,1002804,Royal Antwerp FC,2889,4,2,6.88,5.33,4.11,36,16,27,3,74,3,0,2434,32,keyPasses,BEL,2025-2026,datafc_sofascore,2026-08-09T08:07:33.988763
38,77040,Malcolm Viltard,1092285,FCV Dender,389232,1,1,6.88,0.41,2.6,15,4,27,17,70,6,1,2721,36,keyPasses,BEL,2025-2026,datafc_sofascore,2026-08-09T08:07:33.988763
38,77040,Wilfried Kanga,838640,KAA Gent,2903,12,4,6.71,15.13,1.71,90,37,27,8,8,4,0,2836,36,keyPasses,BEL,2025-2026,datafc_sofascore,2026-08-09T08:07:33.988763
38,77040,Dennis Praet,135647,Royal Antwerp FC,2889,0,0,6.92,0.62,2.25,16,3,26,10,64,3,1,2525,31,keyPasses,BEL,2025-2026,datafc_sofascore,2026-08-09T08:07:33.988763
38,77040,Thibaud Verlinden,826172,Oud-Heverlee Leuven,2918,2,4,6.92,0.59,4.03,20,10,26,21,24,4,0,1463,26,keyPasses,BEL,2025-2026,datafc_sofascore,2026-08-09T08:07:33.988763
38,77040,Atsuki Ito,1034816,KAA Gent,2903,4,3,6.88,4.25,2.25,37,13,26,14,39,3,0,2184,30,keyPasses,BEL,2025-2026,datafc_sofascore,2026-08-09T08:07:33.988763
38,77040,Nathan-Dylan Saliba,1093229,RSC Anderlecht,2900,3,1,6.86,3.27,2.58,59,15,26,19,75,12,1,2319,34,keyPasses,BEL,2025-2026,datafc_sofascore,2026-08-09T08:07:33.988763
38,77040,Gyrano Kerk,386950,Royal Antwerp FC,2889,3,4,6.77,4.85,3.05,50,17,26,35,34,4,0,2095,27,keyPasses,BEL,2025-2026,datafc_sofascore,2026-08-09T08:07:33.988763
38,77040,Josimar Alcócer,1131598,KVC Westerlo,2893,3,4,6.63,3.61,2.38,54,24,26,47,51,6,0,2722,35,keyPasses,BEL,2025-2026,datafc_sofascore,2026-08-09T08:07:33.988763
38,77040,Lewin Blum,966670,RC Sporting Charleroi,2898,0,1,6.76,1.14,2.5,8,2,25,5,49,7,0,1784,32,keyPasses,BEL,2025-2026,datafc_sofascore,2026-08-09T08:07:33.988763
38,77040,Bruny Nsimba,1047536,FCV Dender,389232,9,4,6.8,10.1,3.3,60,22,24,20,17,3,0,1905,30,keyPasses,BEL,2025-2026,datafc_sofascore,2026-08-09T08:07:33.988763
38,77040,Kyriani Sabbe,1101258,Club Brugge KV,2888,3,3,6.94,1.71,3.84,18,9,23,8,43,2,0,1658,27,keyPasses,BEL,2025-2026,datafc_sofascore,2026-08-09T08:07:33.988763
38,77040,Ilay Camara,1397747,RSC Anderlecht,2900,2,1,6.56,1.17,2.75,15,7,23,11,19,1,0,1310,25,keyPasses,BEL,2025-2026,datafc_sofascore,2026-08-09T08:07:33.988763
38,77040,Brandon Mechele,248331,Club Brugge KV,2888,5,2,7.29,3.46,1.49,33,14,22,5,77,4,0,3435,39,keyPasses,BEL,2025-2026,datafc_sofascore,2026-08-09T08:07:33.988763
38,77040,Besfort Zeneli,1173223,Royale Union Saint-Gilloise,4860,3,6,7.13,2.06,3.52,16,8,22,7,8,0,0,774,15,keyPasses,BEL,2025-2026,datafc_sofascore,2026-08-09T08:07:33.988763
38,77040,Hugo Vetlesen,877236,Club Brugge KV,2888,5,6,6.87,4.89,3.32,36,14,22,12,25,5,0,1315,25,keyPasses,BEL,2025-2026,datafc_sofascore,2026-08-09T08:07:33.988763
38,77040,Matisse Samoise,1046245,KAA Gent,2903,2,2,6.76,1.28,1.47,8,4,22,9,27,5,0,1379,18,keyPasses,BEL,2025-2026,datafc_sofascore,2026-08-09T08:07:33.988763
38,77040,Steve Ngoura,1394411,Cercle Brugge,2929,7,4,6.67,9.75,2.31,71,23,22,27,9,2,0,2097,34,keyPasses,BEL,2025-2026,datafc_sofascore,2026-08-09T08:07:33.988763
38,77040,Tristan Degreef,1436187,RSC Anderlecht,2900,4,2,6.65,2.62,1.63,39,15,22,15,49,3,1,1891,34,keyPasses,BEL,2025-2026,datafc_sofascore,2026-08-09T08:07:33.988763
38,77040,Oumar Diakité,1188191,Cercle Brugge,2929,7,0,6.63,7.36,1.43,39,18,22,23,14,4,1,1429,25,keyPasses,BEL,2025-2026,datafc_sofascore,2026-08-09T08:07:33.988763
38,77040,Sory Kaba,869131,Oud-Heverlee Leuven,2918,6,2,6.59,5.38,1.57,41,12,22,12,11,6,0,1595,30,keyPasses,BEL,2025-2026,datafc_sofascore,2026-08-09T08:07:33.988763
38,77040,Ross Sykes,845558,Royale Union Saint-Gilloise,4860,5,0,7.28,3.78,2.34,56,25,21,6,40,9,0,2629,32,keyPasses,BEL,2025-2026,datafc_sofascore,2026-08-09T08:07:33.988763
38,77040,Farouck Adekami,1920581,Royal Antwerp FC,2889,2,2,6.9,2.95,1.76,35,16,21,38,23,7,0,1140,21,keyPasses,BEL,2025-2026,datafc_sofascore,2026-08-09T08:07:33.988763
38,77040,Marco Ilaimaharitra,358198,Standard Liège,2901,3,0,6.85,3.44,1.16,14,6,21,8,48,10,1,2445,31,keyPasses,BEL,2025-2026,datafc_sofascore,2026-08-09T08:07:33.988763
38,77040,Henok Teklab,940558,Oud-Heverlee Leuven,2918,3,0,6.84,2.46,1.96,23,8,21,12,51,4,0,1638,25,keyPasses,BEL,2025-2026,datafc_sofascore,2026-08-09T08:07:33.988763
38,77040,Mardochee Nzita,990726,RC Sporting Charleroi,2898,0,2,6.77,1.02,3.04,12,3,21,18,65,3,1,3007,38,keyPasses,BEL,2025-2026,datafc_sofascore,2026-08-09T08:07:33.988763
38,77040,Mathias Rasmussen,834244,Royale Union Saint-Gilloise,4860,2,1,7.13,0.52,1.02,10,3,20,7,25,1,0,720,16,keyPasses,BEL,2025-2026,datafc_sofascore,2026-08-09T08:07:33.988763
38,77040,Emin Bayram,997153,KVC Westerlo,2893,4,2,7.06,4.39,2.88,41,13,20,15,44,4,2,3322,38,keyPasses,BEL,2025-2026,datafc_sofascore,2026-08-09T08:07:33.988763
38,77040,Joris Kayembe,354046,KRC Genk,2890,0,1,6.96,0.47,1.64,13,2,20,27,48,5,0,2111,28,keyPasses,BEL,2025-2026,datafc_sofascore,2026-08-09T08:07:33.988763
38,77040,Christos Tzolis,1031259,Club Brugge KV,2888,17,23,7.71,17.4,15.94,123,44,135,40,29,6,0,3072,36,keyPasses,BEL,2025-2026,datafc_sofascore,2026-08-09T08:07:33.988763
38,77040,Ryotaro Ito,831697,Sint-Truidense VV,2895,10,5,7.28,8.51,8.81,73,27,102,19,20,1,0,2838,35,keyPasses,BEL,2025-2026,datafc_sofascore,2026-08-09T08:07:33.988763
38,77040,Doğucan Haspolat,846087,KVC Westerlo,2893,1,4,7.18,2.52,7.83,46,10,86,19,82,7,0,3395,38,keyPasses,BEL,2025-2026,datafc_sofascore,2026-08-09T08:07:33.988763
38,77040,Thorgan Hazard,94286,RSC Anderlecht,2900,13,7,7.04,11.91,8.06,74,31,78,38,38,6,1,2722,36,keyPasses,BEL,2025-2026,datafc_sofascore,2026-08-09T08:07:33.988763
38,77040,Gary Magnee,990265,Cercle Brugge,2929,4,7,6.93,5.4,6.75,31,10,74,20,72,4,0,2889,34,keyPasses,BEL,2025-2026,datafc_sofascore,2026-08-09T08:07:33.988763
38,77040,Konstantinos Karetsas,1468744,KRC Genk,2890,0,10,6.91,4.62,7.63,68,27,68,59,30,3,0,2247,34,keyPasses,BEL,2025-2026,datafc_sofascore,2026-08-09T08:07:33.988763
38,77040,Hans Vanaken,118085,Club Brugge KV,2888,7,3,7.45,8.38,8.0,58,21,67,15,38,2,0,3366,39,keyPasses,BEL,2025-2026,datafc_sofascore,2026-08-09T08:07:33.988763
38,77040,Patrick Pflücke,281283,RC Sporting Charleroi,2898,4,8,6.97,5.54,8.28,63,22,67,9,22,0,0,2670,41,keyPasses,BEL,2025-2026,datafc_sofascore,2026-08-09T08:07:33.988763
38,77040,Michał Skóraś,942479,KAA Gent,2903,2,7,7.06,3.87,6.79,43,10,65,37,49,6,1,2697,34,keyPasses,BEL,2025-2026,datafc_sofascore,2026-08-09T08:07:33.988763
38,77040,Youssef Maziz,862821,Oud-Heverlee Leuven,2918,3,4,6.96,4.34,6.75,49,12,63,13,25,6,0,2096,36,keyPasses,BEL,2025-2026,datafc_sofascore,2026-08-09T08:07:33.988763
38,77040,Anan Khalaili,1403362,Royale Union Saint-Gilloise,4860,3,5,7.22,3.34,7.52,38,13,62,49,69,7,0,3099,38,keyPasses,BEL,2025-2026,datafc_sofascore,2026-08-09T08:07:33.988763
38,77040,Rihito Yamamoto,1030211,Sint-Truidense VV,2895,5,6,7.08,5.87,6.27,51,16,62,21,75,6,0,3290,38,keyPasses,BEL,2025-2026,datafc_sofascore,2026-08-09T08:07:33.988763
38,77040,Anouar Ait El Hadj,964764,Royale Union Saint-Gilloise,4860,2,5,6.9,5.0,7.38,42,13,62,13,29,2,0,2660,38,keyPasses,BEL,2025-2026,datafc_sofascore,2026-08-09T08:07:33.988763
38,77040,Carlos Forbs,1069486,Club Brugge KV,2888,8,8,7.17,6.18,8.55,57,21,61,52,40,4,0,2816,37,keyPasses,BEL,2025-2026,datafc_sofascore,2026-08-09T08:07:33.988763
38,77040,Anosike Ementa,1094132,SV Zulte Waregem,2933,4,8,6.9,7.37,3.77,41,18,61,40,20,5,0,2616,32,keyPasses,BEL,2025-2026,datafc_sofascore,2026-08-09T08:07:33.988763
38,77040,Nazinho,1006113,Cercle Brugge,2929,3,7,7.07,0.91,7.69,27,8,59,24,73,13,0,2554,30,keyPasses,BEL,2025-2026,datafc_sofascore,2026-08-09T08:07:33.988763
38,77040,Myron Van Brederode,1012925,KV Mechelen,5044,9,5,7.1,5.95,5.55,41,17,57,49,34,2,0,2840,34,keyPasses,BEL,2025-2026,datafc_sofascore,2026-08-09T08:07:33.988763
38,77040,Tiago Araújo,997024,KAA Gent,2903,1,4,6.94,0.83,6.33,21,4,57,20,39,9,0,2820,35,keyPasses,BEL,2025-2026,datafc_sofascore,2026-08-09T08:07:33.988763
38,77040,Jarne Steuckers,1099462,KRC Genk,2890,0,6,6.96,2.06,6.27,30,8,54,15,9,1,0,1504,30,keyPasses,BEL,2025-2026,datafc_sofascore,2026-08-09T08:07:33.988763
38,77040,Parfait Guiagon,1030459,RC Sporting Charleroi,2898,9,5,7.08,7.78,5.5,80,22,52,73,30,6,0,2555,33,keyPasses,BEL,2025-2026,datafc_sofascore,2026-08-09T08:07:33.988763
38,77040,Rob Schoofs,133164,Royale Union Saint-Gilloise,4860,4,5,6.89,3.11,5.5,42,11,52,7,27,4,0,2013,36,keyPasses,BEL,2025-2026,datafc_sofascore,2026-08-09T08:07:33.988763
38,77040,Junya Ito,783278,KRC Genk,2890,6,5,7.09,3.79,5.63,36,16,51,24,37,4,0,1785,28,keyPasses,BEL,2025-2026,datafc_sofascore,2026-08-09T08:07:33.988763
38,77040,Bryan Heynen,801025,KRC Genk,2890,4,1,7.31,4.75,4.68,48,11,49,22,99,5,0,3603,40,keyPasses,BEL,2025-2026,datafc_sofascore,2026-08-09T08:07:33.988763
38,77040,Zakaria El Ouahdi,1134470,KRC Genk,2890,8,4,7.07,4.96,4.37,70,24,49,36,42,4,0,2996,34,keyPasses,BEL,2025-2026,datafc_sofascore,2026-08-09T08:07:33.988763
38,77040,Nilson Angulo,1116571,RSC Anderlecht,2900,6,5,7.26,3.77,4.47,33,16,46,44,62,2,1,1902,22,keyPasses,BEL,2025-2026,datafc_sofascore,2026-08-09T08:07:33.988763
38,77040,Edan Diop,1390575,Cercle Brugge,2929,7,3,6.99,6.96,5.33,53,22,46,43,52,7,0,2607,33,keyPasses,BEL,2025-2026,datafc_sofascore,2026-08-09T08:07:33.988763
38,77040,Joseph Opoku,1922407,SV Zulte Waregem,2933,10,6,6.91,10.15,3.62,69,25,46,37,16,2,0,2458,33,keyPasses,BEL,2025-2026,datafc_sofascore,2026-08-09T08:07:33.988763
38,77040,Adnane Abid,1127801,Standard Liège,2901,2,5,6.92,2.21,4.2,22,11,44,37,40,5,1,2114,34,keyPasses,BEL,2025-2026,datafc_sofascore,2026-08-09T08:07:33.988763
38,77040,Tobias Mohr,237048,Standard Liège,2901,2,2,6.91,1.09,5.42,25,5,44,20,50,5,0,2310,38,keyPasses,BEL,2025-2026,datafc_sofascore,2026-08-09T08:07:33.988763
38,77040,Arthur Piedfort,1149123,KVC Westerlo,2893,3,2,7.07,1.9,3.11,23,7,43,25,86,5,0,2989,36,keyPasses,BEL,2025-2026,datafc_sofascore,2026-08-09T08:07:33.988763
38,77040,Jeppe Erenbjerg,1035095,SV Zulte Waregem,2933,13,3,7.12,10.16,5.5,88,32,41,24,24,2,0,2787,35,keyPasses,BEL,2025-2026,datafc_sofascore,2026-08-09T08:07:33.988763
38,77040,Fabio Ferraro,1145225,FCV Dender,389232,1,3,6.62,2.28,3.94,30,12,41,31,53,5,0,2531,29,keyPasses,BEL,2025-2026,datafc_sofascore,2026-08-09T08:07:33.988763
38,77040,Adem Zorgane,1000472,Royale Union Saint-Gilloise,4860,4,5,7.04,2.44,6.23,28,12,40,19,64,7,0,2968,37,keyPasses,BEL,2025-2026,datafc_sofascore,2026-08-09T08:07:33.988763
38,77040,Jordi Liongola,1009413,RAAL La Louvière,368506,2,6,6.93,3.28,4.29,29,6,40,27,57,10,0,2618,31,keyPasses,BEL,2025-2026,datafc_sofascore,2026-08-09T08:07:33.988763
38,77040,Pieter Gerkens,190401,Cercle Brugge,2929,6,1,6.85,5.58,3.44,41,16,40,7,38,1,0,2840,35,keyPasses,BEL,2025-2026,datafc_sofascore,2026-08-09T08:07:33.988763
38,77040,Roman Kvet,858926,FCV Dender,389232,5,0,6.73,4.44,3.29,38,12,39,24,34,5,0,2676,34,keyPasses,BEL,2025-2026,datafc_sofascore,2026-08-09T08:07:33.988763
38,77040,Hugo Siquet,983041,Club Brugge KV,2888,0,2,7.0,0.75,3.62,16,2,38,4,31,2,0,1332,31,keyPasses,BEL,2025-2026,datafc_sofascore,2026-08-09T08:07:33.988763
38,77040,Nicolò Tresoldi,1177167,Club Brugge KV,2888,19,5,6.99,16.6,3.73,101,39,38,19,29,1,0,2507,40,keyPasses,BEL,2025-2026,datafc_sofascore,2026-08-09T08:07:33.988763
38,77040,Aurélien Scheidler,915567,RC Sporting Charleroi,2898,9,4,6.81,12.47,2.75,71,28,38,10,8,3,0,3266,40,keyPasses,BEL,2025-2026,datafc_sofascore,2026-08-09T08:07:33.988763
38,77040,Bryan Goncalves,775019,FCV Dender,389232,1,2,6.79,1.13,3.58,12,5,38,10,42,5,0,2293,28,keyPasses,BEL,2025-2026,datafc_sofascore,2026-08-09T08:07:33.988763
38,77040,Siebe Schrijvers,190413,Oud-Heverlee Leuven,2918,3,4,7.0,5.03,3.45,29,4,37,12,62,6,0,2121,30,keyPasses,BEL,2025-2026,datafc_sofascore,2026-08-09T08:07:33.988763
38,77040,Allahyar Sayyadmanesh,905474,KVC Westerlo,2893,7,3,6.89,7.15,4.43,48,15,37,33,35,5,0,2241,30,keyPasses,BEL,2025-2026,datafc_sofascore,2026-08-09T08:07:33.988763
38,77040,Bryan Reynolds,862075,KVC Westerlo,2893,2,3,6.77,2.75,4.35,22,8,37,37,53,8,0,3494,39,keyPasses,BEL,2025-2026,datafc_sofascore,2026-08-09T08:07:33.988763
38,77040,Ilias Sebaoui,1154586,Sint-Truidense VV,2895,5,5,6.81,8.33,5.21,93,27,36,43,46,3,0,3272,40,keyPasses,BEL,2025-2026,datafc_sofascore,2026-08-09T08:07:33.988763
38,77040,Robert-Jan Vanwesemael,1047164,Sint-Truidense VV,2895,1,1,6.75,1.87,4.8,33,8,36,30,70,11,0,3077,37,keyPasses,BEL,2025-2026,datafc_sofascore,2026-08-09T08:07:33.988763
38,77040,Mathis Servais,1093876,KV Mechelen,5044,2,4,6.98,2.95,5.07,41,11,35,11,48,5,0,2796,32,keyPasses,BEL,2025-2026,datafc_sofascore,2026-08-09T08:07:33.988763
38,77040,Thérence Koudou,1392080,KV Mechelen,5044,5,2,6.85,1.64,4.81,25,8,35,38,31,5,0,3060,37,keyPasses,BEL,2025-2026,datafc_sofascore,2026-08-09T08:07:33.988763
38,77040,Łukasz Łakomy,1001201,Oud-Heverlee Leuven,2918,3,3,6.82,1.56,3.17,32,12,35,13,44,6,0,2123,32,keyPasses,BEL,2025-2026,datafc_sofascore,2026-08-09T08:07:33.988763
38,77040,Kevin Van Den Kerkhof,1130602,RC Sporting Charleroi,2898,3,4,6.78,3.1,2.9,35,11,35,27,56,5,1,2117,30,keyPasses,BEL,2025-2026,datafc_sofascore,2026-08-09T08:07:33.988763
38,77040,Jakob Napoleon Romsaas,1198306,RC Sporting Charleroi,2898,2,3,6.72,5.11,2.68,40,15,34,20,27,2,0,1749,37,keyPasses,BEL,2025-2026,datafc_sofascore,2026-08-09T08:07:33.988763
38,77040,Aleksandar Stanković,1153957,Club Brugge KV,2888,6,2,7.09,4.66,4.09,74,25,33,8,39,4,0,3076,39,keyPasses,BEL,2025-2026,datafc_sofascore,2026-08-09T08:07:33.988763
38,77040,Daan Heymans,845344,KRC Genk,2890,10,4,6.98,7.98,2.96,61,25,33,11,50,3,0,2362,31,keyPasses,BEL,2025-2026,datafc_sofascore,2026-08-09T08:07:33.988763
38,77040,Vincent Janssen,339901,Royal Antwerp FC,2889,10,7,6.87,12.99,3.46,91,30,33,21,29,8,0,3088,35,keyPasses,BEL,2025-2026,datafc_sofascore,2026-08-09T08:07:33.988763
38,77040,Joaquin Seys,1395881,Club Brugge KV,2888,2,5,6.81,1.25,3.7,16,4,33,11,56,3,0,2976,39,keyPasses,BEL,2025-2026,datafc_sofascore,2026-08-09T08:07:33.988763
38,77040,Daam Foulon,826170,Royal Antwerp FC,2889,0,4,6.78,0.68,3.5,13,4,33,10,56,5,2,2290,33,keyPasses,BEL,2025-2026,datafc_sofascore,2026-08-09T08:07:33.988763
38,77040,Abdelkahar Kadri,1007528,KAA Gent,2903,2,5,6.89,2.42,2.53,27,9,32,24,43,5,0,2076,33,keyPasses,BEL,2025-2026,datafc_sofascore,2026-08-09T08:07:33.988763
38,77040,Thomas Claes,1188173,SV Zulte Waregem,2933,2,1,6.85,2.45,3.5,50,16,32,19,52,3,0,2784,34,keyPasses,BEL,2025-2026,datafc_sofascore,2026-08-09T08:07:33.988763
38,77040,Isa Sakamoto,1126245,KVC Westerlo,2893,6,4,6.67,7.98,2.85,66,21,32,62,43,1,0,3021,38,keyPasses,BEL,2025-2026,datafc_sofascore,2026-08-09T08:07:33.988763
38,77040,Yassine Titraoui,1094538,RC Sporting Charleroi,2898,5,1,7.23,2.9,3.78,53,20,31,26,58,7,0,2904,35,keyPasses,BEL,2025-2026,datafc_sofascore,2026-08-09T08:07:33.988763
38,77040,Yari Verschaeren,901898,RSC Anderlecht,2900,1,3,6.71,2.03,2.5,24,6,31,12,19,1,0,1408,28,keyPasses,BEL,2025-2026,datafc_sofascore,2026-08-09T08:07:33.988763
38,77040,Nacho Ferri,1196903,KVC Westerlo,2893,11,2,7.04,16.2,2.4,101,42,30,22,27,7,0,2910,36,keyPasses,BEL,2025-2026,datafc_sofascore,2026-08-09T08:07:33.988763
38,77040,Keisuke Goto,1391315,Sint-Truidense VV,2895,11,7,6.77,13.43,4.3,62,25,30,7,41,5,0,2885,38,keyPasses,BEL,2025-2026,datafc_sofascore,2026-08-09T08:07:33.988763
38,77040,Anthony Valencia,1020197,Royal Antwerp FC,2889,4,2,6.95,3.57,2.73,29,12,29,36,27,3,0,1332,23,keyPasses,BEL,2025-2026,datafc_sofascore,2026-08-09T08:07:33.988763
38,77040,Ludwig Augustinsson,138546,RSC Anderlecht,2900,0,3,6.89,1.0,3.93,21,3,29,2,44,4,0,2082,27,keyPasses,BEL,2025-2026,datafc_sofascore,2026-08-09T08:07:33.988763
38,77040,Nolan Gillot,2425212,RAAL La Louvière,368506,2,4,6.88,1.93,3.66,30,9,29,16,31,0,0,1297,21,keyPasses,BEL,2025-2026,datafc_sofascore,2026-08-09T08:07:33.988763
38,77040,Antoine Bernier,834261,RC Sporting Charleroi,2898,7,2,6.86,4.84,2.76,41,16,29,32,46,7,0,2379,38,keyPasses,BEL,2025-2026,datafc_sofascore,2026-08-09T08:07:33.988763
38,77040,Rafiki Saïd,1047321,Standard Liège,2901,8,4,7.07,10.2,4.41,90,32,28,69,30,4,0,2756,37,keyPasses,BEL,2025-2026,datafc_sofascore,2026-08-09T08:07:33.988763
38,77040,Arbnor Muja,890695,Sint-Truidense VV,2895,6,2,6.91,5.76,4.41,43,16,28,21,24,3,1,1855,26,keyPasses,BEL,2025-2026,datafc_sofascore,2026-08-09T08:07:33.988763
38,77040,Nathan De Cat,1637689,RSC Anderlecht,2900,2,4,6.75,1.79,2.28,30,6,28,21,60,8,0,2739,36,keyPasses,BEL,2025-2026,datafc_sofascore,2026-08-09T08:07:33.988763
38,77040,Christopher Scott,997118,Royal Antwerp FC,2889,6,2,6.99,4.76,2.76,43,17,27,17,57,3,0,2206,31,keyPasses,BEL,2025-2026,datafc_sofascore,2026-08-09T08:07:33.988763
38,77040,Louis Patris,923972,Royale Union Saint-Gilloise,4860,0,2,6.89,1.84,2.88,13,6,27,11,57,2,0,1450,34,keyPasses,BEL,2025-2026,datafc_sofascore,2026-08-09T08:07:33.988763
38,77040,Thibo Somers,1002804,Royal Antwerp FC,2889,4,2,6.88,5.33,4.11,36,16,27,3,74,3,0,2434,32,keyPasses,BEL,2025-2026,datafc_sofascore,2026-08-09T08:07:33.988763
38,77040,Malcolm Viltard,1092285,FCV Dender,389232,1,1,6.88,0.41,2.6,15,4,27,17,70,6,1,2721,36,keyPasses,BEL,2025-2026,datafc_sofascore,2026-08-09T08:07:33.988763
38,77040,Wilfried Kanga,838640,KAA Gent,2903,12,4,6.71,15.13,1.71,90,37,27,8,8,4,0,2836,36,keyPasses,BEL,2025-2026,datafc_sofascore,2026-08-09T08:07:33.988763
38,77040,Dennis Praet,135647,Royal Antwerp FC,2889,0,0,6.92,0.62,2.25,16,3,26,10,64,3,1,2525,31,keyPasses,BEL,2025-2026,datafc_sofascore,2026-08-09T08:07:33.988763
38,77040,Thibaud Verlinden,826172,Oud-Heverlee Leuven,2918,2,4,6.92,0.59,4.03,20,10,26,21,24,4,0,1463,26,keyPasses,BEL,2025-2026,datafc_sofascore,2026-08-09T08:07:33.988763
38,77040,Atsuki Ito,1034816,KAA Gent,2903,4,3,6.88,4.25,2.25,37,13,26,14,39,3,0,2184,30,keyPasses,BEL,2025-2026,datafc_sofascore,2026-08-09T08:07:33.988763
38,77040,Nathan-Dylan Saliba,1093229,RSC Anderlecht,2900,3,1,6.86,3.27,2.58,59,15,26,19,75,12,1,2319,34,keyPasses,BEL,2025-2026,datafc_sofascore,2026-08-09T08:07:33.988763
38,77040,Gyrano Kerk,386950,Royal Antwerp FC,2889,3,4,6.77,4.85,3.05,50,17,26,35,34,4,0,2095,27,keyPasses,BEL,2025-2026,datafc_sofascore,2026-08-09T08:07:33.988763
38,77040,Josimar Alcócer,1131598,KVC Westerlo,2893,3,4,6.63,3.61,2.38,54,24,26,47,51,6,0,2722,35,keyPasses,BEL,2025-2026,datafc_sofascore,2026-08-09T08:07:33.988763
38,77040,Lewin Blum,966670,RC Sporting Charleroi,2898,0,1,6.76,1.14,2.5,8,2,25,5,49,7,0,1784,32,keyPasses,BEL,2025-2026,datafc_sofascore,2026-08-09T08:07:33.988763
38,77040,Bruny Nsimba,1047536,FCV Dender,389232,9,4,6.8,10.1,3.3,60,22,24,20,17,3,0,1905,30,keyPasses,BEL,2025-2026,datafc_sofascore,2026-08-09T08:07:33.988763
38,77040,Kyriani Sabbe,1101258,Club Brugge KV,2888,3,3,6.94,1.71,3.84,18,9,23,8,43,2,0,1658,27,keyPasses,BEL,2025-2026,datafc_sofascore,2026-08-09T08:07:33.988763
38,77040,Ilay Camara,1397747,RSC Anderlecht,2900,2,1,6.56,1.17,2.75,15,7,23,11,19,1,0,1310,25,keyPasses,BEL,2025-2026,datafc_sofascore,2026-08-09T08:07:33.988763
38,77040,Brandon Mechele,248331,Club Brugge KV,2888,5,2,7.29,3.46,1.49,33,14,22,5,77,4,0,3435,39,keyPasses,BEL,2025-2026,datafc_sofascore,2026-08-09T08:07:33.988763
38,77040,Besfort Zeneli,1173223,Royale Union Saint-Gilloise,4860,3,6,7.13,2.06,3.52,16,8,22,7,8,0,0,774,15,keyPasses,BEL,2025-2026,datafc_sofascore,2026-08-09T08:07:33.988763
38,77040,Hugo Vetlesen,877236,Club Brugge KV,2888,5,6,6.87,4.89,3.32,36,14,22,12,25,5,0,1315,25,keyPasses,BEL,2025-2026,datafc_sofascore,2026-08-09T08:07:33.988763
38,77040,Matisse Samoise,1046245,KAA Gent,2903,2,2,6.76,1.28,1.47,8,4,22,9,27,5,0,1379,18,keyPasses,BEL,2025-2026,datafc_sofascore,2026-08-09T08:07:33.988763
38,77040,Steve Ngoura,1394411,Cercle Brugge,2929,7,4,6.67,9.75,2.31,71,23,22,27,9,2,0,2097,34,keyPasses,BEL,2025-2026,datafc_sofascore,2026-08-09T08:07:33.988763
38,77040,Tristan Degreef,1436187,RSC Anderlecht,2900,4,2,6.65,2.62,1.63,39,15,22,15,49,3,1,1891,34,keyPasses,BEL,2025-2026,datafc_sofascore,2026-08-09T08:07:33.988763
38,77040,Oumar Diakité,1188191,Cercle Brugge,2929,7,0,6.63,7.36,1.43,39,18,22,23,14,4,1,1429,25,keyPasses,BEL,2025-2026,datafc_sofascore,2026-08-09T08:07:33.988763
38,77040,Sory Kaba,869131,Oud-Heverlee Leuven,2918,6,2,6.59,5.38,1.57,41,12,22,12,11,6,0,1595,30,keyPasses,BEL,2025-2026,datafc_sofascore,2026-08-09T08:07:33.988763
38,77040,Ross Sykes,845558,Royale Union Saint-Gilloise,4860,5,0,7.28,3.78,2.34,56,25,21,6,40,9,0,2629,32,keyPasses,BEL,2025-2026,datafc_sofascore,2026-08-09T08:07:33.988763
38,77040,Farouck Adekami,1920581,Royal Antwerp FC,2889,2,2,6.9,2.95,1.76,35,16,21,38,23,7,0,1140,21,keyPasses,BEL,2025-2026,datafc_sofascore,2026-08-09T08:07:33.988763
38,77040,Marco Ilaimaharitra,358198,Standard Liège,2901,3,0,6.85,3.44,1.16,14,6,21,8,48,10,1,2445,31,keyPasses,BEL,2025-2026,datafc_sofascore,2026-08-09T08:07:33.988763
38,77040,Henok Teklab,940558,Oud-Heverlee Leuven,2918,3,0,6.84,2.46,1.96,23,8,21,12,51,4,0,1638,25,keyPasses,BEL,2025-2026,datafc_sofascore,2026-08-09T08:07:33.988763
38,77040,Mardochee Nzita,990726,RC Sporting Charleroi,2898,0,2,6.77,1.02,3.04,12,3,21,18,65,3,1,3007,38,keyPasses,BEL,2025-2026,datafc_sofascore,2026-08-09T08:07:33.988763
38,77040,Mathias Rasmussen,834244,Royale Union Saint-Gilloise,4860,2,1,7.13,0.52,1.02,10,3,20,7,25,1,0,720,16,keyPasses,BEL,2025-2026,datafc_sofascore,2026-08-09T08:07:33.988763
38,77040,Emin Bayram,997153,KVC Westerlo,2893,4,2,7.06,4.39,2.88,41,13,20,15,44,4,2,3322,38,keyPasses,BEL,2025-2026,datafc_sofascore,2026-08-09T08:07:33.988763
38,77040,Joris Kayembe,354046,KRC Genk,2890,0,1,6.96,0.47,1.64,13,2,20,27,48,5,0,2111,28,keyPasses,BEL,2025-2026,datafc_sofascore,2026-08-09T08:07:33.988763
38,77040,Brent Gabriel,861977,SV Zulte Waregem,2933,0,1,7.26,,0.6,0,0,2,1,1,1,0,3240,36,accurateLongBalls,BEL,2025-2026,datafc_sofascore,2026-08-09T08:07:33.988763
38,77040,Marcos Hernán Peano,789394,RAAL La Louvière,368506,0,0,7.37,,0.14,0,0,0,4,4,2,0,3060,34,accurateLongBalls,BEL,2025-2026,datafc_sofascore,2026-08-09T08:07:33.988763
38,77040,Andreas Jungdal,963038,KVC Westerlo,2893,0,0,6.97,,0.15,0,0,3,0,1,3,0,3600,40,accurateLongBalls,BEL,2025-2026,datafc_sofascore,2026-08-09T08:07:33.988763
38,77040,Davy Roef,156663,KAA Gent,2903,0,0,7.25,,0.05,0,0,3,0,1,0,0,3720,41,accurateLongBalls,BEL,2025-2026,datafc_sofascore,2026-08-09T08:07:33.988763
38,77040,Matte Smets,1392905,KRC Genk,2890,0,1,7.15,0.75,2.2,15,0,17,5,70,4,0,3509,39,accurateLongBalls,BEL,2025-2026,datafc_sofascore,2026-08-09T08:07:33.988763
38,77040,Tobe Leysen,996979,Oud-Heverlee Leuven,2918,0,0,6.97,,0.15,0,0,0,0,3,2,0,2859,32,accurateLongBalls,BEL,2025-2026,datafc_sofascore,2026-08-09T08:07:33.988763
38,77040,Colin Coosemans,122399,RSC Anderlecht,2900,0,0,6.98,,0.11,0,0,2,1,0,2,0,3420,38,accurateLongBalls,BEL,2025-2026,datafc_sofascore,2026-08-09T08:07:33.988763
38,77040,Matthieu Epolo,1121943,Standard Liège,2901,0,0,7.32,0.06,0.05,1,0,1,0,1,1,0,2610,29,accurateLongBalls,BEL,2025-2026,datafc_sofascore,2026-08-09T08:07:33.988763
38,77040,Léo Kokubo,997020,Sint-Truidense VV,2895,0,0,7.23,,0.05,0,0,0,0,4,5,0,3420,38,accurateLongBalls,BEL,2025-2026,datafc_sofascore,2026-08-09T08:07:33.988763
38,77040,Taishi Brandon Nozawa,1002358,Royal Antwerp FC,2889,0,0,7.19,,0.11,0,0,3,0,3,1,0,2654,30,accurateLongBalls,BEL,2025-2026,datafc_sofascore,2026-08-09T08:07:33.988763
38,77040,Kjell Scherpen,852394,Royale Union Saint-Gilloise,4860,0,0,7.18,,0.12,0,0,1,0,1,1,0,2835,32,accurateLongBalls,BEL,2025-2026,datafc_sofascore,2026-08-09T08:07:33.988763
38,77040,Nacho Miras,1010556,KV Mechelen,5044,0,0,7.57,,0.03,0,0,0,0,1,2,0,2925,33,accurateLongBalls,BEL,2025-2026,datafc_sofascore,2026-08-09T08:07:33.988763
38,77040,Christian Burgess,303634,Royale Union Saint-Gilloise,4860,2,3,7.31,1.63,1.37,23,8,13,1,53,13,1,3147,35,accurateLongBalls,BEL,2025-2026,datafc_sofascore,2026-08-09T08:07:33.988763
38,77040,Hans Vanaken,118085,Club Brugge KV,2888,7,3,7.45,8.38,8.0,58,21,67,15,38,2,0,3366,39,accurateLongBalls,BEL,2025-2026,datafc_sofascore,2026-08-09T08:07:33.988763
38,77040,Emin Bayram,997153,KVC Westerlo,2893,4,2,7.06,4.39,2.88,41,13,20,15,44,4,2,3322,38,accurateLongBalls,BEL,2025-2026,datafc_sofascore,2026-08-09T08:07:33.988763
38,77040,Bryan Goncalves,775019,FCV Dender,389232,1,2,6.79,1.13,3.58,12,5,38,10,42,5,0,2293,28,accurateLongBalls,BEL,2025-2026,datafc_sofascore,2026-08-09T08:07:33.988763
38,77040,Yassine Titraoui,1094538,RC Sporting Charleroi,2898,5,1,7.23,2.9,3.78,53,20,31,26,58,7,0,2904,35,accurateLongBalls,BEL,2025-2026,datafc_sofascore,2026-08-09T08:07:33.988763
38,77040,Nordin Jackers,361722,Club Brugge KV,2888,0,0,7.06,,0.07,0,0,0,0,1,1,0,1801,21,accurateLongBalls,BEL,2025-2026,datafc_sofascore,2026-08-09T08:07:33.988763
38,77040,Aiham Ousou,965265,RC Sporting Charleroi,2898,2,1,6.95,3.22,1.58,34,10,11,5,53,12,1,3395,39,accurateLongBalls,BEL,2025-2026,datafc_sofascore,2026-08-09T08:07:33.988763
38,77040,Shogo Taniguchi,386958,Sint-Truidense VV,2895,1,1,7.07,1.07,1.31,14,2,10,2,43,4,0,2963,38,accurateLongBalls,BEL,2025-2026,datafc_sofascore,2026-08-09T08:07:33.988763
38,77040,Yllan Okou,1167514,RAAL La Louvière,368506,1,0,6.96,0.73,1.05,11,3,12,2,36,6,0,2731,33,accurateLongBalls,BEL,2025-2026,datafc_sofascore,2026-08-09T08:07:33.988763
38,77040,Martin Delavallée,1141106,RC Sporting Charleroi,2898,0,0,6.84,0.04,0.05,1,0,0,0,0,0,0,1890,21,accurateLongBalls,BEL,2025-2026,datafc_sofascore,2026-08-09T08:07:33.988763
38,77040,Brandon Mechele,248331,Club Brugge KV,2888,5,2,7.29,3.46,1.49,33,14,22,5,77,4,0,3435,39,accurateLongBalls,BEL,2025-2026,datafc_sofascore,2026-08-09T08:07:33.988763
38,77040,Visar Musliu,134231,Sint-Truidense VV,2895,0,0,7.12,1.16,0.58,17,3,4,6,39,4,0,2519,30,accurateLongBalls,BEL,2025-2026,datafc_sofascore,2026-08-09T08:07:33.988763
38,77040,Bryan Heynen,801025,KRC Genk,2890,4,1,7.31,4.75,4.68,48,11,49,22,99,5,0,3603,40,accurateLongBalls,BEL,2025-2026,datafc_sofascore,2026-08-09T08:07:33.988763
38,77040,Zeno Van Den Bosch,1103765,Royal Antwerp FC,2889,0,1,6.91,0.97,1.34,13,6,15,4,57,6,1,3071,35,accurateLongBalls,BEL,2025-2026,datafc_sofascore,2026-08-09T08:07:33.988763
38,77040,Ross Sykes,845558,Royale Union Saint-Gilloise,4860,5,0,7.28,3.78,2.34,56,25,21,6,40,9,0,2629,32,accurateLongBalls,BEL,2025-2026,datafc_sofascore,2026-08-09T08:07:33.988763
38,77040,Mohamed Koné,1131009,RC Sporting Charleroi,2898,0,0,7.22,,0.03,0,0,0,0,1,2,0,1710,19,accurateLongBalls,BEL,2025-2026,datafc_sofascore,2026-08-09T08:07:33.988763
38,77040,Tiago Araújo,997024,KAA Gent,2903,1,4,6.94,0.83,6.33,21,4,57,20,39,9,0,2820,35,accurateLongBalls,BEL,2025-2026,datafc_sofascore,2026-08-09T08:07:33.988763
38,77040,Aleksandar Stanković,1153957,Club Brugge KV,2888,6,2,7.09,4.66,4.09,74,25,33,8,39,4,0,3076,39,accurateLongBalls,BEL,2025-2026,datafc_sofascore,2026-08-09T08:07:33.988763
38,77040,Ewoud Pletinckx,949101,Oud-Heverlee Leuven,2918,3,0,6.74,2.91,1.14,35,12,14,6,55,4,0,3538,40,accurateLongBalls,BEL,2025-2026,datafc_sofascore,2026-08-09T08:07:33.988763
38,77040,Luc Marijnissen,1086107,FCV Dender,389232,1,0,6.73,1.59,1.25,16,6,11,13,84,7,0,3225,37,accurateLongBalls,BEL,2025-2026,datafc_sofascore,2026-08-09T08:07:33.988763
38,77040,Doğucan Haspolat,846087,KVC Westerlo,2893,1,4,7.18,2.52,7.83,46,10,86,19,82,7,0,3395,38,accurateLongBalls,BEL,2025-2026,datafc_sofascore,2026-08-09T08:07:33.988763
38,77040,Noë Dussenne,115569,Oud-Heverlee Leuven,2918,1,0,6.87,1.85,0.68,18,4,11,1,32,6,0,1877,23,accurateLongBalls,BEL,2025-2026,datafc_sofascore,2026-08-09T08:07:33.988763
38,77040,Gary Magnee,990265,Cercle Brugge,2929,4,7,6.93,5.4,6.75,31,10,74,20,72,4,0,2889,34,accurateLongBalls,BEL,2025-2026,datafc_sofascore,2026-08-09T08:07:33.988763
38,77040,Sami Lahssaini,957895,RAAL La Louvière,368506,1,1,6.89,0.41,1.57,13,2,16,20,60,4,0,2770,32,accurateLongBalls,BEL,2025-2026,datafc_sofascore,2026-08-09T08:07:33.988763
38,77040,Anan Khalaili,1403362,Royale Union Saint-Gilloise,4860,3,5,7.22,3.34,7.52,38,13,62,49,69,7,0,3099,38,accurateLongBalls,BEL,2025-2026,datafc_sofascore,2026-08-09T08:07:33.988763
38,77040,Mardochee Nzita,990726,RC Sporting Charleroi,2898,0,2,6.77,1.02,3.04,12,3,21,18,65,3,1,3007,38,accurateLongBalls,BEL,2025-2026,datafc_sofascore,2026-08-09T08:07:33.988763
38,77040,Tobias Lawal,990025,KRC Genk,2890,0,0,6.81,,0.03,0,0,0,1,0,2,0,1620,18,accurateLongBalls,BEL,2025-2026,datafc_sofascore,2026-08-09T08:07:33.988763
38,77040,José Marsà,962625,KV Mechelen,5044,1,2,6.73,1.7,2.1,15,3,12,9,47,4,0,2594,33,accurateLongBalls,BEL,2025-2026,datafc_sofascore,2026-08-09T08:07:33.988763
38,77040,Lucas Pirard,190379,Standard Liège,2901,0,0,7.44,,0.03,0,0,0,1,0,1,0,990,11,accurateLongBalls,BEL,2025-2026,datafc_sofascore,2026-08-09T08:07:33.988763
38,77040,Ryotaro Ito,831697,Sint-Truidense VV,2895,10,5,7.28,8.51,8.81,73,27,102,19,20,1,0,2838,35,accurateLongBalls,BEL,2025-2026,datafc_sofascore,2026-08-09T08:07:33.988763
38,77040,Kevin Mac Allister,895327,Royale Union Saint-Gilloise,4860,1,1,7.14,3.07,2.44,22,5,13,9,112,11,1,2930,34,accurateLongBalls,BEL,2025-2026,datafc_sofascore,2026-08-09T08:07:33.988763
38,77040,Siebe Van Der Heyden,842164,KAA Gent,2903,2,1,6.74,1.64,1.37,25,8,9,3,54,11,0,3075,36,accurateLongBalls,BEL,2025-2026,datafc_sofascore,2026-08-09T08:07:33.988763
38,77040,Warleson,861071,Cercle Brugge,2929,0,0,7.13,,0.03,0,0,0,0,0,2,1,1556,19,accurateLongBalls,BEL,2025-2026,datafc_sofascore,2026-08-09T08:07:33.988763
38,77040,Mathis Servais,1093876,KV Mechelen,5044,2,4,6.98,2.95,5.07,41,11,35,11,48,5,0,2796,32,accurateLongBalls,BEL,2025-2026,datafc_sofascore,2026-08-09T08:07:33.988763
38,77040,Yuto Tsunashima,1470622,Royal Antwerp FC,2889,1,0,6.84,2.15,0.47,12,4,7,6,53,6,0,2740,34,accurateLongBalls,BEL,2025-2026,datafc_sofascore,2026-08-09T08:07:33.988763
38,77040,Maxence Prévot,785520,Oud-Heverlee Leuven,2918,0,0,7.19,,0.02,0,0,0,2,0,1,0,741,9,accurateLongBalls,BEL,2025-2026,datafc_sofascore,2026-08-09T08:07:33.988763
38,77040,Etienne Camara,1097542,RC Sporting Charleroi,2898,2,3,6.83,1.19,1.37,20,7,20,19,94,11,1,3034,38,accurateLongBalls,BEL,2025-2026,datafc_sofascore,2026-08-09T08:07:33.988763
38,77040,Tobias Mohr,237048,Standard Liège,2901,2,2,6.91,1.09,5.42,25,5,44,20,50,5,0,2310,38,accurateLongBalls,BEL,2025-2026,datafc_sofascore,2026-08-09T08:07:33.988763
38,77040,Anton Tanghe,1005175,SV Zulte Waregem,2933,3,0,7.02,2.43,0.92,5,3,8,1,14,2,0,1664,21,accurateLongBalls,BEL,2025-2026,datafc_sofascore,2026-08-09T08:07:33.988763
38,77040,Rein Van Helden,1047163,Royal Antwerp FC,2889,2,0,7.02,2.19,1.08,12,4,13,8,52,2,1,2126,29,accurateLongBalls,BEL,2025-2026,datafc_sofascore,2026-08-09T08:07:33.988763
38,77040,Malcolm Viltard,1092285,FCV Dender,389232,1,1,6.88,0.41,2.6,15,4,27,17,70,6,1,2721,36,accurateLongBalls,BEL,2025-2026,datafc_sofascore,2026-08-09T08:07:33.988763
38,77040,Patrick Pflücke,281283,RC Sporting Charleroi,2898,4,8,6.97,5.54,8.28,63,22,67,9,22,0,0,2670,41,accurateLongBalls,BEL,2025-2026,datafc_sofascore,2026-08-09T08:07:33.988763
38,77040,Adem Zorgane,1000472,Royale Union Saint-Gilloise,4860,4,5,7.04,2.44,6.23,28,12,40,19,64,7,0,2968,37,accurateLongBalls,BEL,2025-2026,datafc_sofascore,2026-08-09T08:07:33.988763
38,77040,Leonardo Lopes,783478,KAA Gent,2903,1,1,6.84,2.1,1.39,18,2,13,15,37,3,0,2464,37,accurateLongBalls,BEL,2025-2026,datafc_sofascore,2026-08-09T08:07:33.988763
38,77040,Guillaume Dietsch,986770,FCV Dender,389232,0,0,6.75,,0.03,0,0,0,0,0,1,0,1194,14,accurateLongBalls,BEL,2025-2026,datafc_sofascore,2026-08-09T08:07:33.988763
38,77040,Jakob Kiilerich,887822,SV Zulte Waregem,2933,0,0,6.74,0.77,0.82,9,2,4,3,27,3,1,2291,29,accurateLongBalls,BEL,2025-2026,datafc_sofascore,2026-08-09T08:07:33.988763
38,77040,Mathias Delorge,1124749,KAA Gent,2903,0,3,7.01,0.27,2.13,9,4,17,2,30,1,0,1383,20,accurateLongBalls,BEL,2025-2026,datafc_sofascore,2026-08-09T08:07:33.988763
38,77040,Matties Volckaert,2213526,KAA Gent,2903,0,0,6.82,0.66,1.42,13,1,11,7,21,2,0,2237,26,accurateLongBalls,BEL,2025-2026,datafc_sofascore,2026-08-09T08:07:33.988763
38,77040,Gauthier Gallon,340561,FCV Dender,389232,0,0,7.11,,0.01,0,0,0,0,1,1,0,1326,15,accurateLongBalls,BEL,2025-2026,datafc_sofascore,2026-08-09T08:07:33.988763
38,77040,Dennis Praet,135647,Royal Antwerp FC,2889,0,0,6.92,0.62,2.25,16,3,26,10,64,3,1,2525,31,accurateLongBalls,BEL,2025-2026,datafc_sofascore,2026-08-09T08:07:33.988763
38,77040,Thomas Claes,1188173,SV Zulte Waregem,2933,2,1,6.85,2.45,3.5,50,16,32,19,52,3,0,2784,34,accurateLongBalls,BEL,2025-2026,datafc_sofascore,2026-08-09T08:07:33.988763
38,77040,Redouane Halhal,1143667,KV Mechelen,5044,1,2,6.82,0.94,1.04,12,4,7,4,50,10,0,2849,33,accurateLongBalls,BEL,2025-2026,datafc_sofascore,2026-08-09T08:07:33.988763
38,77040,Maxime Delanghe,909953,Cercle Brugge,2929,0,0,6.88,,0.02,0,0,0,0,0,1,0,1591,18,accurateLongBalls,BEL,2025-2026,datafc_sofascore,2026-08-09T08:07:33.988763
38,77040,Abdoulaye Sissako,846330,Sint-Truidense VV,2895,2,3,6.82,2.74,1.22,30,4,15,41,91,5,0,3349,40,accurateLongBalls,BEL,2025-2026,datafc_sofascore,2026-08-09T08:07:33.988763
38,77040,Ilias Sebaoui,1154586,Sint-Truidense VV,2895,5,5,6.81,8.33,5.21,93,27,36,43,46,3,0,3272,40,accurateLongBalls,BEL,2025-2026,datafc_sofascore,2026-08-09T08:07:33.988763
38,77040,Tommy St Jago,876232,KV Mechelen,5044,0,1,6.72,0.3,0.66,6,0,6,7,62,4,0,2282,28,accurateLongBalls,BEL,2025-2026,datafc_sofascore,2026-08-09T08:07:33.988763
38,77040,Robert-Jan Vanwesemael,1047164,Sint-Truidense VV,2895,1,1,6.75,1.87,4.8,33,8,36,30,70,11,0,3077,37,accurateLongBalls,BEL,2025-2026,datafc_sofascore,2026-08-09T08:07:33.988763
38,77040,Amando Lapage,1396102,KVC Westerlo,2893,0,0,7.1,0.13,0.51,8,2,4,3,15,3,0,1272,16,accurateLongBalls,BEL,2025-2026,datafc_sofascore,2026-08-09T08:07:33.988763
38,77040,Maxence Maisonneuve,1396487,RAAL La Louvière,368506,0,1,6.62,1.59,0.74,24,5,9,9,31,3,0,2303,31,accurateLongBalls,BEL,2025-2026,datafc_sofascore,2026-08-09T08:07:33.988763
38,77040,Hendrik Van Crombrugge,110777,KRC Genk,2890,0,0,7.13,,0.03,0,0,0,0,0,0,0,1080,12,accurateLongBalls,BEL,2025-2026,datafc_sofascore,2026-08-09T08:07:33.988763
38,77040,Lucas Hey,1122698,RSC Anderlecht,2900,0,0,6.83,0.71,0.46,10,1,3,4,25,6,0,2535,32,accurateLongBalls,BEL,2025-2026,datafc_sofascore,2026-08-09T08:07:33.988763
38,77040,Łukasz Łakomy,1001201,Oud-Heverlee Leuven,2918,3,3,6.82,1.56,3.17,32,12,35,13,44,6,0,2123,32,accurateLongBalls,BEL,2025-2026,datafc_sofascore,2026-08-09T08:07:33.988763
38,77040,Joris Kayembe,354046,KRC Genk,2890,0,1,6.96,0.47,1.64,13,2,20,27,48,5,0,2111,28,accurateLongBalls,BEL,2025-2026,datafc_sofascore,2026-08-09T08:07:33.988763
38,77040,Nathan De Cat,1637689,RSC Anderlecht,2900,2,4,6.75,1.79,2.28,30,6,28,21,60,8,0,2739,36,accurateLongBalls,BEL,2025-2026,datafc_sofascore,2026-08-09T08:07:33.988763
38,77040,Fredrik Hammar,946959,KV Mechelen,5044,1,1,7.04,1.75,1.64,28,6,18,20,152,10,0,3366,38,accurateLongBalls,BEL,2025-2026,datafc_sofascore,2026-08-09T08:07:33.988763
38,77040,Zakaria El Ouahdi,1134470,KRC Genk,2890,8,4,7.07,4.96,4.37,70,24,49,36,42,4,0,2996,34,accurateLongBalls,BEL,2025-2026,datafc_sofascore,2026-08-09T08:07:33.988763
38,77040,Edgaras Utkus,921180,Cercle Brugge,2929,2,0,7.31,1.25,0.36,14,4,1,1,28,2,0,1451,19,accurateLongBalls,BEL,2025-2026,datafc_sofascore,2026-08-09T08:07:33.988763
38,77040,Hannes Van Der Bruggen,94290,Cercle Brugge,2929,0,1,6.96,1.32,1.83,28,4,15,5,73,7,0,2569,32,accurateLongBalls,BEL,2025-2026,datafc_sofascore,2026-08-09T08:07:33.988763
38,77040,Siebe Schrijvers,190413,Oud-Heverlee Leuven,2918,3,4,7.0,5.03,3.45,29,4,37,12,62,6,0,2121,30,accurateLongBalls,BEL,2025-2026,datafc_sofascore,2026-08-09T08:07:33.988763
38,77040,Jarne Steuckers,1099462,KRC Genk,2890,0,6,6.96,2.06,6.27,30,8,54,15,9,1,0,1504,30,accurateLongBalls,BEL,2025-2026,datafc_sofascore,2026-08-09T08:07:33.988763
38,77040,Raphael Onyedika,1129862,Club Brugge KV,2888,1,0,6.86,2.76,1.16,29,11,10,16,42,3,0,1995,30,accurateLongBalls,BEL,2025-2026,datafc_sofascore,2026-08-09T08:07:33.988763
38,77040,Fedde Leysen,1088899,Royale Union Saint-Gilloise,4860,1,1,6.98,1.4,0.48,11,4,8,0,41,3,0,1877,27,accurateLongBalls,BEL,2025-2026,datafc_sofascore,2026-08-09T08:07:33.988763
38,77040,Michael Verrips,583506,FCV Dender,389232,0,0,6.86,,0.02,0,0,0,0,0,0,0,900,10,accurateLongBalls,BEL,2025-2026,datafc_sofascore,2026-08-09T08:07:33.988763
38,77040,Josué Homawoo,976070,Standard Liège,2901,0,1,6.91,0.5,0.41,6,0,5,3,46,2,1,2198,30,accurateLongBalls,BEL,2025-2026,datafc_sofascore,2026-08-09T08:07:33.988763
38,77040,Roggerio Nyakossi,1129502,Oud-Heverlee Leuven,2918,4,0,6.84,1.16,0.19,13,5,2,7,29,4,0,2241,27,accurateLongBalls,BEL,2025-2026,datafc_sofascore,2026-08-09T08:07:33.988763
38,77040,Ryan Merlen,1402293,Sint-Truidense VV,2895,3,2,6.82,3.41,2.27,24,5,19,9,8,4,1,965,33,accurateLongBalls,BEL,2025-2026,datafc_sofascore,2026-08-09T08:07:33.988763
38,77040,Marco Ilaimaharitra,358198,Standard Liège,2901,3,0,6.85,3.44,1.16,14,6,21,8,48,10,1,2445,31,accurateLongBalls,BEL,2025-2026,datafc_sofascore,2026-08-09T08:07:33.988763
38,77040,Cheick Keita,1407973,RC Sporting Charleroi,2898,3,0,6.69,2.36,0.27,18,5,1,5,43,5,0,3440,40,accurateLongBalls,BEL,2025-2026,datafc_sofascore,2026-08-09T08:07:33.988763
38,77040,Djibril Lamego,1170564,RAAL La Louvière,368506,0,0,6.67,0.09,0.53,4,0,4,8,33,2,0,2553,30,accurateLongBalls,BEL,2025-2026,datafc_sofascore,2026-08-09T08:07:33.988763
38,77040,Joel Ordóñez,1187275,Club Brugge KV,2888,3,0,6.95,1.91,0.92,16,4,6,3,37,4,2,2668,33,accurateLongBalls,BEL,2025-2026,datafc_sofascore,2026-08-09T08:07:33.988763
38,77040,Rob Schoofs,133164,Royale Union Saint-Gilloise,4860,4,5,6.89,3.11,5.5,42,11,52,7,27,4,0,2013,36,accurateLongBalls,BEL,2025-2026,datafc_sofascore,2026-08-09T08:07:33.988763
38,77040,Lucca Brughmans,1529975,KRC Genk,2890,0,0,7.11,,0.02,0,0,1,0,0,0,0,1020,11,accurateLongBalls,BEL,2025-2026,datafc_sofascore,2026-08-09T08:07:33.988763
38,77040,Simon Mignolet,10406,Club Brugge KV,2888,0,0,7.14,,0.02,0,0,0,0,0,1,0,1023,12,accurateLongBalls,BEL,2025-2026,datafc_sofascore,2026-08-09T08:07:33.988763
38,77040,Marco Kana,964759,RSC Anderlecht,2900,0,0,6.78,0.37,0.82,9,2,6,2,19,5,0,2043,26,accurateLongBalls,BEL,2025-2026,datafc_sofascore,2026-08-09T08:07:33.988763
38,77040,Benoit Nyssen,938190,SV Zulte Waregem,2933,2,2,6.77,0.81,3.36,16,5,17,12,35,3,0,1744,28,accurateLongBalls,BEL,2025-2026,datafc_sofascore,2026-08-09T08:07:33.988763
38,77040,Killian Sardella,909964,RSC Anderlecht,2900,0,1,6.66,1.39,1.45,23,6,19,14,33,3,1,2064,32,accurateLongBalls,BEL,2025-2026,datafc_sofascore,2026-08-09T08:07:33.988763
38,77040,Thérence Koudou,1392080,KV Mechelen,5044,5,2,6.85,1.64,4.81,25,8,35,38,31,5,0,3060,37,accurateLongBalls,BEL,2025-2026,datafc_sofascore,2026-08-09T08:07:33.988763
38,77040,Jorne Spileers,1104897,Club Brugge KV,2888,0,1,6.83,0.12,0.28,3,0,2,3,21,4,0,1218,23,accurateLongBalls,BEL,2025-2026,datafc_sofascore,2026-08-09T08:07:33.988763
38,77040,Brent Gabriel,861977,SV Zulte Waregem,2933,0,1,7.26,,0.6,0,0,2,1,1,1,0,3240,36,accurateLongBalls,BEL,2025-2026,datafc_sofascore,2026-08-09T08:07:33.988763
38,77040,Marcos Hernán Peano,789394,RAAL La Louvière,368506,0,0,7.37,,0.14,0,0,0,4,4,2,0,3060,34,accurateLongBalls,BEL,2025-2026,datafc_sofascore,2026-08-09T08:07:33.988763
38,77040,Andreas Jungdal,963038,KVC Westerlo,2893,0,0,6.97,,0.15,0,0,3,0,1,3,0,3600,40,accurateLongBalls,BEL,2025-2026,datafc_sofascore,2026-08-09T08:07:33.988763
38,77040,Davy Roef,156663,KAA Gent,2903,0,0,7.25,,0.05,0,0,3,0,1,0,0,3720,41,accurateLongBalls,BEL,2025-2026,datafc_sofascore,2026-08-09T08:07:33.988763
38,77040,Matte Smets,1392905,KRC Genk,2890,0,1,7.15,0.75,2.2,15,0,17,5,70,4,0,3509,39,accurateLongBalls,BEL,2025-2026,datafc_sofascore,2026-08-09T08:07:33.988763
38,77040,Tobe Leysen,996979,Oud-Heverlee Leuven,2918,0,0,6.97,,0.15,0,0,0,0,3,2,0,2859,32,accurateLongBalls,BEL,2025-2026,datafc_sofascore,2026-08-09T08:07:33.988763
38,77040,Colin Coosemans,122399,RSC Anderlecht,2900,0,0,6.98,,0.11,0,0,2,1,0,2,0,3420,38,accurateLongBalls,BEL,2025-2026,datafc_sofascore,2026-08-09T08:07:33.988763
38,77040,Matthieu Epolo,1121943,Standard Liège,2901,0,0,7.32,0.06,0.05,1,0,1,0,1,1,0,2610,29,accurateLongBalls,BEL,2025-2026,datafc_sofascore,2026-08-09T08:07:33.988763
38,77040,Léo Kokubo,997020,Sint-Truidense VV,2895,0,0,7.23,,0.05,0,0,0,0,4,5,0,3420,38,accurateLongBalls,BEL,2025-2026,datafc_sofascore,2026-08-09T08:07:33.988763
38,77040,Taishi Brandon Nozawa,1002358,Royal Antwerp FC,2889,0,0,7.19,,0.11,0,0,3,0,3,1,0,2654,30,accurateLongBalls,BEL,2025-2026,datafc_sofascore,2026-08-09T08:07:33.988763
38,77040,Kjell Scherpen,852394,Royale Union Saint-Gilloise,4860,0,0,7.18,,0.12,0,0,1,0,1,1,0,2835,32,accurateLongBalls,BEL,2025-2026,datafc_sofascore,2026-08-09T08:07:33.988763
38,77040,Nacho Miras,1010556,KV Mechelen,5044,0,0,7.57,,0.03,0,0,0,0,1,2,0,2925,33,accurateLongBalls,BEL,2025-2026,datafc_sofascore,2026-08-09T08:07:33.988763
38,77040,Christian Burgess,303634,Royale Union Saint-Gilloise,4860,2,3,7.31,1.63,1.37,23,8,13,1,53,13,1,3147,35,accurateLongBalls,BEL,2025-2026,datafc_sofascore,2026-08-09T08:07:33.988763
38,77040,Hans Vanaken,118085,Club Brugge KV,2888,7,3,7.45,8.38,8.0,58,21,67,15,38,2,0,3366,39,accurateLongBalls,BEL,2025-2026,datafc_sofascore,2026-08-09T08:07:33.988763
38,77040,Emin Bayram,997153,KVC Westerlo,2893,4,2,7.06,4.39,2.88,41,13,20,15,44,4,2,3322,38,accurateLongBalls,BEL,2025-2026,datafc_sofascore,2026-08-09T08:07:33.988763
38,77040,Bryan Goncalves,775019,FCV Dender,389232,1,2,6.79,1.13,3.58,12,5,38,10,42,5,0,2293,28,accurateLongBalls,BEL,2025-2026,datafc_sofascore,2026-08-09T08:07:33.988763
38,77040,Yassine Titraoui,1094538,RC Sporting Charleroi,2898,5,1,7.23,2.9,3.78,53,20,31,26,58,7,0,2904,35,accurateLongBalls,BEL,2025-2026,datafc_sofascore,2026-08-09T08:07:33.988763
38,77040,Nordin Jackers,361722,Club Brugge KV,2888,0,0,7.06,,0.07,0,0,0,0,1,1,0,1801,21,accurateLongBalls,BEL,2025-2026,datafc_sofascore,2026-08-09T08:07:33.988763
38,77040,Aiham Ousou,965265,RC Sporting Charleroi,2898,2,1,6.95,3.22,1.58,34,10,11,5,53,12,1,3395,39,accurateLongBalls,BEL,2025-2026,datafc_sofascore,2026-08-09T08:07:33.988763
38,77040,Shogo Taniguchi,386958,Sint-Truidense VV,2895,1,1,7.07,1.07,1.31,14,2,10,2,43,4,0,2963,38,accurateLongBalls,BEL,2025-2026,datafc_sofascore,2026-08-09T08:07:33.988763
38,77040,Yllan Okou,1167514,RAAL La Louvière,368506,1,0,6.96,0.73,1.05,11,3,12,2,36,6,0,2731,33,accurateLongBalls,BEL,2025-2026,datafc_sofascore,2026-08-09T08:07:33.988763
38,77040,Martin Delavallée,1141106,RC Sporting Charleroi,2898,0,0,6.84,0.04,0.05,1,0,0,0,0,0,0,1890,21,accurateLongBalls,BEL,2025-2026,datafc_sofascore,2026-08-09T08:07:33.988763
38,77040,Brandon Mechele,248331,Club Brugge KV,2888,5,2,7.29,3.46,1.49,33,14,22,5,77,4,0,3435,39,accurateLongBalls,BEL,2025-2026,datafc_sofascore,2026-08-09T08:07:33.988763
38,77040,Visar Musliu,134231,Sint-Truidense VV,2895,0,0,7.12,1.16,0.58,17,3,4,6,39,4,0,2519,30,accurateLongBalls,BEL,2025-2026,datafc_sofascore,2026-08-09T08:07:33.988763
38,77040,Bryan Heynen,801025,KRC Genk,2890,4,1,7.31,4.75,4.68,48,11,49,22,99,5,0,3603,40,accurateLongBalls,BEL,2025-2026,datafc_sofascore,2026-08-09T08:07:33.988763
38,77040,Zeno Van Den Bosch,1103765,Royal Antwerp FC,2889,0,1,6.91,0.97,1.34,13,6,15,4,57,6,1,3071,35,accurateLongBalls,BEL,2025-2026,datafc_sofascore,2026-08-09T08:07:33.988763
38,77040,Ross Sykes,845558,Royale Union Saint-Gilloise,4860,5,0,7.28,3.78,2.34,56,25,21,6,40,9,0,2629,32,accurateLongBalls,BEL,2025-2026,datafc_sofascore,2026-08-09T08:07:33.988763
38,77040,Mohamed Koné,1131009,RC Sporting Charleroi,2898,0,0,7.22,,0.03,0,0,0,0,1,2,0,1710,19,accurateLongBalls,BEL,2025-2026,datafc_sofascore,2026-08-09T08:07:33.988763
38,77040,Tiago Araújo,997024,KAA Gent,2903,1,4,6.94,0.83,6.33,21,4,57,20,39,9,0,2820,35,accurateLongBalls,BEL,2025-2026,datafc_sofascore,2026-08-09T08:07:33.988763
38,77040,Aleksandar Stanković,1153957,Club Brugge KV,2888,6,2,7.09,4.66,4.09,74,25,33,8,39,4,0,3076,39,accurateLongBalls,BEL,2025-2026,datafc_sofascore,2026-08-09T08:07:33.988763
38,77040,Ewoud Pletinckx,949101,Oud-Heverlee Leuven,2918,3,0,6.74,2.91,1.14,35,12,14,6,55,4,0,3538,40,accurateLongBalls,BEL,2025-2026,datafc_sofascore,2026-08-09T08:07:33.988763
38,77040,Luc Marijnissen,1086107,FCV Dender,389232,1,0,6.73,1.59,1.25,16,6,11,13,84,7,0,3225,37,accurateLongBalls,BEL,2025-2026,datafc_sofascore,2026-08-09T08:07:33.988763
38,77040,Doğucan Haspolat,846087,KVC Westerlo,2893,1,4,7.18,2.52,7.83,46,10,86,19,82,7,0,3395,38,accurateLongBalls,BEL,2025-2026,datafc_sofascore,2026-08-09T08:07:33.988763
38,77040,Noë Dussenne,115569,Oud-Heverlee Leuven,2918,1,0,6.87,1.85,0.68,18,4,11,1,32,6,0,1877,23,accurateLongBalls,BEL,2025-2026,datafc_sofascore,2026-08-09T08:07:33.988763
38,77040,Gary Magnee,990265,Cercle Brugge,2929,4,7,6.93,5.4,6.75,31,10,74,20,72,4,0,2889,34,accurateLongBalls,BEL,2025-2026,datafc_sofascore,2026-08-09T08:07:33.988763
38,77040,Sami Lahssaini,957895,RAAL La Louvière,368506,1,1,6.89,0.41,1.57,13,2,16,20,60,4,0,2770,32,accurateLongBalls,BEL,2025-2026,datafc_sofascore,2026-08-09T08:07:33.988763
38,77040,Anan Khalaili,1403362,Royale Union Saint-Gilloise,4860,3,5,7.22,3.34,7.52,38,13,62,49,69,7,0,3099,38,accurateLongBalls,BEL,2025-2026,datafc_sofascore,2026-08-09T08:07:33.988763
38,77040,Mardochee Nzita,990726,RC Sporting Charleroi,2898,0,2,6.77,1.02,3.04,12,3,21,18,65,3,1,3007,38,accurateLongBalls,BEL,2025-2026,datafc_sofascore,2026-08-09T08:07:33.988763
38,77040,Tobias Lawal,990025,KRC Genk,2890,0,0,6.81,,0.03,0,0,0,1,0,2,0,1620,18,accurateLongBalls,BEL,2025-2026,datafc_sofascore,2026-08-09T08:07:33.988763
38,77040,José Marsà,962625,KV Mechelen,5044,1,2,6.73,1.7,2.1,15,3,12,9,47,4,0,2594,33,accurateLongBalls,BEL,2025-2026,datafc_sofascore,2026-08-09T08:07:33.988763
38,77040,Lucas Pirard,190379,Standard Liège,2901,0,0,7.44,,0.03,0,0,0,1,0,1,0,990,11,accurateLongBalls,BEL,2025-2026,datafc_sofascore,2026-08-09T08:07:33.988763
38,77040,Ryotaro Ito,831697,Sint-Truidense VV,2895,10,5,7.28,8.51,8.81,73,27,102,19,20,1,0,2838,35,accurateLongBalls,BEL,2025-2026,datafc_sofascore,2026-08-09T08:07:33.988763
38,77040,Kevin Mac Allister,895327,Royale Union Saint-Gilloise,4860,1,1,7.14,3.07,2.44,22,5,13,9,112,11,1,2930,34,accurateLongBalls,BEL,2025-2026,datafc_sofascore,2026-08-09T08:07:33.988763
38,77040,Siebe Van Der Heyden,842164,KAA Gent,2903,2,1,6.74,1.64,1.37,25,8,9,3,54,11,0,3075,36,accurateLongBalls,BEL,2025-2026,datafc_sofascore,2026-08-09T08:07:33.988763
38,77040,Warleson,861071,Cercle Brugge,2929,0,0,7.13,,0.03,0,0,0,0,0,2,1,1556,19,accurateLongBalls,BEL,2025-2026,datafc_sofascore,2026-08-09T08:07:33.988763
38,77040,Mathis Servais,1093876,KV Mechelen,5044,2,4,6.98,2.95,5.07,41,11,35,11,48,5,0,2796,32,accurateLongBalls,BEL,2025-2026,datafc_sofascore,2026-08-09T08:07:33.988763
38,77040,Yuto Tsunashima,1470622,Royal Antwerp FC,2889,1,0,6.84,2.15,0.47,12,4,7,6,53,6,0,2740,34,accurateLongBalls,BEL,2025-2026,datafc_sofascore,2026-08-09T08:07:33.988763
38,77040,Maxence Prévot,785520,Oud-Heverlee Leuven,2918,0,0,7.19,,0.02,0,0,0,2,0,1,0,741,9,accurateLongBalls,BEL,2025-2026,datafc_sofascore,2026-08-09T08:07:33.988763
38,77040,Etienne Camara,1097542,RC Sporting Charleroi,2898,2,3,6.83,1.19,1.37,20,7,20,19,94,11,1,3034,38,accurateLongBalls,BEL,2025-2026,datafc_sofascore,2026-08-09T08:07:33.988763
38,77040,Tobias Mohr,237048,Standard Liège,2901,2,2,6.91,1.09,5.42,25,5,44,20,50,5,0,2310,38,accurateLongBalls,BEL,2025-2026,datafc_sofascore,2026-08-09T08:07:33.988763
38,77040,Anton Tanghe,1005175,SV Zulte Waregem,2933,3,0,7.02,2.43,0.92,5,3,8,1,14,2,0,1664,21,accurateLongBalls,BEL,2025-2026,datafc_sofascore,2026-08-09T08:07:33.988763
38,77040,Rein Van Helden,1047163,Royal Antwerp FC,2889,2,0,7.02,2.19,1.08,12,4,13,8,52,2,1,2126,29,accurateLongBalls,BEL,2025-2026,datafc_sofascore,2026-08-09T08:07:33.988763
38,77040,Malcolm Viltard,1092285,FCV Dender,389232,1,1,6.88,0.41,2.6,15,4,27,17,70,6,1,2721,36,accurateLongBalls,BEL,2025-2026,datafc_sofascore,2026-08-09T08:07:33.988763
38,77040,Patrick Pflücke,281283,RC Sporting Charleroi,2898,4,8,6.97,5.54,8.28,63,22,67,9,22,0,0,2670,41,accurateLongBalls,BEL,2025-2026,datafc_sofascore,2026-08-09T08:07:33.988763
38,77040,Adem Zorgane,1000472,Royale Union Saint-Gilloise,4860,4,5,7.04,2.44,6.23,28,12,40,19,64,7,0,2968,37,accurateLongBalls,BEL,2025-2026,datafc_sofascore,2026-08-09T08:07:33.988763
38,77040,Leonardo Lopes,783478,KAA Gent,2903,1,1,6.84,2.1,1.39,18,2,13,15,37,3,0,2464,37,accurateLongBalls,BEL,2025-2026,datafc_sofascore,2026-08-09T08:07:33.988763
38,77040,Guillaume Dietsch,986770,FCV Dender,389232,0,0,6.75,,0.03,0,0,0,0,0,1,0,1194,14,accurateLongBalls,BEL,2025-2026,datafc_sofascore,2026-08-09T08:07:33.988763
38,77040,Jakob Kiilerich,887822,SV Zulte Waregem,2933,0,0,6.74,0.77,0.82,9,2,4,3,27,3,1,2291,29,accurateLongBalls,BEL,2025-2026,datafc_sofascore,2026-08-09T08:07:33.988763
38,77040,Mathias Delorge,1124749,KAA Gent,2903,0,3,7.01,0.27,2.13,9,4,17,2,30,1,0,1383,20,accurateLongBalls,BEL,2025-2026,datafc_sofascore,2026-08-09T08:07:33.988763
38,77040,Matties Volckaert,2213526,KAA Gent,2903,0,0,6.82,0.66,1.42,13,1,11,7,21,2,0,2237,26,accurateLongBalls,BEL,2025-2026,datafc_sofascore,2026-08-09T08:07:33.988763
38,77040,Gauthier Gallon,340561,FCV Dender,389232,0,0,7.11,,0.01,0,0,0,0,1,1,0,1326,15,accurateLongBalls,BEL,2025-2026,datafc_sofascore,2026-08-09T08:07:33.988763
38,77040,Dennis Praet,135647,Royal Antwerp FC,2889,0,0,6.92,0.62,2.25,16,3,26,10,64,3,1,2525,31,accurateLongBalls,BEL,2025-2026,datafc_sofascore,2026-08-09T08:07:33.988763
38,77040,Thomas Claes,1188173,SV Zulte Waregem,2933,2,1,6.85,2.45,3.5,50,16,32,19,52,3,0,2784,34,accurateLongBalls,BEL,2025-2026,datafc_sofascore,2026-08-09T08:07:33.988763
38,77040,Redouane Halhal,1143667,KV Mechelen,5044,1,2,6.82,0.94,1.04,12,4,7,4,50,10,0,2849,33,accurateLongBalls,BEL,2025-2026,datafc_sofascore,2026-08-09T08:07:33.988763
38,77040,Maxime Delanghe,909953,Cercle Brugge,2929,0,0,6.88,,0.02,0,0,0,0,0,1,0,1591,18,accurateLongBalls,BEL,2025-2026,datafc_sofascore,2026-08-09T08:07:33.988763
38,77040,Abdoulaye Sissako,846330,Sint-Truidense VV,2895,2,3,6.82,2.74,1.22,30,4,15,41,91,5,0,3349,40,accurateLongBalls,BEL,2025-2026,datafc_sofascore,2026-08-09T08:07:33.988763
38,77040,Ilias Sebaoui,1154586,Sint-Truidense VV,2895,5,5,6.81,8.33,5.21,93,27,36,43,46,3,0,3272,40,accurateLongBalls,BEL,2025-2026,datafc_sofascore,2026-08-09T08:07:33.988763
38,77040,Tommy St Jago,876232,KV Mechelen,5044,0,1,6.72,0.3,0.66,6,0,6,7,62,4,0,2282,28,accurateLongBalls,BEL,2025-2026,datafc_sofascore,2026-08-09T08:07:33.988763
38,77040,Robert-Jan Vanwesemael,1047164,Sint-Truidense VV,2895,1,1,6.75,1.87,4.8,33,8,36,30,70,11,0,3077,37,accurateLongBalls,BEL,2025-2026,datafc_sofascore,2026-08-09T08:07:33.988763
38,77040,Amando Lapage,1396102,KVC Westerlo,2893,0,0,7.1,0.13,0.51,8,2,4,3,15,3,0,1272,16,accurateLongBalls,BEL,2025-2026,datafc_sofascore,2026-08-09T08:07:33.988763
38,77040,Maxence Maisonneuve,1396487,RAAL La Louvière,368506,0,1,6.62,1.59,0.74,24,5,9,9,31,3,0,2303,31,accurateLongBalls,BEL,2025-2026,datafc_sofascore,2026-08-09T08:07:33.988763
38,77040,Hendrik Van Crombrugge,110777,KRC Genk,2890,0,0,7.13,,0.03,0,0,0,0,0,0,0,1080,12,accurateLongBalls,BEL,2025-2026,datafc_sofascore,2026-08-09T08:07:33.988763
38,77040,Lucas Hey,1122698,RSC Anderlecht,2900,0,0,6.83,0.71,0.46,10,1,3,4,25,6,0,2535,32,accurateLongBalls,BEL,2025-2026,datafc_sofascore,2026-08-09T08:07:33.988763
38,77040,Łukasz Łakomy,1001201,Oud-Heverlee Leuven,2918,3,3,6.82,1.56,3.17,32,12,35,13,44,6,0,2123,32,accurateLongBalls,BEL,2025-2026,datafc_sofascore,2026-08-09T08:07:33.988763
38,77040,Joris Kayembe,354046,KRC Genk,2890,0,1,6.96,0.47,1.64,13,2,20,27,48,5,0,2111,28,accurateLongBalls,BEL,2025-2026,datafc_sofascore,2026-08-09T08:07:33.988763
38,77040,Nathan De Cat,1637689,RSC Anderlecht,2900,2,4,6.75,1.79,2.28,30,6,28,21,60,8,0,2739,36,accurateLongBalls,BEL,2025-2026,datafc_sofascore,2026-08-09T08:07:33.988763
38,77040,Fredrik Hammar,946959,KV Mechelen,5044,1,1,7.04,1.75,1.64,28,6,18,20,152,10,0,3366,38,accurateLongBalls,BEL,2025-2026,datafc_sofascore,2026-08-09T08:07:33.988763
38,77040,Zakaria El Ouahdi,1134470,KRC Genk,2890,8,4,7.07,4.96,4.37,70,24,49,36,42,4,0,2996,34,accurateLongBalls,BEL,2025-2026,datafc_sofascore,2026-08-09T08:07:33.988763
38,77040,Edgaras Utkus,921180,Cercle Brugge,2929,2,0,7.31,1.25,0.36,14,4,1,1,28,2,0,1451,19,accurateLongBalls,BEL,2025-2026,datafc_sofascore,2026-08-09T08:07:33.988763
38,77040,Hannes Van Der Bruggen,94290,Cercle Brugge,2929,0,1,6.96,1.32,1.83,28,4,15,5,73,7,0,2569,32,accurateLongBalls,BEL,2025-2026,datafc_sofascore,2026-08-09T08:07:33.988763
38,77040,Siebe Schrijvers,190413,Oud-Heverlee Leuven,2918,3,4,7.0,5.03,3.45,29,4,37,12,62,6,0,2121,30,accurateLongBalls,BEL,2025-2026,datafc_sofascore,2026-08-09T08:07:33.988763
38,77040,Jarne Steuckers,1099462,KRC Genk,2890,0,6,6.96,2.06,6.27,30,8,54,15,9,1,0,1504,30,accurateLongBalls,BEL,2025-2026,datafc_sofascore,2026-08-09T08:07:33.988763
38,77040,Raphael Onyedika,1129862,Club Brugge KV,2888,1,0,6.86,2.76,1.16,29,11,10,16,42,3,0,1995,30,accurateLongBalls,BEL,2025-2026,datafc_sofascore,2026-08-09T08:07:33.988763
38,77040,Fedde Leysen,1088899,Royale Union Saint-Gilloise,4860,1,1,6.98,1.4,0.48,11,4,8,0,41,3,0,1877,27,accurateLongBalls,BEL,2025-2026,datafc_sofascore,2026-08-09T08:07:33.988763
38,77040,Michael Verrips,583506,FCV Dender,389232,0,0,6.86,,0.02,0,0,0,0,0,0,0,900,10,accurateLongBalls,BEL,2025-2026,datafc_sofascore,2026-08-09T08:07:33.988763
38,77040,Josué Homawoo,976070,Standard Liège,2901,0,1,6.91,0.5,0.41,6,0,5,3,46,2,1,2198,30,accurateLongBalls,BEL,2025-2026,datafc_sofascore,2026-08-09T08:07:33.988763
38,77040,Roggerio Nyakossi,1129502,Oud-Heverlee Leuven,2918,4,0,6.84,1.16,0.19,13,5,2,7,29,4,0,2241,27,accurateLongBalls,BEL,2025-2026,datafc_sofascore,2026-08-09T08:07:33.988763
38,77040,Ryan Merlen,1402293,Sint-Truidense VV,2895,3,2,6.82,3.41,2.27,24,5,19,9,8,4,1,965,33,accurateLongBalls,BEL,2025-2026,datafc_sofascore,2026-08-09T08:07:33.988763
38,77040,Marco Ilaimaharitra,358198,Standard Liège,2901,3,0,6.85,3.44,1.16,14,6,21,8,48,10,1,2445,31,accurateLongBalls,BEL,2025-2026,datafc_sofascore,2026-08-09T08:07:33.988763
38,77040,Cheick Keita,1407973,RC Sporting Charleroi,2898,3,0,6.69,2.36,0.27,18,5,1,5,43,5,0,3440,40,accurateLongBalls,BEL,2025-2026,datafc_sofascore,2026-08-09T08:07:33.988763
38,77040,Djibril Lamego,1170564,RAAL La Louvière,368506,0,0,6.67,0.09,0.53,4,0,4,8,33,2,0,2553,30,accurateLongBalls,BEL,2025-2026,datafc_sofascore,2026-08-09T08:07:33.988763
38,77040,Joel Ordóñez,1187275,Club Brugge KV,2888,3,0,6.95,1.91,0.92,16,4,6,3,37,4,2,2668,33,accurateLongBalls,BEL,2025-2026,datafc_sofascore,2026-08-09T08:07:33.988763
38,77040,Rob Schoofs,133164,Royale Union Saint-Gilloise,4860,4,5,6.89,3.11,5.5,42,11,52,7,27,4,0,2013,36,accurateLongBalls,BEL,2025-2026,datafc_sofascore,2026-08-09T08:07:33.988763
38,77040,Lucca Brughmans,1529975,KRC Genk,2890,0,0,7.11,,0.02,0,0,1,0,0,0,0,1020,11,accurateLongBalls,BEL,2025-2026,datafc_sofascore,2026-08-09T08:07:33.988763
38,77040,Simon Mignolet,10406,Club Brugge KV,2888,0,0,7.14,,0.02,0,0,0,0,0,1,0,1023,12,accurateLongBalls,BEL,2025-2026,datafc_sofascore,2026-08-09T08:07:33.988763
38,77040,Marco Kana,964759,RSC Anderlecht,2900,0,0,6.78,0.37,0.82,9,2,6,2,19,5,0,2043,26,accurateLongBalls,BEL,2025-2026,datafc_sofascore,2026-08-09T08:07:33.988763
38,77040,Benoit Nyssen,938190,SV Zulte Waregem,2933,2,2,6.77,0.81,3.36,16,5,17,12,35,3,0,1744,28,accurateLongBalls,BEL,2025-2026,datafc_sofascore,2026-08-09T08:07:33.988763
38,77040,Killian Sardella,909964,RSC Anderlecht,2900,0,1,6.66,1.39,1.45,23,6,19,14,33,3,1,2064,32,accurateLongBalls,BEL,2025-2026,datafc_sofascore,2026-08-09T08:07:33.988763
38,77040,Thérence Koudou,1392080,KV Mechelen,5044,5,2,6.85,1.64,4.81,25,8,35,38,31,5,0,3060,37,accurateLongBalls,BEL,2025-2026,datafc_sofascore,2026-08-09T08:07:33.988763
38,77040,Jorne Spileers,1104897,Club Brugge KV,2888,0,1,6.83,0.12,0.28,3,0,2,3,21,4,0,1218,23,accurateLongBalls,BEL,2025-2026,datafc_sofascore,2026-08-09T08:07:33.988763
38,77040,Modibo Fofana,2602250,Royal Antwerp FC,2889,1,0,7.45,0.22,0.1,4,1,1,2,3,0,0,35,2,accurateLongBallsPercentage,BEL,2025-2026,datafc_sofascore,2026-08-09T08:07:33.988763
38,77040,Milan Govaers,1427490,K. Beerschot V.A.,169260,0,0,7.4,,0.01,0,0,0,0,0,0,0,13,1,accurateLongBallsPercentage,BEL,2025-2026,datafc_sofascore,2026-08-09T08:07:33.988763
38,77040,Michel Ange Balikwisha,923969,Royal Antwerp FC,2889,1,0,7.05,0.95,0.1,3,2,4,2,11,0,0,347,4,accurateLongBallsPercentage,BEL,2025-2026,datafc_sofascore,2026-08-09T08:07:33.988763
38,77040,Radja Nainggolan,44001,Patro Eisden Maasmechelen,35076,1,0,7.0,0.56,0.03,9,2,3,0,0,0,0,157,2,accurateLongBallsPercentage,BEL,2025-2026,datafc_sofascore,2026-08-09T08:07:33.988763
38,77040,Lucas Bretelle,1389913,RAAL La Louvière,368506,0,1,7.0,,0.16,0,0,1,0,1,0,0,13,1,accurateLongBallsPercentage,BEL,2025-2026,datafc_sofascore,2026-08-09T08:07:33.988763
38,77040,Tolu Arokodare,987734,KRC Genk,2890,1,0,6.93,0.27,0.09,6,2,0,3,0,0,0,80,4,accurateLongBallsPercentage,BEL,2025-2026,datafc_sofascore,2026-08-09T08:07:33.988763
38,77040,Basile Vroninks,1929417,RSC Anderlecht,2900,0,0,6.9,,0.14,0,0,1,1,1,0,0,45,1,accurateLongBallsPercentage,BEL,2025-2026,datafc_sofascore,2026-08-09T08:07:33.988763
38,77040,D'Margio Wright-Phillips,1018367,K. Beerschot V.A.,169260,1,0,6.83,1.14,0.54,5,2,3,0,0,0,0,202,4,accurateLongBallsPercentage,BEL,2025-2026,datafc_sofascore,2026-08-09T08:07:33.988763
38,77040,Luca Schelfhout,2487802,Royal Antwerp FC,2889,0,0,6.8,,0.01,0,0,0,0,3,0,0,43,2,accurateLongBallsPercentage,BEL,2025-2026,datafc_sofascore,2026-08-09T08:07:33.988763
38,77040,Quentin Benaets,1396504,RC Sporting Charleroi,2898,0,0,6.7,,0.0,0,0,0,0,0,0,0,12,1,accurateLongBallsPercentage,BEL,2025-2026,datafc_sofascore,2026-08-09T08:07:33.988763
38,77040,Yoann Cissé,1897486,RC Sporting Charleroi,2898,0,0,6.7,0.07,0.41,2,1,2,0,0,0,0,37,5,accurateLongBallsPercentage,BEL,2025-2026,datafc_sofascore,2026-08-09T08:07:33.988763
38,77040,Marc Giger,1406947,Royale Union Saint-Gilloise,4860,3,1,6.67,3.19,1.06,15,8,7,8,12,3,0,500,16,accurateLongBallsPercentage,BEL,2025-2026,datafc_sofascore,2026-08-09T08:07:33.988763
38,77040,Wolke Janssens,794418,Sint-Truidense VV,2895,0,0,6.67,,0.03,0,0,0,2,3,0,0,47,7,accurateLongBallsPercentage,BEL,2025-2026,datafc_sofascore,2026-08-09T08:07:33.988763
38,77040,Kayden Pierre,1063222,KRC Genk,2890,0,1,6.6,,0.05,0,0,1,0,1,0,0,35,1,accurateLongBallsPercentage,BEL,2025-2026,datafc_sofascore,2026-08-09T08:07:33.988763
38,77040,Argus Vanden Driessche,1403045,Club Brugge KV,2888,0,0,6.6,,0.0,0,0,0,0,0,0,0,12,1,accurateLongBallsPercentage,BEL,2025-2026,datafc_sofascore,2026-08-09T08:07:33.988763
38,77040,Krys Kouassi,2001165,Cercle Brugge,2929,0,0,6.6,0.17,0.06,3,0,1,0,1,1,0,140,12,accurateLongBallsPercentage,BEL,2025-2026,datafc_sofascore,2026-08-09T08:07:33.988763
38,77040,Alessio Castro-Montes,839898,Royale Union Saint-Gilloise,4860,0,0,6.56,0.43,0.1,1,0,1,0,4,0,0,149,5,accurateLongBallsPercentage,BEL,2025-2026,datafc_sofascore,2026-08-09T08:07:33.988763
38,77040,Jeff Godelaine,1546047,Royal Antwerp FC,2889,0,0,6.5,0.13,0.0,1,0,0,0,0,0,0,15,1,accurateLongBallsPercentage,BEL,2025-2026,datafc_sofascore,2026-08-09T08:07:33.988763
38,77040,Geoffry Hairemans,58917,Royal Antwerp FC,2889,0,0,6.47,0.82,0.16,2,0,2,0,0,0,0,105,4,accurateLongBallsPercentage,BEL,2025-2026,datafc_sofascore,2026-08-09T08:07:33.988763
38,77040,Jusef Erabi,1106649,KRC Genk,2890,1,0,6.43,1.49,0.32,14,6,4,1,6,2,0,475,15,accurateLongBallsPercentage,BEL,2025-2026,datafc_sofascore,2026-08-09T08:07:33.988763
38,77040,René Mitongo,1931567,Standard Liège,2901,0,0,6.4,0.16,0.07,2,0,2,2,0,0,0,164,7,accurateLongBallsPercentage,BEL,2025-2026,datafc_sofascore,2026-08-09T08:07:33.988763
38,77040,August De Wannemacker,1931420,KRC Genk,2890,0,0,6.4,0.08,0.07,1,1,1,2,1,0,0,58,4,accurateLongBallsPercentage,BEL,2025-2026,datafc_sofascore,2026-08-09T08:07:33.988763
38,77040,Arnaud Dony,1177319,Patro Eisden Maasmechelen,35076,0,0,6.4,0.04,0.0,1,1,0,0,1,0,0,10,2,accurateLongBallsPercentage,BEL,2025-2026,datafc_sofascore,2026-08-09T08:07:33.988763
38,77040,Theo Epailly,904995,RAAL La Louvière,368506,0,0,6.33,0.09,0.02,1,0,1,0,0,0,0,92,4,accurateLongBallsPercentage,BEL,2025-2026,datafc_sofascore,2026-08-09T08:07:33.988763
38,77040,Mamadou Diakhon,1495876,Club Brugge KV,2888,0,7,6.76,1.11,1.96,17,3,15,15,4,1,0,809,23,accurateLongBallsPercentage,BEL,2025-2026,datafc_sofascore,2026-08-09T08:07:33.988763
38,77040,Hyeon-gyu Oh,1010634,KRC Genk,2890,6,3,6.77,7.63,1.49,49,24,17,6,10,2,0,1116,20,accurateLongBallsPercentage,BEL,2025-2026,datafc_sofascore,2026-08-09T08:07:33.988763
38,77040,Wilfried Kanga,838640,KAA Gent,2903,12,4,6.71,15.13,1.71,90,37,27,8,8,4,0,2836,36,accurateLongBallsPercentage,BEL,2025-2026,datafc_sofascore,2026-08-09T08:07:33.988763
38,77040,Mukhammadali Urinboev,1154566,Royal Antwerp FC,2889,0,0,6.7,0.12,0.17,3,0,3,1,4,0,0,136,5,accurateLongBallsPercentage,BEL,2025-2026,datafc_sofascore,2026-08-09T08:07:33.988763
38,77040,Nicolò Tresoldi,1177167,Club Brugge KV,2888,19,5,6.99,16.6,3.73,101,39,38,19,29,1,0,2507,40,accurateLongBallsPercentage,BEL,2025-2026,datafc_sofascore,2026-08-09T08:07:33.988763
38,77040,Eric N'jo,1189787,RFC Liège,389226,0,0,6.6,0.06,0.02,2,0,0,3,2,0,0,149,2,accurateLongBallsPercentage,BEL,2025-2026,datafc_sofascore,2026-08-09T08:07:33.988763
38,77040,Mohammed Fuseini,1212237,Royale Union Saint-Gilloise,4860,1,0,6.4,2.23,0.79,16,5,11,2,4,0,0,599,21,accurateLongBallsPercentage,BEL,2025-2026,datafc_sofascore,2026-08-09T08:07:33.988763
38,77040,Yassine Khalifi,1126852,RC Sporting Charleroi,2898,0,1,6.82,0.1,0.57,3,0,6,5,15,2,0,625,20,accurateLongBallsPercentage,BEL,2025-2026,datafc_sofascore,2026-08-09T08:07:33.988763
38,77040,Martin Wasinski,1131054,RFC Liège,389226,0,0,6.95,0.11,0.38,1,1,3,1,2,1,0,180,2,accurateLongBallsPercentage,BEL,2025-2026,datafc_sofascore,2026-08-09T08:07:33.988763
38,77040,Hans Vanaken,118085,Club Brugge KV,2888,7,3,7.45,8.38,8.0,58,21,67,15,38,2,0,3366,39,accurateLongBallsPercentage,BEL,2025-2026,datafc_sofascore,2026-08-09T08:07:33.988763
38,77040,Ken Masui,1125634,K. Beerschot V.A.,169260,0,0,6.65,0.1,0.79,2,1,2,5,1,1,0,229,4,accurateLongBallsPercentage,BEL,2025-2026,datafc_sofascore,2026-08-09T08:07:33.988763
38,77040,Romeo Vermant,1069336,Club Brugge KV,2888,8,2,6.64,6.53,1.09,48,19,15,5,19,3,0,1338,35,accurateLongBallsPercentage,BEL,2025-2026,datafc_sofascore,2026-08-09T08:07:33.988763
38,77040,Jelle Vossen,45946,SV Zulte Waregem,2933,2,0,6.61,2.6,0.36,18,7,5,2,4,0,0,484,17,accurateLongBallsPercentage,BEL,2025-2026,datafc_sofascore,2026-08-09T08:07:33.988763
38,77040,Mathias Delorge,1124749,KAA Gent,2903,0,3,7.01,0.27,2.13,9,4,17,2,30,1,0,1383,20,accurateLongBallsPercentage,BEL,2025-2026,datafc_sofascore,2026-08-09T08:07:33.988763
38,77040,Andrés Ferrari,1177406,Sint-Truidense VV,2895,3,1,6.62,4.29,0.39,32,8,8,12,15,4,0,869,20,accurateLongBallsPercentage,BEL,2025-2026,datafc_sofascore,2026-08-09T08:07:33.988763
38,77040,Parfait Guiagon,1030459,RC Sporting Charleroi,2898,9,5,7.08,7.78,5.5,80,22,52,73,30,6,0,2555,33,accurateLongBallsPercentage,BEL,2025-2026,datafc_sofascore,2026-08-09T08:07:33.988763
38,77040,Alan Minda,1122552,Cercle Brugge,2929,3,2,6.86,2.77,1.19,27,12,10,20,3,0,0,974,17,accurateLongBallsPercentage,BEL,2025-2026,datafc_sofascore,2026-08-09T08:07:33.988763
38,77040,Isa Sakamoto,1126245,KVC Westerlo,2893,6,4,6.67,7.98,2.85,66,21,32,62,43,1,0,3021,38,accurateLongBallsPercentage,BEL,2025-2026,datafc_sofascore,2026-08-09T08:07:33.988763
38,77040,Isaac Mbenza,789000,RC Sporting Charleroi,2898,0,0,6.83,0.13,0.87,2,1,7,3,1,1,0,187,4,accurateLongBallsPercentage,BEL,2025-2026,datafc_sofascore,2026-08-09T08:07:33.988763
38,77040,Kaito Matsuzawa,1514300,Sint-Truidense VV,2895,2,2,6.76,3.41,2.03,23,8,14,28,11,1,0,705,32,accurateLongBallsPercentage,BEL,2025-2026,datafc_sofascore,2026-08-09T08:07:33.988763
38,77040,Makaya Ibrahima Diaby,1473492,Cercle Brugge,2929,2,1,6.7,2.24,0.73,18,7,5,13,35,4,1,1039,26,accurateLongBallsPercentage,BEL,2025-2026,datafc_sofascore,2026-08-09T08:07:33.988763
38,77040,Ryotaro Ito,831697,Sint-Truidense VV,2895,10,5,7.28,8.51,8.81,73,27,102,19,20,1,0,2838,35,accurateLongBallsPercentage,BEL,2025-2026,datafc_sofascore,2026-08-09T08:07:33.988763
38,77040,Yassine Titraoui,1094538,RC Sporting Charleroi,2898,5,1,7.23,2.9,3.78,53,20,31,26,58,7,0,2904,35,accurateLongBallsPercentage,BEL,2025-2026,datafc_sofascore,2026-08-09T08:07:33.988763
38,77040,Tibe De Vlieger,1396529,KAA Gent,2903,1,0,7.21,1.4,0.97,16,1,13,9,59,5,0,1696,25,accurateLongBallsPercentage,BEL,2025-2026,datafc_sofascore,2026-08-09T08:07:33.988763
38,77040,Mihajlo Cvetković,1427166,RSC Anderlecht,2900,9,2,6.6,7.58,1.0,41,21,17,8,15,4,1,1631,29,accurateLongBallsPercentage,BEL,2025-2026,datafc_sofascore,2026-08-09T08:07:33.988763
38,77040,Jorne Spileers,1104897,Club Brugge KV,2888,0,1,6.83,0.12,0.28,3,0,2,3,21,4,0,1218,23,accurateLongBallsPercentage,BEL,2025-2026,datafc_sofascore,2026-08-09T08:07:33.988763
38,77040,Joseph Opoku,1922407,SV Zulte Waregem,2933,10,6,6.91,10.15,3.62,69,25,46,37,16,2,0,2458,33,accurateLongBallsPercentage,BEL,2025-2026,datafc_sofascore,2026-08-09T08:07:33.988763
38,77040,Abdelkahar Kadri,1007528,KAA Gent,2903,2,5,6.89,2.42,2.53,27,9,32,24,43,5,0,2076,33,accurateLongBallsPercentage,BEL,2025-2026,datafc_sofascore,2026-08-09T08:07:33.988763
38,77040,Lynnt Audoor,1067539,Club Brugge KV,2888,0,1,6.88,,0.27,0,0,3,3,8,0,0,203,7,accurateLongBallsPercentage,BEL,2025-2026,datafc_sofascore,2026-08-09T08:07:33.988763
38,77040,Lautaro López,1402669,Lommel SK,5046,0,1,6.83,0.02,0.45,4,1,2,3,9,1,0,383,6,accurateLongBallsPercentage,BEL,2025-2026,datafc_sofascore,2026-08-09T08:07:33.988763
38,77040,Žan Rogelj,888605,RC Sporting Charleroi,2898,0,0,6.8,,0.31,0,0,1,1,2,0,0,152,2,accurateLongBallsPercentage,BEL,2025-2026,datafc_sofascore,2026-08-09T08:07:33.988763
38,77040,Cisse Sandra,1004449,Club Brugge KV,2888,1,1,6.71,1.15,1.03,15,4,10,2,8,2,0,608,16,accurateLongBallsPercentage,BEL,2025-2026,datafc_sofascore,2026-08-09T08:07:33.988763
38,77040,Aaron Bibout,1502620,KRC Genk,2890,6,0,6.68,8.1,0.79,49,17,8,9,6,0,0,1165,21,accurateLongBallsPercentage,BEL,2025-2026,datafc_sofascore,2026-08-09T08:07:33.988763
38,77040,Hélio Varela,1094395,KAA Gent,2903,0,0,6.67,0.05,0.17,2,0,1,4,0,0,0,163,3,accurateLongBallsPercentage,BEL,2025-2026,datafc_sofascore,2026-08-09T08:07:33.988763
38,77040,Aimé Omgba,1459382,KAA Gent,2903,0,0,6.65,0.57,0.49,5,2,8,1,13,0,0,440,20,accurateLongBallsPercentage,BEL,2025-2026,datafc_sofascore,2026-08-09T08:07:33.988763
38,77040,Benito Raman,94300,KV Mechelen,5044,3,3,6.65,4.82,1.09,28,10,13,11,11,0,0,1087,29,accurateLongBallsPercentage,BEL,2025-2026,datafc_sofascore,2026-08-09T08:07:33.988763
38,77040,Milan Robberechts,1128428,Patro Eisden Maasmechelen,35076,0,1,6.65,0.19,0.29,3,2,3,3,3,1,0,173,2,accurateLongBallsPercentage,BEL,2025-2026,datafc_sofascore,2026-08-09T08:07:33.988763
38,77040,Mouhamed Belkheir,928920,RAAL La Louvière,368506,0,0,6.6,0.48,0.17,4,2,0,2,1,0,0,167,3,accurateLongBallsPercentage,BEL,2025-2026,datafc_sofascore,2026-08-09T08:07:33.988763
38,77040,Mahamadou Diawara,1402751,Royal Antwerp FC,2889,0,0,6.6,0.08,0.09,2,1,1,1,8,1,0,401,8,accurateLongBallsPercentage,BEL,2025-2026,datafc_sofascore,2026-08-09T08:07:33.988763
38,77040,Luis Vázquez,974713,RSC Anderlecht,2900,2,0,6.59,2.9,0.38,22,10,8,3,9,2,0,708,14,accurateLongBallsPercentage,BEL,2025-2026,datafc_sofascore,2026-08-09T08:07:33.988763
38,77040,Ibrahima Cisse,2445106,KAA Gent,2903,1,0,6.53,0.67,0.22,9,2,2,5,9,1,0,326,12,accurateLongBallsPercentage,BEL,2025-2026,datafc_sofascore,2026-08-09T08:07:33.988763
38,77040,Guillaume François,45897,Royale Union Saint-Gilloise,4860,0,0,6.3,,0.01,0,0,0,0,0,0,0,22,2,accurateLongBallsPercentage,BEL,2025-2026,datafc_sofascore,2026-08-09T08:07:33.988763
38,77040,Christos Tzolis,1031259,Club Brugge KV,2888,17,23,7.71,17.4,15.94,123,44,135,40,29,6,0,3072,36,accurateLongBallsPercentage,BEL,2025-2026,datafc_sofascore,2026-08-09T08:07:33.988763
38,77040,Patrik Hrošovský,198282,KRC Genk,2890,1,1,6.94,1.52,1.12,24,8,13,8,18,0,0,1002,16,accurateLongBallsPercentage,BEL,2025-2026,datafc_sofascore,2026-08-09T08:07:33.988763
38,77040,Jeremy Petris,910937,RC Sporting Charleroi,2898,0,0,6.92,,0.29,0,0,2,7,5,0,0,376,5,accurateLongBallsPercentage,BEL,2025-2026,datafc_sofascore,2026-08-09T08:07:33.988763
38,77040,Amine Boukamir,1469056,RC Sporting Charleroi,2898,0,0,6.99,,0.12,0,0,2,1,18,1,0,458,7,accurateLongBallsPercentage,BEL,2025-2026,datafc_sofascore,2026-08-09T08:07:33.988763
38,77040,Mario Stroeykens,1101702,RSC Anderlecht,2900,1,0,6.64,1.14,1.45,16,3,10,4,12,2,0,806,23,accurateLongBallsPercentage,BEL,2025-2026,datafc_sofascore,2026-08-09T08:07:33.988763
38,77040,Nathan-Dylan Saliba,1093229,RSC Anderlecht,2900,3,1,6.86,3.27,2.58,59,15,26,19,75,12,1,2319,34,accurateLongBallsPercentage,BEL,2025-2026,datafc_sofascore,2026-08-09T08:07:33.988763
38,77040,Kerim Mrabti,338869,KV Mechelen,5044,5,3,6.81,3.37,1.81,29,10,20,8,31,5,0,2300,33,accurateLongBallsPercentage,BEL,2025-2026,datafc_sofascore,2026-08-09T08:07:33.988763
38,77040,Patrick Pflücke,281283,RC Sporting Charleroi,2898,4,8,6.97,5.54,8.28,63,22,67,9,22,0,0,2670,41,accurateLongBallsPercentage,BEL,2025-2026,datafc_sofascore,2026-08-09T08:07:33.988763
38,77040,Ibrahima Sory Bangoura,1396027,KRC Genk,2890,0,0,6.72,0.92,0.45,8,3,9,14,59,5,0,1531,28,accurateLongBallsPercentage,BEL,2025-2026,datafc_sofascore,2026-08-09T08:07:33.988763
38,77040,Vincent Janssen,339901,Royal Antwerp FC,2889,10,7,6.87,12.99,3.46,91,30,33,21,29,8,0,3088,35,accurateLongBallsPercentage,BEL,2025-2026,datafc_sofascore,2026-08-09T08:07:33.988763
38,77040,Shandre Campbell,1518101,Club Brugge KV,2888,1,0,6.77,0.2,0.19,5,1,3,4,5,1,0,119,11,accurateLongBallsPercentage,BEL,2025-2026,datafc_sofascore,2026-08-09T08:07:33.988763
38,77040,Marwan Al-Sahafi,1474689,Royal Antwerp FC,2889,1,0,6.66,2.92,1.36,19,5,10,17,13,2,0,1330,24,accurateLongBallsPercentage,BEL,2025-2026,datafc_sofascore,2026-08-09T08:07:33.988763
38,77040,Jarne Steuckers,1099462,KRC Genk,2890,0,6,6.96,2.06,6.27,30,8,54,15,9,1,0,1504,30,accurateLongBallsPercentage,BEL,2025-2026,datafc_sofascore,2026-08-09T08:07:33.988763
38,77040,Raphael Onyedika,1129862,Club Brugge KV,2888,1,0,6.86,2.76,1.16,29,11,10,16,42,3,0,1995,30,accurateLongBallsPercentage,BEL,2025-2026,datafc_sofascore,2026-08-09T08:07:33.988763
38,77040,Arbnor Muja,890695,Sint-Truidense VV,2895,6,2,6.91,5.76,4.41,43,16,28,21,24,3,1,1855,26,accurateLongBallsPercentage,BEL,2025-2026,datafc_sofascore,2026-08-09T08:07:33.988763
38,77040,Thomas Henry,795541,Standard Liège,2901,3,2,6.47,3.2,0.58,16,6,10,4,6,5,1,1360,21,accurateLongBallsPercentage,BEL,2025-2026,datafc_sofascore,2026-08-09T08:07:33.988763
38,77040,Thomas Claes,1188173,SV Zulte Waregem,2933,2,1,6.85,2.45,3.5,50,16,32,19,52,3,0,2784,34,accurateLongBallsPercentage,BEL,2025-2026,datafc_sofascore,2026-08-09T08:07:33.988763
38,77040,Bruny Nsimba,1047536,FCV Dender,389232,9,4,6.8,10.1,3.3,60,22,24,20,17,3,0,1905,30,accurateLongBallsPercentage,BEL,2025-2026,datafc_sofascore,2026-08-09T08:07:33.988763
38,77040,Roman Neustädter,38471,KVC Westerlo,2893,0,0,6.85,0.33,0.58,5,1,4,0,14,3,0,1392,18,accurateLongBallsPercentage,BEL,2025-2026,datafc_sofascore,2026-08-09T08:07:33.988763
38,77040,Guilherme Smith,1820381,Royale Union Saint-Gilloise,4860,4,2,7.08,0.98,1.96,21,7,15,28,33,4,0,1546,22,accurateLongBallsPercentage,BEL,2025-2026,datafc_sofascore,2026-08-09T08:07:33.988763
38,77040,Rafiki Saïd,1047321,Standard Liège,2901,8,4,7.07,10.2,4.41,90,32,28,69,30,4,0,2756,37,accurateLongBallsPercentage,BEL,2025-2026,datafc_sofascore,2026-08-09T08:07:33.988763
38,77040,Etienne Camara,1097542,RC Sporting Charleroi,2898,2,3,6.83,1.19,1.37,20,7,20,19,94,11,1,3034,38,accurateLongBallsPercentage,BEL,2025-2026,datafc_sofascore,2026-08-09T08:07:33.988763
38,77040,Thorgan Hazard,94286,RSC Anderlecht,2900,13,7,7.04,11.91,8.06,74,31,78,38,38,6,1,2722,36,accurateLongBallsPercentage,BEL,2025-2026,datafc_sofascore,2026-08-09T08:07:33.988763
38,77040,Thomas Van den Keybus,997164,KVC Westerlo,2893,1,0,6.61,1.98,0.89,30,8,12,10,27,3,0,1140,32,accurateLongBallsPercentage,BEL,2025-2026,datafc_sofascore,2026-08-09T08:07:33.988763
38,77040,Brian Plat,980673,K. Beerschot V.A.,169260,1,0,7.1,1.26,0.19,5,4,0,0,2,0,0,390,4,accurateLongBallsPercentage,BEL,2025-2026,datafc_sofascore,2026-08-09T08:07:33.988763
38,77040,Visar Musliu,134231,Sint-Truidense VV,2895,0,0,7.12,1.16,0.58,17,3,4,6,39,4,0,2519,30,accurateLongBallsPercentage,BEL,2025-2026,datafc_sofascore,2026-08-09T08:07:33.988763
38,77040,Enric Llansana,916951,RSC Anderlecht,2900,0,1,6.75,1.22,1.72,18,1,18,3,62,7,0,1709,29,accurateLongBallsPercentage,BEL,2025-2026,datafc_sofascore,2026-08-09T08:07:33.988763
38,77040,Konstantinos Karetsas,1468744,KRC Genk,2890,0,10,6.91,4.62,7.63,68,27,68,59,30,3,0,2247,34,accurateLongBallsPercentage,BEL,2025-2026,datafc_sofascore,2026-08-09T08:07:33.988763
38,77040,Mahamadou Doumbia,1400846,Royal Antwerp FC,2889,2,1,7.25,1.8,0.37,10,3,7,17,4,2,0,528,6,accurateLongBallsPercentage,BEL,2025-2026,datafc_sofascore,2026-08-09T08:07:33.988763
38,77040,Daan Heymans,845344,KRC Genk,2890,10,4,6.98,7.98,2.96,61,25,33,11,50,3,0,2362,31,accurateLongBallsPercentage,BEL,2025-2026,datafc_sofascore,2026-08-09T08:07:33.988763
38,77040,Tom Reyners,965779,Lommel SK,5046,1,1,6.82,0.34,0.68,7,3,6,5,7,0,0,518,6,accurateLongBallsPercentage,BEL,2025-2026,datafc_sofascore,2026-08-09T08:07:33.988763
38,77040,Griffin Yow,979808,KVC Westerlo,2893,3,0,6.81,2.06,0.64,24,7,8,15,17,0,0,664,16,accurateLongBallsPercentage,BEL,2025-2026,datafc_sofascore,2026-08-09T08:07:33.988763
38,77040,Maxim Kireev,1409866,KV Mechelen,5044,0,0,6.72,0.31,0.76,5,1,3,9,7,1,0,317,13,accurateLongBallsPercentage,BEL,2025-2026,datafc_sofascore,2026-08-09T08:07:33.988763
38,77040,Momodou Sonko,1135616,KAA Gent,2903,0,2,6.67,1.16,3.54,20,2,20,17,10,2,0,868,28,accurateLongBallsPercentage,BEL,2025-2026,datafc_sofascore,2026-08-09T08:07:33.988763
38,77040,Modibo Fofana,2602250,Royal Antwerp FC,2889,1,0,7.45,0.22,0.1,4,1,1,2,3,0,0,35,2,accurateLongBallsPercentage,BEL,2025-2026,datafc_sofascore,2026-08-09T08:07:33.988763
38,77040,Milan Govaers,1427490,K. Beerschot V.A.,169260,0,0,7.4,,0.01,0,0,0,0,0,0,0,13,1,accurateLongBallsPercentage,BEL,2025-2026,datafc_sofascore,2026-08-09T08:07:33.988763
38,77040,Michel Ange Balikwisha,923969,Royal Antwerp FC,2889,1,0,7.05,0.95,0.1,3,2,4,2,11,0,0,347,4,accurateLongBallsPercentage,BEL,2025-2026,datafc_sofascore,2026-08-09T08:07:33.988763
38,77040,Radja Nainggolan,44001,Patro Eisden Maasmechelen,35076,1,0,7.0,0.56,0.03,9,2,3,0,0,0,0,157,2,accurateLongBallsPercentage,BEL,2025-2026,datafc_sofascore,2026-08-09T08:07:33.988763
38,77040,Lucas Bretelle,1389913,RAAL La Louvière,368506,0,1,7.0,,0.16,0,0,1,0,1,0,0,13,1,accurateLongBallsPercentage,BEL,2025-2026,datafc_sofascore,2026-08-09T08:07:33.988763
38,77040,Tolu Arokodare,987734,KRC Genk,2890,1,0,6.93,0.27,0.09,6,2,0,3,0,0,0,80,4,accurateLongBallsPercentage,BEL,2025-2026,datafc_sofascore,2026-08-09T08:07:33.988763
38,77040,Basile Vroninks,1929417,RSC Anderlecht,2900,0,0,6.9,,0.14,0,0,1,1,1,0,0,45,1,accurateLongBallsPercentage,BEL,2025-2026,datafc_sofascore,2026-08-09T08:07:33.988763
38,77040,D'Margio Wright-Phillips,1018367,K. Beerschot V.A.,169260,1,0,6.83,1.14,0.54,5,2,3,0,0,0,0,202,4,accurateLongBallsPercentage,BEL,2025-2026,datafc_sofascore,2026-08-09T08:07:33.988763
38,77040,Luca Schelfhout,2487802,Royal Antwerp FC,2889,0,0,6.8,,0.01,0,0,0,0,3,0,0,43,2,accurateLongBallsPercentage,BEL,2025-2026,datafc_sofascore,2026-08-09T08:07:33.988763
38,77040,Quentin Benaets,1396504,RC Sporting Charleroi,2898,0,0,6.7,,0.0,0,0,0,0,0,0,0,12,1,accurateLongBallsPercentage,BEL,2025-2026,datafc_sofascore,2026-08-09T08:07:33.988763
38,77040,Yoann Cissé,1897486,RC Sporting Charleroi,2898,0,0,6.7,0.07,0.41,2,1,2,0,0,0,0,37,5,accurateLongBallsPercentage,BEL,2025-2026,datafc_sofascore,2026-08-09T08:07:33.988763
38,77040,Marc Giger,1406947,Royale Union Saint-Gilloise,4860,3,1,6.67,3.19,1.06,15,8,7,8,12,3,0,500,16,accurateLongBallsPercentage,BEL,2025-2026,datafc_sofascore,2026-08-09T08:07:33.988763
38,77040,Wolke Janssens,794418,Sint-Truidense VV,2895,0,0,6.67,,0.03,0,0,0,2,3,0,0,47,7,accurateLongBallsPercentage,BEL,2025-2026,datafc_sofascore,2026-08-09T08:07:33.988763
38,77040,Kayden Pierre,1063222,KRC Genk,2890,0,1,6.6,,0.05,0,0,1,0,1,0,0,35,1,accurateLongBallsPercentage,BEL,2025-2026,datafc_sofascore,2026-08-09T08:07:33.988763
38,77040,Argus Vanden Driessche,1403045,Club Brugge KV,2888,0,0,6.6,,0.0,0,0,0,0,0,0,0,12,1,accurateLongBallsPercentage,BEL,2025-2026,datafc_sofascore,2026-08-09T08:07:33.988763
38,77040,Krys Kouassi,2001165,Cercle Brugge,2929,0,0,6.6,0.17,0.06,3,0,1,0,1,1,0,140,12,accurateLongBallsPercentage,BEL,2025-2026,datafc_sofascore,2026-08-09T08:07:33.988763
38,77040,Alessio Castro-Montes,839898,Royale Union Saint-Gilloise,4860,0,0,6.56,0.43,0.1,1,0,1,0,4,0,0,149,5,accurateLongBallsPercentage,BEL,2025-2026,datafc_sofascore,2026-08-09T08:07:33.988763
38,77040,Jeff Godelaine,1546047,Royal Antwerp FC,2889,0,0,6.5,0.13,0.0,1,0,0,0,0,0,0,15,1,accurateLongBallsPercentage,BEL,2025-2026,datafc_sofascore,2026-08-09T08:07:33.988763
38,77040,Geoffry Hairemans,58917,Royal Antwerp FC,2889,0,0,6.47,0.82,0.16,2,0,2,0,0,0,0,105,4,accurateLongBallsPercentage,BEL,2025-2026,datafc_sofascore,2026-08-09T08:07:33.988763
38,77040,Jusef Erabi,1106649,KRC Genk,2890,1,0,6.43,1.49,0.32,14,6,4,1,6,2,0,475,15,accurateLongBallsPercentage,BEL,2025-2026,datafc_sofascore,2026-08-09T08:07:33.988763
38,77040,René Mitongo,1931567,Standard Liège,2901,0,0,6.4,0.16,0.07,2,0,2,2,0,0,0,164,7,accurateLongBallsPercentage,BEL,2025-2026,datafc_sofascore,2026-08-09T08:07:33.988763
38,77040,August De Wannemacker,1931420,KRC Genk,2890,0,0,6.4,0.08,0.07,1,1,1,2,1,0,0,58,4,accurateLongBallsPercentage,BEL,2025-2026,datafc_sofascore,2026-08-09T08:07:33.988763
38,77040,Arnaud Dony,1177319,Patro Eisden Maasmechelen,35076,0,0,6.4,0.04,0.0,1,1,0,0,1,0,0,10,2,accurateLongBallsPercentage,BEL,2025-2026,datafc_sofascore,2026-08-09T08:07:33.988763
38,77040,Theo Epailly,904995,RAAL La Louvière,368506,0,0,6.33,0.09,0.02,1,0,1,0,0,0,0,92,4,accurateLongBallsPercentage,BEL,2025-2026,datafc_sofascore,2026-08-09T08:07:33.988763
38,77040,Mamadou Diakhon,1495876,Club Brugge KV,2888,0,7,6.76,1.11,1.96,17,3,15,15,4,1,0,809,23,accurateLongBallsPercentage,BEL,2025-2026,datafc_sofascore,2026-08-09T08:07:33.988763
38,77040,Hyeon-gyu Oh,1010634,KRC Genk,2890,6,3,6.77,7.63,1.49,49,24,17,6,10,2,0,1116,20,accurateLongBallsPercentage,BEL,2025-2026,datafc_sofascore,2026-08-09T08:07:33.988763
38,77040,Wilfried Kanga,838640,KAA Gent,2903,12,4,6.71,15.13,1.71,90,37,27,8,8,4,0,2836,36,accurateLongBallsPercentage,BEL,2025-2026,datafc_sofascore,2026-08-09T08:07:33.988763
38,77040,Mukhammadali Urinboev,1154566,Royal Antwerp FC,2889,0,0,6.7,0.12,0.17,3,0,3,1,4,0,0,136,5,accurateLongBallsPercentage,BEL,2025-2026,datafc_sofascore,2026-08-09T08:07:33.988763
38,77040,Nicolò Tresoldi,1177167,Club Brugge KV,2888,19,5,6.99,16.6,3.73,101,39,38,19,29,1,0,2507,40,accurateLongBallsPercentage,BEL,2025-2026,datafc_sofascore,2026-08-09T08:07:33.988763
38,77040,Eric N'jo,1189787,RFC Liège,389226,0,0,6.6,0.06,0.02,2,0,0,3,2,0,0,149,2,accurateLongBallsPercentage,BEL,2025-2026,datafc_sofascore,2026-08-09T08:07:33.988763
38,77040,Mohammed Fuseini,1212237,Royale Union Saint-Gilloise,4860,1,0,6.4,2.23,0.79,16,5,11,2,4,0,0,599,21,accurateLongBallsPercentage,BEL,2025-2026,datafc_sofascore,2026-08-09T08:07:33.988763
38,77040,Yassine Khalifi,1126852,RC Sporting Charleroi,2898,0,1,6.82,0.1,0.57,3,0,6,5,15,2,0,625,20,accurateLongBallsPercentage,BEL,2025-2026,datafc_sofascore,2026-08-09T08:07:33.988763
38,77040,Martin Wasinski,1131054,RFC Liège,389226,0,0,6.95,0.11,0.38,1,1,3,1,2,1,0,180,2,accurateLongBallsPercentage,BEL,2025-2026,datafc_sofascore,2026-08-09T08:07:33.988763
38,77040,Hans Vanaken,118085,Club Brugge KV,2888,7,3,7.45,8.38,8.0,58,21,67,15,38,2,0,3366,39,accurateLongBallsPercentage,BEL,2025-2026,datafc_sofascore,2026-08-09T08:07:33.988763
38,77040,Ken Masui,1125634,K. Beerschot V.A.,169260,0,0,6.65,0.1,0.79,2,1,2,5,1,1,0,229,4,accurateLongBallsPercentage,BEL,2025-2026,datafc_sofascore,2026-08-09T08:07:33.988763
38,77040,Romeo Vermant,1069336,Club Brugge KV,2888,8,2,6.64,6.53,1.09,48,19,15,5,19,3,0,1338,35,accurateLongBallsPercentage,BEL,2025-2026,datafc_sofascore,2026-08-09T08:07:33.988763
38,77040,Jelle Vossen,45946,SV Zulte Waregem,2933,2,0,6.61,2.6,0.36,18,7,5,2,4,0,0,484,17,accurateLongBallsPercentage,BEL,2025-2026,datafc_sofascore,2026-08-09T08:07:33.988763
38,77040,Mathias Delorge,1124749,KAA Gent,2903,0,3,7.01,0.27,2.13,9,4,17,2,30,1,0,1383,20,accurateLongBallsPercentage,BEL,2025-2026,datafc_sofascore,2026-08-09T08:07:33.988763
38,77040,Andrés Ferrari,1177406,Sint-Truidense VV,2895,3,1,6.62,4.29,0.39,32,8,8,12,15,4,0,869,20,accurateLongBallsPercentage,BEL,2025-2026,datafc_sofascore,2026-08-09T08:07:33.988763
38,77040,Parfait Guiagon,1030459,RC Sporting Charleroi,2898,9,5,7.08,7.78,5.5,80,22,52,73,30,6,0,2555,33,accurateLongBallsPercentage,BEL,2025-2026,datafc_sofascore,2026-08-09T08:07:33.988763
38,77040,Alan Minda,1122552,Cercle Brugge,2929,3,2,6.86,2.77,1.19,27,12,10,20,3,0,0,974,17,accurateLongBallsPercentage,BEL,2025-2026,datafc_sofascore,2026-08-09T08:07:33.988763
38,77040,Isa Sakamoto,1126245,KVC Westerlo,2893,6,4,6.67,7.98,2.85,66,21,32,62,43,1,0,3021,38,accurateLongBallsPercentage,BEL,2025-2026,datafc_sofascore,2026-08-09T08:07:33.988763
38,77040,Isaac Mbenza,789000,RC Sporting Charleroi,2898,0,0,6.83,0.13,0.87,2,1,7,3,1,1,0,187,4,accurateLongBallsPercentage,BEL,2025-2026,datafc_sofascore,2026-08-09T08:07:33.988763
38,77040,Kaito Matsuzawa,1514300,Sint-Truidense VV,2895,2,2,6.76,3.41,2.03,23,8,14,28,11,1,0,705,32,accurateLongBallsPercentage,BEL,2025-2026,datafc_sofascore,2026-08-09T08:07:33.988763
38,77040,Makaya Ibrahima Diaby,1473492,Cercle Brugge,2929,2,1,6.7,2.24,0.73,18,7,5,13,35,4,1,1039,26,accurateLongBallsPercentage,BEL,2025-2026,datafc_sofascore,2026-08-09T08:07:33.988763
38,77040,Ryotaro Ito,831697,Sint-Truidense VV,2895,10,5,7.28,8.51,8.81,73,27,102,19,20,1,0,2838,35,accurateLongBallsPercentage,BEL,2025-2026,datafc_sofascore,2026-08-09T08:07:33.988763
38,77040,Yassine Titraoui,1094538,RC Sporting Charleroi,2898,5,1,7.23,2.9,3.78,53,20,31,26,58,7,0,2904,35,accurateLongBallsPercentage,BEL,2025-2026,datafc_sofascore,2026-08-09T08:07:33.988763
38,77040,Tibe De Vlieger,1396529,KAA Gent,2903,1,0,7.21,1.4,0.97,16,1,13,9,59,5,0,1696,25,accurateLongBallsPercentage,BEL,2025-2026,datafc_sofascore,2026-08-09T08:07:33.988763
38,77040,Mihajlo Cvetković,1427166,RSC Anderlecht,2900,9,2,6.6,7.58,1.0,41,21,17,8,15,4,1,1631,29,accurateLongBallsPercentage,BEL,2025-2026,datafc_sofascore,2026-08-09T08:07:33.988763
38,77040,Jorne Spileers,1104897,Club Brugge KV,2888,0,1,6.83,0.12,0.28,3,0,2,3,21,4,0,1218,23,accurateLongBallsPercentage,BEL,2025-2026,datafc_sofascore,2026-08-09T08:07:33.988763
38,77040,Joseph Opoku,1922407,SV Zulte Waregem,2933,10,6,6.91,10.15,3.62,69,25,46,37,16,2,0,2458,33,accurateLongBallsPercentage,BEL,2025-2026,datafc_sofascore,2026-08-09T08:07:33.988763
38,77040,Abdelkahar Kadri,1007528,KAA Gent,2903,2,5,6.89,2.42,2.53,27,9,32,24,43,5,0,2076,33,accurateLongBallsPercentage,BEL,2025-2026,datafc_sofascore,2026-08-09T08:07:33.988763
38,77040,Lynnt Audoor,1067539,Club Brugge KV,2888,0,1,6.88,,0.27,0,0,3,3,8,0,0,203,7,accurateLongBallsPercentage,BEL,2025-2026,datafc_sofascore,2026-08-09T08:07:33.988763
38,77040,Lautaro López,1402669,Lommel SK,5046,0,1,6.83,0.02,0.45,4,1,2,3,9,1,0,383,6,accurateLongBallsPercentage,BEL,2025-2026,datafc_sofascore,2026-08-09T08:07:33.988763
38,77040,Žan Rogelj,888605,RC Sporting Charleroi,2898,0,0,6.8,,0.31,0,0,1,1,2,0,0,152,2,accurateLongBallsPercentage,BEL,2025-2026,datafc_sofascore,2026-08-09T08:07:33.988763
38,77040,Cisse Sandra,1004449,Club Brugge KV,2888,1,1,6.71,1.15,1.03,15,4,10,2,8,2,0,608,16,accurateLongBallsPercentage,BEL,2025-2026,datafc_sofascore,2026-08-09T08:07:33.988763
38,77040,Aaron Bibout,1502620,KRC Genk,2890,6,0,6.68,8.1,0.79,49,17,8,9,6,0,0,1165,21,accurateLongBallsPercentage,BEL,2025-2026,datafc_sofascore,2026-08-09T08:07:33.988763
38,77040,Hélio Varela,1094395,KAA Gent,2903,0,0,6.67,0.05,0.17,2,0,1,4,0,0,0,163,3,accurateLongBallsPercentage,BEL,2025-2026,datafc_sofascore,2026-08-09T08:07:33.988763
38,77040,Aimé Omgba,1459382,KAA Gent,2903,0,0,6.65,0.57,0.49,5,2,8,1,13,0,0,440,20,accurateLongBallsPercentage,BEL,2025-2026,datafc_sofascore,2026-08-09T08:07:33.988763
38,77040,Benito Raman,94300,KV Mechelen,5044,3,3,6.65,4.82,1.09,28,10,13,11,11,0,0,1087,29,accurateLongBallsPercentage,BEL,2025-2026,datafc_sofascore,2026-08-09T08:07:33.988763
38,77040,Milan Robberechts,1128428,Patro Eisden Maasmechelen,35076,0,1,6.65,0.19,0.29,3,2,3,3,3,1,0,173,2,accurateLongBallsPercentage,BEL,2025-2026,datafc_sofascore,2026-08-09T08:07:33.988763
38,77040,Mouhamed Belkheir,928920,RAAL La Louvière,368506,0,0,6.6,0.48,0.17,4,2,0,2,1,0,0,167,3,accurateLongBallsPercentage,BEL,2025-2026,datafc_sofascore,2026-08-09T08:07:33.988763
38,77040,Mahamadou Diawara,1402751,Royal Antwerp FC,2889,0,0,6.6,0.08,0.09,2,1,1,1,8,1,0,401,8,accurateLongBallsPercentage,BEL,2025-2026,datafc_sofascore,2026-08-09T08:07:33.988763
38,77040,Luis Vázquez,974713,RSC Anderlecht,2900,2,0,6.59,2.9,0.38,22,10,8,3,9,2,0,708,14,accurateLongBallsPercentage,BEL,2025-2026,datafc_sofascore,2026-08-09T08:07:33.988763
38,77040,Ibrahima Cisse,2445106,KAA Gent,2903,1,0,6.53,0.67,0.22,9,2,2,5,9,1,0,326,12,accurateLongBallsPercentage,BEL,2025-2026,datafc_sofascore,2026-08-09T08:07:33.988763
38,77040,Guillaume François,45897,Royale Union Saint-Gilloise,4860,0,0,6.3,,0.01,0,0,0,0,0,0,0,22,2,accurateLongBallsPercentage,BEL,2025-2026,datafc_sofascore,2026-08-09T08:07:33.988763
38,77040,Christos Tzolis,1031259,Club Brugge KV,2888,17,23,7.71,17.4,15.94,123,44,135,40,29,6,0,3072,36,accurateLongBallsPercentage,BEL,2025-2026,datafc_sofascore,2026-08-09T08:07:33.988763
38,77040,Patrik Hrošovský,198282,KRC Genk,2890,1,1,6.94,1.52,1.12,24,8,13,8,18,0,0,1002,16,accurateLongBallsPercentage,BEL,2025-2026,datafc_sofascore,2026-08-09T08:07:33.988763
38,77040,Jeremy Petris,910937,RC Sporting Charleroi,2898,0,0,6.92,,0.29,0,0,2,7,5,0,0,376,5,accurateLongBallsPercentage,BEL,2025-2026,datafc_sofascore,2026-08-09T08:07:33.988763
38,77040,Amine Boukamir,1469056,RC Sporting Charleroi,2898,0,0,6.99,,0.12,0,0,2,1,18,1,0,458,7,accurateLongBallsPercentage,BEL,2025-2026,datafc_sofascore,2026-08-09T08:07:33.988763
38,77040,Mario Stroeykens,1101702,RSC Anderlecht,2900,1,0,6.64,1.14,1.45,16,3,10,4,12,2,0,806,23,accurateLongBallsPercentage,BEL,2025-2026,datafc_sofascore,2026-08-09T08:07:33.988763
38,77040,Nathan-Dylan Saliba,1093229,RSC Anderlecht,2900,3,1,6.86,3.27,2.58,59,15,26,19,75,12,1,2319,34,accurateLongBallsPercentage,BEL,2025-2026,datafc_sofascore,2026-08-09T08:07:33.988763
38,77040,Kerim Mrabti,338869,KV Mechelen,5044,5,3,6.81,3.37,1.81,29,10,20,8,31,5,0,2300,33,accurateLongBallsPercentage,BEL,2025-2026,datafc_sofascore,2026-08-09T08:07:33.988763
38,77040,Patrick Pflücke,281283,RC Sporting Charleroi,2898,4,8,6.97,5.54,8.28,63,22,67,9,22,0,0,2670,41,accurateLongBallsPercentage,BEL,2025-2026,datafc_sofascore,2026-08-09T08:07:33.988763
38,77040,Ibrahima Sory Bangoura,1396027,KRC Genk,2890,0,0,6.72,0.92,0.45,8,3,9,14,59,5,0,1531,28,accurateLongBallsPercentage,BEL,2025-2026,datafc_sofascore,2026-08-09T08:07:33.988763
38,77040,Vincent Janssen,339901,Royal Antwerp FC,2889,10,7,6.87,12.99,3.46,91,30,33,21,29,8,0,3088,35,accurateLongBallsPercentage,BEL,2025-2026,datafc_sofascore,2026-08-09T08:07:33.988763
38,77040,Shandre Campbell,1518101,Club Brugge KV,2888,1,0,6.77,0.2,0.19,5,1,3,4,5,1,0,119,11,accurateLongBallsPercentage,BEL,2025-2026,datafc_sofascore,2026-08-09T08:07:33.988763
38,77040,Marwan Al-Sahafi,1474689,Royal Antwerp FC,2889,1,0,6.66,2.92,1.36,19,5,10,17,13,2,0,1330,24,accurateLongBallsPercentage,BEL,2025-2026,datafc_sofascore,2026-08-09T08:07:33.988763
38,77040,Jarne Steuckers,1099462,KRC Genk,2890,0,6,6.96,2.06,6.27,30,8,54,15,9,1,0,1504,30,accurateLongBallsPercentage,BEL,2025-2026,datafc_sofascore,2026-08-09T08:07:33.988763
38,77040,Raphael Onyedika,1129862,Club Brugge KV,2888,1,0,6.86,2.76,1.16,29,11,10,16,42,3,0,1995,30,accurateLongBallsPercentage,BEL,2025-2026,datafc_sofascore,2026-08-09T08:07:33.988763
38,77040,Arbnor Muja,890695,Sint-Truidense VV,2895,6,2,6.91,5.76,4.41,43,16,28,21,24,3,1,1855,26,accurateLongBallsPercentage,BEL,2025-2026,datafc_sofascore,2026-08-09T08:07:33.988763
38,77040,Thomas Henry,795541,Standard Liège,2901,3,2,6.47,3.2,0.58,16,6,10,4,6,5,1,1360,21,accurateLongBallsPercentage,BEL,2025-2026,datafc_sofascore,2026-08-09T08:07:33.988763
38,77040,Thomas Claes,1188173,SV Zulte Waregem,2933,2,1,6.85,2.45,3.5,50,16,32,19,52,3,0,2784,34,accurateLongBallsPercentage,BEL,2025-2026,datafc_sofascore,2026-08-09T08:07:33.988763
38,77040,Bruny Nsimba,1047536,FCV Dender,389232,9,4,6.8,10.1,3.3,60,22,24,20,17,3,0,1905,30,accurateLongBallsPercentage,BEL,2025-2026,datafc_sofascore,2026-08-09T08:07:33.988763
38,77040,Roman Neustädter,38471,KVC Westerlo,2893,0,0,6.85,0.33,0.58,5,1,4,0,14,3,0,1392,18,accurateLongBallsPercentage,BEL,2025-2026,datafc_sofascore,2026-08-09T08:07:33.988763
38,77040,Guilherme Smith,1820381,Royale Union Saint-Gilloise,4860,4,2,7.08,0.98,1.96,21,7,15,28,33,4,0,1546,22,accurateLongBallsPercentage,BEL,2025-2026,datafc_sofascore,2026-08-09T08:07:33.988763
38,77040,Rafiki Saïd,1047321,Standard Liège,2901,8,4,7.07,10.2,4.41,90,32,28,69,30,4,0,2756,37,accurateLongBallsPercentage,BEL,2025-2026,datafc_sofascore,2026-08-09T08:07:33.988763
38,77040,Etienne Camara,1097542,RC Sporting Charleroi,2898,2,3,6.83,1.19,1.37,20,7,20,19,94,11,1,3034,38,accurateLongBallsPercentage,BEL,2025-2026,datafc_sofascore,2026-08-09T08:07:33.988763
38,77040,Thorgan Hazard,94286,RSC Anderlecht,2900,13,7,7.04,11.91,8.06,74,31,78,38,38,6,1,2722,36,accurateLongBallsPercentage,BEL,2025-2026,datafc_sofascore,2026-08-09T08:07:33.988763
38,77040,Thomas Van den Keybus,997164,KVC Westerlo,2893,1,0,6.61,1.98,0.89,30,8,12,10,27,3,0,1140,32,accurateLongBallsPercentage,BEL,2025-2026,datafc_sofascore,2026-08-09T08:07:33.988763
38,77040,Brian Plat,980673,K. Beerschot V.A.,169260,1,0,7.1,1.26,0.19,5,4,0,0,2,0,0,390,4,accurateLongBallsPercentage,BEL,2025-2026,datafc_sofascore,2026-08-09T08:07:33.988763
38,77040,Visar Musliu,134231,Sint-Truidense VV,2895,0,0,7.12,1.16,0.58,17,3,4,6,39,4,0,2519,30,accurateLongBallsPercentage,BEL,2025-2026,datafc_sofascore,2026-08-09T08:07:33.988763
38,77040,Enric Llansana,916951,RSC Anderlecht,2900,0,1,6.75,1.22,1.72,18,1,18,3,62,7,0,1709,29,accurateLongBallsPercentage,BEL,2025-2026,datafc_sofascore,2026-08-09T08:07:33.988763
38,77040,Konstantinos Karetsas,1468744,KRC Genk,2890,0,10,6.91,4.62,7.63,68,27,68,59,30,3,0,2247,34,accurateLongBallsPercentage,BEL,2025-2026,datafc_sofascore,2026-08-09T08:07:33.988763
38,77040,Mahamadou Doumbia,1400846,Royal Antwerp FC,2889,2,1,7.25,1.8,0.37,10,3,7,17,4,2,0,528,6,accurateLongBallsPercentage,BEL,2025-2026,datafc_sofascore,2026-08-09T08:07:33.988763
38,77040,Daan Heymans,845344,KRC Genk,2890,10,4,6.98,7.98,2.96,61,25,33,11,50,3,0,2362,31,accurateLongBallsPercentage,BEL,2025-2026,datafc_sofascore,2026-08-09T08:07:33.988763
38,77040,Tom Reyners,965779,Lommel SK,5046,1,1,6.82,0.34,0.68,7,3,6,5,7,0,0,518,6,accurateLongBallsPercentage,BEL,2025-2026,datafc_sofascore,2026-08-09T08:07:33.988763
38,77040,Griffin Yow,979808,KVC Westerlo,2893,3,0,6.81,2.06,0.64,24,7,8,15,17,0,0,664,16,accurateLongBallsPercentage,BEL,2025-2026,datafc_sofascore,2026-08-09T08:07:33.988763
38,77040,Maxim Kireev,1409866,KV Mechelen,5044,0,0,6.72,0.31,0.76,5,1,3,9,7,1,0,317,13,accurateLongBallsPercentage,BEL,2025-2026,datafc_sofascore,2026-08-09T08:07:33.988763
38,77040,Momodou Sonko,1135616,KAA Gent,2903,0,2,6.67,1.16,3.54,20,2,20,17,10,2,0,868,28,accurateLongBallsPercentage,BEL,2025-2026,datafc_sofascore,2026-08-09T08:07:33.988763
38,77040,Parfait Guiagon,1030459,RC Sporting Charleroi,2898,9,5,7.08,7.78,5.5,80,22,52,73,30,6,0,2555,33,successfulDribbles,BEL,2025-2026,datafc_sofascore,2026-08-09T08:07:33.988763
38,77040,Rafiki Saïd,1047321,Standard Liège,2901,8,4,7.07,10.2,4.41,90,32,28,69,30,4,0,2756,37,successfulDribbles,BEL,2025-2026,datafc_sofascore,2026-08-09T08:07:33.988763
38,77040,Isa Sakamoto,1126245,KVC Westerlo,2893,6,4,6.67,7.98,2.85,66,21,32,62,43,1,0,3021,38,successfulDribbles,BEL,2025-2026,datafc_sofascore,2026-08-09T08:07:33.988763
38,77040,Konstantinos Karetsas,1468744,KRC Genk,2890,0,10,6.91,4.62,7.63,68,27,68,59,30,3,0,2247,34,successfulDribbles,BEL,2025-2026,datafc_sofascore,2026-08-09T08:07:33.988763
38,77040,Carlos Forbs,1069486,Club Brugge KV,2888,8,8,7.17,6.18,8.55,57,21,61,52,40,4,0,2816,37,successfulDribbles,BEL,2025-2026,datafc_sofascore,2026-08-09T08:07:33.988763
38,77040,Anan Khalaili,1403362,Royale Union Saint-Gilloise,4860,3,5,7.22,3.34,7.52,38,13,62,49,69,7,0,3099,38,successfulDribbles,BEL,2025-2026,datafc_sofascore,2026-08-09T08:07:33.988763
38,77040,Myron Van Brederode,1012925,KV Mechelen,5044,9,5,7.1,5.95,5.55,41,17,57,49,34,2,0,2840,34,successfulDribbles,BEL,2025-2026,datafc_sofascore,2026-08-09T08:07:33.988763
38,77040,Josimar Alcócer,1131598,KVC Westerlo,2893,3,4,6.63,3.61,2.38,54,24,26,47,51,6,0,2722,35,successfulDribbles,BEL,2025-2026,datafc_sofascore,2026-08-09T08:07:33.988763
38,77040,Nilson Angulo,1116571,RSC Anderlecht,2900,6,5,7.26,3.77,4.47,33,16,46,44,62,2,1,1902,22,successfulDribbles,BEL,2025-2026,datafc_sofascore,2026-08-09T08:07:33.988763
38,77040,Edan Diop,1390575,Cercle Brugge,2929,7,3,6.99,6.96,5.33,53,22,46,43,52,7,0,2607,33,successfulDribbles,BEL,2025-2026,datafc_sofascore,2026-08-09T08:07:33.988763
38,77040,Ilias Sebaoui,1154586,Sint-Truidense VV,2895,5,5,6.81,8.33,5.21,93,27,36,43,46,3,0,3272,40,successfulDribbles,BEL,2025-2026,datafc_sofascore,2026-08-09T08:07:33.988763
38,77040,Abdoulaye Sissako,846330,Sint-Truidense VV,2895,2,3,6.82,2.74,1.22,30,4,15,41,91,5,0,3349,40,successfulDribbles,BEL,2025-2026,datafc_sofascore,2026-08-09T08:07:33.988763
38,77040,Christos Tzolis,1031259,Club Brugge KV,2888,17,23,7.71,17.4,15.94,123,44,135,40,29,6,0,3072,36,successfulDribbles,BEL,2025-2026,datafc_sofascore,2026-08-09T08:07:33.988763
38,77040,Anosike Ementa,1094132,SV Zulte Waregem,2933,4,8,6.9,7.37,3.77,41,18,61,40,20,5,0,2616,32,successfulDribbles,BEL,2025-2026,datafc_sofascore,2026-08-09T08:07:33.988763
38,77040,Thorgan Hazard,94286,RSC Anderlecht,2900,13,7,7.04,11.91,8.06,74,31,78,38,38,6,1,2722,36,successfulDribbles,BEL,2025-2026,datafc_sofascore,2026-08-09T08:07:33.988763
38,77040,Farouck Adekami,1920581,Royal Antwerp FC,2889,2,2,6.9,2.95,1.76,35,16,21,38,23,7,0,1140,21,successfulDribbles,BEL,2025-2026,datafc_sofascore,2026-08-09T08:07:33.988763
38,77040,Thérence Koudou,1392080,KV Mechelen,5044,5,2,6.85,1.64,4.81,25,8,35,38,31,5,0,3060,37,successfulDribbles,BEL,2025-2026,datafc_sofascore,2026-08-09T08:07:33.988763
38,77040,Michał Skóraś,942479,KAA Gent,2903,2,7,7.06,3.87,6.79,43,10,65,37,49,6,1,2697,34,successfulDribbles,BEL,2025-2026,datafc_sofascore,2026-08-09T08:07:33.988763
38,77040,Adnane Abid,1127801,Standard Liège,2901,2,5,6.92,2.21,4.2,22,11,44,37,40,5,1,2114,34,successfulDribbles,BEL,2025-2026,datafc_sofascore,2026-08-09T08:07:33.988763
38,77040,Joseph Opoku,1922407,SV Zulte Waregem,2933,10,6,6.91,10.15,3.62,69,25,46,37,16,2,0,2458,33,successfulDribbles,BEL,2025-2026,datafc_sofascore,2026-08-09T08:07:33.988763
38,77040,Bryan Reynolds,862075,KVC Westerlo,2893,2,3,6.77,2.75,4.35,22,8,37,37,53,8,0,3494,39,successfulDribbles,BEL,2025-2026,datafc_sofascore,2026-08-09T08:07:33.988763
38,77040,Zakaria El Ouahdi,1134470,KRC Genk,2890,8,4,7.07,4.96,4.37,70,24,49,36,42,4,0,2996,34,successfulDribbles,BEL,2025-2026,datafc_sofascore,2026-08-09T08:07:33.988763
38,77040,Anthony Valencia,1020197,Royal Antwerp FC,2889,4,2,6.95,3.57,2.73,29,12,29,36,27,3,0,1332,23,successfulDribbles,BEL,2025-2026,datafc_sofascore,2026-08-09T08:07:33.988763
38,77040,Jerry Afriyie,1836721,RAAL La Louvière,368506,5,1,6.52,7.65,2.32,51,21,17,36,23,7,0,2497,31,successfulDribbles,BEL,2025-2026,datafc_sofascore,2026-08-09T08:07:33.988763
38,77040,Noah Mbamba,1100321,FCV Dender,389232,2,2,6.88,2.99,2.06,28,9,20,35,93,4,0,2805,35,successfulDribbles,BEL,2025-2026,datafc_sofascore,2026-08-09T08:07:33.988763
38,77040,Gyrano Kerk,386950,Royal Antwerp FC,2889,3,4,6.77,4.85,3.05,50,17,26,35,34,4,0,2095,27,successfulDribbles,BEL,2025-2026,datafc_sofascore,2026-08-09T08:07:33.988763
38,77040,Allahyar Sayyadmanesh,905474,KVC Westerlo,2893,7,3,6.89,7.15,4.43,48,15,37,33,35,5,0,2241,30,successfulDribbles,BEL,2025-2026,datafc_sofascore,2026-08-09T08:07:33.988763
38,77040,Antoine Bernier,834261,RC Sporting Charleroi,2898,7,2,6.86,4.84,2.76,41,16,29,32,46,7,0,2379,38,successfulDribbles,BEL,2025-2026,datafc_sofascore,2026-08-09T08:07:33.988763
38,77040,Fabio Ferraro,1145225,FCV Dender,389232,1,3,6.62,2.28,3.94,30,12,41,31,53,5,0,2531,29,successfulDribbles,BEL,2025-2026,datafc_sofascore,2026-08-09T08:07:33.988763
38,77040,Robert-Jan Vanwesemael,1047164,Sint-Truidense VV,2895,1,1,6.75,1.87,4.8,33,8,36,30,70,11,0,3077,37,successfulDribbles,BEL,2025-2026,datafc_sofascore,2026-08-09T08:07:33.988763
38,77040,Thierry Lutonda,867246,RAAL La Louvière,368506,1,1,6.62,1.36,0.79,20,5,9,30,33,0,0,1730,26,successfulDribbles,BEL,2025-2026,datafc_sofascore,2026-08-09T08:07:33.988763
38,77040,Junior Marsoni Sambu Mansoni​,874855,FCV Dender,389232,0,4,6.61,0.7,1.62,12,3,20,29,63,7,0,2193,31,successfulDribbles,BEL,2025-2026,datafc_sofascore,2026-08-09T08:07:33.988763
38,77040,Guilherme Smith,1820381,Royale Union Saint-Gilloise,4860,4,2,7.08,0.98,1.96,21,7,15,28,33,4,0,1546,22,successfulDribbles,BEL,2025-2026,datafc_sofascore,2026-08-09T08:07:33.988763
38,77040,Kaito Matsuzawa,1514300,Sint-Truidense VV,2895,2,2,6.76,3.41,2.03,23,8,14,28,11,1,0,705,32,successfulDribbles,BEL,2025-2026,datafc_sofascore,2026-08-09T08:07:33.988763
38,77040,Joris Kayembe,354046,KRC Genk,2890,0,1,6.96,0.47,1.64,13,2,20,27,48,5,0,2111,28,successfulDribbles,BEL,2025-2026,datafc_sofascore,2026-08-09T08:07:33.988763
38,77040,Jordi Liongola,1009413,RAAL La Louvière,368506,2,6,6.93,3.28,4.29,29,6,40,27,57,10,0,2618,31,successfulDribbles,BEL,2025-2026,datafc_sofascore,2026-08-09T08:07:33.988763
38,77040,Kevin Van Den Kerkhof,1130602,RC Sporting Charleroi,2898,3,4,6.78,3.1,2.9,35,11,35,27,56,5,1,2117,30,successfulDribbles,BEL,2025-2026,datafc_sofascore,2026-08-09T08:07:33.988763
38,77040,Steve Ngoura,1394411,Cercle Brugge,2929,7,4,6.67,9.75,2.31,71,23,22,27,9,2,0,2097,34,successfulDribbles,BEL,2025-2026,datafc_sofascore,2026-08-09T08:07:33.988763
38,77040,Bill Antonio,1158921,KV Mechelen,5044,1,1,6.63,1.11,1.75,15,4,13,27,16,2,0,1168,33,successfulDribbles,BEL,2025-2026,datafc_sofascore,2026-08-09T08:07:33.988763
38,77040,Oluwaseun Adewumi,1201883,Cercle Brugge,2929,5,0,6.61,7.78,1.06,57,24,12,27,14,2,0,1598,32,successfulDribbles,BEL,2025-2026,datafc_sofascore,2026-08-09T08:07:33.988763
38,77040,Yassine Titraoui,1094538,RC Sporting Charleroi,2898,5,1,7.23,2.9,3.78,53,20,31,26,58,7,0,2904,35,successfulDribbles,BEL,2025-2026,datafc_sofascore,2026-08-09T08:07:33.988763
38,77040,Arthur Piedfort,1149123,KVC Westerlo,2893,3,2,7.07,1.9,3.11,23,7,43,25,86,5,0,2989,36,successfulDribbles,BEL,2025-2026,datafc_sofascore,2026-08-09T08:07:33.988763
38,77040,Hyllarion Goore,2048955,KAA Gent,2903,5,4,6.71,5.22,2.29,55,15,20,25,9,2,0,1431,34,successfulDribbles,BEL,2025-2026,datafc_sofascore,2026-08-09T08:07:33.988763
38,77040,Jeppe Erenbjerg,1035095,SV Zulte Waregem,2933,13,3,7.12,10.16,5.5,88,32,41,24,24,2,0,2787,35,successfulDribbles,BEL,2025-2026,datafc_sofascore,2026-08-09T08:07:33.988763
38,77040,Junya Ito,783278,KRC Genk,2890,6,5,7.09,3.79,5.63,36,16,51,24,37,4,0,1785,28,successfulDribbles,BEL,2025-2026,datafc_sofascore,2026-08-09T08:07:33.988763
38,77040,Nazinho,1006113,Cercle Brugge,2929,3,7,7.07,0.91,7.69,27,8,59,24,73,13,0,2554,30,successfulDribbles,BEL,2025-2026,datafc_sofascore,2026-08-09T08:07:33.988763
38,77040,Abdelkahar Kadri,1007528,KAA Gent,2903,2,5,6.89,2.42,2.53,27,9,32,24,43,5,0,2076,33,successfulDribbles,BEL,2025-2026,datafc_sofascore,2026-08-09T08:07:33.988763
38,77040,Roman Kvet,858926,FCV Dender,389232,5,0,6.73,4.44,3.29,38,12,39,24,34,5,0,2676,34,successfulDribbles,BEL,2025-2026,datafc_sofascore,2026-08-09T08:07:33.988763
38,77040,Emran Soglo,1403124,SV Zulte Waregem,2933,0,3,6.85,1.02,2.37,16,2,15,23,29,2,0,1045,18,successfulDribbles,BEL,2025-2026,datafc_sofascore,2026-08-09T08:07:33.988763
38,77040,Joël Ito,1593830,RAAL La Louvière,368506,1,1,6.72,1.26,2.37,22,7,17,23,60,2,0,2340,33,successfulDribbles,BEL,2025-2026,datafc_sofascore,2026-08-09T08:07:33.988763
38,77040,Oumar Diakité,1188191,Cercle Brugge,2929,7,0,6.63,7.36,1.43,39,18,22,23,14,4,1,1429,25,successfulDribbles,BEL,2025-2026,datafc_sofascore,2026-08-09T08:07:33.988763
38,77040,Bryan Heynen,801025,KRC Genk,2890,4,1,7.31,4.75,4.68,48,11,49,22,99,5,0,3603,40,successfulDribbles,BEL,2025-2026,datafc_sofascore,2026-08-09T08:07:33.988763
38,77040,Nacho Ferri,1196903,KVC Westerlo,2893,11,2,7.04,16.2,2.4,101,42,30,22,27,7,0,2910,36,successfulDribbles,BEL,2025-2026,datafc_sofascore,2026-08-09T08:07:33.988763
38,77040,Marley Aké,988839,SV Zulte Waregem,2933,8,0,6.9,5.67,2.12,48,17,16,22,26,1,0,1746,30,successfulDribbles,BEL,2025-2026,datafc_sofascore,2026-08-09T08:07:33.988763
38,77040,Noah Adedeji-Sternberg,1512197,KRC Genk,2890,1,1,6.8,1.22,2.9,22,4,16,22,22,0,0,1052,25,successfulDribbles,BEL,2025-2026,datafc_sofascore,2026-08-09T08:07:33.988763
38,77040,Robin Mirisola,1405446,KRC Genk,2890,5,2,6.66,6.48,0.66,36,13,15,22,11,3,0,1317,30,successfulDribbles,BEL,2025-2026,datafc_sofascore,2026-08-09T08:07:33.988763
38,77040,Owen Maes,1165701,RAAL La Louvière,368506,0,1,6.51,0.76,1.7,17,5,17,22,26,3,1,1281,22,successfulDribbles,BEL,2025-2026,datafc_sofascore,2026-08-09T08:07:33.988763
38,77040,Rihito Yamamoto,1030211,Sint-Truidense VV,2895,5,6,7.08,5.87,6.27,51,16,62,21,75,6,0,3290,38,successfulDribbles,BEL,2025-2026,datafc_sofascore,2026-08-09T08:07:33.988763
38,77040,Thibaud Verlinden,826172,Oud-Heverlee Leuven,2918,2,4,6.92,0.59,4.03,20,10,26,21,24,4,0,1463,26,successfulDribbles,BEL,2025-2026,datafc_sofascore,2026-08-09T08:07:33.988763
38,77040,Arbnor Muja,890695,Sint-Truidense VV,2895,6,2,6.91,5.76,4.41,43,16,28,21,24,3,1,1855,26,successfulDribbles,BEL,2025-2026,datafc_sofascore,2026-08-09T08:07:33.988763
38,77040,Vincent Janssen,339901,Royal Antwerp FC,2889,10,7,6.87,12.99,3.46,91,30,33,21,29,8,0,3088,35,successfulDribbles,BEL,2025-2026,datafc_sofascore,2026-08-09T08:07:33.988763
38,77040,Nathan De Cat,1637689,RSC Anderlecht,2900,2,4,6.75,1.79,2.28,30,6,28,21,60,8,0,2739,36,successfulDribbles,BEL,2025-2026,datafc_sofascore,2026-08-09T08:07:33.988763
38,77040,Lion Lauberbach,886171,KV Mechelen,5044,6,1,6.7,9.02,0.94,48,25,15,21,12,4,0,1872,22,successfulDribbles,BEL,2025-2026,datafc_sofascore,2026-08-09T08:07:33.988763
38,77040,Fredrik Hammar,946959,KV Mechelen,5044,1,1,7.04,1.75,1.64,28,6,18,20,152,10,0,3366,38,successfulDribbles,BEL,2025-2026,datafc_sofascore,2026-08-09T08:07:33.988763
38,77040,Tiago Araújo,997024,KAA Gent,2903,1,4,6.94,0.83,6.33,21,4,57,20,39,9,0,2820,35,successfulDribbles,BEL,2025-2026,datafc_sofascore,2026-08-09T08:07:33.988763
38,77040,Gary Magnee,990265,Cercle Brugge,2929,4,7,6.93,5.4,6.75,31,10,74,20,72,4,0,2889,34,successfulDribbles,BEL,2025-2026,datafc_sofascore,2026-08-09T08:07:33.988763
38,77040,Tobias Mohr,237048,Standard Liège,2901,2,2,6.91,1.09,5.42,25,5,44,20,50,5,0,2310,38,successfulDribbles,BEL,2025-2026,datafc_sofascore,2026-08-09T08:07:33.988763
38,77040,Sami Lahssaini,957895,RAAL La Louvière,368506,1,1,6.89,0.41,1.57,13,2,16,20,60,4,0,2770,32,successfulDribbles,BEL,2025-2026,datafc_sofascore,2026-08-09T08:07:33.988763
38,77040,Ousseynou Niang,880780,Royale Union Saint-Gilloise,4860,2,3,6.87,1.79,1.63,23,6,10,20,29,5,0,1618,27,successfulDribbles,BEL,2025-2026,datafc_sofascore,2026-08-09T08:07:33.988763
38,77040,Alan Minda,1122552,Cercle Brugge,2929,3,2,6.86,2.77,1.19,27,12,10,20,3,0,0,974,17,successfulDribbles,BEL,2025-2026,datafc_sofascore,2026-08-09T08:07:33.988763
38,77040,Bruny Nsimba,1047536,FCV Dender,389232,9,4,6.8,10.1,3.3,60,22,24,20,17,3,0,1905,30,successfulDribbles,BEL,2025-2026,datafc_sofascore,2026-08-09T08:07:33.988763
38,77040,Jakob Napoleon Romsaas,1198306,RC Sporting Charleroi,2898,2,3,6.72,5.11,2.68,40,15,34,20,27,2,0,1749,37,successfulDribbles,BEL,2025-2026,datafc_sofascore,2026-08-09T08:07:33.988763
38,77040,Chukwubuikem Ikwuemesi,1143547,Oud-Heverlee Leuven,2918,4,0,6.54,5.11,0.95,46,19,16,20,7,4,0,1829,34,successfulDribbles,BEL,2025-2026,datafc_sofascore,2026-08-09T08:07:33.988763
38,77040,Ryotaro Ito,831697,Sint-Truidense VV,2895,10,5,7.28,8.51,8.81,73,27,102,19,20,1,0,2838,35,successfulDribbles,BEL,2025-2026,datafc_sofascore,2026-08-09T08:07:33.988763
38,77040,Doğucan Haspolat,846087,KVC Westerlo,2893,1,4,7.18,2.52,7.83,46,10,86,19,82,7,0,3395,38,successfulDribbles,BEL,2025-2026,datafc_sofascore,2026-08-09T08:07:33.988763
38,77040,Adem Zorgane,1000472,Royale Union Saint-Gilloise,4860,4,5,7.04,2.44,6.23,28,12,40,19,64,7,0,2968,37,successfulDribbles,BEL,2025-2026,datafc_sofascore,2026-08-09T08:07:33.988763
38,77040,Nicolò Tresoldi,1177167,Club Brugge KV,2888,19,5,6.99,16.6,3.73,101,39,38,19,29,1,0,2507,40,successfulDribbles,BEL,2025-2026,datafc_sofascore,2026-08-09T08:07:33.988763
38,77040,Nathan-Dylan Saliba,1093229,RSC Anderlecht,2900,3,1,6.86,3.27,2.58,59,15,26,19,75,12,1,2319,34,successfulDribbles,BEL,2025-2026,datafc_sofascore,2026-08-09T08:07:33.988763
38,77040,Thomas Claes,1188173,SV Zulte Waregem,2933,2,1,6.85,2.45,3.5,50,16,32,19,52,3,0,2784,34,successfulDribbles,BEL,2025-2026,datafc_sofascore,2026-08-09T08:07:33.988763
38,77040,Etienne Camara,1097542,RC Sporting Charleroi,2898,2,3,6.83,1.19,1.37,20,7,20,19,94,11,1,3034,38,successfulDribbles,BEL,2025-2026,datafc_sofascore,2026-08-09T08:07:33.988763
38,77040,Yannick Cappelle,1506998,SV Zulte Waregem,2933,1,1,6.81,0.92,1.3,8,1,17,19,53,2,0,2030,30,successfulDribbles,BEL,2025-2026,datafc_sofascore,2026-08-09T08:07:33.988763
38,77040,Tuur Rommens,1130011,KVC Westerlo,2893,0,1,6.79,0.85,1.48,8,2,20,19,33,2,0,1223,15,successfulDribbles,BEL,2025-2026,datafc_sofascore,2026-08-09T08:07:33.988763
38,77040,Kevin Rodriguez,1431770,Royale Union Saint-Gilloise,4860,10,2,6.69,8.63,2.84,76,30,19,19,19,2,0,1825,31,successfulDribbles,BEL,2025-2026,datafc_sofascore,2026-08-09T08:07:33.988763
38,77040,Henry Lawrence,976265,Standard Liège,2901,2,0,6.78,1.98,1.48,11,3,6,18,36,5,0,2433,30,successfulDribbles,BEL,2025-2026,datafc_sofascore,2026-08-09T08:07:33.988763
38,77040,Mardochee Nzita,990726,RC Sporting Charleroi,2898,0,2,6.77,1.02,3.04,12,3,21,18,65,3,1,3007,38,successfulDribbles,BEL,2025-2026,datafc_sofascore,2026-08-09T08:07:33.988763
38,77040,Youssef Hamdaoui,1590946,Royal Antwerp FC,2889,1,1,6.77,1.51,0.98,19,4,11,18,25,3,0,604,21,successfulDribbles,BEL,2025-2026,datafc_sofascore,2026-08-09T08:07:33.988763
38,77040,Ibrahim Kanate,1542745,RSC Anderlecht,2900,2,0,6.72,1.89,0.24,12,5,3,18,13,1,0,368,19,successfulDribbles,BEL,2025-2026,datafc_sofascore,2026-08-09T08:07:33.988763
38,77040,Ali Maamar,1440668,RSC Anderlecht,2900,0,4,6.68,0.58,1.82,13,0,18,18,36,4,0,1382,25,successfulDribbles,BEL,2025-2026,datafc_sofascore,2026-08-09T08:07:33.988763
38,77040,Óscar Gil,959820,Oud-Heverlee Leuven,2918,2,1,6.54,2.33,2.05,22,10,16,18,66,12,1,2325,33,successfulDribbles,BEL,2025-2026,datafc_sofascore,2026-08-09T08:07:33.988763
38,77040,Mahamadou Doumbia,1400846,Royal Antwerp FC,2889,2,1,7.25,1.8,0.37,10,3,7,17,4,2,0,528,6,successfulDribbles,BEL,2025-2026,datafc_sofascore,2026-08-09T08:07:33.988763
38,77040,Christopher Scott,997118,Royal Antwerp FC,2889,6,2,6.99,4.76,2.76,43,17,27,17,57,3,0,2206,31,successfulDribbles,BEL,2025-2026,datafc_sofascore,2026-08-09T08:07:33.988763
38,77040,Malcolm Viltard,1092285,FCV Dender,389232,1,1,6.88,0.41,2.6,15,4,27,17,70,6,1,2721,36,successfulDribbles,BEL,2025-2026,datafc_sofascore,2026-08-09T08:07:33.988763
38,77040,Adriano Bertaccini,867250,RSC Anderlecht,2900,7,2,6.7,7.73,1.74,65,28,15,17,14,5,1,1603,33,successfulDribbles,BEL,2025-2026,datafc_sofascore,2026-08-09T08:07:33.988763
38,77040,Lawrence Agyekum,1185568,Cercle Brugge,2929,0,2,6.68,1.79,1.95,26,6,16,17,73,5,0,1898,29,successfulDribbles,BEL,2025-2026,datafc_sofascore,2026-08-09T08:07:33.988763
38,77040,Momodou Sonko,1135616,KAA Gent,2903,0,2,6.67,1.16,3.54,20,2,20,17,10,2,0,868,28,successfulDribbles,BEL,2025-2026,datafc_sofascore,2026-08-09T08:07:33.988763
38,77040,Marwan Al-Sahafi,1474689,Royal Antwerp FC,2889,1,0,6.66,2.92,1.36,19,5,10,17,13,2,0,1330,24,successfulDribbles,BEL,2025-2026,datafc_sofascore,2026-08-09T08:07:33.988763
38,77040,Nolan Gillot,2425212,RAAL La Louvière,368506,2,4,6.88,1.93,3.66,30,9,29,16,31,0,0,1297,21,successfulDribbles,BEL,2025-2026,datafc_sofascore,2026-08-09T08:07:33.988763
38,77040,Raphael Onyedika,1129862,Club Brugge KV,2888,1,0,6.86,2.76,1.16,29,11,10,16,42,3,0,1995,30,successfulDribbles,BEL,2025-2026,datafc_sofascore,2026-08-09T08:07:33.988763
38,77040,Hans Vanaken,118085,Club Brugge KV,2888,7,3,7.45,8.38,8.0,58,21,67,15,38,2,0,3366,39,successfulDribbles,BEL,2025-2026,datafc_sofascore,2026-08-09T08:07:33.988763
38,77040,Emin Bayram,997153,KVC Westerlo,2893,4,2,7.06,4.39,2.88,41,13,20,15,44,4,2,3322,38,successfulDribbles,BEL,2025-2026,datafc_sofascore,2026-08-09T08:07:33.988763
38,77040,Parfait Guiagon,1030459,RC Sporting Charleroi,2898,9,5,7.08,7.78,5.5,80,22,52,73,30,6,0,2555,33,successfulDribbles,BEL,2025-2026,datafc_sofascore,2026-08-09T08:07:33.988763
38,77040,Rafiki Saïd,1047321,Standard Liège,2901,8,4,7.07,10.2,4.41,90,32,28,69,30,4,0,2756,37,successfulDribbles,BEL,2025-2026,datafc_sofascore,2026-08-09T08:07:33.988763
38,77040,Isa Sakamoto,1126245,KVC Westerlo,2893,6,4,6.67,7.98,2.85,66,21,32,62,43,1,0,3021,38,successfulDribbles,BEL,2025-2026,datafc_sofascore,2026-08-09T08:07:33.988763
38,77040,Konstantinos Karetsas,1468744,KRC Genk,2890,0,10,6.91,4.62,7.63,68,27,68,59,30,3,0,2247,34,successfulDribbles,BEL,2025-2026,datafc_sofascore,2026-08-09T08:07:33.988763
38,77040,Carlos Forbs,1069486,Club Brugge KV,2888,8,8,7.17,6.18,8.55,57,21,61,52,40,4,0,2816,37,successfulDribbles,BEL,2025-2026,datafc_sofascore,2026-08-09T08:07:33.988763
38,77040,Anan Khalaili,1403362,Royale Union Saint-Gilloise,4860,3,5,7.22,3.34,7.52,38,13,62,49,69,7,0,3099,38,successfulDribbles,BEL,2025-2026,datafc_sofascore,2026-08-09T08:07:33.988763
38,77040,Myron Van Brederode,1012925,KV Mechelen,5044,9,5,7.1,5.95,5.55,41,17,57,49,34,2,0,2840,34,successfulDribbles,BEL,2025-2026,datafc_sofascore,2026-08-09T08:07:33.988763
38,77040,Josimar Alcócer,1131598,KVC Westerlo,2893,3,4,6.63,3.61,2.38,54,24,26,47,51,6,0,2722,35,successfulDribbles,BEL,2025-2026,datafc_sofascore,2026-08-09T08:07:33.988763
38,77040,Nilson Angulo,1116571,RSC Anderlecht,2900,6,5,7.26,3.77,4.47,33,16,46,44,62,2,1,1902,22,successfulDribbles,BEL,2025-2026,datafc_sofascore,2026-08-09T08:07:33.988763
38,77040,Edan Diop,1390575,Cercle Brugge,2929,7,3,6.99,6.96,5.33,53,22,46,43,52,7,0,2607,33,successfulDribbles,BEL,2025-2026,datafc_sofascore,2026-08-09T08:07:33.988763
38,77040,Ilias Sebaoui,1154586,Sint-Truidense VV,2895,5,5,6.81,8.33,5.21,93,27,36,43,46,3,0,3272,40,successfulDribbles,BEL,2025-2026,datafc_sofascore,2026-08-09T08:07:33.988763
38,77040,Abdoulaye Sissako,846330,Sint-Truidense VV,2895,2,3,6.82,2.74,1.22,30,4,15,41,91,5,0,3349,40,successfulDribbles,BEL,2025-2026,datafc_sofascore,2026-08-09T08:07:33.988763
38,77040,Christos Tzolis,1031259,Club Brugge KV,2888,17,23,7.71,17.4,15.94,123,44,135,40,29,6,0,3072,36,successfulDribbles,BEL,2025-2026,datafc_sofascore,2026-08-09T08:07:33.988763
38,77040,Anosike Ementa,1094132,SV Zulte Waregem,2933,4,8,6.9,7.37,3.77,41,18,61,40,20,5,0,2616,32,successfulDribbles,BEL,2025-2026,datafc_sofascore,2026-08-09T08:07:33.988763
38,77040,Thorgan Hazard,94286,RSC Anderlecht,2900,13,7,7.04,11.91,8.06,74,31,78,38,38,6,1,2722,36,successfulDribbles,BEL,2025-2026,datafc_sofascore,2026-08-09T08:07:33.988763
38,77040,Farouck Adekami,1920581,Royal Antwerp FC,2889,2,2,6.9,2.95,1.76,35,16,21,38,23,7,0,1140,21,successfulDribbles,BEL,2025-2026,datafc_sofascore,2026-08-09T08:07:33.988763
38,77040,Thérence Koudou,1392080,KV Mechelen,5044,5,2,6.85,1.64,4.81,25,8,35,38,31,5,0,3060,37,successfulDribbles,BEL,2025-2026,datafc_sofascore,2026-08-09T08:07:33.988763
38,77040,Michał Skóraś,942479,KAA Gent,2903,2,7,7.06,3.87,6.79,43,10,65,37,49,6,1,2697,34,successfulDribbles,BEL,2025-2026,datafc_sofascore,2026-08-09T08:07:33.988763
38,77040,Adnane Abid,1127801,Standard Liège,2901,2,5,6.92,2.21,4.2,22,11,44,37,40,5,1,2114,34,successfulDribbles,BEL,2025-2026,datafc_sofascore,2026-08-09T08:07:33.988763
38,77040,Joseph Opoku,1922407,SV Zulte Waregem,2933,10,6,6.91,10.15,3.62,69,25,46,37,16,2,0,2458,33,successfulDribbles,BEL,2025-2026,datafc_sofascore,2026-08-09T08:07:33.988763
38,77040,Bryan Reynolds,862075,KVC Westerlo,2893,2,3,6.77,2.75,4.35,22,8,37,37,53,8,0,3494,39,successfulDribbles,BEL,2025-2026,datafc_sofascore,2026-08-09T08:07:33.988763
38,77040,Zakaria El Ouahdi,1134470,KRC Genk,2890,8,4,7.07,4.96,4.37,70,24,49,36,42,4,0,2996,34,successfulDribbles,BEL,2025-2026,datafc_sofascore,2026-08-09T08:07:33.988763
38,77040,Anthony Valencia,1020197,Royal Antwerp FC,2889,4,2,6.95,3.57,2.73,29,12,29,36,27,3,0,1332,23,successfulDribbles,BEL,2025-2026,datafc_sofascore,2026-08-09T08:07:33.988763
38,77040,Jerry Afriyie,1836721,RAAL La Louvière,368506,5,1,6.52,7.65,2.32,51,21,17,36,23,7,0,2497,31,successfulDribbles,BEL,2025-2026,datafc_sofascore,2026-08-09T08:07:33.988763
38,77040,Noah Mbamba,1100321,FCV Dender,389232,2,2,6.88,2.99,2.06,28,9,20,35,93,4,0,2805,35,successfulDribbles,BEL,2025-2026,datafc_sofascore,2026-08-09T08:07:33.988763
38,77040,Gyrano Kerk,386950,Royal Antwerp FC,2889,3,4,6.77,4.85,3.05,50,17,26,35,34,4,0,2095,27,successfulDribbles,BEL,2025-2026,datafc_sofascore,2026-08-09T08:07:33.988763
38,77040,Allahyar Sayyadmanesh,905474,KVC Westerlo,2893,7,3,6.89,7.15,4.43,48,15,37,33,35,5,0,2241,30,successfulDribbles,BEL,2025-2026,datafc_sofascore,2026-08-09T08:07:33.988763
38,77040,Antoine Bernier,834261,RC Sporting Charleroi,2898,7,2,6.86,4.84,2.76,41,16,29,32,46,7,0,2379,38,successfulDribbles,BEL,2025-2026,datafc_sofascore,2026-08-09T08:07:33.988763
38,77040,Fabio Ferraro,1145225,FCV Dender,389232,1,3,6.62,2.28,3.94,30,12,41,31,53,5,0,2531,29,successfulDribbles,BEL,2025-2026,datafc_sofascore,2026-08-09T08:07:33.988763
38,77040,Robert-Jan Vanwesemael,1047164,Sint-Truidense VV,2895,1,1,6.75,1.87,4.8,33,8,36,30,70,11,0,3077,37,successfulDribbles,BEL,2025-2026,datafc_sofascore,2026-08-09T08:07:33.988763
38,77040,Thierry Lutonda,867246,RAAL La Louvière,368506,1,1,6.62,1.36,0.79,20,5,9,30,33,0,0,1730,26,successfulDribbles,BEL,2025-2026,datafc_sofascore,2026-08-09T08:07:33.988763
38,77040,Junior Marsoni Sambu Mansoni​,874855,FCV Dender,389232,0,4,6.61,0.7,1.62,12,3,20,29,63,7,0,2193,31,successfulDribbles,BEL,2025-2026,datafc_sofascore,2026-08-09T08:07:33.988763
38,77040,Guilherme Smith,1820381,Royale Union Saint-Gilloise,4860,4,2,7.08,0.98,1.96,21,7,15,28,33,4,0,1546,22,successfulDribbles,BEL,2025-2026,datafc_sofascore,2026-08-09T08:07:33.988763
38,77040,Kaito Matsuzawa,1514300,Sint-Truidense VV,2895,2,2,6.76,3.41,2.03,23,8,14,28,11,1,0,705,32,successfulDribbles,BEL,2025-2026,datafc_sofascore,2026-08-09T08:07:33.988763
38,77040,Joris Kayembe,354046,KRC Genk,2890,0,1,6.96,0.47,1.64,13,2,20,27,48,5,0,2111,28,successfulDribbles,BEL,2025-2026,datafc_sofascore,2026-08-09T08:07:33.988763
38,77040,Jordi Liongola,1009413,RAAL La Louvière,368506,2,6,6.93,3.28,4.29,29,6,40,27,57,10,0,2618,31,successfulDribbles,BEL,2025-2026,datafc_sofascore,2026-08-09T08:07:33.988763
38,77040,Kevin Van Den Kerkhof,1130602,RC Sporting Charleroi,2898,3,4,6.78,3.1,2.9,35,11,35,27,56,5,1,2117,30,successfulDribbles,BEL,2025-2026,datafc_sofascore,2026-08-09T08:07:33.988763
38,77040,Steve Ngoura,1394411,Cercle Brugge,2929,7,4,6.67,9.75,2.31,71,23,22,27,9,2,0,2097,34,successfulDribbles,BEL,2025-2026,datafc_sofascore,2026-08-09T08:07:33.988763
38,77040,Bill Antonio,1158921,KV Mechelen,5044,1,1,6.63,1.11,1.75,15,4,13,27,16,2,0,1168,33,successfulDribbles,BEL,2025-2026,datafc_sofascore,2026-08-09T08:07:33.988763
38,77040,Oluwaseun Adewumi,1201883,Cercle Brugge,2929,5,0,6.61,7.78,1.06,57,24,12,27,14,2,0,1598,32,successfulDribbles,BEL,2025-2026,datafc_sofascore,2026-08-09T08:07:33.988763
38,77040,Yassine Titraoui,1094538,RC Sporting Charleroi,2898,5,1,7.23,2.9,3.78,53,20,31,26,58,7,0,2904,35,successfulDribbles,BEL,2025-2026,datafc_sofascore,2026-08-09T08:07:33.988763
38,77040,Arthur Piedfort,1149123,KVC Westerlo,2893,3,2,7.07,1.9,3.11,23,7,43,25,86,5,0,2989,36,successfulDribbles,BEL,2025-2026,datafc_sofascore,2026-08-09T08:07:33.988763
38,77040,Hyllarion Goore,2048955,KAA Gent,2903,5,4,6.71,5.22,2.29,55,15,20,25,9,2,0,1431,34,successfulDribbles,BEL,2025-2026,datafc_sofascore,2026-08-09T08:07:33.988763
38,77040,Jeppe Erenbjerg,1035095,SV Zulte Waregem,2933,13,3,7.12,10.16,5.5,88,32,41,24,24,2,0,2787,35,successfulDribbles,BEL,2025-2026,datafc_sofascore,2026-08-09T08:07:33.988763
38,77040,Junya Ito,783278,KRC Genk,2890,6,5,7.09,3.79,5.63,36,16,51,24,37,4,0,1785,28,successfulDribbles,BEL,2025-2026,datafc_sofascore,2026-08-09T08:07:33.988763
38,77040,Nazinho,1006113,Cercle Brugge,2929,3,7,7.07,0.91,7.69,27,8,59,24,73,13,0,2554,30,successfulDribbles,BEL,2025-2026,datafc_sofascore,2026-08-09T08:07:33.988763
38,77040,Abdelkahar Kadri,1007528,KAA Gent,2903,2,5,6.89,2.42,2.53,27,9,32,24,43,5,0,2076,33,successfulDribbles,BEL,2025-2026,datafc_sofascore,2026-08-09T08:07:33.988763
38,77040,Roman Kvet,858926,FCV Dender,389232,5,0,6.73,4.44,3.29,38,12,39,24,34,5,0,2676,34,successfulDribbles,BEL,2025-2026,datafc_sofascore,2026-08-09T08:07:33.988763
38,77040,Emran Soglo,1403124,SV Zulte Waregem,2933,0,3,6.85,1.02,2.37,16,2,15,23,29,2,0,1045,18,successfulDribbles,BEL,2025-2026,datafc_sofascore,2026-08-09T08:07:33.988763
38,77040,Joël Ito,1593830,RAAL La Louvière,368506,1,1,6.72,1.26,2.37,22,7,17,23,60,2,0,2340,33,successfulDribbles,BEL,2025-2026,datafc_sofascore,2026-08-09T08:07:33.988763
38,77040,Oumar Diakité,1188191,Cercle Brugge,2929,7,0,6.63,7.36,1.43,39,18,22,23,14,4,1,1429,25,successfulDribbles,BEL,2025-2026,datafc_sofascore,2026-08-09T08:07:33.988763
38,77040,Bryan Heynen,801025,KRC Genk,2890,4,1,7.31,4.75,4.68,48,11,49,22,99,5,0,3603,40,successfulDribbles,BEL,2025-2026,datafc_sofascore,2026-08-09T08:07:33.988763
38,77040,Nacho Ferri,1196903,KVC Westerlo,2893,11,2,7.04,16.2,2.4,101,42,30,22,27,7,0,2910,36,successfulDribbles,BEL,2025-2026,datafc_sofascore,2026-08-09T08:07:33.988763
38,77040,Marley Aké,988839,SV Zulte Waregem,2933,8,0,6.9,5.67,2.12,48,17,16,22,26,1,0,1746,30,successfulDribbles,BEL,2025-2026,datafc_sofascore,2026-08-09T08:07:33.988763
38,77040,Noah Adedeji-Sternberg,1512197,KRC Genk,2890,1,1,6.8,1.22,2.9,22,4,16,22,22,0,0,1052,25,successfulDribbles,BEL,2025-2026,datafc_sofascore,2026-08-09T08:07:33.988763
38,77040,Robin Mirisola,1405446,KRC Genk,2890,5,2,6.66,6.48,0.66,36,13,15,22,11,3,0,1317,30,successfulDribbles,BEL,2025-2026,datafc_sofascore,2026-08-09T08:07:33.988763
38,77040,Owen Maes,1165701,RAAL La Louvière,368506,0,1,6.51,0.76,1.7,17,5,17,22,26,3,1,1281,22,successfulDribbles,BEL,2025-2026,datafc_sofascore,2026-08-09T08:07:33.988763
38,77040,Rihito Yamamoto,1030211,Sint-Truidense VV,2895,5,6,7.08,5.87,6.27,51,16,62,21,75,6,0,3290,38,successfulDribbles,BEL,2025-2026,datafc_sofascore,2026-08-09T08:07:33.988763
38,77040,Thibaud Verlinden,826172,Oud-Heverlee Leuven,2918,2,4,6.92,0.59,4.03,20,10,26,21,24,4,0,1463,26,successfulDribbles,BEL,2025-2026,datafc_sofascore,2026-08-09T08:07:33.988763
38,77040,Arbnor Muja,890695,Sint-Truidense VV,2895,6,2,6.91,5.76,4.41,43,16,28,21,24,3,1,1855,26,successfulDribbles,BEL,2025-2026,datafc_sofascore,2026-08-09T08:07:33.988763
38,77040,Vincent Janssen,339901,Royal Antwerp FC,2889,10,7,6.87,12.99,3.46,91,30,33,21,29,8,0,3088,35,successfulDribbles,BEL,2025-2026,datafc_sofascore,2026-08-09T08:07:33.988763
38,77040,Nathan De Cat,1637689,RSC Anderlecht,2900,2,4,6.75,1.79,2.28,30,6,28,21,60,8,0,2739,36,successfulDribbles,BEL,2025-2026,datafc_sofascore,2026-08-09T08:07:33.988763
38,77040,Lion Lauberbach,886171,KV Mechelen,5044,6,1,6.7,9.02,0.94,48,25,15,21,12,4,0,1872,22,successfulDribbles,BEL,2025-2026,datafc_sofascore,2026-08-09T08:07:33.988763
38,77040,Fredrik Hammar,946959,KV Mechelen,5044,1,1,7.04,1.75,1.64,28,6,18,20,152,10,0,3366,38,successfulDribbles,BEL,2025-2026,datafc_sofascore,2026-08-09T08:07:33.988763
38,77040,Tiago Araújo,997024,KAA Gent,2903,1,4,6.94,0.83,6.33,21,4,57,20,39,9,0,2820,35,successfulDribbles,BEL,2025-2026,datafc_sofascore,2026-08-09T08:07:33.988763
38,77040,Gary Magnee,990265,Cercle Brugge,2929,4,7,6.93,5.4,6.75,31,10,74,20,72,4,0,2889,34,successfulDribbles,BEL,2025-2026,datafc_sofascore,2026-08-09T08:07:33.988763
38,77040,Tobias Mohr,237048,Standard Liège,2901,2,2,6.91,1.09,5.42,25,5,44,20,50,5,0,2310,38,successfulDribbles,BEL,2025-2026,datafc_sofascore,2026-08-09T08:07:33.988763
38,77040,Sami Lahssaini,957895,RAAL La Louvière,368506,1,1,6.89,0.41,1.57,13,2,16,20,60,4,0,2770,32,successfulDribbles,BEL,2025-2026,datafc_sofascore,2026-08-09T08:07:33.988763
38,77040,Ousseynou Niang,880780,Royale Union Saint-Gilloise,4860,2,3,6.87,1.79,1.63,23,6,10,20,29,5,0,1618,27,successfulDribbles,BEL,2025-2026,datafc_sofascore,2026-08-09T08:07:33.988763
38,77040,Alan Minda,1122552,Cercle Brugge,2929,3,2,6.86,2.77,1.19,27,12,10,20,3,0,0,974,17,successfulDribbles,BEL,2025-2026,datafc_sofascore,2026-08-09T08:07:33.988763
38,77040,Bruny Nsimba,1047536,FCV Dender,389232,9,4,6.8,10.1,3.3,60,22,24,20,17,3,0,1905,30,successfulDribbles,BEL,2025-2026,datafc_sofascore,2026-08-09T08:07:33.988763
38,77040,Jakob Napoleon Romsaas,1198306,RC Sporting Charleroi,2898,2,3,6.72,5.11,2.68,40,15,34,20,27,2,0,1749,37,successfulDribbles,BEL,2025-2026,datafc_sofascore,2026-08-09T08:07:33.988763
38,77040,Chukwubuikem Ikwuemesi,1143547,Oud-Heverlee Leuven,2918,4,0,6.54,5.11,0.95,46,19,16,20,7,4,0,1829,34,successfulDribbles,BEL,2025-2026,datafc_sofascore,2026-08-09T08:07:33.988763
38,77040,Ryotaro Ito,831697,Sint-Truidense VV,2895,10,5,7.28,8.51,8.81,73,27,102,19,20,1,0,2838,35,successfulDribbles,BEL,2025-2026,datafc_sofascore,2026-08-09T08:07:33.988763
38,77040,Doğucan Haspolat,846087,KVC Westerlo,2893,1,4,7.18,2.52,7.83,46,10,86,19,82,7,0,3395,38,successfulDribbles,BEL,2025-2026,datafc_sofascore,2026-08-09T08:07:33.988763
38,77040,Adem Zorgane,1000472,Royale Union Saint-Gilloise,4860,4,5,7.04,2.44,6.23,28,12,40,19,64,7,0,2968,37,successfulDribbles,BEL,2025-2026,datafc_sofascore,2026-08-09T08:07:33.988763
38,77040,Nicolò Tresoldi,1177167,Club Brugge KV,2888,19,5,6.99,16.6,3.73,101,39,38,19,29,1,0,2507,40,successfulDribbles,BEL,2025-2026,datafc_sofascore,2026-08-09T08:07:33.988763
38,77040,Nathan-Dylan Saliba,1093229,RSC Anderlecht,2900,3,1,6.86,3.27,2.58,59,15,26,19,75,12,1,2319,34,successfulDribbles,BEL,2025-2026,datafc_sofascore,2026-08-09T08:07:33.988763
38,77040,Thomas Claes,1188173,SV Zulte Waregem,2933,2,1,6.85,2.45,3.5,50,16,32,19,52,3,0,2784,34,successfulDribbles,BEL,2025-2026,datafc_sofascore,2026-08-09T08:07:33.988763
38,77040,Etienne Camara,1097542,RC Sporting Charleroi,2898,2,3,6.83,1.19,1.37,20,7,20,19,94,11,1,3034,38,successfulDribbles,BEL,2025-2026,datafc_sofascore,2026-08-09T08:07:33.988763
38,77040,Yannick Cappelle,1506998,SV Zulte Waregem,2933,1,1,6.81,0.92,1.3,8,1,17,19,53,2,0,2030,30,successfulDribbles,BEL,2025-2026,datafc_sofascore,2026-08-09T08:07:33.988763
38,77040,Tuur Rommens,1130011,KVC Westerlo,2893,0,1,6.79,0.85,1.48,8,2,20,19,33,2,0,1223,15,successfulDribbles,BEL,2025-2026,datafc_sofascore,2026-08-09T08:07:33.988763
38,77040,Kevin Rodriguez,1431770,Royale Union Saint-Gilloise,4860,10,2,6.69,8.63,2.84,76,30,19,19,19,2,0,1825,31,successfulDribbles,BEL,2025-2026,datafc_sofascore,2026-08-09T08:07:33.988763
38,77040,Henry Lawrence,976265,Standard Liège,2901,2,0,6.78,1.98,1.48,11,3,6,18,36,5,0,2433,30,successfulDribbles,BEL,2025-2026,datafc_sofascore,2026-08-09T08:07:33.988763
38,77040,Mardochee Nzita,990726,RC Sporting Charleroi,2898,0,2,6.77,1.02,3.04,12,3,21,18,65,3,1,3007,38,successfulDribbles,BEL,2025-2026,datafc_sofascore,2026-08-09T08:07:33.988763
38,77040,Youssef Hamdaoui,1590946,Royal Antwerp FC,2889,1,1,6.77,1.51,0.98,19,4,11,18,25,3,0,604,21,successfulDribbles,BEL,2025-2026,datafc_sofascore,2026-08-09T08:07:33.988763
38,77040,Ibrahim Kanate,1542745,RSC Anderlecht,2900,2,0,6.72,1.89,0.24,12,5,3,18,13,1,0,368,19,successfulDribbles,BEL,2025-2026,datafc_sofascore,2026-08-09T08:07:33.988763
38,77040,Ali Maamar,1440668,RSC Anderlecht,2900,0,4,6.68,0.58,1.82,13,0,18,18,36,4,0,1382,25,successfulDribbles,BEL,2025-2026,datafc_sofascore,2026-08-09T08:07:33.988763
38,77040,Óscar Gil,959820,Oud-Heverlee Leuven,2918,2,1,6.54,2.33,2.05,22,10,16,18,66,12,1,2325,33,successfulDribbles,BEL,2025-2026,datafc_sofascore,2026-08-09T08:07:33.988763
38,77040,Mahamadou Doumbia,1400846,Royal Antwerp FC,2889,2,1,7.25,1.8,0.37,10,3,7,17,4,2,0,528,6,successfulDribbles,BEL,2025-2026,datafc_sofascore,2026-08-09T08:07:33.988763
38,77040,Christopher Scott,997118,Royal Antwerp FC,2889,6,2,6.99,4.76,2.76,43,17,27,17,57,3,0,2206,31,successfulDribbles,BEL,2025-2026,datafc_sofascore,2026-08-09T08:07:33.988763
38,77040,Malcolm Viltard,1092285,FCV Dender,389232,1,1,6.88,0.41,2.6,15,4,27,17,70,6,1,2721,36,successfulDribbles,BEL,2025-2026,datafc_sofascore,2026-08-09T08:07:33.988763
38,77040,Adriano Bertaccini,867250,RSC Anderlecht,2900,7,2,6.7,7.73,1.74,65,28,15,17,14,5,1,1603,33,successfulDribbles,BEL,2025-2026,datafc_sofascore,2026-08-09T08:07:33.988763
38,77040,Lawrence Agyekum,1185568,Cercle Brugge,2929,0,2,6.68,1.79,1.95,26,6,16,17,73,5,0,1898,29,successfulDribbles,BEL,2025-2026,datafc_sofascore,2026-08-09T08:07:33.988763
38,77040,Momodou Sonko,1135616,KAA Gent,2903,0,2,6.67,1.16,3.54,20,2,20,17,10,2,0,868,28,successfulDribbles,BEL,2025-2026,datafc_sofascore,2026-08-09T08:07:33.988763
38,77040,Marwan Al-Sahafi,1474689,Royal Antwerp FC,2889,1,0,6.66,2.92,1.36,19,5,10,17,13,2,0,1330,24,successfulDribbles,BEL,2025-2026,datafc_sofascore,2026-08-09T08:07:33.988763
38,77040,Nolan Gillot,2425212,RAAL La Louvière,368506,2,4,6.88,1.93,3.66,30,9,29,16,31,0,0,1297,21,successfulDribbles,BEL,2025-2026,datafc_sofascore,2026-08-09T08:07:33.988763
38,77040,Raphael Onyedika,1129862,Club Brugge KV,2888,1,0,6.86,2.76,1.16,29,11,10,16,42,3,0,1995,30,successfulDribbles,BEL,2025-2026,datafc_sofascore,2026-08-09T08:07:33.988763
38,77040,Hans Vanaken,118085,Club Brugge KV,2888,7,3,7.45,8.38,8.0,58,21,67,15,38,2,0,3366,39,successfulDribbles,BEL,2025-2026,datafc_sofascore,2026-08-09T08:07:33.988763
38,77040,Emin Bayram,997153,KVC Westerlo,2893,4,2,7.06,4.39,2.88,41,13,20,15,44,4,2,3322,38,successfulDribbles,BEL,2025-2026,datafc_sofascore,2026-08-09T08:07:33.988763
38,77040,Dries Wouters,339269,Lommel SK,5046,0,0,7.53,,0.03,0,0,1,1,2,1,0,540,6,successfulDribblesPercentage,BEL,2025-2026,datafc_sofascore,2026-08-09T08:07:33.988763
38,77040,Modibo Fofana,2602250,Royal Antwerp FC,2889,1,0,7.45,0.22,0.1,4,1,1,2,3,0,0,35,2,successfulDribblesPercentage,BEL,2025-2026,datafc_sofascore,2026-08-09T08:07:33.988763
38,77040,Jules Ahoka,2137673,Royal Antwerp FC,2889,0,0,7.45,0.02,0.0,1,0,0,1,2,0,0,98,2,successfulDribblesPercentage,BEL,2025-2026,datafc_sofascore,2026-08-09T08:07:33.988763
38,77040,Lucas Pirard,190379,Standard Liège,2901,0,0,7.44,,0.03,0,0,0,1,0,1,0,990,11,successfulDribblesPercentage,BEL,2025-2026,datafc_sofascore,2026-08-09T08:07:33.988763
38,77040,Marcos Hernán Peano,789394,RAAL La Louvière,368506,0,0,7.37,,0.14,0,0,0,4,4,2,0,3060,34,successfulDribblesPercentage,BEL,2025-2026,datafc_sofascore,2026-08-09T08:07:33.988763
38,77040,Charles Vanhoutte,928033,Royale Union Saint-Gilloise,4860,0,1,7.36,0.36,1.67,2,1,12,2,18,2,0,450,5,successfulDribblesPercentage,BEL,2025-2026,datafc_sofascore,2026-08-09T08:07:33.988763
38,77040,Edgaras Utkus,921180,Cercle Brugge,2929,2,0,7.31,1.25,0.36,14,4,1,1,28,2,0,1451,19,successfulDribblesPercentage,BEL,2025-2026,datafc_sofascore,2026-08-09T08:07:33.988763
38,77040,Christian Burgess,303634,Royale Union Saint-Gilloise,4860,2,3,7.31,1.63,1.37,23,8,13,1,53,13,1,3147,35,successfulDribblesPercentage,BEL,2025-2026,datafc_sofascore,2026-08-09T08:07:33.988763
38,77040,Brent Gabriel,861977,SV Zulte Waregem,2933,0,1,7.26,,0.6,0,0,2,1,1,1,0,3240,36,successfulDribblesPercentage,BEL,2025-2026,datafc_sofascore,2026-08-09T08:07:33.988763
38,77040,Maxence Prévot,785520,Oud-Heverlee Leuven,2918,0,0,7.19,,0.02,0,0,0,2,0,1,0,741,9,successfulDribblesPercentage,BEL,2025-2026,datafc_sofascore,2026-08-09T08:07:33.988763
38,77040,Joey Pelupessy,235404,Lommel SK,5046,0,0,7.15,0.05,0.04,1,0,2,1,12,0,0,540,6,successfulDribblesPercentage,BEL,2025-2026,datafc_sofascore,2026-08-09T08:07:33.988763
38,77040,Amando Lapage,1396102,KVC Westerlo,2893,0,0,7.1,0.13,0.51,8,2,4,3,15,3,0,1272,16,successfulDribblesPercentage,BEL,2025-2026,datafc_sofascore,2026-08-09T08:07:33.988763
38,77040,Rosen Bozhinov,1152943,Royal Antwerp FC,2889,1,0,7.08,0.4,0.39,7,3,5,2,15,1,0,1279,16,successfulDribblesPercentage,BEL,2025-2026,datafc_sofascore,2026-08-09T08:07:33.988763
38,77040,Shogo Taniguchi,386958,Sint-Truidense VV,2895,1,1,7.07,1.07,1.31,14,2,10,2,43,4,0,2963,38,successfulDribblesPercentage,BEL,2025-2026,datafc_sofascore,2026-08-09T08:07:33.988763
38,77040,Anton Tanghe,1005175,SV Zulte Waregem,2933,3,0,7.02,2.43,0.92,5,3,8,1,14,2,0,1664,21,successfulDribblesPercentage,BEL,2025-2026,datafc_sofascore,2026-08-09T08:07:33.988763
38,77040,Kobe Cools,793987,FCV Dender,389232,0,0,7.02,0.85,0.74,12,6,2,2,21,2,0,1331,19,successfulDribblesPercentage,BEL,2025-2026,datafc_sofascore,2026-08-09T08:07:33.988763
38,77040,Christian Akpan,1472969,KRC Genk,2890,0,0,7.0,,0.01,0,0,0,1,4,0,0,120,1,successfulDribblesPercentage,BEL,2025-2026,datafc_sofascore,2026-08-09T08:07:33.988763
38,77040,Jonathan D'Ostilio,341273,RFC Liège,389226,0,0,7.0,0.12,0.27,2,0,3,1,8,1,0,169,2,successfulDribblesPercentage,BEL,2025-2026,datafc_sofascore,2026-08-09T08:07:33.988763
38,77040,Colin Coosemans,122399,RSC Anderlecht,2900,0,0,6.98,,0.11,0,0,2,1,0,2,0,3420,38,successfulDribblesPercentage,BEL,2025-2026,datafc_sofascore,2026-08-09T08:07:33.988763
38,77040,Jhon Banguera,1173826,Lommel SK,5046,0,0,6.97,0.1,0.01,4,1,0,1,6,1,0,525,6,successfulDribblesPercentage,BEL,2025-2026,datafc_sofascore,2026-08-09T08:07:33.988763
38,77040,Maksim Paskotsi,954621,KAA Gent,2903,4,1,6.96,1.28,0.33,15,6,1,1,19,1,0,1813,22,successfulDribblesPercentage,BEL,2025-2026,datafc_sofascore,2026-08-09T08:07:33.988763
38,77040,Martin Wasinski,1131054,RFC Liège,389226,0,0,6.95,0.11,0.38,1,1,3,1,2,1,0,180,2,successfulDribblesPercentage,BEL,2025-2026,datafc_sofascore,2026-08-09T08:07:33.988763
38,77040,Reno Wilmots,826928,RFC Liège,389226,0,0,6.9,0.41,0.09,4,0,1,3,4,0,0,180,2,successfulDribblesPercentage,BEL,2025-2026,datafc_sofascore,2026-08-09T08:07:33.988763
38,77040,David Robert Bates,839675,Standard Liège,2901,1,0,6.89,1.63,0.33,10,4,1,1,18,3,0,1384,18,successfulDribblesPercentage,BEL,2025-2026,datafc_sofascore,2026-08-09T08:07:33.988763
38,77040,Daan Dierckx,1099368,Standard Liège,2901,0,0,6.86,1.26,0.38,13,4,2,1,17,2,0,1321,20,successfulDribblesPercentage,BEL,2025-2026,datafc_sofascore,2026-08-09T08:07:33.988763
38,77040,Lucas Hey,1122698,RSC Anderlecht,2900,0,0,6.83,0.71,0.46,10,1,3,4,25,6,0,2535,32,successfulDribblesPercentage,BEL,2025-2026,datafc_sofascore,2026-08-09T08:07:33.988763
38,77040,Kaye Furo,1403098,Club Brugge KV,2888,1,0,6.76,0.39,0.2,4,2,2,1,2,0,0,84,5,successfulDribblesPercentage,BEL,2025-2026,datafc_sofascore,2026-08-09T08:07:33.988763
38,77040,Aloïs Penin,1127589,Patro Eisden Maasmechelen,35076,0,0,6.75,,0.17,0,0,1,1,7,0,0,210,2,successfulDribblesPercentage,BEL,2025-2026,datafc_sofascore,2026-08-09T08:07:33.988763
38,77040,Ian Struyf,2192147,KV Mechelen,5044,0,0,6.73,0.18,0.05,1,0,0,2,8,2,0,445,11,successfulDribblesPercentage,BEL,2025-2026,datafc_sofascore,2026-08-09T08:07:33.988763
38,77040,Ibrahima Sory Bangoura,1396027,KRC Genk,2890,0,0,6.72,0.92,0.45,8,3,9,14,59,5,0,1531,28,successfulDribblesPercentage,BEL,2025-2026,datafc_sofascore,2026-08-09T08:07:33.988763
38,77040,Mohammed El Âdfaoui,1591025,KAA Gent,2903,0,1,6.7,0.09,0.88,2,0,3,1,2,0,0,79,4,successfulDribblesPercentage,BEL,2025-2026,datafc_sofascore,2026-08-09T08:07:33.988763
38,77040,Isaías Delpupo,1046241,Sint-Truidense VV,2895,0,0,6.67,,0.0,0,0,0,2,2,0,0,35,4,successfulDribblesPercentage,BEL,2025-2026,datafc_sofascore,2026-08-09T08:07:33.988763
38,77040,Wolke Janssens,794418,Sint-Truidense VV,2895,0,0,6.67,,0.03,0,0,0,2,3,0,0,47,7,successfulDribblesPercentage,BEL,2025-2026,datafc_sofascore,2026-08-09T08:07:33.988763
38,77040,Ken Masui,1125634,K. Beerschot V.A.,169260,0,0,6.65,0.1,0.79,2,1,2,5,1,1,0,229,4,successfulDribblesPercentage,BEL,2025-2026,datafc_sofascore,2026-08-09T08:07:33.988763
38,77040,Mathys Angely,1606624,RSC Anderlecht,2900,0,0,6.65,0.02,0.03,1,0,0,1,9,0,0,279,4,successfulDribblesPercentage,BEL,2025-2026,datafc_sofascore,2026-08-09T08:07:33.988763
38,77040,Mehdi Boukamir,1131463,RC Sporting Charleroi,2898,0,0,6.59,,0.02,0,0,0,1,3,0,0,328,16,successfulDribblesPercentage,BEL,2025-2026,datafc_sofascore,2026-08-09T08:07:33.988763
38,77040,Timothy Eyoma,859899,Lommel SK,5046,0,0,6.53,,0.01,0,0,1,1,1,0,0,114,3,successfulDribblesPercentage,BEL,2025-2026,datafc_sofascore,2026-08-09T08:07:33.988763
38,77040,Moïse Sahi Dion,1113031,FCV Dender,389232,0,0,6.5,0.1,0.03,1,0,0,2,0,0,0,78,5,successfulDribblesPercentage,BEL,2025-2026,datafc_sofascore,2026-08-09T08:07:33.988763
38,77040,Mauro Lenaerts,2063857,KV Mechelen,5044,0,0,6.5,0.07,0.01,1,0,1,1,0,0,0,22,2,successfulDribblesPercentage,BEL,2025-2026,datafc_sofascore,2026-08-09T08:07:33.988763
38,77040,Boli Bolingoli-Mbombo,333301,Standard Liège,2901,0,0,6.43,,0.01,0,0,0,1,3,0,0,115,3,successfulDribblesPercentage,BEL,2025-2026,datafc_sofascore,2026-08-09T08:07:33.988763
38,77040,El Hadji Seck,2213490,KAA Gent,2903,0,0,6.4,,0.0,0,0,0,1,0,0,0,15,1,successfulDribblesPercentage,BEL,2025-2026,datafc_sofascore,2026-08-09T08:07:33.988763
38,77040,Nikola Mituljikić,1102965,SV Zulte Waregem,2933,0,0,6.3,,0.01,0,0,2,1,0,0,0,43,2,successfulDribblesPercentage,BEL,2025-2026,datafc_sofascore,2026-08-09T08:07:33.988763
38,77040,Gora Diouf,1407164,KV Mechelen,5044,1,1,6.78,0.59,0.28,6,1,4,8,22,5,1,951,18,successfulDribblesPercentage,BEL,2025-2026,datafc_sofascore,2026-08-09T08:07:33.988763
38,77040,Matties Volckaert,2213526,KAA Gent,2903,0,0,6.82,0.66,1.42,13,1,11,7,21,2,0,2237,26,successfulDribblesPercentage,BEL,2025-2026,datafc_sofascore,2026-08-09T08:07:33.988763
38,77040,Tommy St Jago,876232,KV Mechelen,5044,0,1,6.72,0.3,0.66,6,0,6,7,62,4,0,2282,28,successfulDribblesPercentage,BEL,2025-2026,datafc_sofascore,2026-08-09T08:07:33.988763
38,77040,Joris Kayembe,354046,KRC Genk,2890,0,1,6.96,0.47,1.64,13,2,20,27,48,5,0,2111,28,successfulDribblesPercentage,BEL,2025-2026,datafc_sofascore,2026-08-09T08:07:33.988763
38,77040,Brandon Mechele,248331,Club Brugge KV,2888,5,2,7.29,3.46,1.49,33,14,22,5,77,4,0,3435,39,successfulDribblesPercentage,BEL,2025-2026,datafc_sofascore,2026-08-09T08:07:33.988763
38,77040,Yassine Khalifi,1126852,RC Sporting Charleroi,2898,0,1,6.82,0.1,0.57,3,0,6,5,15,2,0,625,20,successfulDribblesPercentage,BEL,2025-2026,datafc_sofascore,2026-08-09T08:07:33.988763
38,77040,Rafik Belghali,1103488,KV Mechelen,5044,0,0,6.9,0.02,0.05,1,0,2,4,5,1,0,240,3,successfulDribblesPercentage,BEL,2025-2026,datafc_sofascore,2026-08-09T08:07:33.988763
38,77040,Sofiane Boufal,257205,Royale Union Saint-Gilloise,4860,0,1,6.83,0.8,0.62,8,2,6,8,4,0,0,179,9,successfulDribblesPercentage,BEL,2025-2026,datafc_sofascore,2026-08-09T08:07:33.988763
38,77040,Roggerio Nyakossi,1129502,Oud-Heverlee Leuven,2918,4,0,6.84,1.16,0.19,13,5,2,7,29,4,0,2241,27,successfulDribblesPercentage,BEL,2025-2026,datafc_sofascore,2026-08-09T08:07:33.988763
38,77040,Alexis Beka Beka,1001456,RAAL La Louvière,368506,1,0,6.79,0.34,0.09,8,2,3,7,4,0,0,166,7,successfulDribblesPercentage,BEL,2025-2026,datafc_sofascore,2026-08-09T08:07:33.988763
38,77040,Bryan Goncalves,775019,FCV Dender,389232,1,2,6.79,1.13,3.58,12,5,38,10,42,5,0,2293,28,successfulDribblesPercentage,BEL,2025-2026,datafc_sofascore,2026-08-09T08:07:33.988763
38,77040,Tuur Rommens,1130011,KVC Westerlo,2893,0,1,6.79,0.85,1.48,8,2,20,19,33,2,0,1223,15,successfulDribblesPercentage,BEL,2025-2026,datafc_sofascore,2026-08-09T08:07:33.988763
38,77040,Ross Sykes,845558,Royale Union Saint-Gilloise,4860,5,0,7.28,3.78,2.34,56,25,21,6,40,9,0,2629,32,successfulDribblesPercentage,BEL,2025-2026,datafc_sofascore,2026-08-09T08:07:33.988763
38,77040,Visar Musliu,134231,Sint-Truidense VV,2895,0,0,7.12,1.16,0.58,17,3,4,6,39,4,0,2519,30,successfulDribblesPercentage,BEL,2025-2026,datafc_sofascore,2026-08-09T08:07:33.988763
38,77040,Tolu Arokodare,987734,KRC Genk,2890,1,0,6.93,0.27,0.09,6,2,0,3,0,0,0,80,4,successfulDribblesPercentage,BEL,2025-2026,datafc_sofascore,2026-08-09T08:07:33.988763
38,77040,Jorne Spileers,1104897,Club Brugge KV,2888,0,1,6.83,0.12,0.28,3,0,2,3,21,4,0,1218,23,successfulDribblesPercentage,BEL,2025-2026,datafc_sofascore,2026-08-09T08:07:33.988763
38,77040,Tochukwu Nnadi,1191892,SV Zulte Waregem,2933,0,1,6.74,0.06,0.62,2,0,5,3,37,7,1,1418,18,successfulDribblesPercentage,BEL,2025-2026,datafc_sofascore,2026-08-09T08:07:33.988763
38,77040,Jakob Kiilerich,887822,SV Zulte Waregem,2933,0,0,6.74,0.77,0.82,9,2,4,3,27,3,1,2291,29,successfulDribblesPercentage,BEL,2025-2026,datafc_sofascore,2026-08-09T08:07:33.988763
38,77040,Ali Maamar,1440668,RSC Anderlecht,2900,0,4,6.68,0.58,1.82,13,0,18,18,36,4,0,1382,25,successfulDribblesPercentage,BEL,2025-2026,datafc_sofascore,2026-08-09T08:07:33.988763
38,77040,Maxence Maisonneuve,1396487,RAAL La Louvière,368506,0,1,6.62,1.59,0.74,24,5,9,9,31,3,0,2303,31,successfulDribblesPercentage,BEL,2025-2026,datafc_sofascore,2026-08-09T08:07:33.988763
38,77040,Afonso Patrao,1586655,KVC Westerlo,2893,1,0,6.56,1.35,0.15,8,4,2,3,2,0,0,244,11,successfulDribblesPercentage,BEL,2025-2026,datafc_sofascore,2026-08-09T08:07:33.988763
38,77040,Benjamin Fredrick,1470532,FCV Dender,389232,0,0,6.51,0.45,0.68,6,1,4,3,22,2,0,862,14,successfulDribblesPercentage,BEL,2025-2026,datafc_sofascore,2026-08-09T08:07:33.988763
38,77040,Raphael Onyedika,1129862,Club Brugge KV,2888,1,0,6.86,2.76,1.16,29,11,10,16,42,3,0,1995,30,successfulDribblesPercentage,BEL,2025-2026,datafc_sofascore,2026-08-09T08:07:33.988763
38,77040,Geoffrey Kondo,1397885,Cercle Brugge,2929,1,1,7.08,0.63,1.11,9,2,3,5,16,0,0,900,10,successfulDribblesPercentage,BEL,2025-2026,datafc_sofascore,2026-08-09T08:07:33.988763
38,77040,Emin Bayram,997153,KVC Westerlo,2893,4,2,7.06,4.39,2.88,41,13,20,15,44,4,2,3322,38,successfulDribblesPercentage,BEL,2025-2026,datafc_sofascore,2026-08-09T08:07:33.988763
38,77040,Josue Ndenge Kongolo,1396029,KRC Genk,2890,0,0,6.98,0.19,0.56,4,0,3,10,27,3,1,1168,16,successfulDribblesPercentage,BEL,2025-2026,datafc_sofascore,2026-08-09T08:07:33.988763
38,77040,Aiham Ousou,965265,RC Sporting Charleroi,2898,2,1,6.95,3.22,1.58,34,10,11,5,53,12,1,3395,39,successfulDribblesPercentage,BEL,2025-2026,datafc_sofascore,2026-08-09T08:07:33.988763
38,77040,Abian Arslan,1512259,RFC Liège,389226,0,0,6.45,0.13,0.02,1,0,0,5,1,0,0,70,2,successfulDribblesPercentage,BEL,2025-2026,datafc_sofascore,2026-08-09T08:07:33.988763
38,77040,Mathias Rasmussen,834244,Royale Union Saint-Gilloise,4860,2,1,7.13,0.52,1.02,10,3,20,7,25,1,0,720,16,successfulDribblesPercentage,BEL,2025-2026,datafc_sofascore,2026-08-09T08:07:33.988763
38,77040,Emmanuel Kakou,1847412,Cercle Brugge,2929,2,1,6.8,1.44,0.56,21,5,4,7,35,1,1,1737,24,successfulDribblesPercentage,BEL,2025-2026,datafc_sofascore,2026-08-09T08:07:33.988763
38,77040,Luc De Fougerolles,1413129,FCV Dender,389232,0,1,6.74,0.48,0.48,5,0,8,7,39,5,2,1717,28,successfulDribblesPercentage,BEL,2025-2026,datafc_sofascore,2026-08-09T08:07:33.988763
38,77040,Fredrik Hammar,946959,KV Mechelen,5044,1,1,7.04,1.75,1.64,28,6,18,20,152,10,0,3366,38,successfulDribblesPercentage,BEL,2025-2026,datafc_sofascore,2026-08-09T08:07:33.988763
38,77040,Etienne Camara,1097542,RC Sporting Charleroi,2898,2,3,6.83,1.19,1.37,20,7,20,19,94,11,1,3034,38,successfulDribblesPercentage,BEL,2025-2026,datafc_sofascore,2026-08-09T08:07:33.988763
38,77040,Emran Soglo,1403124,SV Zulte Waregem,2933,0,3,6.85,1.02,2.37,16,2,15,23,29,2,0,1045,18,successfulDribblesPercentage,BEL,2025-2026,datafc_sofascore,2026-08-09T08:07:33.988763
38,77040,Bas Van den Eynden,1048359,K. Beerschot V.A.,169260,0,0,7.13,0.12,0.41,3,0,3,2,9,1,0,377,4,successfulDribblesPercentage,BEL,2025-2026,datafc_sofascore,2026-08-09T08:07:33.988763
38,77040,Christiaan Ravych,1191212,Cercle Brugge,2929,0,0,6.94,1.38,0.44,8,2,5,6,49,2,0,2243,27,successfulDribblesPercentage,BEL,2025-2026,datafc_sofascore,2026-08-09T08:07:33.988763
38,77040,Laurent Lemoine,822698,SV Zulte Waregem,2933,1,0,6.94,0.77,0.53,3,1,3,8,40,3,0,1670,22,successfulDribblesPercentage,BEL,2025-2026,datafc_sofascore,2026-08-09T08:07:33.988763
38,77040,Moussa Ndiaye,982315,RSC Anderlecht,2900,0,0,6.88,0.69,0.34,10,1,4,8,29,2,0,977,17,successfulDribblesPercentage,BEL,2025-2026,datafc_sofascore,2026-08-09T08:07:33.988763
38,77040,Mohamed Salah El Boukammiri,1390360,Lommel SK,5046,0,1,6.82,0.03,0.09,5,2,2,2,4,2,0,112,5,successfulDribblesPercentage,BEL,2025-2026,datafc_sofascore,2026-08-09T08:07:33.988763
38,77040,Marco Kana,964759,RSC Anderlecht,2900,0,0,6.78,0.37,0.82,9,2,6,2,19,5,0,2043,26,successfulDribblesPercentage,BEL,2025-2026,datafc_sofascore,2026-08-09T08:07:33.988763
38,77040,Darío Benavides,1142092,RAAL La Louvière,368506,0,1,6.73,0.68,1.43,7,1,10,6,22,1,0,974,20,successfulDribblesPercentage,BEL,2025-2026,datafc_sofascore,2026-08-09T08:07:33.988763
38,77040,Jakob Napoleon Romsaas,1198306,RC Sporting Charleroi,2898,2,3,6.72,5.11,2.68,40,15,34,20,27,2,0,1749,37,successfulDribblesPercentage,BEL,2025-2026,datafc_sofascore,2026-08-09T08:07:33.988763
38,77040,Takuma Ominami,832976,Oud-Heverlee Leuven,2918,0,1,6.7,1.07,0.44,9,1,4,4,32,3,0,1706,22,successfulDribblesPercentage,BEL,2025-2026,datafc_sofascore,2026-08-09T08:07:33.988763
38,77040,Steeven Assengue,1521229,Standard Liège,2901,0,0,6.65,,0.04,0,0,2,2,4,0,0,121,6,successfulDribblesPercentage,BEL,2025-2026,datafc_sofascore,2026-08-09T08:07:33.988763
38,77040,Gerard Vandeplas,1426634,Royal Antwerp FC,2889,0,0,6.42,1.26,0.13,11,6,4,4,11,0,0,561,19,successfulDribblesPercentage,BEL,2025-2026,datafc_sofascore,2026-08-09T08:07:33.988763
38,77040,Ludovit Reis,893586,Club Brugge KV,2888,0,0,6.35,0.71,0.18,6,2,3,2,2,1,0,265,7,successfulDribblesPercentage,BEL,2025-2026,datafc_sofascore,2026-08-09T08:07:33.988763
38,77040,Aaron Bibout,1502620,KRC Genk,2890,6,0,6.68,8.1,0.79,49,17,8,9,6,0,0,1165,21,successfulDribblesPercentage,BEL,2025-2026,datafc_sofascore,2026-08-09T08:07:33.988763
38,77040,Jeremy Petris,910937,RC Sporting Charleroi,2898,0,0,6.92,,0.29,0,0,2,7,5,0,0,376,5,successfulDribblesPercentage,BEL,2025-2026,datafc_sofascore,2026-08-09T08:07:33.988763
38,77040,Killian Sardella,909964,RSC Anderlecht,2900,0,1,6.66,1.39,1.45,23,6,19,14,33,3,1,2064,32,successfulDribblesPercentage,BEL,2025-2026,datafc_sofascore,2026-08-09T08:07:33.988763
38,77040,Siebe Schrijvers,190413,Oud-Heverlee Leuven,2918,3,4,7.0,5.03,3.45,29,4,37,12,62,6,0,2121,30,successfulDribblesPercentage,BEL,2025-2026,datafc_sofascore,2026-08-09T08:07:33.988763
38,77040,Hugo Vetlesen,877236,Club Brugge KV,2888,5,6,6.87,4.89,3.32,36,14,22,12,25,5,0,1315,25,successfulDribblesPercentage,BEL,2025-2026,datafc_sofascore,2026-08-09T08:07:33.988763
38,77040,Robin Mirisola,1405446,KRC Genk,2890,5,2,6.66,6.48,0.66,36,13,15,22,11,3,0,1317,30,successfulDribblesPercentage,BEL,2025-2026,datafc_sofascore,2026-08-09T08:07:33.988763
38,77040,Matte Smets,1392905,KRC Genk,2890,0,1,7.15,0.75,2.2,15,0,17,5,70,4,0,3509,39,successfulDribblesPercentage,BEL,2025-2026,datafc_sofascore,2026-08-09T08:07:33.988763
38,77040,Mamadou Diakhon,1495876,Club Brugge KV,2888,0,7,6.76,1.11,1.96,17,3,15,15,4,1,0,809,23,successfulDribblesPercentage,BEL,2025-2026,datafc_sofascore,2026-08-09T08:07:33.988763
38,77040,Isaac Babadi,1120701,Royal Antwerp FC,2889,0,0,6.63,0.49,0.94,12,6,8,5,15,1,0,479,17,successfulDribblesPercentage,BEL,2025-2026,datafc_sofascore,2026-08-09T08:07:33.988763
38,77040,Henry Lawrence,976265,Standard Liège,2901,2,0,6.78,1.98,1.48,11,3,6,18,36,5,0,2433,30,successfulDribblesPercentage,BEL,2025-2026,datafc_sofascore,2026-08-09T08:07:33.988763
38,77040,Rein Van Helden,1047163,Royal Antwerp FC,2889,2,0,7.02,2.19,1.08,12,4,13,8,52,2,1,2126,29,successfulDribblesPercentage,BEL,2025-2026,datafc_sofascore,2026-08-09T08:07:33.988763
38,77040,Joaquin Seys,1395881,Club Brugge KV,2888,2,5,6.81,1.25,3.7,16,4,33,11,56,3,0,2976,39,successfulDribblesPercentage,BEL,2025-2026,datafc_sofascore,2026-08-09T08:07:33.988763
38,77040,Dries Wouters,339269,Lommel SK,5046,0,0,7.53,,0.03,0,0,1,1,2,1,0,540,6,successfulDribblesPercentage,BEL,2025-2026,datafc_sofascore,2026-08-09T08:07:33.988763
38,77040,Modibo Fofana,2602250,Royal Antwerp FC,2889,1,0,7.45,0.22,0.1,4,1,1,2,3,0,0,35,2,successfulDribblesPercentage,BEL,2025-2026,datafc_sofascore,2026-08-09T08:07:33.988763
38,77040,Jules Ahoka,2137673,Royal Antwerp FC,2889,0,0,7.45,0.02,0.0,1,0,0,1,2,0,0,98,2,successfulDribblesPercentage,BEL,2025-2026,datafc_sofascore,2026-08-09T08:07:33.988763
38,77040,Lucas Pirard,190379,Standard Liège,2901,0,0,7.44,,0.03,0,0,0,1,0,1,0,990,11,successfulDribblesPercentage,BEL,2025-2026,datafc_sofascore,2026-08-09T08:07:33.988763
38,77040,Marcos Hernán Peano,789394,RAAL La Louvière,368506,0,0,7.37,,0.14,0,0,0,4,4,2,0,3060,34,successfulDribblesPercentage,BEL,2025-2026,datafc_sofascore,2026-08-09T08:07:33.988763
38,77040,Charles Vanhoutte,928033,Royale Union Saint-Gilloise,4860,0,1,7.36,0.36,1.67,2,1,12,2,18,2,0,450,5,successfulDribblesPercentage,BEL,2025-2026,datafc_sofascore,2026-08-09T08:07:33.988763
38,77040,Edgaras Utkus,921180,Cercle Brugge,2929,2,0,7.31,1.25,0.36,14,4,1,1,28,2,0,1451,19,successfulDribblesPercentage,BEL,2025-2026,datafc_sofascore,2026-08-09T08:07:33.988763
38,77040,Christian Burgess,303634,Royale Union Saint-Gilloise,4860,2,3,7.31,1.63,1.37,23,8,13,1,53,13,1,3147,35,successfulDribblesPercentage,BEL,2025-2026,datafc_sofascore,2026-08-09T08:07:33.988763
38,77040,Brent Gabriel,861977,SV Zulte Waregem,2933,0,1,7.26,,0.6,0,0,2,1,1,1,0,3240,36,successfulDribblesPercentage,BEL,2025-2026,datafc_sofascore,2026-08-09T08:07:33.988763
38,77040,Maxence Prévot,785520,Oud-Heverlee Leuven,2918,0,0,7.19,,0.02,0,0,0,2,0,1,0,741,9,successfulDribblesPercentage,BEL,2025-2026,datafc_sofascore,2026-08-09T08:07:33.988763
38,77040,Joey Pelupessy,235404,Lommel SK,5046,0,0,7.15,0.05,0.04,1,0,2,1,12,0,0,540,6,successfulDribblesPercentage,BEL,2025-2026,datafc_sofascore,2026-08-09T08:07:33.988763
38,77040,Amando Lapage,1396102,KVC Westerlo,2893,0,0,7.1,0.13,0.51,8,2,4,3,15,3,0,1272,16,successfulDribblesPercentage,BEL,2025-2026,datafc_sofascore,2026-08-09T08:07:33.988763
38,77040,Rosen Bozhinov,1152943,Royal Antwerp FC,2889,1,0,7.08,0.4,0.39,7,3,5,2,15,1,0,1279,16,successfulDribblesPercentage,BEL,2025-2026,datafc_sofascore,2026-08-09T08:07:33.988763
38,77040,Shogo Taniguchi,386958,Sint-Truidense VV,2895,1,1,7.07,1.07,1.31,14,2,10,2,43,4,0,2963,38,successfulDribblesPercentage,BEL,2025-2026,datafc_sofascore,2026-08-09T08:07:33.988763
38,77040,Anton Tanghe,1005175,SV Zulte Waregem,2933,3,0,7.02,2.43,0.92,5,3,8,1,14,2,0,1664,21,successfulDribblesPercentage,BEL,2025-2026,datafc_sofascore,2026-08-09T08:07:33.988763
38,77040,Kobe Cools,793987,FCV Dender,389232,0,0,7.02,0.85,0.74,12,6,2,2,21,2,0,1331,19,successfulDribblesPercentage,BEL,2025-2026,datafc_sofascore,2026-08-09T08:07:33.988763
38,77040,Christian Akpan,1472969,KRC Genk,2890,0,0,7.0,,0.01,0,0,0,1,4,0,0,120,1,successfulDribblesPercentage,BEL,2025-2026,datafc_sofascore,2026-08-09T08:07:33.988763
38,77040,Jonathan D'Ostilio,341273,RFC Liège,389226,0,0,7.0,0.12,0.27,2,0,3,1,8,1,0,169,2,successfulDribblesPercentage,BEL,2025-2026,datafc_sofascore,2026-08-09T08:07:33.988763
38,77040,Colin Coosemans,122399,RSC Anderlecht,2900,0,0,6.98,,0.11,0,0,2,1,0,2,0,3420,38,successfulDribblesPercentage,BEL,2025-2026,datafc_sofascore,2026-08-09T08:07:33.988763
38,77040,Jhon Banguera,1173826,Lommel SK,5046,0,0,6.97,0.1,0.01,4,1,0,1,6,1,0,525,6,successfulDribblesPercentage,BEL,2025-2026,datafc_sofascore,2026-08-09T08:07:33.988763
38,77040,Maksim Paskotsi,954621,KAA Gent,2903,4,1,6.96,1.28,0.33,15,6,1,1,19,1,0,1813,22,successfulDribblesPercentage,BEL,2025-2026,datafc_sofascore,2026-08-09T08:07:33.988763
38,77040,Martin Wasinski,1131054,RFC Liège,389226,0,0,6.95,0.11,0.38,1,1,3,1,2,1,0,180,2,successfulDribblesPercentage,BEL,2025-2026,datafc_sofascore,2026-08-09T08:07:33.988763
38,77040,Reno Wilmots,826928,RFC Liège,389226,0,0,6.9,0.41,0.09,4,0,1,3,4,0,0,180,2,successfulDribblesPercentage,BEL,2025-2026,datafc_sofascore,2026-08-09T08:07:33.988763
38,77040,David Robert Bates,839675,Standard Liège,2901,1,0,6.89,1.63,0.33,10,4,1,1,18,3,0,1384,18,successfulDribblesPercentage,BEL,2025-2026,datafc_sofascore,2026-08-09T08:07:33.988763
38,77040,Daan Dierckx,1099368,Standard Liège,2901,0,0,6.86,1.26,0.38,13,4,2,1,17,2,0,1321,20,successfulDribblesPercentage,BEL,2025-2026,datafc_sofascore,2026-08-09T08:07:33.988763
38,77040,Lucas Hey,1122698,RSC Anderlecht,2900,0,0,6.83,0.71,0.46,10,1,3,4,25,6,0,2535,32,successfulDribblesPercentage,BEL,2025-2026,datafc_sofascore,2026-08-09T08:07:33.988763
38,77040,Kaye Furo,1403098,Club Brugge KV,2888,1,0,6.76,0.39,0.2,4,2,2,1,2,0,0,84,5,successfulDribblesPercentage,BEL,2025-2026,datafc_sofascore,2026-08-09T08:07:33.988763
38,77040,Aloïs Penin,1127589,Patro Eisden Maasmechelen,35076,0,0,6.75,,0.17,0,0,1,1,7,0,0,210,2,successfulDribblesPercentage,BEL,2025-2026,datafc_sofascore,2026-08-09T08:07:33.988763
38,77040,Ian Struyf,2192147,KV Mechelen,5044,0,0,6.73,0.18,0.05,1,0,0,2,8,2,0,445,11,successfulDribblesPercentage,BEL,2025-2026,datafc_sofascore,2026-08-09T08:07:33.988763
38,77040,Ibrahima Sory Bangoura,1396027,KRC Genk,2890,0,0,6.72,0.92,0.45,8,3,9,14,59,5,0,1531,28,successfulDribblesPercentage,BEL,2025-2026,datafc_sofascore,2026-08-09T08:07:33.988763
38,77040,Mohammed El Âdfaoui,1591025,KAA Gent,2903,0,1,6.7,0.09,0.88,2,0,3,1,2,0,0,79,4,successfulDribblesPercentage,BEL,2025-2026,datafc_sofascore,2026-08-09T08:07:33.988763
38,77040,Isaías Delpupo,1046241,Sint-Truidense VV,2895,0,0,6.67,,0.0,0,0,0,2,2,0,0,35,4,successfulDribblesPercentage,BEL,2025-2026,datafc_sofascore,2026-08-09T08:07:33.988763
38,77040,Wolke Janssens,794418,Sint-Truidense VV,2895,0,0,6.67,,0.03,0,0,0,2,3,0,0,47,7,successfulDribblesPercentage,BEL,2025-2026,datafc_sofascore,2026-08-09T08:07:33.988763
38,77040,Ken Masui,1125634,K. Beerschot V.A.,169260,0,0,6.65,0.1,0.79,2,1,2,5,1,1,0,229,4,successfulDribblesPercentage,BEL,2025-2026,datafc_sofascore,2026-08-09T08:07:33.988763
38,77040,Mathys Angely,1606624,RSC Anderlecht,2900,0,0,6.65,0.02,0.03,1,0,0,1,9,0,0,279,4,successfulDribblesPercentage,BEL,2025-2026,datafc_sofascore,2026-08-09T08:07:33.988763
38,77040,Mehdi Boukamir,1131463,RC Sporting Charleroi,2898,0,0,6.59,,0.02,0,0,0,1,3,0,0,328,16,successfulDribblesPercentage,BEL,2025-2026,datafc_sofascore,2026-08-09T08:07:33.988763
38,77040,Timothy Eyoma,859899,Lommel SK,5046,0,0,6.53,,0.01,0,0,1,1,1,0,0,114,3,successfulDribblesPercentage,BEL,2025-2026,datafc_sofascore,2026-08-09T08:07:33.988763
38,77040,Moïse Sahi Dion,1113031,FCV Dender,389232,0,0,6.5,0.1,0.03,1,0,0,2,0,0,0,78,5,successfulDribblesPercentage,BEL,2025-2026,datafc_sofascore,2026-08-09T08:07:33.988763
38,77040,Mauro Lenaerts,2063857,KV Mechelen,5044,0,0,6.5,0.07,0.01,1,0,1,1,0,0,0,22,2,successfulDribblesPercentage,BEL,2025-2026,datafc_sofascore,2026-08-09T08:07:33.988763
38,77040,Boli Bolingoli-Mbombo,333301,Standard Liège,2901,0,0,6.43,,0.01,0,0,0,1,3,0,0,115,3,successfulDribblesPercentage,BEL,2025-2026,datafc_sofascore,2026-08-09T08:07:33.988763
38,77040,El Hadji Seck,2213490,KAA Gent,2903,0,0,6.4,,0.0,0,0,0,1,0,0,0,15,1,successfulDribblesPercentage,BEL,2025-2026,datafc_sofascore,2026-08-09T08:07:33.988763
38,77040,Nikola Mituljikić,1102965,SV Zulte Waregem,2933,0,0,6.3,,0.01,0,0,2,1,0,0,0,43,2,successfulDribblesPercentage,BEL,2025-2026,datafc_sofascore,2026-08-09T08:07:33.988763
38,77040,Gora Diouf,1407164,KV Mechelen,5044,1,1,6.78,0.59,0.28,6,1,4,8,22,5,1,951,18,successfulDribblesPercentage,BEL,2025-2026,datafc_sofascore,2026-08-09T08:07:33.988763
38,77040,Matties Volckaert,2213526,KAA Gent,2903,0,0,6.82,0.66,1.42,13,1,11,7,21,2,0,2237,26,successfulDribblesPercentage,BEL,2025-2026,datafc_sofascore,2026-08-09T08:07:33.988763
38,77040,Tommy St Jago,876232,KV Mechelen,5044,0,1,6.72,0.3,0.66,6,0,6,7,62,4,0,2282,28,successfulDribblesPercentage,BEL,2025-2026,datafc_sofascore,2026-08-09T08:07:33.988763
38,77040,Joris Kayembe,354046,KRC Genk,2890,0,1,6.96,0.47,1.64,13,2,20,27,48,5,0,2111,28,successfulDribblesPercentage,BEL,2025-2026,datafc_sofascore,2026-08-09T08:07:33.988763
38,77040,Brandon Mechele,248331,Club Brugge KV,2888,5,2,7.29,3.46,1.49,33,14,22,5,77,4,0,3435,39,successfulDribblesPercentage,BEL,2025-2026,datafc_sofascore,2026-08-09T08:07:33.988763
38,77040,Yassine Khalifi,1126852,RC Sporting Charleroi,2898,0,1,6.82,0.1,0.57,3,0,6,5,15,2,0,625,20,successfulDribblesPercentage,BEL,2025-2026,datafc_sofascore,2026-08-09T08:07:33.988763
38,77040,Rafik Belghali,1103488,KV Mechelen,5044,0,0,6.9,0.02,0.05,1,0,2,4,5,1,0,240,3,successfulDribblesPercentage,BEL,2025-2026,datafc_sofascore,2026-08-09T08:07:33.988763
38,77040,Sofiane Boufal,257205,Royale Union Saint-Gilloise,4860,0,1,6.83,0.8,0.62,8,2,6,8,4,0,0,179,9,successfulDribblesPercentage,BEL,2025-2026,datafc_sofascore,2026-08-09T08:07:33.988763
38,77040,Roggerio Nyakossi,1129502,Oud-Heverlee Leuven,2918,4,0,6.84,1.16,0.19,13,5,2,7,29,4,0,2241,27,successfulDribblesPercentage,BEL,2025-2026,datafc_sofascore,2026-08-09T08:07:33.988763
38,77040,Alexis Beka Beka,1001456,RAAL La Louvière,368506,1,0,6.79,0.34,0.09,8,2,3,7,4,0,0,166,7,successfulDribblesPercentage,BEL,2025-2026,datafc_sofascore,2026-08-09T08:07:33.988763
38,77040,Bryan Goncalves,775019,FCV Dender,389232,1,2,6.79,1.13,3.58,12,5,38,10,42,5,0,2293,28,successfulDribblesPercentage,BEL,2025-2026,datafc_sofascore,2026-08-09T08:07:33.988763
38,77040,Tuur Rommens,1130011,KVC Westerlo,2893,0,1,6.79,0.85,1.48,8,2,20,19,33,2,0,1223,15,successfulDribblesPercentage,BEL,2025-2026,datafc_sofascore,2026-08-09T08:07:33.988763
38,77040,Ross Sykes,845558,Royale Union Saint-Gilloise,4860,5,0,7.28,3.78,2.34,56,25,21,6,40,9,0,2629,32,successfulDribblesPercentage,BEL,2025-2026,datafc_sofascore,2026-08-09T08:07:33.988763
38,77040,Visar Musliu,134231,Sint-Truidense VV,2895,0,0,7.12,1.16,0.58,17,3,4,6,39,4,0,2519,30,successfulDribblesPercentage,BEL,2025-2026,datafc_sofascore,2026-08-09T08:07:33.988763
38,77040,Tolu Arokodare,987734,KRC Genk,2890,1,0,6.93,0.27,0.09,6,2,0,3,0,0,0,80,4,successfulDribblesPercentage,BEL,2025-2026,datafc_sofascore,2026-08-09T08:07:33.988763
38,77040,Jorne Spileers,1104897,Club Brugge KV,2888,0,1,6.83,0.12,0.28,3,0,2,3,21,4,0,1218,23,successfulDribblesPercentage,BEL,2025-2026,datafc_sofascore,2026-08-09T08:07:33.988763
38,77040,Tochukwu Nnadi,1191892,SV Zulte Waregem,2933,0,1,6.74,0.06,0.62,2,0,5,3,37,7,1,1418,18,successfulDribblesPercentage,BEL,2025-2026,datafc_sofascore,2026-08-09T08:07:33.988763
38,77040,Jakob Kiilerich,887822,SV Zulte Waregem,2933,0,0,6.74,0.77,0.82,9,2,4,3,27,3,1,2291,29,successfulDribblesPercentage,BEL,2025-2026,datafc_sofascore,2026-08-09T08:07:33.988763
38,77040,Ali Maamar,1440668,RSC Anderlecht,2900,0,4,6.68,0.58,1.82,13,0,18,18,36,4,0,1382,25,successfulDribblesPercentage,BEL,2025-2026,datafc_sofascore,2026-08-09T08:07:33.988763
38,77040,Maxence Maisonneuve,1396487,RAAL La Louvière,368506,0,1,6.62,1.59,0.74,24,5,9,9,31,3,0,2303,31,successfulDribblesPercentage,BEL,2025-2026,datafc_sofascore,2026-08-09T08:07:33.988763
38,77040,Afonso Patrao,1586655,KVC Westerlo,2893,1,0,6.56,1.35,0.15,8,4,2,3,2,0,0,244,11,successfulDribblesPercentage,BEL,2025-2026,datafc_sofascore,2026-08-09T08:07:33.988763
38,77040,Benjamin Fredrick,1470532,FCV Dender,389232,0,0,6.51,0.45,0.68,6,1,4,3,22,2,0,862,14,successfulDribblesPercentage,BEL,2025-2026,datafc_sofascore,2026-08-09T08:07:33.988763
38,77040,Raphael Onyedika,1129862,Club Brugge KV,2888,1,0,6.86,2.76,1.16,29,11,10,16,42,3,0,1995,30,successfulDribblesPercentage,BEL,2025-2026,datafc_sofascore,2026-08-09T08:07:33.988763
38,77040,Geoffrey Kondo,1397885,Cercle Brugge,2929,1,1,7.08,0.63,1.11,9,2,3,5,16,0,0,900,10,successfulDribblesPercentage,BEL,2025-2026,datafc_sofascore,2026-08-09T08:07:33.988763
38,77040,Emin Bayram,997153,KVC Westerlo,2893,4,2,7.06,4.39,2.88,41,13,20,15,44,4,2,3322,38,successfulDribblesPercentage,BEL,2025-2026,datafc_sofascore,2026-08-09T08:07:33.988763
38,77040,Josue Ndenge Kongolo,1396029,KRC Genk,2890,0,0,6.98,0.19,0.56,4,0,3,10,27,3,1,1168,16,successfulDribblesPercentage,BEL,2025-2026,datafc_sofascore,2026-08-09T08:07:33.988763
38,77040,Aiham Ousou,965265,RC Sporting Charleroi,2898,2,1,6.95,3.22,1.58,34,10,11,5,53,12,1,3395,39,successfulDribblesPercentage,BEL,2025-2026,datafc_sofascore,2026-08-09T08:07:33.988763
38,77040,Abian Arslan,1512259,RFC Liège,389226,0,0,6.45,0.13,0.02,1,0,0,5,1,0,0,70,2,successfulDribblesPercentage,BEL,2025-2026,datafc_sofascore,2026-08-09T08:07:33.988763
38,77040,Mathias Rasmussen,834244,Royale Union Saint-Gilloise,4860,2,1,7.13,0.52,1.02,10,3,20,7,25,1,0,720,16,successfulDribblesPercentage,BEL,2025-2026,datafc_sofascore,2026-08-09T08:07:33.988763
38,77040,Emmanuel Kakou,1847412,Cercle Brugge,2929,2,1,6.8,1.44,0.56,21,5,4,7,35,1,1,1737,24,successfulDribblesPercentage,BEL,2025-2026,datafc_sofascore,2026-08-09T08:07:33.988763
38,77040,Luc De Fougerolles,1413129,FCV Dender,389232,0,1,6.74,0.48,0.48,5,0,8,7,39,5,2,1717,28,successfulDribblesPercentage,BEL,2025-2026,datafc_sofascore,2026-08-09T08:07:33.988763
38,77040,Fredrik Hammar,946959,KV Mechelen,5044,1,1,7.04,1.75,1.64,28,6,18,20,152,10,0,3366,38,successfulDribblesPercentage,BEL,2025-2026,datafc_sofascore,2026-08-09T08:07:33.988763
38,77040,Etienne Camara,1097542,RC Sporting Charleroi,2898,2,3,6.83,1.19,1.37,20,7,20,19,94,11,1,3034,38,successfulDribblesPercentage,BEL,2025-2026,datafc_sofascore,2026-08-09T08:07:33.988763
38,77040,Emran Soglo,1403124,SV Zulte Waregem,2933,0,3,6.85,1.02,2.37,16,2,15,23,29,2,0,1045,18,successfulDribblesPercentage,BEL,2025-2026,datafc_sofascore,2026-08-09T08:07:33.988763
38,77040,Bas Van den Eynden,1048359,K. Beerschot V.A.,169260,0,0,7.13,0.12,0.41,3,0,3,2,9,1,0,377,4,successfulDribblesPercentage,BEL,2025-2026,datafc_sofascore,2026-08-09T08:07:33.988763
38,77040,Christiaan Ravych,1191212,Cercle Brugge,2929,0,0,6.94,1.38,0.44,8,2,5,6,49,2,0,2243,27,successfulDribblesPercentage,BEL,2025-2026,datafc_sofascore,2026-08-09T08:07:33.988763
38,77040,Laurent Lemoine,822698,SV Zulte Waregem,2933,1,0,6.94,0.77,0.53,3,1,3,8,40,3,0,1670,22,successfulDribblesPercentage,BEL,2025-2026,datafc_sofascore,2026-08-09T08:07:33.988763
38,77040,Moussa Ndiaye,982315,RSC Anderlecht,2900,0,0,6.88,0.69,0.34,10,1,4,8,29,2,0,977,17,successfulDribblesPercentage,BEL,2025-2026,datafc_sofascore,2026-08-09T08:07:33.988763
38,77040,Mohamed Salah El Boukammiri,1390360,Lommel SK,5046,0,1,6.82,0.03,0.09,5,2,2,2,4,2,0,112,5,successfulDribblesPercentage,BEL,2025-2026,datafc_sofascore,2026-08-09T08:07:33.988763
38,77040,Marco Kana,964759,RSC Anderlecht,2900,0,0,6.78,0.37,0.82,9,2,6,2,19,5,0,2043,26,successfulDribblesPercentage,BEL,2025-2026,datafc_sofascore,2026-08-09T08:07:33.988763
38,77040,Darío Benavides,1142092,RAAL La Louvière,368506,0,1,6.73,0.68,1.43,7,1,10,6,22,1,0,974,20,successfulDribblesPercentage,BEL,2025-2026,datafc_sofascore,2026-08-09T08:07:33.988763
38,77040,Jakob Napoleon Romsaas,1198306,RC Sporting Charleroi,2898,2,3,6.72,5.11,2.68,40,15,34,20,27,2,0,1749,37,successfulDribblesPercentage,BEL,2025-2026,datafc_sofascore,2026-08-09T08:07:33.988763
38,77040,Takuma Ominami,832976,Oud-Heverlee Leuven,2918,0,1,6.7,1.07,0.44,9,1,4,4,32,3,0,1706,22,successfulDribblesPercentage,BEL,2025-2026,datafc_sofascore,2026-08-09T08:07:33.988763
38,77040,Steeven Assengue,1521229,Standard Liège,2901,0,0,6.65,,0.04,0,0,2,2,4,0,0,121,6,successfulDribblesPercentage,BEL,2025-2026,datafc_sofascore,2026-08-09T08:07:33.988763
38,77040,Gerard Vandeplas,1426634,Royal Antwerp FC,2889,0,0,6.42,1.26,0.13,11,6,4,4,11,0,0,561,19,successfulDribblesPercentage,BEL,2025-2026,datafc_sofascore,2026-08-09T08:07:33.988763
38,77040,Ludovit Reis,893586,Club Brugge KV,2888,0,0,6.35,0.71,0.18,6,2,3,2,2,1,0,265,7,successfulDribblesPercentage,BEL,2025-2026,datafc_sofascore,2026-08-09T08:07:33.988763
38,77040,Aaron Bibout,1502620,KRC Genk,2890,6,0,6.68,8.1,0.79,49,17,8,9,6,0,0,1165,21,successfulDribblesPercentage,BEL,2025-2026,datafc_sofascore,2026-08-09T08:07:33.988763
38,77040,Jeremy Petris,910937,RC Sporting Charleroi,2898,0,0,6.92,,0.29,0,0,2,7,5,0,0,376,5,successfulDribblesPercentage,BEL,2025-2026,datafc_sofascore,2026-08-09T08:07:33.988763
38,77040,Killian Sardella,909964,RSC Anderlecht,2900,0,1,6.66,1.39,1.45,23,6,19,14,33,3,1,2064,32,successfulDribblesPercentage,BEL,2025-2026,datafc_sofascore,2026-08-09T08:07:33.988763
38,77040,Siebe Schrijvers,190413,Oud-Heverlee Leuven,2918,3,4,7.0,5.03,3.45,29,4,37,12,62,6,0,2121,30,successfulDribblesPercentage,BEL,2025-2026,datafc_sofascore,2026-08-09T08:07:33.988763
38,77040,Hugo Vetlesen,877236,Club Brugge KV,2888,5,6,6.87,4.89,3.32,36,14,22,12,25,5,0,1315,25,successfulDribblesPercentage,BEL,2025-2026,datafc_sofascore,2026-08-09T08:07:33.988763
38,77040,Robin Mirisola,1405446,KRC Genk,2890,5,2,6.66,6.48,0.66,36,13,15,22,11,3,0,1317,30,successfulDribblesPercentage,BEL,2025-2026,datafc_sofascore,2026-08-09T08:07:33.988763
38,77040,Matte Smets,1392905,KRC Genk,2890,0,1,7.15,0.75,2.2,15,0,17,5,70,4,0,3509,39,successfulDribblesPercentage,BEL,2025-2026,datafc_sofascore,2026-08-09T08:07:33.988763
38,77040,Mamadou Diakhon,1495876,Club Brugge KV,2888,0,7,6.76,1.11,1.96,17,3,15,15,4,1,0,809,23,successfulDribblesPercentage,BEL,2025-2026,datafc_sofascore,2026-08-09T08:07:33.988763
38,77040,Isaac Babadi,1120701,Royal Antwerp FC,2889,0,0,6.63,0.49,0.94,12,6,8,5,15,1,0,479,17,successfulDribblesPercentage,BEL,2025-2026,datafc_sofascore,2026-08-09T08:07:33.988763
38,77040,Henry Lawrence,976265,Standard Liège,2901,2,0,6.78,1.98,1.48,11,3,6,18,36,5,0,2433,30,successfulDribblesPercentage,BEL,2025-2026,datafc_sofascore,2026-08-09T08:07:33.988763
38,77040,Rein Van Helden,1047163,Royal Antwerp FC,2889,2,0,7.02,2.19,1.08,12,4,13,8,52,2,1,2126,29,successfulDribblesPercentage,BEL,2025-2026,datafc_sofascore,2026-08-09T08:07:33.988763
38,77040,Joaquin Seys,1395881,Club Brugge KV,2888,2,5,6.81,1.25,3.7,16,4,33,11,56,3,0,2976,39,successfulDribblesPercentage,BEL,2025-2026,datafc_sofascore,2026-08-09T08:07:33.988763
38,77040,Fredrik Hammar,946959,KV Mechelen,5044,1,1,7.04,1.75,1.64,28,6,18,20,152,10,0,3366,38,tackles,BEL,2025-2026,datafc_sofascore,2026-08-09T08:07:33.988763
38,77040,Kevin Mac Allister,895327,Royale Union Saint-Gilloise,4860,1,1,7.14,3.07,2.44,22,5,13,9,112,11,1,2930,34,tackles,BEL,2025-2026,datafc_sofascore,2026-08-09T08:07:33.988763
38,77040,Bryan Heynen,801025,KRC Genk,2890,4,1,7.31,4.75,4.68,48,11,49,22,99,5,0,3603,40,tackles,BEL,2025-2026,datafc_sofascore,2026-08-09T08:07:33.988763
38,77040,Etienne Camara,1097542,RC Sporting Charleroi,2898,2,3,6.83,1.19,1.37,20,7,20,19,94,11,1,3034,38,tackles,BEL,2025-2026,datafc_sofascore,2026-08-09T08:07:33.988763
38,77040,Noah Mbamba,1100321,FCV Dender,389232,2,2,6.88,2.99,2.06,28,9,20,35,93,4,0,2805,35,tackles,BEL,2025-2026,datafc_sofascore,2026-08-09T08:07:33.988763
38,77040,Abdoulaye Sissako,846330,Sint-Truidense VV,2895,2,3,6.82,2.74,1.22,30,4,15,41,91,5,0,3349,40,tackles,BEL,2025-2026,datafc_sofascore,2026-08-09T08:07:33.988763
38,77040,Arthur Piedfort,1149123,KVC Westerlo,2893,3,2,7.07,1.9,3.11,23,7,43,25,86,5,0,2989,36,tackles,BEL,2025-2026,datafc_sofascore,2026-08-09T08:07:33.988763
38,77040,Kamiel Van de Perre,1146316,Royale Union Saint-Gilloise,4860,0,3,6.88,0.49,0.67,11,0,9,12,84,9,0,2214,30,tackles,BEL,2025-2026,datafc_sofascore,2026-08-09T08:07:33.988763
38,77040,Luc Marijnissen,1086107,FCV Dender,389232,1,0,6.73,1.59,1.25,16,6,11,13,84,7,0,3225,37,tackles,BEL,2025-2026,datafc_sofascore,2026-08-09T08:07:33.988763
38,77040,Doğucan Haspolat,846087,KVC Westerlo,2893,1,4,7.18,2.52,7.83,46,10,86,19,82,7,0,3395,38,tackles,BEL,2025-2026,datafc_sofascore,2026-08-09T08:07:33.988763
38,77040,Brandon Mechele,248331,Club Brugge KV,2888,5,2,7.29,3.46,1.49,33,14,22,5,77,4,0,3435,39,tackles,BEL,2025-2026,datafc_sofascore,2026-08-09T08:07:33.988763
38,77040,Mujaid Sadick,935309,KRC Genk,2890,2,0,6.83,2.1,0.55,7,3,1,4,76,4,1,3014,36,tackles,BEL,2025-2026,datafc_sofascore,2026-08-09T08:07:33.988763
38,77040,Rihito Yamamoto,1030211,Sint-Truidense VV,2895,5,6,7.08,5.87,6.27,51,16,62,21,75,6,0,3290,38,tackles,BEL,2025-2026,datafc_sofascore,2026-08-09T08:07:33.988763
38,77040,Nathan-Dylan Saliba,1093229,RSC Anderlecht,2900,3,1,6.86,3.27,2.58,59,15,26,19,75,12,1,2319,34,tackles,BEL,2025-2026,datafc_sofascore,2026-08-09T08:07:33.988763
38,77040,Thibo Somers,1002804,Royal Antwerp FC,2889,4,2,6.88,5.33,4.11,36,16,27,3,74,3,0,2434,32,tackles,BEL,2025-2026,datafc_sofascore,2026-08-09T08:07:33.988763
38,77040,Nazinho,1006113,Cercle Brugge,2929,3,7,7.07,0.91,7.69,27,8,59,24,73,13,0,2554,30,tackles,BEL,2025-2026,datafc_sofascore,2026-08-09T08:07:33.988763
38,77040,Hannes Van Der Bruggen,94290,Cercle Brugge,2929,0,1,6.96,1.32,1.83,28,4,15,5,73,7,0,2569,32,tackles,BEL,2025-2026,datafc_sofascore,2026-08-09T08:07:33.988763
38,77040,Lawrence Agyekum,1185568,Cercle Brugge,2929,0,2,6.68,1.79,1.95,26,6,16,17,73,5,0,1898,29,tackles,BEL,2025-2026,datafc_sofascore,2026-08-09T08:07:33.988763
38,77040,Gary Magnee,990265,Cercle Brugge,2929,4,7,6.93,5.4,6.75,31,10,74,20,72,4,0,2889,34,tackles,BEL,2025-2026,datafc_sofascore,2026-08-09T08:07:33.988763
38,77040,Matte Smets,1392905,KRC Genk,2890,0,1,7.15,0.75,2.2,15,0,17,5,70,4,0,3509,39,tackles,BEL,2025-2026,datafc_sofascore,2026-08-09T08:07:33.988763
38,77040,Malcolm Viltard,1092285,FCV Dender,389232,1,1,6.88,0.41,2.6,15,4,27,17,70,6,1,2721,36,tackles,BEL,2025-2026,datafc_sofascore,2026-08-09T08:07:33.988763
38,77040,Takahiro Akimoto,1028340,Oud-Heverlee Leuven,2918,0,0,6.81,0.82,1.74,19,5,15,14,70,4,0,2710,31,tackles,BEL,2025-2026,datafc_sofascore,2026-08-09T08:07:33.988763
38,77040,Robert-Jan Vanwesemael,1047164,Sint-Truidense VV,2895,1,1,6.75,1.87,4.8,33,8,36,30,70,11,0,3077,37,tackles,BEL,2025-2026,datafc_sofascore,2026-08-09T08:07:33.988763
38,77040,Anan Khalaili,1403362,Royale Union Saint-Gilloise,4860,3,5,7.22,3.34,7.52,38,13,62,49,69,7,0,3099,38,tackles,BEL,2025-2026,datafc_sofascore,2026-08-09T08:07:33.988763
38,77040,Óscar Gil,959820,Oud-Heverlee Leuven,2918,2,1,6.54,2.33,2.05,22,10,16,18,66,12,1,2325,33,tackles,BEL,2025-2026,datafc_sofascore,2026-08-09T08:07:33.988763
38,77040,Mardochee Nzita,990726,RC Sporting Charleroi,2898,0,2,6.77,1.02,3.04,12,3,21,18,65,3,1,3007,38,tackles,BEL,2025-2026,datafc_sofascore,2026-08-09T08:07:33.988763
38,77040,Adem Zorgane,1000472,Royale Union Saint-Gilloise,4860,4,5,7.04,2.44,6.23,28,12,40,19,64,7,0,2968,37,tackles,BEL,2025-2026,datafc_sofascore,2026-08-09T08:07:33.988763
38,77040,Dennis Praet,135647,Royal Antwerp FC,2889,0,0,6.92,0.62,2.25,16,3,26,10,64,3,1,2525,31,tackles,BEL,2025-2026,datafc_sofascore,2026-08-09T08:07:33.988763
38,77040,Junior Marsoni Sambu Mansoni​,874855,FCV Dender,389232,0,4,6.61,0.7,1.62,12,3,20,29,63,7,0,2193,31,tackles,BEL,2025-2026,datafc_sofascore,2026-08-09T08:07:33.988763
38,77040,Nilson Angulo,1116571,RSC Anderlecht,2900,6,5,7.26,3.77,4.47,33,16,46,44,62,2,1,1902,22,tackles,BEL,2025-2026,datafc_sofascore,2026-08-09T08:07:33.988763
38,77040,Siebe Schrijvers,190413,Oud-Heverlee Leuven,2918,3,4,7.0,5.03,3.45,29,4,37,12,62,6,0,2121,30,tackles,BEL,2025-2026,datafc_sofascore,2026-08-09T08:07:33.988763
38,77040,Wagane Faye,957913,RAAL La Louvière,368506,3,1,6.97,1.68,1.43,16,5,7,4,62,6,0,2304,27,tackles,BEL,2025-2026,datafc_sofascore,2026-08-09T08:07:33.988763
38,77040,Enric Llansana,916951,RSC Anderlecht,2900,0,1,6.75,1.22,1.72,18,1,18,3,62,7,0,1709,29,tackles,BEL,2025-2026,datafc_sofascore,2026-08-09T08:07:33.988763
38,77040,Tommy St Jago,876232,KV Mechelen,5044,0,1,6.72,0.3,0.66,6,0,6,7,62,4,0,2282,28,tackles,BEL,2025-2026,datafc_sofascore,2026-08-09T08:07:33.988763
38,77040,Sami Lahssaini,957895,RAAL La Louvière,368506,1,1,6.89,0.41,1.57,13,2,16,20,60,4,0,2770,32,tackles,BEL,2025-2026,datafc_sofascore,2026-08-09T08:07:33.988763
38,77040,Nathan De Cat,1637689,RSC Anderlecht,2900,2,4,6.75,1.79,2.28,30,6,28,21,60,8,0,2739,36,tackles,BEL,2025-2026,datafc_sofascore,2026-08-09T08:07:33.988763
38,77040,Joël Ito,1593830,RAAL La Louvière,368506,1,1,6.72,1.26,2.37,22,7,17,23,60,2,0,2340,33,tackles,BEL,2025-2026,datafc_sofascore,2026-08-09T08:07:33.988763
38,77040,Tibe De Vlieger,1396529,KAA Gent,2903,1,0,7.21,1.4,0.97,16,1,13,9,59,5,0,1696,25,tackles,BEL,2025-2026,datafc_sofascore,2026-08-09T08:07:33.988763
38,77040,Ibe Hautekiet,964757,Standard Liège,2901,2,0,6.87,2.36,0.69,17,5,11,1,59,3,0,2954,36,tackles,BEL,2025-2026,datafc_sofascore,2026-08-09T08:07:33.988763
38,77040,Ibrahima Sory Bangoura,1396027,KRC Genk,2890,0,0,6.72,0.92,0.45,8,3,9,14,59,5,0,1531,28,tackles,BEL,2025-2026,datafc_sofascore,2026-08-09T08:07:33.988763
38,77040,Yassine Titraoui,1094538,RC Sporting Charleroi,2898,5,1,7.23,2.9,3.78,53,20,31,26,58,7,0,2904,35,tackles,BEL,2025-2026,datafc_sofascore,2026-08-09T08:07:33.988763
38,77040,Christopher Scott,997118,Royal Antwerp FC,2889,6,2,6.99,4.76,2.76,43,17,27,17,57,3,0,2206,31,tackles,BEL,2025-2026,datafc_sofascore,2026-08-09T08:07:33.988763
38,77040,Jordi Liongola,1009413,RAAL La Louvière,368506,2,6,6.93,3.28,4.29,29,6,40,27,57,10,0,2618,31,tackles,BEL,2025-2026,datafc_sofascore,2026-08-09T08:07:33.988763
38,77040,Zeno Van Den Bosch,1103765,Royal Antwerp FC,2889,0,1,6.91,0.97,1.34,13,6,15,4,57,6,1,3071,35,tackles,BEL,2025-2026,datafc_sofascore,2026-08-09T08:07:33.988763
38,77040,Louis Patris,923972,Royale Union Saint-Gilloise,4860,0,2,6.89,1.84,2.88,13,6,27,11,57,2,0,1450,34,tackles,BEL,2025-2026,datafc_sofascore,2026-08-09T08:07:33.988763
38,77040,Joaquin Seys,1395881,Club Brugge KV,2888,2,5,6.81,1.25,3.7,16,4,33,11,56,3,0,2976,39,tackles,BEL,2025-2026,datafc_sofascore,2026-08-09T08:07:33.988763
38,77040,Daam Foulon,826170,Royal Antwerp FC,2889,0,4,6.78,0.68,3.5,13,4,33,10,56,5,2,2290,33,tackles,BEL,2025-2026,datafc_sofascore,2026-08-09T08:07:33.988763
38,77040,Kevin Van Den Kerkhof,1130602,RC Sporting Charleroi,2898,3,4,6.78,3.1,2.9,35,11,35,27,56,5,1,2117,30,tackles,BEL,2025-2026,datafc_sofascore,2026-08-09T08:07:33.988763
38,77040,Ewoud Pletinckx,949101,Oud-Heverlee Leuven,2918,3,0,6.74,2.91,1.14,35,12,14,6,55,4,0,3538,40,tackles,BEL,2025-2026,datafc_sofascore,2026-08-09T08:07:33.988763
38,77040,Siebe Van Der Heyden,842164,KAA Gent,2903,2,1,6.74,1.64,1.37,25,8,9,3,54,11,0,3075,36,tackles,BEL,2025-2026,datafc_sofascore,2026-08-09T08:07:33.988763
38,77040,Christian Burgess,303634,Royale Union Saint-Gilloise,4860,2,3,7.31,1.63,1.37,23,8,13,1,53,13,1,3147,35,tackles,BEL,2025-2026,datafc_sofascore,2026-08-09T08:07:33.988763
38,77040,Aiham Ousou,965265,RC Sporting Charleroi,2898,2,1,6.95,3.22,1.58,34,10,11,5,53,12,1,3395,39,tackles,BEL,2025-2026,datafc_sofascore,2026-08-09T08:07:33.988763
38,77040,Yuto Tsunashima,1470622,Royal Antwerp FC,2889,1,0,6.84,2.15,0.47,12,4,7,6,53,6,0,2740,34,tackles,BEL,2025-2026,datafc_sofascore,2026-08-09T08:07:33.988763
38,77040,Yannick Cappelle,1506998,SV Zulte Waregem,2933,1,1,6.81,0.92,1.3,8,1,17,19,53,2,0,2030,30,tackles,BEL,2025-2026,datafc_sofascore,2026-08-09T08:07:33.988763
38,77040,Bryan Reynolds,862075,KVC Westerlo,2893,2,3,6.77,2.75,4.35,22,8,37,37,53,8,0,3494,39,tackles,BEL,2025-2026,datafc_sofascore,2026-08-09T08:07:33.988763
38,77040,Fabio Ferraro,1145225,FCV Dender,389232,1,3,6.62,2.28,3.94,30,12,41,31,53,5,0,2531,29,tackles,BEL,2025-2026,datafc_sofascore,2026-08-09T08:07:33.988763
38,77040,Rein Van Helden,1047163,Royal Antwerp FC,2889,2,0,7.02,2.19,1.08,12,4,13,8,52,2,1,2126,29,tackles,BEL,2025-2026,datafc_sofascore,2026-08-09T08:07:33.988763
38,77040,Edan Diop,1390575,Cercle Brugge,2929,7,3,6.99,6.96,5.33,53,22,46,43,52,7,0,2607,33,tackles,BEL,2025-2026,datafc_sofascore,2026-08-09T08:07:33.988763
38,77040,Thomas Claes,1188173,SV Zulte Waregem,2933,2,1,6.85,2.45,3.5,50,16,32,19,52,3,0,2784,34,tackles,BEL,2025-2026,datafc_sofascore,2026-08-09T08:07:33.988763
38,77040,Samuel Gueulette,1137885,RAAL La Louvière,368506,0,0,6.64,0.81,0.31,12,3,5,5,52,4,0,1295,29,tackles,BEL,2025-2026,datafc_sofascore,2026-08-09T08:07:33.988763
38,77040,Henok Teklab,940558,Oud-Heverlee Leuven,2918,3,0,6.84,2.46,1.96,23,8,21,12,51,4,0,1638,25,tackles,BEL,2025-2026,datafc_sofascore,2026-08-09T08:07:33.988763
38,77040,Josimar Alcócer,1131598,KVC Westerlo,2893,3,4,6.63,3.61,2.38,54,24,26,47,51,6,0,2722,35,tackles,BEL,2025-2026,datafc_sofascore,2026-08-09T08:07:33.988763
38,77040,Nathan Rodes,882003,FCV Dender,389232,0,0,6.62,1.14,0.92,23,4,8,5,51,1,0,2178,35,tackles,BEL,2025-2026,datafc_sofascore,2026-08-09T08:07:33.988763
38,77040,Daan Heymans,845344,KRC Genk,2890,10,4,6.98,7.98,2.96,61,25,33,11,50,3,0,2362,31,tackles,BEL,2025-2026,datafc_sofascore,2026-08-09T08:07:33.988763
38,77040,Tobias Mohr,237048,Standard Liège,2901,2,2,6.91,1.09,5.42,25,5,44,20,50,5,0,2310,38,tackles,BEL,2025-2026,datafc_sofascore,2026-08-09T08:07:33.988763
38,77040,Redouane Halhal,1143667,KV Mechelen,5044,1,2,6.82,0.94,1.04,12,4,7,4,50,10,0,2849,33,tackles,BEL,2025-2026,datafc_sofascore,2026-08-09T08:07:33.988763
38,77040,Michał Skóraś,942479,KAA Gent,2903,2,7,7.06,3.87,6.79,43,10,65,37,49,6,1,2697,34,tackles,BEL,2025-2026,datafc_sofascore,2026-08-09T08:07:33.988763
38,77040,Christiaan Ravych,1191212,Cercle Brugge,2929,0,0,6.94,1.38,0.44,8,2,5,6,49,2,0,2243,27,tackles,BEL,2025-2026,datafc_sofascore,2026-08-09T08:07:33.988763
38,77040,Mauricio Benitez,1402224,Royal Antwerp FC,2889,3,0,6.88,1.74,0.99,24,6,13,8,49,4,0,1524,27,tackles,BEL,2025-2026,datafc_sofascore,2026-08-09T08:07:33.988763
38,77040,Lewin Blum,966670,RC Sporting Charleroi,2898,0,1,6.76,1.14,2.5,8,2,25,5,49,7,0,1784,32,tackles,BEL,2025-2026,datafc_sofascore,2026-08-09T08:07:33.988763
38,77040,Tristan Degreef,1436187,RSC Anderlecht,2900,4,2,6.65,2.62,1.63,39,15,22,15,49,3,1,1891,34,tackles,BEL,2025-2026,datafc_sofascore,2026-08-09T08:07:33.988763
38,77040,Mathis Servais,1093876,KV Mechelen,5044,2,4,6.98,2.95,5.07,41,11,35,11,48,5,0,2796,32,tackles,BEL,2025-2026,datafc_sofascore,2026-08-09T08:07:33.988763
38,77040,Joris Kayembe,354046,KRC Genk,2890,0,1,6.96,0.47,1.64,13,2,20,27,48,5,0,2111,28,tackles,BEL,2025-2026,datafc_sofascore,2026-08-09T08:07:33.988763
38,77040,Marco Ilaimaharitra,358198,Standard Liège,2901,3,0,6.85,3.44,1.16,14,6,21,8,48,10,1,2445,31,tackles,BEL,2025-2026,datafc_sofascore,2026-08-09T08:07:33.988763
38,77040,José Marsà,962625,KV Mechelen,5044,1,2,6.73,1.7,2.1,15,3,12,9,47,4,0,2594,33,tackles,BEL,2025-2026,datafc_sofascore,2026-08-09T08:07:33.988763
38,77040,Josué Homawoo,976070,Standard Liège,2901,0,1,6.91,0.5,0.41,6,0,5,3,46,2,1,2198,30,tackles,BEL,2025-2026,datafc_sofascore,2026-08-09T08:07:33.988763
38,77040,Antoine Bernier,834261,RC Sporting Charleroi,2898,7,2,6.86,4.84,2.76,41,16,29,32,46,7,0,2379,38,tackles,BEL,2025-2026,datafc_sofascore,2026-08-09T08:07:33.988763
38,77040,Ilias Sebaoui,1154586,Sint-Truidense VV,2895,5,5,6.81,8.33,5.21,93,27,36,43,46,3,0,3272,40,tackles,BEL,2025-2026,datafc_sofascore,2026-08-09T08:07:33.988763
38,77040,Emin Bayram,997153,KVC Westerlo,2893,4,2,7.06,4.39,2.88,41,13,20,15,44,4,2,3322,38,tackles,BEL,2025-2026,datafc_sofascore,2026-08-09T08:07:33.988763
38,77040,Ludwig Augustinsson,138546,RSC Anderlecht,2900,0,3,6.89,1.0,3.93,21,3,29,2,44,4,0,2082,27,tackles,BEL,2025-2026,datafc_sofascore,2026-08-09T08:07:33.988763
38,77040,Łukasz Łakomy,1001201,Oud-Heverlee Leuven,2918,3,3,6.82,1.56,3.17,32,12,35,13,44,6,0,2123,32,tackles,BEL,2025-2026,datafc_sofascore,2026-08-09T08:07:33.988763
38,77040,Taiga Hata,1002356,Sint-Truidense VV,2895,1,3,6.66,1.79,2.66,6,3,19,10,44,0,0,2444,32,tackles,BEL,2025-2026,datafc_sofascore,2026-08-09T08:07:33.988763
38,77040,Shogo Taniguchi,386958,Sint-Truidense VV,2895,1,1,7.07,1.07,1.31,14,2,10,2,43,4,0,2963,38,tackles,BEL,2025-2026,datafc_sofascore,2026-08-09T08:07:33.988763
38,77040,Kyriani Sabbe,1101258,Club Brugge KV,2888,3,3,6.94,1.71,3.84,18,9,23,8,43,2,0,1658,27,tackles,BEL,2025-2026,datafc_sofascore,2026-08-09T08:07:33.988763
38,77040,Abdelkahar Kadri,1007528,KAA Gent,2903,2,5,6.89,2.42,2.53,27,9,32,24,43,5,0,2076,33,tackles,BEL,2025-2026,datafc_sofascore,2026-08-09T08:07:33.988763
38,77040,Cheick Keita,1407973,RC Sporting Charleroi,2898,3,0,6.69,2.36,0.27,18,5,1,5,43,5,0,3440,40,tackles,BEL,2025-2026,datafc_sofascore,2026-08-09T08:07:33.988763
38,77040,Isa Sakamoto,1126245,KVC Westerlo,2893,6,4,6.67,7.98,2.85,66,21,32,62,43,1,0,3021,38,tackles,BEL,2025-2026,datafc_sofascore,2026-08-09T08:07:33.988763
38,77040,Zakaria El Ouahdi,1134470,KRC Genk,2890,8,4,7.07,4.96,4.37,70,24,49,36,42,4,0,2996,34,tackles,BEL,2025-2026,datafc_sofascore,2026-08-09T08:07:33.988763
38,77040,Casper Nielsen,247471,Standard Liège,2901,5,2,6.95,3.38,3.36,32,11,19,8,42,5,0,1878,26,tackles,BEL,2025-2026,datafc_sofascore,2026-08-09T08:07:33.988763
38,77040,Raphael Onyedika,1129862,Club Brugge KV,2888,1,0,6.86,2.76,1.16,29,11,10,16,42,3,0,1995,30,tackles,BEL,2025-2026,datafc_sofascore,2026-08-09T08:07:33.988763
38,77040,Bryan Goncalves,775019,FCV Dender,389232,1,2,6.79,1.13,3.58,12,5,38,10,42,5,0,2293,28,tackles,BEL,2025-2026,datafc_sofascore,2026-08-09T08:07:33.988763
38,77040,Wouter George,983027,Oud-Heverlee Leuven,2918,1,1,6.63,0.71,1.04,11,3,15,10,42,2,0,1185,24,tackles,BEL,2025-2026,datafc_sofascore,2026-08-09T08:07:33.988763
38,77040,Fedde Leysen,1088899,Royale Union Saint-Gilloise,4860,1,1,6.98,1.4,0.48,11,4,8,0,41,3,0,1877,27,tackles,BEL,2025-2026,datafc_sofascore,2026-08-09T08:07:33.988763
38,77040,Valy Konaté,1499156,Cercle Brugge,2929,0,0,6.92,0.08,0.87,3,1,7,7,41,2,0,835,13,tackles,BEL,2025-2026,datafc_sofascore,2026-08-09T08:07:33.988763
38,77040,Keisuke Goto,1391315,Sint-Truidense VV,2895,11,7,6.77,13.43,4.3,62,25,30,7,41,5,0,2885,38,tackles,BEL,2025-2026,datafc_sofascore,2026-08-09T08:07:33.988763
38,77040,Ross Sykes,845558,Royale Union Saint-Gilloise,4860,5,0,7.28,3.78,2.34,56,25,21,6,40,9,0,2629,32,tackles,BEL,2025-2026,datafc_sofascore,2026-08-09T08:07:33.988763
38,77040,Carlos Forbs,1069486,Club Brugge KV,2888,8,8,7.17,6.18,8.55,57,21,61,52,40,4,0,2816,37,tackles,BEL,2025-2026,datafc_sofascore,2026-08-09T08:07:33.988763
38,77040,Laurent Lemoine,822698,SV Zulte Waregem,2933,1,0,6.94,0.77,0.53,3,1,3,8,40,3,0,1670,22,tackles,BEL,2025-2026,datafc_sofascore,2026-08-09T08:07:33.988763
38,77040,Adnane Abid,1127801,Standard Liège,2901,2,5,6.92,2.21,4.2,22,11,44,37,40,5,1,2114,34,tackles,BEL,2025-2026,datafc_sofascore,2026-08-09T08:07:33.988763
38,77040,Visar Musliu,134231,Sint-Truidense VV,2895,0,0,7.12,1.16,0.58,17,3,4,6,39,4,0,2519,30,tackles,BEL,2025-2026,datafc_sofascore,2026-08-09T08:07:33.988763
38,77040,Fredrik Hammar,946959,KV Mechelen,5044,1,1,7.04,1.75,1.64,28,6,18,20,152,10,0,3366,38,tackles,BEL,2025-2026,datafc_sofascore,2026-08-09T08:07:33.988763
38,77040,Kevin Mac Allister,895327,Royale Union Saint-Gilloise,4860,1,1,7.14,3.07,2.44,22,5,13,9,112,11,1,2930,34,tackles,BEL,2025-2026,datafc_sofascore,2026-08-09T08:07:33.988763
38,77040,Bryan Heynen,801025,KRC Genk,2890,4,1,7.31,4.75,4.68,48,11,49,22,99,5,0,3603,40,tackles,BEL,2025-2026,datafc_sofascore,2026-08-09T08:07:33.988763
38,77040,Etienne Camara,1097542,RC Sporting Charleroi,2898,2,3,6.83,1.19,1.37,20,7,20,19,94,11,1,3034,38,tackles,BEL,2025-2026,datafc_sofascore,2026-08-09T08:07:33.988763
38,77040,Noah Mbamba,1100321,FCV Dender,389232,2,2,6.88,2.99,2.06,28,9,20,35,93,4,0,2805,35,tackles,BEL,2025-2026,datafc_sofascore,2026-08-09T08:07:33.988763
38,77040,Abdoulaye Sissako,846330,Sint-Truidense VV,2895,2,3,6.82,2.74,1.22,30,4,15,41,91,5,0,3349,40,tackles,BEL,2025-2026,datafc_sofascore,2026-08-09T08:07:33.988763
38,77040,Arthur Piedfort,1149123,KVC Westerlo,2893,3,2,7.07,1.9,3.11,23,7,43,25,86,5,0,2989,36,tackles,BEL,2025-2026,datafc_sofascore,2026-08-09T08:07:33.988763
38,77040,Kamiel Van de Perre,1146316,Royale Union Saint-Gilloise,4860,0,3,6.88,0.49,0.67,11,0,9,12,84,9,0,2214,30,tackles,BEL,2025-2026,datafc_sofascore,2026-08-09T08:07:33.988763
38,77040,Luc Marijnissen,1086107,FCV Dender,389232,1,0,6.73,1.59,1.25,16,6,11,13,84,7,0,3225,37,tackles,BEL,2025-2026,datafc_sofascore,2026-08-09T08:07:33.988763
38,77040,Doğucan Haspolat,846087,KVC Westerlo,2893,1,4,7.18,2.52,7.83,46,10,86,19,82,7,0,3395,38,tackles,BEL,2025-2026,datafc_sofascore,2026-08-09T08:07:33.988763
38,77040,Brandon Mechele,248331,Club Brugge KV,2888,5,2,7.29,3.46,1.49,33,14,22,5,77,4,0,3435,39,tackles,BEL,2025-2026,datafc_sofascore,2026-08-09T08:07:33.988763
38,77040,Mujaid Sadick,935309,KRC Genk,2890,2,0,6.83,2.1,0.55,7,3,1,4,76,4,1,3014,36,tackles,BEL,2025-2026,datafc_sofascore,2026-08-09T08:07:33.988763
38,77040,Rihito Yamamoto,1030211,Sint-Truidense VV,2895,5,6,7.08,5.87,6.27,51,16,62,21,75,6,0,3290,38,tackles,BEL,2025-2026,datafc_sofascore,2026-08-09T08:07:33.988763
38,77040,Nathan-Dylan Saliba,1093229,RSC Anderlecht,2900,3,1,6.86,3.27,2.58,59,15,26,19,75,12,1,2319,34,tackles,BEL,2025-2026,datafc_sofascore,2026-08-09T08:07:33.988763
38,77040,Thibo Somers,1002804,Royal Antwerp FC,2889,4,2,6.88,5.33,4.11,36,16,27,3,74,3,0,2434,32,tackles,BEL,2025-2026,datafc_sofascore,2026-08-09T08:07:33.988763
38,77040,Nazinho,1006113,Cercle Brugge,2929,3,7,7.07,0.91,7.69,27,8,59,24,73,13,0,2554,30,tackles,BEL,2025-2026,datafc_sofascore,2026-08-09T08:07:33.988763
38,77040,Hannes Van Der Bruggen,94290,Cercle Brugge,2929,0,1,6.96,1.32,1.83,28,4,15,5,73,7,0,2569,32,tackles,BEL,2025-2026,datafc_sofascore,2026-08-09T08:07:33.988763
38,77040,Lawrence Agyekum,1185568,Cercle Brugge,2929,0,2,6.68,1.79,1.95,26,6,16,17,73,5,0,1898,29,tackles,BEL,2025-2026,datafc_sofascore,2026-08-09T08:07:33.988763
38,77040,Gary Magnee,990265,Cercle Brugge,2929,4,7,6.93,5.4,6.75,31,10,74,20,72,4,0,2889,34,tackles,BEL,2025-2026,datafc_sofascore,2026-08-09T08:07:33.988763
38,77040,Matte Smets,1392905,KRC Genk,2890,0,1,7.15,0.75,2.2,15,0,17,5,70,4,0,3509,39,tackles,BEL,2025-2026,datafc_sofascore,2026-08-09T08:07:33.988763
38,77040,Malcolm Viltard,1092285,FCV Dender,389232,1,1,6.88,0.41,2.6,15,4,27,17,70,6,1,2721,36,tackles,BEL,2025-2026,datafc_sofascore,2026-08-09T08:07:33.988763
38,77040,Takahiro Akimoto,1028340,Oud-Heverlee Leuven,2918,0,0,6.81,0.82,1.74,19,5,15,14,70,4,0,2710,31,tackles,BEL,2025-2026,datafc_sofascore,2026-08-09T08:07:33.988763
38,77040,Robert-Jan Vanwesemael,1047164,Sint-Truidense VV,2895,1,1,6.75,1.87,4.8,33,8,36,30,70,11,0,3077,37,tackles,BEL,2025-2026,datafc_sofascore,2026-08-09T08:07:33.988763
38,77040,Anan Khalaili,1403362,Royale Union Saint-Gilloise,4860,3,5,7.22,3.34,7.52,38,13,62,49,69,7,0,3099,38,tackles,BEL,2025-2026,datafc_sofascore,2026-08-09T08:07:33.988763
38,77040,Óscar Gil,959820,Oud-Heverlee Leuven,2918,2,1,6.54,2.33,2.05,22,10,16,18,66,12,1,2325,33,tackles,BEL,2025-2026,datafc_sofascore,2026-08-09T08:07:33.988763
38,77040,Mardochee Nzita,990726,RC Sporting Charleroi,2898,0,2,6.77,1.02,3.04,12,3,21,18,65,3,1,3007,38,tackles,BEL,2025-2026,datafc_sofascore,2026-08-09T08:07:33.988763
38,77040,Adem Zorgane,1000472,Royale Union Saint-Gilloise,4860,4,5,7.04,2.44,6.23,28,12,40,19,64,7,0,2968,37,tackles,BEL,2025-2026,datafc_sofascore,2026-08-09T08:07:33.988763
38,77040,Dennis Praet,135647,Royal Antwerp FC,2889,0,0,6.92,0.62,2.25,16,3,26,10,64,3,1,2525,31,tackles,BEL,2025-2026,datafc_sofascore,2026-08-09T08:07:33.988763
38,77040,Junior Marsoni Sambu Mansoni​,874855,FCV Dender,389232,0,4,6.61,0.7,1.62,12,3,20,29,63,7,0,2193,31,tackles,BEL,2025-2026,datafc_sofascore,2026-08-09T08:07:33.988763
38,77040,Nilson Angulo,1116571,RSC Anderlecht,2900,6,5,7.26,3.77,4.47,33,16,46,44,62,2,1,1902,22,tackles,BEL,2025-2026,datafc_sofascore,2026-08-09T08:07:33.988763
38,77040,Siebe Schrijvers,190413,Oud-Heverlee Leuven,2918,3,4,7.0,5.03,3.45,29,4,37,12,62,6,0,2121,30,tackles,BEL,2025-2026,datafc_sofascore,2026-08-09T08:07:33.988763
38,77040,Wagane Faye,957913,RAAL La Louvière,368506,3,1,6.97,1.68,1.43,16,5,7,4,62,6,0,2304,27,tackles,BEL,2025-2026,datafc_sofascore,2026-08-09T08:07:33.988763
38,77040,Enric Llansana,916951,RSC Anderlecht,2900,0,1,6.75,1.22,1.72,18,1,18,3,62,7,0,1709,29,tackles,BEL,2025-2026,datafc_sofascore,2026-08-09T08:07:33.988763
38,77040,Tommy St Jago,876232,KV Mechelen,5044,0,1,6.72,0.3,0.66,6,0,6,7,62,4,0,2282,28,tackles,BEL,2025-2026,datafc_sofascore,2026-08-09T08:07:33.988763
38,77040,Sami Lahssaini,957895,RAAL La Louvière,368506,1,1,6.89,0.41,1.57,13,2,16,20,60,4,0,2770,32,tackles,BEL,2025-2026,datafc_sofascore,2026-08-09T08:07:33.988763
38,77040,Nathan De Cat,1637689,RSC Anderlecht,2900,2,4,6.75,1.79,2.28,30,6,28,21,60,8,0,2739,36,tackles,BEL,2025-2026,datafc_sofascore,2026-08-09T08:07:33.988763
38,77040,Joël Ito,1593830,RAAL La Louvière,368506,1,1,6.72,1.26,2.37,22,7,17,23,60,2,0,2340,33,tackles,BEL,2025-2026,datafc_sofascore,2026-08-09T08:07:33.988763
38,77040,Tibe De Vlieger,1396529,KAA Gent,2903,1,0,7.21,1.4,0.97,16,1,13,9,59,5,0,1696,25,tackles,BEL,2025-2026,datafc_sofascore,2026-08-09T08:07:33.988763
38,77040,Ibe Hautekiet,964757,Standard Liège,2901,2,0,6.87,2.36,0.69,17,5,11,1,59,3,0,2954,36,tackles,BEL,2025-2026,datafc_sofascore,2026-08-09T08:07:33.988763
38,77040,Ibrahima Sory Bangoura,1396027,KRC Genk,2890,0,0,6.72,0.92,0.45,8,3,9,14,59,5,0,1531,28,tackles,BEL,2025-2026,datafc_sofascore,2026-08-09T08:07:33.988763
38,77040,Yassine Titraoui,1094538,RC Sporting Charleroi,2898,5,1,7.23,2.9,3.78,53,20,31,26,58,7,0,2904,35,tackles,BEL,2025-2026,datafc_sofascore,2026-08-09T08:07:33.988763
38,77040,Christopher Scott,997118,Royal Antwerp FC,2889,6,2,6.99,4.76,2.76,43,17,27,17,57,3,0,2206,31,tackles,BEL,2025-2026,datafc_sofascore,2026-08-09T08:07:33.988763
38,77040,Jordi Liongola,1009413,RAAL La Louvière,368506,2,6,6.93,3.28,4.29,29,6,40,27,57,10,0,2618,31,tackles,BEL,2025-2026,datafc_sofascore,2026-08-09T08:07:33.988763
38,77040,Zeno Van Den Bosch,1103765,Royal Antwerp FC,2889,0,1,6.91,0.97,1.34,13,6,15,4,57,6,1,3071,35,tackles,BEL,2025-2026,datafc_sofascore,2026-08-09T08:07:33.988763
38,77040,Louis Patris,923972,Royale Union Saint-Gilloise,4860,0,2,6.89,1.84,2.88,13,6,27,11,57,2,0,1450,34,tackles,BEL,2025-2026,datafc_sofascore,2026-08-09T08:07:33.988763
38,77040,Joaquin Seys,1395881,Club Brugge KV,2888,2,5,6.81,1.25,3.7,16,4,33,11,56,3,0,2976,39,tackles,BEL,2025-2026,datafc_sofascore,2026-08-09T08:07:33.988763
38,77040,Daam Foulon,826170,Royal Antwerp FC,2889,0,4,6.78,0.68,3.5,13,4,33,10,56,5,2,2290,33,tackles,BEL,2025-2026,datafc_sofascore,2026-08-09T08:07:33.988763
38,77040,Kevin Van Den Kerkhof,1130602,RC Sporting Charleroi,2898,3,4,6.78,3.1,2.9,35,11,35,27,56,5,1,2117,30,tackles,BEL,2025-2026,datafc_sofascore,2026-08-09T08:07:33.988763
38,77040,Ewoud Pletinckx,949101,Oud-Heverlee Leuven,2918,3,0,6.74,2.91,1.14,35,12,14,6,55,4,0,3538,40,tackles,BEL,2025-2026,datafc_sofascore,2026-08-09T08:07:33.988763
38,77040,Siebe Van Der Heyden,842164,KAA Gent,2903,2,1,6.74,1.64,1.37,25,8,9,3,54,11,0,3075,36,tackles,BEL,2025-2026,datafc_sofascore,2026-08-09T08:07:33.988763
38,77040,Christian Burgess,303634,Royale Union Saint-Gilloise,4860,2,3,7.31,1.63,1.37,23,8,13,1,53,13,1,3147,35,tackles,BEL,2025-2026,datafc_sofascore,2026-08-09T08:07:33.988763
38,77040,Aiham Ousou,965265,RC Sporting Charleroi,2898,2,1,6.95,3.22,1.58,34,10,11,5,53,12,1,3395,39,tackles,BEL,2025-2026,datafc_sofascore,2026-08-09T08:07:33.988763
38,77040,Yuto Tsunashima,1470622,Royal Antwerp FC,2889,1,0,6.84,2.15,0.47,12,4,7,6,53,6,0,2740,34,tackles,BEL,2025-2026,datafc_sofascore,2026-08-09T08:07:33.988763
38,77040,Yannick Cappelle,1506998,SV Zulte Waregem,2933,1,1,6.81,0.92,1.3,8,1,17,19,53,2,0,2030,30,tackles,BEL,2025-2026,datafc_sofascore,2026-08-09T08:07:33.988763
38,77040,Bryan Reynolds,862075,KVC Westerlo,2893,2,3,6.77,2.75,4.35,22,8,37,37,53,8,0,3494,39,tackles,BEL,2025-2026,datafc_sofascore,2026-08-09T08:07:33.988763
38,77040,Fabio Ferraro,1145225,FCV Dender,389232,1,3,6.62,2.28,3.94,30,12,41,31,53,5,0,2531,29,tackles,BEL,2025-2026,datafc_sofascore,2026-08-09T08:07:33.988763
38,77040,Rein Van Helden,1047163,Royal Antwerp FC,2889,2,0,7.02,2.19,1.08,12,4,13,8,52,2,1,2126,29,tackles,BEL,2025-2026,datafc_sofascore,2026-08-09T08:07:33.988763
38,77040,Edan Diop,1390575,Cercle Brugge,2929,7,3,6.99,6.96,5.33,53,22,46,43,52,7,0,2607,33,tackles,BEL,2025-2026,datafc_sofascore,2026-08-09T08:07:33.988763
38,77040,Thomas Claes,1188173,SV Zulte Waregem,2933,2,1,6.85,2.45,3.5,50,16,32,19,52,3,0,2784,34,tackles,BEL,2025-2026,datafc_sofascore,2026-08-09T08:07:33.988763
38,77040,Samuel Gueulette,1137885,RAAL La Louvière,368506,0,0,6.64,0.81,0.31,12,3,5,5,52,4,0,1295,29,tackles,BEL,2025-2026,datafc_sofascore,2026-08-09T08:07:33.988763
38,77040,Henok Teklab,940558,Oud-Heverlee Leuven,2918,3,0,6.84,2.46,1.96,23,8,21,12,51,4,0,1638,25,tackles,BEL,2025-2026,datafc_sofascore,2026-08-09T08:07:33.988763
38,77040,Josimar Alcócer,1131598,KVC Westerlo,2893,3,4,6.63,3.61,2.38,54,24,26,47,51,6,0,2722,35,tackles,BEL,2025-2026,datafc_sofascore,2026-08-09T08:07:33.988763
38,77040,Nathan Rodes,882003,FCV Dender,389232,0,0,6.62,1.14,0.92,23,4,8,5,51,1,0,2178,35,tackles,BEL,2025-2026,datafc_sofascore,2026-08-09T08:07:33.988763
38,77040,Daan Heymans,845344,KRC Genk,2890,10,4,6.98,7.98,2.96,61,25,33,11,50,3,0,2362,31,tackles,BEL,2025-2026,datafc_sofascore,2026-08-09T08:07:33.988763
38,77040,Tobias Mohr,237048,Standard Liège,2901,2,2,6.91,1.09,5.42,25,5,44,20,50,5,0,2310,38,tackles,BEL,2025-2026,datafc_sofascore,2026-08-09T08:07:33.988763
38,77040,Redouane Halhal,1143667,KV Mechelen,5044,1,2,6.82,0.94,1.04,12,4,7,4,50,10,0,2849,33,tackles,BEL,2025-2026,datafc_sofascore,2026-08-09T08:07:33.988763
38,77040,Michał Skóraś,942479,KAA Gent,2903,2,7,7.06,3.87,6.79,43,10,65,37,49,6,1,2697,34,tackles,BEL,2025-2026,datafc_sofascore,2026-08-09T08:07:33.988763
38,77040,Christiaan Ravych,1191212,Cercle Brugge,2929,0,0,6.94,1.38,0.44,8,2,5,6,49,2,0,2243,27,tackles,BEL,2025-2026,datafc_sofascore,2026-08-09T08:07:33.988763
38,77040,Mauricio Benitez,1402224,Royal Antwerp FC,2889,3,0,6.88,1.74,0.99,24,6,13,8,49,4,0,1524,27,tackles,BEL,2025-2026,datafc_sofascore,2026-08-09T08:07:33.988763
38,77040,Lewin Blum,966670,RC Sporting Charleroi,2898,0,1,6.76,1.14,2.5,8,2,25,5,49,7,0,1784,32,tackles,BEL,2025-2026,datafc_sofascore,2026-08-09T08:07:33.988763
38,77040,Tristan Degreef,1436187,RSC Anderlecht,2900,4,2,6.65,2.62,1.63,39,15,22,15,49,3,1,1891,34,tackles,BEL,2025-2026,datafc_sofascore,2026-08-09T08:07:33.988763
38,77040,Mathis Servais,1093876,KV Mechelen,5044,2,4,6.98,2.95,5.07,41,11,35,11,48,5,0,2796,32,tackles,BEL,2025-2026,datafc_sofascore,2026-08-09T08:07:33.988763
38,77040,Joris Kayembe,354046,KRC Genk,2890,0,1,6.96,0.47,1.64,13,2,20,27,48,5,0,2111,28,tackles,BEL,2025-2026,datafc_sofascore,2026-08-09T08:07:33.988763
38,77040,Marco Ilaimaharitra,358198,Standard Liège,2901,3,0,6.85,3.44,1.16,14,6,21,8,48,10,1,2445,31,tackles,BEL,2025-2026,datafc_sofascore,2026-08-09T08:07:33.988763
38,77040,José Marsà,962625,KV Mechelen,5044,1,2,6.73,1.7,2.1,15,3,12,9,47,4,0,2594,33,tackles,BEL,2025-2026,datafc_sofascore,2026-08-09T08:07:33.988763
38,77040,Josué Homawoo,976070,Standard Liège,2901,0,1,6.91,0.5,0.41,6,0,5,3,46,2,1,2198,30,tackles,BEL,2025-2026,datafc_sofascore,2026-08-09T08:07:33.988763
38,77040,Antoine Bernier,834261,RC Sporting Charleroi,2898,7,2,6.86,4.84,2.76,41,16,29,32,46,7,0,2379,38,tackles,BEL,2025-2026,datafc_sofascore,2026-08-09T08:07:33.988763
38,77040,Ilias Sebaoui,1154586,Sint-Truidense VV,2895,5,5,6.81,8.33,5.21,93,27,36,43,46,3,0,3272,40,tackles,BEL,2025-2026,datafc_sofascore,2026-08-09T08:07:33.988763
38,77040,Emin Bayram,997153,KVC Westerlo,2893,4,2,7.06,4.39,2.88,41,13,20,15,44,4,2,3322,38,tackles,BEL,2025-2026,datafc_sofascore,2026-08-09T08:07:33.988763
38,77040,Ludwig Augustinsson,138546,RSC Anderlecht,2900,0,3,6.89,1.0,3.93,21,3,29,2,44,4,0,2082,27,tackles,BEL,2025-2026,datafc_sofascore,2026-08-09T08:07:33.988763
38,77040,Łukasz Łakomy,1001201,Oud-Heverlee Leuven,2918,3,3,6.82,1.56,3.17,32,12,35,13,44,6,0,2123,32,tackles,BEL,2025-2026,datafc_sofascore,2026-08-09T08:07:33.988763
38,77040,Taiga Hata,1002356,Sint-Truidense VV,2895,1,3,6.66,1.79,2.66,6,3,19,10,44,0,0,2444,32,tackles,BEL,2025-2026,datafc_sofascore,2026-08-09T08:07:33.988763
38,77040,Shogo Taniguchi,386958,Sint-Truidense VV,2895,1,1,7.07,1.07,1.31,14,2,10,2,43,4,0,2963,38,tackles,BEL,2025-2026,datafc_sofascore,2026-08-09T08:07:33.988763
38,77040,Kyriani Sabbe,1101258,Club Brugge KV,2888,3,3,6.94,1.71,3.84,18,9,23,8,43,2,0,1658,27,tackles,BEL,2025-2026,datafc_sofascore,2026-08-09T08:07:33.988763
38,77040,Abdelkahar Kadri,1007528,KAA Gent,2903,2,5,6.89,2.42,2.53,27,9,32,24,43,5,0,2076,33,tackles,BEL,2025-2026,datafc_sofascore,2026-08-09T08:07:33.988763
38,77040,Cheick Keita,1407973,RC Sporting Charleroi,2898,3,0,6.69,2.36,0.27,18,5,1,5,43,5,0,3440,40,tackles,BEL,2025-2026,datafc_sofascore,2026-08-09T08:07:33.988763
38,77040,Isa Sakamoto,1126245,KVC Westerlo,2893,6,4,6.67,7.98,2.85,66,21,32,62,43,1,0,3021,38,tackles,BEL,2025-2026,datafc_sofascore,2026-08-09T08:07:33.988763
38,77040,Zakaria El Ouahdi,1134470,KRC Genk,2890,8,4,7.07,4.96,4.37,70,24,49,36,42,4,0,2996,34,tackles,BEL,2025-2026,datafc_sofascore,2026-08-09T08:07:33.988763
38,77040,Casper Nielsen,247471,Standard Liège,2901,5,2,6.95,3.38,3.36,32,11,19,8,42,5,0,1878,26,tackles,BEL,2025-2026,datafc_sofascore,2026-08-09T08:07:33.988763
38,77040,Raphael Onyedika,1129862,Club Brugge KV,2888,1,0,6.86,2.76,1.16,29,11,10,16,42,3,0,1995,30,tackles,BEL,2025-2026,datafc_sofascore,2026-08-09T08:07:33.988763
38,77040,Bryan Goncalves,775019,FCV Dender,389232,1,2,6.79,1.13,3.58,12,5,38,10,42,5,0,2293,28,tackles,BEL,2025-2026,datafc_sofascore,2026-08-09T08:07:33.988763
38,77040,Wouter George,983027,Oud-Heverlee Leuven,2918,1,1,6.63,0.71,1.04,11,3,15,10,42,2,0,1185,24,tackles,BEL,2025-2026,datafc_sofascore,2026-08-09T08:07:33.988763
38,77040,Fedde Leysen,1088899,Royale Union Saint-Gilloise,4860,1,1,6.98,1.4,0.48,11,4,8,0,41,3,0,1877,27,tackles,BEL,2025-2026,datafc_sofascore,2026-08-09T08:07:33.988763
38,77040,Valy Konaté,1499156,Cercle Brugge,2929,0,0,6.92,0.08,0.87,3,1,7,7,41,2,0,835,13,tackles,BEL,2025-2026,datafc_sofascore,2026-08-09T08:07:33.988763
38,77040,Keisuke Goto,1391315,Sint-Truidense VV,2895,11,7,6.77,13.43,4.3,62,25,30,7,41,5,0,2885,38,tackles,BEL,2025-2026,datafc_sofascore,2026-08-09T08:07:33.988763
38,77040,Ross Sykes,845558,Royale Union Saint-Gilloise,4860,5,0,7.28,3.78,2.34,56,25,21,6,40,9,0,2629,32,tackles,BEL,2025-2026,datafc_sofascore,2026-08-09T08:07:33.988763
38,77040,Carlos Forbs,1069486,Club Brugge KV,2888,8,8,7.17,6.18,8.55,57,21,61,52,40,4,0,2816,37,tackles,BEL,2025-2026,datafc_sofascore,2026-08-09T08:07:33.988763
38,77040,Laurent Lemoine,822698,SV Zulte Waregem,2933,1,0,6.94,0.77,0.53,3,1,3,8,40,3,0,1670,22,tackles,BEL,2025-2026,datafc_sofascore,2026-08-09T08:07:33.988763
38,77040,Adnane Abid,1127801,Standard Liège,2901,2,5,6.92,2.21,4.2,22,11,44,37,40,5,1,2114,34,tackles,BEL,2025-2026,datafc_sofascore,2026-08-09T08:07:33.988763
38,77040,Visar Musliu,134231,Sint-Truidense VV,2895,0,0,7.12,1.16,0.58,17,3,4,6,39,4,0,2519,30,tackles,BEL,2025-2026,datafc_sofascore,2026-08-09T08:07:33.988763
38,77040,Siebe Van Der Heyden,842164,KAA Gent,2903,2,1,6.74,1.64,1.37,25,8,9,3,54,11,0,3075,36,interceptions,BEL,2025-2026,datafc_sofascore,2026-08-09T08:07:33.988763
38,77040,Fredrik Hammar,946959,KV Mechelen,5044,1,1,7.04,1.75,1.64,28,6,18,20,152,10,0,3366,38,interceptions,BEL,2025-2026,datafc_sofascore,2026-08-09T08:07:33.988763
38,77040,Gary Magnee,990265,Cercle Brugge,2929,4,7,6.93,5.4,6.75,31,10,74,20,72,4,0,2889,34,interceptions,BEL,2025-2026,datafc_sofascore,2026-08-09T08:07:33.988763
38,77040,Doğucan Haspolat,846087,KVC Westerlo,2893,1,4,7.18,2.52,7.83,46,10,86,19,82,7,0,3395,38,interceptions,BEL,2025-2026,datafc_sofascore,2026-08-09T08:07:33.988763
38,77040,Ibe Hautekiet,964757,Standard Liège,2901,2,0,6.87,2.36,0.69,17,5,11,1,59,3,0,2954,36,interceptions,BEL,2025-2026,datafc_sofascore,2026-08-09T08:07:33.988763
38,77040,Dennis Praet,135647,Royal Antwerp FC,2889,0,0,6.92,0.62,2.25,16,3,26,10,64,3,1,2525,31,interceptions,BEL,2025-2026,datafc_sofascore,2026-08-09T08:07:33.988763
38,77040,Matte Smets,1392905,KRC Genk,2890,0,1,7.15,0.75,2.2,15,0,17,5,70,4,0,3509,39,interceptions,BEL,2025-2026,datafc_sofascore,2026-08-09T08:07:33.988763
38,77040,Bryan Heynen,801025,KRC Genk,2890,4,1,7.31,4.75,4.68,48,11,49,22,99,5,0,3603,40,interceptions,BEL,2025-2026,datafc_sofascore,2026-08-09T08:07:33.988763
38,77040,Kevin Mac Allister,895327,Royale Union Saint-Gilloise,4860,1,1,7.14,3.07,2.44,22,5,13,9,112,11,1,2930,34,interceptions,BEL,2025-2026,datafc_sofascore,2026-08-09T08:07:33.988763
38,77040,Zeno Van Den Bosch,1103765,Royal Antwerp FC,2889,0,1,6.91,0.97,1.34,13,6,15,4,57,6,1,3071,35,interceptions,BEL,2025-2026,datafc_sofascore,2026-08-09T08:07:33.988763
38,77040,Emin Bayram,997153,KVC Westerlo,2893,4,2,7.06,4.39,2.88,41,13,20,15,44,4,2,3322,38,interceptions,BEL,2025-2026,datafc_sofascore,2026-08-09T08:07:33.988763
38,77040,Nazinho,1006113,Cercle Brugge,2929,3,7,7.07,0.91,7.69,27,8,59,24,73,13,0,2554,30,interceptions,BEL,2025-2026,datafc_sofascore,2026-08-09T08:07:33.988763
38,77040,Etienne Camara,1097542,RC Sporting Charleroi,2898,2,3,6.83,1.19,1.37,20,7,20,19,94,11,1,3034,38,interceptions,BEL,2025-2026,datafc_sofascore,2026-08-09T08:07:33.988763
38,77040,Ross Sykes,845558,Royale Union Saint-Gilloise,4860,5,0,7.28,3.78,2.34,56,25,21,6,40,9,0,2629,32,interceptions,BEL,2025-2026,datafc_sofascore,2026-08-09T08:07:33.988763
38,77040,Visar Musliu,134231,Sint-Truidense VV,2895,0,0,7.12,1.16,0.58,17,3,4,6,39,4,0,2519,30,interceptions,BEL,2025-2026,datafc_sofascore,2026-08-09T08:07:33.988763
38,77040,Arthur Piedfort,1149123,KVC Westerlo,2893,3,2,7.07,1.9,3.11,23,7,43,25,86,5,0,2989,36,interceptions,BEL,2025-2026,datafc_sofascore,2026-08-09T08:07:33.988763
38,77040,Abdoulaye Sissako,846330,Sint-Truidense VV,2895,2,3,6.82,2.74,1.22,30,4,15,41,91,5,0,3349,40,interceptions,BEL,2025-2026,datafc_sofascore,2026-08-09T08:07:33.988763
38,77040,Djibril Lamego,1170564,RAAL La Louvière,368506,0,0,6.67,0.09,0.53,4,0,4,8,33,2,0,2553,30,interceptions,BEL,2025-2026,datafc_sofascore,2026-08-09T08:07:33.988763
38,77040,Rihito Yamamoto,1030211,Sint-Truidense VV,2895,5,6,7.08,5.87,6.27,51,16,62,21,75,6,0,3290,38,interceptions,BEL,2025-2026,datafc_sofascore,2026-08-09T08:07:33.988763
38,77040,Michał Skóraś,942479,KAA Gent,2903,2,7,7.06,3.87,6.79,43,10,65,37,49,6,1,2697,34,interceptions,BEL,2025-2026,datafc_sofascore,2026-08-09T08:07:33.988763
38,77040,Noah Mbamba,1100321,FCV Dender,389232,2,2,6.88,2.99,2.06,28,9,20,35,93,4,0,2805,35,interceptions,BEL,2025-2026,datafc_sofascore,2026-08-09T08:07:33.988763
38,77040,Brandon Mechele,248331,Club Brugge KV,2888,5,2,7.29,3.46,1.49,33,14,22,5,77,4,0,3435,39,interceptions,BEL,2025-2026,datafc_sofascore,2026-08-09T08:07:33.988763
38,77040,Josué Homawoo,976070,Standard Liège,2901,0,1,6.91,0.5,0.41,6,0,5,3,46,2,1,2198,30,interceptions,BEL,2025-2026,datafc_sofascore,2026-08-09T08:07:33.988763
38,77040,Kamiel Van de Perre,1146316,Royale Union Saint-Gilloise,4860,0,3,6.88,0.49,0.67,11,0,9,12,84,9,0,2214,30,interceptions,BEL,2025-2026,datafc_sofascore,2026-08-09T08:07:33.988763
38,77040,Malcolm Viltard,1092285,FCV Dender,389232,1,1,6.88,0.41,2.6,15,4,27,17,70,6,1,2721,36,interceptions,BEL,2025-2026,datafc_sofascore,2026-08-09T08:07:33.988763
38,77040,Yassine Titraoui,1094538,RC Sporting Charleroi,2898,5,1,7.23,2.9,3.78,53,20,31,26,58,7,0,2904,35,interceptions,BEL,2025-2026,datafc_sofascore,2026-08-09T08:07:33.988763
38,77040,Aleksandar Stanković,1153957,Club Brugge KV,2888,6,2,7.09,4.66,4.09,74,25,33,8,39,4,0,3076,39,interceptions,BEL,2025-2026,datafc_sofascore,2026-08-09T08:07:33.988763
38,77040,Anan Khalaili,1403362,Royale Union Saint-Gilloise,4860,3,5,7.22,3.34,7.52,38,13,62,49,69,7,0,3099,38,interceptions,BEL,2025-2026,datafc_sofascore,2026-08-09T08:07:33.988763
38,77040,Yllan Okou,1167514,RAAL La Louvière,368506,1,0,6.96,0.73,1.05,11,3,12,2,36,6,0,2731,33,interceptions,BEL,2025-2026,datafc_sofascore,2026-08-09T08:07:33.988763
38,77040,Aiham Ousou,965265,RC Sporting Charleroi,2898,2,1,6.95,3.22,1.58,34,10,11,5,53,12,1,3395,39,interceptions,BEL,2025-2026,datafc_sofascore,2026-08-09T08:07:33.988763
38,77040,Sami Lahssaini,957895,RAAL La Louvière,368506,1,1,6.89,0.41,1.57,13,2,16,20,60,4,0,2770,32,interceptions,BEL,2025-2026,datafc_sofascore,2026-08-09T08:07:33.988763
38,77040,Redouane Halhal,1143667,KV Mechelen,5044,1,2,6.82,0.94,1.04,12,4,7,4,50,10,0,2849,33,interceptions,BEL,2025-2026,datafc_sofascore,2026-08-09T08:07:33.988763
38,77040,Luc Marijnissen,1086107,FCV Dender,389232,1,0,6.73,1.59,1.25,16,6,11,13,84,7,0,3225,37,interceptions,BEL,2025-2026,datafc_sofascore,2026-08-09T08:07:33.988763
38,77040,Christian Burgess,303634,Royale Union Saint-Gilloise,4860,2,3,7.31,1.63,1.37,23,8,13,1,53,13,1,3147,35,interceptions,BEL,2025-2026,datafc_sofascore,2026-08-09T08:07:33.988763
38,77040,Joaquin Seys,1395881,Club Brugge KV,2888,2,5,6.81,1.25,3.7,16,4,33,11,56,3,0,2976,39,interceptions,BEL,2025-2026,datafc_sofascore,2026-08-09T08:07:33.988763
38,77040,Shogo Taniguchi,386958,Sint-Truidense VV,2895,1,1,7.07,1.07,1.31,14,2,10,2,43,4,0,2963,38,interceptions,BEL,2025-2026,datafc_sofascore,2026-08-09T08:07:33.988763
38,77040,Daam Foulon,826170,Royal Antwerp FC,2889,0,4,6.78,0.68,3.5,13,4,33,10,56,5,2,2290,33,interceptions,BEL,2025-2026,datafc_sofascore,2026-08-09T08:07:33.988763
38,77040,Hannes Van Der Bruggen,94290,Cercle Brugge,2929,0,1,6.96,1.32,1.83,28,4,15,5,73,7,0,2569,32,interceptions,BEL,2025-2026,datafc_sofascore,2026-08-09T08:07:33.988763
38,77040,Emmanuel Kakou,1847412,Cercle Brugge,2929,2,1,6.8,1.44,0.56,21,5,4,7,35,1,1,1737,24,interceptions,BEL,2025-2026,datafc_sofascore,2026-08-09T08:07:33.988763
38,77040,Ewoud Pletinckx,949101,Oud-Heverlee Leuven,2918,3,0,6.74,2.91,1.14,35,12,14,6,55,4,0,3538,40,interceptions,BEL,2025-2026,datafc_sofascore,2026-08-09T08:07:33.988763
38,77040,Leonardo Lopes,783478,KAA Gent,2903,1,1,6.84,2.1,1.39,18,2,13,15,37,3,0,2464,37,interceptions,BEL,2025-2026,datafc_sofascore,2026-08-09T08:07:33.988763
38,77040,Christiaan Ravych,1191212,Cercle Brugge,2929,0,0,6.94,1.38,0.44,8,2,5,6,49,2,0,2243,27,interceptions,BEL,2025-2026,datafc_sofascore,2026-08-09T08:07:33.988763
38,77040,Jordi Liongola,1009413,RAAL La Louvière,368506,2,6,6.93,3.28,4.29,29,6,40,27,57,10,0,2618,31,interceptions,BEL,2025-2026,datafc_sofascore,2026-08-09T08:07:33.988763
38,77040,Yuto Tsunashima,1470622,Royal Antwerp FC,2889,1,0,6.84,2.15,0.47,12,4,7,6,53,6,0,2740,34,interceptions,BEL,2025-2026,datafc_sofascore,2026-08-09T08:07:33.988763
38,77040,Robert-Jan Vanwesemael,1047164,Sint-Truidense VV,2895,1,1,6.75,1.87,4.8,33,8,36,30,70,11,0,3077,37,interceptions,BEL,2025-2026,datafc_sofascore,2026-08-09T08:07:33.988763
38,77040,José Marsà,962625,KV Mechelen,5044,1,2,6.73,1.7,2.1,15,3,12,9,47,4,0,2594,33,interceptions,BEL,2025-2026,datafc_sofascore,2026-08-09T08:07:33.988763
38,77040,Takahiro Akimoto,1028340,Oud-Heverlee Leuven,2918,0,0,6.81,0.82,1.74,19,5,15,14,70,4,0,2710,31,interceptions,BEL,2025-2026,datafc_sofascore,2026-08-09T08:07:33.988763
38,77040,Mardochee Nzita,990726,RC Sporting Charleroi,2898,0,2,6.77,1.02,3.04,12,3,21,18,65,3,1,3007,38,interceptions,BEL,2025-2026,datafc_sofascore,2026-08-09T08:07:33.988763
38,77040,Nathan De Cat,1637689,RSC Anderlecht,2900,2,4,6.75,1.79,2.28,30,6,28,21,60,8,0,2739,36,interceptions,BEL,2025-2026,datafc_sofascore,2026-08-09T08:07:33.988763
38,77040,Maxence Maisonneuve,1396487,RAAL La Louvière,368506,0,1,6.62,1.59,0.74,24,5,9,9,31,3,0,2303,31,interceptions,BEL,2025-2026,datafc_sofascore,2026-08-09T08:07:33.988763
38,77040,Tiago Araújo,997024,KAA Gent,2903,1,4,6.94,0.83,6.33,21,4,57,20,39,9,0,2820,35,interceptions,BEL,2025-2026,datafc_sofascore,2026-08-09T08:07:33.988763
38,77040,Marco Ilaimaharitra,358198,Standard Liège,2901,3,0,6.85,3.44,1.16,14,6,21,8,48,10,1,2445,31,interceptions,BEL,2025-2026,datafc_sofascore,2026-08-09T08:07:33.988763
38,77040,Roggerio Nyakossi,1129502,Oud-Heverlee Leuven,2918,4,0,6.84,1.16,0.19,13,5,2,7,29,4,0,2241,27,interceptions,BEL,2025-2026,datafc_sofascore,2026-08-09T08:07:33.988763
38,77040,Mauricio Benitez,1402224,Royal Antwerp FC,2889,3,0,6.88,1.74,0.99,24,6,13,8,49,4,0,1524,27,interceptions,BEL,2025-2026,datafc_sofascore,2026-08-09T08:07:33.988763
38,77040,Noë Dussenne,115569,Oud-Heverlee Leuven,2918,1,0,6.87,1.85,0.68,18,4,11,1,32,6,0,1877,23,interceptions,BEL,2025-2026,datafc_sofascore,2026-08-09T08:07:33.988763
38,77040,Bryan Reynolds,862075,KVC Westerlo,2893,2,3,6.77,2.75,4.35,22,8,37,37,53,8,0,3494,39,interceptions,BEL,2025-2026,datafc_sofascore,2026-08-09T08:07:33.988763
38,77040,Óscar Gil,959820,Oud-Heverlee Leuven,2918,2,1,6.54,2.33,2.05,22,10,16,18,66,12,1,2325,33,interceptions,BEL,2025-2026,datafc_sofascore,2026-08-09T08:07:33.988763
38,77040,Edgaras Utkus,921180,Cercle Brugge,2929,2,0,7.31,1.25,0.36,14,4,1,1,28,2,0,1451,19,interceptions,BEL,2025-2026,datafc_sofascore,2026-08-09T08:07:33.988763
38,77040,Adem Zorgane,1000472,Royale Union Saint-Gilloise,4860,4,5,7.04,2.44,6.23,28,12,40,19,64,7,0,2968,37,interceptions,BEL,2025-2026,datafc_sofascore,2026-08-09T08:07:33.988763
38,77040,Bryan Goncalves,775019,FCV Dender,389232,1,2,6.79,1.13,3.58,12,5,38,10,42,5,0,2293,28,interceptions,BEL,2025-2026,datafc_sofascore,2026-08-09T08:07:33.988763
38,77040,Birger Verstraete,192268,Oud-Heverlee Leuven,2918,0,0,6.69,0.14,0.55,4,0,5,4,36,8,2,1712,26,interceptions,BEL,2025-2026,datafc_sofascore,2026-08-09T08:07:33.988763
38,77040,Ilay Camara,1397747,RSC Anderlecht,2900,2,1,6.56,1.17,2.75,15,7,23,11,19,1,0,1310,25,interceptions,BEL,2025-2026,datafc_sofascore,2026-08-09T08:07:33.988763
38,77040,Siebe Schrijvers,190413,Oud-Heverlee Leuven,2918,3,4,7.0,5.03,3.45,29,4,37,12,62,6,0,2121,30,interceptions,BEL,2025-2026,datafc_sofascore,2026-08-09T08:07:33.988763
38,77040,Tobias Mohr,237048,Standard Liège,2901,2,2,6.91,1.09,5.42,25,5,44,20,50,5,0,2310,38,interceptions,BEL,2025-2026,datafc_sofascore,2026-08-09T08:07:33.988763
38,77040,Łukasz Łakomy,1001201,Oud-Heverlee Leuven,2918,3,3,6.82,1.56,3.17,32,12,35,13,44,6,0,2123,32,interceptions,BEL,2025-2026,datafc_sofascore,2026-08-09T08:07:33.988763
38,77040,Jakob Kiilerich,887822,SV Zulte Waregem,2933,0,0,6.74,0.77,0.82,9,2,4,3,27,3,1,2291,29,interceptions,BEL,2025-2026,datafc_sofascore,2026-08-09T08:07:33.988763
38,77040,Tibe De Vlieger,1396529,KAA Gent,2903,1,0,7.21,1.4,0.97,16,1,13,9,59,5,0,1696,25,interceptions,BEL,2025-2026,datafc_sofascore,2026-08-09T08:07:33.988763
38,77040,Joris Kayembe,354046,KRC Genk,2890,0,1,6.96,0.47,1.64,13,2,20,27,48,5,0,2111,28,interceptions,BEL,2025-2026,datafc_sofascore,2026-08-09T08:07:33.988763
38,77040,Lucas Hey,1122698,RSC Anderlecht,2900,0,0,6.83,0.71,0.46,10,1,3,4,25,6,0,2535,32,interceptions,BEL,2025-2026,datafc_sofascore,2026-08-09T08:07:33.988763
38,77040,Wilguens Paugain,1404526,SV Zulte Waregem,2933,1,0,6.81,0.5,0.84,6,1,3,14,33,1,0,1298,24,interceptions,BEL,2025-2026,datafc_sofascore,2026-08-09T08:07:33.988763
38,77040,Fabio Ferraro,1145225,FCV Dender,389232,1,3,6.62,2.28,3.94,30,12,41,31,53,5,0,2531,29,interceptions,BEL,2025-2026,datafc_sofascore,2026-08-09T08:07:33.988763
38,77040,Louis Patris,923972,Royale Union Saint-Gilloise,4860,0,2,6.89,1.84,2.88,13,6,27,11,57,2,0,1450,34,interceptions,BEL,2025-2026,datafc_sofascore,2026-08-09T08:07:33.988763
38,77040,Pieter Gerkens,190401,Cercle Brugge,2929,6,1,6.85,5.58,3.44,41,16,40,7,38,1,0,2840,35,interceptions,BEL,2025-2026,datafc_sofascore,2026-08-09T08:07:33.988763
38,77040,Kerim Mrabti,338869,KV Mechelen,5044,5,3,6.81,3.37,1.81,29,10,20,8,31,5,0,2300,33,interceptions,BEL,2025-2026,datafc_sofascore,2026-08-09T08:07:33.988763
38,77040,Joel Ordóñez,1187275,Club Brugge KV,2888,3,0,6.95,1.91,0.92,16,4,6,3,37,4,2,2668,33,interceptions,BEL,2025-2026,datafc_sofascore,2026-08-09T08:07:33.988763
38,77040,Nathan-Dylan Saliba,1093229,RSC Anderlecht,2900,3,1,6.86,3.27,2.58,59,15,26,19,75,12,1,2319,34,interceptions,BEL,2025-2026,datafc_sofascore,2026-08-09T08:07:33.988763
38,77040,Mory Konate,889927,KV Mechelen,5044,2,1,6.68,1.44,0.37,13,5,7,2,34,7,0,2022,30,interceptions,BEL,2025-2026,datafc_sofascore,2026-08-09T08:07:33.988763
38,77040,Junior Marsoni Sambu Mansoni​,874855,FCV Dender,389232,0,4,6.61,0.7,1.62,12,3,20,29,63,7,0,2193,31,interceptions,BEL,2025-2026,datafc_sofascore,2026-08-09T08:07:33.988763
38,77040,Thérence Koudou,1392080,KV Mechelen,5044,5,2,6.85,1.64,4.81,25,8,35,38,31,5,0,3060,37,interceptions,BEL,2025-2026,datafc_sofascore,2026-08-09T08:07:33.988763
38,77040,Matties Volckaert,2213526,KAA Gent,2903,0,0,6.82,0.66,1.42,13,1,11,7,21,2,0,2237,26,interceptions,BEL,2025-2026,datafc_sofascore,2026-08-09T08:07:33.988763
38,77040,Marco Kana,964759,RSC Anderlecht,2900,0,0,6.78,0.37,0.82,9,2,6,2,19,5,0,2043,26,interceptions,BEL,2025-2026,datafc_sofascore,2026-08-09T08:07:33.988763
38,77040,Ibrahim Karamoko,966263,Standard Liège,2901,1,0,6.76,3.04,0.38,22,7,6,6,35,7,1,2185,31,interceptions,BEL,2025-2026,datafc_sofascore,2026-08-09T08:07:33.988763
38,77040,Cheick Keita,1407973,RC Sporting Charleroi,2898,3,0,6.69,2.36,0.27,18,5,1,5,43,5,0,3440,40,interceptions,BEL,2025-2026,datafc_sofascore,2026-08-09T08:07:33.988763
38,77040,Zakaria El Ouahdi,1134470,KRC Genk,2890,8,4,7.07,4.96,4.37,70,24,49,36,42,4,0,2996,34,interceptions,BEL,2025-2026,datafc_sofascore,2026-08-09T08:07:33.988763
38,77040,Wagane Faye,957913,RAAL La Louvière,368506,3,1,6.97,1.68,1.43,16,5,7,4,62,6,0,2304,27,interceptions,BEL,2025-2026,datafc_sofascore,2026-08-09T08:07:33.988763
38,77040,Kyriani Sabbe,1101258,Club Brugge KV,2888,3,3,6.94,1.71,3.84,18,9,23,8,43,2,0,1658,27,interceptions,BEL,2025-2026,datafc_sofascore,2026-08-09T08:07:33.988763
38,77040,Mujaid Sadick,935309,KRC Genk,2890,2,0,6.83,2.1,0.55,7,3,1,4,76,4,1,3014,36,interceptions,BEL,2025-2026,datafc_sofascore,2026-08-09T08:07:33.988763
38,77040,Roman Kvet,858926,FCV Dender,389232,5,0,6.73,4.44,3.29,38,12,39,24,34,5,0,2676,34,interceptions,BEL,2025-2026,datafc_sofascore,2026-08-09T08:07:33.988763
38,77040,Boubakar Kouyaté,848537,Royal Antwerp FC,2889,1,0,6.9,0.74,0.17,10,3,2,0,37,5,1,1213,24,interceptions,BEL,2025-2026,datafc_sofascore,2026-08-09T08:07:33.988763
38,77040,Abdelkahar Kadri,1007528,KAA Gent,2903,2,5,6.89,2.42,2.53,27,9,32,24,43,5,0,2076,33,interceptions,BEL,2025-2026,datafc_sofascore,2026-08-09T08:07:33.988763
38,77040,Atsuki Ito,1034816,KAA Gent,2903,4,3,6.88,4.25,2.25,37,13,26,14,39,3,0,2184,30,interceptions,BEL,2025-2026,datafc_sofascore,2026-08-09T08:07:33.988763
38,77040,Benoit Nyssen,938190,SV Zulte Waregem,2933,2,2,6.77,0.81,3.36,16,5,17,12,35,3,0,1744,28,interceptions,BEL,2025-2026,datafc_sofascore,2026-08-09T08:07:33.988763
38,77040,Luc De Fougerolles,1413129,FCV Dender,389232,0,1,6.74,0.48,0.48,5,0,8,7,39,5,2,1717,28,interceptions,BEL,2025-2026,datafc_sofascore,2026-08-09T08:07:33.988763
38,77040,Hans Vanaken,118085,Club Brugge KV,2888,7,3,7.45,8.38,8.0,58,21,67,15,38,2,0,3366,39,interceptions,BEL,2025-2026,datafc_sofascore,2026-08-09T08:07:33.988763
38,77040,Mathis Servais,1093876,KV Mechelen,5044,2,4,6.98,2.95,5.07,41,11,35,11,48,5,0,2796,32,interceptions,BEL,2025-2026,datafc_sofascore,2026-08-09T08:07:33.988763
38,77040,Maksim Paskotsi,954621,KAA Gent,2903,4,1,6.96,1.28,0.33,15,6,1,1,19,1,0,1813,22,interceptions,BEL,2025-2026,datafc_sofascore,2026-08-09T08:07:33.988763
38,77040,Henry Lawrence,976265,Standard Liège,2901,2,0,6.78,1.98,1.48,11,3,6,18,36,5,0,2433,30,interceptions,BEL,2025-2026,datafc_sofascore,2026-08-09T08:07:33.988763
38,77040,Killian Sardella,909964,RSC Anderlecht,2900,0,1,6.66,1.39,1.45,23,6,19,14,33,3,1,2064,32,interceptions,BEL,2025-2026,datafc_sofascore,2026-08-09T08:07:33.988763
38,77040,Rosen Bozhinov,1152943,Royal Antwerp FC,2889,1,0,7.08,0.4,0.39,7,3,5,2,15,1,0,1279,16,interceptions,BEL,2025-2026,datafc_sofascore,2026-08-09T08:07:33.988763
38,77040,Daan Heymans,845344,KRC Genk,2890,10,4,6.98,7.98,2.96,61,25,33,11,50,3,0,2362,31,interceptions,BEL,2025-2026,datafc_sofascore,2026-08-09T08:07:33.988763
38,77040,Siebe Van Der Heyden,842164,KAA Gent,2903,2,1,6.74,1.64,1.37,25,8,9,3,54,11,0,3075,36,interceptions,BEL,2025-2026,datafc_sofascore,2026-08-09T08:07:33.988763
38,77040,Fredrik Hammar,946959,KV Mechelen,5044,1,1,7.04,1.75,1.64,28,6,18,20,152,10,0,3366,38,interceptions,BEL,2025-2026,datafc_sofascore,2026-08-09T08:07:33.988763
38,77040,Gary Magnee,990265,Cercle Brugge,2929,4,7,6.93,5.4,6.75,31,10,74,20,72,4,0,2889,34,interceptions,BEL,2025-2026,datafc_sofascore,2026-08-09T08:07:33.988763
38,77040,Doğucan Haspolat,846087,KVC Westerlo,2893,1,4,7.18,2.52,7.83,46,10,86,19,82,7,0,3395,38,interceptions,BEL,2025-2026,datafc_sofascore,2026-08-09T08:07:33.988763
38,77040,Ibe Hautekiet,964757,Standard Liège,2901,2,0,6.87,2.36,0.69,17,5,11,1,59,3,0,2954,36,interceptions,BEL,2025-2026,datafc_sofascore,2026-08-09T08:07:33.988763
38,77040,Dennis Praet,135647,Royal Antwerp FC,2889,0,0,6.92,0.62,2.25,16,3,26,10,64,3,1,2525,31,interceptions,BEL,2025-2026,datafc_sofascore,2026-08-09T08:07:33.988763
38,77040,Matte Smets,1392905,KRC Genk,2890,0,1,7.15,0.75,2.2,15,0,17,5,70,4,0,3509,39,interceptions,BEL,2025-2026,datafc_sofascore,2026-08-09T08:07:33.988763
38,77040,Bryan Heynen,801025,KRC Genk,2890,4,1,7.31,4.75,4.68,48,11,49,22,99,5,0,3603,40,interceptions,BEL,2025-2026,datafc_sofascore,2026-08-09T08:07:33.988763
38,77040,Kevin Mac Allister,895327,Royale Union Saint-Gilloise,4860,1,1,7.14,3.07,2.44,22,5,13,9,112,11,1,2930,34,interceptions,BEL,2025-2026,datafc_sofascore,2026-08-09T08:07:33.988763
38,77040,Zeno Van Den Bosch,1103765,Royal Antwerp FC,2889,0,1,6.91,0.97,1.34,13,6,15,4,57,6,1,3071,35,interceptions,BEL,2025-2026,datafc_sofascore,2026-08-09T08:07:33.988763
38,77040,Emin Bayram,997153,KVC Westerlo,2893,4,2,7.06,4.39,2.88,41,13,20,15,44,4,2,3322,38,interceptions,BEL,2025-2026,datafc_sofascore,2026-08-09T08:07:33.988763
38,77040,Nazinho,1006113,Cercle Brugge,2929,3,7,7.07,0.91,7.69,27,8,59,24,73,13,0,2554,30,interceptions,BEL,2025-2026,datafc_sofascore,2026-08-09T08:07:33.988763
38,77040,Etienne Camara,1097542,RC Sporting Charleroi,2898,2,3,6.83,1.19,1.37,20,7,20,19,94,11,1,3034,38,interceptions,BEL,2025-2026,datafc_sofascore,2026-08-09T08:07:33.988763
38,77040,Ross Sykes,845558,Royale Union Saint-Gilloise,4860,5,0,7.28,3.78,2.34,56,25,21,6,40,9,0,2629,32,interceptions,BEL,2025-2026,datafc_sofascore,2026-08-09T08:07:33.988763
38,77040,Visar Musliu,134231,Sint-Truidense VV,2895,0,0,7.12,1.16,0.58,17,3,4,6,39,4,0,2519,30,interceptions,BEL,2025-2026,datafc_sofascore,2026-08-09T08:07:33.988763
38,77040,Arthur Piedfort,1149123,KVC Westerlo,2893,3,2,7.07,1.9,3.11,23,7,43,25,86,5,0,2989,36,interceptions,BEL,2025-2026,datafc_sofascore,2026-08-09T08:07:33.988763
38,77040,Abdoulaye Sissako,846330,Sint-Truidense VV,2895,2,3,6.82,2.74,1.22,30,4,15,41,91,5,0,3349,40,interceptions,BEL,2025-2026,datafc_sofascore,2026-08-09T08:07:33.988763
38,77040,Djibril Lamego,1170564,RAAL La Louvière,368506,0,0,6.67,0.09,0.53,4,0,4,8,33,2,0,2553,30,interceptions,BEL,2025-2026,datafc_sofascore,2026-08-09T08:07:33.988763
38,77040,Rihito Yamamoto,1030211,Sint-Truidense VV,2895,5,6,7.08,5.87,6.27,51,16,62,21,75,6,0,3290,38,interceptions,BEL,2025-2026,datafc_sofascore,2026-08-09T08:07:33.988763
38,77040,Michał Skóraś,942479,KAA Gent,2903,2,7,7.06,3.87,6.79,43,10,65,37,49,6,1,2697,34,interceptions,BEL,2025-2026,datafc_sofascore,2026-08-09T08:07:33.988763
38,77040,Noah Mbamba,1100321,FCV Dender,389232,2,2,6.88,2.99,2.06,28,9,20,35,93,4,0,2805,35,interceptions,BEL,2025-2026,datafc_sofascore,2026-08-09T08:07:33.988763
38,77040,Brandon Mechele,248331,Club Brugge KV,2888,5,2,7.29,3.46,1.49,33,14,22,5,77,4,0,3435,39,interceptions,BEL,2025-2026,datafc_sofascore,2026-08-09T08:07:33.988763
38,77040,Josué Homawoo,976070,Standard Liège,2901,0,1,6.91,0.5,0.41,6,0,5,3,46,2,1,2198,30,interceptions,BEL,2025-2026,datafc_sofascore,2026-08-09T08:07:33.988763
38,77040,Kamiel Van de Perre,1146316,Royale Union Saint-Gilloise,4860,0,3,6.88,0.49,0.67,11,0,9,12,84,9,0,2214,30,interceptions,BEL,2025-2026,datafc_sofascore,2026-08-09T08:07:33.988763
38,77040,Malcolm Viltard,1092285,FCV Dender,389232,1,1,6.88,0.41,2.6,15,4,27,17,70,6,1,2721,36,interceptions,BEL,2025-2026,datafc_sofascore,2026-08-09T08:07:33.988763
38,77040,Yassine Titraoui,1094538,RC Sporting Charleroi,2898,5,1,7.23,2.9,3.78,53,20,31,26,58,7,0,2904,35,interceptions,BEL,2025-2026,datafc_sofascore,2026-08-09T08:07:33.988763
38,77040,Aleksandar Stanković,1153957,Club Brugge KV,2888,6,2,7.09,4.66,4.09,74,25,33,8,39,4,0,3076,39,interceptions,BEL,2025-2026,datafc_sofascore,2026-08-09T08:07:33.988763
38,77040,Anan Khalaili,1403362,Royale Union Saint-Gilloise,4860,3,5,7.22,3.34,7.52,38,13,62,49,69,7,0,3099,38,interceptions,BEL,2025-2026,datafc_sofascore,2026-08-09T08:07:33.988763
38,77040,Yllan Okou,1167514,RAAL La Louvière,368506,1,0,6.96,0.73,1.05,11,3,12,2,36,6,0,2731,33,interceptions,BEL,2025-2026,datafc_sofascore,2026-08-09T08:07:33.988763
38,77040,Aiham Ousou,965265,RC Sporting Charleroi,2898,2,1,6.95,3.22,1.58,34,10,11,5,53,12,1,3395,39,interceptions,BEL,2025-2026,datafc_sofascore,2026-08-09T08:07:33.988763
38,77040,Sami Lahssaini,957895,RAAL La Louvière,368506,1,1,6.89,0.41,1.57,13,2,16,20,60,4,0,2770,32,interceptions,BEL,2025-2026,datafc_sofascore,2026-08-09T08:07:33.988763
38,77040,Redouane Halhal,1143667,KV Mechelen,5044,1,2,6.82,0.94,1.04,12,4,7,4,50,10,0,2849,33,interceptions,BEL,2025-2026,datafc_sofascore,2026-08-09T08:07:33.988763
38,77040,Luc Marijnissen,1086107,FCV Dender,389232,1,0,6.73,1.59,1.25,16,6,11,13,84,7,0,3225,37,interceptions,BEL,2025-2026,datafc_sofascore,2026-08-09T08:07:33.988763
38,77040,Christian Burgess,303634,Royale Union Saint-Gilloise,4860,2,3,7.31,1.63,1.37,23,8,13,1,53,13,1,3147,35,interceptions,BEL,2025-2026,datafc_sofascore,2026-08-09T08:07:33.988763
38,77040,Joaquin Seys,1395881,Club Brugge KV,2888,2,5,6.81,1.25,3.7,16,4,33,11,56,3,0,2976,39,interceptions,BEL,2025-2026,datafc_sofascore,2026-08-09T08:07:33.988763
38,77040,Shogo Taniguchi,386958,Sint-Truidense VV,2895,1,1,7.07,1.07,1.31,14,2,10,2,43,4,0,2963,38,interceptions,BEL,2025-2026,datafc_sofascore,2026-08-09T08:07:33.988763
38,77040,Daam Foulon,826170,Royal Antwerp FC,2889,0,4,6.78,0.68,3.5,13,4,33,10,56,5,2,2290,33,interceptions,BEL,2025-2026,datafc_sofascore,2026-08-09T08:07:33.988763
38,77040,Hannes Van Der Bruggen,94290,Cercle Brugge,2929,0,1,6.96,1.32,1.83,28,4,15,5,73,7,0,2569,32,interceptions,BEL,2025-2026,datafc_sofascore,2026-08-09T08:07:33.988763
38,77040,Emmanuel Kakou,1847412,Cercle Brugge,2929,2,1,6.8,1.44,0.56,21,5,4,7,35,1,1,1737,24,interceptions,BEL,2025-2026,datafc_sofascore,2026-08-09T08:07:33.988763
38,77040,Ewoud Pletinckx,949101,Oud-Heverlee Leuven,2918,3,0,6.74,2.91,1.14,35,12,14,6,55,4,0,3538,40,interceptions,BEL,2025-2026,datafc_sofascore,2026-08-09T08:07:33.988763
38,77040,Leonardo Lopes,783478,KAA Gent,2903,1,1,6.84,2.1,1.39,18,2,13,15,37,3,0,2464,37,interceptions,BEL,2025-2026,datafc_sofascore,2026-08-09T08:07:33.988763
38,77040,Christiaan Ravych,1191212,Cercle Brugge,2929,0,0,6.94,1.38,0.44,8,2,5,6,49,2,0,2243,27,interceptions,BEL,2025-2026,datafc_sofascore,2026-08-09T08:07:33.988763
38,77040,Jordi Liongola,1009413,RAAL La Louvière,368506,2,6,6.93,3.28,4.29,29,6,40,27,57,10,0,2618,31,interceptions,BEL,2025-2026,datafc_sofascore,2026-08-09T08:07:33.988763
38,77040,Yuto Tsunashima,1470622,Royal Antwerp FC,2889,1,0,6.84,2.15,0.47,12,4,7,6,53,6,0,2740,34,interceptions,BEL,2025-2026,datafc_sofascore,2026-08-09T08:07:33.988763
38,77040,Robert-Jan Vanwesemael,1047164,Sint-Truidense VV,2895,1,1,6.75,1.87,4.8,33,8,36,30,70,11,0,3077,37,interceptions,BEL,2025-2026,datafc_sofascore,2026-08-09T08:07:33.988763
38,77040,José Marsà,962625,KV Mechelen,5044,1,2,6.73,1.7,2.1,15,3,12,9,47,4,0,2594,33,interceptions,BEL,2025-2026,datafc_sofascore,2026-08-09T08:07:33.988763
38,77040,Takahiro Akimoto,1028340,Oud-Heverlee Leuven,2918,0,0,6.81,0.82,1.74,19,5,15,14,70,4,0,2710,31,interceptions,BEL,2025-2026,datafc_sofascore,2026-08-09T08:07:33.988763
38,77040,Mardochee Nzita,990726,RC Sporting Charleroi,2898,0,2,6.77,1.02,3.04,12,3,21,18,65,3,1,3007,38,interceptions,BEL,2025-2026,datafc_sofascore,2026-08-09T08:07:33.988763
38,77040,Nathan De Cat,1637689,RSC Anderlecht,2900,2,4,6.75,1.79,2.28,30,6,28,21,60,8,0,2739,36,interceptions,BEL,2025-2026,datafc_sofascore,2026-08-09T08:07:33.988763
38,77040,Maxence Maisonneuve,1396487,RAAL La Louvière,368506,0,1,6.62,1.59,0.74,24,5,9,9,31,3,0,2303,31,interceptions,BEL,2025-2026,datafc_sofascore,2026-08-09T08:07:33.988763
38,77040,Tiago Araújo,997024,KAA Gent,2903,1,4,6.94,0.83,6.33,21,4,57,20,39,9,0,2820,35,interceptions,BEL,2025-2026,datafc_sofascore,2026-08-09T08:07:33.988763
38,77040,Marco Ilaimaharitra,358198,Standard Liège,2901,3,0,6.85,3.44,1.16,14,6,21,8,48,10,1,2445,31,interceptions,BEL,2025-2026,datafc_sofascore,2026-08-09T08:07:33.988763
38,77040,Roggerio Nyakossi,1129502,Oud-Heverlee Leuven,2918,4,0,6.84,1.16,0.19,13,5,2,7,29,4,0,2241,27,interceptions,BEL,2025-2026,datafc_sofascore,2026-08-09T08:07:33.988763
38,77040,Mauricio Benitez,1402224,Royal Antwerp FC,2889,3,0,6.88,1.74,0.99,24,6,13,8,49,4,0,1524,27,interceptions,BEL,2025-2026,datafc_sofascore,2026-08-09T08:07:33.988763
38,77040,Noë Dussenne,115569,Oud-Heverlee Leuven,2918,1,0,6.87,1.85,0.68,18,4,11,1,32,6,0,1877,23,interceptions,BEL,2025-2026,datafc_sofascore,2026-08-09T08:07:33.988763
38,77040,Bryan Reynolds,862075,KVC Westerlo,2893,2,3,6.77,2.75,4.35,22,8,37,37,53,8,0,3494,39,interceptions,BEL,2025-2026,datafc_sofascore,2026-08-09T08:07:33.988763
38,77040,Óscar Gil,959820,Oud-Heverlee Leuven,2918,2,1,6.54,2.33,2.05,22,10,16,18,66,12,1,2325,33,interceptions,BEL,2025-2026,datafc_sofascore,2026-08-09T08:07:33.988763
38,77040,Edgaras Utkus,921180,Cercle Brugge,2929,2,0,7.31,1.25,0.36,14,4,1,1,28,2,0,1451,19,interceptions,BEL,2025-2026,datafc_sofascore,2026-08-09T08:07:33.988763
38,77040,Adem Zorgane,1000472,Royale Union Saint-Gilloise,4860,4,5,7.04,2.44,6.23,28,12,40,19,64,7,0,2968,37,interceptions,BEL,2025-2026,datafc_sofascore,2026-08-09T08:07:33.988763
38,77040,Bryan Goncalves,775019,FCV Dender,389232,1,2,6.79,1.13,3.58,12,5,38,10,42,5,0,2293,28,interceptions,BEL,2025-2026,datafc_sofascore,2026-08-09T08:07:33.988763
38,77040,Birger Verstraete,192268,Oud-Heverlee Leuven,2918,0,0,6.69,0.14,0.55,4,0,5,4,36,8,2,1712,26,interceptions,BEL,2025-2026,datafc_sofascore,2026-08-09T08:07:33.988763
38,77040,Ilay Camara,1397747,RSC Anderlecht,2900,2,1,6.56,1.17,2.75,15,7,23,11,19,1,0,1310,25,interceptions,BEL,2025-2026,datafc_sofascore,2026-08-09T08:07:33.988763
38,77040,Siebe Schrijvers,190413,Oud-Heverlee Leuven,2918,3,4,7.0,5.03,3.45,29,4,37,12,62,6,0,2121,30,interceptions,BEL,2025-2026,datafc_sofascore,2026-08-09T08:07:33.988763
38,77040,Tobias Mohr,237048,Standard Liège,2901,2,2,6.91,1.09,5.42,25,5,44,20,50,5,0,2310,38,interceptions,BEL,2025-2026,datafc_sofascore,2026-08-09T08:07:33.988763
38,77040,Łukasz Łakomy,1001201,Oud-Heverlee Leuven,2918,3,3,6.82,1.56,3.17,32,12,35,13,44,6,0,2123,32,interceptions,BEL,2025-2026,datafc_sofascore,2026-08-09T08:07:33.988763
38,77040,Jakob Kiilerich,887822,SV Zulte Waregem,2933,0,0,6.74,0.77,0.82,9,2,4,3,27,3,1,2291,29,interceptions,BEL,2025-2026,datafc_sofascore,2026-08-09T08:07:33.988763
38,77040,Tibe De Vlieger,1396529,KAA Gent,2903,1,0,7.21,1.4,0.97,16,1,13,9,59,5,0,1696,25,interceptions,BEL,2025-2026,datafc_sofascore,2026-08-09T08:07:33.988763
38,77040,Joris Kayembe,354046,KRC Genk,2890,0,1,6.96,0.47,1.64,13,2,20,27,48,5,0,2111,28,interceptions,BEL,2025-2026,datafc_sofascore,2026-08-09T08:07:33.988763
38,77040,Lucas Hey,1122698,RSC Anderlecht,2900,0,0,6.83,0.71,0.46,10,1,3,4,25,6,0,2535,32,interceptions,BEL,2025-2026,datafc_sofascore,2026-08-09T08:07:33.988763
38,77040,Wilguens Paugain,1404526,SV Zulte Waregem,2933,1,0,6.81,0.5,0.84,6,1,3,14,33,1,0,1298,24,interceptions,BEL,2025-2026,datafc_sofascore,2026-08-09T08:07:33.988763
38,77040,Fabio Ferraro,1145225,FCV Dender,389232,1,3,6.62,2.28,3.94,30,12,41,31,53,5,0,2531,29,interceptions,BEL,2025-2026,datafc_sofascore,2026-08-09T08:07:33.988763
38,77040,Louis Patris,923972,Royale Union Saint-Gilloise,4860,0,2,6.89,1.84,2.88,13,6,27,11,57,2,0,1450,34,interceptions,BEL,2025-2026,datafc_sofascore,2026-08-09T08:07:33.988763
38,77040,Pieter Gerkens,190401,Cercle Brugge,2929,6,1,6.85,5.58,3.44,41,16,40,7,38,1,0,2840,35,interceptions,BEL,2025-2026,datafc_sofascore,2026-08-09T08:07:33.988763
38,77040,Kerim Mrabti,338869,KV Mechelen,5044,5,3,6.81,3.37,1.81,29,10,20,8,31,5,0,2300,33,interceptions,BEL,2025-2026,datafc_sofascore,2026-08-09T08:07:33.988763
38,77040,Joel Ordóñez,1187275,Club Brugge KV,2888,3,0,6.95,1.91,0.92,16,4,6,3,37,4,2,2668,33,interceptions,BEL,2025-2026,datafc_sofascore,2026-08-09T08:07:33.988763
38,77040,Nathan-Dylan Saliba,1093229,RSC Anderlecht,2900,3,1,6.86,3.27,2.58,59,15,26,19,75,12,1,2319,34,interceptions,BEL,2025-2026,datafc_sofascore,2026-08-09T08:07:33.988763
38,77040,Mory Konate,889927,KV Mechelen,5044,2,1,6.68,1.44,0.37,13,5,7,2,34,7,0,2022,30,interceptions,BEL,2025-2026,datafc_sofascore,2026-08-09T08:07:33.988763
38,77040,Junior Marsoni Sambu Mansoni​,874855,FCV Dender,389232,0,4,6.61,0.7,1.62,12,3,20,29,63,7,0,2193,31,interceptions,BEL,2025-2026,datafc_sofascore,2026-08-09T08:07:33.988763
38,77040,Thérence Koudou,1392080,KV Mechelen,5044,5,2,6.85,1.64,4.81,25,8,35,38,31,5,0,3060,37,interceptions,BEL,2025-2026,datafc_sofascore,2026-08-09T08:07:33.988763
38,77040,Matties Volckaert,2213526,KAA Gent,2903,0,0,6.82,0.66,1.42,13,1,11,7,21,2,0,2237,26,interceptions,BEL,2025-2026,datafc_sofascore,2026-08-09T08:07:33.988763
38,77040,Marco Kana,964759,RSC Anderlecht,2900,0,0,6.78,0.37,0.82,9,2,6,2,19,5,0,2043,26,interceptions,BEL,2025-2026,datafc_sofascore,2026-08-09T08:07:33.988763
38,77040,Ibrahim Karamoko,966263,Standard Liège,2901,1,0,6.76,3.04,0.38,22,7,6,6,35,7,1,2185,31,interceptions,BEL,2025-2026,datafc_sofascore,2026-08-09T08:07:33.988763
38,77040,Cheick Keita,1407973,RC Sporting Charleroi,2898,3,0,6.69,2.36,0.27,18,5,1,5,43,5,0,3440,40,interceptions,BEL,2025-2026,datafc_sofascore,2026-08-09T08:07:33.988763
38,77040,Zakaria El Ouahdi,1134470,KRC Genk,2890,8,4,7.07,4.96,4.37,70,24,49,36,42,4,0,2996,34,interceptions,BEL,2025-2026,datafc_sofascore,2026-08-09T08:07:33.988763
38,77040,Wagane Faye,957913,RAAL La Louvière,368506,3,1,6.97,1.68,1.43,16,5,7,4,62,6,0,2304,27,interceptions,BEL,2025-2026,datafc_sofascore,2026-08-09T08:07:33.988763
38,77040,Kyriani Sabbe,1101258,Club Brugge KV,2888,3,3,6.94,1.71,3.84,18,9,23,8,43,2,0,1658,27,interceptions,BEL,2025-2026,datafc_sofascore,2026-08-09T08:07:33.988763
38,77040,Mujaid Sadick,935309,KRC Genk,2890,2,0,6.83,2.1,0.55,7,3,1,4,76,4,1,3014,36,interceptions,BEL,2025-2026,datafc_sofascore,2026-08-09T08:07:33.988763
38,77040,Roman Kvet,858926,FCV Dender,389232,5,0,6.73,4.44,3.29,38,12,39,24,34,5,0,2676,34,interceptions,BEL,2025-2026,datafc_sofascore,2026-08-09T08:07:33.988763
38,77040,Boubakar Kouyaté,848537,Royal Antwerp FC,2889,1,0,6.9,0.74,0.17,10,3,2,0,37,5,1,1213,24,interceptions,BEL,2025-2026,datafc_sofascore,2026-08-09T08:07:33.988763
38,77040,Abdelkahar Kadri,1007528,KAA Gent,2903,2,5,6.89,2.42,2.53,27,9,32,24,43,5,0,2076,33,interceptions,BEL,2025-2026,datafc_sofascore,2026-08-09T08:07:33.988763
38,77040,Atsuki Ito,1034816,KAA Gent,2903,4,3,6.88,4.25,2.25,37,13,26,14,39,3,0,2184,30,interceptions,BEL,2025-2026,datafc_sofascore,2026-08-09T08:07:33.988763
38,77040,Benoit Nyssen,938190,SV Zulte Waregem,2933,2,2,6.77,0.81,3.36,16,5,17,12,35,3,0,1744,28,interceptions,BEL,2025-2026,datafc_sofascore,2026-08-09T08:07:33.988763
38,77040,Luc De Fougerolles,1413129,FCV Dender,389232,0,1,6.74,0.48,0.48,5,0,8,7,39,5,2,1717,28,interceptions,BEL,2025-2026,datafc_sofascore,2026-08-09T08:07:33.988763
38,77040,Hans Vanaken,118085,Club Brugge KV,2888,7,3,7.45,8.38,8.0,58,21,67,15,38,2,0,3366,39,interceptions,BEL,2025-2026,datafc_sofascore,2026-08-09T08:07:33.988763
38,77040,Mathis Servais,1093876,KV Mechelen,5044,2,4,6.98,2.95,5.07,41,11,35,11,48,5,0,2796,32,interceptions,BEL,2025-2026,datafc_sofascore,2026-08-09T08:07:33.988763
38,77040,Maksim Paskotsi,954621,KAA Gent,2903,4,1,6.96,1.28,0.33,15,6,1,1,19,1,0,1813,22,interceptions,BEL,2025-2026,datafc_sofascore,2026-08-09T08:07:33.988763
38,77040,Henry Lawrence,976265,Standard Liège,2901,2,0,6.78,1.98,1.48,11,3,6,18,36,5,0,2433,30,interceptions,BEL,2025-2026,datafc_sofascore,2026-08-09T08:07:33.988763
38,77040,Killian Sardella,909964,RSC Anderlecht,2900,0,1,6.66,1.39,1.45,23,6,19,14,33,3,1,2064,32,interceptions,BEL,2025-2026,datafc_sofascore,2026-08-09T08:07:33.988763
38,77040,Rosen Bozhinov,1152943,Royal Antwerp FC,2889,1,0,7.08,0.4,0.39,7,3,5,2,15,1,0,1279,16,interceptions,BEL,2025-2026,datafc_sofascore,2026-08-09T08:07:33.988763
38,77040,Daan Heymans,845344,KRC Genk,2890,10,4,6.98,7.98,2.96,61,25,33,11,50,3,0,2362,31,interceptions,BEL,2025-2026,datafc_sofascore,2026-08-09T08:07:33.988763
38,77040,Matte Smets,1392905,KRC Genk,2890,0,1,7.15,0.75,2.2,15,0,17,5,70,4,0,3509,39,clearances,BEL,2025-2026,datafc_sofascore,2026-08-09T08:07:33.988763
38,77040,Christian Burgess,303634,Royale Union Saint-Gilloise,4860,2,3,7.31,1.63,1.37,23,8,13,1,53,13,1,3147,35,clearances,BEL,2025-2026,datafc_sofascore,2026-08-09T08:07:33.988763
38,77040,Emin Bayram,997153,KVC Westerlo,2893,4,2,7.06,4.39,2.88,41,13,20,15,44,4,2,3322,38,clearances,BEL,2025-2026,datafc_sofascore,2026-08-09T08:07:33.988763
38,77040,Yllan Okou,1167514,RAAL La Louvière,368506,1,0,6.96,0.73,1.05,11,3,12,2,36,6,0,2731,33,clearances,BEL,2025-2026,datafc_sofascore,2026-08-09T08:07:33.988763
38,77040,Shogo Taniguchi,386958,Sint-Truidense VV,2895,1,1,7.07,1.07,1.31,14,2,10,2,43,4,0,2963,38,clearances,BEL,2025-2026,datafc_sofascore,2026-08-09T08:07:33.988763
38,77040,Aiham Ousou,965265,RC Sporting Charleroi,2898,2,1,6.95,3.22,1.58,34,10,11,5,53,12,1,3395,39,clearances,BEL,2025-2026,datafc_sofascore,2026-08-09T08:07:33.988763
38,77040,Ibe Hautekiet,964757,Standard Liège,2901,2,0,6.87,2.36,0.69,17,5,11,1,59,3,0,2954,36,clearances,BEL,2025-2026,datafc_sofascore,2026-08-09T08:07:33.988763
38,77040,Ewoud Pletinckx,949101,Oud-Heverlee Leuven,2918,3,0,6.74,2.91,1.14,35,12,14,6,55,4,0,3538,40,clearances,BEL,2025-2026,datafc_sofascore,2026-08-09T08:07:33.988763
38,77040,Redouane Halhal,1143667,KV Mechelen,5044,1,2,6.82,0.94,1.04,12,4,7,4,50,10,0,2849,33,clearances,BEL,2025-2026,datafc_sofascore,2026-08-09T08:07:33.988763
38,77040,Cheick Keita,1407973,RC Sporting Charleroi,2898,3,0,6.69,2.36,0.27,18,5,1,5,43,5,0,3440,40,clearances,BEL,2025-2026,datafc_sofascore,2026-08-09T08:07:33.988763
38,77040,Yuto Tsunashima,1470622,Royal Antwerp FC,2889,1,0,6.84,2.15,0.47,12,4,7,6,53,6,0,2740,34,clearances,BEL,2025-2026,datafc_sofascore,2026-08-09T08:07:33.988763
38,77040,Luc Marijnissen,1086107,FCV Dender,389232,1,0,6.73,1.59,1.25,16,6,11,13,84,7,0,3225,37,clearances,BEL,2025-2026,datafc_sofascore,2026-08-09T08:07:33.988763
38,77040,Josué Homawoo,976070,Standard Liège,2901,0,1,6.91,0.5,0.41,6,0,5,3,46,2,1,2198,30,clearances,BEL,2025-2026,datafc_sofascore,2026-08-09T08:07:33.988763
38,77040,Visar Musliu,134231,Sint-Truidense VV,2895,0,0,7.12,1.16,0.58,17,3,4,6,39,4,0,2519,30,clearances,BEL,2025-2026,datafc_sofascore,2026-08-09T08:07:33.988763
38,77040,Jakob Kiilerich,887822,SV Zulte Waregem,2933,0,0,6.74,0.77,0.82,9,2,4,3,27,3,1,2291,29,clearances,BEL,2025-2026,datafc_sofascore,2026-08-09T08:07:33.988763
38,77040,Mujaid Sadick,935309,KRC Genk,2890,2,0,6.83,2.1,0.55,7,3,1,4,76,4,1,3014,36,clearances,BEL,2025-2026,datafc_sofascore,2026-08-09T08:07:33.988763
38,77040,Siebe Van Der Heyden,842164,KAA Gent,2903,2,1,6.74,1.64,1.37,25,8,9,3,54,11,0,3075,36,clearances,BEL,2025-2026,datafc_sofascore,2026-08-09T08:07:33.988763
38,77040,Ross Sykes,845558,Royale Union Saint-Gilloise,4860,5,0,7.28,3.78,2.34,56,25,21,6,40,9,0,2629,32,clearances,BEL,2025-2026,datafc_sofascore,2026-08-09T08:07:33.988763
38,77040,Christiaan Ravych,1191212,Cercle Brugge,2929,0,0,6.94,1.38,0.44,8,2,5,6,49,2,0,2243,27,clearances,BEL,2025-2026,datafc_sofascore,2026-08-09T08:07:33.988763
38,77040,Maxence Maisonneuve,1396487,RAAL La Louvière,368506,0,1,6.62,1.59,0.74,24,5,9,9,31,3,0,2303,31,clearances,BEL,2025-2026,datafc_sofascore,2026-08-09T08:07:33.988763
38,77040,Zeno Van Den Bosch,1103765,Royal Antwerp FC,2889,0,1,6.91,0.97,1.34,13,6,15,4,57,6,1,3071,35,clearances,BEL,2025-2026,datafc_sofascore,2026-08-09T08:07:33.988763
38,77040,Lucas Hey,1122698,RSC Anderlecht,2900,0,0,6.83,0.71,0.46,10,1,3,4,25,6,0,2535,32,clearances,BEL,2025-2026,datafc_sofascore,2026-08-09T08:07:33.988763
38,77040,Brandon Mechele,248331,Club Brugge KV,2888,5,2,7.29,3.46,1.49,33,14,22,5,77,4,0,3435,39,clearances,BEL,2025-2026,datafc_sofascore,2026-08-09T08:07:33.988763
38,77040,Bryan Goncalves,775019,FCV Dender,389232,1,2,6.79,1.13,3.58,12,5,38,10,42,5,0,2293,28,clearances,BEL,2025-2026,datafc_sofascore,2026-08-09T08:07:33.988763
38,77040,Kevin Mac Allister,895327,Royale Union Saint-Gilloise,4860,1,1,7.14,3.07,2.44,22,5,13,9,112,11,1,2930,34,clearances,BEL,2025-2026,datafc_sofascore,2026-08-09T08:07:33.988763
38,77040,Maksim Paskotsi,954621,KAA Gent,2903,4,1,6.96,1.28,0.33,15,6,1,1,19,1,0,1813,22,clearances,BEL,2025-2026,datafc_sofascore,2026-08-09T08:07:33.988763
38,77040,Edgaras Utkus,921180,Cercle Brugge,2929,2,0,7.31,1.25,0.36,14,4,1,1,28,2,0,1451,19,clearances,BEL,2025-2026,datafc_sofascore,2026-08-09T08:07:33.988763
38,77040,Wagane Faye,957913,RAAL La Louvière,368506,3,1,6.97,1.68,1.43,16,5,7,4,62,6,0,2304,27,clearances,BEL,2025-2026,datafc_sofascore,2026-08-09T08:07:33.988763
38,77040,David Robert Bates,839675,Standard Liège,2901,1,0,6.89,1.63,0.33,10,4,1,1,18,3,0,1384,18,clearances,BEL,2025-2026,datafc_sofascore,2026-08-09T08:07:33.988763
38,77040,Boubakar Kouyaté,848537,Royal Antwerp FC,2889,1,0,6.9,0.74,0.17,10,3,2,0,37,5,1,1213,24,clearances,BEL,2025-2026,datafc_sofascore,2026-08-09T08:07:33.988763
38,77040,Tommy St Jago,876232,KV Mechelen,5044,0,1,6.72,0.3,0.66,6,0,6,7,62,4,0,2282,28,clearances,BEL,2025-2026,datafc_sofascore,2026-08-09T08:07:33.988763
38,77040,Matties Volckaert,2213526,KAA Gent,2903,0,0,6.82,0.66,1.42,13,1,11,7,21,2,0,2237,26,clearances,BEL,2025-2026,datafc_sofascore,2026-08-09T08:07:33.988763
38,77040,Mory Konate,889927,KV Mechelen,5044,2,1,6.68,1.44,0.37,13,5,7,2,34,7,0,2022,30,clearances,BEL,2025-2026,datafc_sofascore,2026-08-09T08:07:33.988763
38,77040,Takahiro Akimoto,1028340,Oud-Heverlee Leuven,2918,0,0,6.81,0.82,1.74,19,5,15,14,70,4,0,2710,31,clearances,BEL,2025-2026,datafc_sofascore,2026-08-09T08:07:33.988763
38,77040,Noë Dussenne,115569,Oud-Heverlee Leuven,2918,1,0,6.87,1.85,0.68,18,4,11,1,32,6,0,1877,23,clearances,BEL,2025-2026,datafc_sofascore,2026-08-09T08:07:33.988763
38,77040,Djibril Lamego,1170564,RAAL La Louvière,368506,0,0,6.67,0.09,0.53,4,0,4,8,33,2,0,2553,30,clearances,BEL,2025-2026,datafc_sofascore,2026-08-09T08:07:33.988763
38,77040,Marco Kana,964759,RSC Anderlecht,2900,0,0,6.78,0.37,0.82,9,2,6,2,19,5,0,2043,26,clearances,BEL,2025-2026,datafc_sofascore,2026-08-09T08:07:33.988763
38,77040,Anton Tanghe,1005175,SV Zulte Waregem,2933,3,0,7.02,2.43,0.92,5,3,8,1,14,2,0,1664,21,clearances,BEL,2025-2026,datafc_sofascore,2026-08-09T08:07:33.988763
38,77040,Gary Magnee,990265,Cercle Brugge,2929,4,7,6.93,5.4,6.75,31,10,74,20,72,4,0,2889,34,clearances,BEL,2025-2026,datafc_sofascore,2026-08-09T08:07:33.988763
38,77040,Bryan Heynen,801025,KRC Genk,2890,4,1,7.31,4.75,4.68,48,11,49,22,99,5,0,3603,40,clearances,BEL,2025-2026,datafc_sofascore,2026-08-09T08:07:33.988763
38,77040,Joel Ordóñez,1187275,Club Brugge KV,2888,3,0,6.95,1.91,0.92,16,4,6,3,37,4,2,2668,33,clearances,BEL,2025-2026,datafc_sofascore,2026-08-09T08:07:33.988763
38,77040,Bryan Reynolds,862075,KVC Westerlo,2893,2,3,6.77,2.75,4.35,22,8,37,37,53,8,0,3494,39,clearances,BEL,2025-2026,datafc_sofascore,2026-08-09T08:07:33.988763
38,77040,Laurent Lemoine,822698,SV Zulte Waregem,2933,1,0,6.94,0.77,0.53,3,1,3,8,40,3,0,1670,22,clearances,BEL,2025-2026,datafc_sofascore,2026-08-09T08:07:33.988763
38,77040,Emmanuel Kakou,1847412,Cercle Brugge,2929,2,1,6.8,1.44,0.56,21,5,4,7,35,1,1,1737,24,clearances,BEL,2025-2026,datafc_sofascore,2026-08-09T08:07:33.988763
38,77040,José Marsà,962625,KV Mechelen,5044,1,2,6.73,1.7,2.1,15,3,12,9,47,4,0,2594,33,clearances,BEL,2025-2026,datafc_sofascore,2026-08-09T08:07:33.988763
38,77040,Rein Van Helden,1047163,Royal Antwerp FC,2889,2,0,7.02,2.19,1.08,12,4,13,8,52,2,1,2126,29,clearances,BEL,2025-2026,datafc_sofascore,2026-08-09T08:07:33.988763
38,77040,Fredrik Hammar,946959,KV Mechelen,5044,1,1,7.04,1.75,1.64,28,6,18,20,152,10,0,3366,38,clearances,BEL,2025-2026,datafc_sofascore,2026-08-09T08:07:33.988763
38,77040,Kobe Cools,793987,FCV Dender,389232,0,0,7.02,0.85,0.74,12,6,2,2,21,2,0,1331,19,clearances,BEL,2025-2026,datafc_sofascore,2026-08-09T08:07:33.988763
38,77040,Roggerio Nyakossi,1129502,Oud-Heverlee Leuven,2918,4,0,6.84,1.16,0.19,13,5,2,7,29,4,0,2241,27,clearances,BEL,2025-2026,datafc_sofascore,2026-08-09T08:07:33.988763
38,77040,Seiji Kimura,939399,KVC Westerlo,2893,1,0,6.82,0.87,0.23,16,2,3,1,28,1,0,1839,21,clearances,BEL,2025-2026,datafc_sofascore,2026-08-09T08:07:33.988763
38,77040,Rosen Bozhinov,1152943,Royal Antwerp FC,2889,1,0,7.08,0.4,0.39,7,3,5,2,15,1,0,1279,16,clearances,BEL,2025-2026,datafc_sofascore,2026-08-09T08:07:33.988763
38,77040,Ibrahim Karamoko,966263,Standard Liège,2901,1,0,6.76,3.04,0.38,22,7,6,6,35,7,1,2185,31,clearances,BEL,2025-2026,datafc_sofascore,2026-08-09T08:07:33.988763
38,77040,Aleksandar Stanković,1153957,Club Brugge KV,2888,6,2,7.09,4.66,4.09,74,25,33,8,39,4,0,3076,39,clearances,BEL,2025-2026,datafc_sofascore,2026-08-09T08:07:33.988763
38,77040,Fedde Leysen,1088899,Royale Union Saint-Gilloise,4860,1,1,6.98,1.4,0.48,11,4,8,0,41,3,0,1877,27,clearances,BEL,2025-2026,datafc_sofascore,2026-08-09T08:07:33.988763
38,77040,Zakaria El Ouahdi,1134470,KRC Genk,2890,8,4,7.07,4.96,4.37,70,24,49,36,42,4,0,2996,34,clearances,BEL,2025-2026,datafc_sofascore,2026-08-09T08:07:33.988763
38,77040,Joaquin Seys,1395881,Club Brugge KV,2888,2,5,6.81,1.25,3.7,16,4,33,11,56,3,0,2976,39,clearances,BEL,2025-2026,datafc_sofascore,2026-08-09T08:07:33.988763
38,77040,Henry Lawrence,976265,Standard Liège,2901,2,0,6.78,1.98,1.48,11,3,6,18,36,5,0,2433,30,clearances,BEL,2025-2026,datafc_sofascore,2026-08-09T08:07:33.988763
38,77040,Luc De Fougerolles,1413129,FCV Dender,389232,0,1,6.74,0.48,0.48,5,0,8,7,39,5,2,1717,28,clearances,BEL,2025-2026,datafc_sofascore,2026-08-09T08:07:33.988763
38,77040,Daan Dierckx,1099368,Standard Liège,2901,0,0,6.86,1.26,0.38,13,4,2,1,17,2,0,1321,20,clearances,BEL,2025-2026,datafc_sofascore,2026-08-09T08:07:33.988763
38,77040,Daiki Hashioka,897334,KAA Gent,2903,0,0,6.69,0.58,1.25,7,1,6,2,15,1,0,1386,17,clearances,BEL,2025-2026,datafc_sofascore,2026-08-09T08:07:33.988763
38,77040,Tiago Araújo,997024,KAA Gent,2903,1,4,6.94,0.83,6.33,21,4,57,20,39,9,0,2820,35,clearances,BEL,2025-2026,datafc_sofascore,2026-08-09T08:07:33.988763
38,77040,Leonardo Lopes,783478,KAA Gent,2903,1,1,6.84,2.1,1.39,18,2,13,15,37,3,0,2464,37,clearances,BEL,2025-2026,datafc_sofascore,2026-08-09T08:07:33.988763
38,77040,Ludwig Augustinsson,138546,RSC Anderlecht,2900,0,3,6.89,1.0,3.93,21,3,29,2,44,4,0,2082,27,clearances,BEL,2025-2026,datafc_sofascore,2026-08-09T08:07:33.988763
38,77040,Amando Lapage,1396102,KVC Westerlo,2893,0,0,7.1,0.13,0.51,8,2,4,3,15,3,0,1272,16,clearances,BEL,2025-2026,datafc_sofascore,2026-08-09T08:07:33.988763
38,77040,Tobias Mohr,237048,Standard Liège,2901,2,2,6.91,1.09,5.42,25,5,44,20,50,5,0,2310,38,clearances,BEL,2025-2026,datafc_sofascore,2026-08-09T08:07:33.988763
38,77040,Anan Khalaili,1403362,Royale Union Saint-Gilloise,4860,3,5,7.22,3.34,7.52,38,13,62,49,69,7,0,3099,38,clearances,BEL,2025-2026,datafc_sofascore,2026-08-09T08:07:33.988763
38,77040,Mardochee Nzita,990726,RC Sporting Charleroi,2898,0,2,6.77,1.02,3.04,12,3,21,18,65,3,1,3007,38,clearances,BEL,2025-2026,datafc_sofascore,2026-08-09T08:07:33.988763
38,77040,Nathan Rodes,882003,FCV Dender,389232,0,0,6.62,1.14,0.92,23,4,8,5,51,1,0,2178,35,clearances,BEL,2025-2026,datafc_sofascore,2026-08-09T08:07:33.988763
38,77040,Roman Neustädter,38471,KVC Westerlo,2893,0,0,6.85,0.33,0.58,5,1,4,0,14,3,0,1392,18,clearances,BEL,2025-2026,datafc_sofascore,2026-08-09T08:07:33.988763
38,77040,Joris Kayembe,354046,KRC Genk,2890,0,1,6.96,0.47,1.64,13,2,20,27,48,5,0,2111,28,clearances,BEL,2025-2026,datafc_sofascore,2026-08-09T08:07:33.988763
38,77040,Thibo Somers,1002804,Royal Antwerp FC,2889,4,2,6.88,5.33,4.11,36,16,27,3,74,3,0,2434,32,clearances,BEL,2025-2026,datafc_sofascore,2026-08-09T08:07:33.988763
38,77040,Abdoulaye Sissako,846330,Sint-Truidense VV,2895,2,3,6.82,2.74,1.22,30,4,15,41,91,5,0,3349,40,clearances,BEL,2025-2026,datafc_sofascore,2026-08-09T08:07:33.988763
38,77040,Nazinho,1006113,Cercle Brugge,2929,3,7,7.07,0.91,7.69,27,8,59,24,73,13,0,2554,30,clearances,BEL,2025-2026,datafc_sofascore,2026-08-09T08:07:33.988763
38,77040,Hannes Van Der Bruggen,94290,Cercle Brugge,2929,0,1,6.96,1.32,1.83,28,4,15,5,73,7,0,2569,32,clearances,BEL,2025-2026,datafc_sofascore,2026-08-09T08:07:33.988763
38,77040,Gora Diouf,1407164,KV Mechelen,5044,1,1,6.78,0.59,0.28,6,1,4,8,22,5,1,951,18,clearances,BEL,2025-2026,datafc_sofascore,2026-08-09T08:07:33.988763
38,77040,Jean-Kévin Duverne,845930,KAA Gent,2903,1,1,6.63,1.66,0.88,4,3,4,3,25,5,0,1174,22,clearances,BEL,2025-2026,datafc_sofascore,2026-08-09T08:07:33.988763
38,77040,Etienne Camara,1097542,RC Sporting Charleroi,2898,2,3,6.83,1.19,1.37,20,7,20,19,94,11,1,3034,38,clearances,BEL,2025-2026,datafc_sofascore,2026-08-09T08:07:33.988763
38,77040,Lukas Willen,1145065,SV Zulte Waregem,2933,0,1,6.7,0.18,1.33,4,0,9,6,29,3,0,1447,20,clearances,BEL,2025-2026,datafc_sofascore,2026-08-09T08:07:33.988763
38,77040,Killian Sardella,909964,RSC Anderlecht,2900,0,1,6.66,1.39,1.45,23,6,19,14,33,3,1,2064,32,clearances,BEL,2025-2026,datafc_sofascore,2026-08-09T08:07:33.988763
38,77040,Dennis Praet,135647,Royal Antwerp FC,2889,0,0,6.92,0.62,2.25,16,3,26,10,64,3,1,2525,31,clearances,BEL,2025-2026,datafc_sofascore,2026-08-09T08:07:33.988763
38,77040,Fabio Ferraro,1145225,FCV Dender,389232,1,3,6.62,2.28,3.94,30,12,41,31,53,5,0,2531,29,clearances,BEL,2025-2026,datafc_sofascore,2026-08-09T08:07:33.988763
38,77040,Daam Foulon,826170,Royal Antwerp FC,2889,0,4,6.78,0.68,3.5,13,4,33,10,56,5,2,2290,33,clearances,BEL,2025-2026,datafc_sofascore,2026-08-09T08:07:33.988763
38,77040,Taiga Hata,1002356,Sint-Truidense VV,2895,1,3,6.66,1.79,2.66,6,3,19,10,44,0,0,2444,32,clearances,BEL,2025-2026,datafc_sofascore,2026-08-09T08:07:33.988763
38,77040,Yannick Cappelle,1506998,SV Zulte Waregem,2933,1,1,6.81,0.92,1.3,8,1,17,19,53,2,0,2030,30,clearances,BEL,2025-2026,datafc_sofascore,2026-08-09T08:07:33.988763
38,77040,Takuma Ominami,832976,Oud-Heverlee Leuven,2918,0,1,6.7,1.07,0.44,9,1,4,4,32,3,0,1706,22,clearances,BEL,2025-2026,datafc_sofascore,2026-08-09T08:07:33.988763
38,77040,Jordi Liongola,1009413,RAAL La Louvière,368506,2,6,6.93,3.28,4.29,29,6,40,27,57,10,0,2618,31,clearances,BEL,2025-2026,datafc_sofascore,2026-08-09T08:07:33.988763
38,77040,Robert-Jan Vanwesemael,1047164,Sint-Truidense VV,2895,1,1,6.75,1.87,4.8,33,8,36,30,70,11,0,3077,37,clearances,BEL,2025-2026,datafc_sofascore,2026-08-09T08:07:33.988763
38,77040,Geoffrey Kondo,1397885,Cercle Brugge,2929,1,1,7.08,0.63,1.11,9,2,3,5,16,0,0,900,10,clearances,BEL,2025-2026,datafc_sofascore,2026-08-09T08:07:33.988763
38,77040,Pieter Gerkens,190401,Cercle Brugge,2929,6,1,6.85,5.58,3.44,41,16,40,7,38,1,0,2840,35,clearances,BEL,2025-2026,datafc_sofascore,2026-08-09T08:07:33.988763
38,77040,Mihajlo Ilić,1193085,RSC Anderlecht,2900,0,0,6.84,0.17,0.19,4,1,3,0,10,4,0,769,10,clearances,BEL,2025-2026,datafc_sofascore,2026-08-09T08:07:33.988763
38,77040,Marlon Fossey,880762,Standard Liège,2901,1,2,6.91,0.72,1.82,9,4,11,9,18,2,1,1469,20,clearances,BEL,2025-2026,datafc_sofascore,2026-08-09T08:07:33.988763
38,77040,Malcolm Viltard,1092285,FCV Dender,389232,1,1,6.88,0.41,2.6,15,4,27,17,70,6,1,2721,36,clearances,BEL,2025-2026,datafc_sofascore,2026-08-09T08:07:33.988763
38,77040,Kevin Van Den Kerkhof,1130602,RC Sporting Charleroi,2898,3,4,6.78,3.1,2.9,35,11,35,27,56,5,1,2117,30,clearances,BEL,2025-2026,datafc_sofascore,2026-08-09T08:07:33.988763
38,77040,Junior Marsoni Sambu Mansoni​,874855,FCV Dender,389232,0,4,6.61,0.7,1.62,12,3,20,29,63,7,0,2193,31,clearances,BEL,2025-2026,datafc_sofascore,2026-08-09T08:07:33.988763
38,77040,Tuur Rommens,1130011,KVC Westerlo,2893,0,1,6.79,0.85,1.48,8,2,20,19,33,2,0,1223,15,clearances,BEL,2025-2026,datafc_sofascore,2026-08-09T08:07:33.988763
38,77040,Rihito Yamamoto,1030211,Sint-Truidense VV,2895,5,6,7.08,5.87,6.27,51,16,62,21,75,6,0,3290,38,clearances,BEL,2025-2026,datafc_sofascore,2026-08-09T08:07:33.988763
38,77040,Michał Skóraś,942479,KAA Gent,2903,2,7,7.06,3.87,6.79,43,10,65,37,49,6,1,2697,34,clearances,BEL,2025-2026,datafc_sofascore,2026-08-09T08:07:33.988763
38,77040,Thérence Koudou,1392080,KV Mechelen,5044,5,2,6.85,1.64,4.81,25,8,35,38,31,5,0,3060,37,clearances,BEL,2025-2026,datafc_sofascore,2026-08-09T08:07:33.988763
38,77040,Loïc Mbe Soh,904992,Sint-Truidense VV,2895,2,0,7.18,1.47,0.27,5,2,1,1,12,1,0,921,14,clearances,BEL,2025-2026,datafc_sofascore,2026-08-09T08:07:33.988763
38,77040,Doğucan Haspolat,846087,KVC Westerlo,2893,1,4,7.18,2.52,7.83,46,10,86,19,82,7,0,3395,38,clearances,BEL,2025-2026,datafc_sofascore,2026-08-09T08:07:33.988763
38,77040,Matte Smets,1392905,KRC Genk,2890,0,1,7.15,0.75,2.2,15,0,17,5,70,4,0,3509,39,clearances,BEL,2025-2026,datafc_sofascore,2026-08-09T08:07:33.988763
38,77040,Christian Burgess,303634,Royale Union Saint-Gilloise,4860,2,3,7.31,1.63,1.37,23,8,13,1,53,13,1,3147,35,clearances,BEL,2025-2026,datafc_sofascore,2026-08-09T08:07:33.988763
38,77040,Emin Bayram,997153,KVC Westerlo,2893,4,2,7.06,4.39,2.88,41,13,20,15,44,4,2,3322,38,clearances,BEL,2025-2026,datafc_sofascore,2026-08-09T08:07:33.988763
38,77040,Yllan Okou,1167514,RAAL La Louvière,368506,1,0,6.96,0.73,1.05,11,3,12,2,36,6,0,2731,33,clearances,BEL,2025-2026,datafc_sofascore,2026-08-09T08:07:33.988763
38,77040,Shogo Taniguchi,386958,Sint-Truidense VV,2895,1,1,7.07,1.07,1.31,14,2,10,2,43,4,0,2963,38,clearances,BEL,2025-2026,datafc_sofascore,2026-08-09T08:07:33.988763
38,77040,Aiham Ousou,965265,RC Sporting Charleroi,2898,2,1,6.95,3.22,1.58,34,10,11,5,53,12,1,3395,39,clearances,BEL,2025-2026,datafc_sofascore,2026-08-09T08:07:33.988763
38,77040,Ibe Hautekiet,964757,Standard Liège,2901,2,0,6.87,2.36,0.69,17,5,11,1,59,3,0,2954,36,clearances,BEL,2025-2026,datafc_sofascore,2026-08-09T08:07:33.988763
38,77040,Ewoud Pletinckx,949101,Oud-Heverlee Leuven,2918,3,0,6.74,2.91,1.14,35,12,14,6,55,4,0,3538,40,clearances,BEL,2025-2026,datafc_sofascore,2026-08-09T08:07:33.988763
38,77040,Redouane Halhal,1143667,KV Mechelen,5044,1,2,6.82,0.94,1.04,12,4,7,4,50,10,0,2849,33,clearances,BEL,2025-2026,datafc_sofascore,2026-08-09T08:07:33.988763
38,77040,Cheick Keita,1407973,RC Sporting Charleroi,2898,3,0,6.69,2.36,0.27,18,5,1,5,43,5,0,3440,40,clearances,BEL,2025-2026,datafc_sofascore,2026-08-09T08:07:33.988763
38,77040,Yuto Tsunashima,1470622,Royal Antwerp FC,2889,1,0,6.84,2.15,0.47,12,4,7,6,53,6,0,2740,34,clearances,BEL,2025-2026,datafc_sofascore,2026-08-09T08:07:33.988763
38,77040,Luc Marijnissen,1086107,FCV Dender,389232,1,0,6.73,1.59,1.25,16,6,11,13,84,7,0,3225,37,clearances,BEL,2025-2026,datafc_sofascore,2026-08-09T08:07:33.988763
38,77040,Josué Homawoo,976070,Standard Liège,2901,0,1,6.91,0.5,0.41,6,0,5,3,46,2,1,2198,30,clearances,BEL,2025-2026,datafc_sofascore,2026-08-09T08:07:33.988763
38,77040,Visar Musliu,134231,Sint-Truidense VV,2895,0,0,7.12,1.16,0.58,17,3,4,6,39,4,0,2519,30,clearances,BEL,2025-2026,datafc_sofascore,2026-08-09T08:07:33.988763
38,77040,Jakob Kiilerich,887822,SV Zulte Waregem,2933,0,0,6.74,0.77,0.82,9,2,4,3,27,3,1,2291,29,clearances,BEL,2025-2026,datafc_sofascore,2026-08-09T08:07:33.988763
38,77040,Mujaid Sadick,935309,KRC Genk,2890,2,0,6.83,2.1,0.55,7,3,1,4,76,4,1,3014,36,clearances,BEL,2025-2026,datafc_sofascore,2026-08-09T08:07:33.988763
38,77040,Siebe Van Der Heyden,842164,KAA Gent,2903,2,1,6.74,1.64,1.37,25,8,9,3,54,11,0,3075,36,clearances,BEL,2025-2026,datafc_sofascore,2026-08-09T08:07:33.988763
38,77040,Ross Sykes,845558,Royale Union Saint-Gilloise,4860,5,0,7.28,3.78,2.34,56,25,21,6,40,9,0,2629,32,clearances,BEL,2025-2026,datafc_sofascore,2026-08-09T08:07:33.988763
38,77040,Christiaan Ravych,1191212,Cercle Brugge,2929,0,0,6.94,1.38,0.44,8,2,5,6,49,2,0,2243,27,clearances,BEL,2025-2026,datafc_sofascore,2026-08-09T08:07:33.988763
38,77040,Maxence Maisonneuve,1396487,RAAL La Louvière,368506,0,1,6.62,1.59,0.74,24,5,9,9,31,3,0,2303,31,clearances,BEL,2025-2026,datafc_sofascore,2026-08-09T08:07:33.988763
38,77040,Zeno Van Den Bosch,1103765,Royal Antwerp FC,2889,0,1,6.91,0.97,1.34,13,6,15,4,57,6,1,3071,35,clearances,BEL,2025-2026,datafc_sofascore,2026-08-09T08:07:33.988763
38,77040,Lucas Hey,1122698,RSC Anderlecht,2900,0,0,6.83,0.71,0.46,10,1,3,4,25,6,0,2535,32,clearances,BEL,2025-2026,datafc_sofascore,2026-08-09T08:07:33.988763
38,77040,Brandon Mechele,248331,Club Brugge KV,2888,5,2,7.29,3.46,1.49,33,14,22,5,77,4,0,3435,39,clearances,BEL,2025-2026,datafc_sofascore,2026-08-09T08:07:33.988763
38,77040,Bryan Goncalves,775019,FCV Dender,389232,1,2,6.79,1.13,3.58,12,5,38,10,42,5,0,2293,28,clearances,BEL,2025-2026,datafc_sofascore,2026-08-09T08:07:33.988763
38,77040,Kevin Mac Allister,895327,Royale Union Saint-Gilloise,4860,1,1,7.14,3.07,2.44,22,5,13,9,112,11,1,2930,34,clearances,BEL,2025-2026,datafc_sofascore,2026-08-09T08:07:33.988763
38,77040,Maksim Paskotsi,954621,KAA Gent,2903,4,1,6.96,1.28,0.33,15,6,1,1,19,1,0,1813,22,clearances,BEL,2025-2026,datafc_sofascore,2026-08-09T08:07:33.988763
38,77040,Edgaras Utkus,921180,Cercle Brugge,2929,2,0,7.31,1.25,0.36,14,4,1,1,28,2,0,1451,19,clearances,BEL,2025-2026,datafc_sofascore,2026-08-09T08:07:33.988763
38,77040,Wagane Faye,957913,RAAL La Louvière,368506,3,1,6.97,1.68,1.43,16,5,7,4,62,6,0,2304,27,clearances,BEL,2025-2026,datafc_sofascore,2026-08-09T08:07:33.988763
38,77040,David Robert Bates,839675,Standard Liège,2901,1,0,6.89,1.63,0.33,10,4,1,1,18,3,0,1384,18,clearances,BEL,2025-2026,datafc_sofascore,2026-08-09T08:07:33.988763
38,77040,Boubakar Kouyaté,848537,Royal Antwerp FC,2889,1,0,6.9,0.74,0.17,10,3,2,0,37,5,1,1213,24,clearances,BEL,2025-2026,datafc_sofascore,2026-08-09T08:07:33.988763
38,77040,Tommy St Jago,876232,KV Mechelen,5044,0,1,6.72,0.3,0.66,6,0,6,7,62,4,0,2282,28,clearances,BEL,2025-2026,datafc_sofascore,2026-08-09T08:07:33.988763
38,77040,Matties Volckaert,2213526,KAA Gent,2903,0,0,6.82,0.66,1.42,13,1,11,7,21,2,0,2237,26,clearances,BEL,2025-2026,datafc_sofascore,2026-08-09T08:07:33.988763
38,77040,Mory Konate,889927,KV Mechelen,5044,2,1,6.68,1.44,0.37,13,5,7,2,34,7,0,2022,30,clearances,BEL,2025-2026,datafc_sofascore,2026-08-09T08:07:33.988763
38,77040,Takahiro Akimoto,1028340,Oud-Heverlee Leuven,2918,0,0,6.81,0.82,1.74,19,5,15,14,70,4,0,2710,31,clearances,BEL,2025-2026,datafc_sofascore,2026-08-09T08:07:33.988763
38,77040,Noë Dussenne,115569,Oud-Heverlee Leuven,2918,1,0,6.87,1.85,0.68,18,4,11,1,32,6,0,1877,23,clearances,BEL,2025-2026,datafc_sofascore,2026-08-09T08:07:33.988763
38,77040,Djibril Lamego,1170564,RAAL La Louvière,368506,0,0,6.67,0.09,0.53,4,0,4,8,33,2,0,2553,30,clearances,BEL,2025-2026,datafc_sofascore,2026-08-09T08:07:33.988763
38,77040,Marco Kana,964759,RSC Anderlecht,2900,0,0,6.78,0.37,0.82,9,2,6,2,19,5,0,2043,26,clearances,BEL,2025-2026,datafc_sofascore,2026-08-09T08:07:33.988763
38,77040,Anton Tanghe,1005175,SV Zulte Waregem,2933,3,0,7.02,2.43,0.92,5,3,8,1,14,2,0,1664,21,clearances,BEL,2025-2026,datafc_sofascore,2026-08-09T08:07:33.988763
38,77040,Gary Magnee,990265,Cercle Brugge,2929,4,7,6.93,5.4,6.75,31,10,74,20,72,4,0,2889,34,clearances,BEL,2025-2026,datafc_sofascore,2026-08-09T08:07:33.988763
38,77040,Bryan Heynen,801025,KRC Genk,2890,4,1,7.31,4.75,4.68,48,11,49,22,99,5,0,3603,40,clearances,BEL,2025-2026,datafc_sofascore,2026-08-09T08:07:33.988763
38,77040,Joel Ordóñez,1187275,Club Brugge KV,2888,3,0,6.95,1.91,0.92,16,4,6,3,37,4,2,2668,33,clearances,BEL,2025-2026,datafc_sofascore,2026-08-09T08:07:33.988763
38,77040,Bryan Reynolds,862075,KVC Westerlo,2893,2,3,6.77,2.75,4.35,22,8,37,37,53,8,0,3494,39,clearances,BEL,2025-2026,datafc_sofascore,2026-08-09T08:07:33.988763
38,77040,Laurent Lemoine,822698,SV Zulte Waregem,2933,1,0,6.94,0.77,0.53,3,1,3,8,40,3,0,1670,22,clearances,BEL,2025-2026,datafc_sofascore,2026-08-09T08:07:33.988763
38,77040,Emmanuel Kakou,1847412,Cercle Brugge,2929,2,1,6.8,1.44,0.56,21,5,4,7,35,1,1,1737,24,clearances,BEL,2025-2026,datafc_sofascore,2026-08-09T08:07:33.988763
38,77040,José Marsà,962625,KV Mechelen,5044,1,2,6.73,1.7,2.1,15,3,12,9,47,4,0,2594,33,clearances,BEL,2025-2026,datafc_sofascore,2026-08-09T08:07:33.988763
38,77040,Rein Van Helden,1047163,Royal Antwerp FC,2889,2,0,7.02,2.19,1.08,12,4,13,8,52,2,1,2126,29,clearances,BEL,2025-2026,datafc_sofascore,2026-08-09T08:07:33.988763
38,77040,Fredrik Hammar,946959,KV Mechelen,5044,1,1,7.04,1.75,1.64,28,6,18,20,152,10,0,3366,38,clearances,BEL,2025-2026,datafc_sofascore,2026-08-09T08:07:33.988763
38,77040,Kobe Cools,793987,FCV Dender,389232,0,0,7.02,0.85,0.74,12,6,2,2,21,2,0,1331,19,clearances,BEL,2025-2026,datafc_sofascore,2026-08-09T08:07:33.988763
38,77040,Roggerio Nyakossi,1129502,Oud-Heverlee Leuven,2918,4,0,6.84,1.16,0.19,13,5,2,7,29,4,0,2241,27,clearances,BEL,2025-2026,datafc_sofascore,2026-08-09T08:07:33.988763
38,77040,Seiji Kimura,939399,KVC Westerlo,2893,1,0,6.82,0.87,0.23,16,2,3,1,28,1,0,1839,21,clearances,BEL,2025-2026,datafc_sofascore,2026-08-09T08:07:33.988763
38,77040,Rosen Bozhinov,1152943,Royal Antwerp FC,2889,1,0,7.08,0.4,0.39,7,3,5,2,15,1,0,1279,16,clearances,BEL,2025-2026,datafc_sofascore,2026-08-09T08:07:33.988763
38,77040,Ibrahim Karamoko,966263,Standard Liège,2901,1,0,6.76,3.04,0.38,22,7,6,6,35,7,1,2185,31,clearances,BEL,2025-2026,datafc_sofascore,2026-08-09T08:07:33.988763
38,77040,Aleksandar Stanković,1153957,Club Brugge KV,2888,6,2,7.09,4.66,4.09,74,25,33,8,39,4,0,3076,39,clearances,BEL,2025-2026,datafc_sofascore,2026-08-09T08:07:33.988763
38,77040,Fedde Leysen,1088899,Royale Union Saint-Gilloise,4860,1,1,6.98,1.4,0.48,11,4,8,0,41,3,0,1877,27,clearances,BEL,2025-2026,datafc_sofascore,2026-08-09T08:07:33.988763
38,77040,Zakaria El Ouahdi,1134470,KRC Genk,2890,8,4,7.07,4.96,4.37,70,24,49,36,42,4,0,2996,34,clearances,BEL,2025-2026,datafc_sofascore,2026-08-09T08:07:33.988763
38,77040,Joaquin Seys,1395881,Club Brugge KV,2888,2,5,6.81,1.25,3.7,16,4,33,11,56,3,0,2976,39,clearances,BEL,2025-2026,datafc_sofascore,2026-08-09T08:07:33.988763
38,77040,Henry Lawrence,976265,Standard Liège,2901,2,0,6.78,1.98,1.48,11,3,6,18,36,5,0,2433,30,clearances,BEL,2025-2026,datafc_sofascore,2026-08-09T08:07:33.988763
38,77040,Luc De Fougerolles,1413129,FCV Dender,389232,0,1,6.74,0.48,0.48,5,0,8,7,39,5,2,1717,28,clearances,BEL,2025-2026,datafc_sofascore,2026-08-09T08:07:33.988763
38,77040,Daan Dierckx,1099368,Standard Liège,2901,0,0,6.86,1.26,0.38,13,4,2,1,17,2,0,1321,20,clearances,BEL,2025-2026,datafc_sofascore,2026-08-09T08:07:33.988763
38,77040,Daiki Hashioka,897334,KAA Gent,2903,0,0,6.69,0.58,1.25,7,1,6,2,15,1,0,1386,17,clearances,BEL,2025-2026,datafc_sofascore,2026-08-09T08:07:33.988763
38,77040,Tiago Araújo,997024,KAA Gent,2903,1,4,6.94,0.83,6.33,21,4,57,20,39,9,0,2820,35,clearances,BEL,2025-2026,datafc_sofascore,2026-08-09T08:07:33.988763
38,77040,Leonardo Lopes,783478,KAA Gent,2903,1,1,6.84,2.1,1.39,18,2,13,15,37,3,0,2464,37,clearances,BEL,2025-2026,datafc_sofascore,2026-08-09T08:07:33.988763
38,77040,Ludwig Augustinsson,138546,RSC Anderlecht,2900,0,3,6.89,1.0,3.93,21,3,29,2,44,4,0,2082,27,clearances,BEL,2025-2026,datafc_sofascore,2026-08-09T08:07:33.988763
38,77040,Amando Lapage,1396102,KVC Westerlo,2893,0,0,7.1,0.13,0.51,8,2,4,3,15,3,0,1272,16,clearances,BEL,2025-2026,datafc_sofascore,2026-08-09T08:07:33.988763
38,77040,Tobias Mohr,237048,Standard Liège,2901,2,2,6.91,1.09,5.42,25,5,44,20,50,5,0,2310,38,clearances,BEL,2025-2026,datafc_sofascore,2026-08-09T08:07:33.988763
38,77040,Anan Khalaili,1403362,Royale Union Saint-Gilloise,4860,3,5,7.22,3.34,7.52,38,13,62,49,69,7,0,3099,38,clearances,BEL,2025-2026,datafc_sofascore,2026-08-09T08:07:33.988763
38,77040,Mardochee Nzita,990726,RC Sporting Charleroi,2898,0,2,6.77,1.02,3.04,12,3,21,18,65,3,1,3007,38,clearances,BEL,2025-2026,datafc_sofascore,2026-08-09T08:07:33.988763
38,77040,Nathan Rodes,882003,FCV Dender,389232,0,0,6.62,1.14,0.92,23,4,8,5,51,1,0,2178,35,clearances,BEL,2025-2026,datafc_sofascore,2026-08-09T08:07:33.988763
38,77040,Roman Neustädter,38471,KVC Westerlo,2893,0,0,6.85,0.33,0.58,5,1,4,0,14,3,0,1392,18,clearances,BEL,2025-2026,datafc_sofascore,2026-08-09T08:07:33.988763
38,77040,Joris Kayembe,354046,KRC Genk,2890,0,1,6.96,0.47,1.64,13,2,20,27,48,5,0,2111,28,clearances,BEL,2025-2026,datafc_sofascore,2026-08-09T08:07:33.988763
38,77040,Thibo Somers,1002804,Royal Antwerp FC,2889,4,2,6.88,5.33,4.11,36,16,27,3,74,3,0,2434,32,clearances,BEL,2025-2026,datafc_sofascore,2026-08-09T08:07:33.988763
38,77040,Abdoulaye Sissako,846330,Sint-Truidense VV,2895,2,3,6.82,2.74,1.22,30,4,15,41,91,5,0,3349,40,clearances,BEL,2025-2026,datafc_sofascore,2026-08-09T08:07:33.988763
38,77040,Nazinho,1006113,Cercle Brugge,2929,3,7,7.07,0.91,7.69,27,8,59,24,73,13,0,2554,30,clearances,BEL,2025-2026,datafc_sofascore,2026-08-09T08:07:33.988763
38,77040,Hannes Van Der Bruggen,94290,Cercle Brugge,2929,0,1,6.96,1.32,1.83,28,4,15,5,73,7,0,2569,32,clearances,BEL,2025-2026,datafc_sofascore,2026-08-09T08:07:33.988763
38,77040,Gora Diouf,1407164,KV Mechelen,5044,1,1,6.78,0.59,0.28,6,1,4,8,22,5,1,951,18,clearances,BEL,2025-2026,datafc_sofascore,2026-08-09T08:07:33.988763
38,77040,Jean-Kévin Duverne,845930,KAA Gent,2903,1,1,6.63,1.66,0.88,4,3,4,3,25,5,0,1174,22,clearances,BEL,2025-2026,datafc_sofascore,2026-08-09T08:07:33.988763
38,77040,Etienne Camara,1097542,RC Sporting Charleroi,2898,2,3,6.83,1.19,1.37,20,7,20,19,94,11,1,3034,38,clearances,BEL,2025-2026,datafc_sofascore,2026-08-09T08:07:33.988763
38,77040,Lukas Willen,1145065,SV Zulte Waregem,2933,0,1,6.7,0.18,1.33,4,0,9,6,29,3,0,1447,20,clearances,BEL,2025-2026,datafc_sofascore,2026-08-09T08:07:33.988763
38,77040,Killian Sardella,909964,RSC Anderlecht,2900,0,1,6.66,1.39,1.45,23,6,19,14,33,3,1,2064,32,clearances,BEL,2025-2026,datafc_sofascore,2026-08-09T08:07:33.988763
38,77040,Dennis Praet,135647,Royal Antwerp FC,2889,0,0,6.92,0.62,2.25,16,3,26,10,64,3,1,2525,31,clearances,BEL,2025-2026,datafc_sofascore,2026-08-09T08:07:33.988763
38,77040,Fabio Ferraro,1145225,FCV Dender,389232,1,3,6.62,2.28,3.94,30,12,41,31,53,5,0,2531,29,clearances,BEL,2025-2026,datafc_sofascore,2026-08-09T08:07:33.988763
38,77040,Daam Foulon,826170,Royal Antwerp FC,2889,0,4,6.78,0.68,3.5,13,4,33,10,56,5,2,2290,33,clearances,BEL,2025-2026,datafc_sofascore,2026-08-09T08:07:33.988763
38,77040,Taiga Hata,1002356,Sint-Truidense VV,2895,1,3,6.66,1.79,2.66,6,3,19,10,44,0,0,2444,32,clearances,BEL,2025-2026,datafc_sofascore,2026-08-09T08:07:33.988763
38,77040,Yannick Cappelle,1506998,SV Zulte Waregem,2933,1,1,6.81,0.92,1.3,8,1,17,19,53,2,0,2030,30,clearances,BEL,2025-2026,datafc_sofascore,2026-08-09T08:07:33.988763
38,77040,Takuma Ominami,832976,Oud-Heverlee Leuven,2918,0,1,6.7,1.07,0.44,9,1,4,4,32,3,0,1706,22,clearances,BEL,2025-2026,datafc_sofascore,2026-08-09T08:07:33.988763
38,77040,Jordi Liongola,1009413,RAAL La Louvière,368506,2,6,6.93,3.28,4.29,29,6,40,27,57,10,0,2618,31,clearances,BEL,2025-2026,datafc_sofascore,2026-08-09T08:07:33.988763
38,77040,Robert-Jan Vanwesemael,1047164,Sint-Truidense VV,2895,1,1,6.75,1.87,4.8,33,8,36,30,70,11,0,3077,37,clearances,BEL,2025-2026,datafc_sofascore,2026-08-09T08:07:33.988763
38,77040,Geoffrey Kondo,1397885,Cercle Brugge,2929,1,1,7.08,0.63,1.11,9,2,3,5,16,0,0,900,10,clearances,BEL,2025-2026,datafc_sofascore,2026-08-09T08:07:33.988763
38,77040,Pieter Gerkens,190401,Cercle Brugge,2929,6,1,6.85,5.58,3.44,41,16,40,7,38,1,0,2840,35,clearances,BEL,2025-2026,datafc_sofascore,2026-08-09T08:07:33.988763
38,77040,Mihajlo Ilić,1193085,RSC Anderlecht,2900,0,0,6.84,0.17,0.19,4,1,3,0,10,4,0,769,10,clearances,BEL,2025-2026,datafc_sofascore,2026-08-09T08:07:33.988763
38,77040,Marlon Fossey,880762,Standard Liège,2901,1,2,6.91,0.72,1.82,9,4,11,9,18,2,1,1469,20,clearances,BEL,2025-2026,datafc_sofascore,2026-08-09T08:07:33.988763
38,77040,Malcolm Viltard,1092285,FCV Dender,389232,1,1,6.88,0.41,2.6,15,4,27,17,70,6,1,2721,36,clearances,BEL,2025-2026,datafc_sofascore,2026-08-09T08:07:33.988763
38,77040,Kevin Van Den Kerkhof,1130602,RC Sporting Charleroi,2898,3,4,6.78,3.1,2.9,35,11,35,27,56,5,1,2117,30,clearances,BEL,2025-2026,datafc_sofascore,2026-08-09T08:07:33.988763
38,77040,Junior Marsoni Sambu Mansoni​,874855,FCV Dender,389232,0,4,6.61,0.7,1.62,12,3,20,29,63,7,0,2193,31,clearances,BEL,2025-2026,datafc_sofascore,2026-08-09T08:07:33.988763
38,77040,Tuur Rommens,1130011,KVC Westerlo,2893,0,1,6.79,0.85,1.48,8,2,20,19,33,2,0,1223,15,clearances,BEL,2025-2026,datafc_sofascore,2026-08-09T08:07:33.988763
38,77040,Rihito Yamamoto,1030211,Sint-Truidense VV,2895,5,6,7.08,5.87,6.27,51,16,62,21,75,6,0,3290,38,clearances,BEL,2025-2026,datafc_sofascore,2026-08-09T08:07:33.988763
38,77040,Michał Skóraś,942479,KAA Gent,2903,2,7,7.06,3.87,6.79,43,10,65,37,49,6,1,2697,34,clearances,BEL,2025-2026,datafc_sofascore,2026-08-09T08:07:33.988763
38,77040,Thérence Koudou,1392080,KV Mechelen,5044,5,2,6.85,1.64,4.81,25,8,35,38,31,5,0,3060,37,clearances,BEL,2025-2026,datafc_sofascore,2026-08-09T08:07:33.988763
38,77040,Loïc Mbe Soh,904992,Sint-Truidense VV,2895,2,0,7.18,1.47,0.27,5,2,1,1,12,1,0,921,14,clearances,BEL,2025-2026,datafc_sofascore,2026-08-09T08:07:33.988763
38,77040,Doğucan Haspolat,846087,KVC Westerlo,2893,1,4,7.18,2.52,7.83,46,10,86,19,82,7,0,3395,38,clearances,BEL,2025-2026,datafc_sofascore,2026-08-09T08:07:33.988763
38,77040,Gary Magnee,990265,Cercle Brugge,2929,4,7,6.93,5.4,6.75,31,10,74,20,72,4,0,2889,34,possessionLost,BEL,2025-2026,datafc_sofascore,2026-08-09T08:07:33.988763
38,77040,Tiago Araújo,997024,KAA Gent,2903,1,4,6.94,0.83,6.33,21,4,57,20,39,9,0,2820,35,possessionLost,BEL,2025-2026,datafc_sofascore,2026-08-09T08:07:33.988763
38,77040,Christos Tzolis,1031259,Club Brugge KV,2888,17,23,7.71,17.4,15.94,123,44,135,40,29,6,0,3072,36,possessionLost,BEL,2025-2026,datafc_sofascore,2026-08-09T08:07:33.988763
38,77040,Mardochee Nzita,990726,RC Sporting Charleroi,2898,0,2,6.77,1.02,3.04,12,3,21,18,65,3,1,3007,38,possessionLost,BEL,2025-2026,datafc_sofascore,2026-08-09T08:07:33.988763
38,77040,Anosike Ementa,1094132,SV Zulte Waregem,2933,4,8,6.9,7.37,3.77,41,18,61,40,20,5,0,2616,32,possessionLost,BEL,2025-2026,datafc_sofascore,2026-08-09T08:07:33.988763
38,77040,Thérence Koudou,1392080,KV Mechelen,5044,5,2,6.85,1.64,4.81,25,8,35,38,31,5,0,3060,37,possessionLost,BEL,2025-2026,datafc_sofascore,2026-08-09T08:07:33.988763
38,77040,Doğucan Haspolat,846087,KVC Westerlo,2893,1,4,7.18,2.52,7.83,46,10,86,19,82,7,0,3395,38,possessionLost,BEL,2025-2026,datafc_sofascore,2026-08-09T08:07:33.988763
38,77040,Nazinho,1006113,Cercle Brugge,2929,3,7,7.07,0.91,7.69,27,8,59,24,73,13,0,2554,30,possessionLost,BEL,2025-2026,datafc_sofascore,2026-08-09T08:07:33.988763
38,77040,Thorgan Hazard,94286,RSC Anderlecht,2900,13,7,7.04,11.91,8.06,74,31,78,38,38,6,1,2722,36,possessionLost,BEL,2025-2026,datafc_sofascore,2026-08-09T08:07:33.988763
38,77040,Jordi Liongola,1009413,RAAL La Louvière,368506,2,6,6.93,3.28,4.29,29,6,40,27,57,10,0,2618,31,possessionLost,BEL,2025-2026,datafc_sofascore,2026-08-09T08:07:33.988763
38,77040,Anan Khalaili,1403362,Royale Union Saint-Gilloise,4860,3,5,7.22,3.34,7.52,38,13,62,49,69,7,0,3099,38,possessionLost,BEL,2025-2026,datafc_sofascore,2026-08-09T08:07:33.988763
38,77040,Bryan Reynolds,862075,KVC Westerlo,2893,2,3,6.77,2.75,4.35,22,8,37,37,53,8,0,3494,39,possessionLost,BEL,2025-2026,datafc_sofascore,2026-08-09T08:07:33.988763
38,77040,Myron Van Brederode,1012925,KV Mechelen,5044,9,5,7.1,5.95,5.55,41,17,57,49,34,2,0,2840,34,possessionLost,BEL,2025-2026,datafc_sofascore,2026-08-09T08:07:33.988763
38,77040,Konstantinos Karetsas,1468744,KRC Genk,2890,0,10,6.91,4.62,7.63,68,27,68,59,30,3,0,2247,34,possessionLost,BEL,2025-2026,datafc_sofascore,2026-08-09T08:07:33.988763
38,77040,Robert-Jan Vanwesemael,1047164,Sint-Truidense VV,2895,1,1,6.75,1.87,4.8,33,8,36,30,70,11,0,3077,37,possessionLost,BEL,2025-2026,datafc_sofascore,2026-08-09T08:07:33.988763
38,77040,Ilias Sebaoui,1154586,Sint-Truidense VV,2895,5,5,6.81,8.33,5.21,93,27,36,43,46,3,0,3272,40,possessionLost,BEL,2025-2026,datafc_sofascore,2026-08-09T08:07:33.988763
38,77040,Fabio Ferraro,1145225,FCV Dender,389232,1,3,6.62,2.28,3.94,30,12,41,31,53,5,0,2531,29,possessionLost,BEL,2025-2026,datafc_sofascore,2026-08-09T08:07:33.988763
38,77040,Bryan Goncalves,775019,FCV Dender,389232,1,2,6.79,1.13,3.58,12,5,38,10,42,5,0,2293,28,possessionLost,BEL,2025-2026,datafc_sofascore,2026-08-09T08:07:33.988763
38,77040,Ryotaro Ito,831697,Sint-Truidense VV,2895,10,5,7.28,8.51,8.81,73,27,102,19,20,1,0,2838,35,possessionLost,BEL,2025-2026,datafc_sofascore,2026-08-09T08:07:33.988763
38,77040,Parfait Guiagon,1030459,RC Sporting Charleroi,2898,9,5,7.08,7.78,5.5,80,22,52,73,30,6,0,2555,33,possessionLost,BEL,2025-2026,datafc_sofascore,2026-08-09T08:07:33.988763
38,77040,Bryan Heynen,801025,KRC Genk,2890,4,1,7.31,4.75,4.68,48,11,49,22,99,5,0,3603,40,possessionLost,BEL,2025-2026,datafc_sofascore,2026-08-09T08:07:33.988763
38,77040,Rafiki Saïd,1047321,Standard Liège,2901,8,4,7.07,10.2,4.41,90,32,28,69,30,4,0,2756,37,possessionLost,BEL,2025-2026,datafc_sofascore,2026-08-09T08:07:33.988763
38,77040,Carlos Forbs,1069486,Club Brugge KV,2888,8,8,7.17,6.18,8.55,57,21,61,52,40,4,0,2816,37,possessionLost,BEL,2025-2026,datafc_sofascore,2026-08-09T08:07:33.988763
38,77040,Aurélien Scheidler,915567,RC Sporting Charleroi,2898,9,4,6.81,12.47,2.75,71,28,38,10,8,3,0,3266,40,possessionLost,BEL,2025-2026,datafc_sofascore,2026-08-09T08:07:33.988763
38,77040,Tobe Leysen,996979,Oud-Heverlee Leuven,2918,0,0,6.97,,0.15,0,0,0,0,3,2,0,2859,32,possessionLost,BEL,2025-2026,datafc_sofascore,2026-08-09T08:07:33.988763
38,77040,Michał Skóraś,942479,KAA Gent,2903,2,7,7.06,3.87,6.79,43,10,65,37,49,6,1,2697,34,possessionLost,BEL,2025-2026,datafc_sofascore,2026-08-09T08:07:33.988763
38,77040,Edan Diop,1390575,Cercle Brugge,2929,7,3,6.99,6.96,5.33,53,22,46,43,52,7,0,2607,33,possessionLost,BEL,2025-2026,datafc_sofascore,2026-08-09T08:07:33.988763
38,77040,Roman Kvet,858926,FCV Dender,389232,5,0,6.73,4.44,3.29,38,12,39,24,34,5,0,2676,34,possessionLost,BEL,2025-2026,datafc_sofascore,2026-08-09T08:07:33.988763
38,77040,Davy Roef,156663,KAA Gent,2903,0,0,7.25,,0.05,0,0,3,0,1,0,0,3720,41,possessionLost,BEL,2025-2026,datafc_sofascore,2026-08-09T08:07:33.988763
38,77040,Rihito Yamamoto,1030211,Sint-Truidense VV,2895,5,6,7.08,5.87,6.27,51,16,62,21,75,6,0,3290,38,possessionLost,BEL,2025-2026,datafc_sofascore,2026-08-09T08:07:33.988763
38,77040,Allahyar Sayyadmanesh,905474,KVC Westerlo,2893,7,3,6.89,7.15,4.43,48,15,37,33,35,5,0,2241,30,possessionLost,BEL,2025-2026,datafc_sofascore,2026-08-09T08:07:33.988763
38,77040,Marcos Hernán Peano,789394,RAAL La Louvière,368506,0,0,7.37,,0.14,0,0,0,4,4,2,0,3060,34,possessionLost,BEL,2025-2026,datafc_sofascore,2026-08-09T08:07:33.988763
38,77040,Tobias Mohr,237048,Standard Liège,2901,2,2,6.91,1.09,5.42,25,5,44,20,50,5,0,2310,38,possessionLost,BEL,2025-2026,datafc_sofascore,2026-08-09T08:07:33.988763
38,77040,Mathis Servais,1093876,KV Mechelen,5044,2,4,6.98,2.95,5.07,41,11,35,11,48,5,0,2796,32,possessionLost,BEL,2025-2026,datafc_sofascore,2026-08-09T08:07:33.988763
38,77040,Abdoulaye Sissako,846330,Sint-Truidense VV,2895,2,3,6.82,2.74,1.22,30,4,15,41,91,5,0,3349,40,possessionLost,BEL,2025-2026,datafc_sofascore,2026-08-09T08:07:33.988763
38,77040,Patrick Pflücke,281283,RC Sporting Charleroi,2898,4,8,6.97,5.54,8.28,63,22,67,9,22,0,0,2670,41,possessionLost,BEL,2025-2026,datafc_sofascore,2026-08-09T08:07:33.988763
38,77040,Hans Vanaken,118085,Club Brugge KV,2888,7,3,7.45,8.38,8.0,58,21,67,15,38,2,0,3366,39,possessionLost,BEL,2025-2026,datafc_sofascore,2026-08-09T08:07:33.988763
38,77040,Nacho Ferri,1196903,KVC Westerlo,2893,11,2,7.04,16.2,2.4,101,42,30,22,27,7,0,2910,36,possessionLost,BEL,2025-2026,datafc_sofascore,2026-08-09T08:07:33.988763
38,77040,Jeppe Erenbjerg,1035095,SV Zulte Waregem,2933,13,3,7.12,10.16,5.5,88,32,41,24,24,2,0,2787,35,possessionLost,BEL,2025-2026,datafc_sofascore,2026-08-09T08:07:33.988763
38,77040,Adem Zorgane,1000472,Royale Union Saint-Gilloise,4860,4,5,7.04,2.44,6.23,28,12,40,19,64,7,0,2968,37,possessionLost,BEL,2025-2026,datafc_sofascore,2026-08-09T08:07:33.988763
38,77040,Andreas Jungdal,963038,KVC Westerlo,2893,0,0,6.97,,0.15,0,0,3,0,1,3,0,3600,40,possessionLost,BEL,2025-2026,datafc_sofascore,2026-08-09T08:07:33.988763
38,77040,Luc Marijnissen,1086107,FCV Dender,389232,1,0,6.73,1.59,1.25,16,6,11,13,84,7,0,3225,37,possessionLost,BEL,2025-2026,datafc_sofascore,2026-08-09T08:07:33.988763
38,77040,Steve Ngoura,1394411,Cercle Brugge,2929,7,4,6.67,9.75,2.31,71,23,22,27,9,2,0,2097,34,possessionLost,BEL,2025-2026,datafc_sofascore,2026-08-09T08:07:33.988763
38,77040,Łukasz Łakomy,1001201,Oud-Heverlee Leuven,2918,3,3,6.82,1.56,3.17,32,12,35,13,44,6,0,2123,32,possessionLost,BEL,2025-2026,datafc_sofascore,2026-08-09T08:07:33.988763
38,77040,Daam Foulon,826170,Royal Antwerp FC,2889,0,4,6.78,0.68,3.5,13,4,33,10,56,5,2,2290,33,possessionLost,BEL,2025-2026,datafc_sofascore,2026-08-09T08:07:33.988763
38,77040,Zeno Van Den Bosch,1103765,Royal Antwerp FC,2889,0,1,6.91,0.97,1.34,13,6,15,4,57,6,1,3071,35,possessionLost,BEL,2025-2026,datafc_sofascore,2026-08-09T08:07:33.988763
38,77040,Josimar Alcócer,1131598,KVC Westerlo,2893,3,4,6.63,3.61,2.38,54,24,26,47,51,6,0,2722,35,possessionLost,BEL,2025-2026,datafc_sofascore,2026-08-09T08:07:33.988763
38,77040,Taishi Brandon Nozawa,1002358,Royal Antwerp FC,2889,0,0,7.19,,0.11,0,0,3,0,3,1,0,2654,30,possessionLost,BEL,2025-2026,datafc_sofascore,2026-08-09T08:07:33.988763
38,77040,Gyrano Kerk,386950,Royal Antwerp FC,2889,3,4,6.77,4.85,3.05,50,17,26,35,34,4,0,2095,27,possessionLost,BEL,2025-2026,datafc_sofascore,2026-08-09T08:07:33.988763
38,77040,Kevin Mac Allister,895327,Royale Union Saint-Gilloise,4860,1,1,7.14,3.07,2.44,22,5,13,9,112,11,1,2930,34,possessionLost,BEL,2025-2026,datafc_sofascore,2026-08-09T08:07:33.988763
38,77040,Casper Nielsen,247471,Standard Liège,2901,5,2,6.95,3.38,3.36,32,11,19,8,42,5,0,1878,26,possessionLost,BEL,2025-2026,datafc_sofascore,2026-08-09T08:07:33.988763
38,77040,Youssef Maziz,862821,Oud-Heverlee Leuven,2918,3,4,6.96,4.34,6.75,49,12,63,13,25,6,0,2096,36,possessionLost,BEL,2025-2026,datafc_sofascore,2026-08-09T08:07:33.988763
38,77040,José Marsà,962625,KV Mechelen,5044,1,2,6.73,1.7,2.1,15,3,12,9,47,4,0,2594,33,possessionLost,BEL,2025-2026,datafc_sofascore,2026-08-09T08:07:33.988763
38,77040,Arthur Piedfort,1149123,KVC Westerlo,2893,3,2,7.07,1.9,3.11,23,7,43,25,86,5,0,2989,36,possessionLost,BEL,2025-2026,datafc_sofascore,2026-08-09T08:07:33.988763
38,77040,Malcolm Viltard,1092285,FCV Dender,389232,1,1,6.88,0.41,2.6,15,4,27,17,70,6,1,2721,36,possessionLost,BEL,2025-2026,datafc_sofascore,2026-08-09T08:07:33.988763
38,77040,Nathan De Cat,1637689,RSC Anderlecht,2900,2,4,6.75,1.79,2.28,30,6,28,21,60,8,0,2739,36,possessionLost,BEL,2025-2026,datafc_sofascore,2026-08-09T08:07:33.988763
38,77040,Nilson Angulo,1116571,RSC Anderlecht,2900,6,5,7.26,3.77,4.47,33,16,46,44,62,2,1,1902,22,possessionLost,BEL,2025-2026,datafc_sofascore,2026-08-09T08:07:33.988763
38,77040,Ross Sykes,845558,Royale Union Saint-Gilloise,4860,5,0,7.28,3.78,2.34,56,25,21,6,40,9,0,2629,32,possessionLost,BEL,2025-2026,datafc_sofascore,2026-08-09T08:07:33.988763
38,77040,Fredrik Hammar,946959,KV Mechelen,5044,1,1,7.04,1.75,1.64,28,6,18,20,152,10,0,3366,38,possessionLost,BEL,2025-2026,datafc_sofascore,2026-08-09T08:07:33.988763
38,77040,Yllan Okou,1167514,RAAL La Louvière,368506,1,0,6.96,0.73,1.05,11,3,12,2,36,6,0,2731,33,possessionLost,BEL,2025-2026,datafc_sofascore,2026-08-09T08:07:33.988763
38,77040,Zakaria El Ouahdi,1134470,KRC Genk,2890,8,4,7.07,4.96,4.37,70,24,49,36,42,4,0,2996,34,possessionLost,BEL,2025-2026,datafc_sofascore,2026-08-09T08:07:33.988763
38,77040,Marco Ilaimaharitra,358198,Standard Liège,2901,3,0,6.85,3.44,1.16,14,6,21,8,48,10,1,2445,31,possessionLost,BEL,2025-2026,datafc_sofascore,2026-08-09T08:07:33.988763
38,77040,Sami Lahssaini,957895,RAAL La Louvière,368506,1,1,6.89,0.41,1.57,13,2,16,20,60,4,0,2770,32,possessionLost,BEL,2025-2026,datafc_sofascore,2026-08-09T08:07:33.988763
38,77040,Yassine Titraoui,1094538,RC Sporting Charleroi,2898,5,1,7.23,2.9,3.78,53,20,31,26,58,7,0,2904,35,possessionLost,BEL,2025-2026,datafc_sofascore,2026-08-09T08:07:33.988763
38,77040,Emin Bayram,997153,KVC Westerlo,2893,4,2,7.06,4.39,2.88,41,13,20,15,44,4,2,3322,38,possessionLost,BEL,2025-2026,datafc_sofascore,2026-08-09T08:07:33.988763
38,77040,Junior Marsoni Sambu Mansoni​,874855,FCV Dender,389232,0,4,6.61,0.7,1.62,12,3,20,29,63,7,0,2193,31,possessionLost,BEL,2025-2026,datafc_sofascore,2026-08-09T08:07:33.988763
38,77040,Junya Ito,783278,KRC Genk,2890,6,5,7.09,3.79,5.63,36,16,51,24,37,4,0,1785,28,possessionLost,BEL,2025-2026,datafc_sofascore,2026-08-09T08:07:33.988763
38,77040,Thibo Somers,1002804,Royal Antwerp FC,2889,4,2,6.88,5.33,4.11,36,16,27,3,74,3,0,2434,32,possessionLost,BEL,2025-2026,datafc_sofascore,2026-08-09T08:07:33.988763
38,77040,Hannes Van Der Bruggen,94290,Cercle Brugge,2929,0,1,6.96,1.32,1.83,28,4,15,5,73,7,0,2569,32,possessionLost,BEL,2025-2026,datafc_sofascore,2026-08-09T08:07:33.988763
38,77040,Noah Mbamba,1100321,FCV Dender,389232,2,2,6.88,2.99,2.06,28,9,20,35,93,4,0,2805,35,possessionLost,BEL,2025-2026,datafc_sofascore,2026-08-09T08:07:33.988763
38,77040,Thomas Claes,1188173,SV Zulte Waregem,2933,2,1,6.85,2.45,3.5,50,16,32,19,52,3,0,2784,34,possessionLost,BEL,2025-2026,datafc_sofascore,2026-08-09T08:07:33.988763
38,77040,Vincent Janssen,339901,Royal Antwerp FC,2889,10,7,6.87,12.99,3.46,91,30,33,21,29,8,0,3088,35,possessionLost,BEL,2025-2026,datafc_sofascore,2026-08-09T08:07:33.988763
38,77040,Kevin Van Den Kerkhof,1130602,RC Sporting Charleroi,2898,3,4,6.78,3.1,2.9,35,11,35,27,56,5,1,2117,30,possessionLost,BEL,2025-2026,datafc_sofascore,2026-08-09T08:07:33.988763
38,77040,Ewoud Pletinckx,949101,Oud-Heverlee Leuven,2918,3,0,6.74,2.91,1.14,35,12,14,6,55,4,0,3538,40,possessionLost,BEL,2025-2026,datafc_sofascore,2026-08-09T08:07:33.988763
38,77040,Colin Coosemans,122399,RSC Anderlecht,2900,0,0,6.98,,0.11,0,0,2,1,0,2,0,3420,38,possessionLost,BEL,2025-2026,datafc_sofascore,2026-08-09T08:07:33.988763
38,77040,Siebe Van Der Heyden,842164,KAA Gent,2903,2,1,6.74,1.64,1.37,25,8,9,3,54,11,0,3075,36,possessionLost,BEL,2025-2026,datafc_sofascore,2026-08-09T08:07:33.988763
38,77040,Jarne Steuckers,1099462,KRC Genk,2890,0,6,6.96,2.06,6.27,30,8,54,15,9,1,0,1504,30,possessionLost,BEL,2025-2026,datafc_sofascore,2026-08-09T08:07:33.988763
38,77040,Taiga Hata,1002356,Sint-Truidense VV,2895,1,3,6.66,1.79,2.66,6,3,19,10,44,0,0,2444,32,possessionLost,BEL,2025-2026,datafc_sofascore,2026-08-09T08:07:33.988763
38,77040,Antoine Bernier,834261,RC Sporting Charleroi,2898,7,2,6.86,4.84,2.76,41,16,29,32,46,7,0,2379,38,possessionLost,BEL,2025-2026,datafc_sofascore,2026-08-09T08:07:33.988763
38,77040,Nathan-Dylan Saliba,1093229,RSC Anderlecht,2900,3,1,6.86,3.27,2.58,59,15,26,19,75,12,1,2319,34,possessionLost,BEL,2025-2026,datafc_sofascore,2026-08-09T08:07:33.988763
38,77040,Joaquin Seys,1395881,Club Brugge KV,2888,2,5,6.81,1.25,3.7,16,4,33,11,56,3,0,2976,39,possessionLost,BEL,2025-2026,datafc_sofascore,2026-08-09T08:07:33.988763
38,77040,Joris Kayembe,354046,KRC Genk,2890,0,1,6.96,0.47,1.64,13,2,20,27,48,5,0,2111,28,possessionLost,BEL,2025-2026,datafc_sofascore,2026-08-09T08:07:33.988763
38,77040,Kevin Rodriguez,1431770,Royale Union Saint-Gilloise,4860,10,2,6.69,8.63,2.84,76,30,19,19,19,2,0,1825,31,possessionLost,BEL,2025-2026,datafc_sofascore,2026-08-09T08:07:33.988763
38,77040,Ludwig Augustinsson,138546,RSC Anderlecht,2900,0,3,6.89,1.0,3.93,21,3,29,2,44,4,0,2082,27,possessionLost,BEL,2025-2026,datafc_sofascore,2026-08-09T08:07:33.988763
38,77040,Henry Lawrence,976265,Standard Liège,2901,2,0,6.78,1.98,1.48,11,3,6,18,36,5,0,2433,30,possessionLost,BEL,2025-2026,datafc_sofascore,2026-08-09T08:07:33.988763
38,77040,Brent Gabriel,861977,SV Zulte Waregem,2933,0,1,7.26,,0.6,0,0,2,1,1,1,0,3240,36,possessionLost,BEL,2025-2026,datafc_sofascore,2026-08-09T08:07:33.988763
38,77040,Siebe Schrijvers,190413,Oud-Heverlee Leuven,2918,3,4,7.0,5.03,3.45,29,4,37,12,62,6,0,2121,30,possessionLost,BEL,2025-2026,datafc_sofascore,2026-08-09T08:07:33.988763
38,77040,Joseph Opoku,1922407,SV Zulte Waregem,2933,10,6,6.91,10.15,3.62,69,25,46,37,16,2,0,2458,33,possessionLost,BEL,2025-2026,datafc_sofascore,2026-08-09T08:07:33.988763
38,77040,Dennis Praet,135647,Royal Antwerp FC,2889,0,0,6.92,0.62,2.25,16,3,26,10,64,3,1,2525,31,possessionLost,BEL,2025-2026,datafc_sofascore,2026-08-09T08:07:33.988763
38,77040,Léo Kokubo,997020,Sint-Truidense VV,2895,0,0,7.23,,0.05,0,0,0,0,4,5,0,3420,38,possessionLost,BEL,2025-2026,datafc_sofascore,2026-08-09T08:07:33.988763
38,77040,Yannick Cappelle,1506998,SV Zulte Waregem,2933,1,1,6.81,0.92,1.3,8,1,17,19,53,2,0,2030,30,possessionLost,BEL,2025-2026,datafc_sofascore,2026-08-09T08:07:33.988763
38,77040,Matthieu Epolo,1121943,Standard Liège,2901,0,0,7.32,0.06,0.05,1,0,1,0,1,1,0,2610,29,possessionLost,BEL,2025-2026,datafc_sofascore,2026-08-09T08:07:33.988763
38,77040,Arbnor Muja,890695,Sint-Truidense VV,2895,6,2,6.91,5.76,4.41,43,16,28,21,24,3,1,1855,26,possessionLost,BEL,2025-2026,datafc_sofascore,2026-08-09T08:07:33.988763
38,77040,Takahiro Akimoto,1028340,Oud-Heverlee Leuven,2918,0,0,6.81,0.82,1.74,19,5,15,14,70,4,0,2710,31,possessionLost,BEL,2025-2026,datafc_sofascore,2026-08-09T08:07:33.988763
38,77040,Nacho Miras,1010556,KV Mechelen,5044,0,0,7.57,,0.03,0,0,0,0,1,2,0,2925,33,possessionLost,BEL,2025-2026,datafc_sofascore,2026-08-09T08:07:33.988763
38,77040,Lewin Blum,966670,RC Sporting Charleroi,2898,0,1,6.76,1.14,2.5,8,2,25,5,49,7,0,1784,32,possessionLost,BEL,2025-2026,datafc_sofascore,2026-08-09T08:07:33.988763
38,77040,Adnane Abid,1127801,Standard Liège,2901,2,5,6.92,2.21,4.2,22,11,44,37,40,5,1,2114,34,possessionLost,BEL,2025-2026,datafc_sofascore,2026-08-09T08:07:33.988763
38,77040,Aleksandar Stanković,1153957,Club Brugge KV,2888,6,2,7.09,4.66,4.09,74,25,33,8,39,4,0,3076,39,possessionLost,BEL,2025-2026,datafc_sofascore,2026-08-09T08:07:33.988763
38,77040,Christian Burgess,303634,Royale Union Saint-Gilloise,4860,2,3,7.31,1.63,1.37,23,8,13,1,53,13,1,3147,35,possessionLost,BEL,2025-2026,datafc_sofascore,2026-08-09T08:07:33.988763
38,77040,Wagane Faye,957913,RAAL La Louvière,368506,3,1,6.97,1.68,1.43,16,5,7,4,62,6,0,2304,27,possessionLost,BEL,2025-2026,datafc_sofascore,2026-08-09T08:07:33.988763
38,77040,Gary Magnee,990265,Cercle Brugge,2929,4,7,6.93,5.4,6.75,31,10,74,20,72,4,0,2889,34,possessionLost,BEL,2025-2026,datafc_sofascore,2026-08-09T08:07:33.988763
38,77040,Tiago Araújo,997024,KAA Gent,2903,1,4,6.94,0.83,6.33,21,4,57,20,39,9,0,2820,35,possessionLost,BEL,2025-2026,datafc_sofascore,2026-08-09T08:07:33.988763
38,77040,Christos Tzolis,1031259,Club Brugge KV,2888,17,23,7.71,17.4,15.94,123,44,135,40,29,6,0,3072,36,possessionLost,BEL,2025-2026,datafc_sofascore,2026-08-09T08:07:33.988763
38,77040,Mardochee Nzita,990726,RC Sporting Charleroi,2898,0,2,6.77,1.02,3.04,12,3,21,18,65,3,1,3007,38,possessionLost,BEL,2025-2026,datafc_sofascore,2026-08-09T08:07:33.988763
38,77040,Anosike Ementa,1094132,SV Zulte Waregem,2933,4,8,6.9,7.37,3.77,41,18,61,40,20,5,0,2616,32,possessionLost,BEL,2025-2026,datafc_sofascore,2026-08-09T08:07:33.988763
38,77040,Thérence Koudou,1392080,KV Mechelen,5044,5,2,6.85,1.64,4.81,25,8,35,38,31,5,0,3060,37,possessionLost,BEL,2025-2026,datafc_sofascore,2026-08-09T08:07:33.988763
38,77040,Doğucan Haspolat,846087,KVC Westerlo,2893,1,4,7.18,2.52,7.83,46,10,86,19,82,7,0,3395,38,possessionLost,BEL,2025-2026,datafc_sofascore,2026-08-09T08:07:33.988763
38,77040,Nazinho,1006113,Cercle Brugge,2929,3,7,7.07,0.91,7.69,27,8,59,24,73,13,0,2554,30,possessionLost,BEL,2025-2026,datafc_sofascore,2026-08-09T08:07:33.988763
38,77040,Thorgan Hazard,94286,RSC Anderlecht,2900,13,7,7.04,11.91,8.06,74,31,78,38,38,6,1,2722,36,possessionLost,BEL,2025-2026,datafc_sofascore,2026-08-09T08:07:33.988763
38,77040,Jordi Liongola,1009413,RAAL La Louvière,368506,2,6,6.93,3.28,4.29,29,6,40,27,57,10,0,2618,31,possessionLost,BEL,2025-2026,datafc_sofascore,2026-08-09T08:07:33.988763
38,77040,Anan Khalaili,1403362,Royale Union Saint-Gilloise,4860,3,5,7.22,3.34,7.52,38,13,62,49,69,7,0,3099,38,possessionLost,BEL,2025-2026,datafc_sofascore,2026-08-09T08:07:33.988763
38,77040,Bryan Reynolds,862075,KVC Westerlo,2893,2,3,6.77,2.75,4.35,22,8,37,37,53,8,0,3494,39,possessionLost,BEL,2025-2026,datafc_sofascore,2026-08-09T08:07:33.988763
38,77040,Myron Van Brederode,1012925,KV Mechelen,5044,9,5,7.1,5.95,5.55,41,17,57,49,34,2,0,2840,34,possessionLost,BEL,2025-2026,datafc_sofascore,2026-08-09T08:07:33.988763
38,77040,Konstantinos Karetsas,1468744,KRC Genk,2890,0,10,6.91,4.62,7.63,68,27,68,59,30,3,0,2247,34,possessionLost,BEL,2025-2026,datafc_sofascore,2026-08-09T08:07:33.988763
38,77040,Robert-Jan Vanwesemael,1047164,Sint-Truidense VV,2895,1,1,6.75,1.87,4.8,33,8,36,30,70,11,0,3077,37,possessionLost,BEL,2025-2026,datafc_sofascore,2026-08-09T08:07:33.988763
38,77040,Ilias Sebaoui,1154586,Sint-Truidense VV,2895,5,5,6.81,8.33,5.21,93,27,36,43,46,3,0,3272,40,possessionLost,BEL,2025-2026,datafc_sofascore,2026-08-09T08:07:33.988763
38,77040,Fabio Ferraro,1145225,FCV Dender,389232,1,3,6.62,2.28,3.94,30,12,41,31,53,5,0,2531,29,possessionLost,BEL,2025-2026,datafc_sofascore,2026-08-09T08:07:33.988763
38,77040,Bryan Goncalves,775019,FCV Dender,389232,1,2,6.79,1.13,3.58,12,5,38,10,42,5,0,2293,28,possessionLost,BEL,2025-2026,datafc_sofascore,2026-08-09T08:07:33.988763
38,77040,Ryotaro Ito,831697,Sint-Truidense VV,2895,10,5,7.28,8.51,8.81,73,27,102,19,20,1,0,2838,35,possessionLost,BEL,2025-2026,datafc_sofascore,2026-08-09T08:07:33.988763
38,77040,Parfait Guiagon,1030459,RC Sporting Charleroi,2898,9,5,7.08,7.78,5.5,80,22,52,73,30,6,0,2555,33,possessionLost,BEL,2025-2026,datafc_sofascore,2026-08-09T08:07:33.988763
38,77040,Bryan Heynen,801025,KRC Genk,2890,4,1,7.31,4.75,4.68,48,11,49,22,99,5,0,3603,40,possessionLost,BEL,2025-2026,datafc_sofascore,2026-08-09T08:07:33.988763
38,77040,Rafiki Saïd,1047321,Standard Liège,2901,8,4,7.07,10.2,4.41,90,32,28,69,30,4,0,2756,37,possessionLost,BEL,2025-2026,datafc_sofascore,2026-08-09T08:07:33.988763
38,77040,Carlos Forbs,1069486,Club Brugge KV,2888,8,8,7.17,6.18,8.55,57,21,61,52,40,4,0,2816,37,possessionLost,BEL,2025-2026,datafc_sofascore,2026-08-09T08:07:33.988763
38,77040,Aurélien Scheidler,915567,RC Sporting Charleroi,2898,9,4,6.81,12.47,2.75,71,28,38,10,8,3,0,3266,40,possessionLost,BEL,2025-2026,datafc_sofascore,2026-08-09T08:07:33.988763
38,77040,Tobe Leysen,996979,Oud-Heverlee Leuven,2918,0,0,6.97,,0.15,0,0,0,0,3,2,0,2859,32,possessionLost,BEL,2025-2026,datafc_sofascore,2026-08-09T08:07:33.988763
38,77040,Michał Skóraś,942479,KAA Gent,2903,2,7,7.06,3.87,6.79,43,10,65,37,49,6,1,2697,34,possessionLost,BEL,2025-2026,datafc_sofascore,2026-08-09T08:07:33.988763
38,77040,Edan Diop,1390575,Cercle Brugge,2929,7,3,6.99,6.96,5.33,53,22,46,43,52,7,0,2607,33,possessionLost,BEL,2025-2026,datafc_sofascore,2026-08-09T08:07:33.988763
38,77040,Roman Kvet,858926,FCV Dender,389232,5,0,6.73,4.44,3.29,38,12,39,24,34,5,0,2676,34,possessionLost,BEL,2025-2026,datafc_sofascore,2026-08-09T08:07:33.988763
38,77040,Davy Roef,156663,KAA Gent,2903,0,0,7.25,,0.05,0,0,3,0,1,0,0,3720,41,possessionLost,BEL,2025-2026,datafc_sofascore,2026-08-09T08:07:33.988763
38,77040,Rihito Yamamoto,1030211,Sint-Truidense VV,2895,5,6,7.08,5.87,6.27,51,16,62,21,75,6,0,3290,38,possessionLost,BEL,2025-2026,datafc_sofascore,2026-08-09T08:07:33.988763
38,77040,Allahyar Sayyadmanesh,905474,KVC Westerlo,2893,7,3,6.89,7.15,4.43,48,15,37,33,35,5,0,2241,30,possessionLost,BEL,2025-2026,datafc_sofascore,2026-08-09T08:07:33.988763
38,77040,Marcos Hernán Peano,789394,RAAL La Louvière,368506,0,0,7.37,,0.14,0,0,0,4,4,2,0,3060,34,possessionLost,BEL,2025-2026,datafc_sofascore,2026-08-09T08:07:33.988763
38,77040,Tobias Mohr,237048,Standard Liège,2901,2,2,6.91,1.09,5.42,25,5,44,20,50,5,0,2310,38,possessionLost,BEL,2025-2026,datafc_sofascore,2026-08-09T08:07:33.988763
38,77040,Mathis Servais,1093876,KV Mechelen,5044,2,4,6.98,2.95,5.07,41,11,35,11,48,5,0,2796,32,possessionLost,BEL,2025-2026,datafc_sofascore,2026-08-09T08:07:33.988763
38,77040,Abdoulaye Sissako,846330,Sint-Truidense VV,2895,2,3,6.82,2.74,1.22,30,4,15,41,91,5,0,3349,40,possessionLost,BEL,2025-2026,datafc_sofascore,2026-08-09T08:07:33.988763
38,77040,Patrick Pflücke,281283,RC Sporting Charleroi,2898,4,8,6.97,5.54,8.28,63,22,67,9,22,0,0,2670,41,possessionLost,BEL,2025-2026,datafc_sofascore,2026-08-09T08:07:33.988763
38,77040,Hans Vanaken,118085,Club Brugge KV,2888,7,3,7.45,8.38,8.0,58,21,67,15,38,2,0,3366,39,possessionLost,BEL,2025-2026,datafc_sofascore,2026-08-09T08:07:33.988763
38,77040,Nacho Ferri,1196903,KVC Westerlo,2893,11,2,7.04,16.2,2.4,101,42,30,22,27,7,0,2910,36,possessionLost,BEL,2025-2026,datafc_sofascore,2026-08-09T08:07:33.988763
38,77040,Jeppe Erenbjerg,1035095,SV Zulte Waregem,2933,13,3,7.12,10.16,5.5,88,32,41,24,24,2,0,2787,35,possessionLost,BEL,2025-2026,datafc_sofascore,2026-08-09T08:07:33.988763
38,77040,Adem Zorgane,1000472,Royale Union Saint-Gilloise,4860,4,5,7.04,2.44,6.23,28,12,40,19,64,7,0,2968,37,possessionLost,BEL,2025-2026,datafc_sofascore,2026-08-09T08:07:33.988763
38,77040,Andreas Jungdal,963038,KVC Westerlo,2893,0,0,6.97,,0.15,0,0,3,0,1,3,0,3600,40,possessionLost,BEL,2025-2026,datafc_sofascore,2026-08-09T08:07:33.988763
38,77040,Luc Marijnissen,1086107,FCV Dender,389232,1,0,6.73,1.59,1.25,16,6,11,13,84,7,0,3225,37,possessionLost,BEL,2025-2026,datafc_sofascore,2026-08-09T08:07:33.988763
38,77040,Steve Ngoura,1394411,Cercle Brugge,2929,7,4,6.67,9.75,2.31,71,23,22,27,9,2,0,2097,34,possessionLost,BEL,2025-2026,datafc_sofascore,2026-08-09T08:07:33.988763
38,77040,Łukasz Łakomy,1001201,Oud-Heverlee Leuven,2918,3,3,6.82,1.56,3.17,32,12,35,13,44,6,0,2123,32,possessionLost,BEL,2025-2026,datafc_sofascore,2026-08-09T08:07:33.988763
38,77040,Daam Foulon,826170,Royal Antwerp FC,2889,0,4,6.78,0.68,3.5,13,4,33,10,56,5,2,2290,33,possessionLost,BEL,2025-2026,datafc_sofascore,2026-08-09T08:07:33.988763
38,77040,Zeno Van Den Bosch,1103765,Royal Antwerp FC,2889,0,1,6.91,0.97,1.34,13,6,15,4,57,6,1,3071,35,possessionLost,BEL,2025-2026,datafc_sofascore,2026-08-09T08:07:33.988763
38,77040,Josimar Alcócer,1131598,KVC Westerlo,2893,3,4,6.63,3.61,2.38,54,24,26,47,51,6,0,2722,35,possessionLost,BEL,2025-2026,datafc_sofascore,2026-08-09T08:07:33.988763
38,77040,Taishi Brandon Nozawa,1002358,Royal Antwerp FC,2889,0,0,7.19,,0.11,0,0,3,0,3,1,0,2654,30,possessionLost,BEL,2025-2026,datafc_sofascore,2026-08-09T08:07:33.988763
38,77040,Gyrano Kerk,386950,Royal Antwerp FC,2889,3,4,6.77,4.85,3.05,50,17,26,35,34,4,0,2095,27,possessionLost,BEL,2025-2026,datafc_sofascore,2026-08-09T08:07:33.988763
38,77040,Kevin Mac Allister,895327,Royale Union Saint-Gilloise,4860,1,1,7.14,3.07,2.44,22,5,13,9,112,11,1,2930,34,possessionLost,BEL,2025-2026,datafc_sofascore,2026-08-09T08:07:33.988763
38,77040,Casper Nielsen,247471,Standard Liège,2901,5,2,6.95,3.38,3.36,32,11,19,8,42,5,0,1878,26,possessionLost,BEL,2025-2026,datafc_sofascore,2026-08-09T08:07:33.988763
38,77040,Youssef Maziz,862821,Oud-Heverlee Leuven,2918,3,4,6.96,4.34,6.75,49,12,63,13,25,6,0,2096,36,possessionLost,BEL,2025-2026,datafc_sofascore,2026-08-09T08:07:33.988763
38,77040,José Marsà,962625,KV Mechelen,5044,1,2,6.73,1.7,2.1,15,3,12,9,47,4,0,2594,33,possessionLost,BEL,2025-2026,datafc_sofascore,2026-08-09T08:07:33.988763
38,77040,Arthur Piedfort,1149123,KVC Westerlo,2893,3,2,7.07,1.9,3.11,23,7,43,25,86,5,0,2989,36,possessionLost,BEL,2025-2026,datafc_sofascore,2026-08-09T08:07:33.988763
38,77040,Malcolm Viltard,1092285,FCV Dender,389232,1,1,6.88,0.41,2.6,15,4,27,17,70,6,1,2721,36,possessionLost,BEL,2025-2026,datafc_sofascore,2026-08-09T08:07:33.988763
38,77040,Nathan De Cat,1637689,RSC Anderlecht,2900,2,4,6.75,1.79,2.28,30,6,28,21,60,8,0,2739,36,possessionLost,BEL,2025-2026,datafc_sofascore,2026-08-09T08:07:33.988763
38,77040,Nilson Angulo,1116571,RSC Anderlecht,2900,6,5,7.26,3.77,4.47,33,16,46,44,62,2,1,1902,22,possessionLost,BEL,2025-2026,datafc_sofascore,2026-08-09T08:07:33.988763
38,77040,Ross Sykes,845558,Royale Union Saint-Gilloise,4860,5,0,7.28,3.78,2.34,56,25,21,6,40,9,0,2629,32,possessionLost,BEL,2025-2026,datafc_sofascore,2026-08-09T08:07:33.988763
38,77040,Fredrik Hammar,946959,KV Mechelen,5044,1,1,7.04,1.75,1.64,28,6,18,20,152,10,0,3366,38,possessionLost,BEL,2025-2026,datafc_sofascore,2026-08-09T08:07:33.988763
38,77040,Yllan Okou,1167514,RAAL La Louvière,368506,1,0,6.96,0.73,1.05,11,3,12,2,36,6,0,2731,33,possessionLost,BEL,2025-2026,datafc_sofascore,2026-08-09T08:07:33.988763
38,77040,Zakaria El Ouahdi,1134470,KRC Genk,2890,8,4,7.07,4.96,4.37,70,24,49,36,42,4,0,2996,34,possessionLost,BEL,2025-2026,datafc_sofascore,2026-08-09T08:07:33.988763
38,77040,Marco Ilaimaharitra,358198,Standard Liège,2901,3,0,6.85,3.44,1.16,14,6,21,8,48,10,1,2445,31,possessionLost,BEL,2025-2026,datafc_sofascore,2026-08-09T08:07:33.988763
38,77040,Sami Lahssaini,957895,RAAL La Louvière,368506,1,1,6.89,0.41,1.57,13,2,16,20,60,4,0,2770,32,possessionLost,BEL,2025-2026,datafc_sofascore,2026-08-09T08:07:33.988763
38,77040,Yassine Titraoui,1094538,RC Sporting Charleroi,2898,5,1,7.23,2.9,3.78,53,20,31,26,58,7,0,2904,35,possessionLost,BEL,2025-2026,datafc_sofascore,2026-08-09T08:07:33.988763
38,77040,Emin Bayram,997153,KVC Westerlo,2893,4,2,7.06,4.39,2.88,41,13,20,15,44,4,2,3322,38,possessionLost,BEL,2025-2026,datafc_sofascore,2026-08-09T08:07:33.988763
38,77040,Junior Marsoni Sambu Mansoni​,874855,FCV Dender,389232,0,4,6.61,0.7,1.62,12,3,20,29,63,7,0,2193,31,possessionLost,BEL,2025-2026,datafc_sofascore,2026-08-09T08:07:33.988763
38,77040,Junya Ito,783278,KRC Genk,2890,6,5,7.09,3.79,5.63,36,16,51,24,37,4,0,1785,28,possessionLost,BEL,2025-2026,datafc_sofascore,2026-08-09T08:07:33.988763
38,77040,Thibo Somers,1002804,Royal Antwerp FC,2889,4,2,6.88,5.33,4.11,36,16,27,3,74,3,0,2434,32,possessionLost,BEL,2025-2026,datafc_sofascore,2026-08-09T08:07:33.988763
38,77040,Hannes Van Der Bruggen,94290,Cercle Brugge,2929,0,1,6.96,1.32,1.83,28,4,15,5,73,7,0,2569,32,possessionLost,BEL,2025-2026,datafc_sofascore,2026-08-09T08:07:33.988763
38,77040,Noah Mbamba,1100321,FCV Dender,389232,2,2,6.88,2.99,2.06,28,9,20,35,93,4,0,2805,35,possessionLost,BEL,2025-2026,datafc_sofascore,2026-08-09T08:07:33.988763
38,77040,Thomas Claes,1188173,SV Zulte Waregem,2933,2,1,6.85,2.45,3.5,50,16,32,19,52,3,0,2784,34,possessionLost,BEL,2025-2026,datafc_sofascore,2026-08-09T08:07:33.988763
38,77040,Vincent Janssen,339901,Royal Antwerp FC,2889,10,7,6.87,12.99,3.46,91,30,33,21,29,8,0,3088,35,possessionLost,BEL,2025-2026,datafc_sofascore,2026-08-09T08:07:33.988763
38,77040,Kevin Van Den Kerkhof,1130602,RC Sporting Charleroi,2898,3,4,6.78,3.1,2.9,35,11,35,27,56,5,1,2117,30,possessionLost,BEL,2025-2026,datafc_sofascore,2026-08-09T08:07:33.988763
38,77040,Ewoud Pletinckx,949101,Oud-Heverlee Leuven,2918,3,0,6.74,2.91,1.14,35,12,14,6,55,4,0,3538,40,possessionLost,BEL,2025-2026,datafc_sofascore,2026-08-09T08:07:33.988763
38,77040,Colin Coosemans,122399,RSC Anderlecht,2900,0,0,6.98,,0.11,0,0,2,1,0,2,0,3420,38,possessionLost,BEL,2025-2026,datafc_sofascore,2026-08-09T08:07:33.988763
38,77040,Siebe Van Der Heyden,842164,KAA Gent,2903,2,1,6.74,1.64,1.37,25,8,9,3,54,11,0,3075,36,possessionLost,BEL,2025-2026,datafc_sofascore,2026-08-09T08:07:33.988763
38,77040,Jarne Steuckers,1099462,KRC Genk,2890,0,6,6.96,2.06,6.27,30,8,54,15,9,1,0,1504,30,possessionLost,BEL,2025-2026,datafc_sofascore,2026-08-09T08:07:33.988763
38,77040,Taiga Hata,1002356,Sint-Truidense VV,2895,1,3,6.66,1.79,2.66,6,3,19,10,44,0,0,2444,32,possessionLost,BEL,2025-2026,datafc_sofascore,2026-08-09T08:07:33.988763
38,77040,Antoine Bernier,834261,RC Sporting Charleroi,2898,7,2,6.86,4.84,2.76,41,16,29,32,46,7,0,2379,38,possessionLost,BEL,2025-2026,datafc_sofascore,2026-08-09T08:07:33.988763
38,77040,Nathan-Dylan Saliba,1093229,RSC Anderlecht,2900,3,1,6.86,3.27,2.58,59,15,26,19,75,12,1,2319,34,possessionLost,BEL,2025-2026,datafc_sofascore,2026-08-09T08:07:33.988763
38,77040,Joaquin Seys,1395881,Club Brugge KV,2888,2,5,6.81,1.25,3.7,16,4,33,11,56,3,0,2976,39,possessionLost,BEL,2025-2026,datafc_sofascore,2026-08-09T08:07:33.988763
38,77040,Joris Kayembe,354046,KRC Genk,2890,0,1,6.96,0.47,1.64,13,2,20,27,48,5,0,2111,28,possessionLost,BEL,2025-2026,datafc_sofascore,2026-08-09T08:07:33.988763
38,77040,Kevin Rodriguez,1431770,Royale Union Saint-Gilloise,4860,10,2,6.69,8.63,2.84,76,30,19,19,19,2,0,1825,31,possessionLost,BEL,2025-2026,datafc_sofascore,2026-08-09T08:07:33.988763
38,77040,Ludwig Augustinsson,138546,RSC Anderlecht,2900,0,3,6.89,1.0,3.93,21,3,29,2,44,4,0,2082,27,possessionLost,BEL,2025-2026,datafc_sofascore,2026-08-09T08:07:33.988763
38,77040,Henry Lawrence,976265,Standard Liège,2901,2,0,6.78,1.98,1.48,11,3,6,18,36,5,0,2433,30,possessionLost,BEL,2025-2026,datafc_sofascore,2026-08-09T08:07:33.988763
38,77040,Brent Gabriel,861977,SV Zulte Waregem,2933,0,1,7.26,,0.6,0,0,2,1,1,1,0,3240,36,possessionLost,BEL,2025-2026,datafc_sofascore,2026-08-09T08:07:33.988763
38,77040,Siebe Schrijvers,190413,Oud-Heverlee Leuven,2918,3,4,7.0,5.03,3.45,29,4,37,12,62,6,0,2121,30,possessionLost,BEL,2025-2026,datafc_sofascore,2026-08-09T08:07:33.988763
38,77040,Joseph Opoku,1922407,SV Zulte Waregem,2933,10,6,6.91,10.15,3.62,69,25,46,37,16,2,0,2458,33,possessionLost,BEL,2025-2026,datafc_sofascore,2026-08-09T08:07:33.988763
38,77040,Dennis Praet,135647,Royal Antwerp FC,2889,0,0,6.92,0.62,2.25,16,3,26,10,64,3,1,2525,31,possessionLost,BEL,2025-2026,datafc_sofascore,2026-08-09T08:07:33.988763
38,77040,Léo Kokubo,997020,Sint-Truidense VV,2895,0,0,7.23,,0.05,0,0,0,0,4,5,0,3420,38,possessionLost,BEL,2025-2026,datafc_sofascore,2026-08-09T08:07:33.988763
38,77040,Yannick Cappelle,1506998,SV Zulte Waregem,2933,1,1,6.81,0.92,1.3,8,1,17,19,53,2,0,2030,30,possessionLost,BEL,2025-2026,datafc_sofascore,2026-08-09T08:07:33.988763
38,77040,Matthieu Epolo,1121943,Standard Liège,2901,0,0,7.32,0.06,0.05,1,0,1,0,1,1,0,2610,29,possessionLost,BEL,2025-2026,datafc_sofascore,2026-08-09T08:07:33.988763
38,77040,Arbnor Muja,890695,Sint-Truidense VV,2895,6,2,6.91,5.76,4.41,43,16,28,21,24,3,1,1855,26,possessionLost,BEL,2025-2026,datafc_sofascore,2026-08-09T08:07:33.988763
38,77040,Takahiro Akimoto,1028340,Oud-Heverlee Leuven,2918,0,0,6.81,0.82,1.74,19,5,15,14,70,4,0,2710,31,possessionLost,BEL,2025-2026,datafc_sofascore,2026-08-09T08:07:33.988763
38,77040,Nacho Miras,1010556,KV Mechelen,5044,0,0,7.57,,0.03,0,0,0,0,1,2,0,2925,33,possessionLost,BEL,2025-2026,datafc_sofascore,2026-08-09T08:07:33.988763
38,77040,Lewin Blum,966670,RC Sporting Charleroi,2898,0,1,6.76,1.14,2.5,8,2,25,5,49,7,0,1784,32,possessionLost,BEL,2025-2026,datafc_sofascore,2026-08-09T08:07:33.988763
38,77040,Adnane Abid,1127801,Standard Liège,2901,2,5,6.92,2.21,4.2,22,11,44,37,40,5,1,2114,34,possessionLost,BEL,2025-2026,datafc_sofascore,2026-08-09T08:07:33.988763
38,77040,Aleksandar Stanković,1153957,Club Brugge KV,2888,6,2,7.09,4.66,4.09,74,25,33,8,39,4,0,3076,39,possessionLost,BEL,2025-2026,datafc_sofascore,2026-08-09T08:07:33.988763
38,77040,Christian Burgess,303634,Royale Union Saint-Gilloise,4860,2,3,7.31,1.63,1.37,23,8,13,1,53,13,1,3147,35,possessionLost,BEL,2025-2026,datafc_sofascore,2026-08-09T08:07:33.988763
38,77040,Wagane Faye,957913,RAAL La Louvière,368506,3,1,6.97,1.68,1.43,16,5,7,4,62,6,0,2304,27,possessionLost,BEL,2025-2026,datafc_sofascore,2026-08-09T08:07:33.988763
38,77040,Davy Roef,156663,KAA Gent,2903,0,0,7.25,,0.05,0,0,3,0,1,0,0,3720,41,minutesPlayed,BEL,2025-2026,datafc_sofascore,2026-08-09T08:07:33.988763
38,77040,Bryan Heynen,801025,KRC Genk,2890,4,1,7.31,4.75,4.68,48,11,49,22,99,5,0,3603,40,minutesPlayed,BEL,2025-2026,datafc_sofascore,2026-08-09T08:07:33.988763
38,77040,Andreas Jungdal,963038,KVC Westerlo,2893,0,0,6.97,,0.15,0,0,3,0,1,3,0,3600,40,minutesPlayed,BEL,2025-2026,datafc_sofascore,2026-08-09T08:07:33.988763
38,77040,Ewoud Pletinckx,949101,Oud-Heverlee Leuven,2918,3,0,6.74,2.91,1.14,35,12,14,6,55,4,0,3538,40,minutesPlayed,BEL,2025-2026,datafc_sofascore,2026-08-09T08:07:33.988763
38,77040,Matte Smets,1392905,KRC Genk,2890,0,1,7.15,0.75,2.2,15,0,17,5,70,4,0,3509,39,minutesPlayed,BEL,2025-2026,datafc_sofascore,2026-08-09T08:07:33.988763
38,77040,Bryan Reynolds,862075,KVC Westerlo,2893,2,3,6.77,2.75,4.35,22,8,37,37,53,8,0,3494,39,minutesPlayed,BEL,2025-2026,datafc_sofascore,2026-08-09T08:07:33.988763
38,77040,Cheick Keita,1407973,RC Sporting Charleroi,2898,3,0,6.69,2.36,0.27,18,5,1,5,43,5,0,3440,40,minutesPlayed,BEL,2025-2026,datafc_sofascore,2026-08-09T08:07:33.988763
38,77040,Brandon Mechele,248331,Club Brugge KV,2888,5,2,7.29,3.46,1.49,33,14,22,5,77,4,0,3435,39,minutesPlayed,BEL,2025-2026,datafc_sofascore,2026-08-09T08:07:33.988763
38,77040,Léo Kokubo,997020,Sint-Truidense VV,2895,0,0,7.23,,0.05,0,0,0,0,4,5,0,3420,38,minutesPlayed,BEL,2025-2026,datafc_sofascore,2026-08-09T08:07:33.988763
38,77040,Colin Coosemans,122399,RSC Anderlecht,2900,0,0,6.98,,0.11,0,0,2,1,0,2,0,3420,38,minutesPlayed,BEL,2025-2026,datafc_sofascore,2026-08-09T08:07:33.988763
38,77040,Doğucan Haspolat,846087,KVC Westerlo,2893,1,4,7.18,2.52,7.83,46,10,86,19,82,7,0,3395,38,minutesPlayed,BEL,2025-2026,datafc_sofascore,2026-08-09T08:07:33.988763
38,77040,Aiham Ousou,965265,RC Sporting Charleroi,2898,2,1,6.95,3.22,1.58,34,10,11,5,53,12,1,3395,39,minutesPlayed,BEL,2025-2026,datafc_sofascore,2026-08-09T08:07:33.988763
38,77040,Hans Vanaken,118085,Club Brugge KV,2888,7,3,7.45,8.38,8.0,58,21,67,15,38,2,0,3366,39,minutesPlayed,BEL,2025-2026,datafc_sofascore,2026-08-09T08:07:33.988763
38,77040,Fredrik Hammar,946959,KV Mechelen,5044,1,1,7.04,1.75,1.64,28,6,18,20,152,10,0,3366,38,minutesPlayed,BEL,2025-2026,datafc_sofascore,2026-08-09T08:07:33.988763
38,77040,Abdoulaye Sissako,846330,Sint-Truidense VV,2895,2,3,6.82,2.74,1.22,30,4,15,41,91,5,0,3349,40,minutesPlayed,BEL,2025-2026,datafc_sofascore,2026-08-09T08:07:33.988763
38,77040,Emin Bayram,997153,KVC Westerlo,2893,4,2,7.06,4.39,2.88,41,13,20,15,44,4,2,3322,38,minutesPlayed,BEL,2025-2026,datafc_sofascore,2026-08-09T08:07:33.988763
38,77040,Rihito Yamamoto,1030211,Sint-Truidense VV,2895,5,6,7.08,5.87,6.27,51,16,62,21,75,6,0,3290,38,minutesPlayed,BEL,2025-2026,datafc_sofascore,2026-08-09T08:07:33.988763
38,77040,Ilias Sebaoui,1154586,Sint-Truidense VV,2895,5,5,6.81,8.33,5.21,93,27,36,43,46,3,0,3272,40,minutesPlayed,BEL,2025-2026,datafc_sofascore,2026-08-09T08:07:33.988763
38,77040,Aurélien Scheidler,915567,RC Sporting Charleroi,2898,9,4,6.81,12.47,2.75,71,28,38,10,8,3,0,3266,40,minutesPlayed,BEL,2025-2026,datafc_sofascore,2026-08-09T08:07:33.988763
38,77040,Brent Gabriel,861977,SV Zulte Waregem,2933,0,1,7.26,,0.6,0,0,2,1,1,1,0,3240,36,minutesPlayed,BEL,2025-2026,datafc_sofascore,2026-08-09T08:07:33.988763
38,77040,Luc Marijnissen,1086107,FCV Dender,389232,1,0,6.73,1.59,1.25,16,6,11,13,84,7,0,3225,37,minutesPlayed,BEL,2025-2026,datafc_sofascore,2026-08-09T08:07:33.988763
38,77040,Christian Burgess,303634,Royale Union Saint-Gilloise,4860,2,3,7.31,1.63,1.37,23,8,13,1,53,13,1,3147,35,minutesPlayed,BEL,2025-2026,datafc_sofascore,2026-08-09T08:07:33.988763
38,77040,Anan Khalaili,1403362,Royale Union Saint-Gilloise,4860,3,5,7.22,3.34,7.52,38,13,62,49,69,7,0,3099,38,minutesPlayed,BEL,2025-2026,datafc_sofascore,2026-08-09T08:07:33.988763
38,77040,Vincent Janssen,339901,Royal Antwerp FC,2889,10,7,6.87,12.99,3.46,91,30,33,21,29,8,0,3088,35,minutesPlayed,BEL,2025-2026,datafc_sofascore,2026-08-09T08:07:33.988763
38,77040,Robert-Jan Vanwesemael,1047164,Sint-Truidense VV,2895,1,1,6.75,1.87,4.8,33,8,36,30,70,11,0,3077,37,minutesPlayed,BEL,2025-2026,datafc_sofascore,2026-08-09T08:07:33.988763
38,77040,Aleksandar Stanković,1153957,Club Brugge KV,2888,6,2,7.09,4.66,4.09,74,25,33,8,39,4,0,3076,39,minutesPlayed,BEL,2025-2026,datafc_sofascore,2026-08-09T08:07:33.988763
38,77040,Siebe Van Der Heyden,842164,KAA Gent,2903,2,1,6.74,1.64,1.37,25,8,9,3,54,11,0,3075,36,minutesPlayed,BEL,2025-2026,datafc_sofascore,2026-08-09T08:07:33.988763
38,77040,Christos Tzolis,1031259,Club Brugge KV,2888,17,23,7.71,17.4,15.94,123,44,135,40,29,6,0,3072,36,minutesPlayed,BEL,2025-2026,datafc_sofascore,2026-08-09T08:07:33.988763
38,77040,Zeno Van Den Bosch,1103765,Royal Antwerp FC,2889,0,1,6.91,0.97,1.34,13,6,15,4,57,6,1,3071,35,minutesPlayed,BEL,2025-2026,datafc_sofascore,2026-08-09T08:07:33.988763
38,77040,Marcos Hernán Peano,789394,RAAL La Louvière,368506,0,0,7.37,,0.14,0,0,0,4,4,2,0,3060,34,minutesPlayed,BEL,2025-2026,datafc_sofascore,2026-08-09T08:07:33.988763
38,77040,Thérence Koudou,1392080,KV Mechelen,5044,5,2,6.85,1.64,4.81,25,8,35,38,31,5,0,3060,37,minutesPlayed,BEL,2025-2026,datafc_sofascore,2026-08-09T08:07:33.988763
38,77040,Etienne Camara,1097542,RC Sporting Charleroi,2898,2,3,6.83,1.19,1.37,20,7,20,19,94,11,1,3034,38,minutesPlayed,BEL,2025-2026,datafc_sofascore,2026-08-09T08:07:33.988763
38,77040,Isa Sakamoto,1126245,KVC Westerlo,2893,6,4,6.67,7.98,2.85,66,21,32,62,43,1,0,3021,38,minutesPlayed,BEL,2025-2026,datafc_sofascore,2026-08-09T08:07:33.988763
38,77040,Mujaid Sadick,935309,KRC Genk,2890,2,0,6.83,2.1,0.55,7,3,1,4,76,4,1,3014,36,minutesPlayed,BEL,2025-2026,datafc_sofascore,2026-08-09T08:07:33.988763
38,77040,Mardochee Nzita,990726,RC Sporting Charleroi,2898,0,2,6.77,1.02,3.04,12,3,21,18,65,3,1,3007,38,minutesPlayed,BEL,2025-2026,datafc_sofascore,2026-08-09T08:07:33.988763
38,77040,Zakaria El Ouahdi,1134470,KRC Genk,2890,8,4,7.07,4.96,4.37,70,24,49,36,42,4,0,2996,34,minutesPlayed,BEL,2025-2026,datafc_sofascore,2026-08-09T08:07:33.988763
38,77040,Arthur Piedfort,1149123,KVC Westerlo,2893,3,2,7.07,1.9,3.11,23,7,43,25,86,5,0,2989,36,minutesPlayed,BEL,2025-2026,datafc_sofascore,2026-08-09T08:07:33.988763
38,77040,Joaquin Seys,1395881,Club Brugge KV,2888,2,5,6.81,1.25,3.7,16,4,33,11,56,3,0,2976,39,minutesPlayed,BEL,2025-2026,datafc_sofascore,2026-08-09T08:07:33.988763
38,77040,Adem Zorgane,1000472,Royale Union Saint-Gilloise,4860,4,5,7.04,2.44,6.23,28,12,40,19,64,7,0,2968,37,minutesPlayed,BEL,2025-2026,datafc_sofascore,2026-08-09T08:07:33.988763
38,77040,Shogo Taniguchi,386958,Sint-Truidense VV,2895,1,1,7.07,1.07,1.31,14,2,10,2,43,4,0,2963,38,minutesPlayed,BEL,2025-2026,datafc_sofascore,2026-08-09T08:07:33.988763
38,77040,Ibe Hautekiet,964757,Standard Liège,2901,2,0,6.87,2.36,0.69,17,5,11,1,59,3,0,2954,36,minutesPlayed,BEL,2025-2026,datafc_sofascore,2026-08-09T08:07:33.988763
38,77040,Kevin Mac Allister,895327,Royale Union Saint-Gilloise,4860,1,1,7.14,3.07,2.44,22,5,13,9,112,11,1,2930,34,minutesPlayed,BEL,2025-2026,datafc_sofascore,2026-08-09T08:07:33.988763
38,77040,Nacho Miras,1010556,KV Mechelen,5044,0,0,7.57,,0.03,0,0,0,0,1,2,0,2925,33,minutesPlayed,BEL,2025-2026,datafc_sofascore,2026-08-09T08:07:33.988763
38,77040,Nacho Ferri,1196903,KVC Westerlo,2893,11,2,7.04,16.2,2.4,101,42,30,22,27,7,0,2910,36,minutesPlayed,BEL,2025-2026,datafc_sofascore,2026-08-09T08:07:33.988763
38,77040,Yassine Titraoui,1094538,RC Sporting Charleroi,2898,5,1,7.23,2.9,3.78,53,20,31,26,58,7,0,2904,35,minutesPlayed,BEL,2025-2026,datafc_sofascore,2026-08-09T08:07:33.988763
38,77040,Gary Magnee,990265,Cercle Brugge,2929,4,7,6.93,5.4,6.75,31,10,74,20,72,4,0,2889,34,minutesPlayed,BEL,2025-2026,datafc_sofascore,2026-08-09T08:07:33.988763
38,77040,Keisuke Goto,1391315,Sint-Truidense VV,2895,11,7,6.77,13.43,4.3,62,25,30,7,41,5,0,2885,38,minutesPlayed,BEL,2025-2026,datafc_sofascore,2026-08-09T08:07:33.988763
38,77040,Tobe Leysen,996979,Oud-Heverlee Leuven,2918,0,0,6.97,,0.15,0,0,0,0,3,2,0,2859,32,minutesPlayed,BEL,2025-2026,datafc_sofascore,2026-08-09T08:07:33.988763
38,77040,Redouane Halhal,1143667,KV Mechelen,5044,1,2,6.82,0.94,1.04,12,4,7,4,50,10,0,2849,33,minutesPlayed,BEL,2025-2026,datafc_sofascore,2026-08-09T08:07:33.988763
38,77040,Myron Van Brederode,1012925,KV Mechelen,5044,9,5,7.1,5.95,5.55,41,17,57,49,34,2,0,2840,34,minutesPlayed,BEL,2025-2026,datafc_sofascore,2026-08-09T08:07:33.988763
38,77040,Pieter Gerkens,190401,Cercle Brugge,2929,6,1,6.85,5.58,3.44,41,16,40,7,38,1,0,2840,35,minutesPlayed,BEL,2025-2026,datafc_sofascore,2026-08-09T08:07:33.988763
38,77040,Ryotaro Ito,831697,Sint-Truidense VV,2895,10,5,7.28,8.51,8.81,73,27,102,19,20,1,0,2838,35,minutesPlayed,BEL,2025-2026,datafc_sofascore,2026-08-09T08:07:33.988763
38,77040,Wilfried Kanga,838640,KAA Gent,2903,12,4,6.71,15.13,1.71,90,37,27,8,8,4,0,2836,36,minutesPlayed,BEL,2025-2026,datafc_sofascore,2026-08-09T08:07:33.988763
38,77040,Kjell Scherpen,852394,Royale Union Saint-Gilloise,4860,0,0,7.18,,0.12,0,0,1,0,1,1,0,2835,32,minutesPlayed,BEL,2025-2026,datafc_sofascore,2026-08-09T08:07:33.988763
38,77040,Tiago Araújo,997024,KAA Gent,2903,1,4,6.94,0.83,6.33,21,4,57,20,39,9,0,2820,35,minutesPlayed,BEL,2025-2026,datafc_sofascore,2026-08-09T08:07:33.988763
38,77040,Carlos Forbs,1069486,Club Brugge KV,2888,8,8,7.17,6.18,8.55,57,21,61,52,40,4,0,2816,37,minutesPlayed,BEL,2025-2026,datafc_sofascore,2026-08-09T08:07:33.988763
38,77040,Noah Mbamba,1100321,FCV Dender,389232,2,2,6.88,2.99,2.06,28,9,20,35,93,4,0,2805,35,minutesPlayed,BEL,2025-2026,datafc_sofascore,2026-08-09T08:07:33.988763
38,77040,Mathis Servais,1093876,KV Mechelen,5044,2,4,6.98,2.95,5.07,41,11,35,11,48,5,0,2796,32,minutesPlayed,BEL,2025-2026,datafc_sofascore,2026-08-09T08:07:33.988763
38,77040,Jeppe Erenbjerg,1035095,SV Zulte Waregem,2933,13,3,7.12,10.16,5.5,88,32,41,24,24,2,0,2787,35,minutesPlayed,BEL,2025-2026,datafc_sofascore,2026-08-09T08:07:33.988763
38,77040,Thomas Claes,1188173,SV Zulte Waregem,2933,2,1,6.85,2.45,3.5,50,16,32,19,52,3,0,2784,34,minutesPlayed,BEL,2025-2026,datafc_sofascore,2026-08-09T08:07:33.988763
38,77040,Sami Lahssaini,957895,RAAL La Louvière,368506,1,1,6.89,0.41,1.57,13,2,16,20,60,4,0,2770,32,minutesPlayed,BEL,2025-2026,datafc_sofascore,2026-08-09T08:07:33.988763
38,77040,Rafiki Saïd,1047321,Standard Liège,2901,8,4,7.07,10.2,4.41,90,32,28,69,30,4,0,2756,37,minutesPlayed,BEL,2025-2026,datafc_sofascore,2026-08-09T08:07:33.988763
38,77040,Yuto Tsunashima,1470622,Royal Antwerp FC,2889,1,0,6.84,2.15,0.47,12,4,7,6,53,6,0,2740,34,minutesPlayed,BEL,2025-2026,datafc_sofascore,2026-08-09T08:07:33.988763
38,77040,Nathan De Cat,1637689,RSC Anderlecht,2900,2,4,6.75,1.79,2.28,30,6,28,21,60,8,0,2739,36,minutesPlayed,BEL,2025-2026,datafc_sofascore,2026-08-09T08:07:33.988763
38,77040,Yllan Okou,1167514,RAAL La Louvière,368506,1,0,6.96,0.73,1.05,11,3,12,2,36,6,0,2731,33,minutesPlayed,BEL,2025-2026,datafc_sofascore,2026-08-09T08:07:33.988763
38,77040,Thorgan Hazard,94286,RSC Anderlecht,2900,13,7,7.04,11.91,8.06,74,31,78,38,38,6,1,2722,36,minutesPlayed,BEL,2025-2026,datafc_sofascore,2026-08-09T08:07:33.988763
38,77040,Josimar Alcócer,1131598,KVC Westerlo,2893,3,4,6.63,3.61,2.38,54,24,26,47,51,6,0,2722,35,minutesPlayed,BEL,2025-2026,datafc_sofascore,2026-08-09T08:07:33.988763
38,77040,Malcolm Viltard,1092285,FCV Dender,389232,1,1,6.88,0.41,2.6,15,4,27,17,70,6,1,2721,36,minutesPlayed,BEL,2025-2026,datafc_sofascore,2026-08-09T08:07:33.988763
38,77040,Takahiro Akimoto,1028340,Oud-Heverlee Leuven,2918,0,0,6.81,0.82,1.74,19,5,15,14,70,4,0,2710,31,minutesPlayed,BEL,2025-2026,datafc_sofascore,2026-08-09T08:07:33.988763
38,77040,Michał Skóraś,942479,KAA Gent,2903,2,7,7.06,3.87,6.79,43,10,65,37,49,6,1,2697,34,minutesPlayed,BEL,2025-2026,datafc_sofascore,2026-08-09T08:07:33.988763
38,77040,Roman Kvet,858926,FCV Dender,389232,5,0,6.73,4.44,3.29,38,12,39,24,34,5,0,2676,34,minutesPlayed,BEL,2025-2026,datafc_sofascore,2026-08-09T08:07:33.988763
38,77040,Patrick Pflücke,281283,RC Sporting Charleroi,2898,4,8,6.97,5.54,8.28,63,22,67,9,22,0,0,2670,41,minutesPlayed,BEL,2025-2026,datafc_sofascore,2026-08-09T08:07:33.988763
38,77040,Joel Ordóñez,1187275,Club Brugge KV,2888,3,0,6.95,1.91,0.92,16,4,6,3,37,4,2,2668,33,minutesPlayed,BEL,2025-2026,datafc_sofascore,2026-08-09T08:07:33.988763
38,77040,Anouar Ait El Hadj,964764,Royale Union Saint-Gilloise,4860,2,5,6.9,5.0,7.38,42,13,62,13,29,2,0,2660,38,minutesPlayed,BEL,2025-2026,datafc_sofascore,2026-08-09T08:07:33.988763
38,77040,Taishi Brandon Nozawa,1002358,Royal Antwerp FC,2889,0,0,7.19,,0.11,0,0,3,0,3,1,0,2654,30,minutesPlayed,BEL,2025-2026,datafc_sofascore,2026-08-09T08:07:33.988763
38,77040,Ross Sykes,845558,Royale Union Saint-Gilloise,4860,5,0,7.28,3.78,2.34,56,25,21,6,40,9,0,2629,32,minutesPlayed,BEL,2025-2026,datafc_sofascore,2026-08-09T08:07:33.988763
38,77040,Jordi Liongola,1009413,RAAL La Louvière,368506,2,6,6.93,3.28,4.29,29,6,40,27,57,10,0,2618,31,minutesPlayed,BEL,2025-2026,datafc_sofascore,2026-08-09T08:07:33.988763
38,77040,Anosike Ementa,1094132,SV Zulte Waregem,2933,4,8,6.9,7.37,3.77,41,18,61,40,20,5,0,2616,32,minutesPlayed,BEL,2025-2026,datafc_sofascore,2026-08-09T08:07:33.988763
38,77040,Matthieu Epolo,1121943,Standard Liège,2901,0,0,7.32,0.06,0.05,1,0,1,0,1,1,0,2610,29,minutesPlayed,BEL,2025-2026,datafc_sofascore,2026-08-09T08:07:33.988763
38,77040,Edan Diop,1390575,Cercle Brugge,2929,7,3,6.99,6.96,5.33,53,22,46,43,52,7,0,2607,33,minutesPlayed,BEL,2025-2026,datafc_sofascore,2026-08-09T08:07:33.988763
38,77040,José Marsà,962625,KV Mechelen,5044,1,2,6.73,1.7,2.1,15,3,12,9,47,4,0,2594,33,minutesPlayed,BEL,2025-2026,datafc_sofascore,2026-08-09T08:07:33.988763
38,77040,Hannes Van Der Bruggen,94290,Cercle Brugge,2929,0,1,6.96,1.32,1.83,28,4,15,5,73,7,0,2569,32,minutesPlayed,BEL,2025-2026,datafc_sofascore,2026-08-09T08:07:33.988763
38,77040,Parfait Guiagon,1030459,RC Sporting Charleroi,2898,9,5,7.08,7.78,5.5,80,22,52,73,30,6,0,2555,33,minutesPlayed,BEL,2025-2026,datafc_sofascore,2026-08-09T08:07:33.988763
38,77040,Nazinho,1006113,Cercle Brugge,2929,3,7,7.07,0.91,7.69,27,8,59,24,73,13,0,2554,30,minutesPlayed,BEL,2025-2026,datafc_sofascore,2026-08-09T08:07:33.988763
38,77040,Djibril Lamego,1170564,RAAL La Louvière,368506,0,0,6.67,0.09,0.53,4,0,4,8,33,2,0,2553,30,minutesPlayed,BEL,2025-2026,datafc_sofascore,2026-08-09T08:07:33.988763
38,77040,Lucas Hey,1122698,RSC Anderlecht,2900,0,0,6.83,0.71,0.46,10,1,3,4,25,6,0,2535,32,minutesPlayed,BEL,2025-2026,datafc_sofascore,2026-08-09T08:07:33.988763
38,77040,Fabio Ferraro,1145225,FCV Dender,389232,1,3,6.62,2.28,3.94,30,12,41,31,53,5,0,2531,29,minutesPlayed,BEL,2025-2026,datafc_sofascore,2026-08-09T08:07:33.988763
38,77040,Dennis Praet,135647,Royal Antwerp FC,2889,0,0,6.92,0.62,2.25,16,3,26,10,64,3,1,2525,31,minutesPlayed,BEL,2025-2026,datafc_sofascore,2026-08-09T08:07:33.988763
38,77040,Visar Musliu,134231,Sint-Truidense VV,2895,0,0,7.12,1.16,0.58,17,3,4,6,39,4,0,2519,30,minutesPlayed,BEL,2025-2026,datafc_sofascore,2026-08-09T08:07:33.988763
38,77040,Nicolò Tresoldi,1177167,Club Brugge KV,2888,19,5,6.99,16.6,3.73,101,39,38,19,29,1,0,2507,40,minutesPlayed,BEL,2025-2026,datafc_sofascore,2026-08-09T08:07:33.988763
38,77040,Jerry Afriyie,1836721,RAAL La Louvière,368506,5,1,6.52,7.65,2.32,51,21,17,36,23,7,0,2497,31,minutesPlayed,BEL,2025-2026,datafc_sofascore,2026-08-09T08:07:33.988763
38,77040,Leonardo Lopes,783478,KAA Gent,2903,1,1,6.84,2.1,1.39,18,2,13,15,37,3,0,2464,37,minutesPlayed,BEL,2025-2026,datafc_sofascore,2026-08-09T08:07:33.988763
38,77040,Joseph Opoku,1922407,SV Zulte Waregem,2933,10,6,6.91,10.15,3.62,69,25,46,37,16,2,0,2458,33,minutesPlayed,BEL,2025-2026,datafc_sofascore,2026-08-09T08:07:33.988763
38,77040,Marco Ilaimaharitra,358198,Standard Liège,2901,3,0,6.85,3.44,1.16,14,6,21,8,48,10,1,2445,31,minutesPlayed,BEL,2025-2026,datafc_sofascore,2026-08-09T08:07:33.988763
38,77040,Taiga Hata,1002356,Sint-Truidense VV,2895,1,3,6.66,1.79,2.66,6,3,19,10,44,0,0,2444,32,minutesPlayed,BEL,2025-2026,datafc_sofascore,2026-08-09T08:07:33.988763
38,77040,Thibo Somers,1002804,Royal Antwerp FC,2889,4,2,6.88,5.33,4.11,36,16,27,3,74,3,0,2434,32,minutesPlayed,BEL,2025-2026,datafc_sofascore,2026-08-09T08:07:33.988763
38,77040,Henry Lawrence,976265,Standard Liège,2901,2,0,6.78,1.98,1.48,11,3,6,18,36,5,0,2433,30,minutesPlayed,BEL,2025-2026,datafc_sofascore,2026-08-09T08:07:33.988763
38,77040,Antoine Bernier,834261,RC Sporting Charleroi,2898,7,2,6.86,4.84,2.76,41,16,29,32,46,7,0,2379,38,minutesPlayed,BEL,2025-2026,datafc_sofascore,2026-08-09T08:07:33.988763
38,77040,Daan Heymans,845344,KRC Genk,2890,10,4,6.98,7.98,2.96,61,25,33,11,50,3,0,2362,31,minutesPlayed,BEL,2025-2026,datafc_sofascore,2026-08-09T08:07:33.988763
38,77040,Joël Ito,1593830,RAAL La Louvière,368506,1,1,6.72,1.26,2.37,22,7,17,23,60,2,0,2340,33,minutesPlayed,BEL,2025-2026,datafc_sofascore,2026-08-09T08:07:33.988763
38,77040,Davy Roef,156663,KAA Gent,2903,0,0,7.25,,0.05,0,0,3,0,1,0,0,3720,41,minutesPlayed,BEL,2025-2026,datafc_sofascore,2026-08-09T08:07:33.988763
38,77040,Bryan Heynen,801025,KRC Genk,2890,4,1,7.31,4.75,4.68,48,11,49,22,99,5,0,3603,40,minutesPlayed,BEL,2025-2026,datafc_sofascore,2026-08-09T08:07:33.988763
38,77040,Andreas Jungdal,963038,KVC Westerlo,2893,0,0,6.97,,0.15,0,0,3,0,1,3,0,3600,40,minutesPlayed,BEL,2025-2026,datafc_sofascore,2026-08-09T08:07:33.988763
38,77040,Ewoud Pletinckx,949101,Oud-Heverlee Leuven,2918,3,0,6.74,2.91,1.14,35,12,14,6,55,4,0,3538,40,minutesPlayed,BEL,2025-2026,datafc_sofascore,2026-08-09T08:07:33.988763
38,77040,Matte Smets,1392905,KRC Genk,2890,0,1,7.15,0.75,2.2,15,0,17,5,70,4,0,3509,39,minutesPlayed,BEL,2025-2026,datafc_sofascore,2026-08-09T08:07:33.988763
38,77040,Bryan Reynolds,862075,KVC Westerlo,2893,2,3,6.77,2.75,4.35,22,8,37,37,53,8,0,3494,39,minutesPlayed,BEL,2025-2026,datafc_sofascore,2026-08-09T08:07:33.988763
38,77040,Cheick Keita,1407973,RC Sporting Charleroi,2898,3,0,6.69,2.36,0.27,18,5,1,5,43,5,0,3440,40,minutesPlayed,BEL,2025-2026,datafc_sofascore,2026-08-09T08:07:33.988763
38,77040,Brandon Mechele,248331,Club Brugge KV,2888,5,2,7.29,3.46,1.49,33,14,22,5,77,4,0,3435,39,minutesPlayed,BEL,2025-2026,datafc_sofascore,2026-08-09T08:07:33.988763
38,77040,Léo Kokubo,997020,Sint-Truidense VV,2895,0,0,7.23,,0.05,0,0,0,0,4,5,0,3420,38,minutesPlayed,BEL,2025-2026,datafc_sofascore,2026-08-09T08:07:33.988763
38,77040,Colin Coosemans,122399,RSC Anderlecht,2900,0,0,6.98,,0.11,0,0,2,1,0,2,0,3420,38,minutesPlayed,BEL,2025-2026,datafc_sofascore,2026-08-09T08:07:33.988763
38,77040,Doğucan Haspolat,846087,KVC Westerlo,2893,1,4,7.18,2.52,7.83,46,10,86,19,82,7,0,3395,38,minutesPlayed,BEL,2025-2026,datafc_sofascore,2026-08-09T08:07:33.988763
38,77040,Aiham Ousou,965265,RC Sporting Charleroi,2898,2,1,6.95,3.22,1.58,34,10,11,5,53,12,1,3395,39,minutesPlayed,BEL,2025-2026,datafc_sofascore,2026-08-09T08:07:33.988763
38,77040,Hans Vanaken,118085,Club Brugge KV,2888,7,3,7.45,8.38,8.0,58,21,67,15,38,2,0,3366,39,minutesPlayed,BEL,2025-2026,datafc_sofascore,2026-08-09T08:07:33.988763
38,77040,Fredrik Hammar,946959,KV Mechelen,5044,1,1,7.04,1.75,1.64,28,6,18,20,152,10,0,3366,38,minutesPlayed,BEL,2025-2026,datafc_sofascore,2026-08-09T08:07:33.988763
38,77040,Abdoulaye Sissako,846330,Sint-Truidense VV,2895,2,3,6.82,2.74,1.22,30,4,15,41,91,5,0,3349,40,minutesPlayed,BEL,2025-2026,datafc_sofascore,2026-08-09T08:07:33.988763
38,77040,Emin Bayram,997153,KVC Westerlo,2893,4,2,7.06,4.39,2.88,41,13,20,15,44,4,2,3322,38,minutesPlayed,BEL,2025-2026,datafc_sofascore,2026-08-09T08:07:33.988763
38,77040,Rihito Yamamoto,1030211,Sint-Truidense VV,2895,5,6,7.08,5.87,6.27,51,16,62,21,75,6,0,3290,38,minutesPlayed,BEL,2025-2026,datafc_sofascore,2026-08-09T08:07:33.988763
38,77040,Ilias Sebaoui,1154586,Sint-Truidense VV,2895,5,5,6.81,8.33,5.21,93,27,36,43,46,3,0,3272,40,minutesPlayed,BEL,2025-2026,datafc_sofascore,2026-08-09T08:07:33.988763
38,77040,Aurélien Scheidler,915567,RC Sporting Charleroi,2898,9,4,6.81,12.47,2.75,71,28,38,10,8,3,0,3266,40,minutesPlayed,BEL,2025-2026,datafc_sofascore,2026-08-09T08:07:33.988763
38,77040,Brent Gabriel,861977,SV Zulte Waregem,2933,0,1,7.26,,0.6,0,0,2,1,1,1,0,3240,36,minutesPlayed,BEL,2025-2026,datafc_sofascore,2026-08-09T08:07:33.988763
38,77040,Luc Marijnissen,1086107,FCV Dender,389232,1,0,6.73,1.59,1.25,16,6,11,13,84,7,0,3225,37,minutesPlayed,BEL,2025-2026,datafc_sofascore,2026-08-09T08:07:33.988763
38,77040,Christian Burgess,303634,Royale Union Saint-Gilloise,4860,2,3,7.31,1.63,1.37,23,8,13,1,53,13,1,3147,35,minutesPlayed,BEL,2025-2026,datafc_sofascore,2026-08-09T08:07:33.988763
38,77040,Anan Khalaili,1403362,Royale Union Saint-Gilloise,4860,3,5,7.22,3.34,7.52,38,13,62,49,69,7,0,3099,38,minutesPlayed,BEL,2025-2026,datafc_sofascore,2026-08-09T08:07:33.988763
38,77040,Vincent Janssen,339901,Royal Antwerp FC,2889,10,7,6.87,12.99,3.46,91,30,33,21,29,8,0,3088,35,minutesPlayed,BEL,2025-2026,datafc_sofascore,2026-08-09T08:07:33.988763
38,77040,Robert-Jan Vanwesemael,1047164,Sint-Truidense VV,2895,1,1,6.75,1.87,4.8,33,8,36,30,70,11,0,3077,37,minutesPlayed,BEL,2025-2026,datafc_sofascore,2026-08-09T08:07:33.988763
38,77040,Aleksandar Stanković,1153957,Club Brugge KV,2888,6,2,7.09,4.66,4.09,74,25,33,8,39,4,0,3076,39,minutesPlayed,BEL,2025-2026,datafc_sofascore,2026-08-09T08:07:33.988763
38,77040,Siebe Van Der Heyden,842164,KAA Gent,2903,2,1,6.74,1.64,1.37,25,8,9,3,54,11,0,3075,36,minutesPlayed,BEL,2025-2026,datafc_sofascore,2026-08-09T08:07:33.988763
38,77040,Christos Tzolis,1031259,Club Brugge KV,2888,17,23,7.71,17.4,15.94,123,44,135,40,29,6,0,3072,36,minutesPlayed,BEL,2025-2026,datafc_sofascore,2026-08-09T08:07:33.988763
38,77040,Zeno Van Den Bosch,1103765,Royal Antwerp FC,2889,0,1,6.91,0.97,1.34,13,6,15,4,57,6,1,3071,35,minutesPlayed,BEL,2025-2026,datafc_sofascore,2026-08-09T08:07:33.988763
38,77040,Marcos Hernán Peano,789394,RAAL La Louvière,368506,0,0,7.37,,0.14,0,0,0,4,4,2,0,3060,34,minutesPlayed,BEL,2025-2026,datafc_sofascore,2026-08-09T08:07:33.988763
38,77040,Thérence Koudou,1392080,KV Mechelen,5044,5,2,6.85,1.64,4.81,25,8,35,38,31,5,0,3060,37,minutesPlayed,BEL,2025-2026,datafc_sofascore,2026-08-09T08:07:33.988763
38,77040,Etienne Camara,1097542,RC Sporting Charleroi,2898,2,3,6.83,1.19,1.37,20,7,20,19,94,11,1,3034,38,minutesPlayed,BEL,2025-2026,datafc_sofascore,2026-08-09T08:07:33.988763
38,77040,Isa Sakamoto,1126245,KVC Westerlo,2893,6,4,6.67,7.98,2.85,66,21,32,62,43,1,0,3021,38,minutesPlayed,BEL,2025-2026,datafc_sofascore,2026-08-09T08:07:33.988763
38,77040,Mujaid Sadick,935309,KRC Genk,2890,2,0,6.83,2.1,0.55,7,3,1,4,76,4,1,3014,36,minutesPlayed,BEL,2025-2026,datafc_sofascore,2026-08-09T08:07:33.988763
38,77040,Mardochee Nzita,990726,RC Sporting Charleroi,2898,0,2,6.77,1.02,3.04,12,3,21,18,65,3,1,3007,38,minutesPlayed,BEL,2025-2026,datafc_sofascore,2026-08-09T08:07:33.988763
38,77040,Zakaria El Ouahdi,1134470,KRC Genk,2890,8,4,7.07,4.96,4.37,70,24,49,36,42,4,0,2996,34,minutesPlayed,BEL,2025-2026,datafc_sofascore,2026-08-09T08:07:33.988763
38,77040,Arthur Piedfort,1149123,KVC Westerlo,2893,3,2,7.07,1.9,3.11,23,7,43,25,86,5,0,2989,36,minutesPlayed,BEL,2025-2026,datafc_sofascore,2026-08-09T08:07:33.988763
38,77040,Joaquin Seys,1395881,Club Brugge KV,2888,2,5,6.81,1.25,3.7,16,4,33,11,56,3,0,2976,39,minutesPlayed,BEL,2025-2026,datafc_sofascore,2026-08-09T08:07:33.988763
38,77040,Adem Zorgane,1000472,Royale Union Saint-Gilloise,4860,4,5,7.04,2.44,6.23,28,12,40,19,64,7,0,2968,37,minutesPlayed,BEL,2025-2026,datafc_sofascore,2026-08-09T08:07:33.988763
38,77040,Shogo Taniguchi,386958,Sint-Truidense VV,2895,1,1,7.07,1.07,1.31,14,2,10,2,43,4,0,2963,38,minutesPlayed,BEL,2025-2026,datafc_sofascore,2026-08-09T08:07:33.988763
38,77040,Ibe Hautekiet,964757,Standard Liège,2901,2,0,6.87,2.36,0.69,17,5,11,1,59,3,0,2954,36,minutesPlayed,BEL,2025-2026,datafc_sofascore,2026-08-09T08:07:33.988763
38,77040,Kevin Mac Allister,895327,Royale Union Saint-Gilloise,4860,1,1,7.14,3.07,2.44,22,5,13,9,112,11,1,2930,34,minutesPlayed,BEL,2025-2026,datafc_sofascore,2026-08-09T08:07:33.988763
38,77040,Nacho Miras,1010556,KV Mechelen,5044,0,0,7.57,,0.03,0,0,0,0,1,2,0,2925,33,minutesPlayed,BEL,2025-2026,datafc_sofascore,2026-08-09T08:07:33.988763
38,77040,Nacho Ferri,1196903,KVC Westerlo,2893,11,2,7.04,16.2,2.4,101,42,30,22,27,7,0,2910,36,minutesPlayed,BEL,2025-2026,datafc_sofascore,2026-08-09T08:07:33.988763
38,77040,Yassine Titraoui,1094538,RC Sporting Charleroi,2898,5,1,7.23,2.9,3.78,53,20,31,26,58,7,0,2904,35,minutesPlayed,BEL,2025-2026,datafc_sofascore,2026-08-09T08:07:33.988763
38,77040,Gary Magnee,990265,Cercle Brugge,2929,4,7,6.93,5.4,6.75,31,10,74,20,72,4,0,2889,34,minutesPlayed,BEL,2025-2026,datafc_sofascore,2026-08-09T08:07:33.988763
38,77040,Keisuke Goto,1391315,Sint-Truidense VV,2895,11,7,6.77,13.43,4.3,62,25,30,7,41,5,0,2885,38,minutesPlayed,BEL,2025-2026,datafc_sofascore,2026-08-09T08:07:33.988763
38,77040,Tobe Leysen,996979,Oud-Heverlee Leuven,2918,0,0,6.97,,0.15,0,0,0,0,3,2,0,2859,32,minutesPlayed,BEL,2025-2026,datafc_sofascore,2026-08-09T08:07:33.988763
38,77040,Redouane Halhal,1143667,KV Mechelen,5044,1,2,6.82,0.94,1.04,12,4,7,4,50,10,0,2849,33,minutesPlayed,BEL,2025-2026,datafc_sofascore,2026-08-09T08:07:33.988763
38,77040,Myron Van Brederode,1012925,KV Mechelen,5044,9,5,7.1,5.95,5.55,41,17,57,49,34,2,0,2840,34,minutesPlayed,BEL,2025-2026,datafc_sofascore,2026-08-09T08:07:33.988763
38,77040,Pieter Gerkens,190401,Cercle Brugge,2929,6,1,6.85,5.58,3.44,41,16,40,7,38,1,0,2840,35,minutesPlayed,BEL,2025-2026,datafc_sofascore,2026-08-09T08:07:33.988763
38,77040,Ryotaro Ito,831697,Sint-Truidense VV,2895,10,5,7.28,8.51,8.81,73,27,102,19,20,1,0,2838,35,minutesPlayed,BEL,2025-2026,datafc_sofascore,2026-08-09T08:07:33.988763
38,77040,Wilfried Kanga,838640,KAA Gent,2903,12,4,6.71,15.13,1.71,90,37,27,8,8,4,0,2836,36,minutesPlayed,BEL,2025-2026,datafc_sofascore,2026-08-09T08:07:33.988763
38,77040,Kjell Scherpen,852394,Royale Union Saint-Gilloise,4860,0,0,7.18,,0.12,0,0,1,0,1,1,0,2835,32,minutesPlayed,BEL,2025-2026,datafc_sofascore,2026-08-09T08:07:33.988763
38,77040,Tiago Araújo,997024,KAA Gent,2903,1,4,6.94,0.83,6.33,21,4,57,20,39,9,0,2820,35,minutesPlayed,BEL,2025-2026,datafc_sofascore,2026-08-09T08:07:33.988763
38,77040,Carlos Forbs,1069486,Club Brugge KV,2888,8,8,7.17,6.18,8.55,57,21,61,52,40,4,0,2816,37,minutesPlayed,BEL,2025-2026,datafc_sofascore,2026-08-09T08:07:33.988763
38,77040,Noah Mbamba,1100321,FCV Dender,389232,2,2,6.88,2.99,2.06,28,9,20,35,93,4,0,2805,35,minutesPlayed,BEL,2025-2026,datafc_sofascore,2026-08-09T08:07:33.988763
38,77040,Mathis Servais,1093876,KV Mechelen,5044,2,4,6.98,2.95,5.07,41,11,35,11,48,5,0,2796,32,minutesPlayed,BEL,2025-2026,datafc_sofascore,2026-08-09T08:07:33.988763
38,77040,Jeppe Erenbjerg,1035095,SV Zulte Waregem,2933,13,3,7.12,10.16,5.5,88,32,41,24,24,2,0,2787,35,minutesPlayed,BEL,2025-2026,datafc_sofascore,2026-08-09T08:07:33.988763
38,77040,Thomas Claes,1188173,SV Zulte Waregem,2933,2,1,6.85,2.45,3.5,50,16,32,19,52,3,0,2784,34,minutesPlayed,BEL,2025-2026,datafc_sofascore,2026-08-09T08:07:33.988763
38,77040,Sami Lahssaini,957895,RAAL La Louvière,368506,1,1,6.89,0.41,1.57,13,2,16,20,60,4,0,2770,32,minutesPlayed,BEL,2025-2026,datafc_sofascore,2026-08-09T08:07:33.988763
38,77040,Rafiki Saïd,1047321,Standard Liège,2901,8,4,7.07,10.2,4.41,90,32,28,69,30,4,0,2756,37,minutesPlayed,BEL,2025-2026,datafc_sofascore,2026-08-09T08:07:33.988763
38,77040,Yuto Tsunashima,1470622,Royal Antwerp FC,2889,1,0,6.84,2.15,0.47,12,4,7,6,53,6,0,2740,34,minutesPlayed,BEL,2025-2026,datafc_sofascore,2026-08-09T08:07:33.988763
38,77040,Nathan De Cat,1637689,RSC Anderlecht,2900,2,4,6.75,1.79,2.28,30,6,28,21,60,8,0,2739,36,minutesPlayed,BEL,2025-2026,datafc_sofascore,2026-08-09T08:07:33.988763
38,77040,Yllan Okou,1167514,RAAL La Louvière,368506,1,0,6.96,0.73,1.05,11,3,12,2,36,6,0,2731,33,minutesPlayed,BEL,2025-2026,datafc_sofascore,2026-08-09T08:07:33.988763
38,77040,Thorgan Hazard,94286,RSC Anderlecht,2900,13,7,7.04,11.91,8.06,74,31,78,38,38,6,1,2722,36,minutesPlayed,BEL,2025-2026,datafc_sofascore,2026-08-09T08:07:33.988763
38,77040,Josimar Alcócer,1131598,KVC Westerlo,2893,3,4,6.63,3.61,2.38,54,24,26,47,51,6,0,2722,35,minutesPlayed,BEL,2025-2026,datafc_sofascore,2026-08-09T08:07:33.988763
38,77040,Malcolm Viltard,1092285,FCV Dender,389232,1,1,6.88,0.41,2.6,15,4,27,17,70,6,1,2721,36,minutesPlayed,BEL,2025-2026,datafc_sofascore,2026-08-09T08:07:33.988763
38,77040,Takahiro Akimoto,1028340,Oud-Heverlee Leuven,2918,0,0,6.81,0.82,1.74,19,5,15,14,70,4,0,2710,31,minutesPlayed,BEL,2025-2026,datafc_sofascore,2026-08-09T08:07:33.988763
38,77040,Michał Skóraś,942479,KAA Gent,2903,2,7,7.06,3.87,6.79,43,10,65,37,49,6,1,2697,34,minutesPlayed,BEL,2025-2026,datafc_sofascore,2026-08-09T08:07:33.988763
38,77040,Roman Kvet,858926,FCV Dender,389232,5,0,6.73,4.44,3.29,38,12,39,24,34,5,0,2676,34,minutesPlayed,BEL,2025-2026,datafc_sofascore,2026-08-09T08:07:33.988763
38,77040,Patrick Pflücke,281283,RC Sporting Charleroi,2898,4,8,6.97,5.54,8.28,63,22,67,9,22,0,0,2670,41,minutesPlayed,BEL,2025-2026,datafc_sofascore,2026-08-09T08:07:33.988763
38,77040,Joel Ordóñez,1187275,Club Brugge KV,2888,3,0,6.95,1.91,0.92,16,4,6,3,37,4,2,2668,33,minutesPlayed,BEL,2025-2026,datafc_sofascore,2026-08-09T08:07:33.988763
38,77040,Anouar Ait El Hadj,964764,Royale Union Saint-Gilloise,4860,2,5,6.9,5.0,7.38,42,13,62,13,29,2,0,2660,38,minutesPlayed,BEL,2025-2026,datafc_sofascore,2026-08-09T08:07:33.988763
38,77040,Taishi Brandon Nozawa,1002358,Royal Antwerp FC,2889,0,0,7.19,,0.11,0,0,3,0,3,1,0,2654,30,minutesPlayed,BEL,2025-2026,datafc_sofascore,2026-08-09T08:07:33.988763
38,77040,Ross Sykes,845558,Royale Union Saint-Gilloise,4860,5,0,7.28,3.78,2.34,56,25,21,6,40,9,0,2629,32,minutesPlayed,BEL,2025-2026,datafc_sofascore,2026-08-09T08:07:33.988763
38,77040,Jordi Liongola,1009413,RAAL La Louvière,368506,2,6,6.93,3.28,4.29,29,6,40,27,57,10,0,2618,31,minutesPlayed,BEL,2025-2026,datafc_sofascore,2026-08-09T08:07:33.988763
38,77040,Anosike Ementa,1094132,SV Zulte Waregem,2933,4,8,6.9,7.37,3.77,41,18,61,40,20,5,0,2616,32,minutesPlayed,BEL,2025-2026,datafc_sofascore,2026-08-09T08:07:33.988763
38,77040,Matthieu Epolo,1121943,Standard Liège,2901,0,0,7.32,0.06,0.05,1,0,1,0,1,1,0,2610,29,minutesPlayed,BEL,2025-2026,datafc_sofascore,2026-08-09T08:07:33.988763
38,77040,Edan Diop,1390575,Cercle Brugge,2929,7,3,6.99,6.96,5.33,53,22,46,43,52,7,0,2607,33,minutesPlayed,BEL,2025-2026,datafc_sofascore,2026-08-09T08:07:33.988763
38,77040,José Marsà,962625,KV Mechelen,5044,1,2,6.73,1.7,2.1,15,3,12,9,47,4,0,2594,33,minutesPlayed,BEL,2025-2026,datafc_sofascore,2026-08-09T08:07:33.988763
38,77040,Hannes Van Der Bruggen,94290,Cercle Brugge,2929,0,1,6.96,1.32,1.83,28,4,15,5,73,7,0,2569,32,minutesPlayed,BEL,2025-2026,datafc_sofascore,2026-08-09T08:07:33.988763
38,77040,Parfait Guiagon,1030459,RC Sporting Charleroi,2898,9,5,7.08,7.78,5.5,80,22,52,73,30,6,0,2555,33,minutesPlayed,BEL,2025-2026,datafc_sofascore,2026-08-09T08:07:33.988763
38,77040,Nazinho,1006113,Cercle Brugge,2929,3,7,7.07,0.91,7.69,27,8,59,24,73,13,0,2554,30,minutesPlayed,BEL,2025-2026,datafc_sofascore,2026-08-09T08:07:33.988763
38,77040,Djibril Lamego,1170564,RAAL La Louvière,368506,0,0,6.67,0.09,0.53,4,0,4,8,33,2,0,2553,30,minutesPlayed,BEL,2025-2026,datafc_sofascore,2026-08-09T08:07:33.988763
38,77040,Lucas Hey,1122698,RSC Anderlecht,2900,0,0,6.83,0.71,0.46,10,1,3,4,25,6,0,2535,32,minutesPlayed,BEL,2025-2026,datafc_sofascore,2026-08-09T08:07:33.988763
38,77040,Fabio Ferraro,1145225,FCV Dender,389232,1,3,6.62,2.28,3.94,30,12,41,31,53,5,0,2531,29,minutesPlayed,BEL,2025-2026,datafc_sofascore,2026-08-09T08:07:33.988763
38,77040,Dennis Praet,135647,Royal Antwerp FC,2889,0,0,6.92,0.62,2.25,16,3,26,10,64,3,1,2525,31,minutesPlayed,BEL,2025-2026,datafc_sofascore,2026-08-09T08:07:33.988763
38,77040,Visar Musliu,134231,Sint-Truidense VV,2895,0,0,7.12,1.16,0.58,17,3,4,6,39,4,0,2519,30,minutesPlayed,BEL,2025-2026,datafc_sofascore,2026-08-09T08:07:33.988763
38,77040,Nicolò Tresoldi,1177167,Club Brugge KV,2888,19,5,6.99,16.6,3.73,101,39,38,19,29,1,0,2507,40,minutesPlayed,BEL,2025-2026,datafc_sofascore,2026-08-09T08:07:33.988763
38,77040,Jerry Afriyie,1836721,RAAL La Louvière,368506,5,1,6.52,7.65,2.32,51,21,17,36,23,7,0,2497,31,minutesPlayed,BEL,2025-2026,datafc_sofascore,2026-08-09T08:07:33.988763
38,77040,Leonardo Lopes,783478,KAA Gent,2903,1,1,6.84,2.1,1.39,18,2,13,15,37,3,0,2464,37,minutesPlayed,BEL,2025-2026,datafc_sofascore,2026-08-09T08:07:33.988763
38,77040,Joseph Opoku,1922407,SV Zulte Waregem,2933,10,6,6.91,10.15,3.62,69,25,46,37,16,2,0,2458,33,minutesPlayed,BEL,2025-2026,datafc_sofascore,2026-08-09T08:07:33.988763
38,77040,Marco Ilaimaharitra,358198,Standard Liège,2901,3,0,6.85,3.44,1.16,14,6,21,8,48,10,1,2445,31,minutesPlayed,BEL,2025-2026,datafc_sofascore,2026-08-09T08:07:33.988763
38,77040,Taiga Hata,1002356,Sint-Truidense VV,2895,1,3,6.66,1.79,2.66,6,3,19,10,44,0,0,2444,32,minutesPlayed,BEL,2025-2026,datafc_sofascore,2026-08-09T08:07:33.988763
38,77040,Thibo Somers,1002804,Royal Antwerp FC,2889,4,2,6.88,5.33,4.11,36,16,27,3,74,3,0,2434,32,minutesPlayed,BEL,2025-2026,datafc_sofascore,2026-08-09T08:07:33.988763
38,77040,Henry Lawrence,976265,Standard Liège,2901,2,0,6.78,1.98,1.48,11,3,6,18,36,5,0,2433,30,minutesPlayed,BEL,2025-2026,datafc_sofascore,2026-08-09T08:07:33.988763
38,77040,Antoine Bernier,834261,RC Sporting Charleroi,2898,7,2,6.86,4.84,2.76,41,16,29,32,46,7,0,2379,38,minutesPlayed,BEL,2025-2026,datafc_sofascore,2026-08-09T08:07:33.988763
38,77040,Daan Heymans,845344,KRC Genk,2890,10,4,6.98,7.98,2.96,61,25,33,11,50,3,0,2362,31,minutesPlayed,BEL,2025-2026,datafc_sofascore,2026-08-09T08:07:33.988763
38,77040,Joël Ito,1593830,RAAL La Louvière,368506,1,1,6.72,1.26,2.37,22,7,17,23,60,2,0,2340,33,minutesPlayed,BEL,2025-2026,datafc_sofascore,2026-08-09T08:07:33.988763
38,77040,Davy Roef,156663,KAA Gent,2903,0,0,7.25,,0.05,0,0,3,0,1,0,0,3720,41,appearances,BEL,2025-2026,datafc_sofascore,2026-08-09T08:07:33.988763
38,77040,Patrick Pflücke,281283,RC Sporting Charleroi,2898,4,8,6.97,5.54,8.28,63,22,67,9,22,0,0,2670,41,appearances,BEL,2025-2026,datafc_sofascore,2026-08-09T08:07:33.988763
38,77040,Bryan Heynen,801025,KRC Genk,2890,4,1,7.31,4.75,4.68,48,11,49,22,99,5,0,3603,40,appearances,BEL,2025-2026,datafc_sofascore,2026-08-09T08:07:33.988763
38,77040,Nicolò Tresoldi,1177167,Club Brugge KV,2888,19,5,6.99,16.6,3.73,101,39,38,19,29,1,0,2507,40,appearances,BEL,2025-2026,datafc_sofascore,2026-08-09T08:07:33.988763
38,77040,Andreas Jungdal,963038,KVC Westerlo,2893,0,0,6.97,,0.15,0,0,3,0,1,3,0,3600,40,appearances,BEL,2025-2026,datafc_sofascore,2026-08-09T08:07:33.988763
38,77040,Abdoulaye Sissako,846330,Sint-Truidense VV,2895,2,3,6.82,2.74,1.22,30,4,15,41,91,5,0,3349,40,appearances,BEL,2025-2026,datafc_sofascore,2026-08-09T08:07:33.988763
38,77040,Aurélien Scheidler,915567,RC Sporting Charleroi,2898,9,4,6.81,12.47,2.75,71,28,38,10,8,3,0,3266,40,appearances,BEL,2025-2026,datafc_sofascore,2026-08-09T08:07:33.988763
38,77040,Ilias Sebaoui,1154586,Sint-Truidense VV,2895,5,5,6.81,8.33,5.21,93,27,36,43,46,3,0,3272,40,appearances,BEL,2025-2026,datafc_sofascore,2026-08-09T08:07:33.988763
38,77040,Ewoud Pletinckx,949101,Oud-Heverlee Leuven,2918,3,0,6.74,2.91,1.14,35,12,14,6,55,4,0,3538,40,appearances,BEL,2025-2026,datafc_sofascore,2026-08-09T08:07:33.988763
38,77040,Cheick Keita,1407973,RC Sporting Charleroi,2898,3,0,6.69,2.36,0.27,18,5,1,5,43,5,0,3440,40,appearances,BEL,2025-2026,datafc_sofascore,2026-08-09T08:07:33.988763
38,77040,Hans Vanaken,118085,Club Brugge KV,2888,7,3,7.45,8.38,8.0,58,21,67,15,38,2,0,3366,39,appearances,BEL,2025-2026,datafc_sofascore,2026-08-09T08:07:33.988763
38,77040,Brandon Mechele,248331,Club Brugge KV,2888,5,2,7.29,3.46,1.49,33,14,22,5,77,4,0,3435,39,appearances,BEL,2025-2026,datafc_sofascore,2026-08-09T08:07:33.988763
38,77040,Matte Smets,1392905,KRC Genk,2890,0,1,7.15,0.75,2.2,15,0,17,5,70,4,0,3509,39,appearances,BEL,2025-2026,datafc_sofascore,2026-08-09T08:07:33.988763
38,77040,Aleksandar Stanković,1153957,Club Brugge KV,2888,6,2,7.09,4.66,4.09,74,25,33,8,39,4,0,3076,39,appearances,BEL,2025-2026,datafc_sofascore,2026-08-09T08:07:33.988763
38,77040,Aiham Ousou,965265,RC Sporting Charleroi,2898,2,1,6.95,3.22,1.58,34,10,11,5,53,12,1,3395,39,appearances,BEL,2025-2026,datafc_sofascore,2026-08-09T08:07:33.988763
38,77040,Joaquin Seys,1395881,Club Brugge KV,2888,2,5,6.81,1.25,3.7,16,4,33,11,56,3,0,2976,39,appearances,BEL,2025-2026,datafc_sofascore,2026-08-09T08:07:33.988763
38,77040,Bryan Reynolds,862075,KVC Westerlo,2893,2,3,6.77,2.75,4.35,22,8,37,37,53,8,0,3494,39,appearances,BEL,2025-2026,datafc_sofascore,2026-08-09T08:07:33.988763
38,77040,Léo Kokubo,997020,Sint-Truidense VV,2895,0,0,7.23,,0.05,0,0,0,0,4,5,0,3420,38,appearances,BEL,2025-2026,datafc_sofascore,2026-08-09T08:07:33.988763
38,77040,Anan Khalaili,1403362,Royale Union Saint-Gilloise,4860,3,5,7.22,3.34,7.52,38,13,62,49,69,7,0,3099,38,appearances,BEL,2025-2026,datafc_sofascore,2026-08-09T08:07:33.988763
38,77040,Doğucan Haspolat,846087,KVC Westerlo,2893,1,4,7.18,2.52,7.83,46,10,86,19,82,7,0,3395,38,appearances,BEL,2025-2026,datafc_sofascore,2026-08-09T08:07:33.988763
38,77040,Rihito Yamamoto,1030211,Sint-Truidense VV,2895,5,6,7.08,5.87,6.27,51,16,62,21,75,6,0,3290,38,appearances,BEL,2025-2026,datafc_sofascore,2026-08-09T08:07:33.988763
38,77040,Shogo Taniguchi,386958,Sint-Truidense VV,2895,1,1,7.07,1.07,1.31,14,2,10,2,43,4,0,2963,38,appearances,BEL,2025-2026,datafc_sofascore,2026-08-09T08:07:33.988763
38,77040,Emin Bayram,997153,KVC Westerlo,2893,4,2,7.06,4.39,2.88,41,13,20,15,44,4,2,3322,38,appearances,BEL,2025-2026,datafc_sofascore,2026-08-09T08:07:33.988763
38,77040,Fredrik Hammar,946959,KV Mechelen,5044,1,1,7.04,1.75,1.64,28,6,18,20,152,10,0,3366,38,appearances,BEL,2025-2026,datafc_sofascore,2026-08-09T08:07:33.988763
38,77040,Colin Coosemans,122399,RSC Anderlecht,2900,0,0,6.98,,0.11,0,0,2,1,0,2,0,3420,38,appearances,BEL,2025-2026,datafc_sofascore,2026-08-09T08:07:33.988763
38,77040,Tobias Mohr,237048,Standard Liège,2901,2,2,6.91,1.09,5.42,25,5,44,20,50,5,0,2310,38,appearances,BEL,2025-2026,datafc_sofascore,2026-08-09T08:07:33.988763
38,77040,Anouar Ait El Hadj,964764,Royale Union Saint-Gilloise,4860,2,5,6.9,5.0,7.38,42,13,62,13,29,2,0,2660,38,appearances,BEL,2025-2026,datafc_sofascore,2026-08-09T08:07:33.988763
38,77040,Antoine Bernier,834261,RC Sporting Charleroi,2898,7,2,6.86,4.84,2.76,41,16,29,32,46,7,0,2379,38,appearances,BEL,2025-2026,datafc_sofascore,2026-08-09T08:07:33.988763
38,77040,Etienne Camara,1097542,RC Sporting Charleroi,2898,2,3,6.83,1.19,1.37,20,7,20,19,94,11,1,3034,38,appearances,BEL,2025-2026,datafc_sofascore,2026-08-09T08:07:33.988763
38,77040,Keisuke Goto,1391315,Sint-Truidense VV,2895,11,7,6.77,13.43,4.3,62,25,30,7,41,5,0,2885,38,appearances,BEL,2025-2026,datafc_sofascore,2026-08-09T08:07:33.988763
38,77040,Mardochee Nzita,990726,RC Sporting Charleroi,2898,0,2,6.77,1.02,3.04,12,3,21,18,65,3,1,3007,38,appearances,BEL,2025-2026,datafc_sofascore,2026-08-09T08:07:33.988763
38,77040,Isa Sakamoto,1126245,KVC Westerlo,2893,6,4,6.67,7.98,2.85,66,21,32,62,43,1,0,3021,38,appearances,BEL,2025-2026,datafc_sofascore,2026-08-09T08:07:33.988763
38,77040,Carlos Forbs,1069486,Club Brugge KV,2888,8,8,7.17,6.18,8.55,57,21,61,52,40,4,0,2816,37,appearances,BEL,2025-2026,datafc_sofascore,2026-08-09T08:07:33.988763
38,77040,Rafiki Saïd,1047321,Standard Liège,2901,8,4,7.07,10.2,4.41,90,32,28,69,30,4,0,2756,37,appearances,BEL,2025-2026,datafc_sofascore,2026-08-09T08:07:33.988763
38,77040,Adem Zorgane,1000472,Royale Union Saint-Gilloise,4860,4,5,7.04,2.44,6.23,28,12,40,19,64,7,0,2968,37,appearances,BEL,2025-2026,datafc_sofascore,2026-08-09T08:07:33.988763
38,77040,Thérence Koudou,1392080,KV Mechelen,5044,5,2,6.85,1.64,4.81,25,8,35,38,31,5,0,3060,37,appearances,BEL,2025-2026,datafc_sofascore,2026-08-09T08:07:33.988763
38,77040,Leonardo Lopes,783478,KAA Gent,2903,1,1,6.84,2.1,1.39,18,2,13,15,37,3,0,2464,37,appearances,BEL,2025-2026,datafc_sofascore,2026-08-09T08:07:33.988763
38,77040,Robert-Jan Vanwesemael,1047164,Sint-Truidense VV,2895,1,1,6.75,1.87,4.8,33,8,36,30,70,11,0,3077,37,appearances,BEL,2025-2026,datafc_sofascore,2026-08-09T08:07:33.988763
38,77040,Luc Marijnissen,1086107,FCV Dender,389232,1,0,6.73,1.59,1.25,16,6,11,13,84,7,0,3225,37,appearances,BEL,2025-2026,datafc_sofascore,2026-08-09T08:07:33.988763
38,77040,Jakob Napoleon Romsaas,1198306,RC Sporting Charleroi,2898,2,3,6.72,5.11,2.68,40,15,34,20,27,2,0,1749,37,appearances,BEL,2025-2026,datafc_sofascore,2026-08-09T08:07:33.988763
38,77040,Christos Tzolis,1031259,Club Brugge KV,2888,17,23,7.71,17.4,15.94,123,44,135,40,29,6,0,3072,36,appearances,BEL,2025-2026,datafc_sofascore,2026-08-09T08:07:33.988763
38,77040,Brent Gabriel,861977,SV Zulte Waregem,2933,0,1,7.26,,0.6,0,0,2,1,1,1,0,3240,36,appearances,BEL,2025-2026,datafc_sofascore,2026-08-09T08:07:33.988763
38,77040,Arthur Piedfort,1149123,KVC Westerlo,2893,3,2,7.07,1.9,3.11,23,7,43,25,86,5,0,2989,36,appearances,BEL,2025-2026,datafc_sofascore,2026-08-09T08:07:33.988763
38,77040,Thorgan Hazard,94286,RSC Anderlecht,2900,13,7,7.04,11.91,8.06,74,31,78,38,38,6,1,2722,36,appearances,BEL,2025-2026,datafc_sofascore,2026-08-09T08:07:33.988763
38,77040,Nacho Ferri,1196903,KVC Westerlo,2893,11,2,7.04,16.2,2.4,101,42,30,22,27,7,0,2910,36,appearances,BEL,2025-2026,datafc_sofascore,2026-08-09T08:07:33.988763
38,77040,Youssef Maziz,862821,Oud-Heverlee Leuven,2918,3,4,6.96,4.34,6.75,49,12,63,13,25,6,0,2096,36,appearances,BEL,2025-2026,datafc_sofascore,2026-08-09T08:07:33.988763
38,77040,Rob Schoofs,133164,Royale Union Saint-Gilloise,4860,4,5,6.89,3.11,5.5,42,11,52,7,27,4,0,2013,36,appearances,BEL,2025-2026,datafc_sofascore,2026-08-09T08:07:33.988763
38,77040,Malcolm Viltard,1092285,FCV Dender,389232,1,1,6.88,0.41,2.6,15,4,27,17,70,6,1,2721,36,appearances,BEL,2025-2026,datafc_sofascore,2026-08-09T08:07:33.988763
38,77040,Ibe Hautekiet,964757,Standard Liège,2901,2,0,6.87,2.36,0.69,17,5,11,1,59,3,0,2954,36,appearances,BEL,2025-2026,datafc_sofascore,2026-08-09T08:07:33.988763
38,77040,Mujaid Sadick,935309,KRC Genk,2890,2,0,6.83,2.1,0.55,7,3,1,4,76,4,1,3014,36,appearances,BEL,2025-2026,datafc_sofascore,2026-08-09T08:07:33.988763
38,77040,Nathan De Cat,1637689,RSC Anderlecht,2900,2,4,6.75,1.79,2.28,30,6,28,21,60,8,0,2739,36,appearances,BEL,2025-2026,datafc_sofascore,2026-08-09T08:07:33.988763
38,77040,Siebe Van Der Heyden,842164,KAA Gent,2903,2,1,6.74,1.64,1.37,25,8,9,3,54,11,0,3075,36,appearances,BEL,2025-2026,datafc_sofascore,2026-08-09T08:07:33.988763
38,77040,Wilfried Kanga,838640,KAA Gent,2903,12,4,6.71,15.13,1.71,90,37,27,8,8,4,0,2836,36,appearances,BEL,2025-2026,datafc_sofascore,2026-08-09T08:07:33.988763
38,77040,Christian Burgess,303634,Royale Union Saint-Gilloise,4860,2,3,7.31,1.63,1.37,23,8,13,1,53,13,1,3147,35,appearances,BEL,2025-2026,datafc_sofascore,2026-08-09T08:07:33.988763
38,77040,Ryotaro Ito,831697,Sint-Truidense VV,2895,10,5,7.28,8.51,8.81,73,27,102,19,20,1,0,2838,35,appearances,BEL,2025-2026,datafc_sofascore,2026-08-09T08:07:33.988763
38,77040,Yassine Titraoui,1094538,RC Sporting Charleroi,2898,5,1,7.23,2.9,3.78,53,20,31,26,58,7,0,2904,35,appearances,BEL,2025-2026,datafc_sofascore,2026-08-09T08:07:33.988763
38,77040,Jeppe Erenbjerg,1035095,SV Zulte Waregem,2933,13,3,7.12,10.16,5.5,88,32,41,24,24,2,0,2787,35,appearances,BEL,2025-2026,datafc_sofascore,2026-08-09T08:07:33.988763
38,77040,Tiago Araújo,997024,KAA Gent,2903,1,4,6.94,0.83,6.33,21,4,57,20,39,9,0,2820,35,appearances,BEL,2025-2026,datafc_sofascore,2026-08-09T08:07:33.988763
38,77040,Zeno Van Den Bosch,1103765,Royal Antwerp FC,2889,0,1,6.91,0.97,1.34,13,6,15,4,57,6,1,3071,35,appearances,BEL,2025-2026,datafc_sofascore,2026-08-09T08:07:33.988763
38,77040,Noah Mbamba,1100321,FCV Dender,389232,2,2,6.88,2.99,2.06,28,9,20,35,93,4,0,2805,35,appearances,BEL,2025-2026,datafc_sofascore,2026-08-09T08:07:33.988763
38,77040,Vincent Janssen,339901,Royal Antwerp FC,2889,10,7,6.87,12.99,3.46,91,30,33,21,29,8,0,3088,35,appearances,BEL,2025-2026,datafc_sofascore,2026-08-09T08:07:33.988763
38,77040,Pieter Gerkens,190401,Cercle Brugge,2929,6,1,6.85,5.58,3.44,41,16,40,7,38,1,0,2840,35,appearances,BEL,2025-2026,datafc_sofascore,2026-08-09T08:07:33.988763
38,77040,Romeo Vermant,1069336,Club Brugge KV,2888,8,2,6.64,6.53,1.09,48,19,15,5,19,3,0,1338,35,appearances,BEL,2025-2026,datafc_sofascore,2026-08-09T08:07:33.988763
38,77040,Dennis Eckert Ayensa,812797,Standard Liège,2901,5,0,6.63,5.29,1.66,32,10,17,10,18,2,0,1987,35,appearances,BEL,2025-2026,datafc_sofascore,2026-08-09T08:07:33.988763
38,77040,Josimar Alcócer,1131598,KVC Westerlo,2893,3,4,6.63,3.61,2.38,54,24,26,47,51,6,0,2722,35,appearances,BEL,2025-2026,datafc_sofascore,2026-08-09T08:07:33.988763
38,77040,Nathan Rodes,882003,FCV Dender,389232,0,0,6.62,1.14,0.92,23,4,8,5,51,1,0,2178,35,appearances,BEL,2025-2026,datafc_sofascore,2026-08-09T08:07:33.988763
38,77040,Mathieu Maertens,360652,Oud-Heverlee Leuven,2918,1,3,6.6,5.76,1.05,52,17,19,10,23,5,0,1302,35,appearances,BEL,2025-2026,datafc_sofascore,2026-08-09T08:07:33.988763
38,77040,Marcos Hernán Peano,789394,RAAL La Louvière,368506,0,0,7.37,,0.14,0,0,0,4,4,2,0,3060,34,appearances,BEL,2025-2026,datafc_sofascore,2026-08-09T08:07:33.988763
38,77040,Kevin Mac Allister,895327,Royale Union Saint-Gilloise,4860,1,1,7.14,3.07,2.44,22,5,13,9,112,11,1,2930,34,appearances,BEL,2025-2026,datafc_sofascore,2026-08-09T08:07:33.988763
38,77040,Myron Van Brederode,1012925,KV Mechelen,5044,9,5,7.1,5.95,5.55,41,17,57,49,34,2,0,2840,34,appearances,BEL,2025-2026,datafc_sofascore,2026-08-09T08:07:33.988763
38,77040,Zakaria El Ouahdi,1134470,KRC Genk,2890,8,4,7.07,4.96,4.37,70,24,49,36,42,4,0,2996,34,appearances,BEL,2025-2026,datafc_sofascore,2026-08-09T08:07:33.988763
38,77040,Michał Skóraś,942479,KAA Gent,2903,2,7,7.06,3.87,6.79,43,10,65,37,49,6,1,2697,34,appearances,BEL,2025-2026,datafc_sofascore,2026-08-09T08:07:33.988763
38,77040,Gary Magnee,990265,Cercle Brugge,2929,4,7,6.93,5.4,6.75,31,10,74,20,72,4,0,2889,34,appearances,BEL,2025-2026,datafc_sofascore,2026-08-09T08:07:33.988763
38,77040,Adnane Abid,1127801,Standard Liège,2901,2,5,6.92,2.21,4.2,22,11,44,37,40,5,1,2114,34,appearances,BEL,2025-2026,datafc_sofascore,2026-08-09T08:07:33.988763
38,77040,Konstantinos Karetsas,1468744,KRC Genk,2890,0,10,6.91,4.62,7.63,68,27,68,59,30,3,0,2247,34,appearances,BEL,2025-2026,datafc_sofascore,2026-08-09T08:07:33.988763
38,77040,Louis Patris,923972,Royale Union Saint-Gilloise,4860,0,2,6.89,1.84,2.88,13,6,27,11,57,2,0,1450,34,appearances,BEL,2025-2026,datafc_sofascore,2026-08-09T08:07:33.988763
38,77040,Nathan-Dylan Saliba,1093229,RSC Anderlecht,2900,3,1,6.86,3.27,2.58,59,15,26,19,75,12,1,2319,34,appearances,BEL,2025-2026,datafc_sofascore,2026-08-09T08:07:33.988763
38,77040,Thomas Claes,1188173,SV Zulte Waregem,2933,2,1,6.85,2.45,3.5,50,16,32,19,52,3,0,2784,34,appearances,BEL,2025-2026,datafc_sofascore,2026-08-09T08:07:33.988763
38,77040,Yuto Tsunashima,1470622,Royal Antwerp FC,2889,1,0,6.84,2.15,0.47,12,4,7,6,53,6,0,2740,34,appearances,BEL,2025-2026,datafc_sofascore,2026-08-09T08:07:33.988763
38,77040,Roman Kvet,858926,FCV Dender,389232,5,0,6.73,4.44,3.29,38,12,39,24,34,5,0,2676,34,appearances,BEL,2025-2026,datafc_sofascore,2026-08-09T08:07:33.988763
38,77040,Hyllarion Goore,2048955,KAA Gent,2903,5,4,6.71,5.22,2.29,55,15,20,25,9,2,0,1431,34,appearances,BEL,2025-2026,datafc_sofascore,2026-08-09T08:07:33.988763
38,77040,Steve Ngoura,1394411,Cercle Brugge,2929,7,4,6.67,9.75,2.31,71,23,22,27,9,2,0,2097,34,appearances,BEL,2025-2026,datafc_sofascore,2026-08-09T08:07:33.988763
38,77040,Tristan Degreef,1436187,RSC Anderlecht,2900,4,2,6.65,2.62,1.63,39,15,22,15,49,3,1,1891,34,appearances,BEL,2025-2026,datafc_sofascore,2026-08-09T08:07:33.988763
38,77040,Chukwubuikem Ikwuemesi,1143547,Oud-Heverlee Leuven,2918,4,0,6.54,5.11,0.95,46,19,16,20,7,4,0,1829,34,appearances,BEL,2025-2026,datafc_sofascore,2026-08-09T08:07:33.988763
38,77040,Nacho Miras,1010556,KV Mechelen,5044,0,0,7.57,,0.03,0,0,0,0,1,2,0,2925,33,appearances,BEL,2025-2026,datafc_sofascore,2026-08-09T08:07:33.988763
38,77040,Parfait Guiagon,1030459,RC Sporting Charleroi,2898,9,5,7.08,7.78,5.5,80,22,52,73,30,6,0,2555,33,appearances,BEL,2025-2026,datafc_sofascore,2026-08-09T08:07:33.988763
38,77040,Edan Diop,1390575,Cercle Brugge,2929,7,3,6.99,6.96,5.33,53,22,46,43,52,7,0,2607,33,appearances,BEL,2025-2026,datafc_sofascore,2026-08-09T08:07:33.988763
38,77040,Yllan Okou,1167514,RAAL La Louvière,368506,1,0,6.96,0.73,1.05,11,3,12,2,36,6,0,2731,33,appearances,BEL,2025-2026,datafc_sofascore,2026-08-09T08:07:33.988763
38,77040,Joel Ordóñez,1187275,Club Brugge KV,2888,3,0,6.95,1.91,0.92,16,4,6,3,37,4,2,2668,33,appearances,BEL,2025-2026,datafc_sofascore,2026-08-09T08:07:33.988763
38,77040,Joseph Opoku,1922407,SV Zulte Waregem,2933,10,6,6.91,10.15,3.62,69,25,46,37,16,2,0,2458,33,appearances,BEL,2025-2026,datafc_sofascore,2026-08-09T08:07:33.988763
38,77040,Abdelkahar Kadri,1007528,KAA Gent,2903,2,5,6.89,2.42,2.53,27,9,32,24,43,5,0,2076,33,appearances,BEL,2025-2026,datafc_sofascore,2026-08-09T08:07:33.988763
38,77040,Redouane Halhal,1143667,KV Mechelen,5044,1,2,6.82,0.94,1.04,12,4,7,4,50,10,0,2849,33,appearances,BEL,2025-2026,datafc_sofascore,2026-08-09T08:07:33.988763
38,77040,Ryan Merlen,1402293,Sint-Truidense VV,2895,3,2,6.82,3.41,2.27,24,5,19,9,8,4,1,965,33,appearances,BEL,2025-2026,datafc_sofascore,2026-08-09T08:07:33.988763
38,77040,Kerim Mrabti,338869,KV Mechelen,5044,5,3,6.81,3.37,1.81,29,10,20,8,31,5,0,2300,33,appearances,BEL,2025-2026,datafc_sofascore,2026-08-09T08:07:33.988763
38,77040,Daam Foulon,826170,Royal Antwerp FC,2889,0,4,6.78,0.68,3.5,13,4,33,10,56,5,2,2290,33,appearances,BEL,2025-2026,datafc_sofascore,2026-08-09T08:07:33.988763
38,77040,José Marsà,962625,KV Mechelen,5044,1,2,6.73,1.7,2.1,15,3,12,9,47,4,0,2594,33,appearances,BEL,2025-2026,datafc_sofascore,2026-08-09T08:07:33.988763
38,77040,Joël Ito,1593830,RAAL La Louvière,368506,1,1,6.72,1.26,2.37,22,7,17,23,60,2,0,2340,33,appearances,BEL,2025-2026,datafc_sofascore,2026-08-09T08:07:33.988763
38,77040,Adriano Bertaccini,867250,RSC Anderlecht,2900,7,2,6.7,7.73,1.74,65,28,15,17,14,5,1,1603,33,appearances,BEL,2025-2026,datafc_sofascore,2026-08-09T08:07:33.988763
38,77040,Bill Antonio,1158921,KV Mechelen,5044,1,1,6.63,1.11,1.75,15,4,13,27,16,2,0,1168,33,appearances,BEL,2025-2026,datafc_sofascore,2026-08-09T08:07:33.988763
38,77040,Óscar Gil,959820,Oud-Heverlee Leuven,2918,2,1,6.54,2.33,2.05,22,10,16,18,66,12,1,2325,33,appearances,BEL,2025-2026,datafc_sofascore,2026-08-09T08:07:33.988763
38,77040,Davy Roef,156663,KAA Gent,2903,0,0,7.25,,0.05,0,0,3,0,1,0,0,3720,41,appearances,BEL,2025-2026,datafc_sofascore,2026-08-09T08:07:33.988763
38,77040,Patrick Pflücke,281283,RC Sporting Charleroi,2898,4,8,6.97,5.54,8.28,63,22,67,9,22,0,0,2670,41,appearances,BEL,2025-2026,datafc_sofascore,2026-08-09T08:07:33.988763
38,77040,Bryan Heynen,801025,KRC Genk,2890,4,1,7.31,4.75,4.68,48,11,49,22,99,5,0,3603,40,appearances,BEL,2025-2026,datafc_sofascore,2026-08-09T08:07:33.988763
38,77040,Nicolò Tresoldi,1177167,Club Brugge KV,2888,19,5,6.99,16.6,3.73,101,39,38,19,29,1,0,2507,40,appearances,BEL,2025-2026,datafc_sofascore,2026-08-09T08:07:33.988763
38,77040,Andreas Jungdal,963038,KVC Westerlo,2893,0,0,6.97,,0.15,0,0,3,0,1,3,0,3600,40,appearances,BEL,2025-2026,datafc_sofascore,2026-08-09T08:07:33.988763
38,77040,Abdoulaye Sissako,846330,Sint-Truidense VV,2895,2,3,6.82,2.74,1.22,30,4,15,41,91,5,0,3349,40,appearances,BEL,2025-2026,datafc_sofascore,2026-08-09T08:07:33.988763
38,77040,Aurélien Scheidler,915567,RC Sporting Charleroi,2898,9,4,6.81,12.47,2.75,71,28,38,10,8,3,0,3266,40,appearances,BEL,2025-2026,datafc_sofascore,2026-08-09T08:07:33.988763
38,77040,Ilias Sebaoui,1154586,Sint-Truidense VV,2895,5,5,6.81,8.33,5.21,93,27,36,43,46,3,0,3272,40,appearances,BEL,2025-2026,datafc_sofascore,2026-08-09T08:07:33.988763
38,77040,Ewoud Pletinckx,949101,Oud-Heverlee Leuven,2918,3,0,6.74,2.91,1.14,35,12,14,6,55,4,0,3538,40,appearances,BEL,2025-2026,datafc_sofascore,2026-08-09T08:07:33.988763
38,77040,Cheick Keita,1407973,RC Sporting Charleroi,2898,3,0,6.69,2.36,0.27,18,5,1,5,43,5,0,3440,40,appearances,BEL,2025-2026,datafc_sofascore,2026-08-09T08:07:33.988763
38,77040,Hans Vanaken,118085,Club Brugge KV,2888,7,3,7.45,8.38,8.0,58,21,67,15,38,2,0,3366,39,appearances,BEL,2025-2026,datafc_sofascore,2026-08-09T08:07:33.988763
38,77040,Brandon Mechele,248331,Club Brugge KV,2888,5,2,7.29,3.46,1.49,33,14,22,5,77,4,0,3435,39,appearances,BEL,2025-2026,datafc_sofascore,2026-08-09T08:07:33.988763
38,77040,Matte Smets,1392905,KRC Genk,2890,0,1,7.15,0.75,2.2,15,0,17,5,70,4,0,3509,39,appearances,BEL,2025-2026,datafc_sofascore,2026-08-09T08:07:33.988763
38,77040,Aleksandar Stanković,1153957,Club Brugge KV,2888,6,2,7.09,4.66,4.09,74,25,33,8,39,4,0,3076,39,appearances,BEL,2025-2026,datafc_sofascore,2026-08-09T08:07:33.988763
38,77040,Aiham Ousou,965265,RC Sporting Charleroi,2898,2,1,6.95,3.22,1.58,34,10,11,5,53,12,1,3395,39,appearances,BEL,2025-2026,datafc_sofascore,2026-08-09T08:07:33.988763
38,77040,Joaquin Seys,1395881,Club Brugge KV,2888,2,5,6.81,1.25,3.7,16,4,33,11,56,3,0,2976,39,appearances,BEL,2025-2026,datafc_sofascore,2026-08-09T08:07:33.988763
38,77040,Bryan Reynolds,862075,KVC Westerlo,2893,2,3,6.77,2.75,4.35,22,8,37,37,53,8,0,3494,39,appearances,BEL,2025-2026,datafc_sofascore,2026-08-09T08:07:33.988763
38,77040,Léo Kokubo,997020,Sint-Truidense VV,2895,0,0,7.23,,0.05,0,0,0,0,4,5,0,3420,38,appearances,BEL,2025-2026,datafc_sofascore,2026-08-09T08:07:33.988763
38,77040,Anan Khalaili,1403362,Royale Union Saint-Gilloise,4860,3,5,7.22,3.34,7.52,38,13,62,49,69,7,0,3099,38,appearances,BEL,2025-2026,datafc_sofascore,2026-08-09T08:07:33.988763
38,77040,Doğucan Haspolat,846087,KVC Westerlo,2893,1,4,7.18,2.52,7.83,46,10,86,19,82,7,0,3395,38,appearances,BEL,2025-2026,datafc_sofascore,2026-08-09T08:07:33.988763
38,77040,Rihito Yamamoto,1030211,Sint-Truidense VV,2895,5,6,7.08,5.87,6.27,51,16,62,21,75,6,0,3290,38,appearances,BEL,2025-2026,datafc_sofascore,2026-08-09T08:07:33.988763
38,77040,Shogo Taniguchi,386958,Sint-Truidense VV,2895,1,1,7.07,1.07,1.31,14,2,10,2,43,4,0,2963,38,appearances,BEL,2025-2026,datafc_sofascore,2026-08-09T08:07:33.988763
38,77040,Emin Bayram,997153,KVC Westerlo,2893,4,2,7.06,4.39,2.88,41,13,20,15,44,4,2,3322,38,appearances,BEL,2025-2026,datafc_sofascore,2026-08-09T08:07:33.988763
38,77040,Fredrik Hammar,946959,KV Mechelen,5044,1,1,7.04,1.75,1.64,28,6,18,20,152,10,0,3366,38,appearances,BEL,2025-2026,datafc_sofascore,2026-08-09T08:07:33.988763
38,77040,Colin Coosemans,122399,RSC Anderlecht,2900,0,0,6.98,,0.11,0,0,2,1,0,2,0,3420,38,appearances,BEL,2025-2026,datafc_sofascore,2026-08-09T08:07:33.988763
38,77040,Tobias Mohr,237048,Standard Liège,2901,2,2,6.91,1.09,5.42,25,5,44,20,50,5,0,2310,38,appearances,BEL,2025-2026,datafc_sofascore,2026-08-09T08:07:33.988763
38,77040,Anouar Ait El Hadj,964764,Royale Union Saint-Gilloise,4860,2,5,6.9,5.0,7.38,42,13,62,13,29,2,0,2660,38,appearances,BEL,2025-2026,datafc_sofascore,2026-08-09T08:07:33.988763
38,77040,Antoine Bernier,834261,RC Sporting Charleroi,2898,7,2,6.86,4.84,2.76,41,16,29,32,46,7,0,2379,38,appearances,BEL,2025-2026,datafc_sofascore,2026-08-09T08:07:33.988763
38,77040,Etienne Camara,1097542,RC Sporting Charleroi,2898,2,3,6.83,1.19,1.37,20,7,20,19,94,11,1,3034,38,appearances,BEL,2025-2026,datafc_sofascore,2026-08-09T08:07:33.988763
38,77040,Keisuke Goto,1391315,Sint-Truidense VV,2895,11,7,6.77,13.43,4.3,62,25,30,7,41,5,0,2885,38,appearances,BEL,2025-2026,datafc_sofascore,2026-08-09T08:07:33.988763
38,77040,Mardochee Nzita,990726,RC Sporting Charleroi,2898,0,2,6.77,1.02,3.04,12,3,21,18,65,3,1,3007,38,appearances,BEL,2025-2026,datafc_sofascore,2026-08-09T08:07:33.988763
38,77040,Isa Sakamoto,1126245,KVC Westerlo,2893,6,4,6.67,7.98,2.85,66,21,32,62,43,1,0,3021,38,appearances,BEL,2025-2026,datafc_sofascore,2026-08-09T08:07:33.988763
38,77040,Carlos Forbs,1069486,Club Brugge KV,2888,8,8,7.17,6.18,8.55,57,21,61,52,40,4,0,2816,37,appearances,BEL,2025-2026,datafc_sofascore,2026-08-09T08:07:33.988763
38,77040,Rafiki Saïd,1047321,Standard Liège,2901,8,4,7.07,10.2,4.41,90,32,28,69,30,4,0,2756,37,appearances,BEL,2025-2026,datafc_sofascore,2026-08-09T08:07:33.988763
38,77040,Adem Zorgane,1000472,Royale Union Saint-Gilloise,4860,4,5,7.04,2.44,6.23,28,12,40,19,64,7,0,2968,37,appearances,BEL,2025-2026,datafc_sofascore,2026-08-09T08:07:33.988763
38,77040,Thérence Koudou,1392080,KV Mechelen,5044,5,2,6.85,1.64,4.81,25,8,35,38,31,5,0,3060,37,appearances,BEL,2025-2026,datafc_sofascore,2026-08-09T08:07:33.988763
38,77040,Leonardo Lopes,783478,KAA Gent,2903,1,1,6.84,2.1,1.39,18,2,13,15,37,3,0,2464,37,appearances,BEL,2025-2026,datafc_sofascore,2026-08-09T08:07:33.988763
38,77040,Robert-Jan Vanwesemael,1047164,Sint-Truidense VV,2895,1,1,6.75,1.87,4.8,33,8,36,30,70,11,0,3077,37,appearances,BEL,2025-2026,datafc_sofascore,2026-08-09T08:07:33.988763
38,77040,Luc Marijnissen,1086107,FCV Dender,389232,1,0,6.73,1.59,1.25,16,6,11,13,84,7,0,3225,37,appearances,BEL,2025-2026,datafc_sofascore,2026-08-09T08:07:33.988763
38,77040,Jakob Napoleon Romsaas,1198306,RC Sporting Charleroi,2898,2,3,6.72,5.11,2.68,40,15,34,20,27,2,0,1749,37,appearances,BEL,2025-2026,datafc_sofascore,2026-08-09T08:07:33.988763
38,77040,Christos Tzolis,1031259,Club Brugge KV,2888,17,23,7.71,17.4,15.94,123,44,135,40,29,6,0,3072,36,appearances,BEL,2025-2026,datafc_sofascore,2026-08-09T08:07:33.988763
38,77040,Brent Gabriel,861977,SV Zulte Waregem,2933,0,1,7.26,,0.6,0,0,2,1,1,1,0,3240,36,appearances,BEL,2025-2026,datafc_sofascore,2026-08-09T08:07:33.988763
38,77040,Arthur Piedfort,1149123,KVC Westerlo,2893,3,2,7.07,1.9,3.11,23,7,43,25,86,5,0,2989,36,appearances,BEL,2025-2026,datafc_sofascore,2026-08-09T08:07:33.988763
38,77040,Thorgan Hazard,94286,RSC Anderlecht,2900,13,7,7.04,11.91,8.06,74,31,78,38,38,6,1,2722,36,appearances,BEL,2025-2026,datafc_sofascore,2026-08-09T08:07:33.988763
38,77040,Nacho Ferri,1196903,KVC Westerlo,2893,11,2,7.04,16.2,2.4,101,42,30,22,27,7,0,2910,36,appearances,BEL,2025-2026,datafc_sofascore,2026-08-09T08:07:33.988763
38,77040,Youssef Maziz,862821,Oud-Heverlee Leuven,2918,3,4,6.96,4.34,6.75,49,12,63,13,25,6,0,2096,36,appearances,BEL,2025-2026,datafc_sofascore,2026-08-09T08:07:33.988763
38,77040,Rob Schoofs,133164,Royale Union Saint-Gilloise,4860,4,5,6.89,3.11,5.5,42,11,52,7,27,4,0,2013,36,appearances,BEL,2025-2026,datafc_sofascore,2026-08-09T08:07:33.988763
38,77040,Malcolm Viltard,1092285,FCV Dender,389232,1,1,6.88,0.41,2.6,15,4,27,17,70,6,1,2721,36,appearances,BEL,2025-2026,datafc_sofascore,2026-08-09T08:07:33.988763
38,77040,Ibe Hautekiet,964757,Standard Liège,2901,2,0,6.87,2.36,0.69,17,5,11,1,59,3,0,2954,36,appearances,BEL,2025-2026,datafc_sofascore,2026-08-09T08:07:33.988763
38,77040,Mujaid Sadick,935309,KRC Genk,2890,2,0,6.83,2.1,0.55,7,3,1,4,76,4,1,3014,36,appearances,BEL,2025-2026,datafc_sofascore,2026-08-09T08:07:33.988763
38,77040,Nathan De Cat,1637689,RSC Anderlecht,2900,2,4,6.75,1.79,2.28,30,6,28,21,60,8,0,2739,36,appearances,BEL,2025-2026,datafc_sofascore,2026-08-09T08:07:33.988763
38,77040,Siebe Van Der Heyden,842164,KAA Gent,2903,2,1,6.74,1.64,1.37,25,8,9,3,54,11,0,3075,36,appearances,BEL,2025-2026,datafc_sofascore,2026-08-09T08:07:33.988763
38,77040,Wilfried Kanga,838640,KAA Gent,2903,12,4,6.71,15.13,1.71,90,37,27,8,8,4,0,2836,36,appearances,BEL,2025-2026,datafc_sofascore,2026-08-09T08:07:33.988763
38,77040,Christian Burgess,303634,Royale Union Saint-Gilloise,4860,2,3,7.31,1.63,1.37,23,8,13,1,53,13,1,3147,35,appearances,BEL,2025-2026,datafc_sofascore,2026-08-09T08:07:33.988763
38,77040,Ryotaro Ito,831697,Sint-Truidense VV,2895,10,5,7.28,8.51,8.81,73,27,102,19,20,1,0,2838,35,appearances,BEL,2025-2026,datafc_sofascore,2026-08-09T08:07:33.988763
38,77040,Yassine Titraoui,1094538,RC Sporting Charleroi,2898,5,1,7.23,2.9,3.78,53,20,31,26,58,7,0,2904,35,appearances,BEL,2025-2026,datafc_sofascore,2026-08-09T08:07:33.988763
38,77040,Jeppe Erenbjerg,1035095,SV Zulte Waregem,2933,13,3,7.12,10.16,5.5,88,32,41,24,24,2,0,2787,35,appearances,BEL,2025-2026,datafc_sofascore,2026-08-09T08:07:33.988763
38,77040,Tiago Araújo,997024,KAA Gent,2903,1,4,6.94,0.83,6.33,21,4,57,20,39,9,0,2820,35,appearances,BEL,2025-2026,datafc_sofascore,2026-08-09T08:07:33.988763
38,77040,Zeno Van Den Bosch,1103765,Royal Antwerp FC,2889,0,1,6.91,0.97,1.34,13,6,15,4,57,6,1,3071,35,appearances,BEL,2025-2026,datafc_sofascore,2026-08-09T08:07:33.988763
38,77040,Noah Mbamba,1100321,FCV Dender,389232,2,2,6.88,2.99,2.06,28,9,20,35,93,4,0,2805,35,appearances,BEL,2025-2026,datafc_sofascore,2026-08-09T08:07:33.988763
38,77040,Vincent Janssen,339901,Royal Antwerp FC,2889,10,7,6.87,12.99,3.46,91,30,33,21,29,8,0,3088,35,appearances,BEL,2025-2026,datafc_sofascore,2026-08-09T08:07:33.988763
38,77040,Pieter Gerkens,190401,Cercle Brugge,2929,6,1,6.85,5.58,3.44,41,16,40,7,38,1,0,2840,35,appearances,BEL,2025-2026,datafc_sofascore,2026-08-09T08:07:33.988763
38,77040,Romeo Vermant,1069336,Club Brugge KV,2888,8,2,6.64,6.53,1.09,48,19,15,5,19,3,0,1338,35,appearances,BEL,2025-2026,datafc_sofascore,2026-08-09T08:07:33.988763
38,77040,Dennis Eckert Ayensa,812797,Standard Liège,2901,5,0,6.63,5.29,1.66,32,10,17,10,18,2,0,1987,35,appearances,BEL,2025-2026,datafc_sofascore,2026-08-09T08:07:33.988763
38,77040,Josimar Alcócer,1131598,KVC Westerlo,2893,3,4,6.63,3.61,2.38,54,24,26,47,51,6,0,2722,35,appearances,BEL,2025-2026,datafc_sofascore,2026-08-09T08:07:33.988763
38,77040,Nathan Rodes,882003,FCV Dender,389232,0,0,6.62,1.14,0.92,23,4,8,5,51,1,0,2178,35,appearances,BEL,2025-2026,datafc_sofascore,2026-08-09T08:07:33.988763
38,77040,Mathieu Maertens,360652,Oud-Heverlee Leuven,2918,1,3,6.6,5.76,1.05,52,17,19,10,23,5,0,1302,35,appearances,BEL,2025-2026,datafc_sofascore,2026-08-09T08:07:33.988763
38,77040,Marcos Hernán Peano,789394,RAAL La Louvière,368506,0,0,7.37,,0.14,0,0,0,4,4,2,0,3060,34,appearances,BEL,2025-2026,datafc_sofascore,2026-08-09T08:07:33.988763
38,77040,Kevin Mac Allister,895327,Royale Union Saint-Gilloise,4860,1,1,7.14,3.07,2.44,22,5,13,9,112,11,1,2930,34,appearances,BEL,2025-2026,datafc_sofascore,2026-08-09T08:07:33.988763
38,77040,Myron Van Brederode,1012925,KV Mechelen,5044,9,5,7.1,5.95,5.55,41,17,57,49,34,2,0,2840,34,appearances,BEL,2025-2026,datafc_sofascore,2026-08-09T08:07:33.988763
38,77040,Zakaria El Ouahdi,1134470,KRC Genk,2890,8,4,7.07,4.96,4.37,70,24,49,36,42,4,0,2996,34,appearances,BEL,2025-2026,datafc_sofascore,2026-08-09T08:07:33.988763
38,77040,Michał Skóraś,942479,KAA Gent,2903,2,7,7.06,3.87,6.79,43,10,65,37,49,6,1,2697,34,appearances,BEL,2025-2026,datafc_sofascore,2026-08-09T08:07:33.988763
38,77040,Gary Magnee,990265,Cercle Brugge,2929,4,7,6.93,5.4,6.75,31,10,74,20,72,4,0,2889,34,appearances,BEL,2025-2026,datafc_sofascore,2026-08-09T08:07:33.988763
38,77040,Adnane Abid,1127801,Standard Liège,2901,2,5,6.92,2.21,4.2,22,11,44,37,40,5,1,2114,34,appearances,BEL,2025-2026,datafc_sofascore,2026-08-09T08:07:33.988763
38,77040,Konstantinos Karetsas,1468744,KRC Genk,2890,0,10,6.91,4.62,7.63,68,27,68,59,30,3,0,2247,34,appearances,BEL,2025-2026,datafc_sofascore,2026-08-09T08:07:33.988763
38,77040,Louis Patris,923972,Royale Union Saint-Gilloise,4860,0,2,6.89,1.84,2.88,13,6,27,11,57,2,0,1450,34,appearances,BEL,2025-2026,datafc_sofascore,2026-08-09T08:07:33.988763
38,77040,Nathan-Dylan Saliba,1093229,RSC Anderlecht,2900,3,1,6.86,3.27,2.58,59,15,26,19,75,12,1,2319,34,appearances,BEL,2025-2026,datafc_sofascore,2026-08-09T08:07:33.988763
38,77040,Thomas Claes,1188173,SV Zulte Waregem,2933,2,1,6.85,2.45,3.5,50,16,32,19,52,3,0,2784,34,appearances,BEL,2025-2026,datafc_sofascore,2026-08-09T08:07:33.988763
38,77040,Yuto Tsunashima,1470622,Royal Antwerp FC,2889,1,0,6.84,2.15,0.47,12,4,7,6,53,6,0,2740,34,appearances,BEL,2025-2026,datafc_sofascore,2026-08-09T08:07:33.988763
38,77040,Roman Kvet,858926,FCV Dender,389232,5,0,6.73,4.44,3.29,38,12,39,24,34,5,0,2676,34,appearances,BEL,2025-2026,datafc_sofascore,2026-08-09T08:07:33.988763
38,77040,Hyllarion Goore,2048955,KAA Gent,2903,5,4,6.71,5.22,2.29,55,15,20,25,9,2,0,1431,34,appearances,BEL,2025-2026,datafc_sofascore,2026-08-09T08:07:33.988763
38,77040,Steve Ngoura,1394411,Cercle Brugge,2929,7,4,6.67,9.75,2.31,71,23,22,27,9,2,0,2097,34,appearances,BEL,2025-2026,datafc_sofascore,2026-08-09T08:07:33.988763
38,77040,Tristan Degreef,1436187,RSC Anderlecht,2900,4,2,6.65,2.62,1.63,39,15,22,15,49,3,1,1891,34,appearances,BEL,2025-2026,datafc_sofascore,2026-08-09T08:07:33.988763
38,77040,Chukwubuikem Ikwuemesi,1143547,Oud-Heverlee Leuven,2918,4,0,6.54,5.11,0.95,46,19,16,20,7,4,0,1829,34,appearances,BEL,2025-2026,datafc_sofascore,2026-08-09T08:07:33.988763
38,77040,Nacho Miras,1010556,KV Mechelen,5044,0,0,7.57,,0.03,0,0,0,0,1,2,0,2925,33,appearances,BEL,2025-2026,datafc_sofascore,2026-08-09T08:07:33.988763
38,77040,Parfait Guiagon,1030459,RC Sporting Charleroi,2898,9,5,7.08,7.78,5.5,80,22,52,73,30,6,0,2555,33,appearances,BEL,2025-2026,datafc_sofascore,2026-08-09T08:07:33.988763
38,77040,Edan Diop,1390575,Cercle Brugge,2929,7,3,6.99,6.96,5.33,53,22,46,43,52,7,0,2607,33,appearances,BEL,2025-2026,datafc_sofascore,2026-08-09T08:07:33.988763
38,77040,Yllan Okou,1167514,RAAL La Louvière,368506,1,0,6.96,0.73,1.05,11,3,12,2,36,6,0,2731,33,appearances,BEL,2025-2026,datafc_sofascore,2026-08-09T08:07:33.988763
38,77040,Joel Ordóñez,1187275,Club Brugge KV,2888,3,0,6.95,1.91,0.92,16,4,6,3,37,4,2,2668,33,appearances,BEL,2025-2026,datafc_sofascore,2026-08-09T08:07:33.988763
38,77040,Joseph Opoku,1922407,SV Zulte Waregem,2933,10,6,6.91,10.15,3.62,69,25,46,37,16,2,0,2458,33,appearances,BEL,2025-2026,datafc_sofascore,2026-08-09T08:07:33.988763
38,77040,Abdelkahar Kadri,1007528,KAA Gent,2903,2,5,6.89,2.42,2.53,27,9,32,24,43,5,0,2076,33,appearances,BEL,2025-2026,datafc_sofascore,2026-08-09T08:07:33.988763
38,77040,Redouane Halhal,1143667,KV Mechelen,5044,1,2,6.82,0.94,1.04,12,4,7,4,50,10,0,2849,33,appearances,BEL,2025-2026,datafc_sofascore,2026-08-09T08:07:33.988763
38,77040,Ryan Merlen,1402293,Sint-Truidense VV,2895,3,2,6.82,3.41,2.27,24,5,19,9,8,4,1,965,33,appearances,BEL,2025-2026,datafc_sofascore,2026-08-09T08:07:33.988763
38,77040,Kerim Mrabti,338869,KV Mechelen,5044,5,3,6.81,3.37,1.81,29,10,20,8,31,5,0,2300,33,appearances,BEL,2025-2026,datafc_sofascore,2026-08-09T08:07:33.988763
38,77040,Daam Foulon,826170,Royal Antwerp FC,2889,0,4,6.78,0.68,3.5,13,4,33,10,56,5,2,2290,33,appearances,BEL,2025-2026,datafc_sofascore,2026-08-09T08:07:33.988763
38,77040,José Marsà,962625,KV Mechelen,5044,1,2,6.73,1.7,2.1,15,3,12,9,47,4,0,2594,33,appearances,BEL,2025-2026,datafc_sofascore,2026-08-09T08:07:33.988763
38,77040,Joël Ito,1593830,RAAL La Louvière,368506,1,1,6.72,1.26,2.37,22,7,17,23,60,2,0,2340,33,appearances,BEL,2025-2026,datafc_sofascore,2026-08-09T08:07:33.988763
38,77040,Adriano Bertaccini,867250,RSC Anderlecht,2900,7,2,6.7,7.73,1.74,65,28,15,17,14,5,1,1603,33,appearances,BEL,2025-2026,datafc_sofascore,2026-08-09T08:07:33.988763
38,77040,Bill Antonio,1158921,KV Mechelen,5044,1,1,6.63,1.11,1.75,15,4,13,27,16,2,0,1168,33,appearances,BEL,2025-2026,datafc_sofascore,2026-08-09T08:07:33.988763
38,77040,Óscar Gil,959820,Oud-Heverlee Leuven,2918,2,1,6.54,2.33,2.05,22,10,16,18,66,12,1,2325,33,appearances,BEL,2025-2026,datafc_sofascore,2026-08-09T08:07:33.988763
38,77040,Christian Burgess,303634,Royale Union Saint-Gilloise,4860,2,3,7.31,1.63,1.37,23,8,13,1,53,13,1,3147,35,yellowCards,BEL,2025-2026,datafc_sofascore,2026-08-09T08:07:33.988763
38,77040,Nazinho,1006113,Cercle Brugge,2929,3,7,7.07,0.91,7.69,27,8,59,24,73,13,0,2554,30,yellowCards,BEL,2025-2026,datafc_sofascore,2026-08-09T08:07:33.988763
38,77040,Aiham Ousou,965265,RC Sporting Charleroi,2898,2,1,6.95,3.22,1.58,34,10,11,5,53,12,1,3395,39,yellowCards,BEL,2025-2026,datafc_sofascore,2026-08-09T08:07:33.988763
38,77040,Nathan-Dylan Saliba,1093229,RSC Anderlecht,2900,3,1,6.86,3.27,2.58,59,15,26,19,75,12,1,2319,34,yellowCards,BEL,2025-2026,datafc_sofascore,2026-08-09T08:07:33.988763
38,77040,Óscar Gil,959820,Oud-Heverlee Leuven,2918,2,1,6.54,2.33,2.05,22,10,16,18,66,12,1,2325,33,yellowCards,BEL,2025-2026,datafc_sofascore,2026-08-09T08:07:33.988763
38,77040,Kevin Mac Allister,895327,Royale Union Saint-Gilloise,4860,1,1,7.14,3.07,2.44,22,5,13,9,112,11,1,2930,34,yellowCards,BEL,2025-2026,datafc_sofascore,2026-08-09T08:07:33.988763
38,77040,Etienne Camara,1097542,RC Sporting Charleroi,2898,2,3,6.83,1.19,1.37,20,7,20,19,94,11,1,3034,38,yellowCards,BEL,2025-2026,datafc_sofascore,2026-08-09T08:07:33.988763
38,77040,Robert-Jan Vanwesemael,1047164,Sint-Truidense VV,2895,1,1,6.75,1.87,4.8,33,8,36,30,70,11,0,3077,37,yellowCards,BEL,2025-2026,datafc_sofascore,2026-08-09T08:07:33.988763
38,77040,Siebe Van Der Heyden,842164,KAA Gent,2903,2,1,6.74,1.64,1.37,25,8,9,3,54,11,0,3075,36,yellowCards,BEL,2025-2026,datafc_sofascore,2026-08-09T08:07:33.988763
38,77040,Fredrik Hammar,946959,KV Mechelen,5044,1,1,7.04,1.75,1.64,28,6,18,20,152,10,0,3366,38,yellowCards,BEL,2025-2026,datafc_sofascore,2026-08-09T08:07:33.988763
38,77040,Jordi Liongola,1009413,RAAL La Louvière,368506,2,6,6.93,3.28,4.29,29,6,40,27,57,10,0,2618,31,yellowCards,BEL,2025-2026,datafc_sofascore,2026-08-09T08:07:33.988763
38,77040,Marco Ilaimaharitra,358198,Standard Liège,2901,3,0,6.85,3.44,1.16,14,6,21,8,48,10,1,2445,31,yellowCards,BEL,2025-2026,datafc_sofascore,2026-08-09T08:07:33.988763
38,77040,Redouane Halhal,1143667,KV Mechelen,5044,1,2,6.82,0.94,1.04,12,4,7,4,50,10,0,2849,33,yellowCards,BEL,2025-2026,datafc_sofascore,2026-08-09T08:07:33.988763
38,77040,Ross Sykes,845558,Royale Union Saint-Gilloise,4860,5,0,7.28,3.78,2.34,56,25,21,6,40,9,0,2629,32,yellowCards,BEL,2025-2026,datafc_sofascore,2026-08-09T08:07:33.988763
38,77040,Tiago Araújo,997024,KAA Gent,2903,1,4,6.94,0.83,6.33,21,4,57,20,39,9,0,2820,35,yellowCards,BEL,2025-2026,datafc_sofascore,2026-08-09T08:07:33.988763
38,77040,Kamiel Van de Perre,1146316,Royale Union Saint-Gilloise,4860,0,3,6.88,0.49,0.67,11,0,9,12,84,9,0,2214,30,yellowCards,BEL,2025-2026,datafc_sofascore,2026-08-09T08:07:33.988763
38,77040,Vincent Janssen,339901,Royal Antwerp FC,2889,10,7,6.87,12.99,3.46,91,30,33,21,29,8,0,3088,35,yellowCards,BEL,2025-2026,datafc_sofascore,2026-08-09T08:07:33.988763
38,77040,Bryan Reynolds,862075,KVC Westerlo,2893,2,3,6.77,2.75,4.35,22,8,37,37,53,8,0,3494,39,yellowCards,BEL,2025-2026,datafc_sofascore,2026-08-09T08:07:33.988763
38,77040,Nathan De Cat,1637689,RSC Anderlecht,2900,2,4,6.75,1.79,2.28,30,6,28,21,60,8,0,2739,36,yellowCards,BEL,2025-2026,datafc_sofascore,2026-08-09T08:07:33.988763
38,77040,Birger Verstraete,192268,Oud-Heverlee Leuven,2918,0,0,6.69,0.14,0.55,4,0,5,4,36,8,2,1712,26,yellowCards,BEL,2025-2026,datafc_sofascore,2026-08-09T08:07:33.988763
38,77040,Yassine Titraoui,1094538,RC Sporting Charleroi,2898,5,1,7.23,2.9,3.78,53,20,31,26,58,7,0,2904,35,yellowCards,BEL,2025-2026,datafc_sofascore,2026-08-09T08:07:33.988763
38,77040,Anan Khalaili,1403362,Royale Union Saint-Gilloise,4860,3,5,7.22,3.34,7.52,38,13,62,49,69,7,0,3099,38,yellowCards,BEL,2025-2026,datafc_sofascore,2026-08-09T08:07:33.988763
38,77040,Doğucan Haspolat,846087,KVC Westerlo,2893,1,4,7.18,2.52,7.83,46,10,86,19,82,7,0,3395,38,yellowCards,BEL,2025-2026,datafc_sofascore,2026-08-09T08:07:33.988763
38,77040,Nacho Ferri,1196903,KVC Westerlo,2893,11,2,7.04,16.2,2.4,101,42,30,22,27,7,0,2910,36,yellowCards,BEL,2025-2026,datafc_sofascore,2026-08-09T08:07:33.988763
38,77040,Adem Zorgane,1000472,Royale Union Saint-Gilloise,4860,4,5,7.04,2.44,6.23,28,12,40,19,64,7,0,2968,37,yellowCards,BEL,2025-2026,datafc_sofascore,2026-08-09T08:07:33.988763
38,77040,Edan Diop,1390575,Cercle Brugge,2929,7,3,6.99,6.96,5.33,53,22,46,43,52,7,0,2607,33,yellowCards,BEL,2025-2026,datafc_sofascore,2026-08-09T08:07:33.988763
38,77040,Hannes Van Der Bruggen,94290,Cercle Brugge,2929,0,1,6.96,1.32,1.83,28,4,15,5,73,7,0,2569,32,yellowCards,BEL,2025-2026,datafc_sofascore,2026-08-09T08:07:33.988763
38,77040,Farouck Adekami,1920581,Royal Antwerp FC,2889,2,2,6.9,2.95,1.76,35,16,21,38,23,7,0,1140,21,yellowCards,BEL,2025-2026,datafc_sofascore,2026-08-09T08:07:33.988763
38,77040,Antoine Bernier,834261,RC Sporting Charleroi,2898,7,2,6.86,4.84,2.76,41,16,29,32,46,7,0,2379,38,yellowCards,BEL,2025-2026,datafc_sofascore,2026-08-09T08:07:33.988763
38,77040,Enrique Lofolomo,980923,SV Zulte Waregem,2933,0,2,6.78,1.38,1.07,9,3,7,3,24,7,0,1336,22,yellowCards,BEL,2025-2026,datafc_sofascore,2026-08-09T08:07:33.988763
38,77040,Lewin Blum,966670,RC Sporting Charleroi,2898,0,1,6.76,1.14,2.5,8,2,25,5,49,7,0,1784,32,yellowCards,BEL,2025-2026,datafc_sofascore,2026-08-09T08:07:33.988763
38,77040,Ibrahim Karamoko,966263,Standard Liège,2901,1,0,6.76,3.04,0.38,22,7,6,6,35,7,1,2185,31,yellowCards,BEL,2025-2026,datafc_sofascore,2026-08-09T08:07:33.988763
38,77040,Enric Llansana,916951,RSC Anderlecht,2900,0,1,6.75,1.22,1.72,18,1,18,3,62,7,0,1709,29,yellowCards,BEL,2025-2026,datafc_sofascore,2026-08-09T08:07:33.988763
38,77040,Tochukwu Nnadi,1191892,SV Zulte Waregem,2933,0,1,6.74,0.06,0.62,2,0,5,3,37,7,1,1418,18,yellowCards,BEL,2025-2026,datafc_sofascore,2026-08-09T08:07:33.988763
38,77040,Luc Marijnissen,1086107,FCV Dender,389232,1,0,6.73,1.59,1.25,16,6,11,13,84,7,0,3225,37,yellowCards,BEL,2025-2026,datafc_sofascore,2026-08-09T08:07:33.988763
38,77040,Mory Konate,889927,KV Mechelen,5044,2,1,6.68,1.44,0.37,13,5,7,2,34,7,0,2022,30,yellowCards,BEL,2025-2026,datafc_sofascore,2026-08-09T08:07:33.988763
38,77040,Junior Marsoni Sambu Mansoni​,874855,FCV Dender,389232,0,4,6.61,0.7,1.62,12,3,20,29,63,7,0,2193,31,yellowCards,BEL,2025-2026,datafc_sofascore,2026-08-09T08:07:33.988763
38,77040,Jerry Afriyie,1836721,RAAL La Louvière,368506,5,1,6.52,7.65,2.32,51,21,17,36,23,7,0,2497,31,yellowCards,BEL,2025-2026,datafc_sofascore,2026-08-09T08:07:33.988763
38,77040,Christos Tzolis,1031259,Club Brugge KV,2888,17,23,7.71,17.4,15.94,123,44,135,40,29,6,0,3072,36,yellowCards,BEL,2025-2026,datafc_sofascore,2026-08-09T08:07:33.988763
38,77040,Parfait Guiagon,1030459,RC Sporting Charleroi,2898,9,5,7.08,7.78,5.5,80,22,52,73,30,6,0,2555,33,yellowCards,BEL,2025-2026,datafc_sofascore,2026-08-09T08:07:33.988763
38,77040,Rihito Yamamoto,1030211,Sint-Truidense VV,2895,5,6,7.08,5.87,6.27,51,16,62,21,75,6,0,3290,38,yellowCards,BEL,2025-2026,datafc_sofascore,2026-08-09T08:07:33.988763
38,77040,Michał Skóraś,942479,KAA Gent,2903,2,7,7.06,3.87,6.79,43,10,65,37,49,6,1,2697,34,yellowCards,BEL,2025-2026,datafc_sofascore,2026-08-09T08:07:33.988763
38,77040,Thorgan Hazard,94286,RSC Anderlecht,2900,13,7,7.04,11.91,8.06,74,31,78,38,38,6,1,2722,36,yellowCards,BEL,2025-2026,datafc_sofascore,2026-08-09T08:07:33.988763
38,77040,Siebe Schrijvers,190413,Oud-Heverlee Leuven,2918,3,4,7.0,5.03,3.45,29,4,37,12,62,6,0,2121,30,yellowCards,BEL,2025-2026,datafc_sofascore,2026-08-09T08:07:33.988763
38,77040,Wagane Faye,957913,RAAL La Louvière,368506,3,1,6.97,1.68,1.43,16,5,7,4,62,6,0,2304,27,yellowCards,BEL,2025-2026,datafc_sofascore,2026-08-09T08:07:33.988763
38,77040,Yllan Okou,1167514,RAAL La Louvière,368506,1,0,6.96,0.73,1.05,11,3,12,2,36,6,0,2731,33,yellowCards,BEL,2025-2026,datafc_sofascore,2026-08-09T08:07:33.988763
38,77040,Youssef Maziz,862821,Oud-Heverlee Leuven,2918,3,4,6.96,4.34,6.75,49,12,63,13,25,6,0,2096,36,yellowCards,BEL,2025-2026,datafc_sofascore,2026-08-09T08:07:33.988763
38,77040,Zeno Van Den Bosch,1103765,Royal Antwerp FC,2889,0,1,6.91,0.97,1.34,13,6,15,4,57,6,1,3071,35,yellowCards,BEL,2025-2026,datafc_sofascore,2026-08-09T08:07:33.988763
38,77040,Malcolm Viltard,1092285,FCV Dender,389232,1,1,6.88,0.41,2.6,15,4,27,17,70,6,1,2721,36,yellowCards,BEL,2025-2026,datafc_sofascore,2026-08-09T08:07:33.988763
38,77040,Noë Dussenne,115569,Oud-Heverlee Leuven,2918,1,0,6.87,1.85,0.68,18,4,11,1,32,6,0,1877,23,yellowCards,BEL,2025-2026,datafc_sofascore,2026-08-09T08:07:33.988763
38,77040,Yuto Tsunashima,1470622,Royal Antwerp FC,2889,1,0,6.84,2.15,0.47,12,4,7,6,53,6,0,2740,34,yellowCards,BEL,2025-2026,datafc_sofascore,2026-08-09T08:07:33.988763
38,77040,Lucas Hey,1122698,RSC Anderlecht,2900,0,0,6.83,0.71,0.46,10,1,3,4,25,6,0,2535,32,yellowCards,BEL,2025-2026,datafc_sofascore,2026-08-09T08:07:33.988763
38,77040,Łukasz Łakomy,1001201,Oud-Heverlee Leuven,2918,3,3,6.82,1.56,3.17,32,12,35,13,44,6,0,2123,32,yellowCards,BEL,2025-2026,datafc_sofascore,2026-08-09T08:07:33.988763
38,77040,Josimar Alcócer,1131598,KVC Westerlo,2893,3,4,6.63,3.61,2.38,54,24,26,47,51,6,0,2722,35,yellowCards,BEL,2025-2026,datafc_sofascore,2026-08-09T08:07:33.988763
38,77040,Sory Kaba,869131,Oud-Heverlee Leuven,2918,6,2,6.59,5.38,1.57,41,12,22,12,11,6,0,1595,30,yellowCards,BEL,2025-2026,datafc_sofascore,2026-08-09T08:07:33.988763
38,77040,Bryan Heynen,801025,KRC Genk,2890,4,1,7.31,4.75,4.68,48,11,49,22,99,5,0,3603,40,yellowCards,BEL,2025-2026,datafc_sofascore,2026-08-09T08:07:33.988763
38,77040,Léo Kokubo,997020,Sint-Truidense VV,2895,0,0,7.23,,0.05,0,0,0,0,4,5,0,3420,38,yellowCards,BEL,2025-2026,datafc_sofascore,2026-08-09T08:07:33.988763
38,77040,Tibe De Vlieger,1396529,KAA Gent,2903,1,0,7.21,1.4,0.97,16,1,13,9,59,5,0,1696,25,yellowCards,BEL,2025-2026,datafc_sofascore,2026-08-09T08:07:33.988763
38,77040,Arthur Piedfort,1149123,KVC Westerlo,2893,3,2,7.07,1.9,3.11,23,7,43,25,86,5,0,2989,36,yellowCards,BEL,2025-2026,datafc_sofascore,2026-08-09T08:07:33.988763
38,77040,Mathis Servais,1093876,KV Mechelen,5044,2,4,6.98,2.95,5.07,41,11,35,11,48,5,0,2796,32,yellowCards,BEL,2025-2026,datafc_sofascore,2026-08-09T08:07:33.988763
38,77040,Joris Kayembe,354046,KRC Genk,2890,0,1,6.96,0.47,1.64,13,2,20,27,48,5,0,2111,28,yellowCards,BEL,2025-2026,datafc_sofascore,2026-08-09T08:07:33.988763
38,77040,Casper Nielsen,247471,Standard Liège,2901,5,2,6.95,3.38,3.36,32,11,19,8,42,5,0,1878,26,yellowCards,BEL,2025-2026,datafc_sofascore,2026-08-09T08:07:33.988763
38,77040,Adnane Abid,1127801,Standard Liège,2901,2,5,6.92,2.21,4.2,22,11,44,37,40,5,1,2114,34,yellowCards,BEL,2025-2026,datafc_sofascore,2026-08-09T08:07:33.988763
38,77040,Tobias Mohr,237048,Standard Liège,2901,2,2,6.91,1.09,5.42,25,5,44,20,50,5,0,2310,38,yellowCards,BEL,2025-2026,datafc_sofascore,2026-08-09T08:07:33.988763
38,77040,Boubakar Kouyaté,848537,Royal Antwerp FC,2889,1,0,6.9,0.74,0.17,10,3,2,0,37,5,1,1213,24,yellowCards,BEL,2025-2026,datafc_sofascore,2026-08-09T08:07:33.988763
38,77040,Anosike Ementa,1094132,SV Zulte Waregem,2933,4,8,6.9,7.37,3.77,41,18,61,40,20,5,0,2616,32,yellowCards,BEL,2025-2026,datafc_sofascore,2026-08-09T08:07:33.988763
38,77040,Allahyar Sayyadmanesh,905474,KVC Westerlo,2893,7,3,6.89,7.15,4.43,48,15,37,33,35,5,0,2241,30,yellowCards,BEL,2025-2026,datafc_sofascore,2026-08-09T08:07:33.988763
38,77040,Abdelkahar Kadri,1007528,KAA Gent,2903,2,5,6.89,2.42,2.53,27,9,32,24,43,5,0,2076,33,yellowCards,BEL,2025-2026,datafc_sofascore,2026-08-09T08:07:33.988763
38,77040,Hugo Vetlesen,877236,Club Brugge KV,2888,5,6,6.87,4.89,3.32,36,14,22,12,25,5,0,1315,25,yellowCards,BEL,2025-2026,datafc_sofascore,2026-08-09T08:07:33.988763
38,77040,Ousseynou Niang,880780,Royale Union Saint-Gilloise,4860,2,3,6.87,1.79,1.63,23,6,10,20,29,5,0,1618,27,yellowCards,BEL,2025-2026,datafc_sofascore,2026-08-09T08:07:33.988763
38,77040,Thérence Koudou,1392080,KV Mechelen,5044,5,2,6.85,1.64,4.81,25,8,35,38,31,5,0,3060,37,yellowCards,BEL,2025-2026,datafc_sofascore,2026-08-09T08:07:33.988763
38,77040,Abdoulaye Sissako,846330,Sint-Truidense VV,2895,2,3,6.82,2.74,1.22,30,4,15,41,91,5,0,3349,40,yellowCards,BEL,2025-2026,datafc_sofascore,2026-08-09T08:07:33.988763
38,77040,Kerim Mrabti,338869,KV Mechelen,5044,5,3,6.81,3.37,1.81,29,10,20,8,31,5,0,2300,33,yellowCards,BEL,2025-2026,datafc_sofascore,2026-08-09T08:07:33.988763
38,77040,Bryan Goncalves,775019,FCV Dender,389232,1,2,6.79,1.13,3.58,12,5,38,10,42,5,0,2293,28,yellowCards,BEL,2025-2026,datafc_sofascore,2026-08-09T08:07:33.988763
38,77040,Daam Foulon,826170,Royal Antwerp FC,2889,0,4,6.78,0.68,3.5,13,4,33,10,56,5,2,2290,33,yellowCards,BEL,2025-2026,datafc_sofascore,2026-08-09T08:07:33.988763
38,77040,Marco Kana,964759,RSC Anderlecht,2900,0,0,6.78,0.37,0.82,9,2,6,2,19,5,0,2043,26,yellowCards,BEL,2025-2026,datafc_sofascore,2026-08-09T08:07:33.988763
38,77040,Kevin Van Den Kerkhof,1130602,RC Sporting Charleroi,2898,3,4,6.78,3.1,2.9,35,11,35,27,56,5,1,2117,30,yellowCards,BEL,2025-2026,datafc_sofascore,2026-08-09T08:07:33.988763
38,77040,Henry Lawrence,976265,Standard Liège,2901,2,0,6.78,1.98,1.48,11,3,6,18,36,5,0,2433,30,yellowCards,BEL,2025-2026,datafc_sofascore,2026-08-09T08:07:33.988763
38,77040,Gora Diouf,1407164,KV Mechelen,5044,1,1,6.78,0.59,0.28,6,1,4,8,22,5,1,951,18,yellowCards,BEL,2025-2026,datafc_sofascore,2026-08-09T08:07:33.988763
38,77040,Keisuke Goto,1391315,Sint-Truidense VV,2895,11,7,6.77,13.43,4.3,62,25,30,7,41,5,0,2885,38,yellowCards,BEL,2025-2026,datafc_sofascore,2026-08-09T08:07:33.988763
38,77040,Matisse Samoise,1046245,KAA Gent,2903,2,2,6.76,1.28,1.47,8,4,22,9,27,5,0,1379,18,yellowCards,BEL,2025-2026,datafc_sofascore,2026-08-09T08:07:33.988763
38,77040,Luc De Fougerolles,1413129,FCV Dender,389232,0,1,6.74,0.48,0.48,5,0,8,7,39,5,2,1717,28,yellowCards,BEL,2025-2026,datafc_sofascore,2026-08-09T08:07:33.988763
38,77040,Roman Kvet,858926,FCV Dender,389232,5,0,6.73,4.44,3.29,38,12,39,24,34,5,0,2676,34,yellowCards,BEL,2025-2026,datafc_sofascore,2026-08-09T08:07:33.988763
38,77040,Ibrahima Sory Bangoura,1396027,KRC Genk,2890,0,0,6.72,0.92,0.45,8,3,9,14,59,5,0,1531,28,yellowCards,BEL,2025-2026,datafc_sofascore,2026-08-09T08:07:33.988763
38,77040,Adriano Bertaccini,867250,RSC Anderlecht,2900,7,2,6.7,7.73,1.74,65,28,15,17,14,5,1,1603,33,yellowCards,BEL,2025-2026,datafc_sofascore,2026-08-09T08:07:33.988763
38,77040,Cheick Keita,1407973,RC Sporting Charleroi,2898,3,0,6.69,2.36,0.27,18,5,1,5,43,5,0,3440,40,yellowCards,BEL,2025-2026,datafc_sofascore,2026-08-09T08:07:33.988763
38,77040,Lawrence Agyekum,1185568,Cercle Brugge,2929,0,2,6.68,1.79,1.95,26,6,16,17,73,5,0,1898,29,yellowCards,BEL,2025-2026,datafc_sofascore,2026-08-09T08:07:33.988763
38,77040,Jean-Kévin Duverne,845930,KAA Gent,2903,1,1,6.63,1.66,0.88,4,3,4,3,25,5,0,1174,22,yellowCards,BEL,2025-2026,datafc_sofascore,2026-08-09T08:07:33.988763
38,77040,Fabio Ferraro,1145225,FCV Dender,389232,1,3,6.62,2.28,3.94,30,12,41,31,53,5,0,2531,29,yellowCards,BEL,2025-2026,datafc_sofascore,2026-08-09T08:07:33.988763
38,77040,Mathieu Maertens,360652,Oud-Heverlee Leuven,2918,1,3,6.6,5.76,1.05,52,17,19,10,23,5,0,1302,35,yellowCards,BEL,2025-2026,datafc_sofascore,2026-08-09T08:07:33.988763
38,77040,Alireza Jahanbakhsh,331837,FCV Dender,389232,1,1,6.6,2.38,1.07,20,7,11,8,9,5,0,906,21,yellowCards,BEL,2025-2026,datafc_sofascore,2026-08-09T08:07:33.988763
38,77040,David Toshevski,1021398,FCV Dender,389232,4,0,6.57,5.5,1.06,40,12,10,13,11,5,1,1520,26,yellowCards,BEL,2025-2026,datafc_sofascore,2026-08-09T08:07:33.988763
38,77040,Thomas Henry,795541,Standard Liège,2901,3,2,6.47,3.2,0.58,16,6,10,4,6,5,1,1360,21,yellowCards,BEL,2025-2026,datafc_sofascore,2026-08-09T08:07:33.988763
38,77040,Brandon Mechele,248331,Club Brugge KV,2888,5,2,7.29,3.46,1.49,33,14,22,5,77,4,0,3435,39,yellowCards,BEL,2025-2026,datafc_sofascore,2026-08-09T08:07:33.988763
38,77040,Carlos Forbs,1069486,Club Brugge KV,2888,8,8,7.17,6.18,8.55,57,21,61,52,40,4,0,2816,37,yellowCards,BEL,2025-2026,datafc_sofascore,2026-08-09T08:07:33.988763
38,77040,Matte Smets,1392905,KRC Genk,2890,0,1,7.15,0.75,2.2,15,0,17,5,70,4,0,3509,39,yellowCards,BEL,2025-2026,datafc_sofascore,2026-08-09T08:07:33.988763
38,77040,Visar Musliu,134231,Sint-Truidense VV,2895,0,0,7.12,1.16,0.58,17,3,4,6,39,4,0,2519,30,yellowCards,BEL,2025-2026,datafc_sofascore,2026-08-09T08:07:33.988763
38,77040,Aleksandar Stanković,1153957,Club Brugge KV,2888,6,2,7.09,4.66,4.09,74,25,33,8,39,4,0,3076,39,yellowCards,BEL,2025-2026,datafc_sofascore,2026-08-09T08:07:33.988763
38,77040,Junya Ito,783278,KRC Genk,2890,6,5,7.09,3.79,5.63,36,16,51,24,37,4,0,1785,28,yellowCards,BEL,2025-2026,datafc_sofascore,2026-08-09T08:07:33.988763
38,77040,Guilherme Smith,1820381,Royale Union Saint-Gilloise,4860,4,2,7.08,0.98,1.96,21,7,15,28,33,4,0,1546,22,yellowCards,BEL,2025-2026,datafc_sofascore,2026-08-09T08:07:33.988763
38,77040,Christian Burgess,303634,Royale Union Saint-Gilloise,4860,2,3,7.31,1.63,1.37,23,8,13,1,53,13,1,3147,35,yellowCards,BEL,2025-2026,datafc_sofascore,2026-08-09T08:07:33.988763
38,77040,Nazinho,1006113,Cercle Brugge,2929,3,7,7.07,0.91,7.69,27,8,59,24,73,13,0,2554,30,yellowCards,BEL,2025-2026,datafc_sofascore,2026-08-09T08:07:33.988763
38,77040,Aiham Ousou,965265,RC Sporting Charleroi,2898,2,1,6.95,3.22,1.58,34,10,11,5,53,12,1,3395,39,yellowCards,BEL,2025-2026,datafc_sofascore,2026-08-09T08:07:33.988763
38,77040,Nathan-Dylan Saliba,1093229,RSC Anderlecht,2900,3,1,6.86,3.27,2.58,59,15,26,19,75,12,1,2319,34,yellowCards,BEL,2025-2026,datafc_sofascore,2026-08-09T08:07:33.988763
38,77040,Óscar Gil,959820,Oud-Heverlee Leuven,2918,2,1,6.54,2.33,2.05,22,10,16,18,66,12,1,2325,33,yellowCards,BEL,2025-2026,datafc_sofascore,2026-08-09T08:07:33.988763
38,77040,Kevin Mac Allister,895327,Royale Union Saint-Gilloise,4860,1,1,7.14,3.07,2.44,22,5,13,9,112,11,1,2930,34,yellowCards,BEL,2025-2026,datafc_sofascore,2026-08-09T08:07:33.988763
38,77040,Etienne Camara,1097542,RC Sporting Charleroi,2898,2,3,6.83,1.19,1.37,20,7,20,19,94,11,1,3034,38,yellowCards,BEL,2025-2026,datafc_sofascore,2026-08-09T08:07:33.988763
38,77040,Robert-Jan Vanwesemael,1047164,Sint-Truidense VV,2895,1,1,6.75,1.87,4.8,33,8,36,30,70,11,0,3077,37,yellowCards,BEL,2025-2026,datafc_sofascore,2026-08-09T08:07:33.988763
38,77040,Siebe Van Der Heyden,842164,KAA Gent,2903,2,1,6.74,1.64,1.37,25,8,9,3,54,11,0,3075,36,yellowCards,BEL,2025-2026,datafc_sofascore,2026-08-09T08:07:33.988763
38,77040,Fredrik Hammar,946959,KV Mechelen,5044,1,1,7.04,1.75,1.64,28,6,18,20,152,10,0,3366,38,yellowCards,BEL,2025-2026,datafc_sofascore,2026-08-09T08:07:33.988763
38,77040,Jordi Liongola,1009413,RAAL La Louvière,368506,2,6,6.93,3.28,4.29,29,6,40,27,57,10,0,2618,31,yellowCards,BEL,2025-2026,datafc_sofascore,2026-08-09T08:07:33.988763
38,77040,Marco Ilaimaharitra,358198,Standard Liège,2901,3,0,6.85,3.44,1.16,14,6,21,8,48,10,1,2445,31,yellowCards,BEL,2025-2026,datafc_sofascore,2026-08-09T08:07:33.988763
38,77040,Redouane Halhal,1143667,KV Mechelen,5044,1,2,6.82,0.94,1.04,12,4,7,4,50,10,0,2849,33,yellowCards,BEL,2025-2026,datafc_sofascore,2026-08-09T08:07:33.988763
38,77040,Ross Sykes,845558,Royale Union Saint-Gilloise,4860,5,0,7.28,3.78,2.34,56,25,21,6,40,9,0,2629,32,yellowCards,BEL,2025-2026,datafc_sofascore,2026-08-09T08:07:33.988763
38,77040,Tiago Araújo,997024,KAA Gent,2903,1,4,6.94,0.83,6.33,21,4,57,20,39,9,0,2820,35,yellowCards,BEL,2025-2026,datafc_sofascore,2026-08-09T08:07:33.988763
38,77040,Kamiel Van de Perre,1146316,Royale Union Saint-Gilloise,4860,0,3,6.88,0.49,0.67,11,0,9,12,84,9,0,2214,30,yellowCards,BEL,2025-2026,datafc_sofascore,2026-08-09T08:07:33.988763
38,77040,Vincent Janssen,339901,Royal Antwerp FC,2889,10,7,6.87,12.99,3.46,91,30,33,21,29,8,0,3088,35,yellowCards,BEL,2025-2026,datafc_sofascore,2026-08-09T08:07:33.988763
38,77040,Bryan Reynolds,862075,KVC Westerlo,2893,2,3,6.77,2.75,4.35,22,8,37,37,53,8,0,3494,39,yellowCards,BEL,2025-2026,datafc_sofascore,2026-08-09T08:07:33.988763
38,77040,Nathan De Cat,1637689,RSC Anderlecht,2900,2,4,6.75,1.79,2.28,30,6,28,21,60,8,0,2739,36,yellowCards,BEL,2025-2026,datafc_sofascore,2026-08-09T08:07:33.988763
38,77040,Birger Verstraete,192268,Oud-Heverlee Leuven,2918,0,0,6.69,0.14,0.55,4,0,5,4,36,8,2,1712,26,yellowCards,BEL,2025-2026,datafc_sofascore,2026-08-09T08:07:33.988763
38,77040,Yassine Titraoui,1094538,RC Sporting Charleroi,2898,5,1,7.23,2.9,3.78,53,20,31,26,58,7,0,2904,35,yellowCards,BEL,2025-2026,datafc_sofascore,2026-08-09T08:07:33.988763
38,77040,Anan Khalaili,1403362,Royale Union Saint-Gilloise,4860,3,5,7.22,3.34,7.52,38,13,62,49,69,7,0,3099,38,yellowCards,BEL,2025-2026,datafc_sofascore,2026-08-09T08:07:33.988763
38,77040,Doğucan Haspolat,846087,KVC Westerlo,2893,1,4,7.18,2.52,7.83,46,10,86,19,82,7,0,3395,38,yellowCards,BEL,2025-2026,datafc_sofascore,2026-08-09T08:07:33.988763
38,77040,Nacho Ferri,1196903,KVC Westerlo,2893,11,2,7.04,16.2,2.4,101,42,30,22,27,7,0,2910,36,yellowCards,BEL,2025-2026,datafc_sofascore,2026-08-09T08:07:33.988763
38,77040,Adem Zorgane,1000472,Royale Union Saint-Gilloise,4860,4,5,7.04,2.44,6.23,28,12,40,19,64,7,0,2968,37,yellowCards,BEL,2025-2026,datafc_sofascore,2026-08-09T08:07:33.988763
38,77040,Edan Diop,1390575,Cercle Brugge,2929,7,3,6.99,6.96,5.33,53,22,46,43,52,7,0,2607,33,yellowCards,BEL,2025-2026,datafc_sofascore,2026-08-09T08:07:33.988763
38,77040,Hannes Van Der Bruggen,94290,Cercle Brugge,2929,0,1,6.96,1.32,1.83,28,4,15,5,73,7,0,2569,32,yellowCards,BEL,2025-2026,datafc_sofascore,2026-08-09T08:07:33.988763
38,77040,Farouck Adekami,1920581,Royal Antwerp FC,2889,2,2,6.9,2.95,1.76,35,16,21,38,23,7,0,1140,21,yellowCards,BEL,2025-2026,datafc_sofascore,2026-08-09T08:07:33.988763
38,77040,Antoine Bernier,834261,RC Sporting Charleroi,2898,7,2,6.86,4.84,2.76,41,16,29,32,46,7,0,2379,38,yellowCards,BEL,2025-2026,datafc_sofascore,2026-08-09T08:07:33.988763
38,77040,Enrique Lofolomo,980923,SV Zulte Waregem,2933,0,2,6.78,1.38,1.07,9,3,7,3,24,7,0,1336,22,yellowCards,BEL,2025-2026,datafc_sofascore,2026-08-09T08:07:33.988763
38,77040,Lewin Blum,966670,RC Sporting Charleroi,2898,0,1,6.76,1.14,2.5,8,2,25,5,49,7,0,1784,32,yellowCards,BEL,2025-2026,datafc_sofascore,2026-08-09T08:07:33.988763
38,77040,Ibrahim Karamoko,966263,Standard Liège,2901,1,0,6.76,3.04,0.38,22,7,6,6,35,7,1,2185,31,yellowCards,BEL,2025-2026,datafc_sofascore,2026-08-09T08:07:33.988763
38,77040,Enric Llansana,916951,RSC Anderlecht,2900,0,1,6.75,1.22,1.72,18,1,18,3,62,7,0,1709,29,yellowCards,BEL,2025-2026,datafc_sofascore,2026-08-09T08:07:33.988763
38,77040,Tochukwu Nnadi,1191892,SV Zulte Waregem,2933,0,1,6.74,0.06,0.62,2,0,5,3,37,7,1,1418,18,yellowCards,BEL,2025-2026,datafc_sofascore,2026-08-09T08:07:33.988763
38,77040,Luc Marijnissen,1086107,FCV Dender,389232,1,0,6.73,1.59,1.25,16,6,11,13,84,7,0,3225,37,yellowCards,BEL,2025-2026,datafc_sofascore,2026-08-09T08:07:33.988763
38,77040,Mory Konate,889927,KV Mechelen,5044,2,1,6.68,1.44,0.37,13,5,7,2,34,7,0,2022,30,yellowCards,BEL,2025-2026,datafc_sofascore,2026-08-09T08:07:33.988763
38,77040,Junior Marsoni Sambu Mansoni​,874855,FCV Dender,389232,0,4,6.61,0.7,1.62,12,3,20,29,63,7,0,2193,31,yellowCards,BEL,2025-2026,datafc_sofascore,2026-08-09T08:07:33.988763
38,77040,Jerry Afriyie,1836721,RAAL La Louvière,368506,5,1,6.52,7.65,2.32,51,21,17,36,23,7,0,2497,31,yellowCards,BEL,2025-2026,datafc_sofascore,2026-08-09T08:07:33.988763
38,77040,Christos Tzolis,1031259,Club Brugge KV,2888,17,23,7.71,17.4,15.94,123,44,135,40,29,6,0,3072,36,yellowCards,BEL,2025-2026,datafc_sofascore,2026-08-09T08:07:33.988763
38,77040,Parfait Guiagon,1030459,RC Sporting Charleroi,2898,9,5,7.08,7.78,5.5,80,22,52,73,30,6,0,2555,33,yellowCards,BEL,2025-2026,datafc_sofascore,2026-08-09T08:07:33.988763
38,77040,Rihito Yamamoto,1030211,Sint-Truidense VV,2895,5,6,7.08,5.87,6.27,51,16,62,21,75,6,0,3290,38,yellowCards,BEL,2025-2026,datafc_sofascore,2026-08-09T08:07:33.988763
38,77040,Michał Skóraś,942479,KAA Gent,2903,2,7,7.06,3.87,6.79,43,10,65,37,49,6,1,2697,34,yellowCards,BEL,2025-2026,datafc_sofascore,2026-08-09T08:07:33.988763
38,77040,Thorgan Hazard,94286,RSC Anderlecht,2900,13,7,7.04,11.91,8.06,74,31,78,38,38,6,1,2722,36,yellowCards,BEL,2025-2026,datafc_sofascore,2026-08-09T08:07:33.988763
38,77040,Siebe Schrijvers,190413,Oud-Heverlee Leuven,2918,3,4,7.0,5.03,3.45,29,4,37,12,62,6,0,2121,30,yellowCards,BEL,2025-2026,datafc_sofascore,2026-08-09T08:07:33.988763
38,77040,Wagane Faye,957913,RAAL La Louvière,368506,3,1,6.97,1.68,1.43,16,5,7,4,62,6,0,2304,27,yellowCards,BEL,2025-2026,datafc_sofascore,2026-08-09T08:07:33.988763
38,77040,Yllan Okou,1167514,RAAL La Louvière,368506,1,0,6.96,0.73,1.05,11,3,12,2,36,6,0,2731,33,yellowCards,BEL,2025-2026,datafc_sofascore,2026-08-09T08:07:33.988763
38,77040,Youssef Maziz,862821,Oud-Heverlee Leuven,2918,3,4,6.96,4.34,6.75,49,12,63,13,25,6,0,2096,36,yellowCards,BEL,2025-2026,datafc_sofascore,2026-08-09T08:07:33.988763
38,77040,Zeno Van Den Bosch,1103765,Royal Antwerp FC,2889,0,1,6.91,0.97,1.34,13,6,15,4,57,6,1,3071,35,yellowCards,BEL,2025-2026,datafc_sofascore,2026-08-09T08:07:33.988763
38,77040,Malcolm Viltard,1092285,FCV Dender,389232,1,1,6.88,0.41,2.6,15,4,27,17,70,6,1,2721,36,yellowCards,BEL,2025-2026,datafc_sofascore,2026-08-09T08:07:33.988763
38,77040,Noë Dussenne,115569,Oud-Heverlee Leuven,2918,1,0,6.87,1.85,0.68,18,4,11,1,32,6,0,1877,23,yellowCards,BEL,2025-2026,datafc_sofascore,2026-08-09T08:07:33.988763
38,77040,Yuto Tsunashima,1470622,Royal Antwerp FC,2889,1,0,6.84,2.15,0.47,12,4,7,6,53,6,0,2740,34,yellowCards,BEL,2025-2026,datafc_sofascore,2026-08-09T08:07:33.988763
38,77040,Lucas Hey,1122698,RSC Anderlecht,2900,0,0,6.83,0.71,0.46,10,1,3,4,25,6,0,2535,32,yellowCards,BEL,2025-2026,datafc_sofascore,2026-08-09T08:07:33.988763
38,77040,Łukasz Łakomy,1001201,Oud-Heverlee Leuven,2918,3,3,6.82,1.56,3.17,32,12,35,13,44,6,0,2123,32,yellowCards,BEL,2025-2026,datafc_sofascore,2026-08-09T08:07:33.988763
38,77040,Josimar Alcócer,1131598,KVC Westerlo,2893,3,4,6.63,3.61,2.38,54,24,26,47,51,6,0,2722,35,yellowCards,BEL,2025-2026,datafc_sofascore,2026-08-09T08:07:33.988763
38,77040,Sory Kaba,869131,Oud-Heverlee Leuven,2918,6,2,6.59,5.38,1.57,41,12,22,12,11,6,0,1595,30,yellowCards,BEL,2025-2026,datafc_sofascore,2026-08-09T08:07:33.988763
38,77040,Bryan Heynen,801025,KRC Genk,2890,4,1,7.31,4.75,4.68,48,11,49,22,99,5,0,3603,40,yellowCards,BEL,2025-2026,datafc_sofascore,2026-08-09T08:07:33.988763
38,77040,Léo Kokubo,997020,Sint-Truidense VV,2895,0,0,7.23,,0.05,0,0,0,0,4,5,0,3420,38,yellowCards,BEL,2025-2026,datafc_sofascore,2026-08-09T08:07:33.988763
38,77040,Tibe De Vlieger,1396529,KAA Gent,2903,1,0,7.21,1.4,0.97,16,1,13,9,59,5,0,1696,25,yellowCards,BEL,2025-2026,datafc_sofascore,2026-08-09T08:07:33.988763
38,77040,Arthur Piedfort,1149123,KVC Westerlo,2893,3,2,7.07,1.9,3.11,23,7,43,25,86,5,0,2989,36,yellowCards,BEL,2025-2026,datafc_sofascore,2026-08-09T08:07:33.988763
38,77040,Mathis Servais,1093876,KV Mechelen,5044,2,4,6.98,2.95,5.07,41,11,35,11,48,5,0,2796,32,yellowCards,BEL,2025-2026,datafc_sofascore,2026-08-09T08:07:33.988763
38,77040,Joris Kayembe,354046,KRC Genk,2890,0,1,6.96,0.47,1.64,13,2,20,27,48,5,0,2111,28,yellowCards,BEL,2025-2026,datafc_sofascore,2026-08-09T08:07:33.988763
38,77040,Casper Nielsen,247471,Standard Liège,2901,5,2,6.95,3.38,3.36,32,11,19,8,42,5,0,1878,26,yellowCards,BEL,2025-2026,datafc_sofascore,2026-08-09T08:07:33.988763
38,77040,Adnane Abid,1127801,Standard Liège,2901,2,5,6.92,2.21,4.2,22,11,44,37,40,5,1,2114,34,yellowCards,BEL,2025-2026,datafc_sofascore,2026-08-09T08:07:33.988763
38,77040,Tobias Mohr,237048,Standard Liège,2901,2,2,6.91,1.09,5.42,25,5,44,20,50,5,0,2310,38,yellowCards,BEL,2025-2026,datafc_sofascore,2026-08-09T08:07:33.988763
38,77040,Boubakar Kouyaté,848537,Royal Antwerp FC,2889,1,0,6.9,0.74,0.17,10,3,2,0,37,5,1,1213,24,yellowCards,BEL,2025-2026,datafc_sofascore,2026-08-09T08:07:33.988763
38,77040,Anosike Ementa,1094132,SV Zulte Waregem,2933,4,8,6.9,7.37,3.77,41,18,61,40,20,5,0,2616,32,yellowCards,BEL,2025-2026,datafc_sofascore,2026-08-09T08:07:33.988763
38,77040,Allahyar Sayyadmanesh,905474,KVC Westerlo,2893,7,3,6.89,7.15,4.43,48,15,37,33,35,5,0,2241,30,yellowCards,BEL,2025-2026,datafc_sofascore,2026-08-09T08:07:33.988763
38,77040,Abdelkahar Kadri,1007528,KAA Gent,2903,2,5,6.89,2.42,2.53,27,9,32,24,43,5,0,2076,33,yellowCards,BEL,2025-2026,datafc_sofascore,2026-08-09T08:07:33.988763
38,77040,Hugo Vetlesen,877236,Club Brugge KV,2888,5,6,6.87,4.89,3.32,36,14,22,12,25,5,0,1315,25,yellowCards,BEL,2025-2026,datafc_sofascore,2026-08-09T08:07:33.988763
38,77040,Ousseynou Niang,880780,Royale Union Saint-Gilloise,4860,2,3,6.87,1.79,1.63,23,6,10,20,29,5,0,1618,27,yellowCards,BEL,2025-2026,datafc_sofascore,2026-08-09T08:07:33.988763
38,77040,Thérence Koudou,1392080,KV Mechelen,5044,5,2,6.85,1.64,4.81,25,8,35,38,31,5,0,3060,37,yellowCards,BEL,2025-2026,datafc_sofascore,2026-08-09T08:07:33.988763
38,77040,Abdoulaye Sissako,846330,Sint-Truidense VV,2895,2,3,6.82,2.74,1.22,30,4,15,41,91,5,0,3349,40,yellowCards,BEL,2025-2026,datafc_sofascore,2026-08-09T08:07:33.988763
38,77040,Kerim Mrabti,338869,KV Mechelen,5044,5,3,6.81,3.37,1.81,29,10,20,8,31,5,0,2300,33,yellowCards,BEL,2025-2026,datafc_sofascore,2026-08-09T08:07:33.988763
38,77040,Bryan Goncalves,775019,FCV Dender,389232,1,2,6.79,1.13,3.58,12,5,38,10,42,5,0,2293,28,yellowCards,BEL,2025-2026,datafc_sofascore,2026-08-09T08:07:33.988763
38,77040,Daam Foulon,826170,Royal Antwerp FC,2889,0,4,6.78,0.68,3.5,13,4,33,10,56,5,2,2290,33,yellowCards,BEL,2025-2026,datafc_sofascore,2026-08-09T08:07:33.988763
38,77040,Marco Kana,964759,RSC Anderlecht,2900,0,0,6.78,0.37,0.82,9,2,6,2,19,5,0,2043,26,yellowCards,BEL,2025-2026,datafc_sofascore,2026-08-09T08:07:33.988763
38,77040,Kevin Van Den Kerkhof,1130602,RC Sporting Charleroi,2898,3,4,6.78,3.1,2.9,35,11,35,27,56,5,1,2117,30,yellowCards,BEL,2025-2026,datafc_sofascore,2026-08-09T08:07:33.988763
38,77040,Henry Lawrence,976265,Standard Liège,2901,2,0,6.78,1.98,1.48,11,3,6,18,36,5,0,2433,30,yellowCards,BEL,2025-2026,datafc_sofascore,2026-08-09T08:07:33.988763
38,77040,Gora Diouf,1407164,KV Mechelen,5044,1,1,6.78,0.59,0.28,6,1,4,8,22,5,1,951,18,yellowCards,BEL,2025-2026,datafc_sofascore,2026-08-09T08:07:33.988763
38,77040,Keisuke Goto,1391315,Sint-Truidense VV,2895,11,7,6.77,13.43,4.3,62,25,30,7,41,5,0,2885,38,yellowCards,BEL,2025-2026,datafc_sofascore,2026-08-09T08:07:33.988763
38,77040,Matisse Samoise,1046245,KAA Gent,2903,2,2,6.76,1.28,1.47,8,4,22,9,27,5,0,1379,18,yellowCards,BEL,2025-2026,datafc_sofascore,2026-08-09T08:07:33.988763
38,77040,Luc De Fougerolles,1413129,FCV Dender,389232,0,1,6.74,0.48,0.48,5,0,8,7,39,5,2,1717,28,yellowCards,BEL,2025-2026,datafc_sofascore,2026-08-09T08:07:33.988763
38,77040,Roman Kvet,858926,FCV Dender,389232,5,0,6.73,4.44,3.29,38,12,39,24,34,5,0,2676,34,yellowCards,BEL,2025-2026,datafc_sofascore,2026-08-09T08:07:33.988763
38,77040,Ibrahima Sory Bangoura,1396027,KRC Genk,2890,0,0,6.72,0.92,0.45,8,3,9,14,59,5,0,1531,28,yellowCards,BEL,2025-2026,datafc_sofascore,2026-08-09T08:07:33.988763
38,77040,Adriano Bertaccini,867250,RSC Anderlecht,2900,7,2,6.7,7.73,1.74,65,28,15,17,14,5,1,1603,33,yellowCards,BEL,2025-2026,datafc_sofascore,2026-08-09T08:07:33.988763
38,77040,Cheick Keita,1407973,RC Sporting Charleroi,2898,3,0,6.69,2.36,0.27,18,5,1,5,43,5,0,3440,40,yellowCards,BEL,2025-2026,datafc_sofascore,2026-08-09T08:07:33.988763
38,77040,Lawrence Agyekum,1185568,Cercle Brugge,2929,0,2,6.68,1.79,1.95,26,6,16,17,73,5,0,1898,29,yellowCards,BEL,2025-2026,datafc_sofascore,2026-08-09T08:07:33.988763
38,77040,Jean-Kévin Duverne,845930,KAA Gent,2903,1,1,6.63,1.66,0.88,4,3,4,3,25,5,0,1174,22,yellowCards,BEL,2025-2026,datafc_sofascore,2026-08-09T08:07:33.988763
38,77040,Fabio Ferraro,1145225,FCV Dender,389232,1,3,6.62,2.28,3.94,30,12,41,31,53,5,0,2531,29,yellowCards,BEL,2025-2026,datafc_sofascore,2026-08-09T08:07:33.988763
38,77040,Mathieu Maertens,360652,Oud-Heverlee Leuven,2918,1,3,6.6,5.76,1.05,52,17,19,10,23,5,0,1302,35,yellowCards,BEL,2025-2026,datafc_sofascore,2026-08-09T08:07:33.988763
38,77040,Alireza Jahanbakhsh,331837,FCV Dender,389232,1,1,6.6,2.38,1.07,20,7,11,8,9,5,0,906,21,yellowCards,BEL,2025-2026,datafc_sofascore,2026-08-09T08:07:33.988763
38,77040,David Toshevski,1021398,FCV Dender,389232,4,0,6.57,5.5,1.06,40,12,10,13,11,5,1,1520,26,yellowCards,BEL,2025-2026,datafc_sofascore,2026-08-09T08:07:33.988763
38,77040,Thomas Henry,795541,Standard Liège,2901,3,2,6.47,3.2,0.58,16,6,10,4,6,5,1,1360,21,yellowCards,BEL,2025-2026,datafc_sofascore,2026-08-09T08:07:33.988763
38,77040,Brandon Mechele,248331,Club Brugge KV,2888,5,2,7.29,3.46,1.49,33,14,22,5,77,4,0,3435,39,yellowCards,BEL,2025-2026,datafc_sofascore,2026-08-09T08:07:33.988763
38,77040,Carlos Forbs,1069486,Club Brugge KV,2888,8,8,7.17,6.18,8.55,57,21,61,52,40,4,0,2816,37,yellowCards,BEL,2025-2026,datafc_sofascore,2026-08-09T08:07:33.988763
38,77040,Matte Smets,1392905,KRC Genk,2890,0,1,7.15,0.75,2.2,15,0,17,5,70,4,0,3509,39,yellowCards,BEL,2025-2026,datafc_sofascore,2026-08-09T08:07:33.988763
38,77040,Visar Musliu,134231,Sint-Truidense VV,2895,0,0,7.12,1.16,0.58,17,3,4,6,39,4,0,2519,30,yellowCards,BEL,2025-2026,datafc_sofascore,2026-08-09T08:07:33.988763
38,77040,Aleksandar Stanković,1153957,Club Brugge KV,2888,6,2,7.09,4.66,4.09,74,25,33,8,39,4,0,3076,39,yellowCards,BEL,2025-2026,datafc_sofascore,2026-08-09T08:07:33.988763
38,77040,Junya Ito,783278,KRC Genk,2890,6,5,7.09,3.79,5.63,36,16,51,24,37,4,0,1785,28,yellowCards,BEL,2025-2026,datafc_sofascore,2026-08-09T08:07:33.988763
38,77040,Guilherme Smith,1820381,Royale Union Saint-Gilloise,4860,4,2,7.08,0.98,1.96,21,7,15,28,33,4,0,1546,22,yellowCards,BEL,2025-2026,datafc_sofascore,2026-08-09T08:07:33.988763
38,77040,Emin Bayram,997153,KVC Westerlo,2893,4,2,7.06,4.39,2.88,41,13,20,15,44,4,2,3322,38,redCards,BEL,2025-2026,datafc_sofascore,2026-08-09T08:07:33.988763
38,77040,Joel Ordóñez,1187275,Club Brugge KV,2888,3,0,6.95,1.91,0.92,16,4,6,3,37,4,2,2668,33,redCards,BEL,2025-2026,datafc_sofascore,2026-08-09T08:07:33.988763
38,77040,Daam Foulon,826170,Royal Antwerp FC,2889,0,4,6.78,0.68,3.5,13,4,33,10,56,5,2,2290,33,redCards,BEL,2025-2026,datafc_sofascore,2026-08-09T08:07:33.988763
38,77040,Luc De Fougerolles,1413129,FCV Dender,389232,0,1,6.74,0.48,0.48,5,0,8,7,39,5,2,1717,28,redCards,BEL,2025-2026,datafc_sofascore,2026-08-09T08:07:33.988763
38,77040,Birger Verstraete,192268,Oud-Heverlee Leuven,2918,0,0,6.69,0.14,0.55,4,0,5,4,36,8,2,1712,26,redCards,BEL,2025-2026,datafc_sofascore,2026-08-09T08:07:33.988763
38,77040,Christian Burgess,303634,Royale Union Saint-Gilloise,4860,2,3,7.31,1.63,1.37,23,8,13,1,53,13,1,3147,35,redCards,BEL,2025-2026,datafc_sofascore,2026-08-09T08:07:33.988763
38,77040,Nilson Angulo,1116571,RSC Anderlecht,2900,6,5,7.26,3.77,4.47,33,16,46,44,62,2,1,1902,22,redCards,BEL,2025-2026,datafc_sofascore,2026-08-09T08:07:33.988763
38,77040,Kevin Mac Allister,895327,Royale Union Saint-Gilloise,4860,1,1,7.14,3.07,2.44,22,5,13,9,112,11,1,2930,34,redCards,BEL,2025-2026,datafc_sofascore,2026-08-09T08:07:33.988763
38,77040,Warleson,861071,Cercle Brugge,2929,0,0,7.13,,0.03,0,0,0,0,0,2,1,1556,19,redCards,BEL,2025-2026,datafc_sofascore,2026-08-09T08:07:33.988763
38,77040,Michał Skóraś,942479,KAA Gent,2903,2,7,7.06,3.87,6.79,43,10,65,37,49,6,1,2697,34,redCards,BEL,2025-2026,datafc_sofascore,2026-08-09T08:07:33.988763
38,77040,Thorgan Hazard,94286,RSC Anderlecht,2900,13,7,7.04,11.91,8.06,74,31,78,38,38,6,1,2722,36,redCards,BEL,2025-2026,datafc_sofascore,2026-08-09T08:07:33.988763
38,77040,Rein Van Helden,1047163,Royal Antwerp FC,2889,2,0,7.02,2.19,1.08,12,4,13,8,52,2,1,2126,29,redCards,BEL,2025-2026,datafc_sofascore,2026-08-09T08:07:33.988763
38,77040,Josue Ndenge Kongolo,1396029,KRC Genk,2890,0,0,6.98,0.19,0.56,4,0,3,10,27,3,1,1168,16,redCards,BEL,2025-2026,datafc_sofascore,2026-08-09T08:07:33.988763
38,77040,Aiham Ousou,965265,RC Sporting Charleroi,2898,2,1,6.95,3.22,1.58,34,10,11,5,53,12,1,3395,39,redCards,BEL,2025-2026,datafc_sofascore,2026-08-09T08:07:33.988763
38,77040,Dennis Praet,135647,Royal Antwerp FC,2889,0,0,6.92,0.62,2.25,16,3,26,10,64,3,1,2525,31,redCards,BEL,2025-2026,datafc_sofascore,2026-08-09T08:07:33.988763
38,77040,Adnane Abid,1127801,Standard Liège,2901,2,5,6.92,2.21,4.2,22,11,44,37,40,5,1,2114,34,redCards,BEL,2025-2026,datafc_sofascore,2026-08-09T08:07:33.988763
38,77040,Arbnor Muja,890695,Sint-Truidense VV,2895,6,2,6.91,5.76,4.41,43,16,28,21,24,3,1,1855,26,redCards,BEL,2025-2026,datafc_sofascore,2026-08-09T08:07:33.988763
38,77040,Zeno Van Den Bosch,1103765,Royal Antwerp FC,2889,0,1,6.91,0.97,1.34,13,6,15,4,57,6,1,3071,35,redCards,BEL,2025-2026,datafc_sofascore,2026-08-09T08:07:33.988763
38,77040,Josué Homawoo,976070,Standard Liège,2901,0,1,6.91,0.5,0.41,6,0,5,3,46,2,1,2198,30,redCards,BEL,2025-2026,datafc_sofascore,2026-08-09T08:07:33.988763
38,77040,Marlon Fossey,880762,Standard Liège,2901,1,2,6.91,0.72,1.82,9,4,11,9,18,2,1,1469,20,redCards,BEL,2025-2026,datafc_sofascore,2026-08-09T08:07:33.988763
38,77040,Boubakar Kouyaté,848537,Royal Antwerp FC,2889,1,0,6.9,0.74,0.17,10,3,2,0,37,5,1,1213,24,redCards,BEL,2025-2026,datafc_sofascore,2026-08-09T08:07:33.988763
38,77040,Malcolm Viltard,1092285,FCV Dender,389232,1,1,6.88,0.41,2.6,15,4,27,17,70,6,1,2721,36,redCards,BEL,2025-2026,datafc_sofascore,2026-08-09T08:07:33.988763
38,77040,Nathan-Dylan Saliba,1093229,RSC Anderlecht,2900,3,1,6.86,3.27,2.58,59,15,26,19,75,12,1,2319,34,redCards,BEL,2025-2026,datafc_sofascore,2026-08-09T08:07:33.988763
38,77040,Marco Ilaimaharitra,358198,Standard Liège,2901,3,0,6.85,3.44,1.16,14,6,21,8,48,10,1,2445,31,redCards,BEL,2025-2026,datafc_sofascore,2026-08-09T08:07:33.988763
38,77040,Mujaid Sadick,935309,KRC Genk,2890,2,0,6.83,2.1,0.55,7,3,1,4,76,4,1,3014,36,redCards,BEL,2025-2026,datafc_sofascore,2026-08-09T08:07:33.988763
38,77040,Etienne Camara,1097542,RC Sporting Charleroi,2898,2,3,6.83,1.19,1.37,20,7,20,19,94,11,1,3034,38,redCards,BEL,2025-2026,datafc_sofascore,2026-08-09T08:07:33.988763
38,77040,Ryan Merlen,1402293,Sint-Truidense VV,2895,3,2,6.82,3.41,2.27,24,5,19,9,8,4,1,965,33,redCards,BEL,2025-2026,datafc_sofascore,2026-08-09T08:07:33.988763
38,77040,Dylan Ourega,1970815,KVC Westerlo,2893,1,1,6.81,0.4,0.79,3,1,5,6,9,0,1,413,8,redCards,BEL,2025-2026,datafc_sofascore,2026-08-09T08:07:33.988763
38,77040,Emmanuel Kakou,1847412,Cercle Brugge,2929,2,1,6.8,1.44,0.56,21,5,4,7,35,1,1,1737,24,redCards,BEL,2025-2026,datafc_sofascore,2026-08-09T08:07:33.988763
38,77040,Kevin Van Den Kerkhof,1130602,RC Sporting Charleroi,2898,3,4,6.78,3.1,2.9,35,11,35,27,56,5,1,2117,30,redCards,BEL,2025-2026,datafc_sofascore,2026-08-09T08:07:33.988763
38,77040,Gora Diouf,1407164,KV Mechelen,5044,1,1,6.78,0.59,0.28,6,1,4,8,22,5,1,951,18,redCards,BEL,2025-2026,datafc_sofascore,2026-08-09T08:07:33.988763
38,77040,Mardochee Nzita,990726,RC Sporting Charleroi,2898,0,2,6.77,1.02,3.04,12,3,21,18,65,3,1,3007,38,redCards,BEL,2025-2026,datafc_sofascore,2026-08-09T08:07:33.988763
38,77040,Ibrahim Karamoko,966263,Standard Liège,2901,1,0,6.76,3.04,0.38,22,7,6,6,35,7,1,2185,31,redCards,BEL,2025-2026,datafc_sofascore,2026-08-09T08:07:33.988763
38,77040,Tochukwu Nnadi,1191892,SV Zulte Waregem,2933,0,1,6.74,0.06,0.62,2,0,5,3,37,7,1,1418,18,redCards,BEL,2025-2026,datafc_sofascore,2026-08-09T08:07:33.988763
38,77040,Jakob Kiilerich,887822,SV Zulte Waregem,2933,0,0,6.74,0.77,0.82,9,2,4,3,27,3,1,2291,29,redCards,BEL,2025-2026,datafc_sofascore,2026-08-09T08:07:33.988763
38,77040,Jules Gaudin,1119498,RC Sporting Charleroi,2898,0,0,6.74,0.16,1.11,7,1,10,4,21,1,1,651,19,redCards,BEL,2025-2026,datafc_sofascore,2026-08-09T08:07:33.988763
38,77040,Makaya Ibrahima Diaby,1473492,Cercle Brugge,2929,2,1,6.7,2.24,0.73,18,7,5,13,35,4,1,1039,26,redCards,BEL,2025-2026,datafc_sofascore,2026-08-09T08:07:33.988763
38,77040,Adriano Bertaccini,867250,RSC Anderlecht,2900,7,2,6.7,7.73,1.74,65,28,15,17,14,5,1,1603,33,redCards,BEL,2025-2026,datafc_sofascore,2026-08-09T08:07:33.988763
38,77040,Max Dean,1065233,KAA Gent,2903,7,1,6.69,8.96,1.47,50,21,16,5,8,2,1,1187,23,redCards,BEL,2025-2026,datafc_sofascore,2026-08-09T08:07:33.988763
38,77040,Killian Sardella,909964,RSC Anderlecht,2900,0,1,6.66,1.39,1.45,23,6,19,14,33,3,1,2064,32,redCards,BEL,2025-2026,datafc_sofascore,2026-08-09T08:07:33.988763
38,77040,Tristan Degreef,1436187,RSC Anderlecht,2900,4,2,6.65,2.62,1.63,39,15,22,15,49,3,1,1891,34,redCards,BEL,2025-2026,datafc_sofascore,2026-08-09T08:07:33.988763
38,77040,Nikola Štulić,1029748,RC Sporting Charleroi,2898,1,0,6.63,0.32,0.11,3,2,1,1,0,0,1,217,3,redCards,BEL,2025-2026,datafc_sofascore,2026-08-09T08:07:33.988763
38,77040,Oumar Diakité,1188191,Cercle Brugge,2929,7,0,6.63,7.36,1.43,39,18,22,23,14,4,1,1429,25,redCards,BEL,2025-2026,datafc_sofascore,2026-08-09T08:07:33.988763
38,77040,Mihajlo Cvetković,1427166,RSC Anderlecht,2900,9,2,6.6,7.58,1.0,41,21,17,8,15,4,1,1631,29,redCards,BEL,2025-2026,datafc_sofascore,2026-08-09T08:07:33.988763
38,77040,David Toshevski,1021398,FCV Dender,389232,4,0,6.57,5.5,1.06,40,12,10,13,11,5,1,1520,26,redCards,BEL,2025-2026,datafc_sofascore,2026-08-09T08:07:33.988763
38,77040,Óscar Gil,959820,Oud-Heverlee Leuven,2918,2,1,6.54,2.33,2.05,22,10,16,18,66,12,1,2325,33,redCards,BEL,2025-2026,datafc_sofascore,2026-08-09T08:07:33.988763
38,77040,Tobias Hedl,1064825,SV Zulte Waregem,2933,1,0,6.52,1.26,0.45,5,3,3,3,3,0,1,351,11,redCards,BEL,2025-2026,datafc_sofascore,2026-08-09T08:07:33.988763
38,77040,Owen Maes,1165701,RAAL La Louvière,368506,0,1,6.51,0.76,1.7,17,5,17,22,26,3,1,1281,22,redCards,BEL,2025-2026,datafc_sofascore,2026-08-09T08:07:33.988763
38,77040,Hatim Essaouabi,1461399,KAA Gent,2903,0,0,6.5,,0.05,0,0,0,0,6,0,1,201,10,redCards,BEL,2025-2026,datafc_sofascore,2026-08-09T08:07:33.988763
38,77040,Thomas Henry,795541,Standard Liège,2901,3,2,6.47,3.2,0.58,16,6,10,4,6,5,1,1360,21,redCards,BEL,2025-2026,datafc_sofascore,2026-08-09T08:07:33.988763
38,77040,Severin Sabri Guendouz,1515600,K. Beerschot V.A.,169260,0,1,6.47,0.91,1.32,10,1,3,4,6,1,1,242,3,redCards,BEL,2025-2026,datafc_sofascore,2026-08-09T08:07:33.988763
38,77040,Xander Dierckx,2405369,Royal Antwerp FC,2889,1,0,6.44,0.72,0.52,9,2,9,2,34,2,1,1361,19,redCards,BEL,2025-2026,datafc_sofascore,2026-08-09T08:07:33.988763
38,77040,Timothé Nkada,981053,Standard Liège,2901,4,1,6.42,4.31,0.44,25,10,4,8,8,1,1,1240,30,redCards,BEL,2025-2026,datafc_sofascore,2026-08-09T08:07:33.988763
38,77040,Samuel Kotto,1103229,KAA Gent,2903,0,0,6.37,0.05,0.19,2,0,1,2,9,0,1,489,8,redCards,BEL,2025-2026,datafc_sofascore,2026-08-09T08:07:33.988763
38,77040,Bo De Kerf,2034332,FCV Dender,389232,0,0,6.37,0.17,0.25,4,0,0,0,10,1,1,512,10,redCards,BEL,2025-2026,datafc_sofascore,2026-08-09T08:07:33.988763
38,77040,Majeed Ashimeru,901149,RAAL La Louvière,368506,0,0,6.3,0.26,0.56,7,0,5,10,12,2,1,414,9,redCards,BEL,2025-2026,datafc_sofascore,2026-08-09T08:07:33.988763
38,77040,Clinton Nsiala,1141169,KVC Westerlo,2893,0,0,6.15,,0.02,0,0,1,3,4,1,1,265,4,redCards,BEL,2025-2026,datafc_sofascore,2026-08-09T08:07:33.988763
38,77040,Genki Haraguchi,48243,K. Beerschot V.A.,169260,1,0,7.93,0.26,1.41,6,3,8,5,7,0,0,377,4,redCards,BEL,2025-2026,datafc_sofascore,2026-08-09T08:07:33.988763
38,77040,Lucas Schoofs,794564,Lommel SK,5046,3,3,7.8,1.84,0.65,8,5,7,2,24,1,0,540,6,redCards,BEL,2025-2026,datafc_sofascore,2026-08-09T08:07:33.988763
38,77040,Christos Tzolis,1031259,Club Brugge KV,2888,17,23,7.71,17.4,15.94,123,44,135,40,29,6,0,3072,36,redCards,BEL,2025-2026,datafc_sofascore,2026-08-09T08:07:33.988763
38,77040,Christ Souanga,1835475,Oud-Heverlee Leuven,2918,1,0,7.6,0.07,0.01,1,1,0,0,1,0,0,90,1,redCards,BEL,2025-2026,datafc_sofascore,2026-08-09T08:07:33.988763
38,77040,Nacho Miras,1010556,KV Mechelen,5044,0,0,7.57,,0.03,0,0,0,0,1,2,0,2925,33,redCards,BEL,2025-2026,datafc_sofascore,2026-08-09T08:07:33.988763
38,77040,Dries Wouters,339269,Lommel SK,5046,0,0,7.53,,0.03,0,0,1,1,2,1,0,540,6,redCards,BEL,2025-2026,datafc_sofascore,2026-08-09T08:07:33.988763
38,77040,Elnora Lembi,2307624,FCV Dender,389232,0,0,7.5,,0.0,0,0,0,0,2,0,0,43,2,redCards,BEL,2025-2026,datafc_sofascore,2026-08-09T08:07:33.988763
38,77040,Hans Vanaken,118085,Club Brugge KV,2888,7,3,7.45,8.38,8.0,58,21,67,15,38,2,0,3366,39,redCards,BEL,2025-2026,datafc_sofascore,2026-08-09T08:07:33.988763
38,77040,Modibo Fofana,2602250,Royal Antwerp FC,2889,1,0,7.45,0.22,0.1,4,1,1,2,3,0,0,35,2,redCards,BEL,2025-2026,datafc_sofascore,2026-08-09T08:07:33.988763
38,77040,Jules Ahoka,2137673,Royal Antwerp FC,2889,0,0,7.45,0.02,0.0,1,0,0,1,2,0,0,98,2,redCards,BEL,2025-2026,datafc_sofascore,2026-08-09T08:07:33.988763
38,77040,Lucas Pirard,190379,Standard Liège,2901,0,0,7.44,,0.03,0,0,0,1,0,1,0,990,11,redCards,BEL,2025-2026,datafc_sofascore,2026-08-09T08:07:33.988763
38,77040,Zalán Vancsa,1092366,Lommel SK,5046,4,0,7.4,0.71,0.12,7,5,1,4,4,0,0,256,6,redCards,BEL,2025-2026,datafc_sofascore,2026-08-09T08:07:33.988763
38,77040,Milan Govaers,1427490,K. Beerschot V.A.,169260,0,0,7.4,,0.01,0,0,0,0,0,0,0,13,1,redCards,BEL,2025-2026,datafc_sofascore,2026-08-09T08:07:33.988763
38,77040,Marcos Hernán Peano,789394,RAAL La Louvière,368506,0,0,7.37,,0.14,0,0,0,4,4,2,0,3060,34,redCards,BEL,2025-2026,datafc_sofascore,2026-08-09T08:07:33.988763
38,77040,Charles Vanhoutte,928033,Royale Union Saint-Gilloise,4860,0,1,7.36,0.36,1.67,2,1,12,2,18,2,0,450,5,redCards,BEL,2025-2026,datafc_sofascore,2026-08-09T08:07:33.988763
38,77040,Jordan Renson,802311,Patro Eisden Maasmechelen,35076,1,0,7.35,0.21,0.03,2,1,1,0,2,0,0,210,2,redCards,BEL,2025-2026,datafc_sofascore,2026-08-09T08:07:33.988763
38,77040,Matthias Pieklak,1405437,Lommel SK,5046,0,0,7.33,,0.0,0,0,0,0,0,0,0,540,6,redCards,BEL,2025-2026,datafc_sofascore,2026-08-09T08:07:33.988763
38,77040,Matthieu Epolo,1121943,Standard Liège,2901,0,0,7.32,0.06,0.05,1,0,1,0,1,1,0,2610,29,redCards,BEL,2025-2026,datafc_sofascore,2026-08-09T08:07:33.988763
38,77040,Edgaras Utkus,921180,Cercle Brugge,2929,2,0,7.31,1.25,0.36,14,4,1,1,28,2,0,1451,19,redCards,BEL,2025-2026,datafc_sofascore,2026-08-09T08:07:33.988763
38,77040,Bryan Heynen,801025,KRC Genk,2890,4,1,7.31,4.75,4.68,48,11,49,22,99,5,0,3603,40,redCards,BEL,2025-2026,datafc_sofascore,2026-08-09T08:07:33.988763
38,77040,Brandon Mechele,248331,Club Brugge KV,2888,5,2,7.29,3.46,1.49,33,14,22,5,77,4,0,3435,39,redCards,BEL,2025-2026,datafc_sofascore,2026-08-09T08:07:33.988763
38,77040,Ryotaro Ito,831697,Sint-Truidense VV,2895,10,5,7.28,8.51,8.81,73,27,102,19,20,1,0,2838,35,redCards,BEL,2025-2026,datafc_sofascore,2026-08-09T08:07:33.988763
38,77040,Ross Sykes,845558,Royale Union Saint-Gilloise,4860,5,0,7.28,3.78,2.34,56,25,21,6,40,9,0,2629,32,redCards,BEL,2025-2026,datafc_sofascore,2026-08-09T08:07:33.988763
38,77040,Sam De Grand,1146313,Lommel SK,5046,2,1,7.27,0.32,0.1,4,3,9,1,16,0,0,540,6,redCards,BEL,2025-2026,datafc_sofascore,2026-08-09T08:07:33.988763
38,77040,Ensar Brahić,1481739,K. Beerschot V.A.,169260,2,0,7.27,0.49,0.27,4,2,1,0,0,0,0,91,3,redCards,BEL,2025-2026,datafc_sofascore,2026-08-09T08:07:33.988763
38,77040,Brent Gabriel,861977,SV Zulte Waregem,2933,0,1,7.26,,0.6,0,0,2,1,1,1,0,3240,36,redCards,BEL,2025-2026,datafc_sofascore,2026-08-09T08:07:33.988763
38,77040,Mahamadou Doumbia,1400846,Royal Antwerp FC,2889,2,1,7.25,1.8,0.37,10,3,7,17,4,2,0,528,6,redCards,BEL,2025-2026,datafc_sofascore,2026-08-09T08:07:33.988763
38,77040,Davy Roef,156663,KAA Gent,2903,0,0,7.25,,0.05,0,0,3,0,1,0,0,3720,41,redCards,BEL,2025-2026,datafc_sofascore,2026-08-09T08:07:33.988763
38,77040,Léo Kokubo,997020,Sint-Truidense VV,2895,0,0,7.23,,0.05,0,0,0,0,4,5,0,3420,38,redCards,BEL,2025-2026,datafc_sofascore,2026-08-09T08:07:33.988763
38,77040,Yassine Titraoui,1094538,RC Sporting Charleroi,2898,5,1,7.23,2.9,3.78,53,20,31,26,58,7,0,2904,35,redCards,BEL,2025-2026,datafc_sofascore,2026-08-09T08:07:33.988763
38,77040,Senne Lammens,964753,Royal Antwerp FC,2889,0,0,7.23,,0.01,0,0,0,0,0,0,0,360,4,redCards,BEL,2025-2026,datafc_sofascore,2026-08-09T08:07:33.988763
38,77040,Anan Khalaili,1403362,Royale Union Saint-Gilloise,4860,3,5,7.22,3.34,7.52,38,13,62,49,69,7,0,3099,38,redCards,BEL,2025-2026,datafc_sofascore,2026-08-09T08:07:33.988763
38,77040,Mohamed Koné,1131009,RC Sporting Charleroi,2898,0,0,7.22,,0.03,0,0,0,0,1,2,0,1710,19,redCards,BEL,2025-2026,datafc_sofascore,2026-08-09T08:07:33.988763
38,77040,Tibe De Vlieger,1396529,KAA Gent,2903,1,0,7.21,1.4,0.97,16,1,13,9,59,5,0,1696,25,redCards,BEL,2025-2026,datafc_sofascore,2026-08-09T08:07:33.988763
38,77040,Maxence Prévot,785520,Oud-Heverlee Leuven,2918,0,0,7.19,,0.02,0,0,0,2,0,1,0,741,9,redCards,BEL,2025-2026,datafc_sofascore,2026-08-09T08:07:33.988763
38,77040,Taishi Brandon Nozawa,1002358,Royal Antwerp FC,2889,0,0,7.19,,0.11,0,0,3,0,3,1,0,2654,30,redCards,BEL,2025-2026,datafc_sofascore,2026-08-09T08:07:33.988763
38,77040,Loïc Mbe Soh,904992,Sint-Truidense VV,2895,2,0,7.18,1.47,0.27,5,2,1,1,12,1,0,921,14,redCards,BEL,2025-2026,datafc_sofascore,2026-08-09T08:07:33.988763
38,77040,Kjell Scherpen,852394,Royale Union Saint-Gilloise,4860,0,0,7.18,,0.12,0,0,1,0,1,1,0,2835,32,redCards,BEL,2025-2026,datafc_sofascore,2026-08-09T08:07:33.988763
38,77040,Doğucan Haspolat,846087,KVC Westerlo,2893,1,4,7.18,2.52,7.83,46,10,86,19,82,7,0,3395,38,redCards,BEL,2025-2026,datafc_sofascore,2026-08-09T08:07:33.988763
38,77040,Carlos Forbs,1069486,Club Brugge KV,2888,8,8,7.17,6.18,8.55,57,21,61,52,40,4,0,2816,37,redCards,BEL,2025-2026,datafc_sofascore,2026-08-09T08:07:33.988763
38,77040,Matte Smets,1392905,KRC Genk,2890,0,1,7.15,0.75,2.2,15,0,17,5,70,4,0,3509,39,redCards,BEL,2025-2026,datafc_sofascore,2026-08-09T08:07:33.988763
38,77040,Joey Pelupessy,235404,Lommel SK,5046,0,0,7.15,0.05,0.04,1,0,2,1,12,0,0,540,6,redCards,BEL,2025-2026,datafc_sofascore,2026-08-09T08:07:33.988763
38,77040,Simon Mignolet,10406,Club Brugge KV,2888,0,0,7.14,,0.02,0,0,0,0,0,1,0,1023,12,redCards,BEL,2025-2026,datafc_sofascore,2026-08-09T08:07:33.988763
38,77040,Emin Bayram,997153,KVC Westerlo,2893,4,2,7.06,4.39,2.88,41,13,20,15,44,4,2,3322,38,redCards,BEL,2025-2026,datafc_sofascore,2026-08-09T08:07:33.988763
38,77040,Joel Ordóñez,1187275,Club Brugge KV,2888,3,0,6.95,1.91,0.92,16,4,6,3,37,4,2,2668,33,redCards,BEL,2025-2026,datafc_sofascore,2026-08-09T08:07:33.988763
38,77040,Daam Foulon,826170,Royal Antwerp FC,2889,0,4,6.78,0.68,3.5,13,4,33,10,56,5,2,2290,33,redCards,BEL,2025-2026,datafc_sofascore,2026-08-09T08:07:33.988763
38,77040,Luc De Fougerolles,1413129,FCV Dender,389232,0,1,6.74,0.48,0.48,5,0,8,7,39,5,2,1717,28,redCards,BEL,2025-2026,datafc_sofascore,2026-08-09T08:07:33.988763
38,77040,Birger Verstraete,192268,Oud-Heverlee Leuven,2918,0,0,6.69,0.14,0.55,4,0,5,4,36,8,2,1712,26,redCards,BEL,2025-2026,datafc_sofascore,2026-08-09T08:07:33.988763
38,77040,Christian Burgess,303634,Royale Union Saint-Gilloise,4860,2,3,7.31,1.63,1.37,23,8,13,1,53,13,1,3147,35,redCards,BEL,2025-2026,datafc_sofascore,2026-08-09T08:07:33.988763
38,77040,Nilson Angulo,1116571,RSC Anderlecht,2900,6,5,7.26,3.77,4.47,33,16,46,44,62,2,1,1902,22,redCards,BEL,2025-2026,datafc_sofascore,2026-08-09T08:07:33.988763
38,77040,Kevin Mac Allister,895327,Royale Union Saint-Gilloise,4860,1,1,7.14,3.07,2.44,22,5,13,9,112,11,1,2930,34,redCards,BEL,2025-2026,datafc_sofascore,2026-08-09T08:07:33.988763
38,77040,Warleson,861071,Cercle Brugge,2929,0,0,7.13,,0.03,0,0,0,0,0,2,1,1556,19,redCards,BEL,2025-2026,datafc_sofascore,2026-08-09T08:07:33.988763
38,77040,Michał Skóraś,942479,KAA Gent,2903,2,7,7.06,3.87,6.79,43,10,65,37,49,6,1,2697,34,redCards,BEL,2025-2026,datafc_sofascore,2026-08-09T08:07:33.988763
38,77040,Thorgan Hazard,94286,RSC Anderlecht,2900,13,7,7.04,11.91,8.06,74,31,78,38,38,6,1,2722,36,redCards,BEL,2025-2026,datafc_sofascore,2026-08-09T08:07:33.988763
38,77040,Rein Van Helden,1047163,Royal Antwerp FC,2889,2,0,7.02,2.19,1.08,12,4,13,8,52,2,1,2126,29,redCards,BEL,2025-2026,datafc_sofascore,2026-08-09T08:07:33.988763
38,77040,Josue Ndenge Kongolo,1396029,KRC Genk,2890,0,0,6.98,0.19,0.56,4,0,3,10,27,3,1,1168,16,redCards,BEL,2025-2026,datafc_sofascore,2026-08-09T08:07:33.988763
38,77040,Aiham Ousou,965265,RC Sporting Charleroi,2898,2,1,6.95,3.22,1.58,34,10,11,5,53,12,1,3395,39,redCards,BEL,2025-2026,datafc_sofascore,2026-08-09T08:07:33.988763
38,77040,Dennis Praet,135647,Royal Antwerp FC,2889,0,0,6.92,0.62,2.25,16,3,26,10,64,3,1,2525,31,redCards,BEL,2025-2026,datafc_sofascore,2026-08-09T08:07:33.988763
38,77040,Adnane Abid,1127801,Standard Liège,2901,2,5,6.92,2.21,4.2,22,11,44,37,40,5,1,2114,34,redCards,BEL,2025-2026,datafc_sofascore,2026-08-09T08:07:33.988763
38,77040,Arbnor Muja,890695,Sint-Truidense VV,2895,6,2,6.91,5.76,4.41,43,16,28,21,24,3,1,1855,26,redCards,BEL,2025-2026,datafc_sofascore,2026-08-09T08:07:33.988763
38,77040,Zeno Van Den Bosch,1103765,Royal Antwerp FC,2889,0,1,6.91,0.97,1.34,13,6,15,4,57,6,1,3071,35,redCards,BEL,2025-2026,datafc_sofascore,2026-08-09T08:07:33.988763
38,77040,Josué Homawoo,976070,Standard Liège,2901,0,1,6.91,0.5,0.41,6,0,5,3,46,2,1,2198,30,redCards,BEL,2025-2026,datafc_sofascore,2026-08-09T08:07:33.988763
38,77040,Marlon Fossey,880762,Standard Liège,2901,1,2,6.91,0.72,1.82,9,4,11,9,18,2,1,1469,20,redCards,BEL,2025-2026,datafc_sofascore,2026-08-09T08:07:33.988763
38,77040,Boubakar Kouyaté,848537,Royal Antwerp FC,2889,1,0,6.9,0.74,0.17,10,3,2,0,37,5,1,1213,24,redCards,BEL,2025-2026,datafc_sofascore,2026-08-09T08:07:33.988763
38,77040,Malcolm Viltard,1092285,FCV Dender,389232,1,1,6.88,0.41,2.6,15,4,27,17,70,6,1,2721,36,redCards,BEL,2025-2026,datafc_sofascore,2026-08-09T08:07:33.988763
38,77040,Nathan-Dylan Saliba,1093229,RSC Anderlecht,2900,3,1,6.86,3.27,2.58,59,15,26,19,75,12,1,2319,34,redCards,BEL,2025-2026,datafc_sofascore,2026-08-09T08:07:33.988763
38,77040,Marco Ilaimaharitra,358198,Standard Liège,2901,3,0,6.85,3.44,1.16,14,6,21,8,48,10,1,2445,31,redCards,BEL,2025-2026,datafc_sofascore,2026-08-09T08:07:33.988763
38,77040,Mujaid Sadick,935309,KRC Genk,2890,2,0,6.83,2.1,0.55,7,3,1,4,76,4,1,3014,36,redCards,BEL,2025-2026,datafc_sofascore,2026-08-09T08:07:33.988763
38,77040,Etienne Camara,1097542,RC Sporting Charleroi,2898,2,3,6.83,1.19,1.37,20,7,20,19,94,11,1,3034,38,redCards,BEL,2025-2026,datafc_sofascore,2026-08-09T08:07:33.988763
38,77040,Ryan Merlen,1402293,Sint-Truidense VV,2895,3,2,6.82,3.41,2.27,24,5,19,9,8,4,1,965,33,redCards,BEL,2025-2026,datafc_sofascore,2026-08-09T08:07:33.988763
38,77040,Dylan Ourega,1970815,KVC Westerlo,2893,1,1,6.81,0.4,0.79,3,1,5,6,9,0,1,413,8,redCards,BEL,2025-2026,datafc_sofascore,2026-08-09T08:07:33.988763
38,77040,Emmanuel Kakou,1847412,Cercle Brugge,2929,2,1,6.8,1.44,0.56,21,5,4,7,35,1,1,1737,24,redCards,BEL,2025-2026,datafc_sofascore,2026-08-09T08:07:33.988763
38,77040,Kevin Van Den Kerkhof,1130602,RC Sporting Charleroi,2898,3,4,6.78,3.1,2.9,35,11,35,27,56,5,1,2117,30,redCards,BEL,2025-2026,datafc_sofascore,2026-08-09T08:07:33.988763
38,77040,Gora Diouf,1407164,KV Mechelen,5044,1,1,6.78,0.59,0.28,6,1,4,8,22,5,1,951,18,redCards,BEL,2025-2026,datafc_sofascore,2026-08-09T08:07:33.988763
38,77040,Mardochee Nzita,990726,RC Sporting Charleroi,2898,0,2,6.77,1.02,3.04,12,3,21,18,65,3,1,3007,38,redCards,BEL,2025-2026,datafc_sofascore,2026-08-09T08:07:33.988763
38,77040,Ibrahim Karamoko,966263,Standard Liège,2901,1,0,6.76,3.04,0.38,22,7,6,6,35,7,1,2185,31,redCards,BEL,2025-2026,datafc_sofascore,2026-08-09T08:07:33.988763
38,77040,Tochukwu Nnadi,1191892,SV Zulte Waregem,2933,0,1,6.74,0.06,0.62,2,0,5,3,37,7,1,1418,18,redCards,BEL,2025-2026,datafc_sofascore,2026-08-09T08:07:33.988763
38,77040,Jakob Kiilerich,887822,SV Zulte Waregem,2933,0,0,6.74,0.77,0.82,9,2,4,3,27,3,1,2291,29,redCards,BEL,2025-2026,datafc_sofascore,2026-08-09T08:07:33.988763
38,77040,Jules Gaudin,1119498,RC Sporting Charleroi,2898,0,0,6.74,0.16,1.11,7,1,10,4,21,1,1,651,19,redCards,BEL,2025-2026,datafc_sofascore,2026-08-09T08:07:33.988763
38,77040,Makaya Ibrahima Diaby,1473492,Cercle Brugge,2929,2,1,6.7,2.24,0.73,18,7,5,13,35,4,1,1039,26,redCards,BEL,2025-2026,datafc_sofascore,2026-08-09T08:07:33.988763
38,77040,Adriano Bertaccini,867250,RSC Anderlecht,2900,7,2,6.7,7.73,1.74,65,28,15,17,14,5,1,1603,33,redCards,BEL,2025-2026,datafc_sofascore,2026-08-09T08:07:33.988763
38,77040,Max Dean,1065233,KAA Gent,2903,7,1,6.69,8.96,1.47,50,21,16,5,8,2,1,1187,23,redCards,BEL,2025-2026,datafc_sofascore,2026-08-09T08:07:33.988763
38,77040,Killian Sardella,909964,RSC Anderlecht,2900,0,1,6.66,1.39,1.45,23,6,19,14,33,3,1,2064,32,redCards,BEL,2025-2026,datafc_sofascore,2026-08-09T08:07:33.988763
38,77040,Tristan Degreef,1436187,RSC Anderlecht,2900,4,2,6.65,2.62,1.63,39,15,22,15,49,3,1,1891,34,redCards,BEL,2025-2026,datafc_sofascore,2026-08-09T08:07:33.988763
38,77040,Nikola Štulić,1029748,RC Sporting Charleroi,2898,1,0,6.63,0.32,0.11,3,2,1,1,0,0,1,217,3,redCards,BEL,2025-2026,datafc_sofascore,2026-08-09T08:07:33.988763
38,77040,Oumar Diakité,1188191,Cercle Brugge,2929,7,0,6.63,7.36,1.43,39,18,22,23,14,4,1,1429,25,redCards,BEL,2025-2026,datafc_sofascore,2026-08-09T08:07:33.988763
38,77040,Mihajlo Cvetković,1427166,RSC Anderlecht,2900,9,2,6.6,7.58,1.0,41,21,17,8,15,4,1,1631,29,redCards,BEL,2025-2026,datafc_sofascore,2026-08-09T08:07:33.988763
38,77040,David Toshevski,1021398,FCV Dender,389232,4,0,6.57,5.5,1.06,40,12,10,13,11,5,1,1520,26,redCards,BEL,2025-2026,datafc_sofascore,2026-08-09T08:07:33.988763
38,77040,Óscar Gil,959820,Oud-Heverlee Leuven,2918,2,1,6.54,2.33,2.05,22,10,16,18,66,12,1,2325,33,redCards,BEL,2025-2026,datafc_sofascore,2026-08-09T08:07:33.988763
38,77040,Tobias Hedl,1064825,SV Zulte Waregem,2933,1,0,6.52,1.26,0.45,5,3,3,3,3,0,1,351,11,redCards,BEL,2025-2026,datafc_sofascore,2026-08-09T08:07:33.988763
38,77040,Owen Maes,1165701,RAAL La Louvière,368506,0,1,6.51,0.76,1.7,17,5,17,22,26,3,1,1281,22,redCards,BEL,2025-2026,datafc_sofascore,2026-08-09T08:07:33.988763
38,77040,Hatim Essaouabi,1461399,KAA Gent,2903,0,0,6.5,,0.05,0,0,0,0,6,0,1,201,10,redCards,BEL,2025-2026,datafc_sofascore,2026-08-09T08:07:33.988763
38,77040,Thomas Henry,795541,Standard Liège,2901,3,2,6.47,3.2,0.58,16,6,10,4,6,5,1,1360,21,redCards,BEL,2025-2026,datafc_sofascore,2026-08-09T08:07:33.988763
38,77040,Severin Sabri Guendouz,1515600,K. Beerschot V.A.,169260,0,1,6.47,0.91,1.32,10,1,3,4,6,1,1,242,3,redCards,BEL,2025-2026,datafc_sofascore,2026-08-09T08:07:33.988763
38,77040,Xander Dierckx,2405369,Royal Antwerp FC,2889,1,0,6.44,0.72,0.52,9,2,9,2,34,2,1,1361,19,redCards,BEL,2025-2026,datafc_sofascore,2026-08-09T08:07:33.988763
38,77040,Timothé Nkada,981053,Standard Liège,2901,4,1,6.42,4.31,0.44,25,10,4,8,8,1,1,1240,30,redCards,BEL,2025-2026,datafc_sofascore,2026-08-09T08:07:33.988763
38,77040,Samuel Kotto,1103229,KAA Gent,2903,0,0,6.37,0.05,0.19,2,0,1,2,9,0,1,489,8,redCards,BEL,2025-2026,datafc_sofascore,2026-08-09T08:07:33.988763
38,77040,Bo De Kerf,2034332,FCV Dender,389232,0,0,6.37,0.17,0.25,4,0,0,0,10,1,1,512,10,redCards,BEL,2025-2026,datafc_sofascore,2026-08-09T08:07:33.988763
38,77040,Majeed Ashimeru,901149,RAAL La Louvière,368506,0,0,6.3,0.26,0.56,7,0,5,10,12,2,1,414,9,redCards,BEL,2025-2026,datafc_sofascore,2026-08-09T08:07:33.988763
38,77040,Clinton Nsiala,1141169,KVC Westerlo,2893,0,0,6.15,,0.02,0,0,1,3,4,1,1,265,4,redCards,BEL,2025-2026,datafc_sofascore,2026-08-09T08:07:33.988763
38,77040,Genki Haraguchi,48243,K. Beerschot V.A.,169260,1,0,7.93,0.26,1.41,6,3,8,5,7,0,0,377,4,redCards,BEL,2025-2026,datafc_sofascore,2026-08-09T08:07:33.988763
38,77040,Lucas Schoofs,794564,Lommel SK,5046,3,3,7.8,1.84,0.65,8,5,7,2,24,1,0,540,6,redCards,BEL,2025-2026,datafc_sofascore,2026-08-09T08:07:33.988763
38,77040,Christos Tzolis,1031259,Club Brugge KV,2888,17,23,7.71,17.4,15.94,123,44,135,40,29,6,0,3072,36,redCards,BEL,2025-2026,datafc_sofascore,2026-08-09T08:07:33.988763
38,77040,Christ Souanga,1835475,Oud-Heverlee Leuven,2918,1,0,7.6,0.07,0.01,1,1,0,0,1,0,0,90,1,redCards,BEL,2025-2026,datafc_sofascore,2026-08-09T08:07:33.988763
38,77040,Nacho Miras,1010556,KV Mechelen,5044,0,0,7.57,,0.03,0,0,0,0,1,2,0,2925,33,redCards,BEL,2025-2026,datafc_sofascore,2026-08-09T08:07:33.988763
38,77040,Dries Wouters,339269,Lommel SK,5046,0,0,7.53,,0.03,0,0,1,1,2,1,0,540,6,redCards,BEL,2025-2026,datafc_sofascore,2026-08-09T08:07:33.988763
38,77040,Elnora Lembi,2307624,FCV Dender,389232,0,0,7.5,,0.0,0,0,0,0,2,0,0,43,2,redCards,BEL,2025-2026,datafc_sofascore,2026-08-09T08:07:33.988763
38,77040,Hans Vanaken,118085,Club Brugge KV,2888,7,3,7.45,8.38,8.0,58,21,67,15,38,2,0,3366,39,redCards,BEL,2025-2026,datafc_sofascore,2026-08-09T08:07:33.988763
38,77040,Modibo Fofana,2602250,Royal Antwerp FC,2889,1,0,7.45,0.22,0.1,4,1,1,2,3,0,0,35,2,redCards,BEL,2025-2026,datafc_sofascore,2026-08-09T08:07:33.988763
38,77040,Jules Ahoka,2137673,Royal Antwerp FC,2889,0,0,7.45,0.02,0.0,1,0,0,1,2,0,0,98,2,redCards,BEL,2025-2026,datafc_sofascore,2026-08-09T08:07:33.988763
38,77040,Lucas Pirard,190379,Standard Liège,2901,0,0,7.44,,0.03,0,0,0,1,0,1,0,990,11,redCards,BEL,2025-2026,datafc_sofascore,2026-08-09T08:07:33.988763
38,77040,Zalán Vancsa,1092366,Lommel SK,5046,4,0,7.4,0.71,0.12,7,5,1,4,4,0,0,256,6,redCards,BEL,2025-2026,datafc_sofascore,2026-08-09T08:07:33.988763
38,77040,Milan Govaers,1427490,K. Beerschot V.A.,169260,0,0,7.4,,0.01,0,0,0,0,0,0,0,13,1,redCards,BEL,2025-2026,datafc_sofascore,2026-08-09T08:07:33.988763
38,77040,Marcos Hernán Peano,789394,RAAL La Louvière,368506,0,0,7.37,,0.14,0,0,0,4,4,2,0,3060,34,redCards,BEL,2025-2026,datafc_sofascore,2026-08-09T08:07:33.988763
38,77040,Charles Vanhoutte,928033,Royale Union Saint-Gilloise,4860,0,1,7.36,0.36,1.67,2,1,12,2,18,2,0,450,5,redCards,BEL,2025-2026,datafc_sofascore,2026-08-09T08:07:33.988763
38,77040,Jordan Renson,802311,Patro Eisden Maasmechelen,35076,1,0,7.35,0.21,0.03,2,1,1,0,2,0,0,210,2,redCards,BEL,2025-2026,datafc_sofascore,2026-08-09T08:07:33.988763
38,77040,Matthias Pieklak,1405437,Lommel SK,5046,0,0,7.33,,0.0,0,0,0,0,0,0,0,540,6,redCards,BEL,2025-2026,datafc_sofascore,2026-08-09T08:07:33.988763
38,77040,Matthieu Epolo,1121943,Standard Liège,2901,0,0,7.32,0.06,0.05,1,0,1,0,1,1,0,2610,29,redCards,BEL,2025-2026,datafc_sofascore,2026-08-09T08:07:33.988763
38,77040,Edgaras Utkus,921180,Cercle Brugge,2929,2,0,7.31,1.25,0.36,14,4,1,1,28,2,0,1451,19,redCards,BEL,2025-2026,datafc_sofascore,2026-08-09T08:07:33.988763
38,77040,Bryan Heynen,801025,KRC Genk,2890,4,1,7.31,4.75,4.68,48,11,49,22,99,5,0,3603,40,redCards,BEL,2025-2026,datafc_sofascore,2026-08-09T08:07:33.988763
38,77040,Brandon Mechele,248331,Club Brugge KV,2888,5,2,7.29,3.46,1.49,33,14,22,5,77,4,0,3435,39,redCards,BEL,2025-2026,datafc_sofascore,2026-08-09T08:07:33.988763
38,77040,Ryotaro Ito,831697,Sint-Truidense VV,2895,10,5,7.28,8.51,8.81,73,27,102,19,20,1,0,2838,35,redCards,BEL,2025-2026,datafc_sofascore,2026-08-09T08:07:33.988763
38,77040,Ross Sykes,845558,Royale Union Saint-Gilloise,4860,5,0,7.28,3.78,2.34,56,25,21,6,40,9,0,2629,32,redCards,BEL,2025-2026,datafc_sofascore,2026-08-09T08:07:33.988763
38,77040,Sam De Grand,1146313,Lommel SK,5046,2,1,7.27,0.32,0.1,4,3,9,1,16,0,0,540,6,redCards,BEL,2025-2026,datafc_sofascore,2026-08-09T08:07:33.988763
38,77040,Ensar Brahić,1481739,K. Beerschot V.A.,169260,2,0,7.27,0.49,0.27,4,2,1,0,0,0,0,91,3,redCards,BEL,2025-2026,datafc_sofascore,2026-08-09T08:07:33.988763
38,77040,Brent Gabriel,861977,SV Zulte Waregem,2933,0,1,7.26,,0.6,0,0,2,1,1,1,0,3240,36,redCards,BEL,2025-2026,datafc_sofascore,2026-08-09T08:07:33.988763
38,77040,Mahamadou Doumbia,1400846,Royal Antwerp FC,2889,2,1,7.25,1.8,0.37,10,3,7,17,4,2,0,528,6,redCards,BEL,2025-2026,datafc_sofascore,2026-08-09T08:07:33.988763
38,77040,Davy Roef,156663,KAA Gent,2903,0,0,7.25,,0.05,0,0,3,0,1,0,0,3720,41,redCards,BEL,2025-2026,datafc_sofascore,2026-08-09T08:07:33.988763
38,77040,Léo Kokubo,997020,Sint-Truidense VV,2895,0,0,7.23,,0.05,0,0,0,0,4,5,0,3420,38,redCards,BEL,2025-2026,datafc_sofascore,2026-08-09T08:07:33.988763
38,77040,Yassine Titraoui,1094538,RC Sporting Charleroi,2898,5,1,7.23,2.9,3.78,53,20,31,26,58,7,0,2904,35,redCards,BEL,2025-2026,datafc_sofascore,2026-08-09T08:07:33.988763
38,77040,Senne Lammens,964753,Royal Antwerp FC,2889,0,0,7.23,,0.01,0,0,0,0,0,0,0,360,4,redCards,BEL,2025-2026,datafc_sofascore,2026-08-09T08:07:33.988763
38,77040,Anan Khalaili,1403362,Royale Union Saint-Gilloise,4860,3,5,7.22,3.34,7.52,38,13,62,49,69,7,0,3099,38,redCards,BEL,2025-2026,datafc_sofascore,2026-08-09T08:07:33.988763
38,77040,Mohamed Koné,1131009,RC Sporting Charleroi,2898,0,0,7.22,,0.03,0,0,0,0,1,2,0,1710,19,redCards,BEL,2025-2026,datafc_sofascore,2026-08-09T08:07:33.988763
38,77040,Tibe De Vlieger,1396529,KAA Gent,2903,1,0,7.21,1.4,0.97,16,1,13,9,59,5,0,1696,25,redCards,BEL,2025-2026,datafc_sofascore,2026-08-09T08:07:33.988763
38,77040,Maxence Prévot,785520,Oud-Heverlee Leuven,2918,0,0,7.19,,0.02,0,0,0,2,0,1,0,741,9,redCards,BEL,2025-2026,datafc_sofascore,2026-08-09T08:07:33.988763
38,77040,Taishi Brandon Nozawa,1002358,Royal Antwerp FC,2889,0,0,7.19,,0.11,0,0,3,0,3,1,0,2654,30,redCards,BEL,2025-2026,datafc_sofascore,2026-08-09T08:07:33.988763
38,77040,Loïc Mbe Soh,904992,Sint-Truidense VV,2895,2,0,7.18,1.47,0.27,5,2,1,1,12,1,0,921,14,redCards,BEL,2025-2026,datafc_sofascore,2026-08-09T08:07:33.988763
38,77040,Kjell Scherpen,852394,Royale Union Saint-Gilloise,4860,0,0,7.18,,0.12,0,0,1,0,1,1,0,2835,32,redCards,BEL,2025-2026,datafc_sofascore,2026-08-09T08:07:33.988763
38,77040,Doğucan Haspolat,846087,KVC Westerlo,2893,1,4,7.18,2.52,7.83,46,10,86,19,82,7,0,3395,38,redCards,BEL,2025-2026,datafc_sofascore,2026-08-09T08:07:33.988763
38,77040,Carlos Forbs,1069486,Club Brugge KV,2888,8,8,7.17,6.18,8.55,57,21,61,52,40,4,0,2816,37,redCards,BEL,2025-2026,datafc_sofascore,2026-08-09T08:07:33.988763
38,77040,Matte Smets,1392905,KRC Genk,2890,0,1,7.15,0.75,2.2,15,0,17,5,70,4,0,3509,39,redCards,BEL,2025-2026,datafc_sofascore,2026-08-09T08:07:33.988763
38,77040,Joey Pelupessy,235404,Lommel SK,5046,0,0,7.15,0.05,0.04,1,0,2,1,12,0,0,540,6,redCards,BEL,2025-2026,datafc_sofascore,2026-08-09T08:07:33.988763
38,77040,Simon Mignolet,10406,Club Brugge KV,2888,0,0,7.14,,0.02,0,0,0,0,0,1,0,1023,12,redCards,BEL,2025-2026,datafc_sofascore,2026-08-09T08:07:33.988763
38,77040,Davy Roef,156663,KAA Gent,2903,0,0,7.25,,0.05,0,0,3,0,1,0,0,3720,41,saves,BEL,2025-2026,datafc_sofascore,2026-08-09T08:07:33.988763
38,77040,Nacho Miras,1010556,KV Mechelen,5044,0,0,7.57,,0.03,0,0,0,0,1,2,0,2925,33,saves,BEL,2025-2026,datafc_sofascore,2026-08-09T08:07:33.988763
38,77040,Marcos Hernán Peano,789394,RAAL La Louvière,368506,0,0,7.37,,0.14,0,0,0,4,4,2,0,3060,34,saves,BEL,2025-2026,datafc_sofascore,2026-08-09T08:07:33.988763
38,77040,Andreas Jungdal,963038,KVC Westerlo,2893,0,0,6.97,,0.15,0,0,3,0,1,3,0,3600,40,saves,BEL,2025-2026,datafc_sofascore,2026-08-09T08:07:33.988763
38,77040,Brent Gabriel,861977,SV Zulte Waregem,2933,0,1,7.26,,0.6,0,0,2,1,1,1,0,3240,36,saves,BEL,2025-2026,datafc_sofascore,2026-08-09T08:07:33.988763
38,77040,Léo Kokubo,997020,Sint-Truidense VV,2895,0,0,7.23,,0.05,0,0,0,0,4,5,0,3420,38,saves,BEL,2025-2026,datafc_sofascore,2026-08-09T08:07:33.988763
38,77040,Tobe Leysen,996979,Oud-Heverlee Leuven,2918,0,0,6.97,,0.15,0,0,0,0,3,2,0,2859,32,saves,BEL,2025-2026,datafc_sofascore,2026-08-09T08:07:33.988763
38,77040,Matthieu Epolo,1121943,Standard Liège,2901,0,0,7.32,0.06,0.05,1,0,1,0,1,1,0,2610,29,saves,BEL,2025-2026,datafc_sofascore,2026-08-09T08:07:33.988763
38,77040,Colin Coosemans,122399,RSC Anderlecht,2900,0,0,6.98,,0.11,0,0,2,1,0,2,0,3420,38,saves,BEL,2025-2026,datafc_sofascore,2026-08-09T08:07:33.988763
38,77040,Taishi Brandon Nozawa,1002358,Royal Antwerp FC,2889,0,0,7.19,,0.11,0,0,3,0,3,1,0,2654,30,saves,BEL,2025-2026,datafc_sofascore,2026-08-09T08:07:33.988763
38,77040,Warleson,861071,Cercle Brugge,2929,0,0,7.13,,0.03,0,0,0,0,0,2,1,1556,19,saves,BEL,2025-2026,datafc_sofascore,2026-08-09T08:07:33.988763
38,77040,Kjell Scherpen,852394,Royale Union Saint-Gilloise,4860,0,0,7.18,,0.12,0,0,1,0,1,1,0,2835,32,saves,BEL,2025-2026,datafc_sofascore,2026-08-09T08:07:33.988763
38,77040,Nordin Jackers,361722,Club Brugge KV,2888,0,0,7.06,,0.07,0,0,0,0,1,1,0,1801,21,saves,BEL,2025-2026,datafc_sofascore,2026-08-09T08:07:33.988763
38,77040,Tobias Lawal,990025,KRC Genk,2890,0,0,6.81,,0.03,0,0,0,1,0,2,0,1620,18,saves,BEL,2025-2026,datafc_sofascore,2026-08-09T08:07:33.988763
38,77040,Guillaume Dietsch,986770,FCV Dender,389232,0,0,6.75,,0.03,0,0,0,0,0,1,0,1194,14,saves,BEL,2025-2026,datafc_sofascore,2026-08-09T08:07:33.988763
38,77040,Mohamed Koné,1131009,RC Sporting Charleroi,2898,0,0,7.22,,0.03,0,0,0,0,1,2,0,1710,19,saves,BEL,2025-2026,datafc_sofascore,2026-08-09T08:07:33.988763
38,77040,Maxime Delanghe,909953,Cercle Brugge,2929,0,0,6.88,,0.02,0,0,0,0,0,1,0,1591,18,saves,BEL,2025-2026,datafc_sofascore,2026-08-09T08:07:33.988763
38,77040,Martin Delavallée,1141106,RC Sporting Charleroi,2898,0,0,6.84,0.04,0.05,1,0,0,0,0,0,0,1890,21,saves,BEL,2025-2026,datafc_sofascore,2026-08-09T08:07:33.988763
38,77040,Gauthier Gallon,340561,FCV Dender,389232,0,0,7.11,,0.01,0,0,0,0,1,1,0,1326,15,saves,BEL,2025-2026,datafc_sofascore,2026-08-09T08:07:33.988763
38,77040,Lucas Pirard,190379,Standard Liège,2901,0,0,7.44,,0.03,0,0,0,1,0,1,0,990,11,saves,BEL,2025-2026,datafc_sofascore,2026-08-09T08:07:33.988763
38,77040,Hendrik Van Crombrugge,110777,KRC Genk,2890,0,0,7.13,,0.03,0,0,0,0,0,0,0,1080,12,saves,BEL,2025-2026,datafc_sofascore,2026-08-09T08:07:33.988763
38,77040,Simon Mignolet,10406,Club Brugge KV,2888,0,0,7.14,,0.02,0,0,0,0,0,1,0,1023,12,saves,BEL,2025-2026,datafc_sofascore,2026-08-09T08:07:33.988763
38,77040,Lucca Brughmans,1529975,KRC Genk,2890,0,0,7.11,,0.02,0,0,1,0,0,0,0,1020,11,saves,BEL,2025-2026,datafc_sofascore,2026-08-09T08:07:33.988763
38,77040,Maxence Prévot,785520,Oud-Heverlee Leuven,2918,0,0,7.19,,0.02,0,0,0,2,0,1,0,741,9,saves,BEL,2025-2026,datafc_sofascore,2026-08-09T08:07:33.988763
38,77040,Yannick Thoelen,794571,Royal Antwerp FC,2889,0,0,7.08,,0.04,0,0,0,0,0,1,0,496,7,saves,BEL,2025-2026,datafc_sofascore,2026-08-09T08:07:33.988763
38,77040,Dani van den Heuvel,1049432,Club Brugge KV,2888,0,0,6.68,,0.03,0,0,0,0,0,0,0,764,10,saves,BEL,2025-2026,datafc_sofascore,2026-08-09T08:07:33.988763
38,77040,Matthias Pieklak,1405437,Lommel SK,5046,0,0,7.33,,0.0,0,0,0,0,0,0,0,540,6,saves,BEL,2025-2026,datafc_sofascore,2026-08-09T08:07:33.988763
38,77040,Michael Verrips,583506,FCV Dender,389232,0,0,6.86,,0.02,0,0,0,0,0,0,0,900,10,saves,BEL,2025-2026,datafc_sofascore,2026-08-09T08:07:33.988763
38,77040,Ortwin De Wolf,877292,KV Mechelen,5044,0,0,6.85,,0.02,0,0,1,0,0,1,0,675,8,saves,BEL,2025-2026,datafc_sofascore,2026-08-09T08:07:33.988763
38,77040,Vic Chambaere,1108599,Royale Union Saint-Gilloise,4860,0,0,6.73,,0.02,0,0,1,0,0,1,0,765,9,saves,BEL,2025-2026,datafc_sofascore,2026-08-09T08:07:33.988763
38,77040,Senne Lammens,964753,Royal Antwerp FC,2889,0,0,7.23,,0.01,0,0,0,0,0,0,0,360,4,saves,BEL,2025-2026,datafc_sofascore,2026-08-09T08:07:33.988763
38,77040,Justin Heekeren,932070,RSC Anderlecht,2900,0,0,6.4,,0.0,0,0,0,0,0,0,0,180,2,saves,BEL,2025-2026,datafc_sofascore,2026-08-09T08:07:33.988763
38,77040,Nick Shinton,909962,K. Beerschot V.A.,169260,0,0,6.15,,0.02,0,0,0,0,0,0,0,390,4,saves,BEL,2025-2026,datafc_sofascore,2026-08-09T08:07:33.988763
38,77040,Alexis Andre Jr.,1542961,RFC Liège,389226,0,0,6.75,,0.0,0,0,0,0,0,0,0,180,2,saves,BEL,2025-2026,datafc_sofascore,2026-08-09T08:07:33.988763
38,77040,Matt Lendfers,1393695,Sint-Truidense VV,2895,0,0,6.7,,0.0,0,0,0,0,0,0,0,179,2,saves,BEL,2025-2026,datafc_sofascore,2026-08-09T08:07:33.988763
38,77040,Gian Geladé,1140116,Patro Eisden Maasmechelen,35076,0,0,6.4,,0.02,0,0,1,0,0,0,0,210,2,saves,BEL,2025-2026,datafc_sofascore,2026-08-09T08:07:33.988763
38,77040,Niels Devalckeneer,1391493,Royal Antwerp FC,2889,0,0,6.7,,0.0,0,0,0,0,0,0,0,90,1,saves,BEL,2025-2026,datafc_sofascore,2026-08-09T08:07:33.988763
38,77040,Bas Langenbick,1191211,Cercle Brugge,2929,0,0,6.1,,0.0,0,0,0,0,0,0,0,90,1,saves,BEL,2025-2026,datafc_sofascore,2026-08-09T08:07:33.988763
38,77040,Celestin De Schrevel,1048440,RAAL La Louvière,368506,0,0,6.35,,0.0,0,0,0,0,1,0,0,180,2,saves,BEL,2025-2026,datafc_sofascore,2026-08-09T08:07:33.988763
38,77040,Genki Haraguchi,48243,K. Beerschot V.A.,169260,1,0,7.93,0.26,1.41,6,3,8,5,7,0,0,377,4,saves,BEL,2025-2026,datafc_sofascore,2026-08-09T08:07:33.988763
38,77040,Lucas Schoofs,794564,Lommel SK,5046,3,3,7.8,1.84,0.65,8,5,7,2,24,1,0,540,6,saves,BEL,2025-2026,datafc_sofascore,2026-08-09T08:07:33.988763
38,77040,Christos Tzolis,1031259,Club Brugge KV,2888,17,23,7.71,17.4,15.94,123,44,135,40,29,6,0,3072,36,saves,BEL,2025-2026,datafc_sofascore,2026-08-09T08:07:33.988763
38,77040,Christ Souanga,1835475,Oud-Heverlee Leuven,2918,1,0,7.6,0.07,0.01,1,1,0,0,1,0,0,90,1,saves,BEL,2025-2026,datafc_sofascore,2026-08-09T08:07:33.988763
38,77040,Dries Wouters,339269,Lommel SK,5046,0,0,7.53,,0.03,0,0,1,1,2,1,0,540,6,saves,BEL,2025-2026,datafc_sofascore,2026-08-09T08:07:33.988763
38,77040,Elnora Lembi,2307624,FCV Dender,389232,0,0,7.5,,0.0,0,0,0,0,2,0,0,43,2,saves,BEL,2025-2026,datafc_sofascore,2026-08-09T08:07:33.988763
38,77040,Hans Vanaken,118085,Club Brugge KV,2888,7,3,7.45,8.38,8.0,58,21,67,15,38,2,0,3366,39,saves,BEL,2025-2026,datafc_sofascore,2026-08-09T08:07:33.988763
38,77040,Modibo Fofana,2602250,Royal Antwerp FC,2889,1,0,7.45,0.22,0.1,4,1,1,2,3,0,0,35,2,saves,BEL,2025-2026,datafc_sofascore,2026-08-09T08:07:33.988763
38,77040,Jules Ahoka,2137673,Royal Antwerp FC,2889,0,0,7.45,0.02,0.0,1,0,0,1,2,0,0,98,2,saves,BEL,2025-2026,datafc_sofascore,2026-08-09T08:07:33.988763
38,77040,Zalán Vancsa,1092366,Lommel SK,5046,4,0,7.4,0.71,0.12,7,5,1,4,4,0,0,256,6,saves,BEL,2025-2026,datafc_sofascore,2026-08-09T08:07:33.988763
38,77040,Milan Govaers,1427490,K. Beerschot V.A.,169260,0,0,7.4,,0.01,0,0,0,0,0,0,0,13,1,saves,BEL,2025-2026,datafc_sofascore,2026-08-09T08:07:33.988763
38,77040,Charles Vanhoutte,928033,Royale Union Saint-Gilloise,4860,0,1,7.36,0.36,1.67,2,1,12,2,18,2,0,450,5,saves,BEL,2025-2026,datafc_sofascore,2026-08-09T08:07:33.988763
38,77040,Jordan Renson,802311,Patro Eisden Maasmechelen,35076,1,0,7.35,0.21,0.03,2,1,1,0,2,0,0,210,2,saves,BEL,2025-2026,datafc_sofascore,2026-08-09T08:07:33.988763
38,77040,Edgaras Utkus,921180,Cercle Brugge,2929,2,0,7.31,1.25,0.36,14,4,1,1,28,2,0,1451,19,saves,BEL,2025-2026,datafc_sofascore,2026-08-09T08:07:33.988763
38,77040,Christian Burgess,303634,Royale Union Saint-Gilloise,4860,2,3,7.31,1.63,1.37,23,8,13,1,53,13,1,3147,35,saves,BEL,2025-2026,datafc_sofascore,2026-08-09T08:07:33.988763
38,77040,Bryan Heynen,801025,KRC Genk,2890,4,1,7.31,4.75,4.68,48,11,49,22,99,5,0,3603,40,saves,BEL,2025-2026,datafc_sofascore,2026-08-09T08:07:33.988763
38,77040,Brandon Mechele,248331,Club Brugge KV,2888,5,2,7.29,3.46,1.49,33,14,22,5,77,4,0,3435,39,saves,BEL,2025-2026,datafc_sofascore,2026-08-09T08:07:33.988763
38,77040,Ryotaro Ito,831697,Sint-Truidense VV,2895,10,5,7.28,8.51,8.81,73,27,102,19,20,1,0,2838,35,saves,BEL,2025-2026,datafc_sofascore,2026-08-09T08:07:33.988763
38,77040,Ross Sykes,845558,Royale Union Saint-Gilloise,4860,5,0,7.28,3.78,2.34,56,25,21,6,40,9,0,2629,32,saves,BEL,2025-2026,datafc_sofascore,2026-08-09T08:07:33.988763
38,77040,Sam De Grand,1146313,Lommel SK,5046,2,1,7.27,0.32,0.1,4,3,9,1,16,0,0,540,6,saves,BEL,2025-2026,datafc_sofascore,2026-08-09T08:07:33.988763
38,77040,Ensar Brahić,1481739,K. Beerschot V.A.,169260,2,0,7.27,0.49,0.27,4,2,1,0,0,0,0,91,3,saves,BEL,2025-2026,datafc_sofascore,2026-08-09T08:07:33.988763
38,77040,Nilson Angulo,1116571,RSC Anderlecht,2900,6,5,7.26,3.77,4.47,33,16,46,44,62,2,1,1902,22,saves,BEL,2025-2026,datafc_sofascore,2026-08-09T08:07:33.988763
38,77040,Mahamadou Doumbia,1400846,Royal Antwerp FC,2889,2,1,7.25,1.8,0.37,10,3,7,17,4,2,0,528,6,saves,BEL,2025-2026,datafc_sofascore,2026-08-09T08:07:33.988763
38,77040,Yassine Titraoui,1094538,RC Sporting Charleroi,2898,5,1,7.23,2.9,3.78,53,20,31,26,58,7,0,2904,35,saves,BEL,2025-2026,datafc_sofascore,2026-08-09T08:07:33.988763
38,77040,Anan Khalaili,1403362,Royale Union Saint-Gilloise,4860,3,5,7.22,3.34,7.52,38,13,62,49,69,7,0,3099,38,saves,BEL,2025-2026,datafc_sofascore,2026-08-09T08:07:33.988763
38,77040,Tibe De Vlieger,1396529,KAA Gent,2903,1,0,7.21,1.4,0.97,16,1,13,9,59,5,0,1696,25,saves,BEL,2025-2026,datafc_sofascore,2026-08-09T08:07:33.988763
38,77040,Loïc Mbe Soh,904992,Sint-Truidense VV,2895,2,0,7.18,1.47,0.27,5,2,1,1,12,1,0,921,14,saves,BEL,2025-2026,datafc_sofascore,2026-08-09T08:07:33.988763
38,77040,Doğucan Haspolat,846087,KVC Westerlo,2893,1,4,7.18,2.52,7.83,46,10,86,19,82,7,0,3395,38,saves,BEL,2025-2026,datafc_sofascore,2026-08-09T08:07:33.988763
38,77040,Carlos Forbs,1069486,Club Brugge KV,2888,8,8,7.17,6.18,8.55,57,21,61,52,40,4,0,2816,37,saves,BEL,2025-2026,datafc_sofascore,2026-08-09T08:07:33.988763
38,77040,Matte Smets,1392905,KRC Genk,2890,0,1,7.15,0.75,2.2,15,0,17,5,70,4,0,3509,39,saves,BEL,2025-2026,datafc_sofascore,2026-08-09T08:07:33.988763
38,77040,Joey Pelupessy,235404,Lommel SK,5046,0,0,7.15,0.05,0.04,1,0,2,1,12,0,0,540,6,saves,BEL,2025-2026,datafc_sofascore,2026-08-09T08:07:33.988763
38,77040,Kevin Mac Allister,895327,Royale Union Saint-Gilloise,4860,1,1,7.14,3.07,2.44,22,5,13,9,112,11,1,2930,34,saves,BEL,2025-2026,datafc_sofascore,2026-08-09T08:07:33.988763
38,77040,Pape Moussa Fall,1890424,RAAL La Louvière,368506,11,1,7.14,11.35,1.56,62,23,14,5,11,3,0,1771,27,saves,BEL,2025-2026,datafc_sofascore,2026-08-09T08:07:33.988763
38,77040,Besfort Zeneli,1173223,Royale Union Saint-Gilloise,4860,3,6,7.13,2.06,3.52,16,8,22,7,8,0,0,774,15,saves,BEL,2025-2026,datafc_sofascore,2026-08-09T08:07:33.988763
38,77040,Mathias Rasmussen,834244,Royale Union Saint-Gilloise,4860,2,1,7.13,0.52,1.02,10,3,20,7,25,1,0,720,16,saves,BEL,2025-2026,datafc_sofascore,2026-08-09T08:07:33.988763
38,77040,Ayumu Yokoyama,1105106,KRC Genk,2890,1,0,7.13,1.08,1.73,14,7,12,11,6,0,0,422,9,saves,BEL,2025-2026,datafc_sofascore,2026-08-09T08:07:33.988763
38,77040,Bas Van den Eynden,1048359,K. Beerschot V.A.,169260,0,0,7.13,0.12,0.41,3,0,3,2,9,1,0,377,4,saves,BEL,2025-2026,datafc_sofascore,2026-08-09T08:07:33.988763
38,77040,Visar Musliu,134231,Sint-Truidense VV,2895,0,0,7.12,1.16,0.58,17,3,4,6,39,4,0,2519,30,saves,BEL,2025-2026,datafc_sofascore,2026-08-09T08:07:33.988763
38,77040,Jeppe Erenbjerg,1035095,SV Zulte Waregem,2933,13,3,7.12,10.16,5.5,88,32,41,24,24,2,0,2787,35,saves,BEL,2025-2026,datafc_sofascore,2026-08-09T08:07:33.988763
38,77040,Brian Plat,980673,K. Beerschot V.A.,169260,1,0,7.1,1.26,0.19,5,4,0,0,2,0,0,390,4,saves,BEL,2025-2026,datafc_sofascore,2026-08-09T08:07:33.988763
38,77040,Vetle Dragsnes,548640,RC Sporting Charleroi,2898,1,0,7.1,0.37,0.03,3,3,0,0,2,0,0,101,2,saves,BEL,2025-2026,datafc_sofascore,2026-08-09T08:07:33.988763
38,77040,Yassin Gueroui,794565,Patro Eisden Maasmechelen,35076,0,0,7.1,,0.0,0,0,0,0,2,1,0,44,1,saves,BEL,2025-2026,datafc_sofascore,2026-08-09T08:07:33.988763
38,77040,Amando Lapage,1396102,KVC Westerlo,2893,0,0,7.1,0.13,0.51,8,2,4,3,15,3,0,1272,16,saves,BEL,2025-2026,datafc_sofascore,2026-08-09T08:07:33.988763
38,77040,Myron Van Brederode,1012925,KV Mechelen,5044,9,5,7.1,5.95,5.55,41,17,57,49,34,2,0,2840,34,saves,BEL,2025-2026,datafc_sofascore,2026-08-09T08:07:33.988763
38,77040,Aleksandar Stanković,1153957,Club Brugge KV,2888,6,2,7.09,4.66,4.09,74,25,33,8,39,4,0,3076,39,saves,BEL,2025-2026,datafc_sofascore,2026-08-09T08:07:33.988763
38,77040,Junya Ito,783278,KRC Genk,2890,6,5,7.09,3.79,5.63,36,16,51,24,37,4,0,1785,28,saves,BEL,2025-2026,datafc_sofascore,2026-08-09T08:07:33.988763
38,77040,Jason van Duiven,1195745,Lommel SK,5046,2,0,7.08,0.75,0.07,6,3,5,4,10,1,0,410,6,saves,BEL,2025-2026,datafc_sofascore,2026-08-09T08:07:33.988763
38,77040,Geoffrey Kondo,1397885,Cercle Brugge,2929,1,1,7.08,0.63,1.11,9,2,3,5,16,0,0,900,10,saves,BEL,2025-2026,datafc_sofascore,2026-08-09T08:07:33.988763
38,77040,Parfait Guiagon,1030459,RC Sporting Charleroi,2898,9,5,7.08,7.78,5.5,80,22,52,73,30,6,0,2555,33,saves,BEL,2025-2026,datafc_sofascore,2026-08-09T08:07:33.988763
38,77040,Guilherme Smith,1820381,Royale Union Saint-Gilloise,4860,4,2,7.08,0.98,1.96,21,7,15,28,33,4,0,1546,22,saves,BEL,2025-2026,datafc_sofascore,2026-08-09T08:07:33.988763
38,77040,Rihito Yamamoto,1030211,Sint-Truidense VV,2895,5,6,7.08,5.87,6.27,51,16,62,21,75,6,0,3290,38,saves,BEL,2025-2026,datafc_sofascore,2026-08-09T08:07:33.988763
38,77040,Rosen Bozhinov,1152943,Royal Antwerp FC,2889,1,0,7.08,0.4,0.39,7,3,5,2,15,1,0,1279,16,saves,BEL,2025-2026,datafc_sofascore,2026-08-09T08:07:33.988763
38,77040,Nazinho,1006113,Cercle Brugge,2929,3,7,7.07,0.91,7.69,27,8,59,24,73,13,0,2554,30,saves,BEL,2025-2026,datafc_sofascore,2026-08-09T08:07:33.988763
38,77040,Rafiki Saïd,1047321,Standard Liège,2901,8,4,7.07,10.2,4.41,90,32,28,69,30,4,0,2756,37,saves,BEL,2025-2026,datafc_sofascore,2026-08-09T08:07:33.988763
38,77040,Shogo Taniguchi,386958,Sint-Truidense VV,2895,1,1,7.07,1.07,1.31,14,2,10,2,43,4,0,2963,38,saves,BEL,2025-2026,datafc_sofascore,2026-08-09T08:07:33.988763
38,77040,Arthur Piedfort,1149123,KVC Westerlo,2893,3,2,7.07,1.9,3.11,23,7,43,25,86,5,0,2989,36,saves,BEL,2025-2026,datafc_sofascore,2026-08-09T08:07:33.988763
38,77040,Zakaria El Ouahdi,1134470,KRC Genk,2890,8,4,7.07,4.96,4.37,70,24,49,36,42,4,0,2996,34,saves,BEL,2025-2026,datafc_sofascore,2026-08-09T08:07:33.988763
38,77040,Michał Skóraś,942479,KAA Gent,2903,2,7,7.06,3.87,6.79,43,10,65,37,49,6,1,2697,34,saves,BEL,2025-2026,datafc_sofascore,2026-08-09T08:07:33.988763
38,77040,Emin Bayram,997153,KVC Westerlo,2893,4,2,7.06,4.39,2.88,41,13,20,15,44,4,2,3322,38,saves,BEL,2025-2026,datafc_sofascore,2026-08-09T08:07:33.988763
38,77040,Michel Ange Balikwisha,923969,Royal Antwerp FC,2889,1,0,7.05,0.95,0.1,3,2,4,2,11,0,0,347,4,saves,BEL,2025-2026,datafc_sofascore,2026-08-09T08:07:33.988763
38,77040,Kylian Hazard,379184,RFC Liège,389226,1,0,7.05,0.6,0.3,5,1,3,2,2,0,0,121,2,saves,BEL,2025-2026,datafc_sofascore,2026-08-09T08:07:33.988763
38,77040,Davy Roef,156663,KAA Gent,2903,0,0,7.25,,0.05,0,0,3,0,1,0,0,3720,41,saves,BEL,2025-2026,datafc_sofascore,2026-08-09T08:07:33.988763
38,77040,Nacho Miras,1010556,KV Mechelen,5044,0,0,7.57,,0.03,0,0,0,0,1,2,0,2925,33,saves,BEL,2025-2026,datafc_sofascore,2026-08-09T08:07:33.988763
38,77040,Marcos Hernán Peano,789394,RAAL La Louvière,368506,0,0,7.37,,0.14,0,0,0,4,4,2,0,3060,34,saves,BEL,2025-2026,datafc_sofascore,2026-08-09T08:07:33.988763
38,77040,Andreas Jungdal,963038,KVC Westerlo,2893,0,0,6.97,,0.15,0,0,3,0,1,3,0,3600,40,saves,BEL,2025-2026,datafc_sofascore,2026-08-09T08:07:33.988763
38,77040,Brent Gabriel,861977,SV Zulte Waregem,2933,0,1,7.26,,0.6,0,0,2,1,1,1,0,3240,36,saves,BEL,2025-2026,datafc_sofascore,2026-08-09T08:07:33.988763
38,77040,Léo Kokubo,997020,Sint-Truidense VV,2895,0,0,7.23,,0.05,0,0,0,0,4,5,0,3420,38,saves,BEL,2025-2026,datafc_sofascore,2026-08-09T08:07:33.988763
38,77040,Tobe Leysen,996979,Oud-Heverlee Leuven,2918,0,0,6.97,,0.15,0,0,0,0,3,2,0,2859,32,saves,BEL,2025-2026,datafc_sofascore,2026-08-09T08:07:33.988763
38,77040,Matthieu Epolo,1121943,Standard Liège,2901,0,0,7.32,0.06,0.05,1,0,1,0,1,1,0,2610,29,saves,BEL,2025-2026,datafc_sofascore,2026-08-09T08:07:33.988763
38,77040,Colin Coosemans,122399,RSC Anderlecht,2900,0,0,6.98,,0.11,0,0,2,1,0,2,0,3420,38,saves,BEL,2025-2026,datafc_sofascore,2026-08-09T08:07:33.988763
38,77040,Taishi Brandon Nozawa,1002358,Royal Antwerp FC,2889,0,0,7.19,,0.11,0,0,3,0,3,1,0,2654,30,saves,BEL,2025-2026,datafc_sofascore,2026-08-09T08:07:33.988763
38,77040,Warleson,861071,Cercle Brugge,2929,0,0,7.13,,0.03,0,0,0,0,0,2,1,1556,19,saves,BEL,2025-2026,datafc_sofascore,2026-08-09T08:07:33.988763
38,77040,Kjell Scherpen,852394,Royale Union Saint-Gilloise,4860,0,0,7.18,,0.12,0,0,1,0,1,1,0,2835,32,saves,BEL,2025-2026,datafc_sofascore,2026-08-09T08:07:33.988763
38,77040,Nordin Jackers,361722,Club Brugge KV,2888,0,0,7.06,,0.07,0,0,0,0,1,1,0,1801,21,saves,BEL,2025-2026,datafc_sofascore,2026-08-09T08:07:33.988763
38,77040,Tobias Lawal,990025,KRC Genk,2890,0,0,6.81,,0.03,0,0,0,1,0,2,0,1620,18,saves,BEL,2025-2026,datafc_sofascore,2026-08-09T08:07:33.988763
38,77040,Guillaume Dietsch,986770,FCV Dender,389232,0,0,6.75,,0.03,0,0,0,0,0,1,0,1194,14,saves,BEL,2025-2026,datafc_sofascore,2026-08-09T08:07:33.988763
38,77040,Mohamed Koné,1131009,RC Sporting Charleroi,2898,0,0,7.22,,0.03,0,0,0,0,1,2,0,1710,19,saves,BEL,2025-2026,datafc_sofascore,2026-08-09T08:07:33.988763
38,77040,Maxime Delanghe,909953,Cercle Brugge,2929,0,0,6.88,,0.02,0,0,0,0,0,1,0,1591,18,saves,BEL,2025-2026,datafc_sofascore,2026-08-09T08:07:33.988763
38,77040,Martin Delavallée,1141106,RC Sporting Charleroi,2898,0,0,6.84,0.04,0.05,1,0,0,0,0,0,0,1890,21,saves,BEL,2025-2026,datafc_sofascore,2026-08-09T08:07:33.988763
38,77040,Gauthier Gallon,340561,FCV Dender,389232,0,0,7.11,,0.01,0,0,0,0,1,1,0,1326,15,saves,BEL,2025-2026,datafc_sofascore,2026-08-09T08:07:33.988763
38,77040,Lucas Pirard,190379,Standard Liège,2901,0,0,7.44,,0.03,0,0,0,1,0,1,0,990,11,saves,BEL,2025-2026,datafc_sofascore,2026-08-09T08:07:33.988763
38,77040,Hendrik Van Crombrugge,110777,KRC Genk,2890,0,0,7.13,,0.03,0,0,0,0,0,0,0,1080,12,saves,BEL,2025-2026,datafc_sofascore,2026-08-09T08:07:33.988763
38,77040,Simon Mignolet,10406,Club Brugge KV,2888,0,0,7.14,,0.02,0,0,0,0,0,1,0,1023,12,saves,BEL,2025-2026,datafc_sofascore,2026-08-09T08:07:33.988763
38,77040,Lucca Brughmans,1529975,KRC Genk,2890,0,0,7.11,,0.02,0,0,1,0,0,0,0,1020,11,saves,BEL,2025-2026,datafc_sofascore,2026-08-09T08:07:33.988763
38,77040,Maxence Prévot,785520,Oud-Heverlee Leuven,2918,0,0,7.19,,0.02,0,0,0,2,0,1,0,741,9,saves,BEL,2025-2026,datafc_sofascore,2026-08-09T08:07:33.988763
38,77040,Yannick Thoelen,794571,Royal Antwerp FC,2889,0,0,7.08,,0.04,0,0,0,0,0,1,0,496,7,saves,BEL,2025-2026,datafc_sofascore,2026-08-09T08:07:33.988763
38,77040,Dani van den Heuvel,1049432,Club Brugge KV,2888,0,0,6.68,,0.03,0,0,0,0,0,0,0,764,10,saves,BEL,2025-2026,datafc_sofascore,2026-08-09T08:07:33.988763
38,77040,Matthias Pieklak,1405437,Lommel SK,5046,0,0,7.33,,0.0,0,0,0,0,0,0,0,540,6,saves,BEL,2025-2026,datafc_sofascore,2026-08-09T08:07:33.988763
38,77040,Michael Verrips,583506,FCV Dender,389232,0,0,6.86,,0.02,0,0,0,0,0,0,0,900,10,saves,BEL,2025-2026,datafc_sofascore,2026-08-09T08:07:33.988763
38,77040,Ortwin De Wolf,877292,KV Mechelen,5044,0,0,6.85,,0.02,0,0,1,0,0,1,0,675,8,saves,BEL,2025-2026,datafc_sofascore,2026-08-09T08:07:33.988763
38,77040,Vic Chambaere,1108599,Royale Union Saint-Gilloise,4860,0,0,6.73,,0.02,0,0,1,0,0,1,0,765,9,saves,BEL,2025-2026,datafc_sofascore,2026-08-09T08:07:33.988763
38,77040,Senne Lammens,964753,Royal Antwerp FC,2889,0,0,7.23,,0.01,0,0,0,0,0,0,0,360,4,saves,BEL,2025-2026,datafc_sofascore,2026-08-09T08:07:33.988763
38,77040,Justin Heekeren,932070,RSC Anderlecht,2900,0,0,6.4,,0.0,0,0,0,0,0,0,0,180,2,saves,BEL,2025-2026,datafc_sofascore,2026-08-09T08:07:33.988763
38,77040,Nick Shinton,909962,K. Beerschot V.A.,169260,0,0,6.15,,0.02,0,0,0,0,0,0,0,390,4,saves,BEL,2025-2026,datafc_sofascore,2026-08-09T08:07:33.988763
38,77040,Alexis Andre Jr.,1542961,RFC Liège,389226,0,0,6.75,,0.0,0,0,0,0,0,0,0,180,2,saves,BEL,2025-2026,datafc_sofascore,2026-08-09T08:07:33.988763
38,77040,Matt Lendfers,1393695,Sint-Truidense VV,2895,0,0,6.7,,0.0,0,0,0,0,0,0,0,179,2,saves,BEL,2025-2026,datafc_sofascore,2026-08-09T08:07:33.988763
38,77040,Gian Geladé,1140116,Patro Eisden Maasmechelen,35076,0,0,6.4,,0.02,0,0,1,0,0,0,0,210,2,saves,BEL,2025-2026,datafc_sofascore,2026-08-09T08:07:33.988763
38,77040,Niels Devalckeneer,1391493,Royal Antwerp FC,2889,0,0,6.7,,0.0,0,0,0,0,0,0,0,90,1,saves,BEL,2025-2026,datafc_sofascore,2026-08-09T08:07:33.988763
38,77040,Bas Langenbick,1191211,Cercle Brugge,2929,0,0,6.1,,0.0,0,0,0,0,0,0,0,90,1,saves,BEL,2025-2026,datafc_sofascore,2026-08-09T08:07:33.988763
38,77040,Celestin De Schrevel,1048440,RAAL La Louvière,368506,0,0,6.35,,0.0,0,0,0,0,1,0,0,180,2,saves,BEL,2025-2026,datafc_sofascore,2026-08-09T08:07:33.988763
38,77040,Genki Haraguchi,48243,K. Beerschot V.A.,169260,1,0,7.93,0.26,1.41,6,3,8,5,7,0,0,377,4,saves,BEL,2025-2026,datafc_sofascore,2026-08-09T08:07:33.988763
38,77040,Lucas Schoofs,794564,Lommel SK,5046,3,3,7.8,1.84,0.65,8,5,7,2,24,1,0,540,6,saves,BEL,2025-2026,datafc_sofascore,2026-08-09T08:07:33.988763
38,77040,Christos Tzolis,1031259,Club Brugge KV,2888,17,23,7.71,17.4,15.94,123,44,135,40,29,6,0,3072,36,saves,BEL,2025-2026,datafc_sofascore,2026-08-09T08:07:33.988763
38,77040,Christ Souanga,1835475,Oud-Heverlee Leuven,2918,1,0,7.6,0.07,0.01,1,1,0,0,1,0,0,90,1,saves,BEL,2025-2026,datafc_sofascore,2026-08-09T08:07:33.988763
38,77040,Dries Wouters,339269,Lommel SK,5046,0,0,7.53,,0.03,0,0,1,1,2,1,0,540,6,saves,BEL,2025-2026,datafc_sofascore,2026-08-09T08:07:33.988763
38,77040,Elnora Lembi,2307624,FCV Dender,389232,0,0,7.5,,0.0,0,0,0,0,2,0,0,43,2,saves,BEL,2025-2026,datafc_sofascore,2026-08-09T08:07:33.988763
38,77040,Hans Vanaken,118085,Club Brugge KV,2888,7,3,7.45,8.38,8.0,58,21,67,15,38,2,0,3366,39,saves,BEL,2025-2026,datafc_sofascore,2026-08-09T08:07:33.988763
38,77040,Modibo Fofana,2602250,Royal Antwerp FC,2889,1,0,7.45,0.22,0.1,4,1,1,2,3,0,0,35,2,saves,BEL,2025-2026,datafc_sofascore,2026-08-09T08:07:33.988763
38,77040,Jules Ahoka,2137673,Royal Antwerp FC,2889,0,0,7.45,0.02,0.0,1,0,0,1,2,0,0,98,2,saves,BEL,2025-2026,datafc_sofascore,2026-08-09T08:07:33.988763
38,77040,Zalán Vancsa,1092366,Lommel SK,5046,4,0,7.4,0.71,0.12,7,5,1,4,4,0,0,256,6,saves,BEL,2025-2026,datafc_sofascore,2026-08-09T08:07:33.988763
38,77040,Milan Govaers,1427490,K. Beerschot V.A.,169260,0,0,7.4,,0.01,0,0,0,0,0,0,0,13,1,saves,BEL,2025-2026,datafc_sofascore,2026-08-09T08:07:33.988763
38,77040,Charles Vanhoutte,928033,Royale Union Saint-Gilloise,4860,0,1,7.36,0.36,1.67,2,1,12,2,18,2,0,450,5,saves,BEL,2025-2026,datafc_sofascore,2026-08-09T08:07:33.988763
38,77040,Jordan Renson,802311,Patro Eisden Maasmechelen,35076,1,0,7.35,0.21,0.03,2,1,1,0,2,0,0,210,2,saves,BEL,2025-2026,datafc_sofascore,2026-08-09T08:07:33.988763
38,77040,Edgaras Utkus,921180,Cercle Brugge,2929,2,0,7.31,1.25,0.36,14,4,1,1,28,2,0,1451,19,saves,BEL,2025-2026,datafc_sofascore,2026-08-09T08:07:33.988763
38,77040,Christian Burgess,303634,Royale Union Saint-Gilloise,4860,2,3,7.31,1.63,1.37,23,8,13,1,53,13,1,3147,35,saves,BEL,2025-2026,datafc_sofascore,2026-08-09T08:07:33.988763
38,77040,Bryan Heynen,801025,KRC Genk,2890,4,1,7.31,4.75,4.68,48,11,49,22,99,5,0,3603,40,saves,BEL,2025-2026,datafc_sofascore,2026-08-09T08:07:33.988763
38,77040,Brandon Mechele,248331,Club Brugge KV,2888,5,2,7.29,3.46,1.49,33,14,22,5,77,4,0,3435,39,saves,BEL,2025-2026,datafc_sofascore,2026-08-09T08:07:33.988763
38,77040,Ryotaro Ito,831697,Sint-Truidense VV,2895,10,5,7.28,8.51,8.81,73,27,102,19,20,1,0,2838,35,saves,BEL,2025-2026,datafc_sofascore,2026-08-09T08:07:33.988763
38,77040,Ross Sykes,845558,Royale Union Saint-Gilloise,4860,5,0,7.28,3.78,2.34,56,25,21,6,40,9,0,2629,32,saves,BEL,2025-2026,datafc_sofascore,2026-08-09T08:07:33.988763
38,77040,Sam De Grand,1146313,Lommel SK,5046,2,1,7.27,0.32,0.1,4,3,9,1,16,0,0,540,6,saves,BEL,2025-2026,datafc_sofascore,2026-08-09T08:07:33.988763
38,77040,Ensar Brahić,1481739,K. Beerschot V.A.,169260,2,0,7.27,0.49,0.27,4,2,1,0,0,0,0,91,3,saves,BEL,2025-2026,datafc_sofascore,2026-08-09T08:07:33.988763
38,77040,Nilson Angulo,1116571,RSC Anderlecht,2900,6,5,7.26,3.77,4.47,33,16,46,44,62,2,1,1902,22,saves,BEL,2025-2026,datafc_sofascore,2026-08-09T08:07:33.988763
38,77040,Mahamadou Doumbia,1400846,Royal Antwerp FC,2889,2,1,7.25,1.8,0.37,10,3,7,17,4,2,0,528,6,saves,BEL,2025-2026,datafc_sofascore,2026-08-09T08:07:33.988763
38,77040,Yassine Titraoui,1094538,RC Sporting Charleroi,2898,5,1,7.23,2.9,3.78,53,20,31,26,58,7,0,2904,35,saves,BEL,2025-2026,datafc_sofascore,2026-08-09T08:07:33.988763
38,77040,Anan Khalaili,1403362,Royale Union Saint-Gilloise,4860,3,5,7.22,3.34,7.52,38,13,62,49,69,7,0,3099,38,saves,BEL,2025-2026,datafc_sofascore,2026-08-09T08:07:33.988763
38,77040,Tibe De Vlieger,1396529,KAA Gent,2903,1,0,7.21,1.4,0.97,16,1,13,9,59,5,0,1696,25,saves,BEL,2025-2026,datafc_sofascore,2026-08-09T08:07:33.988763
38,77040,Loïc Mbe Soh,904992,Sint-Truidense VV,2895,2,0,7.18,1.47,0.27,5,2,1,1,12,1,0,921,14,saves,BEL,2025-2026,datafc_sofascore,2026-08-09T08:07:33.988763
38,77040,Doğucan Haspolat,846087,KVC Westerlo,2893,1,4,7.18,2.52,7.83,46,10,86,19,82,7,0,3395,38,saves,BEL,2025-2026,datafc_sofascore,2026-08-09T08:07:33.988763
38,77040,Carlos Forbs,1069486,Club Brugge KV,2888,8,8,7.17,6.18,8.55,57,21,61,52,40,4,0,2816,37,saves,BEL,2025-2026,datafc_sofascore,2026-08-09T08:07:33.988763
38,77040,Matte Smets,1392905,KRC Genk,2890,0,1,7.15,0.75,2.2,15,0,17,5,70,4,0,3509,39,saves,BEL,2025-2026,datafc_sofascore,2026-08-09T08:07:33.988763
38,77040,Joey Pelupessy,235404,Lommel SK,5046,0,0,7.15,0.05,0.04,1,0,2,1,12,0,0,540,6,saves,BEL,2025-2026,datafc_sofascore,2026-08-09T08:07:33.988763
38,77040,Kevin Mac Allister,895327,Royale Union Saint-Gilloise,4860,1,1,7.14,3.07,2.44,22,5,13,9,112,11,1,2930,34,saves,BEL,2025-2026,datafc_sofascore,2026-08-09T08:07:33.988763
38,77040,Pape Moussa Fall,1890424,RAAL La Louvière,368506,11,1,7.14,11.35,1.56,62,23,14,5,11,3,0,1771,27,saves,BEL,2025-2026,datafc_sofascore,2026-08-09T08:07:33.988763
38,77040,Besfort Zeneli,1173223,Royale Union Saint-Gilloise,4860,3,6,7.13,2.06,3.52,16,8,22,7,8,0,0,774,15,saves,BEL,2025-2026,datafc_sofascore,2026-08-09T08:07:33.988763
38,77040,Mathias Rasmussen,834244,Royale Union Saint-Gilloise,4860,2,1,7.13,0.52,1.02,10,3,20,7,25,1,0,720,16,saves,BEL,2025-2026,datafc_sofascore,2026-08-09T08:07:33.988763
38,77040,Ayumu Yokoyama,1105106,KRC Genk,2890,1,0,7.13,1.08,1.73,14,7,12,11,6,0,0,422,9,saves,BEL,2025-2026,datafc_sofascore,2026-08-09T08:07:33.988763
38,77040,Bas Van den Eynden,1048359,K. Beerschot V.A.,169260,0,0,7.13,0.12,0.41,3,0,3,2,9,1,0,377,4,saves,BEL,2025-2026,datafc_sofascore,2026-08-09T08:07:33.988763
38,77040,Visar Musliu,134231,Sint-Truidense VV,2895,0,0,7.12,1.16,0.58,17,3,4,6,39,4,0,2519,30,saves,BEL,2025-2026,datafc_sofascore,2026-08-09T08:07:33.988763
38,77040,Jeppe Erenbjerg,1035095,SV Zulte Waregem,2933,13,3,7.12,10.16,5.5,88,32,41,24,24,2,0,2787,35,saves,BEL,2025-2026,datafc_sofascore,2026-08-09T08:07:33.988763
38,77040,Brian Plat,980673,K. Beerschot V.A.,169260,1,0,7.1,1.26,0.19,5,4,0,0,2,0,0,390,4,saves,BEL,2025-2026,datafc_sofascore,2026-08-09T08:07:33.988763
38,77040,Vetle Dragsnes,548640,RC Sporting Charleroi,2898,1,0,7.1,0.37,0.03,3,3,0,0,2,0,0,101,2,saves,BEL,2025-2026,datafc_sofascore,2026-08-09T08:07:33.988763
38,77040,Yassin Gueroui,794565,Patro Eisden Maasmechelen,35076,0,0,7.1,,0.0,0,0,0,0,2,1,0,44,1,saves,BEL,2025-2026,datafc_sofascore,2026-08-09T08:07:33.988763
38,77040,Amando Lapage,1396102,KVC Westerlo,2893,0,0,7.1,0.13,0.51,8,2,4,3,15,3,0,1272,16,saves,BEL,2025-2026,datafc_sofascore,2026-08-09T08:07:33.988763
38,77040,Myron Van Brederode,1012925,KV Mechelen,5044,9,5,7.1,5.95,5.55,41,17,57,49,34,2,0,2840,34,saves,BEL,2025-2026,datafc_sofascore,2026-08-09T08:07:33.988763
38,77040,Aleksandar Stanković,1153957,Club Brugge KV,2888,6,2,7.09,4.66,4.09,74,25,33,8,39,4,0,3076,39,saves,BEL,2025-2026,datafc_sofascore,2026-08-09T08:07:33.988763
38,77040,Junya Ito,783278,KRC Genk,2890,6,5,7.09,3.79,5.63,36,16,51,24,37,4,0,1785,28,saves,BEL,2025-2026,datafc_sofascore,2026-08-09T08:07:33.988763
38,77040,Jason van Duiven,1195745,Lommel SK,5046,2,0,7.08,0.75,0.07,6,3,5,4,10,1,0,410,6,saves,BEL,2025-2026,datafc_sofascore,2026-08-09T08:07:33.988763
38,77040,Geoffrey Kondo,1397885,Cercle Brugge,2929,1,1,7.08,0.63,1.11,9,2,3,5,16,0,0,900,10,saves,BEL,2025-2026,datafc_sofascore,2026-08-09T08:07:33.988763
38,77040,Parfait Guiagon,1030459,RC Sporting Charleroi,2898,9,5,7.08,7.78,5.5,80,22,52,73,30,6,0,2555,33,saves,BEL,2025-2026,datafc_sofascore,2026-08-09T08:07:33.988763
38,77040,Guilherme Smith,1820381,Royale Union Saint-Gilloise,4860,4,2,7.08,0.98,1.96,21,7,15,28,33,4,0,1546,22,saves,BEL,2025-2026,datafc_sofascore,2026-08-09T08:07:33.988763
38,77040,Rihito Yamamoto,1030211,Sint-Truidense VV,2895,5,6,7.08,5.87,6.27,51,16,62,21,75,6,0,3290,38,saves,BEL,2025-2026,datafc_sofascore,2026-08-09T08:07:33.988763
38,77040,Rosen Bozhinov,1152943,Royal Antwerp FC,2889,1,0,7.08,0.4,0.39,7,3,5,2,15,1,0,1279,16,saves,BEL,2025-2026,datafc_sofascore,2026-08-09T08:07:33.988763
38,77040,Nazinho,1006113,Cercle Brugge,2929,3,7,7.07,0.91,7.69,27,8,59,24,73,13,0,2554,30,saves,BEL,2025-2026,datafc_sofascore,2026-08-09T08:07:33.988763
38,77040,Rafiki Saïd,1047321,Standard Liège,2901,8,4,7.07,10.2,4.41,90,32,28,69,30,4,0,2756,37,saves,BEL,2025-2026,datafc_sofascore,2026-08-09T08:07:33.988763
38,77040,Shogo Taniguchi,386958,Sint-Truidense VV,2895,1,1,7.07,1.07,1.31,14,2,10,2,43,4,0,2963,38,saves,BEL,2025-2026,datafc_sofascore,2026-08-09T08:07:33.988763
38,77040,Arthur Piedfort,1149123,KVC Westerlo,2893,3,2,7.07,1.9,3.11,23,7,43,25,86,5,0,2989,36,saves,BEL,2025-2026,datafc_sofascore,2026-08-09T08:07:33.988763
38,77040,Zakaria El Ouahdi,1134470,KRC Genk,2890,8,4,7.07,4.96,4.37,70,24,49,36,42,4,0,2996,34,saves,BEL,2025-2026,datafc_sofascore,2026-08-09T08:07:33.988763
38,77040,Michał Skóraś,942479,KAA Gent,2903,2,7,7.06,3.87,6.79,43,10,65,37,49,6,1,2697,34,saves,BEL,2025-2026,datafc_sofascore,2026-08-09T08:07:33.988763
38,77040,Emin Bayram,997153,KVC Westerlo,2893,4,2,7.06,4.39,2.88,41,13,20,15,44,4,2,3322,38,saves,BEL,2025-2026,datafc_sofascore,2026-08-09T08:07:33.988763
38,77040,Michel Ange Balikwisha,923969,Royal Antwerp FC,2889,1,0,7.05,0.95,0.1,3,2,4,2,11,0,0,347,4,saves,BEL,2025-2026,datafc_sofascore,2026-08-09T08:07:33.988763
38,77040,Kylian Hazard,379184,RFC Liège,389226,1,0,7.05,0.6,0.3,5,1,3,2,2,0,0,121,2,saves,BEL,2025-2026,datafc_sofascore,2026-08-09T08:07:33.988763
38,77040,Nacho Miras,1010556,KV Mechelen,5044,0,0,7.57,,0.03,0,0,0,0,1,2,0,2925,33,goalsPrevented,BEL,2025-2026,datafc_sofascore,2026-08-09T08:07:33.988763
38,77040,Léo Kokubo,997020,Sint-Truidense VV,2895,0,0,7.23,,0.05,0,0,0,0,4,5,0,3420,38,goalsPrevented,BEL,2025-2026,datafc_sofascore,2026-08-09T08:07:33.988763
38,77040,Brent Gabriel,861977,SV Zulte Waregem,2933,0,1,7.26,,0.6,0,0,2,1,1,1,0,3240,36,goalsPrevented,BEL,2025-2026,datafc_sofascore,2026-08-09T08:07:33.988763
38,77040,Marcos Hernán Peano,789394,RAAL La Louvière,368506,0,0,7.37,,0.14,0,0,0,4,4,2,0,3060,34,goalsPrevented,BEL,2025-2026,datafc_sofascore,2026-08-09T08:07:33.988763
38,77040,Warleson,861071,Cercle Brugge,2929,0,0,7.13,,0.03,0,0,0,0,0,2,1,1556,19,goalsPrevented,BEL,2025-2026,datafc_sofascore,2026-08-09T08:07:33.988763
38,77040,Davy Roef,156663,KAA Gent,2903,0,0,7.25,,0.05,0,0,3,0,1,0,0,3720,41,goalsPrevented,BEL,2025-2026,datafc_sofascore,2026-08-09T08:07:33.988763
38,77040,Lucas Pirard,190379,Standard Liège,2901,0,0,7.44,,0.03,0,0,0,1,0,1,0,990,11,goalsPrevented,BEL,2025-2026,datafc_sofascore,2026-08-09T08:07:33.988763
38,77040,Kjell Scherpen,852394,Royale Union Saint-Gilloise,4860,0,0,7.18,,0.12,0,0,1,0,1,1,0,2835,32,goalsPrevented,BEL,2025-2026,datafc_sofascore,2026-08-09T08:07:33.988763
38,77040,Colin Coosemans,122399,RSC Anderlecht,2900,0,0,6.98,,0.11,0,0,2,1,0,2,0,3420,38,goalsPrevented,BEL,2025-2026,datafc_sofascore,2026-08-09T08:07:33.988763
38,77040,Matthias Pieklak,1405437,Lommel SK,5046,0,0,7.33,,0.0,0,0,0,0,0,0,0,540,6,goalsPrevented,BEL,2025-2026,datafc_sofascore,2026-08-09T08:07:33.988763
38,77040,Matthieu Epolo,1121943,Standard Liège,2901,0,0,7.32,0.06,0.05,1,0,1,0,1,1,0,2610,29,goalsPrevented,BEL,2025-2026,datafc_sofascore,2026-08-09T08:07:33.988763
38,77040,Taishi Brandon Nozawa,1002358,Royal Antwerp FC,2889,0,0,7.19,,0.11,0,0,3,0,3,1,0,2654,30,goalsPrevented,BEL,2025-2026,datafc_sofascore,2026-08-09T08:07:33.988763
38,77040,Lucca Brughmans,1529975,KRC Genk,2890,0,0,7.11,,0.02,0,0,1,0,0,0,0,1020,11,goalsPrevented,BEL,2025-2026,datafc_sofascore,2026-08-09T08:07:33.988763
38,77040,Tobe Leysen,996979,Oud-Heverlee Leuven,2918,0,0,6.97,,0.15,0,0,0,0,3,2,0,2859,32,goalsPrevented,BEL,2025-2026,datafc_sofascore,2026-08-09T08:07:33.988763
38,77040,Mohamed Koné,1131009,RC Sporting Charleroi,2898,0,0,7.22,,0.03,0,0,0,0,1,2,0,1710,19,goalsPrevented,BEL,2025-2026,datafc_sofascore,2026-08-09T08:07:33.988763
38,77040,Senne Lammens,964753,Royal Antwerp FC,2889,0,0,7.23,,0.01,0,0,0,0,0,0,0,360,4,goalsPrevented,BEL,2025-2026,datafc_sofascore,2026-08-09T08:07:33.988763
38,77040,Gauthier Gallon,340561,FCV Dender,389232,0,0,7.11,,0.01,0,0,0,0,1,1,0,1326,15,goalsPrevented,BEL,2025-2026,datafc_sofascore,2026-08-09T08:07:33.988763
38,77040,Simon Mignolet,10406,Club Brugge KV,2888,0,0,7.14,,0.02,0,0,0,0,0,1,0,1023,12,goalsPrevented,BEL,2025-2026,datafc_sofascore,2026-08-09T08:07:33.988763
38,77040,Vic Chambaere,1108599,Royale Union Saint-Gilloise,4860,0,0,6.73,,0.02,0,0,1,0,0,1,0,765,9,goalsPrevented,BEL,2025-2026,datafc_sofascore,2026-08-09T08:07:33.988763
38,77040,Matt Lendfers,1393695,Sint-Truidense VV,2895,0,0,6.7,,0.0,0,0,0,0,0,0,0,179,2,goalsPrevented,BEL,2025-2026,datafc_sofascore,2026-08-09T08:07:33.988763
38,77040,Andreas Jungdal,963038,KVC Westerlo,2893,0,0,6.97,,0.15,0,0,3,0,1,3,0,3600,40,goalsPrevented,BEL,2025-2026,datafc_sofascore,2026-08-09T08:07:33.988763
38,77040,Yannick Thoelen,794571,Royal Antwerp FC,2889,0,0,7.08,,0.04,0,0,0,0,0,1,0,496,7,goalsPrevented,BEL,2025-2026,datafc_sofascore,2026-08-09T08:07:33.988763
38,77040,Niels Devalckeneer,1391493,Royal Antwerp FC,2889,0,0,6.7,,0.0,0,0,0,0,0,0,0,90,1,goalsPrevented,BEL,2025-2026,datafc_sofascore,2026-08-09T08:07:33.988763
38,77040,Genki Haraguchi,48243,K. Beerschot V.A.,169260,1,0,7.93,0.26,1.41,6,3,8,5,7,0,0,377,4,goalsPrevented,BEL,2025-2026,datafc_sofascore,2026-08-09T08:07:33.988763
38,77040,Lucas Schoofs,794564,Lommel SK,5046,3,3,7.8,1.84,0.65,8,5,7,2,24,1,0,540,6,goalsPrevented,BEL,2025-2026,datafc_sofascore,2026-08-09T08:07:33.988763
38,77040,Christos Tzolis,1031259,Club Brugge KV,2888,17,23,7.71,17.4,15.94,123,44,135,40,29,6,0,3072,36,goalsPrevented,BEL,2025-2026,datafc_sofascore,2026-08-09T08:07:33.988763
38,77040,Christ Souanga,1835475,Oud-Heverlee Leuven,2918,1,0,7.6,0.07,0.01,1,1,0,0,1,0,0,90,1,goalsPrevented,BEL,2025-2026,datafc_sofascore,2026-08-09T08:07:33.988763
38,77040,Dries Wouters,339269,Lommel SK,5046,0,0,7.53,,0.03,0,0,1,1,2,1,0,540,6,goalsPrevented,BEL,2025-2026,datafc_sofascore,2026-08-09T08:07:33.988763
38,77040,Elnora Lembi,2307624,FCV Dender,389232,0,0,7.5,,0.0,0,0,0,0,2,0,0,43,2,goalsPrevented,BEL,2025-2026,datafc_sofascore,2026-08-09T08:07:33.988763
38,77040,Hans Vanaken,118085,Club Brugge KV,2888,7,3,7.45,8.38,8.0,58,21,67,15,38,2,0,3366,39,goalsPrevented,BEL,2025-2026,datafc_sofascore,2026-08-09T08:07:33.988763
38,77040,Modibo Fofana,2602250,Royal Antwerp FC,2889,1,0,7.45,0.22,0.1,4,1,1,2,3,0,0,35,2,goalsPrevented,BEL,2025-2026,datafc_sofascore,2026-08-09T08:07:33.988763
38,77040,Jules Ahoka,2137673,Royal Antwerp FC,2889,0,0,7.45,0.02,0.0,1,0,0,1,2,0,0,98,2,goalsPrevented,BEL,2025-2026,datafc_sofascore,2026-08-09T08:07:33.988763
38,77040,Zalán Vancsa,1092366,Lommel SK,5046,4,0,7.4,0.71,0.12,7,5,1,4,4,0,0,256,6,goalsPrevented,BEL,2025-2026,datafc_sofascore,2026-08-09T08:07:33.988763
38,77040,Milan Govaers,1427490,K. Beerschot V.A.,169260,0,0,7.4,,0.01,0,0,0,0,0,0,0,13,1,goalsPrevented,BEL,2025-2026,datafc_sofascore,2026-08-09T08:07:33.988763
38,77040,Charles Vanhoutte,928033,Royale Union Saint-Gilloise,4860,0,1,7.36,0.36,1.67,2,1,12,2,18,2,0,450,5,goalsPrevented,BEL,2025-2026,datafc_sofascore,2026-08-09T08:07:33.988763
38,77040,Jordan Renson,802311,Patro Eisden Maasmechelen,35076,1,0,7.35,0.21,0.03,2,1,1,0,2,0,0,210,2,goalsPrevented,BEL,2025-2026,datafc_sofascore,2026-08-09T08:07:33.988763
38,77040,Edgaras Utkus,921180,Cercle Brugge,2929,2,0,7.31,1.25,0.36,14,4,1,1,28,2,0,1451,19,goalsPrevented,BEL,2025-2026,datafc_sofascore,2026-08-09T08:07:33.988763
38,77040,Christian Burgess,303634,Royale Union Saint-Gilloise,4860,2,3,7.31,1.63,1.37,23,8,13,1,53,13,1,3147,35,goalsPrevented,BEL,2025-2026,datafc_sofascore,2026-08-09T08:07:33.988763
38,77040,Bryan Heynen,801025,KRC Genk,2890,4,1,7.31,4.75,4.68,48,11,49,22,99,5,0,3603,40,goalsPrevented,BEL,2025-2026,datafc_sofascore,2026-08-09T08:07:33.988763
38,77040,Brandon Mechele,248331,Club Brugge KV,2888,5,2,7.29,3.46,1.49,33,14,22,5,77,4,0,3435,39,goalsPrevented,BEL,2025-2026,datafc_sofascore,2026-08-09T08:07:33.988763
38,77040,Ryotaro Ito,831697,Sint-Truidense VV,2895,10,5,7.28,8.51,8.81,73,27,102,19,20,1,0,2838,35,goalsPrevented,BEL,2025-2026,datafc_sofascore,2026-08-09T08:07:33.988763
38,77040,Ross Sykes,845558,Royale Union Saint-Gilloise,4860,5,0,7.28,3.78,2.34,56,25,21,6,40,9,0,2629,32,goalsPrevented,BEL,2025-2026,datafc_sofascore,2026-08-09T08:07:33.988763
38,77040,Sam De Grand,1146313,Lommel SK,5046,2,1,7.27,0.32,0.1,4,3,9,1,16,0,0,540,6,goalsPrevented,BEL,2025-2026,datafc_sofascore,2026-08-09T08:07:33.988763
38,77040,Ensar Brahić,1481739,K. Beerschot V.A.,169260,2,0,7.27,0.49,0.27,4,2,1,0,0,0,0,91,3,goalsPrevented,BEL,2025-2026,datafc_sofascore,2026-08-09T08:07:33.988763
38,77040,Nilson Angulo,1116571,RSC Anderlecht,2900,6,5,7.26,3.77,4.47,33,16,46,44,62,2,1,1902,22,goalsPrevented,BEL,2025-2026,datafc_sofascore,2026-08-09T08:07:33.988763
38,77040,Mahamadou Doumbia,1400846,Royal Antwerp FC,2889,2,1,7.25,1.8,0.37,10,3,7,17,4,2,0,528,6,goalsPrevented,BEL,2025-2026,datafc_sofascore,2026-08-09T08:07:33.988763
38,77040,Yassine Titraoui,1094538,RC Sporting Charleroi,2898,5,1,7.23,2.9,3.78,53,20,31,26,58,7,0,2904,35,goalsPrevented,BEL,2025-2026,datafc_sofascore,2026-08-09T08:07:33.988763
38,77040,Anan Khalaili,1403362,Royale Union Saint-Gilloise,4860,3,5,7.22,3.34,7.52,38,13,62,49,69,7,0,3099,38,goalsPrevented,BEL,2025-2026,datafc_sofascore,2026-08-09T08:07:33.988763
38,77040,Tibe De Vlieger,1396529,KAA Gent,2903,1,0,7.21,1.4,0.97,16,1,13,9,59,5,0,1696,25,goalsPrevented,BEL,2025-2026,datafc_sofascore,2026-08-09T08:07:33.988763
38,77040,Loïc Mbe Soh,904992,Sint-Truidense VV,2895,2,0,7.18,1.47,0.27,5,2,1,1,12,1,0,921,14,goalsPrevented,BEL,2025-2026,datafc_sofascore,2026-08-09T08:07:33.988763
38,77040,Doğucan Haspolat,846087,KVC Westerlo,2893,1,4,7.18,2.52,7.83,46,10,86,19,82,7,0,3395,38,goalsPrevented,BEL,2025-2026,datafc_sofascore,2026-08-09T08:07:33.988763
38,77040,Carlos Forbs,1069486,Club Brugge KV,2888,8,8,7.17,6.18,8.55,57,21,61,52,40,4,0,2816,37,goalsPrevented,BEL,2025-2026,datafc_sofascore,2026-08-09T08:07:33.988763
38,77040,Matte Smets,1392905,KRC Genk,2890,0,1,7.15,0.75,2.2,15,0,17,5,70,4,0,3509,39,goalsPrevented,BEL,2025-2026,datafc_sofascore,2026-08-09T08:07:33.988763
38,77040,Joey Pelupessy,235404,Lommel SK,5046,0,0,7.15,0.05,0.04,1,0,2,1,12,0,0,540,6,goalsPrevented,BEL,2025-2026,datafc_sofascore,2026-08-09T08:07:33.988763
38,77040,Kevin Mac Allister,895327,Royale Union Saint-Gilloise,4860,1,1,7.14,3.07,2.44,22,5,13,9,112,11,1,2930,34,goalsPrevented,BEL,2025-2026,datafc_sofascore,2026-08-09T08:07:33.988763
38,77040,Pape Moussa Fall,1890424,RAAL La Louvière,368506,11,1,7.14,11.35,1.56,62,23,14,5,11,3,0,1771,27,goalsPrevented,BEL,2025-2026,datafc_sofascore,2026-08-09T08:07:33.988763
38,77040,Besfort Zeneli,1173223,Royale Union Saint-Gilloise,4860,3,6,7.13,2.06,3.52,16,8,22,7,8,0,0,774,15,goalsPrevented,BEL,2025-2026,datafc_sofascore,2026-08-09T08:07:33.988763
38,77040,Mathias Rasmussen,834244,Royale Union Saint-Gilloise,4860,2,1,7.13,0.52,1.02,10,3,20,7,25,1,0,720,16,goalsPrevented,BEL,2025-2026,datafc_sofascore,2026-08-09T08:07:33.988763
38,77040,Ayumu Yokoyama,1105106,KRC Genk,2890,1,0,7.13,1.08,1.73,14,7,12,11,6,0,0,422,9,goalsPrevented,BEL,2025-2026,datafc_sofascore,2026-08-09T08:07:33.988763
38,77040,Bas Van den Eynden,1048359,K. Beerschot V.A.,169260,0,0,7.13,0.12,0.41,3,0,3,2,9,1,0,377,4,goalsPrevented,BEL,2025-2026,datafc_sofascore,2026-08-09T08:07:33.988763
38,77040,Visar Musliu,134231,Sint-Truidense VV,2895,0,0,7.12,1.16,0.58,17,3,4,6,39,4,0,2519,30,goalsPrevented,BEL,2025-2026,datafc_sofascore,2026-08-09T08:07:33.988763
38,77040,Jeppe Erenbjerg,1035095,SV Zulte Waregem,2933,13,3,7.12,10.16,5.5,88,32,41,24,24,2,0,2787,35,goalsPrevented,BEL,2025-2026,datafc_sofascore,2026-08-09T08:07:33.988763
38,77040,Brian Plat,980673,K. Beerschot V.A.,169260,1,0,7.1,1.26,0.19,5,4,0,0,2,0,0,390,4,goalsPrevented,BEL,2025-2026,datafc_sofascore,2026-08-09T08:07:33.988763
38,77040,Vetle Dragsnes,548640,RC Sporting Charleroi,2898,1,0,7.1,0.37,0.03,3,3,0,0,2,0,0,101,2,goalsPrevented,BEL,2025-2026,datafc_sofascore,2026-08-09T08:07:33.988763
38,77040,Yassin Gueroui,794565,Patro Eisden Maasmechelen,35076,0,0,7.1,,0.0,0,0,0,0,2,1,0,44,1,goalsPrevented,BEL,2025-2026,datafc_sofascore,2026-08-09T08:07:33.988763
38,77040,Amando Lapage,1396102,KVC Westerlo,2893,0,0,7.1,0.13,0.51,8,2,4,3,15,3,0,1272,16,goalsPrevented,BEL,2025-2026,datafc_sofascore,2026-08-09T08:07:33.988763
38,77040,Myron Van Brederode,1012925,KV Mechelen,5044,9,5,7.1,5.95,5.55,41,17,57,49,34,2,0,2840,34,goalsPrevented,BEL,2025-2026,datafc_sofascore,2026-08-09T08:07:33.988763
38,77040,Aleksandar Stanković,1153957,Club Brugge KV,2888,6,2,7.09,4.66,4.09,74,25,33,8,39,4,0,3076,39,goalsPrevented,BEL,2025-2026,datafc_sofascore,2026-08-09T08:07:33.988763
38,77040,Junya Ito,783278,KRC Genk,2890,6,5,7.09,3.79,5.63,36,16,51,24,37,4,0,1785,28,goalsPrevented,BEL,2025-2026,datafc_sofascore,2026-08-09T08:07:33.988763
38,77040,Jason van Duiven,1195745,Lommel SK,5046,2,0,7.08,0.75,0.07,6,3,5,4,10,1,0,410,6,goalsPrevented,BEL,2025-2026,datafc_sofascore,2026-08-09T08:07:33.988763
38,77040,Geoffrey Kondo,1397885,Cercle Brugge,2929,1,1,7.08,0.63,1.11,9,2,3,5,16,0,0,900,10,goalsPrevented,BEL,2025-2026,datafc_sofascore,2026-08-09T08:07:33.988763
38,77040,Parfait Guiagon,1030459,RC Sporting Charleroi,2898,9,5,7.08,7.78,5.5,80,22,52,73,30,6,0,2555,33,goalsPrevented,BEL,2025-2026,datafc_sofascore,2026-08-09T08:07:33.988763
38,77040,Guilherme Smith,1820381,Royale Union Saint-Gilloise,4860,4,2,7.08,0.98,1.96,21,7,15,28,33,4,0,1546,22,goalsPrevented,BEL,2025-2026,datafc_sofascore,2026-08-09T08:07:33.988763
38,77040,Rihito Yamamoto,1030211,Sint-Truidense VV,2895,5,6,7.08,5.87,6.27,51,16,62,21,75,6,0,3290,38,goalsPrevented,BEL,2025-2026,datafc_sofascore,2026-08-09T08:07:33.988763
38,77040,Rosen Bozhinov,1152943,Royal Antwerp FC,2889,1,0,7.08,0.4,0.39,7,3,5,2,15,1,0,1279,16,goalsPrevented,BEL,2025-2026,datafc_sofascore,2026-08-09T08:07:33.988763
38,77040,Nazinho,1006113,Cercle Brugge,2929,3,7,7.07,0.91,7.69,27,8,59,24,73,13,0,2554,30,goalsPrevented,BEL,2025-2026,datafc_sofascore,2026-08-09T08:07:33.988763
38,77040,Rafiki Saïd,1047321,Standard Liège,2901,8,4,7.07,10.2,4.41,90,32,28,69,30,4,0,2756,37,goalsPrevented,BEL,2025-2026,datafc_sofascore,2026-08-09T08:07:33.988763
38,77040,Shogo Taniguchi,386958,Sint-Truidense VV,2895,1,1,7.07,1.07,1.31,14,2,10,2,43,4,0,2963,38,goalsPrevented,BEL,2025-2026,datafc_sofascore,2026-08-09T08:07:33.988763
38,77040,Arthur Piedfort,1149123,KVC Westerlo,2893,3,2,7.07,1.9,3.11,23,7,43,25,86,5,0,2989,36,goalsPrevented,BEL,2025-2026,datafc_sofascore,2026-08-09T08:07:33.988763
38,77040,Zakaria El Ouahdi,1134470,KRC Genk,2890,8,4,7.07,4.96,4.37,70,24,49,36,42,4,0,2996,34,goalsPrevented,BEL,2025-2026,datafc_sofascore,2026-08-09T08:07:33.988763
38,77040,Michał Skóraś,942479,KAA Gent,2903,2,7,7.06,3.87,6.79,43,10,65,37,49,6,1,2697,34,goalsPrevented,BEL,2025-2026,datafc_sofascore,2026-08-09T08:07:33.988763
38,77040,Emin Bayram,997153,KVC Westerlo,2893,4,2,7.06,4.39,2.88,41,13,20,15,44,4,2,3322,38,goalsPrevented,BEL,2025-2026,datafc_sofascore,2026-08-09T08:07:33.988763
38,77040,Michel Ange Balikwisha,923969,Royal Antwerp FC,2889,1,0,7.05,0.95,0.1,3,2,4,2,11,0,0,347,4,goalsPrevented,BEL,2025-2026,datafc_sofascore,2026-08-09T08:07:33.988763
38,77040,Kylian Hazard,379184,RFC Liège,389226,1,0,7.05,0.6,0.3,5,1,3,2,2,0,0,121,2,goalsPrevented,BEL,2025-2026,datafc_sofascore,2026-08-09T08:07:33.988763
38,77040,Thorgan Hazard,94286,RSC Anderlecht,2900,13,7,7.04,11.91,8.06,74,31,78,38,38,6,1,2722,36,goalsPrevented,BEL,2025-2026,datafc_sofascore,2026-08-09T08:07:33.988763
38,77040,Fredrik Hammar,946959,KV Mechelen,5044,1,1,7.04,1.75,1.64,28,6,18,20,152,10,0,3366,38,goalsPrevented,BEL,2025-2026,datafc_sofascore,2026-08-09T08:07:33.988763
38,77040,Nacho Ferri,1196903,KVC Westerlo,2893,11,2,7.04,16.2,2.4,101,42,30,22,27,7,0,2910,36,goalsPrevented,BEL,2025-2026,datafc_sofascore,2026-08-09T08:07:33.988763
38,77040,Adem Zorgane,1000472,Royale Union Saint-Gilloise,4860,4,5,7.04,2.44,6.23,28,12,40,19,64,7,0,2968,37,goalsPrevented,BEL,2025-2026,datafc_sofascore,2026-08-09T08:07:33.988763
38,77040,Anton Tanghe,1005175,SV Zulte Waregem,2933,3,0,7.02,2.43,0.92,5,3,8,1,14,2,0,1664,21,goalsPrevented,BEL,2025-2026,datafc_sofascore,2026-08-09T08:07:33.988763
38,77040,Rein Van Helden,1047163,Royal Antwerp FC,2889,2,0,7.02,2.19,1.08,12,4,13,8,52,2,1,2126,29,goalsPrevented,BEL,2025-2026,datafc_sofascore,2026-08-09T08:07:33.988763
38,77040,Kobe Cools,793987,FCV Dender,389232,0,0,7.02,0.85,0.74,12,6,2,2,21,2,0,1331,19,goalsPrevented,BEL,2025-2026,datafc_sofascore,2026-08-09T08:07:33.988763
38,77040,Mathias Delorge,1124749,KAA Gent,2903,0,3,7.01,0.27,2.13,9,4,17,2,30,1,0,1383,20,goalsPrevented,BEL,2025-2026,datafc_sofascore,2026-08-09T08:07:33.988763
38,77040,Siebe Schrijvers,190413,Oud-Heverlee Leuven,2918,3,4,7.0,5.03,3.45,29,4,37,12,62,6,0,2121,30,goalsPrevented,BEL,2025-2026,datafc_sofascore,2026-08-09T08:07:33.988763
38,77040,Lukas Van Eenoo,45880,K. Beerschot V.A.,169260,1,1,7.0,0.63,0.77,9,2,6,0,10,0,0,246,4,goalsPrevented,BEL,2025-2026,datafc_sofascore,2026-08-09T08:07:33.988763
38,77040,Radja Nainggolan,44001,Patro Eisden Maasmechelen,35076,1,0,7.0,0.56,0.03,9,2,3,0,0,0,0,157,2,goalsPrevented,BEL,2025-2026,datafc_sofascore,2026-08-09T08:07:33.988763
38,77040,Hugo Siquet,983041,Club Brugge KV,2888,0,2,7.0,0.75,3.62,16,2,38,4,31,2,0,1332,31,goalsPrevented,BEL,2025-2026,datafc_sofascore,2026-08-09T08:07:33.988763
38,77040,Lucas Bretelle,1389913,RAAL La Louvière,368506,0,1,7.0,,0.16,0,0,1,0,1,0,0,13,1,goalsPrevented,BEL,2025-2026,datafc_sofascore,2026-08-09T08:07:33.988763
38,77040,Christian Akpan,1472969,KRC Genk,2890,0,0,7.0,,0.01,0,0,0,1,4,0,0,120,1,goalsPrevented,BEL,2025-2026,datafc_sofascore,2026-08-09T08:07:33.988763
38,77040,Jonathan D'Ostilio,341273,RFC Liège,389226,0,0,7.0,0.12,0.27,2,0,3,1,8,1,0,169,2,goalsPrevented,BEL,2025-2026,datafc_sofascore,2026-08-09T08:07:33.988763
38,77040,Edan Diop,1390575,Cercle Brugge,2929,7,3,6.99,6.96,5.33,53,22,46,43,52,7,0,2607,33,goalsPrevented,BEL,2025-2026,datafc_sofascore,2026-08-09T08:07:33.988763
38,77040,Nacho Miras,1010556,KV Mechelen,5044,0,0,7.57,,0.03,0,0,0,0,1,2,0,2925,33,goalsPrevented,BEL,2025-2026,datafc_sofascore,2026-08-09T08:07:33.988763
38,77040,Léo Kokubo,997020,Sint-Truidense VV,2895,0,0,7.23,,0.05,0,0,0,0,4,5,0,3420,38,goalsPrevented,BEL,2025-2026,datafc_sofascore,2026-08-09T08:07:33.988763
38,77040,Brent Gabriel,861977,SV Zulte Waregem,2933,0,1,7.26,,0.6,0,0,2,1,1,1,0,3240,36,goalsPrevented,BEL,2025-2026,datafc_sofascore,2026-08-09T08:07:33.988763
38,77040,Marcos Hernán Peano,789394,RAAL La Louvière,368506,0,0,7.37,,0.14,0,0,0,4,4,2,0,3060,34,goalsPrevented,BEL,2025-2026,datafc_sofascore,2026-08-09T08:07:33.988763
38,77040,Warleson,861071,Cercle Brugge,2929,0,0,7.13,,0.03,0,0,0,0,0,2,1,1556,19,goalsPrevented,BEL,2025-2026,datafc_sofascore,2026-08-09T08:07:33.988763
38,77040,Davy Roef,156663,KAA Gent,2903,0,0,7.25,,0.05,0,0,3,0,1,0,0,3720,41,goalsPrevented,BEL,2025-2026,datafc_sofascore,2026-08-09T08:07:33.988763
38,77040,Lucas Pirard,190379,Standard Liège,2901,0,0,7.44,,0.03,0,0,0,1,0,1,0,990,11,goalsPrevented,BEL,2025-2026,datafc_sofascore,2026-08-09T08:07:33.988763
38,77040,Kjell Scherpen,852394,Royale Union Saint-Gilloise,4860,0,0,7.18,,0.12,0,0,1,0,1,1,0,2835,32,goalsPrevented,BEL,2025-2026,datafc_sofascore,2026-08-09T08:07:33.988763
38,77040,Colin Coosemans,122399,RSC Anderlecht,2900,0,0,6.98,,0.11,0,0,2,1,0,2,0,3420,38,goalsPrevented,BEL,2025-2026,datafc_sofascore,2026-08-09T08:07:33.988763
38,77040,Matthias Pieklak,1405437,Lommel SK,5046,0,0,7.33,,0.0,0,0,0,0,0,0,0,540,6,goalsPrevented,BEL,2025-2026,datafc_sofascore,2026-08-09T08:07:33.988763
38,77040,Matthieu Epolo,1121943,Standard Liège,2901,0,0,7.32,0.06,0.05,1,0,1,0,1,1,0,2610,29,goalsPrevented,BEL,2025-2026,datafc_sofascore,2026-08-09T08:07:33.988763
38,77040,Taishi Brandon Nozawa,1002358,Royal Antwerp FC,2889,0,0,7.19,,0.11,0,0,3,0,3,1,0,2654,30,goalsPrevented,BEL,2025-2026,datafc_sofascore,2026-08-09T08:07:33.988763
38,77040,Lucca Brughmans,1529975,KRC Genk,2890,0,0,7.11,,0.02,0,0,1,0,0,0,0,1020,11,goalsPrevented,BEL,2025-2026,datafc_sofascore,2026-08-09T08:07:33.988763
38,77040,Tobe Leysen,996979,Oud-Heverlee Leuven,2918,0,0,6.97,,0.15,0,0,0,0,3,2,0,2859,32,goalsPrevented,BEL,2025-2026,datafc_sofascore,2026-08-09T08:07:33.988763
38,77040,Mohamed Koné,1131009,RC Sporting Charleroi,2898,0,0,7.22,,0.03,0,0,0,0,1,2,0,1710,19,goalsPrevented,BEL,2025-2026,datafc_sofascore,2026-08-09T08:07:33.988763
38,77040,Senne Lammens,964753,Royal Antwerp FC,2889,0,0,7.23,,0.01,0,0,0,0,0,0,0,360,4,goalsPrevented,BEL,2025-2026,datafc_sofascore,2026-08-09T08:07:33.988763
38,77040,Gauthier Gallon,340561,FCV Dender,389232,0,0,7.11,,0.01,0,0,0,0,1,1,0,1326,15,goalsPrevented,BEL,2025-2026,datafc_sofascore,2026-08-09T08:07:33.988763
38,77040,Simon Mignolet,10406,Club Brugge KV,2888,0,0,7.14,,0.02,0,0,0,0,0,1,0,1023,12,goalsPrevented,BEL,2025-2026,datafc_sofascore,2026-08-09T08:07:33.988763
38,77040,Vic Chambaere,1108599,Royale Union Saint-Gilloise,4860,0,0,6.73,,0.02,0,0,1,0,0,1,0,765,9,goalsPrevented,BEL,2025-2026,datafc_sofascore,2026-08-09T08:07:33.988763
38,77040,Matt Lendfers,1393695,Sint-Truidense VV,2895,0,0,6.7,,0.0,0,0,0,0,0,0,0,179,2,goalsPrevented,BEL,2025-2026,datafc_sofascore,2026-08-09T08:07:33.988763
38,77040,Andreas Jungdal,963038,KVC Westerlo,2893,0,0,6.97,,0.15,0,0,3,0,1,3,0,3600,40,goalsPrevented,BEL,2025-2026,datafc_sofascore,2026-08-09T08:07:33.988763
38,77040,Yannick Thoelen,794571,Royal Antwerp FC,2889,0,0,7.08,,0.04,0,0,0,0,0,1,0,496,7,goalsPrevented,BEL,2025-2026,datafc_sofascore,2026-08-09T08:07:33.988763
38,77040,Niels Devalckeneer,1391493,Royal Antwerp FC,2889,0,0,6.7,,0.0,0,0,0,0,0,0,0,90,1,goalsPrevented,BEL,2025-2026,datafc_sofascore,2026-08-09T08:07:33.988763
38,77040,Genki Haraguchi,48243,K. Beerschot V.A.,169260,1,0,7.93,0.26,1.41,6,3,8,5,7,0,0,377,4,goalsPrevented,BEL,2025-2026,datafc_sofascore,2026-08-09T08:07:33.988763
38,77040,Lucas Schoofs,794564,Lommel SK,5046,3,3,7.8,1.84,0.65,8,5,7,2,24,1,0,540,6,goalsPrevented,BEL,2025-2026,datafc_sofascore,2026-08-09T08:07:33.988763
38,77040,Christos Tzolis,1031259,Club Brugge KV,2888,17,23,7.71,17.4,15.94,123,44,135,40,29,6,0,3072,36,goalsPrevented,BEL,2025-2026,datafc_sofascore,2026-08-09T08:07:33.988763
38,77040,Christ Souanga,1835475,Oud-Heverlee Leuven,2918,1,0,7.6,0.07,0.01,1,1,0,0,1,0,0,90,1,goalsPrevented,BEL,2025-2026,datafc_sofascore,2026-08-09T08:07:33.988763
38,77040,Dries Wouters,339269,Lommel SK,5046,0,0,7.53,,0.03,0,0,1,1,2,1,0,540,6,goalsPrevented,BEL,2025-2026,datafc_sofascore,2026-08-09T08:07:33.988763
38,77040,Elnora Lembi,2307624,FCV Dender,389232,0,0,7.5,,0.0,0,0,0,0,2,0,0,43,2,goalsPrevented,BEL,2025-2026,datafc_sofascore,2026-08-09T08:07:33.988763
38,77040,Hans Vanaken,118085,Club Brugge KV,2888,7,3,7.45,8.38,8.0,58,21,67,15,38,2,0,3366,39,goalsPrevented,BEL,2025-2026,datafc_sofascore,2026-08-09T08:07:33.988763
38,77040,Modibo Fofana,2602250,Royal Antwerp FC,2889,1,0,7.45,0.22,0.1,4,1,1,2,3,0,0,35,2,goalsPrevented,BEL,2025-2026,datafc_sofascore,2026-08-09T08:07:33.988763
38,77040,Jules Ahoka,2137673,Royal Antwerp FC,2889,0,0,7.45,0.02,0.0,1,0,0,1,2,0,0,98,2,goalsPrevented,BEL,2025-2026,datafc_sofascore,2026-08-09T08:07:33.988763
38,77040,Zalán Vancsa,1092366,Lommel SK,5046,4,0,7.4,0.71,0.12,7,5,1,4,4,0,0,256,6,goalsPrevented,BEL,2025-2026,datafc_sofascore,2026-08-09T08:07:33.988763
38,77040,Milan Govaers,1427490,K. Beerschot V.A.,169260,0,0,7.4,,0.01,0,0,0,0,0,0,0,13,1,goalsPrevented,BEL,2025-2026,datafc_sofascore,2026-08-09T08:07:33.988763
38,77040,Charles Vanhoutte,928033,Royale Union Saint-Gilloise,4860,0,1,7.36,0.36,1.67,2,1,12,2,18,2,0,450,5,goalsPrevented,BEL,2025-2026,datafc_sofascore,2026-08-09T08:07:33.988763
38,77040,Jordan Renson,802311,Patro Eisden Maasmechelen,35076,1,0,7.35,0.21,0.03,2,1,1,0,2,0,0,210,2,goalsPrevented,BEL,2025-2026,datafc_sofascore,2026-08-09T08:07:33.988763
38,77040,Edgaras Utkus,921180,Cercle Brugge,2929,2,0,7.31,1.25,0.36,14,4,1,1,28,2,0,1451,19,goalsPrevented,BEL,2025-2026,datafc_sofascore,2026-08-09T08:07:33.988763
38,77040,Christian Burgess,303634,Royale Union Saint-Gilloise,4860,2,3,7.31,1.63,1.37,23,8,13,1,53,13,1,3147,35,goalsPrevented,BEL,2025-2026,datafc_sofascore,2026-08-09T08:07:33.988763
38,77040,Bryan Heynen,801025,KRC Genk,2890,4,1,7.31,4.75,4.68,48,11,49,22,99,5,0,3603,40,goalsPrevented,BEL,2025-2026,datafc_sofascore,2026-08-09T08:07:33.988763
38,77040,Brandon Mechele,248331,Club Brugge KV,2888,5,2,7.29,3.46,1.49,33,14,22,5,77,4,0,3435,39,goalsPrevented,BEL,2025-2026,datafc_sofascore,2026-08-09T08:07:33.988763
38,77040,Ryotaro Ito,831697,Sint-Truidense VV,2895,10,5,7.28,8.51,8.81,73,27,102,19,20,1,0,2838,35,goalsPrevented,BEL,2025-2026,datafc_sofascore,2026-08-09T08:07:33.988763
38,77040,Ross Sykes,845558,Royale Union Saint-Gilloise,4860,5,0,7.28,3.78,2.34,56,25,21,6,40,9,0,2629,32,goalsPrevented,BEL,2025-2026,datafc_sofascore,2026-08-09T08:07:33.988763
38,77040,Sam De Grand,1146313,Lommel SK,5046,2,1,7.27,0.32,0.1,4,3,9,1,16,0,0,540,6,goalsPrevented,BEL,2025-2026,datafc_sofascore,2026-08-09T08:07:33.988763
38,77040,Ensar Brahić,1481739,K. Beerschot V.A.,169260,2,0,7.27,0.49,0.27,4,2,1,0,0,0,0,91,3,goalsPrevented,BEL,2025-2026,datafc_sofascore,2026-08-09T08:07:33.988763
38,77040,Nilson Angulo,1116571,RSC Anderlecht,2900,6,5,7.26,3.77,4.47,33,16,46,44,62,2,1,1902,22,goalsPrevented,BEL,2025-2026,datafc_sofascore,2026-08-09T08:07:33.988763
38,77040,Mahamadou Doumbia,1400846,Royal Antwerp FC,2889,2,1,7.25,1.8,0.37,10,3,7,17,4,2,0,528,6,goalsPrevented,BEL,2025-2026,datafc_sofascore,2026-08-09T08:07:33.988763
38,77040,Yassine Titraoui,1094538,RC Sporting Charleroi,2898,5,1,7.23,2.9,3.78,53,20,31,26,58,7,0,2904,35,goalsPrevented,BEL,2025-2026,datafc_sofascore,2026-08-09T08:07:33.988763
38,77040,Anan Khalaili,1403362,Royale Union Saint-Gilloise,4860,3,5,7.22,3.34,7.52,38,13,62,49,69,7,0,3099,38,goalsPrevented,BEL,2025-2026,datafc_sofascore,2026-08-09T08:07:33.988763
38,77040,Tibe De Vlieger,1396529,KAA Gent,2903,1,0,7.21,1.4,0.97,16,1,13,9,59,5,0,1696,25,goalsPrevented,BEL,2025-2026,datafc_sofascore,2026-08-09T08:07:33.988763
38,77040,Loïc Mbe Soh,904992,Sint-Truidense VV,2895,2,0,7.18,1.47,0.27,5,2,1,1,12,1,0,921,14,goalsPrevented,BEL,2025-2026,datafc_sofascore,2026-08-09T08:07:33.988763
38,77040,Doğucan Haspolat,846087,KVC Westerlo,2893,1,4,7.18,2.52,7.83,46,10,86,19,82,7,0,3395,38,goalsPrevented,BEL,2025-2026,datafc_sofascore,2026-08-09T08:07:33.988763
38,77040,Carlos Forbs,1069486,Club Brugge KV,2888,8,8,7.17,6.18,8.55,57,21,61,52,40,4,0,2816,37,goalsPrevented,BEL,2025-2026,datafc_sofascore,2026-08-09T08:07:33.988763
38,77040,Matte Smets,1392905,KRC Genk,2890,0,1,7.15,0.75,2.2,15,0,17,5,70,4,0,3509,39,goalsPrevented,BEL,2025-2026,datafc_sofascore,2026-08-09T08:07:33.988763
38,77040,Joey Pelupessy,235404,Lommel SK,5046,0,0,7.15,0.05,0.04,1,0,2,1,12,0,0,540,6,goalsPrevented,BEL,2025-2026,datafc_sofascore,2026-08-09T08:07:33.988763
38,77040,Kevin Mac Allister,895327,Royale Union Saint-Gilloise,4860,1,1,7.14,3.07,2.44,22,5,13,9,112,11,1,2930,34,goalsPrevented,BEL,2025-2026,datafc_sofascore,2026-08-09T08:07:33.988763
38,77040,Pape Moussa Fall,1890424,RAAL La Louvière,368506,11,1,7.14,11.35,1.56,62,23,14,5,11,3,0,1771,27,goalsPrevented,BEL,2025-2026,datafc_sofascore,2026-08-09T08:07:33.988763
38,77040,Besfort Zeneli,1173223,Royale Union Saint-Gilloise,4860,3,6,7.13,2.06,3.52,16,8,22,7,8,0,0,774,15,goalsPrevented,BEL,2025-2026,datafc_sofascore,2026-08-09T08:07:33.988763
38,77040,Mathias Rasmussen,834244,Royale Union Saint-Gilloise,4860,2,1,7.13,0.52,1.02,10,3,20,7,25,1,0,720,16,goalsPrevented,BEL,2025-2026,datafc_sofascore,2026-08-09T08:07:33.988763
38,77040,Ayumu Yokoyama,1105106,KRC Genk,2890,1,0,7.13,1.08,1.73,14,7,12,11,6,0,0,422,9,goalsPrevented,BEL,2025-2026,datafc_sofascore,2026-08-09T08:07:33.988763
38,77040,Bas Van den Eynden,1048359,K. Beerschot V.A.,169260,0,0,7.13,0.12,0.41,3,0,3,2,9,1,0,377,4,goalsPrevented,BEL,2025-2026,datafc_sofascore,2026-08-09T08:07:33.988763
38,77040,Visar Musliu,134231,Sint-Truidense VV,2895,0,0,7.12,1.16,0.58,17,3,4,6,39,4,0,2519,30,goalsPrevented,BEL,2025-2026,datafc_sofascore,2026-08-09T08:07:33.988763
38,77040,Jeppe Erenbjerg,1035095,SV Zulte Waregem,2933,13,3,7.12,10.16,5.5,88,32,41,24,24,2,0,2787,35,goalsPrevented,BEL,2025-2026,datafc_sofascore,2026-08-09T08:07:33.988763
38,77040,Brian Plat,980673,K. Beerschot V.A.,169260,1,0,7.1,1.26,0.19,5,4,0,0,2,0,0,390,4,goalsPrevented,BEL,2025-2026,datafc_sofascore,2026-08-09T08:07:33.988763
38,77040,Vetle Dragsnes,548640,RC Sporting Charleroi,2898,1,0,7.1,0.37,0.03,3,3,0,0,2,0,0,101,2,goalsPrevented,BEL,2025-2026,datafc_sofascore,2026-08-09T08:07:33.988763
38,77040,Yassin Gueroui,794565,Patro Eisden Maasmechelen,35076,0,0,7.1,,0.0,0,0,0,0,2,1,0,44,1,goalsPrevented,BEL,2025-2026,datafc_sofascore,2026-08-09T08:07:33.988763
38,77040,Amando Lapage,1396102,KVC Westerlo,2893,0,0,7.1,0.13,0.51,8,2,4,3,15,3,0,1272,16,goalsPrevented,BEL,2025-2026,datafc_sofascore,2026-08-09T08:07:33.988763
38,77040,Myron Van Brederode,1012925,KV Mechelen,5044,9,5,7.1,5.95,5.55,41,17,57,49,34,2,0,2840,34,goalsPrevented,BEL,2025-2026,datafc_sofascore,2026-08-09T08:07:33.988763
38,77040,Aleksandar Stanković,1153957,Club Brugge KV,2888,6,2,7.09,4.66,4.09,74,25,33,8,39,4,0,3076,39,goalsPrevented,BEL,2025-2026,datafc_sofascore,2026-08-09T08:07:33.988763
38,77040,Junya Ito,783278,KRC Genk,2890,6,5,7.09,3.79,5.63,36,16,51,24,37,4,0,1785,28,goalsPrevented,BEL,2025-2026,datafc_sofascore,2026-08-09T08:07:33.988763
38,77040,Jason van Duiven,1195745,Lommel SK,5046,2,0,7.08,0.75,0.07,6,3,5,4,10,1,0,410,6,goalsPrevented,BEL,2025-2026,datafc_sofascore,2026-08-09T08:07:33.988763
38,77040,Geoffrey Kondo,1397885,Cercle Brugge,2929,1,1,7.08,0.63,1.11,9,2,3,5,16,0,0,900,10,goalsPrevented,BEL,2025-2026,datafc_sofascore,2026-08-09T08:07:33.988763
38,77040,Parfait Guiagon,1030459,RC Sporting Charleroi,2898,9,5,7.08,7.78,5.5,80,22,52,73,30,6,0,2555,33,goalsPrevented,BEL,2025-2026,datafc_sofascore,2026-08-09T08:07:33.988763
38,77040,Guilherme Smith,1820381,Royale Union Saint-Gilloise,4860,4,2,7.08,0.98,1.96,21,7,15,28,33,4,0,1546,22,goalsPrevented,BEL,2025-2026,datafc_sofascore,2026-08-09T08:07:33.988763
38,77040,Rihito Yamamoto,1030211,Sint-Truidense VV,2895,5,6,7.08,5.87,6.27,51,16,62,21,75,6,0,3290,38,goalsPrevented,BEL,2025-2026,datafc_sofascore,2026-08-09T08:07:33.988763
38,77040,Rosen Bozhinov,1152943,Royal Antwerp FC,2889,1,0,7.08,0.4,0.39,7,3,5,2,15,1,0,1279,16,goalsPrevented,BEL,2025-2026,datafc_sofascore,2026-08-09T08:07:33.988763
38,77040,Nazinho,1006113,Cercle Brugge,2929,3,7,7.07,0.91,7.69,27,8,59,24,73,13,0,2554,30,goalsPrevented,BEL,2025-2026,datafc_sofascore,2026-08-09T08:07:33.988763
38,77040,Rafiki Saïd,1047321,Standard Liège,2901,8,4,7.07,10.2,4.41,90,32,28,69,30,4,0,2756,37,goalsPrevented,BEL,2025-2026,datafc_sofascore,2026-08-09T08:07:33.988763
38,77040,Shogo Taniguchi,386958,Sint-Truidense VV,2895,1,1,7.07,1.07,1.31,14,2,10,2,43,4,0,2963,38,goalsPrevented,BEL,2025-2026,datafc_sofascore,2026-08-09T08:07:33.988763
38,77040,Arthur Piedfort,1149123,KVC Westerlo,2893,3,2,7.07,1.9,3.11,23,7,43,25,86,5,0,2989,36,goalsPrevented,BEL,2025-2026,datafc_sofascore,2026-08-09T08:07:33.988763
38,77040,Zakaria El Ouahdi,1134470,KRC Genk,2890,8,4,7.07,4.96,4.37,70,24,49,36,42,4,0,2996,34,goalsPrevented,BEL,2025-2026,datafc_sofascore,2026-08-09T08:07:33.988763
38,77040,Michał Skóraś,942479,KAA Gent,2903,2,7,7.06,3.87,6.79,43,10,65,37,49,6,1,2697,34,goalsPrevented,BEL,2025-2026,datafc_sofascore,2026-08-09T08:07:33.988763
38,77040,Emin Bayram,997153,KVC Westerlo,2893,4,2,7.06,4.39,2.88,41,13,20,15,44,4,2,3322,38,goalsPrevented,BEL,2025-2026,datafc_sofascore,2026-08-09T08:07:33.988763
38,77040,Michel Ange Balikwisha,923969,Royal Antwerp FC,2889,1,0,7.05,0.95,0.1,3,2,4,2,11,0,0,347,4,goalsPrevented,BEL,2025-2026,datafc_sofascore,2026-08-09T08:07:33.988763
38,77040,Kylian Hazard,379184,RFC Liège,389226,1,0,7.05,0.6,0.3,5,1,3,2,2,0,0,121,2,goalsPrevented,BEL,2025-2026,datafc_sofascore,2026-08-09T08:07:33.988763
38,77040,Thorgan Hazard,94286,RSC Anderlecht,2900,13,7,7.04,11.91,8.06,74,31,78,38,38,6,1,2722,36,goalsPrevented,BEL,2025-2026,datafc_sofascore,2026-08-09T08:07:33.988763
38,77040,Fredrik Hammar,946959,KV Mechelen,5044,1,1,7.04,1.75,1.64,28,6,18,20,152,10,0,3366,38,goalsPrevented,BEL,2025-2026,datafc_sofascore,2026-08-09T08:07:33.988763
38,77040,Nacho Ferri,1196903,KVC Westerlo,2893,11,2,7.04,16.2,2.4,101,42,30,22,27,7,0,2910,36,goalsPrevented,BEL,2025-2026,datafc_sofascore,2026-08-09T08:07:33.988763
38,77040,Adem Zorgane,1000472,Royale Union Saint-Gilloise,4860,4,5,7.04,2.44,6.23,28,12,40,19,64,7,0,2968,37,goalsPrevented,BEL,2025-2026,datafc_sofascore,2026-08-09T08:07:33.988763
38,77040,Anton Tanghe,1005175,SV Zulte Waregem,2933,3,0,7.02,2.43,0.92,5,3,8,1,14,2,0,1664,21,goalsPrevented,BEL,2025-2026,datafc_sofascore,2026-08-09T08:07:33.988763
38,77040,Rein Van Helden,1047163,Royal Antwerp FC,2889,2,0,7.02,2.19,1.08,12,4,13,8,52,2,1,2126,29,goalsPrevented,BEL,2025-2026,datafc_sofascore,2026-08-09T08:07:33.988763
38,77040,Kobe Cools,793987,FCV Dender,389232,0,0,7.02,0.85,0.74,12,6,2,2,21,2,0,1331,19,goalsPrevented,BEL,2025-2026,datafc_sofascore,2026-08-09T08:07:33.988763
38,77040,Mathias Delorge,1124749,KAA Gent,2903,0,3,7.01,0.27,2.13,9,4,17,2,30,1,0,1383,20,goalsPrevented,BEL,2025-2026,datafc_sofascore,2026-08-09T08:07:33.988763
38,77040,Siebe Schrijvers,190413,Oud-Heverlee Leuven,2918,3,4,7.0,5.03,3.45,29,4,37,12,62,6,0,2121,30,goalsPrevented,BEL,2025-2026,datafc_sofascore,2026-08-09T08:07:33.988763
38,77040,Lukas Van Eenoo,45880,K. Beerschot V.A.,169260,1,1,7.0,0.63,0.77,9,2,6,0,10,0,0,246,4,goalsPrevented,BEL,2025-2026,datafc_sofascore,2026-08-09T08:07:33.988763
38,77040,Radja Nainggolan,44001,Patro Eisden Maasmechelen,35076,1,0,7.0,0.56,0.03,9,2,3,0,0,0,0,157,2,goalsPrevented,BEL,2025-2026,datafc_sofascore,2026-08-09T08:07:33.988763
38,77040,Hugo Siquet,983041,Club Brugge KV,2888,0,2,7.0,0.75,3.62,16,2,38,4,31,2,0,1332,31,goalsPrevented,BEL,2025-2026,datafc_sofascore,2026-08-09T08:07:33.988763
38,77040,Lucas Bretelle,1389913,RAAL La Louvière,368506,0,1,7.0,,0.16,0,0,1,0,1,0,0,13,1,goalsPrevented,BEL,2025-2026,datafc_sofascore,2026-08-09T08:07:33.988763
38,77040,Christian Akpan,1472969,KRC Genk,2890,0,0,7.0,,0.01,0,0,0,1,4,0,0,120,1,goalsPrevented,BEL,2025-2026,datafc_sofascore,2026-08-09T08:07:33.988763
38,77040,Jonathan D'Ostilio,341273,RFC Liège,389226,0,0,7.0,0.12,0.27,2,0,3,1,8,1,0,169,2,goalsPrevented,BEL,2025-2026,datafc_sofascore,2026-08-09T08:07:33.988763
38,77040,Edan Diop,1390575,Cercle Brugge,2929,7,3,6.99,6.96,5.33,53,22,46,43,52,7,0,2607,33,goalsPrevented,BEL,2025-2026,datafc_sofascore,2026-08-09T08:07:33.988763
