country,tournament,tournament_id,season_id,team_name,team_id,player_name,player_id,age,height,player_country,position,preferred_foot,contract_until,market_value,market_currency,_league_id,_season,_source,_scraped_at
Italy,Serie A,23,76457,Inter,2697,Lautaro Martínez,823984,28,175.0,Argentina,F,Right,1877472000.0,80000000.0,EUR,ITA,2025-2026,datafc_sofascore,2026-08-09T08:11:34.913892
Italy,Serie A,23,76457,Inter,2697,Marcus Thuram,791702,29,192.0,France,F,Right,1845936000.0,52000000.0,EUR,ITA,2025-2026,datafc_sofascore,2026-08-09T08:11:34.913892
Italy,Serie A,23,76457,Inter,2697,Ange-Yoan Bonny,1086223,22,189.0,Côte d'Ivoire,F,Right,1909008000.0,34000000.0,EUR,ITA,2025-2026,datafc_sofascore,2026-08-09T08:11:34.913892
Italy,Serie A,23,76457,Inter,2697,Francesco Pio Esposito,1156616,21,189.0,Italy,F,Right,1909008000.0,47000000.0,EUR,ITA,2025-2026,datafc_sofascore,2026-08-09T08:11:34.913892
Italy,Serie A,23,76457,Inter,2697,Mattia Mosconi,1530727,19,176.0,Italy,F,Left,1845936000.0,1400000.0,EUR,ITA,2025-2026,datafc_sofascore,2026-08-09T08:11:34.913892
Italy,Serie A,23,76457,Inter,2697,Jamal Iddrissou,1910557,18,188.0,Italy,F,Right,1909008000.0,865000.0,EUR,ITA,2025-2026,datafc_sofascore,2026-08-09T08:11:34.913892
Italy,Serie A,23,76457,Inter,2697,Matteo Lavelli,1822931,19,185.0,Italy,F,Right,1877472000.0,680000.0,EUR,ITA,2025-2026,datafc_sofascore,2026-08-09T08:11:34.913892
Italy,Serie A,23,76457,Inter,2697,Hakan Çalhanoğlu,135700,32,178.0,Türkiye,M,Right,1814313600.0,16700000.0,EUR,ITA,2025-2026,datafc_sofascore,2026-08-09T08:11:34.913892
Italy,Serie A,23,76457,Inter,2697,Nicolò Barella,363856,29,175.0,Italy,M,Right,1877472000.0,54000000.0,EUR,ITA,2025-2026,datafc_sofascore,2026-08-09T08:11:34.913892
Italy,Serie A,23,76457,Inter,2697,Piotr Zieliński,138605,32,180.0,Poland,M,Both,1845936000.0,10300000.0,EUR,ITA,2025-2026,datafc_sofascore,2026-08-09T08:11:34.913892
Italy,Serie A,23,76457,Inter,2697,Federico Dimarco,284361,28,174.0,Italy,M,Left,1814313600.0,48000000.0,EUR,ITA,2025-2026,datafc_sofascore,2026-08-09T08:11:34.913892
Italy,Serie A,23,76457,Inter,2697,Petar Sučić,1091303,22,184.0,Croatia,M,Right,1909008000.0,49000000.0,EUR,ITA,2025-2026,datafc_sofascore,2026-08-09T08:11:34.913892
Italy,Serie A,23,76457,Inter,2697,Henrikh Mkhitaryan,37151,37,178.0,Armenia,M,Both,1814313600.0,2900000.0,EUR,ITA,2025-2026,datafc_sofascore,2026-08-09T08:11:34.913892
Italy,Serie A,23,76457,Inter,2697,Luís Henrique,977679,24,181.0,Brazil,M,Right,1909008000.0,24000000.0,EUR,ITA,2025-2026,datafc_sofascore,2026-08-09T08:11:34.913892
Italy,Serie A,23,76457,Inter,2697,Kristjan Asllani,996820,24,179.0,Albania,M,Right,1845936000.0,12400000.0,EUR,ITA,2025-2026,datafc_sofascore,2026-08-09T08:11:34.913892
Italy,Serie A,23,76457,Inter,2697,Davide Frattesi,835600,26,178.0,Italy,M,Right,1845936000.0,20000000.0,EUR,ITA,2025-2026,datafc_sofascore,2026-08-09T08:11:34.913892
Italy,Serie A,23,76457,Inter,2697,Andy Diouf,1048889,23,187.0,France,M,Left,1909008000.0,22000000.0,EUR,ITA,2025-2026,datafc_sofascore,2026-08-09T08:11:34.913892
Italy,Serie A,23,76457,Inter,2697,Aleksandar Stanković,1153957,21,187.0,Serbia,M,Right,1940544000.0,31000000.0,EUR,ITA,2025-2026,datafc_sofascore,2026-08-09T08:11:34.913892
Italy,Serie A,23,76457,Inter,2697,Yanis Massolin,1384651,23,197.0,France,M,Left,1909008000.0,4300000.0,EUR,ITA,2025-2026,datafc_sofascore,2026-08-09T08:11:34.913892
Italy,Serie A,23,76457,Inter,2697,Luka Topalović,1215062,20,187.0,Slovenia,M,Right,1877472000.0,3100000.0,EUR,ITA,2025-2026,datafc_sofascore,2026-08-09T08:11:34.913892
Italy,Serie A,23,76457,Inter,2697,Manuel Akanji,383560,31,187.0,Switzerland,D,Right,1845936000.0,15500000.0,EUR,ITA,2025-2026,datafc_sofascore,2026-08-09T08:11:34.913892
Italy,Serie A,23,76457,Inter,2697,John Stones,152077,32,188.0,England,D,Right,1845936000.0,10900000.0,EUR,ITA,2025-2026,datafc_sofascore,2026-08-09T08:11:34.913892
Italy,Serie A,23,76457,Inter,2697,Alessandro Bastoni,826188,27,190.0,Italy,D,Left,1845936000.0,61000000.0,EUR,ITA,2025-2026,datafc_sofascore,2026-08-09T08:11:34.913892
Italy,Serie A,23,76457,Inter,2697,Benjamin Pavard,787505,30,186.0,France,D,Right,1845936000.0,12700000.0,EUR,ITA,2025-2026,datafc_sofascore,2026-08-09T08:11:34.913892
Italy,Serie A,23,76457,Inter,2697,Carlos Augusto,929199,27,184.0,Brazil,D,Left,1845936000.0,22000000.0,EUR,ITA,2025-2026,datafc_sofascore,2026-08-09T08:11:34.913892
Italy,Serie A,23,76457,Inter,2697,Yann Bisseck,906275,25,194.0,Germany,D,Right,1940544000.0,47000000.0,EUR,ITA,2025-2026,datafc_sofascore,2026-08-09T08:11:34.913892
Italy,Serie A,23,76457,Inter,2697,Mattia Marello,1495720,18,180.0,Italy,D,Left,,,,ITA,2025-2026,datafc_sofascore,2026-08-09T08:11:34.913892
Italy,Serie A,23,76457,Inter,2697,Leonardo Bovio,1931502,18,187.0,Italy,D,Right,,,,ITA,2025-2026,datafc_sofascore,2026-08-09T08:11:34.913892
Italy,Serie A,23,76457,Inter,2697,Yvan Maye,1479355,20,190.0,France,D,Left,1845936000.0,540000.0,EUR,ITA,2025-2026,datafc_sofascore,2026-08-09T08:11:34.913892
Italy,Serie A,23,76457,Inter,2697,Josep Martínez,845291,28,191.0,Spain,G,Right,1877472000.0,10500000.0,EUR,ITA,2025-2026,datafc_sofascore,2026-08-09T08:11:34.913892
Italy,Serie A,23,76457,Inter,2697,Ivan Provedel,308182,32,194.0,Italy,G,Right,1877472000.0,2800000.0,EUR,ITA,2025-2026,datafc_sofascore,2026-08-09T08:11:34.913892
Italy,Serie A,23,76457,Inter,2697,Raffaele Di Gennaro,301162,32,188.0,Italy,G,Right,1814313600.0,325000.0,EUR,ITA,2025-2026,datafc_sofascore,2026-08-09T08:11:34.913892
Italy,Serie A,23,76457,Inter,2697,Matteo Farronato,1931504,18,202.0,Italy,G,Right,,,,ITA,2025-2026,datafc_sofascore,2026-08-09T08:11:34.913892
Italy,Serie A,23,76457,SSC Napoli,2714,Rasmus Højlund,1086417,23,191.0,Denmark,F,Left,1909008000.0,66000000.0,EUR,ITA,2025-2026,datafc_sofascore,2026-08-09T08:11:34.913892
Italy,Serie A,23,76457,SSC Napoli,2714,Romelu Lukaku,78893,33,191.0,Belgium,F,Left,1814313600.0,5800000.0,EUR,ITA,2025-2026,datafc_sofascore,2026-08-09T08:11:34.913892
Italy,Serie A,23,76457,SSC Napoli,2714,Noa Lang,875136,27,173.0,Netherlands,F,Right,1909008000.0,24000000.0,EUR,ITA,2025-2026,datafc_sofascore,2026-08-09T08:11:34.913892
Italy,Serie A,23,76457,SSC Napoli,2714,David Neres,850993,29,175.0,Brazil,F,Left,1845936000.0,22000000.0,EUR,ITA,2025-2026,datafc_sofascore,2026-08-09T08:11:34.913892
Italy,Serie A,23,76457,SSC Napoli,2714,Alisson Santos,1122835,23,177.0,Brazil,F,Right,1909008000.0,29000000.0,EUR,ITA,2025-2026,datafc_sofascore,2026-08-09T08:11:34.913892
Italy,Serie A,23,76457,SSC Napoli,2714,Giovane,1170773,22,184.0,Brazil,F,Left,1909008000.0,12600000.0,EUR,ITA,2025-2026,datafc_sofascore,2026-08-09T08:11:34.913892
Italy,Serie A,23,76457,SSC Napoli,2714,Lorenzo Lucca,962364,25,201.0,Italy,F,Right,1909008000.0,22000000.0,EUR,ITA,2025-2026,datafc_sofascore,2026-08-09T08:11:34.913892
Italy,Serie A,23,76457,SSC Napoli,2714,Walid Cheddira,917485,28,187.0,Morocco,F,Right,1845936000.0,1900000.0,EUR,ITA,2025-2026,datafc_sofascore,2026-08-09T08:11:34.913892
Italy,Serie A,23,76457,SSC Napoli,2714,Antonio Vergara,1069560,23,182.0,Italy,F,Left,1940544000.0,13600000.0,EUR,ITA,2025-2026,datafc_sofascore,2026-08-09T08:11:34.913892
Italy,Serie A,23,76457,SSC Napoli,2714,Cyril Ngonge,877037,26,179.0,Belgium,F,Left,1845936000.0,6800000.0,EUR,ITA,2025-2026,datafc_sofascore,2026-08-09T08:11:34.913892
Italy,Serie A,23,76457,SSC Napoli,2714,Lorenzo Sgarbi,907475,25,189.0,Italy,F,Right,,360000.0,EUR,ITA,2025-2026,datafc_sofascore,2026-08-09T08:11:34.913892
Italy,Serie A,23,76457,SSC Napoli,2714,Antonio Cioffi,996829,23,180.0,Italy,F,Right,,190000.0,EUR,ITA,2025-2026,datafc_sofascore,2026-08-09T08:11:34.913892
Italy,Serie A,23,76457,SSC Napoli,2714,Milton Pereyra,2485657,18,176.0,Argentina,F,Right,1845936000.0,,,ITA,2025-2026,datafc_sofascore,2026-08-09T08:11:34.913892
Italy,Serie A,23,76457,SSC Napoli,2714,Kevin De Bruyne,70996,35,181.0,Belgium,M,Right,1814313600.0,8300000.0,EUR,ITA,2025-2026,datafc_sofascore,2026-08-09T08:11:34.913892
Italy,Serie A,23,76457,SSC Napoli,2714,Scott McTominay,879346,29,193.0,Scotland,M,Right,1845936000.0,38000000.0,EUR,ITA,2025-2026,datafc_sofascore,2026-08-09T08:11:34.913892
Italy,Serie A,23,76457,SSC Napoli,2714,Frank Anguissa,787941,30,184.0,Cameroon,M,Right,1814313600.0,14600000.0,EUR,ITA,2025-2026,datafc_sofascore,2026-08-09T08:11:34.913892
Italy,Serie A,23,76457,SSC Napoli,2714,Matteo Politano,235672,33,171.0,Italy,M,Left,1845936000.0,5300000.0,EUR,ITA,2025-2026,datafc_sofascore,2026-08-09T08:11:34.913892
Italy,Serie A,23,76457,SSC Napoli,2714,Stanislav Lobotka,150383,31,170.0,Slovakia,M,Both,1814313600.0,10300000.0,EUR,ITA,2025-2026,datafc_sofascore,2026-08-09T08:11:34.913892
Italy,Serie A,23,76457,SSC Napoli,2714,Billy Gilmour,907668,25,169.0,Scotland,M,Right,1877472000.0,18800000.0,EUR,ITA,2025-2026,datafc_sofascore,2026-08-09T08:11:34.913892
Italy,Serie A,23,76457,SSC Napoli,2714,Jesper Lindstrøm,947929,26,182.0,Denmark,M,Right,1845936000.0,4300000.0,EUR,ITA,2025-2026,datafc_sofascore,2026-08-09T08:11:34.913892
Italy,Serie A,23,76457,SSC Napoli,2714,Michael Folorunsho,869795,28,190.0,Italy,M,Right,1877472000.0,4600000.0,EUR,ITA,2025-2026,datafc_sofascore,2026-08-09T08:11:34.913892
Italy,Serie A,23,76457,SSC Napoli,2714,Pasquale Mazzocchi,377512,31,183.0,Italy,M,Right,1814313600.0,1400000.0,EUR,ITA,2025-2026,datafc_sofascore,2026-08-09T08:11:34.913892
Italy,Serie A,23,76457,SSC Napoli,2714,Jens-Lys Cajuste,857671,26,188.0,Sweden,M,Right,1845936000.0,6600000.0,EUR,ITA,2025-2026,datafc_sofascore,2026-08-09T08:11:34.913892
Italy,Serie A,23,76457,SSC Napoli,2714,Francisco Barido,2082486,18,175.0,Argentina,M,Left,1845936000.0,755000.0,EUR,ITA,2025-2026,datafc_sofascore,2026-08-09T08:11:34.913892
Italy,Serie A,23,76457,SSC Napoli,2714,Vincenzo Prisco,1931514,18,165.0,Italy,M,Left,1814313600.0,,,ITA,2025-2026,datafc_sofascore,2026-08-09T08:11:34.913892
Italy,Serie A,23,76457,SSC Napoli,2714,Gennaro Iaccarino,996834,23,170.0,Italy,M,Right,,185000.0,EUR,ITA,2025-2026,datafc_sofascore,2026-08-09T08:11:34.913892
Italy,Serie A,23,76457,SSC Napoli,2714,Lorenzo Russo,1397174,21,182.0,Italy,M,Left,1814313600.0,53000.0,EUR,ITA,2025-2026,datafc_sofascore,2026-08-09T08:11:34.913892
Italy,Serie A,23,76457,SSC Napoli,2714,Giovanni Di Lorenzo,153257,33,182.0,Italy,D,Right,1845936000.0,6800000.0,EUR,ITA,2025-2026,datafc_sofascore,2026-08-09T08:11:34.913892
Italy,Serie A,23,76457,SSC Napoli,2714,Alessandro Buongiorno,870263,27,191.0,Italy,D,Left,1877472000.0,32000000.0,EUR,ITA,2025-2026,datafc_sofascore,2026-08-09T08:11:34.913892
Italy,Serie A,23,76457,SSC Napoli,2714,Mathías Olivera,805078,28,184.0,Uruguay,D,Left,1909008000.0,14500000.0,EUR,ITA,2025-2026,datafc_sofascore,2026-08-09T08:11:34.913892
Italy,Serie A,23,76457,SSC Napoli,2714,Leonardo Spinazzola,148899,33,185.0,Italy,D,Right,1845936000.0,3400000.0,EUR,ITA,2025-2026,datafc_sofascore,2026-08-09T08:11:34.913892
Italy,Serie A,23,76457,SSC Napoli,2714,Amir Rrahmani,332155,32,190.0,Kosovo,D,Both,1814313600.0,10600000.0,EUR,ITA,2025-2026,datafc_sofascore,2026-08-09T08:11:34.913892
Italy,Serie A,23,76457,SSC Napoli,2714,Rafa Marín,984623,24,190.0,Spain,D,Right,1877472000.0,11600000.0,EUR,ITA,2025-2026,datafc_sofascore,2026-08-09T08:11:34.913892
Italy,Serie A,23,76457,SSC Napoli,2714,Sam Beukema,898815,27,188.0,Netherlands,D,Right,1909008000.0,24000000.0,EUR,ITA,2025-2026,datafc_sofascore,2026-08-09T08:11:34.913892
Italy,Serie A,23,76457,SSC Napoli,2714,Luca Marianucci,1165371,22,186.0,Italy,D,Right,1909008000.0,7500000.0,EUR,ITA,2025-2026,datafc_sofascore,2026-08-09T08:11:34.913892
Italy,Serie A,23,76457,SSC Napoli,2714,Nosa Edward Obaretin,1068241,23,193.0,Italy,D,Left,1814313600.0,1400000.0,EUR,ITA,2025-2026,datafc_sofascore,2026-08-09T08:11:34.913892
Italy,Serie A,23,76457,SSC Napoli,2714,Christian Garofalo,1587205,19,182.0,Italy,D,Left,,260000.0,EUR,ITA,2025-2026,datafc_sofascore,2026-08-09T08:11:34.913892
Italy,Serie A,23,76457,SSC Napoli,2714,Vanja Milinković-Savić,356160,29,202.0,Serbia,G,Right,1909008000.0,18600000.0,EUR,ITA,2025-2026,datafc_sofascore,2026-08-09T08:11:34.913892
Italy,Serie A,23,76457,SSC Napoli,2714,Alex Meret,592794,29,190.0,Italy,G,Left,1814313600.0,7200000.0,EUR,ITA,2025-2026,datafc_sofascore,2026-08-09T08:11:34.913892
Italy,Serie A,23,76457,SSC Napoli,2714,Nikita Contini,352728,30,190.0,Italy,G,Right,1940544000.0,390000.0,EUR,ITA,2025-2026,datafc_sofascore,2026-08-09T08:11:34.913892
Italy,Serie A,23,76457,SSC Napoli,2714,Claudio Pugliese,2220248,18,,Italy,G,Left,,,,ITA,2025-2026,datafc_sofascore,2026-08-09T08:11:34.913892
Italy,Serie A,23,76457,AS Roma,2702,Paulo Dybala,256219,32,177.0,Argentina,F,Left,1814313600.0,5200000.0,EUR,ITA,2025-2026,datafc_sofascore,2026-08-09T08:11:34.913892
Italy,Serie A,23,76457,AS Roma,2702,Donyell Malen,803039,27,176.0,Netherlands,F,Right,1909008000.0,48000000.0,EUR,ITA,2025-2026,datafc_sofascore,2026-08-09T08:11:34.913892
Italy,Serie A,23,76457,AS Roma,2702,Matías Soulé,1082406,23,182.0,Argentina,F,Left,1877472000.0,36000000.0,EUR,ITA,2025-2026,datafc_sofascore,2026-08-09T08:11:34.913892
Italy,Serie A,23,76457,AS Roma,2702,Santiago Castro,1116577,21,178.0,Argentina,F,Right,1940544000.0,29000000.0,EUR,ITA,2025-2026,datafc_sofascore,2026-08-09T08:11:34.913892
Italy,Serie A,23,76457,AS Roma,2702,Robinio Vaz,1514800,19,185.0,France,F,Right,1909008000.0,18700000.0,EUR,ITA,2025-2026,datafc_sofascore,2026-08-09T08:11:34.913892
Italy,Serie A,23,76457,AS Roma,2702,Luigi Cherubini,1152834,22,175.0,Italy,F,Right,1814313600.0,2800000.0,EUR,ITA,2025-2026,datafc_sofascore,2026-08-09T08:11:34.913892
Italy,Serie A,23,76457,AS Roma,2702,Wesley,1134200,22,178.0,Brazil,M,Right,1909008000.0,43000000.0,EUR,ITA,2025-2026,datafc_sofascore,2026-08-09T08:11:34.913892
Italy,Serie A,23,76457,AS Roma,2702,Neil El Aynaoui,1128530,25,186.0,Morocco,M,Right,1909008000.0,29000000.0,EUR,ITA,2025-2026,datafc_sofascore,2026-08-09T08:11:34.913892
Italy,Serie A,23,76457,AS Roma,2702,Manu Koné,974087,25,186.0,France,M,Right,1877472000.0,47000000.0,EUR,ITA,2025-2026,datafc_sofascore,2026-08-09T08:11:34.913892
Italy,Serie A,23,76457,AS Roma,2702,Niccolò Pisilli,1175821,21,180.0,Italy,M,Right,1877472000.0,31000000.0,EUR,ITA,2025-2026,datafc_sofascore,2026-08-09T08:11:34.913892
Italy,Serie A,23,76457,AS Roma,2702,Bryan Cristante,186855,31,186.0,Italy,M,Right,1845936000.0,7700000.0,EUR,ITA,2025-2026,datafc_sofascore,2026-08-09T08:11:34.913892
Italy,Serie A,23,76457,AS Roma,2702,Devyne Rensch,982778,23,182.0,Netherlands,M,Both,1877472000.0,7900000.0,EUR,ITA,2025-2026,datafc_sofascore,2026-08-09T08:11:34.913892
Italy,Serie A,23,76457,AS Roma,2702,Mattia Mannini,1416583,20,173.0,Italy,M,Right,1845936000.0,1100000.0,EUR,ITA,2025-2026,datafc_sofascore,2026-08-09T08:11:34.913892
Italy,Serie A,23,76457,AS Roma,2702,Muhammed Bah,1524408,19,181.0,Gambia,M,Right,1845936000.0,775000.0,EUR,ITA,2025-2026,datafc_sofascore,2026-08-09T08:11:34.913892
Italy,Serie A,23,76457,AS Roma,2702,Francesco Panico,1910405,19,,Italy,M,Right,1814313600.0,97000.0,EUR,ITA,2025-2026,datafc_sofascore,2026-08-09T08:11:34.913892
Italy,Serie A,23,76457,AS Roma,2702,Evan Ndicka,848287,26,190.0,Côte d'Ivoire,D,Left,1845936000.0,34000000.0,EUR,ITA,2025-2026,datafc_sofascore,2026-08-09T08:11:34.913892
Italy,Serie A,23,76457,AS Roma,2702,Anass Salah-Eddine,961684,24,179.0,Morocco,D,Left,1845936000.0,11100000.0,EUR,ITA,2025-2026,datafc_sofascore,2026-08-09T08:11:34.913892
Italy,Serie A,23,76457,AS Roma,2702,Gianluca Mancini,611210,30,190.0,Italy,D,Right,1877472000.0,14600000.0,EUR,ITA,2025-2026,datafc_sofascore,2026-08-09T08:11:34.913892
Italy,Serie A,23,76457,AS Roma,2702,Jan Ziółkowski,1499991,21,194.0,Poland,D,Right,1909008000.0,11600000.0,EUR,ITA,2025-2026,datafc_sofascore,2026-08-09T08:11:34.913892
Italy,Serie A,23,76457,AS Roma,2702,Konstantinos Koulierakis,1184855,22,188.0,Greece,D,Left,1940544000.0,24000000.0,EUR,ITA,2025-2026,datafc_sofascore,2026-08-09T08:11:34.913892
Italy,Serie A,23,76457,AS Roma,2702,Mario Hermoso,353130,31,184.0,Spain,D,Left,1814313600.0,6600000.0,EUR,ITA,2025-2026,datafc_sofascore,2026-08-09T08:11:34.913892
Italy,Serie A,23,76457,AS Roma,2702,Marash Kumbulla,893642,26,191.0,Albania,D,Right,1845936000.0,2800000.0,EUR,ITA,2025-2026,datafc_sofascore,2026-08-09T08:11:34.913892
Italy,Serie A,23,76457,AS Roma,2702,Daniele Ghilardi,1384847,23,189.0,Italy,D,Right,1909008000.0,19700000.0,EUR,ITA,2025-2026,datafc_sofascore,2026-08-09T08:11:34.913892
Italy,Serie A,23,76457,AS Roma,2702,Filippo Reale,1470304,20,185.0,Italy,D,Left,1814313600.0,705000.0,EUR,ITA,2025-2026,datafc_sofascore,2026-08-09T08:11:34.913892
Italy,Serie A,23,76457,AS Roma,2702,Federico Nardin,1594212,19,186.0,Italy,D,Right,1845936000.0,370000.0,EUR,ITA,2025-2026,datafc_sofascore,2026-08-09T08:11:34.913892
Italy,Serie A,23,76457,AS Roma,2702,Emanuele Lulli,1955992,18,184.0,Italy,D,Right,1814313600.0,540000.0,EUR,ITA,2025-2026,datafc_sofascore,2026-08-09T08:11:34.913892
Italy,Serie A,23,76457,AS Roma,2702,Mohamed Seck,1515897,20,192.0,Italy,D,Right,1814313600.0,630000.0,EUR,ITA,2025-2026,datafc_sofascore,2026-08-09T08:11:34.913892
Italy,Serie A,23,76457,AS Roma,2702,Mile Svilar,793986,26,189.0,Serbia,G,Right,1909008000.0,33000000.0,EUR,ITA,2025-2026,datafc_sofascore,2026-08-09T08:11:34.913892
Italy,Serie A,23,76457,AS Roma,2702,Devis Vásquez,925285,28,195.0,Colombia,G,Right,1814313600.0,1400000.0,EUR,ITA,2025-2026,datafc_sofascore,2026-08-09T08:11:34.913892
Italy,Serie A,23,76457,AS Roma,2702,Pierluigi Gollini,329175,31,194.0,Italy,G,Right,1814313600.0,830000.0,EUR,ITA,2025-2026,datafc_sofascore,2026-08-09T08:11:34.913892
Italy,Serie A,23,76457,AS Roma,2702,Radosław Żelezny,1461428,19,193.0,Poland,G,Left,1877472000.0,215000.0,EUR,ITA,2025-2026,datafc_sofascore,2026-08-09T08:11:34.913892
Italy,Serie A,23,76457,AS Roma,2702,Giorgio De Marzi,1652568,19,186.0,USA,G,Right,1814313600.0,93000.0,EUR,ITA,2025-2026,datafc_sofascore,2026-08-09T08:11:34.913892
Italy,Serie A,23,76457,Como,2704,Álvaro Morata,125407,33,189.0,Spain,F,Right,1877472000.0,6200000.0,EUR,ITA,2025-2026,datafc_sofascore,2026-08-09T08:11:34.913892
Italy,Serie A,23,76457,Como,2704,Anastasios Douvikas,894863,27,184.0,Greece,F,Right,1877472000.0,24000000.0,EUR,ITA,2025-2026,datafc_sofascore,2026-08-09T08:11:34.913892
Italy,Serie A,23,76457,Como,2704,Mattia Liberali,1475557,19,169.0,Italy,F,Left,1940544000.0,9000000.0,EUR,ITA,2025-2026,datafc_sofascore,2026-08-09T08:11:34.913892
Italy,Serie A,23,76457,Como,2704,Nicolas-Gerrit Kühn,877835,26,174.0,Germany,F,Left,1877472000.0,9400000.0,EUR,ITA,2025-2026,datafc_sofascore,2026-08-09T08:11:34.913892
Italy,Serie A,23,76457,Como,2704,Alieu Fadera,1031548,24,181.0,Gambia,F,Right,1845936000.0,4600000.0,EUR,ITA,2025-2026,datafc_sofascore,2026-08-09T08:11:34.913892
Italy,Serie A,23,76457,Como,2704,Ivan Azón,1000696,23,181.0,Spain,F,Right,1877472000.0,5200000.0,EUR,ITA,2025-2026,datafc_sofascore,2026-08-09T08:11:34.913892
Italy,Serie A,23,76457,Como,2704,Alessandro Gabrielloni,813070,32,178.0,Italy,F,Right,1845936000.0,440000.0,EUR,ITA,2025-2026,datafc_sofascore,2026-08-09T08:11:34.913892
Italy,Serie A,23,76457,Como,2704,Tommaso Fumagalli,993281,26,185.0,Italy,F,Right,1814313600.0,275000.0,EUR,ITA,2025-2026,datafc_sofascore,2026-08-09T08:11:34.913892
Italy,Serie A,23,76457,Como,2704,Marlon Mustapha,1006951,25,185.0,Austria,F,Right,1814313600.0,435000.0,EUR,ITA,2025-2026,datafc_sofascore,2026-08-09T08:11:34.913892
Italy,Serie A,23,76457,Como,2704,Thomas Diego Altomonte,1940254,19,171.0,Italy,F,Right,1814313600.0,26000.0,EUR,ITA,2025-2026,datafc_sofascore,2026-08-09T08:11:34.913892
Italy,Serie A,23,76457,Como,2704,Nico Paz,1171451,21,185.0,Argentina,M,Left,1845936000.0,86000000.0,EUR,ITA,2025-2026,datafc_sofascore,2026-08-09T08:11:34.913892
Italy,Serie A,23,76457,Como,2704,Assane Diao,1493689,20,185.0,Senegal,M,Right,1877472000.0,31000000.0,EUR,ITA,2025-2026,datafc_sofascore,2026-08-09T08:11:34.913892
Italy,Serie A,23,76457,Como,2704,Martin Baturina,1090019,23,178.0,Croatia,M,Right,1909008000.0,41000000.0,EUR,ITA,2025-2026,datafc_sofascore,2026-08-09T08:11:34.913892
Italy,Serie A,23,76457,Como,2704,Máximo Perrone,1086286,23,178.0,Argentina,M,Left,1877472000.0,34000000.0,EUR,ITA,2025-2026,datafc_sofascore,2026-08-09T08:11:34.913892
Italy,Serie A,23,76457,Como,2704,Ali Jasim,1066729,22,182.0,Iraq,M,Right,1814313600.0,515000.0,EUR,ITA,2025-2026,datafc_sofascore,2026-08-09T08:11:34.913892
Italy,Serie A,23,76457,Como,2704,Yan Couto,1002813,24,169.0,Brazil,M,Right,1814313600.0,17500000.0,EUR,ITA,2025-2026,datafc_sofascore,2026-08-09T08:11:34.913892
Italy,Serie A,23,76457,Como,2704,Jesús Rodriguez,1800245,20,185.0,Spain,M,Right,1909008000.0,32000000.0,EUR,ITA,2025-2026,datafc_sofascore,2026-08-09T08:11:34.913892
Italy,Serie A,23,76457,Como,2704,Jayden Addai,1177723,20,176.0,Netherlands,M,Left,1909008000.0,21000000.0,EUR,ITA,2025-2026,datafc_sofascore,2026-08-09T08:11:34.913892
Italy,Serie A,23,76457,Como,2704,Maxence Caqueret,859027,26,174.0,France,M,Right,1877472000.0,13400000.0,EUR,ITA,2025-2026,datafc_sofascore,2026-08-09T08:11:34.913892
Italy,Serie A,23,76457,Como,2704,Lucas Da Cunha,911848,25,174.0,France,M,Left,1940544000.0,18300000.0,EUR,ITA,2025-2026,datafc_sofascore,2026-08-09T08:11:34.913892
Italy,Serie A,23,76457,Como,2704,Luis Milla,811629,31,175.0,Spain,M,Right,1877472000.0,3200000.0,EUR,ITA,2025-2026,datafc_sofascore,2026-08-09T08:11:34.913892
Italy,Serie A,23,76457,Como,2704,Adrian Lahdo,1802689,18,179.0,Sweden,M,Right,1940544000.0,9000000.0,EUR,ITA,2025-2026,datafc_sofascore,2026-08-09T08:11:34.913892
Italy,Serie A,23,76457,Como,2704,Matthias Braunöder,962282,24,173.0,Austria,M,Right,1814313600.0,780000.0,EUR,ITA,2025-2026,datafc_sofascore,2026-08-09T08:11:34.913892
Italy,Serie A,23,76457,Como,2704,Luca Mazzitelli,369866,30,180.0,Italy,M,Right,1814313600.0,1300000.0,EUR,ITA,2025-2026,datafc_sofascore,2026-08-09T08:11:34.913892
Italy,Serie A,23,76457,Como,2704,Fabio Rispoli,1614419,19,169.0,Italy,M,Right,,4400000.0,EUR,ITA,2025-2026,datafc_sofascore,2026-08-09T08:11:34.913892
Italy,Serie A,23,76457,Como,2704,Andrea Le Borgne,2199322,20,189.0,France,M,Right,1845936000.0,2300000.0,EUR,ITA,2025-2026,datafc_sofascore,2026-08-09T08:11:34.913892
Italy,Serie A,23,76457,Como,2704,Jacobo Ramón,1403348,21,196.0,Spain,D,Right,1909008000.0,32000000.0,EUR,ITA,2025-2026,datafc_sofascore,2026-08-09T08:11:34.913892
Italy,Serie A,23,76457,Como,2704,Álex Valle,1142238,22,178.0,Spain,D,Left,1877472000.0,12900000.0,EUR,ITA,2025-2026,datafc_sofascore,2026-08-09T08:11:34.913892
Italy,Serie A,23,76457,Como,2704,Kaiki,1112484,23,172.0,Brazil,D,Left,1814313600.0,14800000.0,EUR,ITA,2025-2026,datafc_sofascore,2026-08-09T08:11:34.913892
Italy,Serie A,23,76457,Como,2704,Andrés Cuenca,1503832,19,187.0,Spain,D,Left,1909008000.0,460000.0,EUR,ITA,2025-2026,datafc_sofascore,2026-08-09T08:11:34.913892
Italy,Serie A,23,76457,Como,2704,Ivan Smolčić,974581,25,181.0,Croatia,D,Right,1940544000.0,3800000.0,EUR,ITA,2025-2026,datafc_sofascore,2026-08-09T08:11:34.913892
Italy,Serie A,23,76457,Como,2704,Stefan Posch,355486,29,188.0,Austria,D,Right,1877472000.0,6200000.0,EUR,ITA,2025-2026,datafc_sofascore,2026-08-09T08:11:34.913892
Italy,Serie A,23,76457,Como,2704,Marc Kempf,226974,31,186.0,Germany,D,Left,1814313600.0,3400000.0,EUR,ITA,2025-2026,datafc_sofascore,2026-08-09T08:11:34.913892
Italy,Serie A,23,76457,Como,2704,Ignace Van der Brempt,989186,24,187.0,Belgium,D,Right,1845936000.0,2700000.0,EUR,ITA,2025-2026,datafc_sofascore,2026-08-09T08:11:34.913892
Italy,Serie A,23,76457,Como,2704,Alberto Dossena,870211,27,195.0,Italy,D,Right,1845936000.0,5600000.0,EUR,ITA,2025-2026,datafc_sofascore,2026-08-09T08:11:34.913892
Italy,Serie A,23,76457,Como,2704,Edoardo Goldaniga,295133,32,193.0,Italy,D,Both,1845936000.0,1900000.0,EUR,ITA,2025-2026,datafc_sofascore,2026-08-09T08:11:34.913892
Italy,Serie A,23,76457,Como,2704,Emil Audero,318603,29,190.0,Indonesia,G,Right,1845936000.0,2700000.0,EUR,ITA,2025-2026,datafc_sofascore,2026-08-09T08:11:34.913892
Italy,Serie A,23,76457,Como,2704,Jean Butez,599114,31,188.0,France,G,Right,1909008000.0,7700000.0,EUR,ITA,2025-2026,datafc_sofascore,2026-08-09T08:11:34.913892
Italy,Serie A,23,76457,Como,2704,Noel Törnqvist,1014583,24,195.0,Sweden,G,Left,,1900000.0,EUR,ITA,2025-2026,datafc_sofascore,2026-08-09T08:11:34.913892
Italy,Serie A,23,76457,Como,2704,Mauro Vigorito,41444,36,186.0,Italy,G,Right,1814313600.0,155000.0,EUR,ITA,2025-2026,datafc_sofascore,2026-08-09T08:11:34.913892
Italy,Serie A,23,76457,AC Milan,2692,Rafael Leão,851284,27,188.0,Portugal,F,Right,1845936000.0,48000000.0,EUR,ITA,2025-2026,datafc_sofascore,2026-08-09T08:11:34.913892
Italy,Serie A,23,76457,AC Milan,2692,Christopher Nkunku,769333,28,175.0,France,F,Right,1909008000.0,26000000.0,EUR,ITA,2025-2026,datafc_sofascore,2026-08-09T08:11:34.913892
Italy,Serie A,23,76457,AC Milan,2692,Christian Pulišić,817957,27,177.0,USA,F,Right,1814313600.0,43000000.0,EUR,ITA,2025-2026,datafc_sofascore,2026-08-09T08:11:34.913892
Italy,Serie A,23,76457,AC Milan,2692,Santiago Giménez,892141,25,182.0,Mexico,F,Left,1877472000.0,18600000.0,EUR,ITA,2025-2026,datafc_sofascore,2026-08-09T08:11:34.913892
Italy,Serie A,23,76457,AC Milan,2692,Gonçalo Ramos,934510,25,185.0,Portugal,F,Right,1940544000.0,46000000.0,EUR,ITA,2025-2026,datafc_sofascore,2026-08-09T08:11:34.913892
Italy,Serie A,23,76457,AC Milan,2692,Samuel Chukwueze,822470,27,172.0,Nigeria,F,Left,1845936000.0,18500000.0,EUR,ITA,2025-2026,datafc_sofascore,2026-08-09T08:11:34.913892
Italy,Serie A,23,76457,AC Milan,2692,Francesco Camarda,1520771,18,189.0,Italy,F,Right,1940544000.0,15500000.0,EUR,ITA,2025-2026,datafc_sofascore,2026-08-09T08:11:34.913892
Italy,Serie A,23,76457,AC Milan,2692,Andrej Kostić,1819171,19,188.0,Montenegro,F,Right,,4800000.0,EUR,ITA,2025-2026,datafc_sofascore,2026-08-09T08:11:34.913892
Italy,Serie A,23,76457,AC Milan,2692,Alphadjo Cissè,1169409,19,181.0,Italy,F,Right,1909008000.0,7400000.0,EUR,ITA,2025-2026,datafc_sofascore,2026-08-09T08:11:34.913892
Italy,Serie A,23,76457,AC Milan,2692,Emanuele Borsani,2220175,18,178.0,Italy,F,Right,,140000.0,EUR,ITA,2025-2026,datafc_sofascore,2026-08-09T08:11:34.913892
Italy,Serie A,23,76457,AC Milan,2692,Aurelien Guernier,1919350,18,184.0,England,F,Both,1877472000.0,,,ITA,2025-2026,datafc_sofascore,2026-08-09T08:11:34.913892
Italy,Serie A,23,76457,AC Milan,2692,Luka Modrić,15466,40,173.0,Croatia,M,Both,1814313600.0,3800000.0,EUR,ITA,2025-2026,datafc_sofascore,2026-08-09T08:11:34.913892
Italy,Serie A,23,76457,AC Milan,2692,Ismaël Bennacer,823733,28,175.0,Algeria,M,Left,1814313600.0,8500000.0,EUR,ITA,2025-2026,datafc_sofascore,2026-08-09T08:11:34.913892
Italy,Serie A,23,76457,AC Milan,2692,Pervis Estupiñán,805465,28,175.0,Ecuador,M,Left,1909008000.0,11100000.0,EUR,ITA,2025-2026,datafc_sofascore,2026-08-09T08:11:34.913892
Italy,Serie A,23,76457,AC Milan,2692,Adrien Rabiot,250737,31,191.0,France,M,Left,1845936000.0,17300000.0,EUR,ITA,2025-2026,datafc_sofascore,2026-08-09T08:11:34.913892
Italy,Serie A,23,76457,AC Milan,2692,Alexis Saelemaekers,901891,27,180.0,Belgium,M,Right,1940544000.0,21000000.0,EUR,ITA,2025-2026,datafc_sofascore,2026-08-09T08:11:34.913892
Italy,Serie A,23,76457,AC Milan,2692,Ruben Loftus-Cheek,284441,30,191.0,England,M,Right,1814313600.0,9000000.0,EUR,ITA,2025-2026,datafc_sofascore,2026-08-09T08:11:34.913892
Italy,Serie A,23,76457,AC Milan,2692,Youssouf Fofana,945062,27,185.0,France,M,Right,1845936000.0,25000000.0,EUR,ITA,2025-2026,datafc_sofascore,2026-08-09T08:11:34.913892
Italy,Serie A,23,76457,AC Milan,2692,Davide Bartesaghi,1390489,20,193.0,Italy,M,Left,1909008000.0,20000000.0,EUR,ITA,2025-2026,datafc_sofascore,2026-08-09T08:11:34.913892
Italy,Serie A,23,76457,AC Milan,2692,Ardon Jashari,1034082,24,180.0,Switzerland,M,Left,1909008000.0,24000000.0,EUR,ITA,2025-2026,datafc_sofascore,2026-08-09T08:11:34.913892
Italy,Serie A,23,76457,AC Milan,2692,Samuele Ricci,930189,24,182.0,Italy,M,Right,1877472000.0,20000000.0,EUR,ITA,2025-2026,datafc_sofascore,2026-08-09T08:11:34.913892
Italy,Serie A,23,76457,AC Milan,2692,Yunus Musah,983815,23,178.0,USA,M,Right,1845936000.0,14500000.0,EUR,ITA,2025-2026,datafc_sofascore,2026-08-09T08:11:34.913892
Italy,Serie A,23,76457,AC Milan,2692,Warren Bondo,1000366,22,177.0,France,M,Right,1877472000.0,5700000.0,EUR,ITA,2025-2026,datafc_sofascore,2026-08-09T08:11:34.913892
Italy,Serie A,23,76457,AC Milan,2692,Christian Comotto,1622149,18,183.0,Italy,M,Right,1940544000.0,5500000.0,EUR,ITA,2025-2026,datafc_sofascore,2026-08-09T08:11:34.913892
Italy,Serie A,23,76457,AC Milan,2692,Silvano Vos,1142565,21,190.0,Netherlands,M,Right,1877472000.0,480000.0,EUR,ITA,2025-2026,datafc_sofascore,2026-08-09T08:11:34.913892
Italy,Serie A,23,76457,AC Milan,2692,Lorenzo Ossola,1858812,19,178.0,Italy,M,Left,,290000.0,EUR,ITA,2025-2026,datafc_sofascore,2026-08-09T08:11:34.913892
Italy,Serie A,23,76457,AC Milan,2692,Strahinja Pavlović,965893,25,194.0,Serbia,D,Left,1845936000.0,38000000.0,EUR,ITA,2025-2026,datafc_sofascore,2026-08-09T08:11:34.913892
Italy,Serie A,23,76457,AC Milan,2692,Fikayo Tomori,788255,28,185.0,England,D,Right,1814313600.0,15700000.0,EUR,ITA,2025-2026,datafc_sofascore,2026-08-09T08:11:34.913892
Italy,Serie A,23,76457,AC Milan,2692,Koni De Winter,1001828,24,191.0,Belgium,D,Right,1909008000.0,22000000.0,EUR,ITA,2025-2026,datafc_sofascore,2026-08-09T08:11:34.913892
Italy,Serie A,23,76457,AC Milan,2692,Matteo Gabbia,826195,26,185.0,Italy,D,Right,1877472000.0,17500000.0,EUR,ITA,2025-2026,datafc_sofascore,2026-08-09T08:11:34.913892
Italy,Serie A,23,76457,AC Milan,2692,Mario Gila,965828,25,185.0,Spain,D,Right,1940544000.0,31000000.0,EUR,ITA,2025-2026,datafc_sofascore,2026-08-09T08:11:34.913892
Italy,Serie A,23,76457,AC Milan,2692,Zachary Athekame,1409700,21,180.0,Switzerland,D,Right,1909008000.0,15500000.0,EUR,ITA,2025-2026,datafc_sofascore,2026-08-09T08:11:34.913892
Italy,Serie A,23,76457,AC Milan,2692,Filippo Terracciano,1034303,23,181.0,Italy,D,Right,1845936000.0,4600000.0,EUR,ITA,2025-2026,datafc_sofascore,2026-08-09T08:11:34.913892
Italy,Serie A,23,76457,AC Milan,2692,David Odogu,1424191,20,190.0,Germany,D,Right,1877472000.0,4600000.0,EUR,ITA,2025-2026,datafc_sofascore,2026-08-09T08:11:34.913892
Italy,Serie A,23,76457,AC Milan,2692,Valeri Ivanov Vladimirov ,1983939,18,190.0,Bulgaria,D,Right,1877472000.0,155000.0,EUR,ITA,2025-2026,datafc_sofascore,2026-08-09T08:11:34.913892
Italy,Serie A,23,76457,AC Milan,2692,Sankhoun Diawara,1899999,20,188.0,France,D,Left,1940544000.0,2100000.0,EUR,ITA,2025-2026,datafc_sofascore,2026-08-09T08:11:34.913892
Italy,Serie A,23,76457,AC Milan,2692,Mike Maignan,191210,31,190.0,France,G,Right,1940544000.0,22000000.0,EUR,ITA,2025-2026,datafc_sofascore,2026-08-09T08:11:34.913892
Italy,Serie A,23,76457,AC Milan,2692,Lorenzo Torriani,1403294,21,197.0,Italy,G,Right,1909008000.0,770000.0,EUR,ITA,2025-2026,datafc_sofascore,2026-08-09T08:11:34.913892
Italy,Serie A,23,76457,AC Milan,2692,Pietro Terracciano,136856,36,193.0,Italy,G,Right,1814313600.0,960000.0,EUR,ITA,2025-2026,datafc_sofascore,2026-08-09T08:11:34.913892
Italy,Serie A,23,76457,AC Milan,2692,Matteo Pittarella,1907240,18,194.0,Italy,G,Right,1845936000.0,97000.0,EUR,ITA,2025-2026,datafc_sofascore,2026-08-09T08:11:34.913892
Italy,Serie A,23,76457,AC Milan,2692,Leo Paul Bouyer,2063772,17,194.0,France,G,Right,1814313600.0,120000.0,EUR,ITA,2025-2026,datafc_sofascore,2026-08-09T08:11:34.913892
Italy,Serie A,23,76457,Juventus,2687,Kenan Yıldız,1149011,21,187.0,Türkiye,F,Both,1909008000.0,72000000.0,EUR,ITA,2025-2026,datafc_sofascore,2026-08-09T08:11:34.913892
Italy,Serie A,23,76457,Juventus,2687,Jonathan David,935564,26,180.0,Canada,F,Both,1909008000.0,29000000.0,EUR,ITA,2025-2026,datafc_sofascore,2026-08-09T08:11:34.913892
Italy,Serie A,23,76457,Juventus,2687,Randal Kolo Muani,871706,27,187.0,France,F,Right,1940544000.0,18200000.0,EUR,ITA,2025-2026,datafc_sofascore,2026-08-09T08:11:34.913892
Italy,Serie A,23,76457,Juventus,2687,Francisco Conceição,979222,23,166.0,Portugal,F,Left,1909008000.0,28000000.0,EUR,ITA,2025-2026,datafc_sofascore,2026-08-09T08:11:34.913892
Italy,Serie A,23,76457,Juventus,2687,Arkadiusz Milik,161325,32,186.0,Poland,F,Left,1814313600.0,1600000.0,EUR,ITA,2025-2026,datafc_sofascore,2026-08-09T08:11:34.913892
Italy,Serie A,23,76457,Juventus,2687,Edon Zhegrova,887766,27,181.0,Kosovo,F,Left,1909008000.0,9500000.0,EUR,ITA,2025-2026,datafc_sofascore,2026-08-09T08:11:34.913892
Italy,Serie A,23,76457,Juventus,2687,Jérémie Boga,367056,29,172.0,Côte d'Ivoire,F,Right,1877472000.0,7700000.0,EUR,ITA,2025-2026,datafc_sofascore,2026-08-09T08:11:34.913892
Italy,Serie A,23,76457,Juventus,2687,Jeff Ekhator,1613917,19,188.0,Italy,F,Right,1940544000.0,19200000.0,EUR,ITA,2025-2026,datafc_sofascore,2026-08-09T08:11:34.913892
Italy,Serie A,23,76457,Juventus,2687,Adin Licina,1534044,19,180.0,Germany,F,Left,1877472000.0,1700000.0,EUR,ITA,2025-2026,datafc_sofascore,2026-08-09T08:11:34.913892
Italy,Serie A,23,76457,Juventus,2687,Justin Oboavwoduo,1400670,19,179.0,England,F,Right,1845936000.0,515000.0,EUR,ITA,2025-2026,datafc_sofascore,2026-08-09T08:11:34.913892
Italy,Serie A,23,76457,Juventus,2687,Arman Durmiši,2139376,18,190.0,Albania,F,Right,1845936000.0,1000000.0,EUR,ITA,2025-2026,datafc_sofascore,2026-08-09T08:11:34.913892
Italy,Serie A,23,76457,Juventus,2687,Nicolás González,901325,28,180.0,Argentina,M,Left,1877472000.0,23000000.0,EUR,ITA,2025-2026,datafc_sofascore,2026-08-09T08:11:34.913892
Italy,Serie A,23,76457,Juventus,2687,Kerim Alajbegović,1425366,18,185.0,Bosnia & Herzegovina,M,Both,1940544000.0,23000000.0,EUR,ITA,2025-2026,datafc_sofascore,2026-08-09T08:11:34.913892
Italy,Serie A,23,76457,Juventus,2687,Khéphren Thuram,904832,25,191.0,France,M,Right,1877472000.0,36000000.0,EUR,ITA,2025-2026,datafc_sofascore,2026-08-09T08:11:34.913892
Italy,Serie A,23,76457,Juventus,2687,Douglas Luiz,867887,28,175.0,Brazil,M,Right,1877472000.0,19200000.0,EUR,ITA,2025-2026,datafc_sofascore,2026-08-09T08:11:34.913892
Italy,Serie A,23,76457,Juventus,2687,Manuel Locatelli,363860,28,185.0,Italy,M,Right,1909008000.0,24000000.0,EUR,ITA,2025-2026,datafc_sofascore,2026-08-09T08:11:34.913892
Italy,Serie A,23,76457,Juventus,2687,Arthur,794927,29,172.0,Brazil,M,Right,1814313600.0,4200000.0,EUR,ITA,2025-2026,datafc_sofascore,2026-08-09T08:11:34.913892
Italy,Serie A,23,76457,Juventus,2687,Weston McKennie,881931,27,180.0,USA,M,Right,1909008000.0,31000000.0,EUR,ITA,2025-2026,datafc_sofascore,2026-08-09T08:11:34.913892
Italy,Serie A,23,76457,Juventus,2687,Teun Koopmeiners,803033,28,183.0,Netherlands,M,Left,1877472000.0,13200000.0,EUR,ITA,2025-2026,datafc_sofascore,2026-08-09T08:11:34.913892
Italy,Serie A,23,76457,Juventus,2687,Andrea Cambiaso,917048,26,181.0,Italy,M,Both,1877472000.0,21000000.0,EUR,ITA,2025-2026,datafc_sofascore,2026-08-09T08:11:34.913892
Italy,Serie A,23,76457,Juventus,2687,Fabio Miretti,1010223,23,179.0,Italy,M,Right,1845936000.0,14600000.0,EUR,ITA,2025-2026,datafc_sofascore,2026-08-09T08:11:34.913892
Italy,Serie A,23,76457,Juventus,2687,Augusto Owusu,1526401,21,189.0,Italy,M,Right,1845936000.0,580000.0,EUR,ITA,2025-2026,datafc_sofascore,2026-08-09T08:11:34.913892
Italy,Serie A,23,76457,Juventus,2687,Bremer,885197,29,188.0,Brazil,D,Right,1877472000.0,33000000.0,EUR,ITA,2025-2026,datafc_sofascore,2026-08-09T08:11:34.913892
Italy,Serie A,23,76457,Juventus,2687,Pierre Kalulu,965330,26,183.0,France,D,Right,1877472000.0,31000000.0,EUR,ITA,2025-2026,datafc_sofascore,2026-08-09T08:11:34.913892
Italy,Serie A,23,76457,Juventus,2687,Federico Gatti,1128063,28,190.0,Italy,D,Right,1909008000.0,13200000.0,EUR,ITA,2025-2026,datafc_sofascore,2026-08-09T08:11:34.913892
Italy,Serie A,23,76457,Juventus,2687,Juan Cabal,988037,25,185.0,Colombia,D,Left,1877472000.0,7200000.0,EUR,ITA,2025-2026,datafc_sofascore,2026-08-09T08:11:34.913892
Italy,Serie A,23,76457,Juventus,2687,Lloyd Kelly,865167,27,191.0,England,D,Left,1877472000.0,24000000.0,EUR,ITA,2025-2026,datafc_sofascore,2026-08-09T08:11:34.913892
Italy,Serie A,23,76457,Juventus,2687,Zeki Çelik,893008,29,180.0,Türkiye,D,Right,1877472000.0,14500000.0,EUR,ITA,2025-2026,datafc_sofascore,2026-08-09T08:11:34.913892
Italy,Serie A,23,76457,Juventus,2687,Daniele Rugani,139273,32,188.0,Italy,D,Right,1845936000.0,2100000.0,EUR,ITA,2025-2026,datafc_sofascore,2026-08-09T08:11:34.913892
Italy,Serie A,23,76457,Juventus,2687,Javier Gil,1526397,20,191.0,Spain,D,Left,1845936000.0,1400000.0,EUR,ITA,2025-2026,datafc_sofascore,2026-08-09T08:11:34.913892
Italy,Serie A,23,76457,Juventus,2687,Michele Di Gregorio,844609,29,187.0,Italy,G,Right,1877472000.0,9600000.0,EUR,ITA,2025-2026,datafc_sofascore,2026-08-09T08:11:34.913892
Italy,Serie A,23,76457,Juventus,2687,Mattia Perin,79645,33,188.0,Italy,G,Right,1814313600.0,1900000.0,EUR,ITA,2025-2026,datafc_sofascore,2026-08-09T08:11:34.913892
Italy,Serie A,23,76457,Juventus,2687,Carlo Pinsoglio,46420,36,194.0,Italy,G,Left,1814313600.0,195000.0,EUR,ITA,2025-2026,datafc_sofascore,2026-08-09T08:11:34.913892
Italy,Serie A,23,76457,Juventus,2687,Sebastiano Nava,1931511,18,191.0,Italy,G,Left,1845936000.0,,,ITA,2025-2026,datafc_sofascore,2026-08-09T08:11:34.913892
Italy,Serie A,23,76457,Atalanta,2686,Charles De Ketelaere,960441,25,192.0,Belgium,F,Left,1845936000.0,32000000.0,EUR,ITA,2025-2026,datafc_sofascore,2026-08-09T08:11:34.913892
Italy,Serie A,23,76457,Atalanta,2686,Kamaldeen Sulemana,1019442,24,174.0,Ghana,F,Right,1877472000.0,16500000.0,EUR,ITA,2025-2026,datafc_sofascore,2026-08-09T08:11:34.913892
Italy,Serie A,23,76457,Atalanta,2686,Giacomo Raspadori,865651,26,172.0,Italy,F,Both,1909008000.0,23000000.0,EUR,ITA,2025-2026,datafc_sofascore,2026-08-09T08:11:34.913892
Italy,Serie A,23,76457,Atalanta,2686,Gianluca Scamacca,807301,27,195.0,Italy,F,Right,1845936000.0,27000000.0,EUR,ITA,2025-2026,datafc_sofascore,2026-08-09T08:11:34.913892
Italy,Serie A,23,76457,Atalanta,2686,Daniel Maldini,970928,24,187.0,Italy,F,Right,1877472000.0,9600000.0,EUR,ITA,2025-2026,datafc_sofascore,2026-08-09T08:11:34.913892
Italy,Serie A,23,76457,Atalanta,2686,Nikola Krstović,839156,26,185.0,Montenegro,F,Right,1909008000.0,29000000.0,EUR,ITA,2025-2026,datafc_sofascore,2026-08-09T08:11:34.913892
Italy,Serie A,23,76457,Atalanta,2686,Vanja Vlahović,1089098,22,184.0,Serbia,F,Right,1845936000.0,4099999.0,EUR,ITA,2025-2026,datafc_sofascore,2026-08-09T08:11:34.913892
Italy,Serie A,23,76457,Atalanta,2686,Nicola Zalewski,984184,24,175.0,Poland,M,Right,1877472000.0,18400000.0,EUR,ITA,2025-2026,datafc_sofascore,2026-08-09T08:11:34.913892
Italy,Serie A,23,76457,Atalanta,2686,Éderson,946888,27,183.0,Brazil,M,Right,1940544000.0,43000000.0,EUR,ITA,2025-2026,datafc_sofascore,2026-08-09T08:11:34.913892
Italy,Serie A,23,76457,Atalanta,2686,Mario Pašalić,190437,31,189.0,Croatia,M,Right,1845936000.0,6200000.0,EUR,ITA,2025-2026,datafc_sofascore,2026-08-09T08:11:34.913892
Italy,Serie A,23,76457,Atalanta,2686,Lazar Samardžić,980624,24,183.0,Serbia,M,Left,1877472000.0,15500000.0,EUR,ITA,2025-2026,datafc_sofascore,2026-08-09T08:11:34.913892
Italy,Serie A,23,76457,Atalanta,2686,Raoul Bellanova,826185,26,188.0,Italy,M,Right,1877472000.0,14600000.0,EUR,ITA,2025-2026,datafc_sofascore,2026-08-09T08:11:34.913892
Italy,Serie A,23,76457,Atalanta,2686,Marten de Roon,100389,35,185.0,Netherlands,M,Right,1814313600.0,3100000.0,EUR,ITA,2025-2026,datafc_sofascore,2026-08-09T08:11:34.913892
Italy,Serie A,23,76457,Atalanta,2686,Davide Zappacosta,132318,34,182.0,Italy,M,Right,1845936000.0,3800000.0,EUR,ITA,2025-2026,datafc_sofascore,2026-08-09T08:11:34.913892
Italy,Serie A,23,76457,Atalanta,2686,Sulemana,105905,23,180.0,Ghana,M,Right,1845936000.0,5800000.0,EUR,ITA,2025-2026,datafc_sofascore,2026-08-09T08:11:34.913892
Italy,Serie A,23,76457,Atalanta,2686,Gianluca Gaetano,902019,26,183.0,Italy,M,Right,1940544000.0,6300000.0,EUR,ITA,2025-2026,datafc_sofascore,2026-08-09T08:11:34.913892
Italy,Serie A,23,76457,Atalanta,2686,Lorenzo Bernasconi,1012177,22,190.0,Italy,M,Left,1845936000.0,21000000.0,EUR,ITA,2025-2026,datafc_sofascore,2026-08-09T08:11:34.913892
Italy,Serie A,23,76457,Atalanta,2686,Federico Cassa,1547497,20,180.0,Italy,M,Right,,680000.0,EUR,ITA,2025-2026,datafc_sofascore,2026-08-09T08:11:34.913892
Italy,Serie A,23,76457,Atalanta,2686,Javison Idele,1914325,19,186.0,Italy,M,Right,1877472000.0,775000.0,EUR,ITA,2025-2026,datafc_sofascore,2026-08-09T08:11:34.913892
Italy,Serie A,23,76457,Atalanta,2686,Odilon Kossounou,973437,25,191.0,Côte d'Ivoire,D,Right,1877472000.0,15500000.0,EUR,ITA,2025-2026,datafc_sofascore,2026-08-09T08:11:34.913892
Italy,Serie A,23,76457,Atalanta,2686,Sead Kolašinac,142148,33,183.0,Bosnia & Herzegovina,D,Left,1814313600.0,4200000.0,EUR,ITA,2025-2026,datafc_sofascore,2026-08-09T08:11:34.913892
Italy,Serie A,23,76457,Atalanta,2686,Giorgio Scalvini,1012176,22,194.0,Italy,D,Right,1845936000.0,37000000.0,EUR,ITA,2025-2026,datafc_sofascore,2026-08-09T08:11:34.913892
Italy,Serie A,23,76457,Atalanta,2686,Isak Hien,1157713,27,191.0,Sweden,D,Right,1845936000.0,21000000.0,EUR,ITA,2025-2026,datafc_sofascore,2026-08-09T08:11:34.913892
Italy,Serie A,23,76457,Atalanta,2686,Honest Ahanor,1634980,18,184.0,Italy,D,Left,1845936000.0,31000000.0,EUR,ITA,2025-2026,datafc_sofascore,2026-08-09T08:11:34.913892
Italy,Serie A,23,76457,Atalanta,2686,Berat Djimsiti,151003,33,190.0,Albania,D,Right,1814313600.0,4300000.0,EUR,ITA,2025-2026,datafc_sofascore,2026-08-09T08:11:34.913892
Italy,Serie A,23,76457,Atalanta,2686,Mitchel Bakker,856638,26,185.0,Netherlands,D,Left,1814313600.0,2700000.0,EUR,ITA,2025-2026,datafc_sofascore,2026-08-09T08:11:34.913892
Italy,Serie A,23,76457,Atalanta,2686,Giovanni Bonfanti,1183625,23,187.0,Italy,D,Left,1845936000.0,3900000.0,EUR,ITA,2025-2026,datafc_sofascore,2026-08-09T08:11:34.913892
Italy,Serie A,23,76457,Atalanta,2686,Relja Obrić,1432414,20,194.0,Slovenia,D,Left,1845936000.0,970000.0,EUR,ITA,2025-2026,datafc_sofascore,2026-08-09T08:11:34.913892
Italy,Serie A,23,76457,Atalanta,2686,Matteo Plaia,1471052,20,194.0,Italy,D,Right,1845936000.0,470000.0,EUR,ITA,2025-2026,datafc_sofascore,2026-08-09T08:11:34.913892
Italy,Serie A,23,76457,Atalanta,2686,Marco Carnesecchi,865646,26,192.0,Italy,G,Right,1845936000.0,31000000.0,EUR,ITA,2025-2026,datafc_sofascore,2026-08-09T08:11:34.913892
Italy,Serie A,23,76457,Atalanta,2686,Marco Sportiello,176301,34,192.0,Italy,G,Right,1845936000.0,730000.0,EUR,ITA,2025-2026,datafc_sofascore,2026-08-09T08:11:34.913892
Italy,Serie A,23,76457,Atalanta,2686,Francesco Rossi,80074,35,193.0,Italy,G,Right,1814313600.0,105000.0,EUR,ITA,2025-2026,datafc_sofascore,2026-08-09T08:11:34.913892
Italy,Serie A,23,76457,Atalanta,2686,Paolo Vismara,1068684,23,195.0,Italy,G,Right,1845936000.0,850000.0,EUR,ITA,2025-2026,datafc_sofascore,2026-08-09T08:11:34.913892
Italy,Serie A,23,76457,Bologna,2685,Artem Dovbyk,798820,29,189.0,Ukraine,F,Left,1814313600.0,13900000.0,EUR,ITA,2025-2026,datafc_sofascore,2026-08-09T08:11:34.913892
Italy,Serie A,23,76457,Bologna,2685,Federico Bernardeschi,294597,32,185.0,Italy,F,Left,1814313600.0,3600000.0,EUR,ITA,2025-2026,datafc_sofascore,2026-08-09T08:11:34.913892
Italy,Serie A,23,76457,Bologna,2685,Jonathan Rowe,1065261,23,173.0,England,F,Right,1877472000.0,29000000.0,EUR,ITA,2025-2026,datafc_sofascore,2026-08-09T08:11:34.913892
Italy,Serie A,23,76457,Bologna,2685,Thijs Dallinga,905381,26,190.0,Netherlands,F,Right,1845936000.0,9800000.0,EUR,ITA,2025-2026,datafc_sofascore,2026-08-09T08:11:34.913892
Italy,Serie A,23,76457,Bologna,2685,Jesper Karlsson,834597,28,179.0,Sweden,F,Right,1845936000.0,2800000.0,EUR,ITA,2025-2026,datafc_sofascore,2026-08-09T08:11:34.913892
Italy,Serie A,23,76457,Bologna,2685,Nicolò Cambiaghi,971005,25,173.0,Italy,F,Right,1877472000.0,12600000.0,EUR,ITA,2025-2026,datafc_sofascore,2026-08-09T08:11:34.913892
Italy,Serie A,23,76457,Bologna,2685,Luca Lo Monaco,2212743,18,187.0,Italy,F,Left,,,,ITA,2025-2026,datafc_sofascore,2026-08-09T08:11:34.913892
Italy,Serie A,23,76457,Bologna,2685,Oussama El Azzouzi,1127191,25,189.0,Morocco,M,Right,1814313600.0,1900000.0,EUR,ITA,2025-2026,datafc_sofascore,2026-08-09T08:11:34.913892
Italy,Serie A,23,76457,Bologna,2685,Riccardo Orsolini,793645,29,183.0,Italy,M,Left,1814313600.0,15800000.0,EUR,ITA,2025-2026,datafc_sofascore,2026-08-09T08:11:34.913892
Italy,Serie A,23,76457,Bologna,2685,Lewis Ferguson,907152,26,181.0,Scotland,M,Right,1845936000.0,13000000.0,EUR,ITA,2025-2026,datafc_sofascore,2026-08-09T08:11:34.913892
Italy,Serie A,23,76457,Bologna,2685,Benjamín Domínguez,1162611,22,172.0,Argentina,M,Right,1877472000.0,9400000.0,EUR,ITA,2025-2026,datafc_sofascore,2026-08-09T08:11:34.913892
Italy,Serie A,23,76457,Bologna,2685,Nikola Moro,814882,28,182.0,Croatia,M,Right,1814313600.0,7200000.0,EUR,ITA,2025-2026,datafc_sofascore,2026-08-09T08:11:34.913892
Italy,Serie A,23,76457,Bologna,2685,Jens Odgaard,826064,27,188.0,Denmark,M,Left,1877472000.0,11400000.0,EUR,ITA,2025-2026,datafc_sofascore,2026-08-09T08:11:34.913892
Italy,Serie A,23,76457,Bologna,2685,Tommaso Pobega,928796,27,188.0,Italy,M,Both,1845936000.0,8199999.0,EUR,ITA,2025-2026,datafc_sofascore,2026-08-09T08:11:34.913892
Italy,Serie A,23,76457,Bologna,2685,Mikel Amondarain,1510920,21,184.0,Argentina,M,Right,1940544000.0,3200000.0,EUR,ITA,2025-2026,datafc_sofascore,2026-08-09T08:11:34.913892
Italy,Serie A,23,76457,Bologna,2685,Marco Libra,1986578,18,182.0,Venezuela,M,Right,,,,ITA,2025-2026,datafc_sofascore,2026-08-09T08:11:34.913892
Italy,Serie A,23,76457,Bologna,2685,Elia Barbaro,1494551,19,183.0,Italy,M,Right,1814313600.0,49000.0,EUR,ITA,2025-2026,datafc_sofascore,2026-08-09T08:11:34.913892
Italy,Serie A,23,76457,Bologna,2685,Jhon Lucumí,818481,28,185.0,Colombia,D,Left,1814313600.0,23000000.0,EUR,ITA,2025-2026,datafc_sofascore,2026-08-09T08:11:34.913892
Italy,Serie A,23,76457,Bologna,2685,Abdel Rahim,1120504,24,184.0,Niger,D,Left,1909008000.0,1400000.0,EUR,ITA,2025-2026,datafc_sofascore,2026-08-09T08:11:34.913892
Italy,Serie A,23,76457,Bologna,2685,Juan Miranda,855829,26,185.0,Spain,D,Left,1845936000.0,15700000.0,EUR,ITA,2025-2026,datafc_sofascore,2026-08-09T08:11:34.913892
Italy,Serie A,23,76457,Bologna,2685,Emil Holm,965264,26,191.0,Sweden,D,Right,1845936000.0,9000000.0,EUR,ITA,2025-2026,datafc_sofascore,2026-08-09T08:11:34.913892
Italy,Serie A,23,76457,Bologna,2685,Torbjørn Heggem,933264,27,192.0,Norway,D,Left,1877472000.0,14000000.0,EUR,ITA,2025-2026,datafc_sofascore,2026-08-09T08:11:34.913892
Italy,Serie A,23,76457,Bologna,2685,Martin Vitík,1085913,23,192.0,Czechia,D,Right,1877472000.0,13400000.0,EUR,ITA,2025-2026,datafc_sofascore,2026-08-09T08:11:34.913892
Italy,Serie A,23,76457,Bologna,2685,Nadir Zortea,928104,27,187.0,Italy,D,Right,1877472000.0,6600000.0,EUR,ITA,2025-2026,datafc_sofascore,2026-08-09T08:11:34.913892
Italy,Serie A,23,76457,Bologna,2685,Eivind Helland,1486808,21,196.0,Norway,D,Right,1909008000.0,7400000.0,EUR,ITA,2025-2026,datafc_sofascore,2026-08-09T08:11:34.913892
Italy,Serie A,23,76457,Bologna,2685,Mihajlo Ilić,1193085,23,192.0,Serbia,D,Right,1845936000.0,2100000.0,EUR,ITA,2025-2026,datafc_sofascore,2026-08-09T08:11:34.913892
Italy,Serie A,23,76457,Bologna,2685,Nicolò Casale,862697,28,191.0,Italy,D,Right,1845936000.0,4099999.0,EUR,ITA,2025-2026,datafc_sofascore,2026-08-09T08:11:34.913892
Italy,Serie A,23,76457,Bologna,2685,Lorenzo De Silvestri,14718,38,185.0,Italy,D,Right,1814313600.0,540000.0,EUR,ITA,2025-2026,datafc_sofascore,2026-08-09T08:11:34.913892
Italy,Serie A,23,76457,Bologna,2685,Dimitar Papazov,1476684,20,180.0,Bulgaria,D,Left,1845936000.0,245000.0,EUR,ITA,2025-2026,datafc_sofascore,2026-08-09T08:11:34.913892
Italy,Serie A,23,76457,Bologna,2685,Minel Kujraković,2534819,18,,Slovenia,D,Left,1845936000.0,,,ITA,2025-2026,datafc_sofascore,2026-08-09T08:11:34.913892
Italy,Serie A,23,76457,Bologna,2685,Christian Briguglio,2279962,18,,Italy,D,,,,,ITA,2025-2026,datafc_sofascore,2026-08-09T08:11:34.913892
Italy,Serie A,23,76457,Bologna,2685,Łukasz Skorupski,44906,35,187.0,Poland,G,Right,1814313600.0,1900000.0,EUR,ITA,2025-2026,datafc_sofascore,2026-08-09T08:11:34.913892
Italy,Serie A,23,76457,Bologna,2685,Massimo Pessina,1530540,18,186.0,Italy,G,Right,1877472000.0,3800000.0,EUR,ITA,2025-2026,datafc_sofascore,2026-08-09T08:11:34.913892
Italy,Serie A,23,76457,Bologna,2685,Ukko Happonen,1526395,19,193.0,Finland,G,Right,,46000.0,EUR,ITA,2025-2026,datafc_sofascore,2026-08-09T08:11:34.913892
Italy,Serie A,23,76457,Bologna,2685,Davide Franzini,1137364,21,188.0,Italy,G,Right,,46000.0,EUR,ITA,2025-2026,datafc_sofascore,2026-08-09T08:11:34.913892
Italy,Serie A,23,76457,Lazio,2699,Boulaye Dia,960080,29,180.0,Senegal,F,Both,1845936000.0,4900000.0,EUR,ITA,2025-2026,datafc_sofascore,2026-08-09T08:11:34.913892
Italy,Serie A,23,76457,Lazio,2699,Mattia Zaccagni,293581,31,176.0,Italy,F,Right,1877472000.0,6800000.0,EUR,ITA,2025-2026,datafc_sofascore,2026-08-09T08:11:34.913892
Italy,Serie A,23,76457,Lazio,2699,Gustav Isaksen,976381,25,181.0,Denmark,F,Left,1845936000.0,16399999.0,EUR,ITA,2025-2026,datafc_sofascore,2026-08-09T08:11:34.913892
Italy,Serie A,23,76457,Lazio,2699,Petar Ratkov,1101942,22,193.0,Serbia,F,Right,1909008000.0,8400000.0,EUR,ITA,2025-2026,datafc_sofascore,2026-08-09T08:11:34.913892
Italy,Serie A,23,76457,Lazio,2699,Matteo Cancellieri,1017649,24,185.0,Italy,F,Left,1814313600.0,7200000.0,EUR,ITA,2025-2026,datafc_sofascore,2026-08-09T08:11:34.913892
Italy,Serie A,23,76457,Lazio,2699,Tijjani Noslin,1069244,27,177.0,Netherlands,F,Right,1877472000.0,7200000.0,EUR,ITA,2025-2026,datafc_sofascore,2026-08-09T08:11:34.913892
Italy,Serie A,23,76457,Lazio,2699,Saná Fernandes,1513787,20,165.0,Portugal,F,Right,1845936000.0,470000.0,EUR,ITA,2025-2026,datafc_sofascore,2026-08-09T08:11:34.913892
Italy,Serie A,23,76457,Lazio,2699,Gabriele Artistico,1009516,24,190.0,Italy,F,Right,1845936000.0,1800000.0,EUR,ITA,2025-2026,datafc_sofascore,2026-08-09T08:11:34.913892
Italy,Serie A,23,76457,Lazio,2699,Federico Serra,1525567,20,184.0,Italy,F,Right,,410000.0,EUR,ITA,2025-2026,datafc_sofascore,2026-08-09T08:11:34.913892
Italy,Serie A,23,76457,Lazio,2699,Reda Belahyane,1389689,22,173.0,Morocco,M,Right,1877472000.0,6600000.0,EUR,ITA,2025-2026,datafc_sofascore,2026-08-09T08:11:34.913892
Italy,Serie A,23,76457,Lazio,2699,Kenneth Taylor,959806,24,182.0,Netherlands,M,Left,1909008000.0,26000000.0,EUR,ITA,2025-2026,datafc_sofascore,2026-08-09T08:11:34.913892
Italy,Serie A,23,76457,Lazio,2699,Fisayo Dele-Bashiru,910121,25,186.0,Nigeria,M,Right,1845936000.0,6500000.0,EUR,ITA,2025-2026,datafc_sofascore,2026-08-09T08:11:34.913892
Italy,Serie A,23,76457,Lazio,2699,Nicolò Rovella,937324,24,179.0,Italy,M,Both,1845936000.0,25000000.0,EUR,ITA,2025-2026,datafc_sofascore,2026-08-09T08:11:34.913892
Italy,Serie A,23,76457,Lazio,2699,Romano Floriani Mussolini,1100354,23,188.0,Italy,M,Right,1845936000.0,2600000.0,EUR,ITA,2025-2026,datafc_sofascore,2026-08-09T08:11:34.913892
Italy,Serie A,23,76457,Lazio,2699,Adrian Przyborek,1466806,19,184.0,Poland,M,Right,1909008000.0,6200000.0,EUR,ITA,2025-2026,datafc_sofascore,2026-08-09T08:11:34.913892
Italy,Serie A,23,76457,Lazio,2699,Danilo Cataldi,317301,32,180.0,Italy,M,Right,1814313600.0,3700000.0,EUR,ITA,2025-2026,datafc_sofascore,2026-08-09T08:11:34.913892
Italy,Serie A,23,76457,Lazio,2699,Bruno Galassi,2216006,19,184.0,Argentina,M,Right,1877472000.0,92000.0,EUR,ITA,2025-2026,datafc_sofascore,2026-08-09T08:11:34.913892
Italy,Serie A,23,76457,Lazio,2699,Valerio Farcomeni,1547464,20,176.0,Italy,M,Right,1909008000.0,92000.0,EUR,ITA,2025-2026,datafc_sofascore,2026-08-09T08:11:34.913892
Italy,Serie A,23,76457,Lazio,2699,Leonardo Di Tommaso,1525556,21,192.0,Italy,M,Left,1814313600.0,215000.0,EUR,ITA,2025-2026,datafc_sofascore,2026-08-09T08:11:34.913892
Italy,Serie A,23,76457,Lazio,2699,Nuno Tavares,944973,26,185.0,Portugal,D,Left,1877472000.0,12600000.0,EUR,ITA,2025-2026,datafc_sofascore,2026-08-09T08:11:34.913892
Italy,Serie A,23,76457,Lazio,2699,Alessio Romagnoli,227864,31,185.0,Italy,D,Left,1814313600.0,6200000.0,EUR,ITA,2025-2026,datafc_sofascore,2026-08-09T08:11:34.913892
Italy,Serie A,23,76457,Lazio,2699,Luca Pellegrini,826186,27,178.0,Italy,D,Left,1814313600.0,4400000.0,EUR,ITA,2025-2026,datafc_sofascore,2026-08-09T08:11:34.913892
Italy,Serie A,23,76457,Lazio,2699,Mohamed Fares,556960,30,183.0,Algeria,D,Left,1814313600.0,515000.0,EUR,ITA,2025-2026,datafc_sofascore,2026-08-09T08:11:34.913892
Italy,Serie A,23,76457,Lazio,2699,Adam Marušić,267619,33,185.0,Montenegro,D,Right,1845936000.0,2700000.0,EUR,ITA,2025-2026,datafc_sofascore,2026-08-09T08:11:34.913892
Italy,Serie A,23,76457,Lazio,2699,Samuel Gigot,339231,32,187.0,France,D,Right,1814313600.0,1100000.0,EUR,ITA,2025-2026,datafc_sofascore,2026-08-09T08:11:34.913892
Italy,Serie A,23,76457,Lazio,2699,Danilho Doekhi,830803,28,187.0,Netherlands,D,Right,1877472000.0,13900000.0,EUR,ITA,2025-2026,datafc_sofascore,2026-08-09T08:11:34.913892
Italy,Serie A,23,76457,Lazio,2699,Oliver Provstgaard,1160559,23,194.0,Denmark,D,Left,1877472000.0,16500000.0,EUR,ITA,2025-2026,datafc_sofascore,2026-08-09T08:11:34.913892
Italy,Serie A,23,76457,Lazio,2699,Manuel Lazzari,273405,32,173.0,Italy,D,Right,1814313600.0,2200000.0,EUR,ITA,2025-2026,datafc_sofascore,2026-08-09T08:11:34.913892
Italy,Serie A,23,76457,Lazio,2699,Alfonso Pedraza,797290,30,184.0,Spain,D,Left,1877472000.0,2400000.0,EUR,ITA,2025-2026,datafc_sofascore,2026-08-09T08:11:34.913892
Italy,Serie A,23,76457,Lazio,2699,Patric,217784,33,184.0,Spain,D,Right,1814313600.0,1400000.0,EUR,ITA,2025-2026,datafc_sofascore,2026-08-09T08:11:34.913892
Italy,Serie A,23,76457,Lazio,2699,Filipe Bordon,1470920,21,193.0,Brazil,D,Right,1845936000.0,730000.0,EUR,ITA,2025-2026,datafc_sofascore,2026-08-09T08:11:34.913892
Italy,Serie A,23,76457,Lazio,2699,Ricardo Bordon,2030204,19,194.0,Brazil,D,Right,,205000.0,EUR,ITA,2025-2026,datafc_sofascore,2026-08-09T08:11:34.913892
Italy,Serie A,23,76457,Lazio,2699,Christos Mandas,913762,24,189.0,Greece,G,Right,1877472000.0,8199999.0,EUR,ITA,2025-2026,datafc_sofascore,2026-08-09T08:11:34.913892
Italy,Serie A,23,76457,Lazio,2699,Edoardo Motta,1518983,21,194.0,Italy,G,Right,1909008000.0,8300000.0,EUR,ITA,2025-2026,datafc_sofascore,2026-08-09T08:11:34.913892
Italy,Serie A,23,76457,Lazio,2699,Alessio Furlanetto,984095,24,191.0,Italy,G,Right,1845936000.0,365000.0,EUR,ITA,2025-2026,datafc_sofascore,2026-08-09T08:11:34.913892
Italy,Serie A,23,76457,Lazio,2699,Davide Renzetti,1472205,20,194.0,Italy,G,Right,1814313600.0,140000.0,EUR,ITA,2025-2026,datafc_sofascore,2026-08-09T08:11:34.913892
Italy,Serie A,23,76457,Udinese,2695,Nicolò Zaniolo,864898,27,189.0,Italy,F,Left,1877472000.0,14200000.0,EUR,ITA,2025-2026,datafc_sofascore,2026-08-09T08:11:34.913892
Italy,Serie A,23,76457,Udinese,2695,Adam Buksa,1138856,30,191.0,Poland,F,Left,1877472000.0,3400000.0,EUR,ITA,2025-2026,datafc_sofascore,2026-08-09T08:11:34.913892
Italy,Serie A,23,76457,Udinese,2695,Vakoun Issouf Bayo,796455,29,184.0,Côte d'Ivoire,F,Right,1845936000.0,2600000.0,EUR,ITA,2025-2026,datafc_sofascore,2026-08-09T08:11:34.913892
Italy,Serie A,23,76457,Udinese,2695,Idrissa Gueye,1536811,19,188.0,Senegal,F,Right,1909008000.0,8800000.0,EUR,ITA,2025-2026,datafc_sofascore,2026-08-09T08:11:34.913892
Italy,Serie A,23,76457,Udinese,2695,Keinan Davis,830858,28,189.0,England,F,Left,1940544000.0,10300000.0,EUR,ITA,2025-2026,datafc_sofascore,2026-08-09T08:11:34.913892
Italy,Serie A,23,76457,Udinese,2695,Giulio Vinciati,1910431,18,180.0,Italy,F,Right,1877472000.0,90000.0,EUR,ITA,2025-2026,datafc_sofascore,2026-08-09T08:11:34.913892
Italy,Serie A,23,76457,Udinese,2695,Giorgi Chakvetadze,858191,26,180.0,Georgia,M,Right,1909008000.0,3300000.0,EUR,ITA,2025-2026,datafc_sofascore,2026-08-09T08:11:34.913892
Italy,Serie A,23,76457,Udinese,2695,Jakub Piotrowski,825271,28,188.0,Poland,M,Right,1877472000.0,4400000.0,EUR,ITA,2025-2026,datafc_sofascore,2026-08-09T08:11:34.913892
Italy,Serie A,23,76457,Udinese,2695,Lennon Miller,1154894,19,182.0,Scotland,M,Right,1909008000.0,9300000.0,EUR,ITA,2025-2026,datafc_sofascore,2026-08-09T08:11:34.913892
Italy,Serie A,23,76457,Udinese,2695,Juan Arizala,1476922,20,183.0,Colombia,M,Left,1909008000.0,3800000.0,EUR,ITA,2025-2026,datafc_sofascore,2026-08-09T08:11:34.913892
Italy,Serie A,23,76457,Udinese,2695,Jürgen Ekkelenkamp,904887,26,188.0,Netherlands,M,Right,1877472000.0,10300000.0,EUR,ITA,2025-2026,datafc_sofascore,2026-08-09T08:11:34.913892
Italy,Serie A,23,76457,Udinese,2695,Hassane Kamara,351434,32,168.0,Côte d'Ivoire,M,Left,1845936000.0,3200000.0,EUR,ITA,2025-2026,datafc_sofascore,2026-08-09T08:11:34.913892
Italy,Serie A,23,76457,Udinese,2695,Alessandro Zanoli,922928,25,186.0,Italy,M,Right,1877472000.0,4900000.0,EUR,ITA,2025-2026,datafc_sofascore,2026-08-09T08:11:34.913892
Italy,Serie A,23,76457,Udinese,2695,Unai Gómez,1391375,23,183.0,Spain,M,Left,1940544000.0,5200000.0,EUR,ITA,2025-2026,datafc_sofascore,2026-08-09T08:11:34.913892
Italy,Serie A,23,76457,Udinese,2695,Jesper Karlström,227894,31,179.0,Sweden,M,Right,1845936000.0,4099999.0,EUR,ITA,2025-2026,datafc_sofascore,2026-08-09T08:11:34.913892
Italy,Serie A,23,76457,Udinese,2695,Sandi Lovrić,575852,28,180.0,Slovenia,M,Right,1814313600.0,3400000.0,EUR,ITA,2025-2026,datafc_sofascore,2026-08-09T08:11:34.913892
Italy,Serie A,23,76457,Udinese,2695,Rui Modesto,1068286,26,181.0,Angola,M,Right,1877472000.0,1700000.0,EUR,ITA,2025-2026,datafc_sofascore,2026-08-09T08:11:34.913892
Italy,Serie A,23,76457,Udinese,2695,David Pejičić,1397675,19,182.0,Slovenia,M,Right,1845936000.0,1400000.0,EUR,ITA,2025-2026,datafc_sofascore,2026-08-09T08:11:34.913892
Italy,Serie A,23,76457,Udinese,2695,Abdoulaye Camara,1961644,17,186.0,France,M,Right,1877472000.0,1500000.0,EUR,ITA,2025-2026,datafc_sofascore,2026-08-09T08:11:34.913892
Italy,Serie A,23,76457,Udinese,2695,Oier Zarraga,1009661,27,175.0,Spain,M,Right,1814313600.0,1400000.0,EUR,ITA,2025-2026,datafc_sofascore,2026-08-09T08:11:34.913892
Italy,Serie A,23,76457,Udinese,2695,Oumar Solet,892979,26,192.0,France,D,Right,1814313600.0,22000000.0,EUR,ITA,2025-2026,datafc_sofascore,2026-08-09T08:11:34.913892
Italy,Serie A,23,76457,Udinese,2695,Branimir Mlačić,1831525,19,192.0,Croatia,D,Right,1940544000.0,5400000.0,EUR,ITA,2025-2026,datafc_sofascore,2026-08-09T08:11:34.913892
Italy,Serie A,23,76457,Udinese,2695,Saba Goglichidze,1126175,22,192.0,Georgia,D,Right,1909008000.0,3400000.0,EUR,ITA,2025-2026,datafc_sofascore,2026-08-09T08:11:34.913892
Italy,Serie A,23,76457,Udinese,2695,Mërgim Vojvoda,798147,31,187.0,Kosovo,D,Right,1845936000.0,2700000.0,EUR,ITA,2025-2026,datafc_sofascore,2026-08-09T08:11:34.913892
Italy,Serie A,23,76457,Udinese,2695,Thomas Kristensen,1063373,24,197.0,Denmark,D,Right,1845936000.0,11600000.0,EUR,ITA,2025-2026,datafc_sofascore,2026-08-09T08:11:34.913892
Italy,Serie A,23,76457,Udinese,2695,Matteo Palma,1495719,18,194.0,Germany,D,Right,1940544000.0,6800000.0,EUR,ITA,2025-2026,datafc_sofascore,2026-08-09T08:11:34.913892
Italy,Serie A,23,76457,Udinese,2695,Enzo Ebosse,848279,27,185.0,Cameroon,D,Left,1814313600.0,2700000.0,EUR,ITA,2025-2026,datafc_sofascore,2026-08-09T08:11:34.913892
Italy,Serie A,23,76457,Udinese,2695,Christian Kabasele,58351,35,186.0,Belgium,D,Right,1814313600.0,805000.0,EUR,ITA,2025-2026,datafc_sofascore,2026-08-09T08:11:34.913892
Italy,Serie A,23,76457,Udinese,2695,Nicolò Bertola,1136399,23,185.0,Italy,D,Right,1909008000.0,7500000.0,EUR,ITA,2025-2026,datafc_sofascore,2026-08-09T08:11:34.913892
Italy,Serie A,23,76457,Udinese,2695,James Abankwah,1127232,22,188.0,Ireland,D,Right,1877472000.0,3200000.0,EUR,ITA,2025-2026,datafc_sofascore,2026-08-09T08:11:34.913892
Italy,Serie A,23,76457,Udinese,2695,Leonardo Buta,1120038,24,182.0,Portugal,D,Left,1814313600.0,1100000.0,EUR,ITA,2025-2026,datafc_sofascore,2026-08-09T08:11:34.913892
Italy,Serie A,23,76457,Udinese,2695,Maduka Okoye,891656,26,197.0,Nigeria,G,Right,1845936000.0,10800000.0,EUR,ITA,2025-2026,datafc_sofascore,2026-08-09T08:11:34.913892
Italy,Serie A,23,76457,Udinese,2695,Daniele Padelli,2899,40,191.0,Italy,G,Right,1814313600.0,165000.0,EUR,ITA,2025-2026,datafc_sofascore,2026-08-09T08:11:34.913892
Italy,Serie A,23,76457,Udinese,2695,Edoardo Piana,1001017,22,197.0,Italy,G,Right,,245000.0,EUR,ITA,2025-2026,datafc_sofascore,2026-08-09T08:11:34.913892
Italy,Serie A,23,76457,Udinese,2695,Rene Pirih,2283450,16,,Slovenia,G,,,,,ITA,2025-2026,datafc_sofascore,2026-08-09T08:11:34.913892
Italy,Serie A,23,76457,Sassuolo,2793,Domenico Berardi,253367,32,185.0,Italy,F,Left,1877472000.0,7600000.0,EUR,ITA,2025-2026,datafc_sofascore,2026-08-09T08:11:34.913892
Italy,Serie A,23,76457,Sassuolo,2793,Armand Laurienté,932643,27,177.0,France,F,Right,1877472000.0,19900000.0,EUR,ITA,2025-2026,datafc_sofascore,2026-08-09T08:11:34.913892
Italy,Serie A,23,76457,Sassuolo,2793,Andrea Pinamonti,826198,27,185.0,Italy,F,Right,1814313600.0,15500000.0,EUR,ITA,2025-2026,datafc_sofascore,2026-08-09T08:11:34.913892
Italy,Serie A,23,76457,Sassuolo,2793,Agustín Álvarez,1065937,25,180.0,Uruguay,F,Right,1814313600.0,1800000.0,EUR,ITA,2025-2026,datafc_sofascore,2026-08-09T08:11:34.913892
Italy,Serie A,23,76457,Sassuolo,2793,Kieron Bowie,983601,23,190.0,Scotland,F,Left,1814313600.0,7500000.0,EUR,ITA,2025-2026,datafc_sofascore,2026-08-09T08:11:34.913892
Italy,Serie A,23,76457,Sassuolo,2793,Janis Antiste,963398,23,180.0,Martinique,F,Left,,1000000.0,EUR,ITA,2025-2026,datafc_sofascore,2026-08-09T08:11:34.913892
Italy,Serie A,23,76457,Sassuolo,2793,Luca Moro,949780,25,189.0,Italy,F,Right,1814313600.0,1900000.0,EUR,ITA,2025-2026,datafc_sofascore,2026-08-09T08:11:34.913892
Italy,Serie A,23,76457,Sassuolo,2793,Luca D'Andrea,1122910,21,173.0,Italy,F,Left,1814313600.0,520000.0,EUR,ITA,2025-2026,datafc_sofascore,2026-08-09T08:11:34.913892
Italy,Serie A,23,76457,Sassuolo,2793,Gabriel Kulla,1957716,18,,Albania,F,Right,1909008000.0,,,ITA,2025-2026,datafc_sofascore,2026-08-09T08:11:34.913892
Italy,Serie A,23,76457,Sassuolo,2793,Flavio Russo,1137553,21,188.0,Italy,F,Right,,770000.0,EUR,ITA,2025-2026,datafc_sofascore,2026-08-09T08:11:34.913892
Italy,Serie A,23,76457,Sassuolo,2793,Patrick Amiamo Nuamah,1394029,20,179.0,Italy,F,Right,1909008000.0,1600000.0,EUR,ITA,2025-2026,datafc_sofascore,2026-08-09T08:11:34.913892
Italy,Serie A,23,76457,Sassuolo,2793,Nicholas Pierini,829581,28,176.0,Italy,F,Right,1814313600.0,1700000.0,EUR,ITA,2025-2026,datafc_sofascore,2026-08-09T08:11:34.913892
Italy,Serie A,23,76457,Sassuolo,2793,Laurs Skjellerup,1034241,23,192.0,Denmark,F,Right,1877472000.0,1200000.0,EUR,ITA,2025-2026,datafc_sofascore,2026-08-09T08:11:34.913892
Italy,Serie A,23,76457,Sassuolo,2793,Ismael Koné,1134351,24,188.0,Canada,M,Right,1909008000.0,26000000.0,EUR,ITA,2025-2026,datafc_sofascore,2026-08-09T08:11:34.913892
Italy,Serie A,23,76457,Sassuolo,2793,Vasilije Adžić,1149288,20,187.0,Montenegro,M,Right,1814313600.0,8800000.0,EUR,ITA,2025-2026,datafc_sofascore,2026-08-09T08:11:34.913892
Italy,Serie A,23,76457,Sassuolo,2793,Nemanja Matić,44241,38,194.0,Serbia,M,Left,1814313600.0,1500000.0,EUR,ITA,2025-2026,datafc_sofascore,2026-08-09T08:11:34.913892
Italy,Serie A,23,76457,Sassuolo,2793,Cristian Volpato,1155625,22,187.0,Australia,M,Left,1845936000.0,9700000.0,EUR,ITA,2025-2026,datafc_sofascore,2026-08-09T08:11:34.913892
Italy,Serie A,23,76457,Sassuolo,2793,Kristian Thorstvedt,924973,27,187.0,Norway,M,Left,1814313600.0,12400000.0,EUR,ITA,2025-2026,datafc_sofascore,2026-08-09T08:11:34.913892
Italy,Serie A,23,76457,Sassuolo,2793,Darryl Bakola,1823916,18,178.0,France,M,Right,1909008000.0,8400000.0,EUR,ITA,2025-2026,datafc_sofascore,2026-08-09T08:11:34.913892
Italy,Serie A,23,76457,Sassuolo,2793,Luca Lipani,1154898,21,185.0,Italy,M,Right,1845936000.0,7700000.0,EUR,ITA,2025-2026,datafc_sofascore,2026-08-09T08:11:34.913892
Italy,Serie A,23,76457,Sassuolo,2793,Daniel Boloca,882592,27,185.0,Italy,M,Right,1845936000.0,3700000.0,EUR,ITA,2025-2026,datafc_sofascore,2026-08-09T08:11:34.913892
Italy,Serie A,23,76457,Sassuolo,2793,Filippo Missori,1121184,22,182.0,Italy,M,Right,1845936000.0,1900000.0,EUR,ITA,2025-2026,datafc_sofascore,2026-08-09T08:11:34.913892
Italy,Serie A,23,76457,Sassuolo,2793,Edoardo Iannoni,1013239,25,185.0,Italy,M,Right,1845936000.0,720000.0,EUR,ITA,2025-2026,datafc_sofascore,2026-08-09T08:11:34.913892
Italy,Serie A,23,76457,Sassuolo,2793,Justin Kumi,1137256,22,184.0,Italy,M,Right,,1300000.0,EUR,ITA,2025-2026,datafc_sofascore,2026-08-09T08:11:34.913892
Italy,Serie A,23,76457,Sassuolo,2793,Riccardo Ciervo,1019953,24,190.0,Italy,M,Right,1845936000.0,1900000.0,EUR,ITA,2025-2026,datafc_sofascore,2026-08-09T08:11:34.913892
Italy,Serie A,23,76457,Sassuolo,2793,Fabrizio Caligara,839223,26,180.0,Italy,M,Left,1814313600.0,475000.0,EUR,ITA,2025-2026,datafc_sofascore,2026-08-09T08:11:34.913892
Italy,Serie A,23,76457,Sassuolo,2793,Andrea Ghion,928879,26,180.0,Italy,M,Right,1877472000.0,830000.0,EUR,ITA,2025-2026,datafc_sofascore,2026-08-09T08:11:34.913892
Italy,Serie A,23,76457,Sassuolo,2793,Jay Idzes,933641,26,190.0,Indonesia,D,Right,1877472000.0,14600000.0,EUR,ITA,2025-2026,datafc_sofascore,2026-08-09T08:11:34.913892
Italy,Serie A,23,76457,Sassuolo,2793,Sebastian Walukiewicz,886243,26,188.0,Poland,D,Right,,4700000.0,EUR,ITA,2025-2026,datafc_sofascore,2026-08-09T08:11:34.913892
Italy,Serie A,23,76457,Sassuolo,2793,Josh Doig,989276,24,189.0,Scotland,D,Left,1845936000.0,4400000.0,EUR,ITA,2025-2026,datafc_sofascore,2026-08-09T08:11:34.913892
Italy,Serie A,23,76457,Sassuolo,2793,Fali Candé,892430,28,184.0,Guinea-Bissau,D,Left,1877472000.0,2800000.0,EUR,ITA,2025-2026,datafc_sofascore,2026-08-09T08:11:34.913892
Italy,Serie A,23,76457,Sassuolo,2793,Edoardo Pieragnolo,1069028,23,184.0,Italy,D,Left,1877472000.0,1900000.0,EUR,ITA,2025-2026,datafc_sofascore,2026-08-09T08:11:34.913892
Italy,Serie A,23,76457,Sassuolo,2793,Yeferson Paz,1000252,24,176.0,Colombia,D,Right,1814313600.0,425000.0,EUR,ITA,2025-2026,datafc_sofascore,2026-08-09T08:11:34.913892
Italy,Serie A,23,76457,Sassuolo,2793,Simone Cinquegrano,1461516,22,192.0,Italy,D,Right,1814313600.0,470000.0,EUR,ITA,2025-2026,datafc_sofascore,2026-08-09T08:11:34.913892
Italy,Serie A,23,76457,Sassuolo,2793,Cas Odenthal,991677,25,190.0,Netherlands,D,Right,1814313600.0,1200000.0,EUR,ITA,2025-2026,datafc_sofascore,2026-08-09T08:11:34.913892
Italy,Serie A,23,76457,Sassuolo,2793,Tommaso Macchioni,1910444,20,192.0,Italy,D,Right,1877472000.0,140000.0,EUR,ITA,2025-2026,datafc_sofascore,2026-08-09T08:11:34.913892
Italy,Serie A,23,76457,Sassuolo,2793,Kevin Miranda,1137268,23,188.0,Italy,D,Right,,210000.0,EUR,ITA,2025-2026,datafc_sofascore,2026-08-09T08:11:34.913892
Italy,Serie A,23,76457,Sassuolo,2793,Giorgio Vezzosi,1493485,19,187.0,Italy,D,Right,,235000.0,EUR,ITA,2025-2026,datafc_sofascore,2026-08-09T08:11:34.913892
Italy,Serie A,23,76457,Sassuolo,2793,Alessandro Di Bitonto,1614147,20,190.0,Italy,D,Right,,310000.0,EUR,ITA,2025-2026,datafc_sofascore,2026-08-09T08:11:34.913892
Italy,Serie A,23,76457,Sassuolo,2793,Arijanet Murić,888971,27,198.0,Kosovo,G,Right,,6900000.0,EUR,ITA,2025-2026,datafc_sofascore,2026-08-09T08:11:34.913892
Italy,Serie A,23,76457,Sassuolo,2793,Stefano Turati,893752,24,188.0,Italy,G,Right,1845936000.0,3100000.0,EUR,ITA,2025-2026,datafc_sofascore,2026-08-09T08:11:34.913892
Italy,Serie A,23,76457,Sassuolo,2793,Gioele Zacchi,1012165,23,183.0,Italy,G,Right,,650000.0,EUR,ITA,2025-2026,datafc_sofascore,2026-08-09T08:11:34.913892
Italy,Serie A,23,76457,Sassuolo,2793,Alessandro Russo,918862,25,190.0,Italy,G,Right,1814313600.0,315000.0,EUR,ITA,2025-2026,datafc_sofascore,2026-08-09T08:11:34.913892
Italy,Serie A,23,76457,Sassuolo,2793,Lorenzo Nyarko,1868065,18,189.0,Italy,G,,,105000.0,EUR,ITA,2025-2026,datafc_sofascore,2026-08-09T08:11:34.913892
Italy,Serie A,23,76457,Torino,2696,Giovanni Simeone,341143,31,179.0,Argentina,F,Right,1845936000.0,7200000.0,EUR,ITA,2025-2026,datafc_sofascore,2026-08-09T08:11:34.913892
Italy,Serie A,23,76457,Torino,2696,Zakaria Aboukhlal,856737,26,179.0,Morocco,F,Both,1877472000.0,6500000.0,EUR,ITA,2025-2026,datafc_sofascore,2026-08-09T08:11:34.913892
Italy,Serie A,23,76457,Torino,2696,Duván Zapata,38162,35,189.0,Colombia,F,Right,1845936000.0,2600000.0,EUR,ITA,2025-2026,datafc_sofascore,2026-08-09T08:11:34.913892
Italy,Serie A,23,76457,Torino,2696,Che Adams,773409,30,175.0,Scotland,F,Right,1814313600.0,4800000.0,EUR,ITA,2025-2026,datafc_sofascore,2026-08-09T08:11:34.913892
Italy,Serie A,23,76457,Torino,2696,Sandro Kulenović,826026,26,191.0,Croatia,F,Right,1877472000.0,3400000.0,EUR,ITA,2025-2026,datafc_sofascore,2026-08-09T08:11:34.913892
Italy,Serie A,23,76457,Torino,2696,Pietro Pellegri,839226,25,188.0,Italy,F,Right,1814313600.0,520000.0,EUR,ITA,2025-2026,datafc_sofascore,2026-08-09T08:11:34.913892
Italy,Serie A,23,76457,Torino,2696,Alieu Njie,1493157,21,185.0,Sweden,F,Right,1877472000.0,2900000.0,EUR,ITA,2025-2026,datafc_sofascore,2026-08-09T08:11:34.913892
Italy,Serie A,23,76457,Torino,2696,Tommaso Gabellini,1526925,19,180.0,Italy,F,Left,1845936000.0,825000.0,EUR,ITA,2025-2026,datafc_sofascore,2026-08-09T08:11:34.913892
Italy,Serie A,23,76457,Torino,2696,Cristian Padula,1163857,21,187.0,Italy,F,Right,1814313600.0,180000.0,EUR,ITA,2025-2026,datafc_sofascore,2026-08-09T08:11:34.913892
Italy,Serie A,23,76457,Torino,2696,Cesare Casadei,1016788,23,192.0,Italy,M,Right,1877472000.0,15600000.0,EUR,ITA,2025-2026,datafc_sofascore,2026-08-09T08:11:34.913892
Italy,Serie A,23,76457,Torino,2696,Nikola Vlašić,357596,28,178.0,Croatia,M,Right,1814313600.0,10300000.0,EUR,ITA,2025-2026,datafc_sofascore,2026-08-09T08:11:34.913892
Italy,Serie A,23,76457,Torino,2696,Ivan Ilić,877371,25,185.0,Serbia,M,Left,1814313600.0,6800000.0,EUR,ITA,2025-2026,datafc_sofascore,2026-08-09T08:11:34.913892
Italy,Serie A,23,76457,Torino,2696,Gvidas Gineitis,1030829,22,191.0,Lithuania,M,Left,1877472000.0,5000000.0,EUR,ITA,2025-2026,datafc_sofascore,2026-08-09T08:11:34.913892
Italy,Serie A,23,76457,Torino,2696,Kian Fitz-Jim,1001945,23,173.0,Netherlands,M,Right,1877472000.0,2800000.0,EUR,ITA,2025-2026,datafc_sofascore,2026-08-09T08:11:34.913892
Italy,Serie A,23,76457,Torino,2696,Marcus Pedersen,934409,26,178.0,Norway,M,Right,1814313600.0,3300000.0,EUR,ITA,2025-2026,datafc_sofascore,2026-08-09T08:11:34.913892
Italy,Serie A,23,76457,Torino,2696,Tino Anjorin,907667,24,186.0,England,M,Right,1845936000.0,4099999.0,EUR,ITA,2025-2026,datafc_sofascore,2026-08-09T08:11:34.913892
Italy,Serie A,23,76457,Torino,2696,Emirhan İlkhan,1142612,22,175.0,Türkiye,M,Right,1814313600.0,6300000.0,EUR,ITA,2025-2026,datafc_sofascore,2026-08-09T08:11:34.913892
Italy,Serie A,23,76457,Torino,2696,Gaetano Oristanio,965009,23,174.0,Italy,M,Left,1814313600.0,4500000.0,EUR,ITA,2025-2026,datafc_sofascore,2026-08-09T08:11:34.913892
Italy,Serie A,23,76457,Torino,2696,Alessio Cacciamani,1868036,19,170.0,Italy,M,Right,1877472000.0,4800000.0,EUR,ITA,2025-2026,datafc_sofascore,2026-08-09T08:11:34.913892
Italy,Serie A,23,76457,Torino,2696,Aaron Ciammaglichella,1114354,21,180.0,Italy,M,Right,1814313600.0,525000.0,EUR,ITA,2025-2026,datafc_sofascore,2026-08-09T08:11:34.913892
Italy,Serie A,23,76457,Torino,2696,Andrea Luongo,1985762,18,178.0,Italy,M,Right,1877472000.0,,,ITA,2025-2026,datafc_sofascore,2026-08-09T08:11:34.913892
Italy,Serie A,23,76457,Torino,2696,Marco Dalla Vecchia,1397354,21,175.0,Italy,M,Right,1814313600.0,470000.0,EUR,ITA,2025-2026,datafc_sofascore,2026-08-09T08:11:34.913892
Italy,Serie A,23,76457,Torino,2696,Côme Bianay Balcot,1462316,21,188.0,France,M,Right,1814313600.0,205000.0,EUR,ITA,2025-2026,datafc_sofascore,2026-08-09T08:11:34.913892
Italy,Serie A,23,76457,Torino,2696,Wisdom Acquah,2114920,19,171.0,Italy,M,Left,1877472000.0,390000.0,EUR,ITA,2025-2026,datafc_sofascore,2026-08-09T08:11:34.913892
Italy,Serie A,23,76457,Torino,2696,Tommaso Di Marco,1407431,23,175.0,Italy,M,Right,1814313600.0,285000.0,EUR,ITA,2025-2026,datafc_sofascore,2026-08-09T08:11:34.913892
Italy,Serie A,23,76457,Torino,2696,Andrea Ballanti,2415541,18,178.0,Italy,M,Left,1845936000.0,,,ITA,2025-2026,datafc_sofascore,2026-08-09T08:11:34.913892
Italy,Serie A,23,76457,Torino,2696,Pietro Comuzzo,1210848,21,185.0,Italy,D,Right,1814313600.0,18500000.0,EUR,ITA,2025-2026,datafc_sofascore,2026-08-09T08:11:34.913892
Italy,Serie A,23,76457,Torino,2696,Cristiano Biraghi,122848,33,184.0,Italy,D,Left,1814313600.0,860000.0,EUR,ITA,2025-2026,datafc_sofascore,2026-08-09T08:11:34.913892
Italy,Serie A,23,76457,Torino,2696,Saúl Coco,1089453,27,188.0,Equatorial Guinea,D,Right,1877472000.0,7700000.0,EUR,ITA,2025-2026,datafc_sofascore,2026-08-09T08:11:34.913892
Italy,Serie A,23,76457,Torino,2696,Ardian Ismajli,840414,29,188.0,Albania,D,Right,1814313600.0,4700000.0,EUR,ITA,2025-2026,datafc_sofascore,2026-08-09T08:11:34.913892
Italy,Serie A,23,76457,Torino,2696,Eray Cömert,814023,28,183.0,Switzerland,D,Right,1845936000.0,2700000.0,EUR,ITA,2025-2026,datafc_sofascore,2026-08-09T08:11:34.913892
Italy,Serie A,23,76457,Torino,2696,Ali Dembélé,1397347,22,185.0,France,D,Right,1845936000.0,1300000.0,EUR,ITA,2025-2026,datafc_sofascore,2026-08-09T08:11:34.913892
Italy,Serie A,23,76457,Torino,2696,Mattia Pellini,1910533,19,192.0,Italy,D,Right,1877472000.0,280000.0,EUR,ITA,2025-2026,datafc_sofascore,2026-08-09T08:11:34.913892
Italy,Serie A,23,76457,Torino,2696,Manuel Carrascosa,2220262,17,193.0,Spain,D,Left,1814313600.0,,,ITA,2025-2026,datafc_sofascore,2026-08-09T08:11:34.913892
Italy,Serie A,23,76457,Torino,2696,Franco Israel,1084846,26,189.0,Uruguay,G,Right,1845936000.0,2400000.0,EUR,ITA,2025-2026,datafc_sofascore,2026-08-09T08:11:34.913892
Italy,Serie A,23,76457,Torino,2696,Alberto Paleari,259281,33,192.0,Italy,G,Right,1814313600.0,1300000.0,EUR,ITA,2025-2026,datafc_sofascore,2026-08-09T08:11:34.913892
Italy,Serie A,23,76457,Torino,2696,Diego Mascardi,1471046,19,198.0,Italy,G,Right,1940544000.0,1400000.0,EUR,ITA,2025-2026,datafc_sofascore,2026-08-09T08:11:34.913892
Italy,Serie A,23,76457,Torino,2696,Lapo Siviero,1519010,19,195.0,Italy,G,Right,1877472000.0,460000.0,EUR,ITA,2025-2026,datafc_sofascore,2026-08-09T08:11:34.913892
Italy,Serie A,23,76457,Torino,2696,Francesco Cereser,2262482,18,188.0,Italy,G,,1845936000.0,,,ITA,2025-2026,datafc_sofascore,2026-08-09T08:11:34.913892
Italy,Serie A,23,76457,Torino,2696,Yannick Boerleider,2460093,16,198.0,Suriname,G,Both,1877472000.0,,,ITA,2025-2026,datafc_sofascore,2026-08-09T08:11:34.913892
Italy,Serie A,23,76457,Parma,2690,Mateo Pellegrino,1099296,24,192.0,Argentina,F,Left,1909008000.0,14600000.0,EUR,ITA,2025-2026,datafc_sofascore,2026-08-09T08:11:34.913892
Italy,Serie A,23,76457,Parma,2690,Matija Frigan,1092081,23,184.0,Croatia,F,Left,1909008000.0,7600000.0,EUR,ITA,2025-2026,datafc_sofascore,2026-08-09T08:11:34.913892
Italy,Serie A,23,76457,Parma,2690,Jacob Ondrejka,1004790,23,180.0,Sweden,F,Right,1877472000.0,5800000.0,EUR,ITA,2025-2026,datafc_sofascore,2026-08-09T08:11:34.913892
Italy,Serie A,23,76457,Parma,2690,Nesta Elphege,1486729,25,196.0,France,F,Left,1909008000.0,3700000.0,EUR,ITA,2025-2026,datafc_sofascore,2026-08-09T08:11:34.913892
Italy,Serie A,23,76457,Parma,2690,Ousmane Diallo,1542807,19,181.0,Spain,F,Right,1940544000.0,1600000.0,EUR,ITA,2025-2026,datafc_sofascore,2026-08-09T08:11:34.913892
Italy,Serie A,23,76457,Parma,2690,Pontus Almqvist,856065,27,183.0,Sweden,F,Left,1814313600.0,1700000.0,EUR,ITA,2025-2026,datafc_sofascore,2026-08-09T08:11:34.913892
Italy,Serie A,23,76457,Parma,2690,Antoine Joujou,1463265,23,189.0,Guadeloupe,F,Right,1845936000.0,2100000.0,EUR,ITA,2025-2026,datafc_sofascore,2026-08-09T08:11:34.913892
Italy,Serie A,23,76457,Parma,2690,El Bilal Touré,982615,24,185.0,Mali,M,Both,1814313600.0,11700000.0,EUR,ITA,2025-2026,datafc_sofascore,2026-08-09T08:11:34.913892
Italy,Serie A,23,76457,Parma,2690,Benjamin Cremaschi,1459459,21,180.0,USA,M,Right,1940544000.0,4300000.0,EUR,ITA,2025-2026,datafc_sofascore,2026-08-09T08:11:34.913892
Italy,Serie A,23,76457,Parma,2690,Adrián Bernabé,934384,25,170.0,Spain,M,Left,1814313600.0,14100000.0,EUR,ITA,2025-2026,datafc_sofascore,2026-08-09T08:11:34.913892
Italy,Serie A,23,76457,Parma,2690,Hans Nicolussi Caviglia,876259,26,184.0,Italy,M,Right,1909008000.0,6200000.0,EUR,ITA,2025-2026,datafc_sofascore,2026-08-09T08:11:34.913892
Italy,Serie A,23,76457,Parma,2690,Mandela Keita,1110136,24,180.0,Belgium,M,Right,1877472000.0,18100000.0,EUR,ITA,2025-2026,datafc_sofascore,2026-08-09T08:11:34.913892
Italy,Serie A,23,76457,Parma,2690,Franco Carboni,1086199,23,190.0,Argentina,M,Left,1909008000.0,945000.0,EUR,ITA,2025-2026,datafc_sofascore,2026-08-09T08:11:34.913892
Italy,Serie A,23,76457,Parma,2690,Christian Ordoñez,1201388,22,177.0,Argentina,M,Right,1909008000.0,7100000.0,EUR,ITA,2025-2026,datafc_sofascore,2026-08-09T08:11:34.913892
Italy,Serie A,23,76457,Parma,2690,Emanuele Valeri,891346,27,180.0,Italy,M,Left,1845936000.0,2900000.0,EUR,ITA,2025-2026,datafc_sofascore,2026-08-09T08:11:34.913892
Italy,Serie A,23,76457,Parma,2690,Oliver Sørensen,957921,24,184.0,Denmark,M,Left,1909008000.0,6700000.0,EUR,ITA,2025-2026,datafc_sofascore,2026-08-09T08:11:34.913892
Italy,Serie A,23,76457,Parma,2690,Rachid Kouda,1011815,24,188.0,Italy,M,Right,1845936000.0,2300000.0,EUR,ITA,2025-2026,datafc_sofascore,2026-08-09T08:11:34.913892
Italy,Serie A,23,76457,Parma,2690,Abdou-Salam Konate,1542692,19,189.0,Senegal,M,Right,1877472000.0,195000.0,EUR,ITA,2025-2026,datafc_sofascore,2026-08-09T08:11:34.913892
Italy,Serie A,23,76457,Parma,2690,Dren Terrnava,1121531,21,183.0,Finland,M,Right,,26000.0,EUR,ITA,2025-2026,datafc_sofascore,2026-08-09T08:11:34.913892
Italy,Serie A,23,76457,Parma,2690,Alessandro Circati,1155423,22,190.0,Australia,D,Right,1877472000.0,19500000.0,EUR,ITA,2025-2026,datafc_sofascore,2026-08-09T08:11:34.913892
Italy,Serie A,23,76457,Parma,2690,Mariano Troilo,1516324,23,194.0,Argentina,D,Both,1909008000.0,9100000.0,EUR,ITA,2025-2026,datafc_sofascore,2026-08-09T08:11:34.913892
Italy,Serie A,23,76457,Parma,2690,Abdoulaye Ndiaye,984527,24,195.0,Senegal,D,Left,1877472000.0,5800000.0,EUR,ITA,2025-2026,datafc_sofascore,2026-08-09T08:11:34.913892
Italy,Serie A,23,76457,Parma,2690,Botond Balogh,983510,24,189.0,Hungary,D,Right,1814313600.0,2300000.0,EUR,ITA,2025-2026,datafc_sofascore,2026-08-09T08:11:34.913892
Italy,Serie A,23,76457,Parma,2690,Enrico Delprato,928103,26,183.0,Italy,D,Right,1814313600.0,6600000.0,EUR,ITA,2025-2026,datafc_sofascore,2026-08-09T08:11:34.913892
Italy,Serie A,23,76457,Parma,2690,Lautaro Valenti,958517,27,188.0,Argentina,D,Left,1814313600.0,2200000.0,EUR,ITA,2025-2026,datafc_sofascore,2026-08-09T08:11:34.913892
Italy,Serie A,23,76457,Parma,2690,Sascha Britschgi,1963449,19,182.0,Switzerland,D,Right,1909008000.0,9300000.0,EUR,ITA,2025-2026,datafc_sofascore,2026-08-09T08:11:34.913892
Italy,Serie A,23,76457,Parma,2690,Peter Amoran,1158079,22,189.0,Sweden,D,Right,1814313600.0,310000.0,EUR,ITA,2025-2026,datafc_sofascore,2026-08-09T08:11:34.913892
Italy,Serie A,23,76457,Parma,2690,Dominik Drobnic ,1584940,19,194.0,Slovenia,D,Left,,880000.0,EUR,ITA,2025-2026,datafc_sofascore,2026-08-09T08:11:34.913892
Italy,Serie A,23,76457,Parma,2690,Zion Suzuki,905351,23,189.0,Japan,G,Right,1877472000.0,31000000.0,EUR,ITA,2025-2026,datafc_sofascore,2026-08-09T08:11:34.913892
Italy,Serie A,23,76457,Parma,2690,Giovanni Daffara,1100418,21,194.0,Italy,G,Right,1940544000.0,3600000.0,EUR,ITA,2025-2026,datafc_sofascore,2026-08-09T08:11:34.913892
Italy,Serie A,23,76457,Parma,2690,Edoardo Corvi,990411,25,183.0,Italy,G,Right,1877472000.0,1500000.0,EUR,ITA,2025-2026,datafc_sofascore,2026-08-09T08:11:34.913892
Italy,Serie A,23,76457,Parma,2690,Gianluca Astaldi,2640014,19,191.0,Italy,G,,,,,ITA,2025-2026,datafc_sofascore,2026-08-09T08:11:34.913892
Italy,Serie A,23,76457,Parma,2690,Alessandro Mazzocchi,2640015,18,194.0,Italy,G,Right,,,,ITA,2025-2026,datafc_sofascore,2026-08-09T08:11:34.913892
Italy,Serie A,23,76457,Cagliari,2719,Sebastiano Esposito,965008,24,186.0,Italy,F,Right,1909008000.0,13700000.0,EUR,ITA,2025-2026,datafc_sofascore,2026-08-09T08:11:34.913892
Italy,Serie A,23,76457,Cagliari,2719,Paul Mendy,2049928,19,180.0,Senegal,F,Left,1940544000.0,6700000.0,EUR,ITA,2025-2026,datafc_sofascore,2026-08-09T08:11:34.913892
Italy,Serie A,23,76457,Cagliari,2719,Jacopo Fazzini,1012179,23,178.0,Italy,F,Right,1814313600.0,8199999.0,EUR,ITA,2025-2026,datafc_sofascore,2026-08-09T08:11:34.913892
Italy,Serie A,23,76457,Cagliari,2719,Kingstone Mutandwa,1471569,23,180.0,Zambia,F,Right,1845936000.0,3700000.0,EUR,ITA,2025-2026,datafc_sofascore,2026-08-09T08:11:34.913892
Italy,Serie A,23,76457,Cagliari,2719,Gennaro Borrelli,979479,26,194.0,Italy,F,Right,1877472000.0,2900000.0,EUR,ITA,2025-2026,datafc_sofascore,2026-08-09T08:11:34.913892
Italy,Serie A,23,76457,Cagliari,2719,Mattia Felici,975811,25,180.0,Italy,F,Right,1814313600.0,2600000.0,EUR,ITA,2025-2026,datafc_sofascore,2026-08-09T08:11:34.913892
Italy,Serie A,23,76457,Cagliari,2719,Yael Trepy,1615784,20,191.0,France,F,Left,1909008000.0,1900000.0,EUR,ITA,2025-2026,datafc_sofascore,2026-08-09T08:11:34.913892
Italy,Serie A,23,76457,Cagliari,2719,Harry Winks,545780,30,178.0,England,M,Right,1845936000.0,2300000.0,EUR,ITA,2025-2026,datafc_sofascore,2026-08-09T08:11:34.913892
Italy,Serie A,23,76457,Cagliari,2719,Matteo Prati,1111640,22,182.0,Italy,M,Right,1845936000.0,5000000.0,EUR,ITA,2025-2026,datafc_sofascore,2026-08-09T08:11:34.913892
Italy,Serie A,23,76457,Cagliari,2719,Michel Adopo,928777,26,187.0,France,M,Right,1877472000.0,6800000.0,EUR,ITA,2025-2026,datafc_sofascore,2026-08-09T08:11:34.913892
Italy,Serie A,23,76457,Cagliari,2719,Joseph Liteta,1910527,20,175.0,Zambia,M,Right,1909008000.0,3800000.0,EUR,ITA,2025-2026,datafc_sofascore,2026-08-09T08:11:34.913892
Italy,Serie A,23,76457,Cagliari,2719,Alessandro Romano,1417034,20,180.0,Switzerland,M,Left,1814313600.0,1900000.0,EUR,ITA,2025-2026,datafc_sofascore,2026-08-09T08:11:34.913892
Italy,Serie A,23,76457,Cagliari,2719,Alessandro Deiola,328109,31,189.0,Italy,M,Right,1877472000.0,1400000.0,EUR,ITA,2025-2026,datafc_sofascore,2026-08-09T08:11:34.913892
Italy,Serie A,23,76457,Cagliari,2719,Agustín Albarracín,1464187,20,174.0,Uruguay,M,Left,1909008000.0,2400000.0,EUR,ITA,2025-2026,datafc_sofascore,2026-08-09T08:11:34.913892
Italy,Serie A,23,76457,Cagliari,2719,Nicolò Cavuoti,1013041,23,178.0,Italy,M,Left,1909008000.0,360000.0,EUR,ITA,2025-2026,datafc_sofascore,2026-08-09T08:11:34.913892
Italy,Serie A,23,76457,Cagliari,2719,Ivan Sulev,1151647,20,180.0,Bulgaria,M,Right,1877472000.0,205000.0,EUR,ITA,2025-2026,datafc_sofascore,2026-08-09T08:11:34.913892
Italy,Serie A,23,76457,Cagliari,2719,Demi Akarakiri,1899742,17,190.0,England,M,Right,1909008000.0,,,ITA,2025-2026,datafc_sofascore,2026-08-09T08:11:34.913892
Italy,Serie A,23,76457,Cagliari,2719,Sebastiano Di Paolo,1613661,19,180.0,Italy,M,Left,1877472000.0,410000.0,EUR,ITA,2025-2026,datafc_sofascore,2026-08-09T08:11:34.913892
Italy,Serie A,23,76457,Cagliari,2719,Yerry Mina,360396,31,195.0,Colombia,D,Right,1845936000.0,2300000.0,EUR,ITA,2025-2026,datafc_sofascore,2026-08-09T08:11:34.913892
Italy,Serie A,23,76457,Cagliari,2719,Juan Rodríguez,1485391,21,190.0,Uruguay,D,Left,1909008000.0,9400000.0,EUR,ITA,2025-2026,datafc_sofascore,2026-08-09T08:11:34.913892
Italy,Serie A,23,76457,Cagliari,2719,Adam Obert,964153,23,186.0,Slovakia,D,Left,1909008000.0,6400000.0,EUR,ITA,2025-2026,datafc_sofascore,2026-08-09T08:11:34.913892
Italy,Serie A,23,76457,Cagliari,2719,Zé Pedro,945448,29,187.0,Portugal,D,Right,1845936000.0,3200000.0,EUR,ITA,2025-2026,datafc_sofascore,2026-08-09T08:11:34.913892
Italy,Serie A,23,76457,Cagliari,2719,Gabriele Zappa,927304,26,183.0,Italy,D,Right,1909008000.0,2900000.0,EUR,ITA,2025-2026,datafc_sofascore,2026-08-09T08:11:34.913892
Italy,Serie A,23,76457,Cagliari,2719,Riyad Idrissi,1123175,21,182.0,Italy,D,Left,1909008000.0,4099999.0,EUR,ITA,2025-2026,datafc_sofascore,2026-08-09T08:11:34.913892
Italy,Serie A,23,76457,Cagliari,2719,Othniël Raterink,1469998,20,189.0,Netherlands,D,Right,1909008000.0,1000000.0,EUR,ITA,2025-2026,datafc_sofascore,2026-08-09T08:11:34.913892
Italy,Serie A,23,76457,Cagliari,2719,Raphael Kofler,1392774,21,193.0,Italy,D,Right,1814313600.0,5300000.0,EUR,ITA,2025-2026,datafc_sofascore,2026-08-09T08:11:34.913892
Italy,Serie A,23,76457,Cagliari,2719,Nicola Grandu,1798927,20,181.0,Italy,D,Right,1814313600.0,280000.0,EUR,ITA,2025-2026,datafc_sofascore,2026-08-09T08:11:34.913892
Italy,Serie A,23,76457,Cagliari,2719,Elia Caprile,947954,24,191.0,Italy,G,Right,1877472000.0,14100000.0,EUR,ITA,2025-2026,datafc_sofascore,2026-08-09T08:11:34.913892
Italy,Serie A,23,76457,Cagliari,2719,Alen Sherri,363380,28,196.0,Albania,G,Left,1845936000.0,775000.0,EUR,ITA,2025-2026,datafc_sofascore,2026-08-09T08:11:34.913892
Italy,Serie A,23,76457,Cagliari,2719,Giuseppe Ciocci,992605,24,190.0,Italy,G,Right,1814313600.0,105000.0,EUR,ITA,2025-2026,datafc_sofascore,2026-08-09T08:11:34.913892
Italy,Serie A,23,76457,Cagliari,2719,Boris Radunović,795926,30,193.0,Serbia,G,Right,1877472000.0,485000.0,EUR,ITA,2025-2026,datafc_sofascore,2026-08-09T08:11:34.913892
Italy,Serie A,23,76457,Fiorentina,2693,Franco Mastantuono,1403559,18,177.0,Argentina,F,Left,1940544000.0,44000000.0,EUR,ITA,2025-2026,datafc_sofascore,2026-08-09T08:11:34.913892
Italy,Serie A,23,76457,Fiorentina,2693,Moise Kean,835601,26,183.0,Italy,F,Right,1877472000.0,33000000.0,EUR,ITA,2025-2026,datafc_sofascore,2026-08-09T08:11:34.913892
Italy,Serie A,23,76457,Fiorentina,2693,Albert Guðmundsson,804909,29,178.0,Iceland,F,Right,1877472000.0,10900000.0,EUR,ITA,2025-2026,datafc_sofascore,2026-08-09T08:11:34.913892
Italy,Serie A,23,76457,Fiorentina,2693,M'bala Nzola,788061,29,185.0,Angola,F,Left,1814313600.0,3900000.0,EUR,ITA,2025-2026,datafc_sofascore,2026-08-09T08:11:34.913892
Italy,Serie A,23,76457,Fiorentina,2693,Roberto Piccoli,958982,25,190.0,Italy,F,Right,1909008000.0,13300000.0,EUR,ITA,2025-2026,datafc_sofascore,2026-08-09T08:11:34.913892
Italy,Serie A,23,76457,Fiorentina,2693,Riccardo Sottil,893640,27,180.0,Italy,F,Right,1814313600.0,3100000.0,EUR,ITA,2025-2026,datafc_sofascore,2026-08-09T08:11:34.913892
Italy,Serie A,23,76457,Fiorentina,2693,Riccardo Braschi,1526932,19,190.0,Italy,F,Right,1814313600.0,2100000.0,EUR,ITA,2025-2026,datafc_sofascore,2026-08-09T08:11:34.913892
Italy,Serie A,23,76457,Fiorentina,2693,Federico Croci,2415458,16,,Italy,F,Right,,,,ITA,2025-2026,datafc_sofascore,2026-08-09T08:11:34.913892
Italy,Serie A,23,76457,Fiorentina,2693,Jacopo Tarantino,1656634,21,182.0,Italy,F,Left,1814313600.0,190000.0,EUR,ITA,2025-2026,datafc_sofascore,2026-08-09T08:11:34.913892
Italy,Serie A,23,76457,Fiorentina,2693,Christ Inao Oulaï,1888002,20,173.0,Côte d'Ivoire,M,Right,,26000000.0,EUR,ITA,2025-2026,datafc_sofascore,2026-08-09T08:11:34.913892
Italy,Serie A,23,76457,Fiorentina,2693,Nicolò Fagioli,901850,25,178.0,Italy,M,Right,1845936000.0,14700000.0,EUR,ITA,2025-2026,datafc_sofascore,2026-08-09T08:11:34.913892
Italy,Serie A,23,76457,Fiorentina,2693,Dodô,822518,27,166.0,Brazil,M,Right,1814313600.0,17400000.0,EUR,ITA,2025-2026,datafc_sofascore,2026-08-09T08:11:34.913892
Italy,Serie A,23,76457,Fiorentina,2693,Cher Ndour,1114422,22,190.0,Italy,M,Both,1877472000.0,18900000.0,EUR,ITA,2025-2026,datafc_sofascore,2026-08-09T08:11:34.913892
Italy,Serie A,23,76457,Fiorentina,2693,Arthur Atta,1444690,23,189.0,France,M,Right,1940544000.0,27000000.0,EUR,ITA,2025-2026,datafc_sofascore,2026-08-09T08:11:34.913892
Italy,Serie A,23,76457,Fiorentina,2693,Rolando Mandragora,548178,29,183.0,Italy,M,Left,1845936000.0,8600000.0,EUR,ITA,2025-2026,datafc_sofascore,2026-08-09T08:11:34.913892
Italy,Serie A,23,76457,Fiorentina,2693,Giovanni Fabbian,1067204,23,186.0,Italy,M,Right,1909008000.0,9300000.0,EUR,ITA,2025-2026,datafc_sofascore,2026-08-09T08:11:34.913892
Italy,Serie A,23,76457,Fiorentina,2693,Marco Brescianini,928800,26,188.0,Italy,M,Left,1909008000.0,8300000.0,EUR,ITA,2025-2026,datafc_sofascore,2026-08-09T08:11:34.913892
Italy,Serie A,23,76457,Fiorentina,2693,Antonín Barák,330705,31,190.0,Czechia,M,Left,1814313600.0,850000.0,EUR,ITA,2025-2026,datafc_sofascore,2026-08-09T08:11:34.913892
Italy,Serie A,23,76457,Fiorentina,2693,Brando Mazzeo,2025664,18,,Italy,M,Right,1845936000.0,230000.0,EUR,ITA,2025-2026,datafc_sofascore,2026-08-09T08:11:34.913892
Italy,Serie A,23,76457,Fiorentina,2693,Antonio Pirro,2640009,18,177.0,Italy,M,Right,,,,ITA,2025-2026,datafc_sofascore,2026-08-09T08:11:34.913892
Italy,Serie A,23,76457,Fiorentina,2693,Riccardo Spaggiari,1139952,21,181.0,Italy,M,Right,,140000.0,EUR,ITA,2025-2026,datafc_sofascore,2026-08-09T08:11:34.913892
Italy,Serie A,23,76457,Fiorentina,2693,Víctor Valdepeñas,1901143,19,188.0,Spain,D,Left,,4500000.0,EUR,ITA,2025-2026,datafc_sofascore,2026-08-09T08:11:34.913892
Italy,Serie A,23,76457,Fiorentina,2693,Radu Drăguşin,997103,24,191.0,Romania,D,Right,1814313600.0,14800000.0,EUR,ITA,2025-2026,datafc_sofascore,2026-08-09T08:11:34.913892
Italy,Serie A,23,76457,Fiorentina,2693,Álex Jiménez,1184308,21,177.0,Spain,D,Right,1814313600.0,19900000.0,EUR,ITA,2025-2026,datafc_sofascore,2026-08-09T08:11:34.913892
Italy,Serie A,23,76457,Fiorentina,2693,João Mário,902031,26,178.0,Portugal,D,Both,1814313600.0,8600000.0,EUR,ITA,2025-2026,datafc_sofascore,2026-08-09T08:11:34.913892
Italy,Serie A,23,76457,Fiorentina,2693,Marin Pongračić,847467,28,193.0,Croatia,D,Right,1877472000.0,5900000.0,EUR,ITA,2025-2026,datafc_sofascore,2026-08-09T08:11:34.913892
Italy,Serie A,23,76457,Fiorentina,2693,Eman Košpo,1542041,19,191.0,Bosnia & Herzegovina,D,Right,1909008000.0,1600000.0,EUR,ITA,2025-2026,datafc_sofascore,2026-08-09T08:11:34.913892
Italy,Serie A,23,76457,Fiorentina,2693,Viery,1907760,21,187.0,Brazil,D,Left,1940544000.0,6600000.0,EUR,ITA,2025-2026,datafc_sofascore,2026-08-09T08:11:34.913892
Italy,Serie A,23,76457,Fiorentina,2693,Luca Ranieri,893998,27,187.0,Italy,D,Left,1845936000.0,6200000.0,EUR,ITA,2025-2026,datafc_sofascore,2026-08-09T08:11:34.913892
Italy,Serie A,23,76457,Fiorentina,2693,Fabiano Parisi,972886,25,178.0,Italy,D,Left,1877472000.0,5500000.0,EUR,ITA,2025-2026,datafc_sofascore,2026-08-09T08:11:34.913892
Italy,Serie A,23,76457,Fiorentina,2693,Niccolò Fortini,1526934,20,185.0,Italy,D,Right,1814313600.0,10900000.0,EUR,ITA,2025-2026,datafc_sofascore,2026-08-09T08:11:34.913892
Italy,Serie A,23,76457,Fiorentina,2693,David De Gea,69378,35,192.0,Spain,G,Right,1845936000.0,3300000.0,EUR,ITA,2025-2026,datafc_sofascore,2026-08-09T08:11:34.913892
Italy,Serie A,23,76457,Fiorentina,2693,Oliver Christensen,860306,27,190.0,Denmark,G,Right,1845936000.0,1400000.0,EUR,ITA,2025-2026,datafc_sofascore,2026-08-09T08:11:34.913892
Italy,Serie A,23,76457,Fiorentina,2693,Luca Lezzerini,139272,31,195.0,Italy,G,Right,1845936000.0,365000.0,EUR,ITA,2025-2026,datafc_sofascore,2026-08-09T08:11:34.913892
Italy,Serie A,23,76457,Genoa,2713,Lorenzo Colombo,930191,24,183.0,Italy,F,Left,1877472000.0,10900000.0,EUR,ITA,2025-2026,datafc_sofascore,2026-08-09T08:11:34.913892
Italy,Serie A,23,76457,Genoa,2713,Vitinha,1093695,26,183.0,Portugal,F,Right,1845936000.0,8400000.0,EUR,ITA,2025-2026,datafc_sofascore,2026-08-09T08:11:34.913892
Italy,Serie A,23,76457,Genoa,2713,Junior Messias,888219,35,179.0,Brazil,F,Left,1814313600.0,1100000.0,EUR,ITA,2025-2026,datafc_sofascore,2026-08-09T08:11:34.913892
Italy,Serie A,23,76457,Genoa,2713,Lorenzo Venturino,1618563,20,178.0,Italy,F,Right,1877472000.0,4600000.0,EUR,ITA,2025-2026,datafc_sofascore,2026-08-09T08:11:34.913892
Italy,Serie A,23,76457,Genoa,2713,Elias Havel,1103911,23,184.0,Austria,F,Right,1909008000.0,2300000.0,EUR,ITA,2025-2026,datafc_sofascore,2026-08-09T08:11:34.913892
Italy,Serie A,23,76457,Genoa,2713,Joi Xheto Nuredini,1605324,19,188.0,Albania,F,Right,1877472000.0,1100000.0,EUR,ITA,2025-2026,datafc_sofascore,2026-08-09T08:11:34.913892
Italy,Serie A,23,76457,Genoa,2713,Daniel Fossati,1137418,23,183.0,Italy,F,Left,,52000.0,EUR,ITA,2025-2026,datafc_sofascore,2026-08-09T08:11:34.913892
Italy,Serie A,23,76457,Genoa,2713,Hamed Junior Traorè,892924,26,177.0,Côte d'Ivoire,M,Right,1814313600.0,14100000.0,EUR,ITA,2025-2026,datafc_sofascore,2026-08-09T08:11:34.913892
Italy,Serie A,23,76457,Genoa,2713,Djibril Sow,799054,29,184.0,Switzerland,M,Right,,7100000.0,EUR,ITA,2025-2026,datafc_sofascore,2026-08-09T08:11:34.913892
Italy,Serie A,23,76457,Genoa,2713,Tommaso Baldanzi,1012172,23,170.0,Italy,M,Left,1814313600.0,8000000.0,EUR,ITA,2025-2026,datafc_sofascore,2026-08-09T08:11:34.913892
Italy,Serie A,23,76457,Genoa,2713,Morten Frendrup,918440,25,178.0,Denmark,M,Right,1845936000.0,14400000.0,EUR,ITA,2025-2026,datafc_sofascore,2026-08-09T08:11:34.913892
Italy,Serie A,23,76457,Genoa,2713,Aarón Martín,797286,29,180.0,Spain,M,Left,1814313600.0,4900000.0,EUR,ITA,2025-2026,datafc_sofascore,2026-08-09T08:11:34.913892
Italy,Serie A,23,76457,Genoa,2713,Alexsandro Amorim,1511706,21,177.0,Brazil,M,Right,1909008000.0,8800000.0,EUR,ITA,2025-2026,datafc_sofascore,2026-08-09T08:11:34.913892
Italy,Serie A,23,76457,Genoa,2713,Mikael Ellertsson,933203,24,182.0,Iceland,M,Left,1877472000.0,5600000.0,EUR,ITA,2025-2026,datafc_sofascore,2026-08-09T08:11:34.913892
Italy,Serie A,23,76457,Genoa,2713,Franz-Ethan Meichtry,1819079,21,186.0,Switzerland,M,Right,1909008000.0,5500000.0,EUR,ITA,2025-2026,datafc_sofascore,2026-08-09T08:11:34.913892
Italy,Serie A,23,76457,Genoa,2713,Patrizio Masini,970998,25,182.0,Italy,M,Right,1845936000.0,4400000.0,EUR,ITA,2025-2026,datafc_sofascore,2026-08-09T08:11:34.913892
Italy,Serie A,23,76457,Genoa,2713,Stefano Sabelli,184421,33,179.0,Italy,M,Right,1845936000.0,1300000.0,EUR,ITA,2025-2026,datafc_sofascore,2026-08-09T08:11:34.913892
Italy,Serie A,23,76457,Genoa,2713,Chec Bebel Doumbia,2369254,18,193.0,Italy,M,Right,1909008000.0,425000.0,EUR,ITA,2025-2026,datafc_sofascore,2026-08-09T08:11:34.913892
Italy,Serie A,23,76457,Genoa,2713,Samuel Wiafe,1985772,18,181.0,Italy,M,Right,1909008000.0,2300000.0,EUR,ITA,2025-2026,datafc_sofascore,2026-08-09T08:11:34.913892
Italy,Serie A,23,76457,Genoa,2713,Johan Vásquez,889785,27,185.0,Mexico,D,Left,1845936000.0,13200000.0,EUR,ITA,2025-2026,datafc_sofascore,2026-08-09T08:11:34.913892
Italy,Serie A,23,76457,Genoa,2713,Leo Østigård,879746,26,182.0,Norway,D,Right,1909008000.0,14300000.0,EUR,ITA,2025-2026,datafc_sofascore,2026-08-09T08:11:34.913892
Italy,Serie A,23,76457,Genoa,2713,Mario Mitaj,1006089,23,180.0,Albania,D,Left,1814313600.0,5800000.0,EUR,ITA,2025-2026,datafc_sofascore,2026-08-09T08:11:34.913892
Italy,Serie A,23,76457,Genoa,2713,Alan Matturro,1177401,21,189.0,Uruguay,D,Left,1845936000.0,4099999.0,EUR,ITA,2025-2026,datafc_sofascore,2026-08-09T08:11:34.913892
Italy,Serie A,23,76457,Genoa,2713,Brooke Norton-Cuffy,1087514,22,181.0,England,D,Right,1877472000.0,15500000.0,EUR,ITA,2025-2026,datafc_sofascore,2026-08-09T08:11:34.913892
Italy,Serie A,23,76457,Genoa,2713,David Puczka,1399888,21,183.0,Austria,D,Left,1940544000.0,2700000.0,EUR,ITA,2025-2026,datafc_sofascore,2026-08-09T08:11:34.913892
Italy,Serie A,23,76457,Genoa,2713,Sebastian Otoa,1404639,22,198.0,Denmark,D,Right,1845936000.0,2700000.0,EUR,ITA,2025-2026,datafc_sofascore,2026-08-09T08:11:34.913892
Italy,Serie A,23,76457,Genoa,2713,Alessandro Marcandalli,1068885,23,190.0,Italy,D,Right,1877472000.0,14800000.0,EUR,ITA,2025-2026,datafc_sofascore,2026-08-09T08:11:34.913892
Italy,Serie A,23,76457,Genoa,2713,Matteo Barbini,1526914,19,198.0,Italy,D,Right,,360000.0,EUR,ITA,2025-2026,datafc_sofascore,2026-08-09T08:11:34.913892
Italy,Serie A,23,76457,Genoa,2713,Mamedi Doucoure,1526308,19,180.0,France,D,Right,,390000.0,EUR,ITA,2025-2026,datafc_sofascore,2026-08-09T08:11:34.913892
Italy,Serie A,23,76457,Genoa,2713,Marcelo Vaz,2249092,19,183.0,Guinea-Bissau,D,Left,1877472000.0,410000.0,EUR,ITA,2025-2026,datafc_sofascore,2026-08-09T08:11:34.913892
Italy,Serie A,23,76457,Genoa,2713,Justin Bijlow,556696,28,190.0,Netherlands,G,Right,1877472000.0,4099999.0,EUR,ITA,2025-2026,datafc_sofascore,2026-08-09T08:11:34.913892
Italy,Serie A,23,76457,Genoa,2713,Daniele Sommariva,595572,29,186.0,Italy,G,Right,,110000.0,EUR,ITA,2025-2026,datafc_sofascore,2026-08-09T08:11:34.913892
Italy,Serie A,23,76457,Genoa,2713,Ernestas Lysionok,1425153,19,190.0,Lithuania,G,Right,1845936000.0,635000.0,EUR,ITA,2025-2026,datafc_sofascore,2026-08-09T08:11:34.913892
Italy,Serie A,23,76457,Genoa,2713,Franz Stolz,985848,25,193.0,Austria,G,Right,1814313600.0,650000.0,EUR,ITA,2025-2026,datafc_sofascore,2026-08-09T08:11:34.913892
Italy,Serie A,23,76457,Lecce,2689,Nikola Štulić,1029748,24,188.0,Serbia,F,Right,1877472000.0,3200000.0,EUR,ITA,2025-2026,datafc_sofascore,2026-08-09T08:11:34.913892
Italy,Serie A,23,76457,Lecce,2689,Willem Geubbels,877979,24,185.0,France,F,Right,1909008000.0,5500000.0,EUR,ITA,2025-2026,datafc_sofascore,2026-08-09T08:11:34.913892
Italy,Serie A,23,76457,Lecce,2689,Santiago Pierotti,984998,25,189.0,Argentina,F,Right,1814313600.0,4200000.0,EUR,ITA,2025-2026,datafc_sofascore,2026-08-09T08:11:34.913892
Italy,Serie A,23,76457,Lecce,2689,N'Dri Konan,978327,25,174.0,Niger,F,Left,1814313600.0,1500000.0,EUR,ITA,2025-2026,datafc_sofascore,2026-08-09T08:11:34.913892
Italy,Serie A,23,76457,Lecce,2689,Paco Esteban,1417383,20,185.0,Spain,F,Right,1845936000.0,465000.0,EUR,ITA,2025-2026,datafc_sofascore,2026-08-09T08:11:34.913892
Italy,Serie A,23,76457,Lecce,2689,Miloš Jović,1516067,20,191.0,Serbia,F,Right,1877472000.0,745000.0,EUR,ITA,2025-2026,datafc_sofascore,2026-08-09T08:11:34.913892
Italy,Serie A,23,76457,Lecce,2689,Lameck Banda,911350,25,165.0,Zambia,M,Right,1814313600.0,3400000.0,EUR,ITA,2025-2026,datafc_sofascore,2026-08-09T08:11:34.913892
Italy,Serie A,23,76457,Lecce,2689,Lassana Coulibaly,804621,30,183.0,Mali,M,Right,1814313600.0,2300000.0,EUR,ITA,2025-2026,datafc_sofascore,2026-08-09T08:11:34.913892
Italy,Serie A,23,76457,Lecce,2689,Youssef Maleh,849274,27,177.0,Morocco,M,Left,1814313600.0,1600000.0,EUR,ITA,2025-2026,datafc_sofascore,2026-08-09T08:11:34.913892
Italy,Serie A,23,76457,Lecce,2689,Medon Berisha,1142149,22,186.0,Albania,M,Right,1845936000.0,4900000.0,EUR,ITA,2025-2026,datafc_sofascore,2026-08-09T08:11:34.913892
Italy,Serie A,23,76457,Lecce,2689,Oumar Ngom,1175854,22,184.0,Mauritania,M,Right,1877472000.0,2700000.0,EUR,ITA,2025-2026,datafc_sofascore,2026-08-09T08:11:34.913892
Italy,Serie A,23,76457,Lecce,2689,Omri Gandelman,1019125,26,188.0,Israel,M,Left,1877472000.0,2800000.0,EUR,ITA,2025-2026,datafc_sofascore,2026-08-09T08:11:34.913892
Italy,Serie A,23,76457,Lecce,2689,Mohamed Kaba,1127590,24,185.0,Guinea,M,Right,1814313600.0,2400000.0,EUR,ITA,2025-2026,datafc_sofascore,2026-08-09T08:11:34.913892
Italy,Serie A,23,76457,Lecce,2689,Sadik Fofana,1130662,23,192.0,Togo,M,Right,1877472000.0,760000.0,EUR,ITA,2025-2026,datafc_sofascore,2026-08-09T08:11:34.913892
Italy,Serie A,23,76457,Lecce,2689,Niko Kovač,1149067,21,184.0,Bosnia & Herzegovina,M,Both,1877472000.0,325000.0,EUR,ITA,2025-2026,datafc_sofascore,2026-08-09T08:11:34.913892
Italy,Serie A,23,76457,Lecce,2689,Olaf Gorter,1403088,21,182.0,Netherlands,M,Right,1877472000.0,190000.0,EUR,ITA,2025-2026,datafc_sofascore,2026-08-09T08:11:34.913892
Italy,Serie A,23,76457,Lecce,2689,Hjalte Lærke,1913702,19,187.0,Denmark,M,Left,,865000.0,EUR,ITA,2025-2026,datafc_sofascore,2026-08-09T08:11:34.913892
Italy,Serie A,23,76457,Lecce,2689,Marlon Ubani,1402744,21,186.0,Germany,M,Right,1877472000.0,190000.0,EUR,ITA,2025-2026,datafc_sofascore,2026-08-09T08:11:34.913892
Italy,Serie A,23,76457,Lecce,2689,Tiago Gabriel,1651825,21,194.0,Portugal,D,Right,1814313600.0,14600000.0,EUR,ITA,2025-2026,datafc_sofascore,2026-08-09T08:11:34.913892
Italy,Serie A,23,76457,Lecce,2689,Kialonda Gaspar,1090374,28,193.0,Angola,D,Right,1814313600.0,2900000.0,EUR,ITA,2025-2026,datafc_sofascore,2026-08-09T08:11:34.913892
Italy,Serie A,23,76457,Lecce,2689,Matías Pérez,1801193,21,190.0,Chile,D,Right,1845936000.0,470000.0,EUR,ITA,2025-2026,datafc_sofascore,2026-08-09T08:11:34.913892
Italy,Serie A,23,76457,Lecce,2689,Antonino Gallo,945616,26,183.0,Italy,D,Left,1814313600.0,3200000.0,EUR,ITA,2025-2026,datafc_sofascore,2026-08-09T08:11:34.913892
Italy,Serie A,23,76457,Lecce,2689,Danilo Veiga,1002045,23,183.0,Portugal,D,Right,1814313600.0,2400000.0,EUR,ITA,2025-2026,datafc_sofascore,2026-08-09T08:11:34.913892
Italy,Serie A,23,76457,Lecce,2689,Jamil Siebert,1014287,24,193.0,Germany,D,Right,1845936000.0,4300000.0,EUR,ITA,2025-2026,datafc_sofascore,2026-08-09T08:11:34.913892
Italy,Serie A,23,76457,Lecce,2689,Christ-Owen Kouassi,1910643,23,184.0,Côte d'Ivoire,D,Right,1877472000.0,1200000.0,EUR,ITA,2025-2026,datafc_sofascore,2026-08-09T08:11:34.913892
Italy,Serie A,23,76457,Lecce,2689,Corrie Ndaba,981470,26,188.0,Ireland,D,Left,1845936000.0,955000.0,EUR,ITA,2025-2026,datafc_sofascore,2026-08-09T08:11:34.913892
Italy,Serie A,23,76457,Lecce,2689,Sebastian Esposito,1393594,21,188.0,Australia,D,Right,,580000.0,EUR,ITA,2025-2026,datafc_sofascore,2026-08-09T08:11:34.913892
Italy,Serie A,23,76457,Lecce,2689,Gaby Jean,1392819,26,191.0,France,D,Left,1814313600.0,1400000.0,EUR,ITA,2025-2026,datafc_sofascore,2026-08-09T08:11:34.913892
Italy,Serie A,23,76457,Lecce,2689,Vernon Addo,1517676,21,188.0,Netherlands,D,Left,1845936000.0,170000.0,EUR,ITA,2025-2026,datafc_sofascore,2026-08-09T08:11:34.913892
Italy,Serie A,23,76457,Lecce,2689,Wladimiro Falcone,256667,31,195.0,Italy,G,Right,1845936000.0,3600000.0,EUR,ITA,2025-2026,datafc_sofascore,2026-08-09T08:11:34.913892
Italy,Serie A,23,76457,Lecce,2689,Alexandru Borbei,1000347,23,183.0,Romania,G,Right,1845936000.0,145000.0,EUR,ITA,2025-2026,datafc_sofascore,2026-08-09T08:11:34.913892
Italy,Serie A,23,76457,Lecce,2689,Jasper Samooja,999192,23,189.0,Finland,G,Right,1845936000.0,73000.0,EUR,ITA,2025-2026,datafc_sofascore,2026-08-09T08:11:34.913892
Italy,Serie A,23,76457,Lecce,2689,Samba Sakho Dramé,1910544,21,190.0,Mauritania,G,,,48000.0,EUR,ITA,2025-2026,datafc_sofascore,2026-08-09T08:11:34.913892
Italy,Serie A,23,76457,Cremonese,2761,Antonio Sanabria,333261,30,181.0,Paraguay,F,Right,1845936000.0,1600000.0,EUR,ITA,2025-2026,datafc_sofascore,2026-08-09T08:11:34.913892
Italy,Serie A,23,76457,Cremonese,2761,Federico Bonazzoli,284363,29,182.0,Italy,F,Left,1845936000.0,2600000.0,EUR,ITA,2025-2026,datafc_sofascore,2026-08-09T08:11:34.913892
Italy,Serie A,23,76457,Cremonese,2761,Milan Đurić,76132,36,199.0,Bosnia & Herzegovina,F,Right,1814313600.0,1100000.0,EUR,ITA,2025-2026,datafc_sofascore,2026-08-09T08:11:34.913892
Italy,Serie A,23,76457,Cremonese,2761,Marco Nasti,1101161,22,179.0,Italy,F,Right,1845936000.0,1300000.0,EUR,ITA,2025-2026,datafc_sofascore,2026-08-09T08:11:34.913892
Italy,Serie A,23,76457,Cremonese,2761,Manuel De Luca,850971,28,190.0,Italy,F,Both,1845936000.0,1300000.0,EUR,ITA,2025-2026,datafc_sofascore,2026-08-09T08:11:34.913892
Italy,Serie A,23,76457,Cremonese,2761,David Stückler,1618545,21,188.0,Denmark,F,Right,1909008000.0,515000.0,EUR,ITA,2025-2026,datafc_sofascore,2026-08-09T08:11:34.913892
Italy,Serie A,23,76457,Cremonese,2761,Nouroudine Faye,1618549,19,181.0,Italy,F,Right,1814313600.0,195000.0,EUR,ITA,2025-2026,datafc_sofascore,2026-08-09T08:11:34.913892
Italy,Serie A,23,76457,Cremonese,2761,Michele Bigonzoni,1916468,22,184.0,Italy,F,Right,,24000.0,EUR,ITA,2025-2026,datafc_sofascore,2026-08-09T08:11:34.913892
Italy,Serie A,23,76457,Cremonese,2761,Morten Thorsby,280991,30,189.0,Norway,M,Right,1845936000.0,3100000.0,EUR,ITA,2025-2026,datafc_sofascore,2026-08-09T08:11:34.913892
Italy,Serie A,23,76457,Cremonese,2761,Jari Vandeputte,318645,30,174.0,Belgium,M,Right,1845936000.0,3200000.0,EUR,ITA,2025-2026,datafc_sofascore,2026-08-09T08:11:34.913892
Italy,Serie A,23,76457,Cremonese,2761,Giuseppe Pezzella,814589,28,187.0,Italy,M,Left,1845936000.0,2100000.0,EUR,ITA,2025-2026,datafc_sofascore,2026-08-09T08:11:34.913892
Italy,Serie A,23,76457,Cremonese,2761,Tommaso Barbieri,993389,23,181.0,Italy,M,Right,1845936000.0,3700000.0,EUR,ITA,2025-2026,datafc_sofascore,2026-08-09T08:11:34.913892
Italy,Serie A,23,76457,Cremonese,2761,Tommaso Berti,1141951,22,171.0,Italy,M,Right,1909008000.0,6000000.0,EUR,ITA,2025-2026,datafc_sofascore,2026-08-09T08:11:34.913892
Italy,Serie A,23,76457,Cremonese,2761,Michele Collocolo,839925,26,188.0,Italy,M,Right,1877472000.0,2300000.0,EUR,ITA,2025-2026,datafc_sofascore,2026-08-09T08:11:34.913892
Italy,Serie A,23,76457,Cremonese,2761,Alberto Grassi,186845,31,183.0,Italy,M,Right,1814313600.0,1300000.0,EUR,ITA,2025-2026,datafc_sofascore,2026-08-09T08:11:34.913892
Italy,Serie A,23,76457,Cremonese,2761,Dachi Lordkipanidze,1153193,21,186.0,Georgia,M,Both,1814313600.0,490000.0,EUR,ITA,2025-2026,datafc_sofascore,2026-08-09T08:11:34.913892
Italy,Serie A,23,76457,Cremonese,2761,Adrian Lickunas,1426607,20,184.0,Lithuania,M,Left,,68000.0,EUR,ITA,2025-2026,datafc_sofascore,2026-08-09T08:11:34.913892
Italy,Serie A,23,76457,Cremonese,2761,Simone Pontisso,787830,29,184.0,Italy,M,Right,1877472000.0,1100000.0,EUR,ITA,2025-2026,datafc_sofascore,2026-08-09T08:11:34.913892
Italy,Serie A,23,76457,Cremonese,2761,Fabio Gerli,373354,29,173.0,Italy,M,Right,1845936000.0,920000.0,EUR,ITA,2025-2026,datafc_sofascore,2026-08-09T08:11:34.913892
Italy,Serie A,23,76457,Cremonese,2761,Simone Lottici Tessadri,1618552,20,181.0,Italy,M,Right,1877472000.0,220000.0,EUR,ITA,2025-2026,datafc_sofascore,2026-08-09T08:11:34.913892
Italy,Serie A,23,76457,Cremonese,2761,Alessio Brambilla,970895,25,184.0,Italy,M,Right,,90000.0,EUR,ITA,2025-2026,datafc_sofascore,2026-08-09T08:11:34.913892
Italy,Serie A,23,76457,Cremonese,2761,Federico Baschirotto,786175,29,187.0,Italy,D,Right,1845936000.0,3400000.0,EUR,ITA,2025-2026,datafc_sofascore,2026-08-09T08:11:34.913892
Italy,Serie A,23,76457,Cremonese,2761,Sebastiano Luperto,352736,29,191.0,Italy,D,Left,1909008000.0,3900000.0,EUR,ITA,2025-2026,datafc_sofascore,2026-08-09T08:11:34.913892
Italy,Serie A,23,76457,Cremonese,2761,Fellipe Jack,1804801,20,190.0,Italy,D,Left,1814313600.0,2300000.0,EUR,ITA,2025-2026,datafc_sofascore,2026-08-09T08:11:34.913892
Italy,Serie A,23,76457,Cremonese,2761,Alessandro Vogliacco,807295,27,186.0,Italy,D,Right,1814313600.0,2400000.0,EUR,ITA,2025-2026,datafc_sofascore,2026-08-09T08:11:34.913892
Italy,Serie A,23,76457,Cremonese,2761,Matteo Bianchetti,158037,33,189.0,Italy,D,Right,1814313600.0,880000.0,EUR,ITA,2025-2026,datafc_sofascore,2026-08-09T08:11:34.913892
Italy,Serie A,23,76457,Cremonese,2761,Francesco Folino,1424353,24,192.0,Italy,D,Right,1845936000.0,870000.0,EUR,ITA,2025-2026,datafc_sofascore,2026-08-09T08:11:34.913892
Italy,Serie A,23,76457,Cremonese,2761,Eddy Cabianca,1162101,23,178.0,Italy,D,Right,1845936000.0,290000.0,EUR,ITA,2025-2026,datafc_sofascore,2026-08-09T08:11:34.913892
Italy,Serie A,23,76457,Cremonese,2761,Yuri Rocchetti,1067054,23,172.0,Italy,D,Left,1814313600.0,720000.0,EUR,ITA,2025-2026,datafc_sofascore,2026-08-09T08:11:34.913892
Italy,Serie A,23,76457,Cremonese,2761,Filippo Tosi,1526920,20,183.0,Italy,D,Left,,145000.0,EUR,ITA,2025-2026,datafc_sofascore,2026-08-09T08:11:34.913892
Italy,Serie A,23,76457,Cremonese,2761,Andrea Fulignati,293295,31,188.0,Italy,G,Right,1845936000.0,725000.0,EUR,ITA,2025-2026,datafc_sofascore,2026-08-09T08:11:34.913892
Italy,Serie A,23,76457,Cremonese,2761,Marco Festa,176765,34,190.0,Italy,G,Right,1814313600.0,210000.0,EUR,ITA,2025-2026,datafc_sofascore,2026-08-09T08:11:34.913892
Italy,Serie A,23,76457,Cremonese,2761,Federico Agazzi,1803842,22,185.0,Italy,G,Right,1877472000.0,290000.0,EUR,ITA,2025-2026,datafc_sofascore,2026-08-09T08:11:34.913892
Italy,Serie A,23,76457,Hellas Verona,2701,Dailon Rocha Livramento,1155358,25,185.0,Cape Verde,F,Right,1845936000.0,775000.0,EUR,ITA,2025-2026,datafc_sofascore,2026-08-09T08:11:34.913892
Italy,Serie A,23,76457,Hellas Verona,2701,Tomáš Suslov,964154,24,175.0,Slovakia,F,Left,1845936000.0,3900000.0,EUR,ITA,2025-2026,datafc_sofascore,2026-08-09T08:11:34.913892
Italy,Serie A,23,76457,Hellas Verona,2701,Daniel Mosquera,1018179,26,180.0,Colombia,F,Right,1845936000.0,1700000.0,EUR,ITA,2025-2026,datafc_sofascore,2026-08-09T08:11:34.913892
Italy,Serie A,23,76457,Hellas Verona,2701,Amin Sarr,1022204,25,190.0,Sweden,F,Right,1877472000.0,2600000.0,EUR,ITA,2025-2026,datafc_sofascore,2026-08-09T08:11:34.913892
Italy,Serie A,23,76457,Hellas Verona,2701,Isaac,1471239,22,181.0,Brazil,F,Both,1877472000.0,765000.0,EUR,ITA,2025-2026,datafc_sofascore,2026-08-09T08:11:34.913892
Italy,Serie A,23,76457,Hellas Verona,2701,Samuele Mulattieri,927030,25,183.0,Italy,F,Right,1814313600.0,1900000.0,EUR,ITA,2025-2026,datafc_sofascore,2026-08-09T08:11:34.913892
Italy,Serie A,23,76457,Hellas Verona,2701,Ioan Vermesan,1152477,19,185.0,Romania,F,Right,1814313600.0,970000.0,EUR,ITA,2025-2026,datafc_sofascore,2026-08-09T08:11:34.913892
Italy,Serie A,23,76457,Hellas Verona,2701,Juan Manuel Cruz,1017372,27,184.0,Argentina,F,Right,1814313600.0,120000.0,EUR,ITA,2025-2026,datafc_sofascore,2026-08-09T08:11:34.913892
Italy,Serie A,23,76457,Hellas Verona,2701,Ruben Akale,1936811,19,192.0,France,F,Right,1845936000.0,290000.0,EUR,ITA,2025-2026,datafc_sofascore,2026-08-09T08:11:34.913892
Italy,Serie A,23,76457,Hellas Verona,2701,Federico Caia,1088679,23,183.0,Italy,F,Right,1814313600.0,97000.0,EUR,ITA,2025-2026,datafc_sofascore,2026-08-09T08:11:34.913892
Italy,Serie A,23,76457,Hellas Verona,2701,Angelo Vapore,1533987,20,175.0,Italy,F,Right,1814313600.0,,,ITA,2025-2026,datafc_sofascore,2026-08-09T08:11:34.913892
Italy,Serie A,23,76457,Hellas Verona,2701,Rafik Belghali,1103488,24,177.0,Algeria,M,Right,1877472000.0,12400000.0,EUR,ITA,2025-2026,datafc_sofascore,2026-08-09T08:11:34.913892
Italy,Serie A,23,76457,Hellas Verona,2701,Domagoj Bradarić,897594,26,178.0,Croatia,M,Left,1845936000.0,1600000.0,EUR,ITA,2025-2026,datafc_sofascore,2026-08-09T08:11:34.913892
Italy,Serie A,23,76457,Hellas Verona,2701,Cheikh Niasse,972523,26,188.0,Senegal,M,Right,1877472000.0,1800000.0,EUR,ITA,2025-2026,datafc_sofascore,2026-08-09T08:11:34.913892
Italy,Serie A,23,76457,Hellas Verona,2701,Abdou Harroui,915812,28,181.0,Morocco,M,Both,1845936000.0,1600000.0,EUR,ITA,2025-2026,datafc_sofascore,2026-08-09T08:11:34.913892
Italy,Serie A,23,76457,Hellas Verona,2701,Suat Serdar,800408,29,183.0,Germany,M,Right,1845936000.0,2600000.0,EUR,ITA,2025-2026,datafc_sofascore,2026-08-09T08:11:34.913892
Italy,Serie A,23,76457,Hellas Verona,2701,Grigoris Kastanos,791566,28,179.0,Cyprus,M,Left,1814313600.0,1400000.0,EUR,ITA,2025-2026,datafc_sofascore,2026-08-09T08:11:34.913892
Italy,Serie A,23,76457,Hellas Verona,2701,Antoine Bernede,837080,27,177.0,France,M,Left,1845936000.0,3400000.0,EUR,ITA,2025-2026,datafc_sofascore,2026-08-09T08:11:34.913892
Italy,Serie A,23,76457,Hellas Verona,2701,Kacper Sezonienko,1046316,23,193.0,Poland,M,Right,1877472000.0,580000.0,EUR,ITA,2025-2026,datafc_sofascore,2026-08-09T08:11:34.913892
Italy,Serie A,23,76457,Hellas Verona,2701,Daniel Oyegoke,998830,23,188.0,England,M,Right,1845936000.0,925000.0,EUR,ITA,2025-2026,datafc_sofascore,2026-08-09T08:11:34.913892
Italy,Serie A,23,76457,Hellas Verona,2701,Charlys,1466543,22,186.0,Brazil,M,Right,,430000.0,EUR,ITA,2025-2026,datafc_sofascore,2026-08-09T08:11:34.913892
Italy,Serie A,23,76457,Hellas Verona,2701,Mattia Compagnon,970901,24,171.0,Italy,M,Left,1814313600.0,970000.0,EUR,ITA,2025-2026,datafc_sofascore,2026-08-09T08:11:34.913892
Italy,Serie A,23,76457,Hellas Verona,2701,Leorat Bega,1189254,23,193.0,Switzerland,M,Right,1877472000.0,290000.0,EUR,ITA,2025-2026,datafc_sofascore,2026-08-09T08:11:34.913892
Italy,Serie A,23,76457,Hellas Verona,2701,Salvatore Cerbone,2207131,18,183.0,Italy,M,,1909008000.0,325000.0,EUR,ITA,2025-2026,datafc_sofascore,2026-08-09T08:11:34.913892
Italy,Serie A,23,76457,Hellas Verona,2701,Davide De Battisti,1492265,20,177.0,Italy,M,Left,,245000.0,EUR,ITA,2025-2026,datafc_sofascore,2026-08-09T08:11:34.913892
Italy,Serie A,23,76457,Hellas Verona,2701,Tobias Slotsager,1133236,20,190.0,Denmark,D,Right,1845936000.0,3100000.0,EUR,ITA,2025-2026,datafc_sofascore,2026-08-09T08:11:34.913892
Italy,Serie A,23,76457,Hellas Verona,2701,Andrias Edmundsson,906963,25,193.0,Faroe Islands,D,Left,1877472000.0,3100000.0,EUR,ITA,2025-2026,datafc_sofascore,2026-08-09T08:11:34.913892
Italy,Serie A,23,76457,Hellas Verona,2701,Martin Frese,874812,28,179.0,Denmark,D,Left,1814313600.0,2700000.0,EUR,ITA,2025-2026,datafc_sofascore,2026-08-09T08:11:34.913892
Italy,Serie A,23,76457,Hellas Verona,2701,Fallou Cham,1945133,20,185.0,Gambia,D,Right,,920000.0,EUR,ITA,2025-2026,datafc_sofascore,2026-08-09T08:11:34.913892
Italy,Serie A,23,76457,Hellas Verona,2701,Seid Korać,985900,24,188.0,Luxembourg,D,Right,1814313600.0,1400000.0,EUR,ITA,2025-2026,datafc_sofascore,2026-08-09T08:11:34.913892
Italy,Serie A,23,76457,Hellas Verona,2701,Christian Corradi,1526305,21,190.0,Italy,D,Right,1845936000.0,765000.0,EUR,ITA,2025-2026,datafc_sofascore,2026-08-09T08:11:34.913892
Italy,Serie A,23,76457,Hellas Verona,2701,Aiman Rihai,1143862,22,184.0,Morocco,D,Right,,49000.0,EUR,ITA,2025-2026,datafc_sofascore,2026-08-09T08:11:34.913892
Italy,Serie A,23,76457,Hellas Verona,2701,Nicolò Calabrese,1425823,21,183.0,Italy,D,Right,,2100000.0,EUR,ITA,2025-2026,datafc_sofascore,2026-08-09T08:11:34.913892
Italy,Serie A,23,76457,Hellas Verona,2701,Nicola Leali,98059,33,193.0,Italy,G,Right,1845936000.0,920000.0,EUR,ITA,2025-2026,datafc_sofascore,2026-08-09T08:11:34.913892
Italy,Serie A,23,76457,Hellas Verona,2701,Lorenzo Montipò,253391,30,191.0,Italy,G,Right,1845936000.0,1200000.0,EUR,ITA,2025-2026,datafc_sofascore,2026-08-09T08:11:34.913892
Italy,Serie A,23,76457,Hellas Verona,2701,Simone Perilli,253369,31,195.0,Italy,G,Right,,375000.0,EUR,ITA,2025-2026,datafc_sofascore,2026-08-09T08:11:34.913892
Italy,Serie A,23,76457,Hellas Verona,2701,Arthur Borghi,2026440,19,194.0,Brazil,G,,1877472000.0,52000.0,EUR,ITA,2025-2026,datafc_sofascore,2026-08-09T08:11:34.913892
Italy,Serie A,23,76457,Hellas Verona,2701,Giacomo Toniolo,1137380,22,192.0,Italy,G,Right,,78000.0,EUR,ITA,2025-2026,datafc_sofascore,2026-08-09T08:11:34.913892
Italy,Serie A,23,76457,Pisa,2737,Louis Buffon,1819178,18,188.0,Czechia,F,Right,,770000.0,EUR,ITA,2025-2026,datafc_sofascore,2026-08-09T08:11:34.913892
Italy,Serie A,23,76457,Pisa,2737,Matteo Tramoni,887275,26,175.0,France,F,Right,1909008000.0,4600000.0,EUR,ITA,2025-2026,datafc_sofascore,2026-08-09T08:11:34.913892
Italy,Serie A,23,76457,Pisa,2737,Emanuele Rao,1416532,20,181.0,Italy,F,Right,1814313600.0,6600000.0,EUR,ITA,2025-2026,datafc_sofascore,2026-08-09T08:11:34.913892
Italy,Serie A,23,76457,Pisa,2737,Henrik Wendel Meister,1184248,22,191.0,Denmark,F,Right,1845936000.0,3500000.0,EUR,ITA,2025-2026,datafc_sofascore,2026-08-09T08:11:34.913892
Italy,Serie A,23,76457,Pisa,2737,Stefano Moreo,346948,33,191.0,Italy,F,Right,1814313600.0,1200000.0,EUR,ITA,2025-2026,datafc_sofascore,2026-08-09T08:11:34.913892
Italy,Serie A,23,76457,Pisa,2737,Tomás Esteves,979210,24,180.0,Portugal,F,Right,,1600000.0,EUR,ITA,2025-2026,datafc_sofascore,2026-08-09T08:11:34.913892
Italy,Serie A,23,76457,Pisa,2737,Emanuel Vignato,862373,25,175.0,Italy,F,Right,,390000.0,EUR,ITA,2025-2026,datafc_sofascore,2026-08-09T08:11:34.913892
Italy,Serie A,23,76457,Pisa,2737,Nicholas Bonfanti,982550,24,178.0,Italy,F,Right,1814313600.0,730000.0,EUR,ITA,2025-2026,datafc_sofascore,2026-08-09T08:11:34.913892
Italy,Serie A,23,76457,Pisa,2737,Tommaso Marras,1146750,22,183.0,Italy,F,Left,1909008000.0,1400000.0,EUR,ITA,2025-2026,datafc_sofascore,2026-08-09T08:11:34.913892
Italy,Serie A,23,76457,Pisa,2737,Elia Giani,872432,25,187.0,Italy,F,Left,,145000.0,EUR,ITA,2025-2026,datafc_sofascore,2026-08-09T08:11:34.913892
Italy,Serie A,23,76457,Pisa,2737,Tommaso Ferrari,1956114,19,185.0,Italy,F,Both,1877472000.0,48000.0,EUR,ITA,2025-2026,datafc_sofascore,2026-08-09T08:11:34.913892
Italy,Serie A,23,76457,Pisa,2737,Felipe Loyola,1125917,25,177.0,Chile,M,Right,1909008000.0,6800000.0,EUR,ITA,2025-2026,datafc_sofascore,2026-08-09T08:11:34.913892
Italy,Serie A,23,76457,Pisa,2737,Mehdi Léris,851222,28,186.0,Algeria,M,Right,1845936000.0,1900000.0,EUR,ITA,2025-2026,datafc_sofascore,2026-08-09T08:11:34.913892
Italy,Serie A,23,76457,Pisa,2737,Michel Aebischer,850891,29,182.0,Switzerland,M,Right,1877472000.0,4200000.0,EUR,ITA,2025-2026,datafc_sofascore,2026-08-09T08:11:34.913892
Italy,Serie A,23,76457,Pisa,2737,Isak Vural,1210995,20,190.0,Türkiye,M,Right,1845936000.0,5200000.0,EUR,ITA,2025-2026,datafc_sofascore,2026-08-09T08:11:34.913892
Italy,Serie A,23,76457,Pisa,2737,Ichem Ferrah,1445607,20,171.0,France,M,Left,1909008000.0,2100000.0,EUR,ITA,2025-2026,datafc_sofascore,2026-08-09T08:11:34.913892
Italy,Serie A,23,76457,Pisa,2737,Idrissa Touré,826326,28,187.0,Germany,M,Right,1814313600.0,4900000.0,EUR,ITA,2025-2026,datafc_sofascore,2026-08-09T08:11:34.913892
Italy,Serie A,23,76457,Pisa,2737,Samuele Angori,1174457,22,184.0,Italy,M,Left,1814313600.0,4300000.0,EUR,ITA,2025-2026,datafc_sofascore,2026-08-09T08:11:34.913892
Italy,Serie A,23,76457,Pisa,2737,Simone Zanon,945629,24,175.0,Italy,M,Right,1814313600.0,2300000.0,EUR,ITA,2025-2026,datafc_sofascore,2026-08-09T08:11:34.913892
Italy,Serie A,23,76457,Pisa,2737,Malthe Højholt,997583,25,182.0,Denmark,M,Right,1814313600.0,1200000.0,EUR,ITA,2025-2026,datafc_sofascore,2026-08-09T08:11:34.913892
Italy,Serie A,23,76457,Pisa,2737,Gabriele Piccinini,970778,25,184.0,Italy,M,Right,1845936000.0,3100000.0,EUR,ITA,2025-2026,datafc_sofascore,2026-08-09T08:11:34.913892
Italy,Serie A,23,76457,Pisa,2737,Giuseppe Leone,919974,25,179.0,Italy,M,Right,1909008000.0,1900000.0,EUR,ITA,2025-2026,datafc_sofascore,2026-08-09T08:11:34.913892
Italy,Serie A,23,76457,Pisa,2737,Giacomo Maucci,2030485,19,175.0,Italy,M,Right,1877472000.0,145000.0,EUR,ITA,2025-2026,datafc_sofascore,2026-08-09T08:11:34.913892
Italy,Serie A,23,76457,Pisa,2737,Jacopo Frosali,2226643,19,191.0,Italy,M,Right,1877472000.0,155000.0,EUR,ITA,2025-2026,datafc_sofascore,2026-08-09T08:11:34.913892
Italy,Serie A,23,76457,Pisa,2737,Rosen Bozhinov,1152943,21,195.0,Bulgaria,D,Left,1909008000.0,3700000.0,EUR,ITA,2025-2026,datafc_sofascore,2026-08-09T08:11:34.913892
Italy,Serie A,23,76457,Pisa,2737,Simone Canestrelli,911355,25,192.0,Italy,D,Right,1845936000.0,4700000.0,EUR,ITA,2025-2026,datafc_sofascore,2026-08-09T08:11:34.913892
Italy,Serie A,23,76457,Pisa,2737,Francesco Coppola,1494096,21,195.0,Italy,D,Right,1877472000.0,3400000.0,EUR,ITA,2025-2026,datafc_sofascore,2026-08-09T08:11:34.913892
Italy,Serie A,23,76457,Pisa,2737,Antonio Caracciolo,116666,36,185.0,Italy,D,Right,1814313600.0,755000.0,EUR,ITA,2025-2026,datafc_sofascore,2026-08-09T08:11:34.913892
Italy,Serie A,23,76457,Pisa,2737,Mateus Lusuardi,1525361,22,190.0,Brazil,D,Left,1877472000.0,640000.0,EUR,ITA,2025-2026,datafc_sofascore,2026-08-09T08:11:34.913892
Italy,Serie A,23,76457,Pisa,2737,Arturo Calabresi,284367,30,186.0,Italy,D,Right,1814313600.0,825000.0,EUR,ITA,2025-2026,datafc_sofascore,2026-08-09T08:11:34.913892
Italy,Serie A,23,76457,Pisa,2737,Jeremy Kandje Mbambi,1931557,18,,Belgium,D,Left,1845936000.0,465000.0,EUR,ITA,2025-2026,datafc_sofascore,2026-08-09T08:11:34.913892
Italy,Serie A,23,76457,Pisa,2737,Daniel Denoon,1922473,22,187.0,Switzerland,D,Right,1877472000.0,455000.0,EUR,ITA,2025-2026,datafc_sofascore,2026-08-09T08:11:34.913892
Italy,Serie A,23,76457,Pisa,2737,Motiejus Sapola,1149109,20,193.0,Lithuania,D,Right,,97000.0,EUR,ITA,2025-2026,datafc_sofascore,2026-08-09T08:11:34.913892
Italy,Serie A,23,76457,Pisa,2737,Andrea Primasso,1890634,20,189.0,Italy,D,Right,,270000.0,EUR,ITA,2025-2026,datafc_sofascore,2026-08-09T08:11:34.913892
Italy,Serie A,23,76457,Pisa,2737,Niccolò Conti,2662471,18,,Italy,D,,,,,ITA,2025-2026,datafc_sofascore,2026-08-09T08:11:34.913892
Italy,Serie A,23,76457,Pisa,2737,Adrian Šemper,814876,28,192.0,Croatia,G,Right,1814313600.0,1700000.0,EUR,ITA,2025-2026,datafc_sofascore,2026-08-09T08:11:34.913892
Italy,Serie A,23,76457,Pisa,2737,Simone Scuffet,284349,30,193.0,Italy,G,Right,1845936000.0,815000.0,EUR,ITA,2025-2026,datafc_sofascore,2026-08-09T08:11:34.913892
Italy,Serie A,23,76457,Pisa,2737,Ante Vukovic,1163474,21,192.0,Croatia,G,Right,,310000.0,EUR,ITA,2025-2026,datafc_sofascore,2026-08-09T08:11:34.913892
Italy,Serie A,23,76457,Pisa,2737,Leonardo Loria,844483,27,195.0,Italy,G,Right,1814313600.0,145000.0,EUR,ITA,2025-2026,datafc_sofascore,2026-08-09T08:11:34.913892
