country,tournament,tournament_id,season_id,team_name,team_id,player_name,player_id,age,height,player_country,position,preferred_foot,contract_until,market_value,market_currency,_league_id,_season,_source,_scraped_at
Netherlands,VriendenLoterij Eredivisie,37,61666,PSV Eindhoven,2952,Esmir Bajraktarević,1136110,21.0,175.0,Bosnia & Herzegovina,F,Left,1877472000.0,8199999.0,EUR,NED,2024-2025,datafc_sofascore,2026-08-09T08:50:05.753455
Netherlands,VriendenLoterij Eredivisie,37,61666,PSV Eindhoven,2952,Ricardo Pepi,986395,23.0,185.0,USA,F,Right,1909008000.0,31000000.0,EUR,NED,2024-2025,datafc_sofascore,2026-08-09T08:50:05.753455
Netherlands,VriendenLoterij Eredivisie,37,61666,PSV Eindhoven,2952,Couhaib Driouech,1047395,24.0,175.0,Morocco,F,Left,1877472000.0,7100000.0,EUR,NED,2024-2025,datafc_sofascore,2026-08-09T08:50:05.753455
Netherlands,VriendenLoterij Eredivisie,37,61666,PSV Eindhoven,2952,Ruben van Bommel,1212550,22.0,191.0,Netherlands,F,Right,1909008000.0,10500000.0,EUR,NED,2024-2025,datafc_sofascore,2026-08-09T08:50:05.753455
Netherlands,VriendenLoterij Eredivisie,37,61666,PSV Eindhoven,2952,Ivan Perišić,38710,37.0,187.0,Croatia,M,Both,1814313600.0,1200000.0,EUR,NED,2024-2025,datafc_sofascore,2026-08-09T08:50:05.753455
Netherlands,VriendenLoterij Eredivisie,37,61666,PSV Eindhoven,2952,Dennis Man,812145,27.0,182.0,Romania,M,Left,1877472000.0,15700000.0,EUR,NED,2024-2025,datafc_sofascore,2026-08-09T08:50:05.753455
Netherlands,VriendenLoterij Eredivisie,37,61666,PSV Eindhoven,2952,Filip Kostić,126588,33.0,184.0,Serbia,M,Left,1845936000.0,1800000.0,EUR,NED,2024-2025,datafc_sofascore,2026-08-09T08:50:05.753455
Netherlands,VriendenLoterij Eredivisie,37,61666,PSV Eindhoven,2952,Paul Wanner,1146018,20.0,186.0,Austria,M,Left,1909008000.0,23000000.0,EUR,NED,2024-2025,datafc_sofascore,2026-08-09T08:50:05.753455
Netherlands,VriendenLoterij Eredivisie,37,61666,PSV Eindhoven,2952,Joey Veerman,850816,27.0,185.0,Netherlands,M,Right,1845936000.0,26000000.0,EUR,NED,2024-2025,datafc_sofascore,2026-08-09T08:50:05.753455
Netherlands,VriendenLoterij Eredivisie,37,61666,PSV Eindhoven,2952,Guus Til,845798,28.0,183.0,Netherlands,M,Right,1845936000.0,15500000.0,EUR,NED,2024-2025,datafc_sofascore,2026-08-09T08:50:05.753455
Netherlands,VriendenLoterij Eredivisie,37,61666,PSV Eindhoven,2952,Kodai Sano,1184054,22.0,176.0,Japan,M,Right,1940544000.0,12900000.0,EUR,NED,2024-2025,datafc_sofascore,2026-08-09T08:50:05.753455
Netherlands,VriendenLoterij Eredivisie,37,61666,PSV Eindhoven,2952,Alassane Pléa,192308,33.0,180.0,France,M,Right,1845936000.0,2600000.0,EUR,NED,2024-2025,datafc_sofascore,2026-08-09T08:50:05.753455
Netherlands,VriendenLoterij Eredivisie,37,61666,PSV Eindhoven,2952,Sven Mijnans,980671,26.0,190.0,Netherlands,M,Left,1940544000.0,16399999.0,EUR,NED,2024-2025,datafc_sofascore,2026-08-09T08:50:05.753455
Netherlands,VriendenLoterij Eredivisie,37,61666,PSV Eindhoven,2952,Noah Fernandez,1886213,18.0,170.0,Belgium,M,Left,1909008000.0,3900000.0,EUR,NED,2024-2025,datafc_sofascore,2026-08-09T08:50:05.753455
Netherlands,VriendenLoterij Eredivisie,37,61666,PSV Eindhoven,2952,Isaac Babadi,1120701,21.0,179.0,Netherlands,M,Right,1845936000.0,1400000.0,EUR,NED,2024-2025,datafc_sofascore,2026-08-09T08:50:05.753455
Netherlands,VriendenLoterij Eredivisie,37,61666,PSV Eindhoven,2952,Amir Bouhamdi,2266990,18.0,,Morocco,M,,1845936000.0,155000.0,EUR,NED,2024-2025,datafc_sofascore,2026-08-09T08:50:05.753455
Netherlands,VriendenLoterij Eredivisie,37,61666,PSV Eindhoven,2952,Joel Van Den Berg,1540010,19.0,187.0,Netherlands,M,Right,1845936000.0,1600000.0,EUR,NED,2024-2025,datafc_sofascore,2026-08-09T08:50:05.753455
Netherlands,VriendenLoterij Eredivisie,37,61666,PSV Eindhoven,2952,Sergiño Dest,906021,25.0,173.0,USA,D,Right,1845936000.0,17200000.0,EUR,NED,2024-2025,datafc_sofascore,2026-08-09T08:50:05.753455
Netherlands,VriendenLoterij Eredivisie,37,61666,PSV Eindhoven,2952,Adamo Nagalo,1108094,23.0,185.0,Burkina Faso,D,Right,1877472000.0,2900000.0,EUR,NED,2024-2025,datafc_sofascore,2026-08-09T08:50:05.753455
Netherlands,VriendenLoterij Eredivisie,37,61666,PSV Eindhoven,2952,Yarek Gasiorowski,1184317,21.0,190.0,Spain,D,Left,1909008000.0,16500000.0,EUR,NED,2024-2025,datafc_sofascore,2026-08-09T08:50:05.753455
Netherlands,VriendenLoterij Eredivisie,37,61666,PSV Eindhoven,2952,Ryan Flamingo,1046960,23.0,186.0,Netherlands,D,Right,1877472000.0,14800000.0,EUR,NED,2024-2025,datafc_sofascore,2026-08-09T08:50:05.753455
Netherlands,VriendenLoterij Eredivisie,37,61666,PSV Eindhoven,2952,Mauro Júnior,893499,27.0,171.0,Brazil,D,Left,1877472000.0,18600000.0,EUR,NED,2024-2025,datafc_sofascore,2026-08-09T08:50:05.753455
Netherlands,VriendenLoterij Eredivisie,37,61666,PSV Eindhoven,2952,Jerdy Schouten,844234,29.0,185.0,Netherlands,D,Right,1909008000.0,18400000.0,EUR,NED,2024-2025,datafc_sofascore,2026-08-09T08:50:05.753455
Netherlands,VriendenLoterij Eredivisie,37,61666,PSV Eindhoven,2952,Kiliann Sildillia,1014222,24.0,186.0,France,D,Right,1909008000.0,6800000.0,EUR,NED,2024-2025,datafc_sofascore,2026-08-09T08:50:05.753455
Netherlands,VriendenLoterij Eredivisie,37,61666,PSV Eindhoven,2952,Armando Obispo,825838,27.0,184.0,Curacao,D,Left,1814313600.0,3700000.0,EUR,NED,2024-2025,datafc_sofascore,2026-08-09T08:50:05.753455
Netherlands,VriendenLoterij Eredivisie,37,61666,PSV Eindhoven,2952,Fabian Merién,1886210,17.0,189.0,Netherlands,D,Right,1845936000.0,685000.0,EUR,NED,2024-2025,datafc_sofascore,2026-08-09T08:50:05.753455
Netherlands,VriendenLoterij Eredivisie,37,61666,PSV Eindhoven,2952,Essien Bassey,1511727,19.0,,Netherlands,D,Right,1814313600.0,340000.0,EUR,NED,2024-2025,datafc_sofascore,2026-08-09T08:50:05.753455
Netherlands,VriendenLoterij Eredivisie,37,61666,PSV Eindhoven,2952,Matěj Kovář,927366,26.0,196.0,Czechia,G,Right,1909008000.0,8300000.0,EUR,NED,2024-2025,datafc_sofascore,2026-08-09T08:50:05.753455
Netherlands,VriendenLoterij Eredivisie,37,61666,PSV Eindhoven,2952,Nick Olij,227192,31.0,185.0,Netherlands,G,Right,1877472000.0,1800000.0,EUR,NED,2024-2025,datafc_sofascore,2026-08-09T08:50:05.753455
Netherlands,VriendenLoterij Eredivisie,37,61666,PSV Eindhoven,2952,Tijn Smolenaars,1445965,21.0,197.0,Netherlands,G,Right,1845936000.0,205000.0,EUR,NED,2024-2025,datafc_sofascore,2026-08-09T08:50:05.753455
Netherlands,VriendenLoterij Eredivisie,37,61666,AFC Ajax,2953,Marcos Leonardo,1047227,23.0,177.0,Brazil,F,Right,1940544000.0,21000000.0,EUR,NED,2024-2025,datafc_sofascore,2026-08-09T08:50:05.753455
Netherlands,VriendenLoterij Eredivisie,37,61666,AFC Ajax,2953,Julian Brandt,226978,30.0,186.0,Germany,F,Right,1877472000.0,15500000.0,EUR,NED,2024-2025,datafc_sofascore,2026-08-09T08:50:05.753455
Netherlands,VriendenLoterij Eredivisie,37,61666,AFC Ajax,2953,Mika Godts,1149146,21.0,176.0,Belgium,F,Right,1877472000.0,32000000.0,EUR,NED,2024-2025,datafc_sofascore,2026-08-09T08:50:05.753455
Netherlands,VriendenLoterij Eredivisie,37,61666,AFC Ajax,2953,Tolu Arokodare,987734,25.0,196.0,Nigeria,F,Right,1814313600.0,18200000.0,EUR,NED,2024-2025,datafc_sofascore,2026-08-09T08:50:05.753455
Netherlands,VriendenLoterij Eredivisie,37,61666,AFC Ajax,2953,Kasper Dolberg,795761,28.0,187.0,Denmark,F,Right,1877472000.0,7600000.0,EUR,NED,2024-2025,datafc_sofascore,2026-08-09T08:50:05.753455
Netherlands,VriendenLoterij Eredivisie,37,61666,AFC Ajax,2953,Steven Berghuis,100386,34.0,182.0,Netherlands,F,Left,1814313600.0,2100000.0,EUR,NED,2024-2025,datafc_sofascore,2026-08-09T08:50:05.753455
Netherlands,VriendenLoterij Eredivisie,37,61666,AFC Ajax,2953,Don-Angelo Konadu,1403073,20.0,184.0,Netherlands,F,Right,1845936000.0,860000.0,EUR,NED,2024-2025,datafc_sofascore,2026-08-09T08:50:05.753455
Netherlands,VriendenLoterij Eredivisie,37,61666,AFC Ajax,2953,Oliver Valaker Edvardsen,878599,27.0,175.0,Norway,F,Right,1845936000.0,3100000.0,EUR,NED,2024-2025,datafc_sofascore,2026-08-09T08:50:05.753455
Netherlands,VriendenLoterij Eredivisie,37,61666,AFC Ajax,2953,Amourricho van Axel-Dongen,1022376,21.0,175.0,Netherlands,F,Right,1814313600.0,370000.0,EUR,NED,2024-2025,datafc_sofascore,2026-08-09T08:50:05.753455
Netherlands,VriendenLoterij Eredivisie,37,61666,AFC Ajax,2953,Rayane Bounida,1403090,20.0,179.0,Morocco,M,Right,1845936000.0,4900000.0,EUR,NED,2024-2025,datafc_sofascore,2026-08-09T08:50:05.753455
Netherlands,VriendenLoterij Eredivisie,37,61666,AFC Ajax,2953,Abdellah Ouazane,1931396,17.0,184.0,Morocco,M,Right,1845936000.0,1500000.0,EUR,NED,2024-2025,datafc_sofascore,2026-08-09T08:50:05.753455
Netherlands,VriendenLoterij Eredivisie,37,61666,AFC Ajax,2953,Oscar Gloukh,1155158,22.0,170.0,Israel,M,Both,1909008000.0,13400000.0,EUR,NED,2024-2025,datafc_sofascore,2026-08-09T08:50:05.753455
Netherlands,VriendenLoterij Eredivisie,37,61666,AFC Ajax,2953,Jorthy Mokio,1563462,18.0,182.0,DR Congo,M,Left,1940544000.0,7800000.0,EUR,NED,2024-2025,datafc_sofascore,2026-08-09T08:50:05.753455
Netherlands,VriendenLoterij Eredivisie,37,61666,AFC Ajax,2953,Maher Carrizo,1597274,20.0,180.0,Argentina,M,Left,1909008000.0,7600000.0,EUR,NED,2024-2025,datafc_sofascore,2026-08-09T08:50:05.753455
Netherlands,VriendenLoterij Eredivisie,37,61666,AFC Ajax,2953,Davy Klaassen,97410,33.0,179.0,Netherlands,M,Right,1814313600.0,2100000.0,EUR,NED,2024-2025,datafc_sofascore,2026-08-09T08:50:05.753455
Netherlands,VriendenLoterij Eredivisie,37,61666,AFC Ajax,2953,Youri Regeer,996940,22.0,177.0,Netherlands,M,Right,1877472000.0,4700000.0,EUR,NED,2024-2025,datafc_sofascore,2026-08-09T08:50:05.753455
Netherlands,VriendenLoterij Eredivisie,37,61666,AFC Ajax,2953,Josip Šutalo,954836,26.0,190.0,Croatia,D,Right,1845936000.0,13100000.0,EUR,NED,2024-2025,datafc_sofascore,2026-08-09T08:50:05.753455
Netherlands,VriendenLoterij Eredivisie,37,61666,AFC Ajax,2953,Caio Henrique,845170,29.0,178.0,Brazil,D,Left,1909008000.0,11500000.0,EUR,NED,2024-2025,datafc_sofascore,2026-08-09T08:50:05.753455
Netherlands,VriendenLoterij Eredivisie,37,61666,AFC Ajax,2953,Ko Itakura,790989,29.0,189.0,Japan,D,Right,1877472000.0,8400000.0,EUR,NED,2024-2025,datafc_sofascore,2026-08-09T08:50:05.753455
Netherlands,VriendenLoterij Eredivisie,37,61666,AFC Ajax,2953,Daley Blind,44864,36.0,180.0,Netherlands,D,Left,1814313600.0,1200000.0,EUR,NED,2024-2025,datafc_sofascore,2026-08-09T08:50:05.753455
Netherlands,VriendenLoterij Eredivisie,37,61666,AFC Ajax,2953,Ahmetcan Kaplan,1064177,23.0,189.0,Türkiye,D,Left,1814313600.0,6500000.0,EUR,NED,2024-2025,datafc_sofascore,2026-08-09T08:50:05.753455
Netherlands,VriendenLoterij Eredivisie,37,61666,AFC Ajax,2953,Youri Baas,1000228,23.0,188.0,Netherlands,D,Left,1845936000.0,19400000.0,EUR,NED,2024-2025,datafc_sofascore,2026-08-09T08:50:05.753455
Netherlands,VriendenLoterij Eredivisie,37,61666,AFC Ajax,2953,Anton Gaaei,1120315,23.0,183.0,Denmark,D,Right,1845936000.0,4800000.0,EUR,NED,2024-2025,datafc_sofascore,2026-08-09T08:50:05.753455
Netherlands,VriendenLoterij Eredivisie,37,61666,AFC Ajax,2953,Aaron Bouwman,1586649,18.0,188.0,Netherlands,D,Right,1909008000.0,3700000.0,EUR,NED,2024-2025,datafc_sofascore,2026-08-09T08:50:05.753455
Netherlands,VriendenLoterij Eredivisie,37,61666,AFC Ajax,2953,Dies Janse,1470010,20.0,196.0,Netherlands,D,Left,1877472000.0,6200000.0,EUR,NED,2024-2025,datafc_sofascore,2026-08-09T08:50:05.753455
Netherlands,VriendenLoterij Eredivisie,37,61666,AFC Ajax,2953,Lucas Rosa,970860,26.0,177.0,Brazil,D,Right,1877472000.0,5300000.0,EUR,NED,2024-2025,datafc_sofascore,2026-08-09T08:50:05.753455
Netherlands,VriendenLoterij Eredivisie,37,61666,AFC Ajax,2953,Owen Wijndal,836673,26.0,174.0,Netherlands,D,Left,1814313600.0,3200000.0,EUR,NED,2024-2025,datafc_sofascore,2026-08-09T08:50:05.753455
Netherlands,VriendenLoterij Eredivisie,37,61666,AFC Ajax,2953,Marc-André Ter Stegen,88625,34.0,187.0,Germany,G,Right,1814313600.0,3100000.0,EUR,NED,2024-2025,datafc_sofascore,2026-08-09T08:50:05.753455
Netherlands,VriendenLoterij Eredivisie,37,61666,AFC Ajax,2953,Maarten Paes,843250,28.0,191.0,Indonesia,G,Right,1877472000.0,1900000.0,EUR,NED,2024-2025,datafc_sofascore,2026-08-09T08:50:05.753455
Netherlands,VriendenLoterij Eredivisie,37,61666,AFC Ajax,2953,Paul Reverson,1403089,21.0,194.0,Ghana,G,Right,1814313600.0,340000.0,EUR,NED,2024-2025,datafc_sofascore,2026-08-09T08:50:05.753455
Netherlands,VriendenLoterij Eredivisie,37,61666,Feyenoord,2959,Ayase Ueda,985823,27.0,182.0,Japan,F,Right,1845936000.0,19400000.0,EUR,NED,2024-2025,datafc_sofascore,2026-08-09T08:50:05.753455
Netherlands,VriendenLoterij Eredivisie,37,61666,Feyenoord,2959,Casper Tengstedt,957937,26.0,184.0,Denmark,F,Right,1877472000.0,3400000.0,EUR,NED,2024-2025,datafc_sofascore,2026-08-09T08:50:05.753455
Netherlands,VriendenLoterij Eredivisie,37,61666,Feyenoord,2959,Nacho Ferri,1196903,21.0,192.0,Spain,F,Right,1909008000.0,6600000.0,EUR,NED,2024-2025,datafc_sofascore,2026-08-09T08:50:05.753455
Netherlands,VriendenLoterij Eredivisie,37,61666,Feyenoord,2959,Anis Hadj Moussa,1218066,24.0,176.0,Algeria,M,Left,1909008000.0,24000000.0,EUR,NED,2024-2025,datafc_sofascore,2026-08-09T08:50:05.753455
Netherlands,VriendenLoterij Eredivisie,37,61666,Feyenoord,2959,Oussama Targhalline,1095731,24.0,186.0,Morocco,M,Right,1845936000.0,14400000.0,EUR,NED,2024-2025,datafc_sofascore,2026-08-09T08:50:05.753455
Netherlands,VriendenLoterij Eredivisie,37,61666,Feyenoord,2959,Jakub Moder,886242,27.0,191.0,Poland,M,Right,1845936000.0,10900000.0,EUR,NED,2024-2025,datafc_sofascore,2026-08-09T08:50:05.753455
Netherlands,VriendenLoterij Eredivisie,37,61666,Feyenoord,2959,Sem Steijn,944467,24.0,173.0,Netherlands,M,Right,1877472000.0,11900000.0,EUR,NED,2024-2025,datafc_sofascore,2026-08-09T08:50:05.753455
Netherlands,VriendenLoterij Eredivisie,37,61666,Feyenoord,2959,Luka Ivanušec,822462,27.0,175.0,Croatia,M,Right,1845936000.0,3300000.0,EUR,NED,2024-2025,datafc_sofascore,2026-08-09T08:50:05.753455
Netherlands,VriendenLoterij Eredivisie,37,61666,Feyenoord,2959,Gaoussou Diarra,1918931,23.0,183.0,Mali,M,Right,1877472000.0,1800000.0,EUR,NED,2024-2025,datafc_sofascore,2026-08-09T08:50:05.753455
Netherlands,VriendenLoterij Eredivisie,37,61666,Feyenoord,2959,Luciano Valente,1121400,22.0,189.0,Netherlands,M,Right,1909008000.0,19200000.0,EUR,NED,2024-2025,datafc_sofascore,2026-08-09T08:50:05.753455
Netherlands,VriendenLoterij Eredivisie,37,61666,Feyenoord,2959,Gonçalo Borges,979221,25.0,184.0,Portugal,M,Right,1877472000.0,3100000.0,EUR,NED,2024-2025,datafc_sofascore,2026-08-09T08:50:05.753455
Netherlands,VriendenLoterij Eredivisie,37,61666,Feyenoord,2959,Gjivai Zechiël,1433802,22.0,179.0,Netherlands,M,Right,1845936000.0,10500000.0,EUR,NED,2024-2025,datafc_sofascore,2026-08-09T08:50:05.753455
Netherlands,VriendenLoterij Eredivisie,37,61666,Feyenoord,2959,Charles Vanhoutte,928033,27.0,182.0,Belgium,M,Right,1909008000.0,6800000.0,EUR,NED,2024-2025,datafc_sofascore,2026-08-09T08:50:05.753455
Netherlands,VriendenLoterij Eredivisie,37,61666,Feyenoord,2959,Thijs Kraaijeveld,1384486,19.0,188.0,Netherlands,M,Right,1845936000.0,5200000.0,EUR,NED,2024-2025,datafc_sofascore,2026-08-09T08:50:05.753455
Netherlands,VriendenLoterij Eredivisie,37,61666,Feyenoord,2959,Givairo Read,1388535,20.0,175.0,Netherlands,D,Right,1877472000.0,24000000.0,EUR,NED,2024-2025,datafc_sofascore,2026-08-09T08:50:05.753455
Netherlands,VriendenLoterij Eredivisie,37,61666,Feyenoord,2959,Jordan Bos,1144138,23.0,180.0,Australia,D,Left,1877472000.0,11200000.0,EUR,NED,2024-2025,datafc_sofascore,2026-08-09T08:50:05.753455
Netherlands,VriendenLoterij Eredivisie,37,61666,Feyenoord,2959,Tsuyoshi Watanabe,942213,29.0,187.0,Japan,D,Right,1877472000.0,9300000.0,EUR,NED,2024-2025,datafc_sofascore,2026-08-09T08:50:05.753455
Netherlands,VriendenLoterij Eredivisie,37,61666,Feyenoord,2959,Anel Ahmedhodžić,825899,27.0,190.0,Bosnia & Herzegovina,D,Right,1877472000.0,9700000.0,EUR,NED,2024-2025,datafc_sofascore,2026-08-09T08:50:05.753455
Netherlands,VriendenLoterij Eredivisie,37,61666,Feyenoord,2959,Jeremiah St Juste,787640,29.0,185.0,Netherlands,D,Right,1814313600.0,2900000.0,EUR,NED,2024-2025,datafc_sofascore,2026-08-09T08:50:05.753455
Netherlands,VriendenLoterij Eredivisie,37,61666,Feyenoord,2959,Mika Mármol,979146,25.0,181.0,Spain,D,Left,1909008000.0,9100000.0,EUR,NED,2024-2025,datafc_sofascore,2026-08-09T08:50:05.753455
Netherlands,VriendenLoterij Eredivisie,37,61666,Feyenoord,2959,Jordan Lotomba,796279,27.0,177.0,Switzerland,D,Right,1814313600.0,3600000.0,EUR,NED,2024-2025,datafc_sofascore,2026-08-09T08:50:05.753455
Netherlands,VriendenLoterij Eredivisie,37,61666,Feyenoord,2959,Thomas Beelen,1127916,25.0,190.0,Netherlands,D,Right,1845936000.0,5200000.0,EUR,NED,2024-2025,datafc_sofascore,2026-08-09T08:50:05.753455
Netherlands,VriendenLoterij Eredivisie,37,61666,Feyenoord,2959,Neraysho Kasanwirjo,961678,24.0,185.0,Netherlands,D,Right,1814313600.0,1400000.0,EUR,NED,2024-2025,datafc_sofascore,2026-08-09T08:50:05.753455
Netherlands,VriendenLoterij Eredivisie,37,61666,Feyenoord,2959,Mats Deijl,794013,29.0,180.0,Netherlands,D,Right,1845936000.0,1900000.0,EUR,NED,2024-2025,datafc_sofascore,2026-08-09T08:50:05.753455
Netherlands,VriendenLoterij Eredivisie,37,61666,Feyenoord,2959,Gijs Smal,860160,28.0,183.0,Netherlands,D,Left,1845936000.0,5800000.0,EUR,NED,2024-2025,datafc_sofascore,2026-08-09T08:50:05.753455
Netherlands,VriendenLoterij Eredivisie,37,61666,Feyenoord,2959,Bart Nieuwkoop,797279,30.0,180.0,Netherlands,D,Right,1814313600.0,1400000.0,EUR,NED,2024-2025,datafc_sofascore,2026-08-09T08:50:05.753455
Netherlands,VriendenLoterij Eredivisie,37,61666,Feyenoord,2959,Tjark Ernst,1019319,23.0,193.0,Germany,G,Right,1909008000.0,3900000.0,EUR,NED,2024-2025,datafc_sofascore,2026-08-09T08:50:05.753455
Netherlands,VriendenLoterij Eredivisie,37,61666,Feyenoord,2959,Liam Bossin,307364,30.0,190.0,Ireland,G,Right,1814313600.0,380000.0,EUR,NED,2024-2025,datafc_sofascore,2026-08-09T08:50:05.753455
Netherlands,VriendenLoterij Eredivisie,37,61666,Feyenoord,2959,Mannou Berger,1390118,21.0,193.0,Netherlands,G,Right,1814313600.0,77000.0,EUR,NED,2024-2025,datafc_sofascore,2026-08-09T08:50:05.753455
Netherlands,VriendenLoterij Eredivisie,37,61666,FC Utrecht,2948,Miliano Jonathans,1211982,22.0,178.0,Indonesia,F,Left,1845936000.0,775000.0,EUR,NED,2024-2025,datafc_sofascore,2026-08-09T08:50:05.753455
Netherlands,VriendenLoterij Eredivisie,37,61666,FC Utrecht,2948,Artem Stepanov,1489193,18.0,192.0,Ukraine,F,Right,1814313600.0,4800000.0,EUR,NED,2024-2025,datafc_sofascore,2026-08-09T08:50:05.753455
Netherlands,VriendenLoterij Eredivisie,37,61666,FC Utrecht,2948,Noah Ohio,1100456,23.0,185.0,Netherlands,F,Left,1814313600.0,620000.0,EUR,NED,2024-2025,datafc_sofascore,2026-08-09T08:50:05.753455
Netherlands,VriendenLoterij Eredivisie,37,61666,FC Utrecht,2948,David Min,966429,27.0,194.0,Netherlands,F,Right,1845936000.0,1600000.0,EUR,NED,2024-2025,datafc_sofascore,2026-08-09T08:50:05.753455
Netherlands,VriendenLoterij Eredivisie,37,61666,FC Utrecht,2948,Adrian Blake,1214695,21.0,170.0,England,F,Right,1814313600.0,2200000.0,EUR,NED,2024-2025,datafc_sofascore,2026-08-09T08:50:05.753455
Netherlands,VriendenLoterij Eredivisie,37,61666,FC Utrecht,2948,Emmanuel Owen,1896946,19.0,171.0,Germany,F,Left,1909008000.0,,,NED,2024-2025,datafc_sofascore,2026-08-09T08:50:05.753455
Netherlands,VriendenLoterij Eredivisie,37,61666,FC Utrecht,2948,Zidane Iqbal,1014225,23.0,180.0,Iraq,M,Right,1814313600.0,1000000.0,EUR,NED,2024-2025,datafc_sofascore,2026-08-09T08:50:05.753455
Netherlands,VriendenLoterij Eredivisie,37,61666,FC Utrecht,2948,Ángel Alarcón,1153261,22.0,175.0,Spain,M,Right,1877472000.0,5800000.0,EUR,NED,2024-2025,datafc_sofascore,2026-08-09T08:50:05.753455
Netherlands,VriendenLoterij Eredivisie,37,61666,FC Utrecht,2948,Kevin Paredes,1016810,23.0,175.0,USA,M,Left,1814313600.0,1900000.0,EUR,NED,2024-2025,datafc_sofascore,2026-08-09T08:50:05.753455
Netherlands,VriendenLoterij Eredivisie,37,61666,FC Utrecht,2948,Dani De Wit,855854,28.0,183.0,Netherlands,M,Right,1845936000.0,3800000.0,EUR,NED,2024-2025,datafc_sofascore,2026-08-09T08:50:05.753455
Netherlands,VriendenLoterij Eredivisie,37,61666,FC Utrecht,2948,Yoann Cathline,1105700,24.0,176.0,France,M,Right,1877472000.0,5800000.0,EUR,NED,2024-2025,datafc_sofascore,2026-08-09T08:50:05.753455
Netherlands,VriendenLoterij Eredivisie,37,61666,FC Utrecht,2948,Alonzo Engwanda,1000548,23.0,173.0,Belgium,M,Right,1845936000.0,7300000.0,EUR,NED,2024-2025,datafc_sofascore,2026-08-09T08:50:05.753455
Netherlands,VriendenLoterij Eredivisie,37,61666,FC Utrecht,2948,Victor Jensen,856648,26.0,175.0,Denmark,M,Right,1814313600.0,2300000.0,EUR,NED,2024-2025,datafc_sofascore,2026-08-09T08:50:05.753455
Netherlands,VriendenLoterij Eredivisie,37,61666,FC Utrecht,2948,Davy van den Berg,1001468,26.0,185.0,Netherlands,M,Left,1845936000.0,1300000.0,EUR,NED,2024-2025,datafc_sofascore,2026-08-09T08:50:05.753455
Netherlands,VriendenLoterij Eredivisie,37,61666,FC Utrecht,2948,Oualid Agougil,1142574,21.0,180.0,Netherlands,M,Left,1877472000.0,535000.0,EUR,NED,2024-2025,datafc_sofascore,2026-08-09T08:50:05.753455
Netherlands,VriendenLoterij Eredivisie,37,61666,FC Utrecht,2948,Joris van Overeem,138842,32.0,181.0,Netherlands,M,Right,1845936000.0,940000.0,EUR,NED,2024-2025,datafc_sofascore,2026-08-09T08:50:05.753455
Netherlands,VriendenLoterij Eredivisie,37,61666,FC Utrecht,2948,Arthur Zagre,910053,24.0,168.0,Burkina Faso,D,Left,1877472000.0,1800000.0,EUR,NED,2024-2025,datafc_sofascore,2026-08-09T08:50:05.753455
Netherlands,VriendenLoterij Eredivisie,37,61666,FC Utrecht,2948,Siebe Horemans,794990,28.0,186.0,Belgium,D,Right,1845936000.0,2900000.0,EUR,NED,2024-2025,datafc_sofascore,2026-08-09T08:50:05.753455
Netherlands,VriendenLoterij Eredivisie,37,61666,FC Utrecht,2948,Mike Eerdhuijzen,947842,26.0,194.0,Netherlands,D,Left,1877472000.0,1400000.0,EUR,NED,2024-2025,datafc_sofascore,2026-08-09T08:50:05.753455
Netherlands,VriendenLoterij Eredivisie,37,61666,FC Utrecht,2948,Matisse Didden,996992,24.0,198.0,Belgium,D,Right,1845936000.0,2800000.0,EUR,NED,2024-2025,datafc_sofascore,2026-08-09T08:50:05.753455
Netherlands,VriendenLoterij Eredivisie,37,61666,FC Utrecht,2948,Emeka Adeile,1467980,19.0,,England,D,,1909008000.0,680000.0,EUR,NED,2024-2025,datafc_sofascore,2026-08-09T08:50:05.753455
Netherlands,VriendenLoterij Eredivisie,37,61666,FC Utrecht,2948,Niklas Vesterlund,837010,27.0,185.0,Denmark,D,Right,1814313600.0,1500000.0,EUR,NED,2024-2025,datafc_sofascore,2026-08-09T08:50:05.753455
Netherlands,VriendenLoterij Eredivisie,37,61666,FC Utrecht,2948,Neville Nwankwo,1418395,23.0,189.0,Netherlands,D,Right,1814313600.0,850000.0,EUR,NED,2024-2025,datafc_sofascore,2026-08-09T08:50:05.753455
Netherlands,VriendenLoterij Eredivisie,37,61666,FC Utrecht,2948,Guus Offerhaus,1047396,25.0,185.0,Netherlands,D,Right,1877472000.0,735000.0,EUR,NED,2024-2025,datafc_sofascore,2026-08-09T08:50:05.753455
Netherlands,VriendenLoterij Eredivisie,37,61666,FC Utrecht,2948,Jamie Schuldes,1568510,19.0,191.0,Germany,D,Right,1909008000.0,,,NED,2024-2025,datafc_sofascore,2026-08-09T08:50:05.753455
Netherlands,VriendenLoterij Eredivisie,37,61666,FC Utrecht,2948,Vasilis Barkas,347726,32.0,196.0,Greece,G,Left,1845936000.0,3100000.0,EUR,NED,2024-2025,datafc_sofascore,2026-08-09T08:50:05.753455
Netherlands,VriendenLoterij Eredivisie,37,61666,FC Utrecht,2948,Kevin Gadellaa,1169107,23.0,210.0,Netherlands,G,Right,1814313600.0,245000.0,EUR,NED,2024-2025,datafc_sofascore,2026-08-09T08:50:05.753455
Netherlands,VriendenLoterij Eredivisie,37,61666,FC Utrecht,2948,Michael Brouwer,252027,33.0,187.0,Netherlands,G,Left,1845936000.0,270000.0,EUR,NED,2024-2025,datafc_sofascore,2026-08-09T08:50:05.753455
Netherlands,VriendenLoterij Eredivisie,37,61666,FC Utrecht,2948,Mees Eppink,1472799,20.0,192.0,Netherlands,G,Right,1877472000.0,185000.0,EUR,NED,2024-2025,datafc_sofascore,2026-08-09T08:50:05.753455
Netherlands,VriendenLoterij Eredivisie,37,61666,AZ Alkmaar,2950,Troy Parrott,966555,24.0,185.0,Ireland,F,Right,1877472000.0,23000000.0,EUR,NED,2024-2025,datafc_sofascore,2026-08-09T08:50:05.753455
Netherlands,VriendenLoterij Eredivisie,37,61666,AZ Alkmaar,2950,Ibrahim Sadiq,905174,26.0,166.0,Ghana,F,Right,1845936000.0,2100000.0,EUR,NED,2024-2025,datafc_sofascore,2026-08-09T08:50:05.753455
Netherlands,VriendenLoterij Eredivisie,37,61666,AZ Alkmaar,2950,Weslley Patati,1148468,22.0,167.0,Brazil,F,Left,1909008000.0,4700000.0,EUR,NED,2024-2025,datafc_sofascore,2026-08-09T08:50:05.753455
Netherlands,VriendenLoterij Eredivisie,37,61666,AZ Alkmaar,2950,Bendegúz Kovács,2055327,19.0,199.0,Hungary,F,Left,1877472000.0,1600000.0,EUR,NED,2024-2025,datafc_sofascore,2026-08-09T08:50:05.753455
Netherlands,VriendenLoterij Eredivisie,37,61666,AZ Alkmaar,2950,Mexx Meerdink,1153117,23.0,182.0,Netherlands,F,Left,1909008000.0,8300000.0,EUR,NED,2024-2025,datafc_sofascore,2026-08-09T08:50:05.753455
Netherlands,VriendenLoterij Eredivisie,37,61666,AZ Alkmaar,2950,Jizz Hornkamp,914392,28.0,180.0,Netherlands,F,Right,1909008000.0,2600000.0,EUR,NED,2024-2025,datafc_sofascore,2026-08-09T08:50:05.753455
Netherlands,VriendenLoterij Eredivisie,37,61666,AZ Alkmaar,2950,Mayckel Lahdo,1046028,23.0,171.0,Sweden,F,Right,1814313600.0,2600000.0,EUR,NED,2024-2025,datafc_sofascore,2026-08-09T08:50:05.753455
Netherlands,VriendenLoterij Eredivisie,37,61666,AZ Alkmaar,2950,Isak Steiner Jensen,1087931,22.0,185.0,Denmark,F,Right,1909008000.0,4900000.0,EUR,NED,2024-2025,datafc_sofascore,2026-08-09T08:50:05.753455
Netherlands,VriendenLoterij Eredivisie,37,61666,AZ Alkmaar,2950,Sem van Duijn,1548834,22.0,181.0,Netherlands,F,Right,1940544000.0,720000.0,EUR,NED,2024-2025,datafc_sofascore,2026-08-09T08:50:05.753455
Netherlands,VriendenLoterij Eredivisie,37,61666,AZ Alkmaar,2950,Kees Smit,1405756,20.0,182.0,Netherlands,M,Right,1845936000.0,24000000.0,EUR,NED,2024-2025,datafc_sofascore,2026-08-09T08:50:05.753455
Netherlands,VriendenLoterij Eredivisie,37,61666,AZ Alkmaar,2950,Calvin Stengs,857480,27.0,187.0,Netherlands,M,Left,1814313600.0,4800000.0,EUR,NED,2024-2025,datafc_sofascore,2026-08-09T08:50:05.753455
Netherlands,VriendenLoterij Eredivisie,37,61666,AZ Alkmaar,2950,Ro-Zangelo Daal,1145989,21.0,173.0,Netherlands,M,Right,1909008000.0,3100000.0,EUR,NED,2024-2025,datafc_sofascore,2026-08-09T08:50:05.753455
Netherlands,VriendenLoterij Eredivisie,37,61666,AZ Alkmaar,2950,Ayoub Oufkir,1648756,20.0,170.0,Netherlands,M,Left,1909008000.0,2800000.0,EUR,NED,2024-2025,datafc_sofascore,2026-08-09T08:50:05.753455
Netherlands,VriendenLoterij Eredivisie,37,61666,AZ Alkmaar,2950,Peer Koopmeiners,922018,26.0,186.0,Netherlands,M,Right,1845936000.0,12500000.0,EUR,NED,2024-2025,datafc_sofascore,2026-08-09T08:50:05.753455
Netherlands,VriendenLoterij Eredivisie,37,61666,AZ Alkmaar,2950,Matěj Šín,1170900,22.0,180.0,Czechia,M,Left,1909008000.0,2700000.0,EUR,NED,2024-2025,datafc_sofascore,2026-08-09T08:50:05.753455
Netherlands,VriendenLoterij Eredivisie,37,61666,AZ Alkmaar,2950,Wassim Bouziane,1562510,19.0,181.0,Netherlands,M,Right,1909008000.0,440000.0,EUR,NED,2024-2025,datafc_sofascore,2026-08-09T08:50:05.753455
Netherlands,VriendenLoterij Eredivisie,37,61666,AZ Alkmaar,2950,Dave Kwakman,1146002,22.0,186.0,Netherlands,M,Right,1877472000.0,1400000.0,EUR,NED,2024-2025,datafc_sofascore,2026-08-09T08:50:05.753455
Netherlands,VriendenLoterij Eredivisie,37,61666,AZ Alkmaar,2950,Julian Oerip,1394876,19.0,179.0,Netherlands,M,Right,1877472000.0,320000.0,EUR,NED,2024-2025,datafc_sofascore,2026-08-09T08:50:05.753455
Netherlands,VriendenLoterij Eredivisie,37,61666,AZ Alkmaar,2950,Jordy Clasie,116946,35.0,169.0,Netherlands,M,Both,1845936000.0,775000.0,EUR,NED,2024-2025,datafc_sofascore,2026-08-09T08:50:05.753455
Netherlands,VriendenLoterij Eredivisie,37,61666,AZ Alkmaar,2950,Hessel de Wit,1974439,19.0,185.0,Netherlands,M,Right,1909008000.0,165000.0,EUR,NED,2024-2025,datafc_sofascore,2026-08-09T08:50:05.753455
Netherlands,VriendenLoterij Eredivisie,37,61666,AZ Alkmaar,2950,Mateo Chávez,1638685,22.0,177.0,Mexico,D,Left,1909008000.0,4099999.0,EUR,NED,2024-2025,datafc_sofascore,2026-08-09T08:50:05.753455
Netherlands,VriendenLoterij Eredivisie,37,61666,AZ Alkmaar,2950,Andrea Natali,1823904,18.0,186.0,Italy,D,Right,1940544000.0,375000.0,EUR,NED,2024-2025,datafc_sofascore,2026-08-09T08:50:05.753455
Netherlands,VriendenLoterij Eredivisie,37,61666,AZ Alkmaar,2950,Rion Ichihara,1499691,21.0,187.0,Japan,D,Right,1940544000.0,1600000.0,EUR,NED,2024-2025,datafc_sofascore,2026-08-09T08:50:05.753455
Netherlands,VriendenLoterij Eredivisie,37,61666,AZ Alkmaar,2950,Seiya Maikuma,1028330,28.0,179.0,Japan,D,Right,1845936000.0,2100000.0,EUR,NED,2024-2025,datafc_sofascore,2026-08-09T08:50:05.753455
Netherlands,VriendenLoterij Eredivisie,37,61666,AZ Alkmaar,2950,Wouter Goes,1145982,22.0,187.0,Netherlands,D,Right,1845936000.0,16500000.0,EUR,NED,2024-2025,datafc_sofascore,2026-08-09T08:50:05.753455
Netherlands,VriendenLoterij Eredivisie,37,61666,AZ Alkmaar,2950,Elijah Dijkstra,1386461,20.0,172.0,Netherlands,D,Right,1877472000.0,5600000.0,EUR,NED,2024-2025,datafc_sofascore,2026-08-09T08:50:05.753455
Netherlands,VriendenLoterij Eredivisie,37,61666,AZ Alkmaar,2950,Denso Kasius,1008111,23.0,186.0,Netherlands,D,Right,1877472000.0,5800000.0,EUR,NED,2024-2025,datafc_sofascore,2026-08-09T08:50:05.753455
Netherlands,VriendenLoterij Eredivisie,37,61666,AZ Alkmaar,2950,Maxim Dekker,1119294,22.0,192.0,Netherlands,D,Left,1877472000.0,670000.0,EUR,NED,2024-2025,datafc_sofascore,2026-08-09T08:50:05.753455
Netherlands,VriendenLoterij Eredivisie,37,61666,AZ Alkmaar,2950,Mees De Wit,893559,28.0,178.0,Netherlands,D,Left,1877472000.0,5800000.0,EUR,NED,2024-2025,datafc_sofascore,2026-08-09T08:50:05.753455
Netherlands,VriendenLoterij Eredivisie,37,61666,AZ Alkmaar,2950,Sam De Grand,1146313,21.0,178.0,Netherlands,D,Left,1909008000.0,940000.0,EUR,NED,2024-2025,datafc_sofascore,2026-08-09T08:50:05.753455
Netherlands,VriendenLoterij Eredivisie,37,61666,AZ Alkmaar,2950,Lewis Schouten,1145987,22.0,191.0,Netherlands,D,Right,1845936000.0,655000.0,EUR,NED,2024-2025,datafc_sofascore,2026-08-09T08:50:05.753455
Netherlands,VriendenLoterij Eredivisie,37,61666,AZ Alkmaar,2950,Billy van Duijl,1213381,20.0,184.0,Netherlands,D,Left,1940544000.0,1500000.0,EUR,NED,2024-2025,datafc_sofascore,2026-08-09T08:50:05.753455
Netherlands,VriendenLoterij Eredivisie,37,61666,AZ Alkmaar,2950,Rome Jayden Owusu-Oduro,1145999,22.0,189.0,Netherlands,G,Right,1909008000.0,5700000.0,EUR,NED,2024-2025,datafc_sofascore,2026-08-09T08:50:05.753455
Netherlands,VriendenLoterij Eredivisie,37,61666,AZ Alkmaar,2950,Jari De Busser,837072,26.0,190.0,Belgium,G,Both,1940544000.0,4300000.0,EUR,NED,2024-2025,datafc_sofascore,2026-08-09T08:50:05.753455
Netherlands,VriendenLoterij Eredivisie,37,61666,AZ Alkmaar,2950,Jeroen Zoet,40963,35.0,186.0,Netherlands,G,Right,1814313600.0,230000.0,EUR,NED,2024-2025,datafc_sofascore,2026-08-09T08:50:05.753455
Netherlands,VriendenLoterij Eredivisie,37,61666,AZ Alkmaar,2950,Hobie Verhulst,97401,33.0,189.0,Netherlands,G,Left,1845936000.0,160000.0,EUR,NED,2024-2025,datafc_sofascore,2026-08-09T08:50:05.753455
Netherlands,VriendenLoterij Eredivisie,37,61666,FC Twente,2955,Wout Weghorst,252215,34.0,197.0,Netherlands,F,Right,1845936000.0,2100000.0,EUR,NED,2024-2025,datafc_sofascore,2026-08-09T08:50:05.753455
Netherlands,VriendenLoterij Eredivisie,37,61666,FC Twente,2955,Marko Pjaca,190435,31.0,186.0,Croatia,F,Right,1814313600.0,1600000.0,EUR,NED,2024-2025,datafc_sofascore,2026-08-09T08:50:05.753455
Netherlands,VriendenLoterij Eredivisie,37,61666,FC Twente,2955,Sayfallah Ltaief,1032926,26.0,180.0,Tunisia,F,Right,1814313600.0,1300000.0,EUR,NED,2024-2025,datafc_sofascore,2026-08-09T08:50:05.753455
Netherlands,VriendenLoterij Eredivisie,37,61666,FC Twente,2955,Naci Ünüvar,954317,23.0,168.0,Türkiye,F,Right,1845936000.0,910000.0,EUR,NED,2024-2025,datafc_sofascore,2026-08-09T08:50:05.753455
Netherlands,VriendenLoterij Eredivisie,37,61666,FC Twente,2955,Sam Lammers,804901,29.0,191.0,Netherlands,F,Both,1814313600.0,4300000.0,EUR,NED,2024-2025,datafc_sofascore,2026-08-09T08:50:05.753455
Netherlands,VriendenLoterij Eredivisie,37,61666,FC Twente,2955,Lucas Vennegoor of Hesselink,1634542,20.0,188.0,Netherlands,F,Left,1845936000.0,270000.0,EUR,NED,2024-2025,datafc_sofascore,2026-08-09T08:50:05.753455
Netherlands,VriendenLoterij Eredivisie,37,61666,FC Twente,2955,Ramiz Zerrouki,989882,28.0,183.0,Algeria,M,Right,1909008000.0,6000000.0,EUR,NED,2024-2025,datafc_sofascore,2026-08-09T08:50:05.753455
Netherlands,VriendenLoterij Eredivisie,37,61666,FC Twente,2955,Younes Taha,1146623,23.0,176.0,Morocco,M,Left,1814313600.0,4200000.0,EUR,NED,2024-2025,datafc_sofascore,2026-08-09T08:50:05.753455
Netherlands,VriendenLoterij Eredivisie,37,61666,FC Twente,2955,Kristian Hlynsson,1160026,22.0,176.0,Iceland,M,Right,1877472000.0,5700000.0,EUR,NED,2024-2025,datafc_sofascore,2026-08-09T08:50:05.753455
Netherlands,VriendenLoterij Eredivisie,37,61666,FC Twente,2955,Sondre Ørjasæter,1200962,22.0,180.0,Norway,M,Right,1877472000.0,6800000.0,EUR,NED,2024-2025,datafc_sofascore,2026-08-09T08:50:05.753455
Netherlands,VriendenLoterij Eredivisie,37,61666,FC Twente,2955,Daan Rots,1048430,25.0,179.0,Netherlands,M,Left,1814313600.0,4700000.0,EUR,NED,2024-2025,datafc_sofascore,2026-08-09T08:50:05.753455
Netherlands,VriendenLoterij Eredivisie,37,61666,FC Twente,2955,Taylor Booth,906024,25.0,173.0,USA,M,Both,1845936000.0,1100000.0,EUR,NED,2024-2025,datafc_sofascore,2026-08-09T08:50:05.753455
Netherlands,VriendenLoterij Eredivisie,37,61666,FC Twente,2955,Thomas Van den Belt,945233,25.0,181.0,Netherlands,M,Right,1877472000.0,4400000.0,EUR,NED,2024-2025,datafc_sofascore,2026-08-09T08:50:05.753455
Netherlands,VriendenLoterij Eredivisie,37,61666,FC Twente,2955,Arno Verschueren,578344,29.0,182.0,Belgium,M,Right,1845936000.0,675000.0,EUR,NED,2024-2025,datafc_sofascore,2026-08-09T08:50:05.753455
Netherlands,VriendenLoterij Eredivisie,37,61666,FC Twente,2955,Mathias Kjølø,966546,25.0,174.0,Norway,M,Right,1814313600.0,925000.0,EUR,NED,2024-2025,datafc_sofascore,2026-08-09T08:50:05.753455
Netherlands,VriendenLoterij Eredivisie,37,61666,FC Twente,2955,Daouda Weidmann,1142678,23.0,180.0,France,M,Right,1909008000.0,795000.0,EUR,NED,2024-2025,datafc_sofascore,2026-08-09T08:50:05.753455
Netherlands,VriendenLoterij Eredivisie,37,61666,FC Twente,2955,Gijs Besselink,1440801,22.0,180.0,Netherlands,M,Right,1845936000.0,620000.0,EUR,NED,2024-2025,datafc_sofascore,2026-08-09T08:50:05.753455
Netherlands,VriendenLoterij Eredivisie,37,61666,FC Twente,2955,Mees Hilgers,1014288,25.0,185.0,Indonesia,D,Right,1814313600.0,3200000.0,EUR,NED,2024-2025,datafc_sofascore,2026-08-09T08:50:05.753455
Netherlands,VriendenLoterij Eredivisie,37,61666,FC Twente,2955,Ruud Nijstad,1890313,18.0,192.0,Netherlands,D,Left,1877472000.0,10500000.0,EUR,NED,2024-2025,datafc_sofascore,2026-08-09T08:50:05.753455
Netherlands,VriendenLoterij Eredivisie,37,61666,FC Twente,2955,Julien Mesbahi,1470014,20.0,181.0,Morocco,D,Right,1814313600.0,160000.0,EUR,NED,2024-2025,datafc_sofascore,2026-08-09T08:50:05.753455
Netherlands,VriendenLoterij Eredivisie,37,61666,FC Twente,2955,Bart van Rooij,946506,25.0,174.0,Netherlands,D,Right,1845936000.0,9700000.0,EUR,NED,2024-2025,datafc_sofascore,2026-08-09T08:50:05.753455
Netherlands,VriendenLoterij Eredivisie,37,61666,FC Twente,2955,Stav Lemkin,1091923,23.0,190.0,Israel,D,Right,1845936000.0,5700000.0,EUR,NED,2024-2025,datafc_sofascore,2026-08-09T08:50:05.753455
Netherlands,VriendenLoterij Eredivisie,37,61666,FC Twente,2955,Robin Pröpper,196082,32.0,190.0,Netherlands,D,Both,1877472000.0,1200000.0,EUR,NED,2024-2025,datafc_sofascore,2026-08-09T08:50:05.753455
Netherlands,VriendenLoterij Eredivisie,37,61666,FC Twente,2955,Krzysztof Kurowski,1479494,19.0,180.0,Poland,D,Left,1909008000.0,495000.0,EUR,NED,2024-2025,datafc_sofascore,2026-08-09T08:50:05.753455
Netherlands,VriendenLoterij Eredivisie,37,61666,FC Twente,2955,Guilherme Peixoto,1470065,20.0,181.0,Portugal,D,Right,1845936000.0,195000.0,EUR,NED,2024-2025,datafc_sofascore,2026-08-09T08:50:05.753455
Netherlands,VriendenLoterij Eredivisie,37,61666,FC Twente,2955,Aske Adelgaard,1133233,22.0,175.0,Denmark,D,Left,1909008000.0,940000.0,EUR,NED,2024-2025,datafc_sofascore,2026-08-09T08:50:05.753455
Netherlands,VriendenLoterij Eredivisie,37,61666,FC Twente,2955,Max Bruns,1091627,23.0,186.0,Netherlands,D,Right,1877472000.0,1400000.0,EUR,NED,2024-2025,datafc_sofascore,2026-08-09T08:50:05.753455
Netherlands,VriendenLoterij Eredivisie,37,61666,FC Twente,2955,Remko Pasveer,2622,42.0,186.0,Netherlands,G,Right,1814313600.0,97000.0,EUR,NED,2024-2025,datafc_sofascore,2026-08-09T08:50:05.753455
Netherlands,VriendenLoterij Eredivisie,37,61666,FC Twente,2955,Issam El Maach,904775,26.0,187.0,Morocco,G,Right,1814313600.0,110000.0,EUR,NED,2024-2025,datafc_sofascore,2026-08-09T08:50:05.753455
Netherlands,VriendenLoterij Eredivisie,37,61666,FC Twente,2955,Joël Drommel,610396,29.0,189.0,Netherlands,G,Right,1909008000.0,3700000.0,EUR,NED,2024-2025,datafc_sofascore,2026-08-09T08:50:05.753455
Netherlands,VriendenLoterij Eredivisie,37,61666,FC Twente,2955,Lars Unnerstall,94835,36.0,198.0,Germany,G,Right,1814313600.0,1000000.0,EUR,NED,2024-2025,datafc_sofascore,2026-08-09T08:50:05.753455
Netherlands,VriendenLoterij Eredivisie,37,61666,FC Twente,2955,Yannick Gerritsen,1928510,20.0,,Netherlands,G,,1845936000.0,49000.0,EUR,NED,2024-2025,datafc_sofascore,2026-08-09T08:50:05.753455
Netherlands,VriendenLoterij Eredivisie,37,61666,Go Ahead Eagles,2979,Victor Edvardsen,841420,30.0,185.0,Sweden,F,Right,1845936000.0,880000.0,EUR,NED,2024-2025,datafc_sofascore,2026-08-09T08:50:05.753455
Netherlands,VriendenLoterij Eredivisie,37,61666,Go Ahead Eagles,2979,Richonell Margaret,973716,25.0,191.0,Suriname,F,Right,1877472000.0,620000.0,EUR,NED,2024-2025,datafc_sofascore,2026-08-09T08:50:05.753455
Netherlands,VriendenLoterij Eredivisie,37,61666,Go Ahead Eagles,2979,Stefán Ingi Sigurðarson,907517,25.0,191.0,Iceland,F,Right,1909008000.0,1900000.0,EUR,NED,2024-2025,datafc_sofascore,2026-08-09T08:50:05.753455
Netherlands,VriendenLoterij Eredivisie,37,61666,Go Ahead Eagles,2979,Oskar Siira Sivertsen,1022552,22.0,177.0,Norway,F,Right,1845936000.0,490000.0,EUR,NED,2024-2025,datafc_sofascore,2026-08-09T08:50:05.753455
Netherlands,VriendenLoterij Eredivisie,37,61666,Go Ahead Eagles,2979,Erik Flataker,1121303,21.0,182.0,Norway,F,Right,1909008000.0,560000.0,EUR,NED,2024-2025,datafc_sofascore,2026-08-09T08:50:05.753455
Netherlands,VriendenLoterij Eredivisie,37,61666,Go Ahead Eagles,2979,Thibo Baeten,964766,24.0,183.0,Belgium,F,Left,1877472000.0,515000.0,EUR,NED,2024-2025,datafc_sofascore,2026-08-09T08:50:05.753455
Netherlands,VriendenLoterij Eredivisie,37,61666,Go Ahead Eagles,2979,Ofosu Boakye,2056009,19.0,181.0,Netherlands,F,,1877472000.0,81000.0,EUR,NED,2024-2025,datafc_sofascore,2026-08-09T08:50:05.753455
Netherlands,VriendenLoterij Eredivisie,37,61666,Go Ahead Eagles,2979,Mathis Suray,909960,25.0,173.0,Belgium,M,Right,1814313600.0,3200000.0,EUR,NED,2024-2025,datafc_sofascore,2026-08-09T08:50:05.753455
Netherlands,VriendenLoterij Eredivisie,37,61666,Go Ahead Eagles,2979,Melle Meulensteen,891795,27.0,185.0,Netherlands,M,Right,1877472000.0,2400000.0,EUR,NED,2024-2025,datafc_sofascore,2026-08-09T08:50:05.753455
Netherlands,VriendenLoterij Eredivisie,37,61666,Go Ahead Eagles,2979,Yassir Rahmouni,2180363,20.0,185.0,Netherlands,M,Right,1877472000.0,440000.0,EUR,NED,2024-2025,datafc_sofascore,2026-08-09T08:50:05.753455
Netherlands,VriendenLoterij Eredivisie,37,61666,Go Ahead Eagles,2979,Søren Tengstedt,987647,26.0,187.0,Denmark,M,Left,1814313600.0,770000.0,EUR,NED,2024-2025,datafc_sofascore,2026-08-09T08:50:05.753455
Netherlands,VriendenLoterij Eredivisie,37,61666,Go Ahead Eagles,2979,Evert Linthorst,932555,26.0,187.0,Netherlands,M,Right,1845936000.0,1100000.0,EUR,NED,2024-2025,datafc_sofascore,2026-08-09T08:50:05.753455
Netherlands,VriendenLoterij Eredivisie,37,61666,Go Ahead Eagles,2979,Calvin Twigt,1084944,23.0,183.0,Netherlands,M,Right,1845936000.0,690000.0,EUR,NED,2024-2025,datafc_sofascore,2026-08-09T08:50:05.753455
Netherlands,VriendenLoterij Eredivisie,37,61666,Go Ahead Eagles,2979,Robbin Weijenberg,1386182,21.0,180.0,Netherlands,M,Right,1814313600.0,210000.0,EUR,NED,2024-2025,datafc_sofascore,2026-08-09T08:50:05.753455
Netherlands,VriendenLoterij Eredivisie,37,61666,Go Ahead Eagles,2979,Dean James,1046722,26.0,177.0,Indonesia,D,Left,1845936000.0,1600000.0,EUR,NED,2024-2025,datafc_sofascore,2026-08-09T08:50:05.753455
Netherlands,VriendenLoterij Eredivisie,37,61666,Go Ahead Eagles,2979,Tomas Galvez,1149168,21.0,173.0,Finland,D,Left,1909008000.0,780000.0,EUR,NED,2024-2025,datafc_sofascore,2026-08-09T08:50:05.753455
Netherlands,VriendenLoterij Eredivisie,37,61666,Go Ahead Eagles,2979,Alfons Sampsted,842536,28.0,180.0,Iceland,D,Right,1845936000.0,1600000.0,EUR,NED,2024-2025,datafc_sofascore,2026-08-09T08:50:05.753455
Netherlands,VriendenLoterij Eredivisie,37,61666,Go Ahead Eagles,2979,Joris Kramer,793742,30.0,190.0,Netherlands,D,Left,1845936000.0,1900000.0,EUR,NED,2024-2025,datafc_sofascore,2026-08-09T08:50:05.753455
Netherlands,VriendenLoterij Eredivisie,37,61666,Go Ahead Eagles,2979,Eus Waayers,1479476,20.0,181.0,Netherlands,D,Right,1877472000.0,360000.0,EUR,NED,2024-2025,datafc_sofascore,2026-08-09T08:50:05.753455
Netherlands,VriendenLoterij Eredivisie,37,61666,Go Ahead Eagles,2979,Julius Dirksen,1001943,23.0,185.0,Netherlands,D,Left,1877472000.0,745000.0,EUR,NED,2024-2025,datafc_sofascore,2026-08-09T08:50:05.753455
Netherlands,VriendenLoterij Eredivisie,37,61666,Go Ahead Eagles,2979,Gerrit Nauber,133168,34.0,185.0,Germany,D,Right,1814313600.0,325000.0,EUR,NED,2024-2025,datafc_sofascore,2026-08-09T08:50:05.753455
Netherlands,VriendenLoterij Eredivisie,37,61666,Go Ahead Eagles,2979,Giovanni van Zwam,1119473,22.0,185.0,Netherlands,D,Right,1814313600.0,280000.0,EUR,NED,2024-2025,datafc_sofascore,2026-08-09T08:50:05.753455
Netherlands,VriendenLoterij Eredivisie,37,61666,Go Ahead Eagles,2979,Pim Saathof,1171238,22.0,186.0,Netherlands,D,Right,1814313600.0,69000.0,EUR,NED,2024-2025,datafc_sofascore,2026-08-09T08:50:05.753455
Netherlands,VriendenLoterij Eredivisie,37,61666,Go Ahead Eagles,2979,Dani Tijman,2399094,20.0,183.0,Netherlands,D,Right,1845936000.0,,,NED,2024-2025,datafc_sofascore,2026-08-09T08:50:05.753455
Netherlands,VriendenLoterij Eredivisie,37,61666,Go Ahead Eagles,2979,Kjetil Haug,792318,28.0,187.0,Norway,G,Right,1877472000.0,385000.0,EUR,NED,2024-2025,datafc_sofascore,2026-08-09T08:50:05.753455
Netherlands,VriendenLoterij Eredivisie,37,61666,Go Ahead Eagles,2979,Nick Marsman,70927,35.0,188.0,Netherlands,G,Right,1814313600.0,135000.0,EUR,NED,2024-2025,datafc_sofascore,2026-08-09T08:50:05.753455
Netherlands,VriendenLoterij Eredivisie,37,61666,Go Ahead Eagles,2979,Nando Verdoni,1130708,21.0,189.0,Netherlands,G,Right,1877472000.0,27000.0,EUR,NED,2024-2025,datafc_sofascore,2026-08-09T08:50:05.753455
Netherlands,VriendenLoterij Eredivisie,37,61666,NEC Nijmegen,2962,Dušan Tadić,38560,37.0,181.0,Serbia,F,Left,1845936000.0,1400000.0,EUR,NED,2024-2025,datafc_sofascore,2026-08-09T08:50:05.753455
Netherlands,VriendenLoterij Eredivisie,37,61666,NEC Nijmegen,2962,Koki Ogawa,831860,29.0,186.0,Japan,F,Right,1814313600.0,2100000.0,EUR,NED,2024-2025,datafc_sofascore,2026-08-09T08:50:05.753455
Netherlands,VriendenLoterij Eredivisie,37,61666,NEC Nijmegen,2962,Tjaronn Chery,35208,38.0,170.0,Suriname,F,Left,1845936000.0,440000.0,EUR,NED,2024-2025,datafc_sofascore,2026-08-09T08:50:05.753455
Netherlands,VriendenLoterij Eredivisie,37,61666,NEC Nijmegen,2962,Clement Bischoff,1481672,20.0,180.0,Denmark,F,Right,1814313600.0,2900000.0,EUR,NED,2024-2025,datafc_sofascore,2026-08-09T08:50:05.753455
Netherlands,VriendenLoterij Eredivisie,37,61666,NEC Nijmegen,2962,Kaj Sierhuis,855847,28.0,180.0,Netherlands,F,Both,1877472000.0,1900000.0,EUR,NED,2024-2025,datafc_sofascore,2026-08-09T08:50:05.753455
Netherlands,VriendenLoterij Eredivisie,37,61666,NEC Nijmegen,2962,Bryan Linssen,47753,35.0,170.0,Netherlands,F,Right,1845936000.0,290000.0,EUR,NED,2024-2025,datafc_sofascore,2026-08-09T08:50:05.753455
Netherlands,VriendenLoterij Eredivisie,37,61666,NEC Nijmegen,2962,Noe Lebreton,1214957,22.0,178.0,France,F,Right,1877472000.0,4099999.0,EUR,NED,2024-2025,datafc_sofascore,2026-08-09T08:50:05.753455
Netherlands,VriendenLoterij Eredivisie,37,61666,NEC Nijmegen,2962,Kevin Kers,1500993,20.0,190.0,Netherlands,F,Right,1814313600.0,,,NED,2024-2025,datafc_sofascore,2026-08-09T08:50:05.753455
Netherlands,VriendenLoterij Eredivisie,37,61666,NEC Nijmegen,2962,Emre Mor,826258,29.0,169.0,Türkiye,M,Left,1845936000.0,475000.0,EUR,NED,2024-2025,datafc_sofascore,2026-08-09T08:50:05.753455
Netherlands,VriendenLoterij Eredivisie,37,61666,NEC Nijmegen,2962,Isak Hansen Aarøen,1019011,21.0,173.0,Norway,M,Right,1814313600.0,575000.0,EUR,NED,2024-2025,datafc_sofascore,2026-08-09T08:50:05.753455
Netherlands,VriendenLoterij Eredivisie,37,61666,NEC Nijmegen,2962,Jamiro Monteiro,815080,32.0,175.0,Cape Verde,M,Right,1845936000.0,590000.0,EUR,NED,2024-2025,datafc_sofascore,2026-08-09T08:50:05.753455
Netherlands,VriendenLoterij Eredivisie,37,61666,NEC Nijmegen,2962,Sami Ouaissa,1394147,21.0,180.0,Netherlands,M,Left,1845936000.0,8199999.0,EUR,NED,2024-2025,datafc_sofascore,2026-08-09T08:50:05.753455
Netherlands,VriendenLoterij Eredivisie,37,61666,NEC Nijmegen,2962,Darko Nejašmić,897603,27.0,184.0,Croatia,M,Right,1814313600.0,4099999.0,EUR,NED,2024-2025,datafc_sofascore,2026-08-09T08:50:05.753455
Netherlands,VriendenLoterij Eredivisie,37,61666,NEC Nijmegen,2962,Adam Tahaui,1891090,21.0,185.0,Morocco,M,Left,1909008000.0,540000.0,EUR,NED,2024-2025,datafc_sofascore,2026-08-09T08:50:05.753455
Netherlands,VriendenLoterij Eredivisie,37,61666,NEC Nijmegen,2962,Willum Thor Willumsson,978823,27.0,193.0,Iceland,M,Left,1845936000.0,1500000.0,EUR,NED,2024-2025,datafc_sofascore,2026-08-09T08:50:05.753455
Netherlands,VriendenLoterij Eredivisie,37,61666,NEC Nijmegen,2962,Vito van Crooij,385708,30.0,172.0,Netherlands,M,Right,1814313600.0,955000.0,EUR,NED,2024-2025,datafc_sofascore,2026-08-09T08:50:05.753455
Netherlands,VriendenLoterij Eredivisie,37,61666,NEC Nijmegen,2962,Sam de Laat,2193004,20.0,180.0,Netherlands,M,,1814313600.0,68000.0,EUR,NED,2024-2025,datafc_sofascore,2026-08-09T08:50:05.753455
Netherlands,VriendenLoterij Eredivisie,37,61666,NEC Nijmegen,2962,Perr Schuurs,831677,26.0,191.0,Netherlands,D,Right,1877472000.0,825000.0,EUR,NED,2024-2025,datafc_sofascore,2026-08-09T08:50:05.753455
Netherlands,VriendenLoterij Eredivisie,37,61666,NEC Nijmegen,2962,Deveron Fonville,1177177,23.0,178.0,Curacao,D,Left,1877472000.0,1500000.0,EUR,NED,2024-2025,datafc_sofascore,2026-08-09T08:50:05.753455
Netherlands,VriendenLoterij Eredivisie,37,61666,NEC Nijmegen,2962,Philippe Sandler,842275,29.0,188.0,Netherlands,D,Right,1877472000.0,1900000.0,EUR,NED,2024-2025,datafc_sofascore,2026-08-09T08:50:05.753455
Netherlands,VriendenLoterij Eredivisie,37,61666,NEC Nijmegen,2962,Thomas Ouwejan,798180,29.0,184.0,Netherlands,D,Left,1814313600.0,660000.0,EUR,NED,2024-2025,datafc_sofascore,2026-08-09T08:50:05.753455
Netherlands,VriendenLoterij Eredivisie,37,61666,NEC Nijmegen,2962,Brayann Pereira,1012639,23.0,172.0,France,D,Right,1814313600.0,1100000.0,EUR,NED,2024-2025,datafc_sofascore,2026-08-09T08:50:05.753455
Netherlands,VriendenLoterij Eredivisie,37,61666,NEC Nijmegen,2962,Bram Nuytinck,70930,36.0,190.0,Netherlands,D,Left,1814313600.0,190000.0,EUR,NED,2024-2025,datafc_sofascore,2026-08-09T08:50:05.753455
Netherlands,VriendenLoterij Eredivisie,37,61666,NEC Nijmegen,2962,Tobias Storm,1390122,22.0,176.0,Denmark,D,Right,1909008000.0,1200000.0,EUR,NED,2024-2025,datafc_sofascore,2026-08-09T08:50:05.753455
Netherlands,VriendenLoterij Eredivisie,37,61666,NEC Nijmegen,2962,Yousri Sbai,2026504,22.0,178.0,Netherlands,D,Right,1845936000.0,245000.0,EUR,NED,2024-2025,datafc_sofascore,2026-08-09T08:50:05.753455
Netherlands,VriendenLoterij Eredivisie,37,61666,NEC Nijmegen,2962,Yassin Moslih,2230527,19.0,,Netherlands,D,,1814313600.0,,,NED,2024-2025,datafc_sofascore,2026-08-09T08:50:05.753455
Netherlands,VriendenLoterij Eredivisie,37,61666,NEC Nijmegen,2962,Merijn van de Wiel,2276919,20.0,180.0,Netherlands,D,,1845936000.0,105000.0,EUR,NED,2024-2025,datafc_sofascore,2026-08-09T08:50:05.753455
Netherlands,VriendenLoterij Eredivisie,37,61666,NEC Nijmegen,2962,Gonzalo Crettaz,990798,26.0,181.0,Argentina,G,Right,1845936000.0,3800000.0,EUR,NED,2024-2025,datafc_sofascore,2026-08-09T08:50:05.753455
Netherlands,VriendenLoterij Eredivisie,37,61666,NEC Nijmegen,2962,Freek Entius,1403074,20.0,196.0,Netherlands,G,Right,1814313600.0,,,NED,2024-2025,datafc_sofascore,2026-08-09T08:50:05.753455
Netherlands,VriendenLoterij Eredivisie,37,61666,NEC Nijmegen,2962,Joep Geneste,1942346,19.0,192.0,Netherlands,G,,,,,NED,2024-2025,datafc_sofascore,2026-08-09T08:50:05.753455
Netherlands,VriendenLoterij Eredivisie,37,61666,SC Heerenveen,2964,Dylan Vente,825843,27.0,181.0,Suriname,F,Right,1877472000.0,2300000.0,EUR,NED,2024-2025,datafc_sofascore,2026-08-09T08:50:05.753455
Netherlands,VriendenLoterij Eredivisie,37,61666,SC Heerenveen,2964,Lanroy Machine,2142283,20.0,187.0,France,F,Right,,,,NED,2024-2025,datafc_sofascore,2026-08-09T08:50:05.753455
Netherlands,VriendenLoterij Eredivisie,37,61666,SC Heerenveen,2964,Jermaine Rijssel,1801311,21.0,,Suriname,F,Right,,,,NED,2024-2025,datafc_sofascore,2026-08-09T08:50:05.753455
Netherlands,VriendenLoterij Eredivisie,37,61666,SC Heerenveen,2964,Jacob Trenskow,1015627,25.0,178.0,Denmark,M,Left,1845936000.0,7700000.0,EUR,NED,2024-2025,datafc_sofascore,2026-08-09T08:50:05.753455
Netherlands,VriendenLoterij Eredivisie,37,61666,SC Heerenveen,2964,Ringo Meerveld,992018,23.0,177.0,Netherlands,M,Right,1877472000.0,4800000.0,EUR,NED,2024-2025,datafc_sofascore,2026-08-09T08:50:05.753455
Netherlands,VriendenLoterij Eredivisie,37,61666,SC Heerenveen,2964,Luca Oyen,996986,23.0,172.0,Belgium,M,Right,1877472000.0,975000.0,EUR,NED,2024-2025,datafc_sofascore,2026-08-09T08:50:05.753455
Netherlands,VriendenLoterij Eredivisie,37,61666,SC Heerenveen,2964,Marcus Linday,1627623,23.0,186.0,Sweden,M,Right,1877472000.0,5200000.0,EUR,NED,2024-2025,datafc_sofascore,2026-08-09T08:50:05.753455
Netherlands,VriendenLoterij Eredivisie,37,61666,SC Heerenveen,2964,Dirk Wanner Proper,961685,24.0,167.0,Netherlands,M,Right,1909008000.0,1400000.0,EUR,NED,2024-2025,datafc_sofascore,2026-08-09T08:50:05.753455
Netherlands,VriendenLoterij Eredivisie,37,61666,SC Heerenveen,2964,Maxence Rivera,1014408,24.0,168.0,France,M,Right,1845936000.0,2900000.0,EUR,NED,2024-2025,datafc_sofascore,2026-08-09T08:50:05.753455
Netherlands,VriendenLoterij Eredivisie,37,61666,SC Heerenveen,2964,Luuk Brouwers,794014,28.0,180.0,Netherlands,M,Right,1814313600.0,1400000.0,EUR,NED,2024-2025,datafc_sofascore,2026-08-09T08:50:05.753455
Netherlands,VriendenLoterij Eredivisie,37,61666,SC Heerenveen,2964,Levi Smans,1133678,23.0,175.0,Netherlands,M,Right,1845936000.0,1400000.0,EUR,NED,2024-2025,datafc_sofascore,2026-08-09T08:50:05.753455
Netherlands,VriendenLoterij Eredivisie,37,61666,SC Heerenveen,2964,Nolhan Courtens,1425327,19.0,174.0,Belgium,M,Right,1814313600.0,145000.0,EUR,NED,2024-2025,datafc_sofascore,2026-08-09T08:50:05.753455
Netherlands,VriendenLoterij Eredivisie,37,61666,SC Heerenveen,2964,Hristiyan Petrov,1129996,24.0,184.0,Bulgaria,D,Left,1877472000.0,530000.0,EUR,NED,2024-2025,datafc_sofascore,2026-08-09T08:50:05.753455
Netherlands,VriendenLoterij Eredivisie,37,61666,SC Heerenveen,2964,Vasilios Zagaritis,1064426,25.0,178.0,Greece,D,Left,1845936000.0,3200000.0,EUR,NED,2024-2025,datafc_sofascore,2026-08-09T08:50:05.753455
Netherlands,VriendenLoterij Eredivisie,37,61666,SC Heerenveen,2964,Oliver Braude,1150061,22.0,174.0,Norway,D,Right,1814313600.0,4900000.0,EUR,NED,2024-2025,datafc_sofascore,2026-08-09T08:50:05.753455
Netherlands,VriendenLoterij Eredivisie,37,61666,SC Heerenveen,2964,Nikolai Soyset Hopland,1121247,22.0,186.0,Norway,D,Right,1845936000.0,1600000.0,EUR,NED,2024-2025,datafc_sofascore,2026-08-09T08:50:05.753455
Netherlands,VriendenLoterij Eredivisie,37,61666,SC Heerenveen,2964,Mats Egbring,1514878,19.0,183.0,Netherlands,D,Right,1845936000.0,320000.0,EUR,NED,2024-2025,datafc_sofascore,2026-08-09T08:50:05.753455
Netherlands,VriendenLoterij Eredivisie,37,61666,SC Heerenveen,2964,Sam Kersten,847072,28.0,191.0,Netherlands,D,Right,1814313600.0,1800000.0,EUR,NED,2024-2025,datafc_sofascore,2026-08-09T08:50:05.753455
Netherlands,VriendenLoterij Eredivisie,37,61666,SC Heerenveen,2964,Maas Willemsen,1132765,23.0,190.0,Netherlands,D,Left,1877472000.0,4600000.0,EUR,NED,2024-2025,datafc_sofascore,2026-08-09T08:50:05.753455
Netherlands,VriendenLoterij Eredivisie,37,61666,SC Heerenveen,2964,Darling Bladi,1621035,22.0,164.0,France,D,Left,1877472000.0,315000.0,EUR,NED,2024-2025,datafc_sofascore,2026-08-09T08:50:05.753455
Netherlands,VriendenLoterij Eredivisie,37,61666,SC Heerenveen,2964,Andries Noppert,339339,32.0,203.0,Netherlands,G,Left,1814313600.0,330000.0,EUR,NED,2024-2025,datafc_sofascore,2026-08-09T08:50:05.753455
Netherlands,VriendenLoterij Eredivisie,37,61666,SC Heerenveen,2964,Bernt Klaverboer,1195719,20.0,190.0,Netherlands,G,Right,1814313600.0,2800000.0,EUR,NED,2024-2025,datafc_sofascore,2026-08-09T08:50:05.753455
Netherlands,VriendenLoterij Eredivisie,37,61666,PEC Zwolle,2971,Koen Kostons,847073,26.0,185.0,Netherlands,F,Right,1877472000.0,1400000.0,EUR,NED,2024-2025,datafc_sofascore,2026-08-09T08:50:05.753455
Netherlands,VriendenLoterij Eredivisie,37,61666,PEC Zwolle,2971,Younes Namli,235538,32.0,180.0,Denmark,F,Left,1845936000.0,1000000.0,EUR,NED,2024-2025,datafc_sofascore,2026-08-09T08:50:05.753455
Netherlands,VriendenLoterij Eredivisie,37,61666,PEC Zwolle,2971,Ibrahim Cissoko,1128902,23.0,188.0,Guinea,M,Right,1909008000.0,1100000.0,EUR,NED,2024-2025,datafc_sofascore,2026-08-09T08:50:05.753455
Netherlands,VriendenLoterij Eredivisie,37,61666,PEC Zwolle,2971,Elias Sørensen,863632,26.0,189.0,Denmark,M,Right,1877472000.0,1200000.0,EUR,NED,2024-2025,datafc_sofascore,2026-08-09T08:50:05.753455
Netherlands,VriendenLoterij Eredivisie,37,61666,PEC Zwolle,2971,Dylan Mbayo,923968,24.0,175.0,Belgium,M,Left,1814313600.0,835000.0,EUR,NED,2024-2025,datafc_sofascore,2026-08-09T08:50:05.753455
Netherlands,VriendenLoterij Eredivisie,37,61666,PEC Zwolle,2971,Jadiel Pereira da Gama,2195123,16.0,182.0,Netherlands,M,Right,1877472000.0,1500000.0,EUR,NED,2024-2025,datafc_sofascore,2026-08-09T08:50:05.753455
Netherlands,VriendenLoterij Eredivisie,37,61666,PEC Zwolle,2971,Ryan Thomas,333571,31.0,174.0,New Zealand,M,Right,1845936000.0,670000.0,EUR,NED,2024-2025,datafc_sofascore,2026-08-09T08:50:05.753455
Netherlands,VriendenLoterij Eredivisie,37,61666,PEC Zwolle,2971,Thijs Oosting,876233,26.0,176.0,Netherlands,M,Left,1877472000.0,935000.0,EUR,NED,2024-2025,datafc_sofascore,2026-08-09T08:50:05.753455
Netherlands,VriendenLoterij Eredivisie,37,61666,PEC Zwolle,2971,Odysseus Velanas,846003,28.0,180.0,Netherlands,M,Right,1814313600.0,575000.0,EUR,NED,2024-2025,datafc_sofascore,2026-08-09T08:50:05.753455
Netherlands,VriendenLoterij Eredivisie,37,61666,PEC Zwolle,2971,Tobias Sommer,1017654,24.0,181.0,Denmark,M,Right,1877472000.0,1400000.0,EUR,NED,2024-2025,datafc_sofascore,2026-08-09T08:50:05.753455
Netherlands,VriendenLoterij Eredivisie,37,61666,PEC Zwolle,2971,Nick Fichtinger,1509752,22.0,178.0,Netherlands,M,Right,1845936000.0,360000.0,EUR,NED,2024-2025,datafc_sofascore,2026-08-09T08:50:05.753455
Netherlands,VriendenLoterij Eredivisie,37,61666,PEC Zwolle,2971,Gabriel Reiziger,1885838,20.0,177.0,Netherlands,M,Right,1845936000.0,260000.0,EUR,NED,2024-2025,datafc_sofascore,2026-08-09T08:50:05.753455
Netherlands,VriendenLoterij Eredivisie,37,61666,PEC Zwolle,2971,Givaro Rahajaän,1957718,18.0,170.0,Netherlands,M,Left,1877472000.0,92000.0,EUR,NED,2024-2025,datafc_sofascore,2026-08-09T08:50:05.753455
Netherlands,VriendenLoterij Eredivisie,37,61666,PEC Zwolle,2971,Sherel Constancio Floranus,803021,27.0,181.0,Curacao,D,Right,1814313600.0,855000.0,EUR,NED,2024-2025,datafc_sofascore,2026-08-09T08:50:05.753455
Netherlands,VriendenLoterij Eredivisie,37,61666,PEC Zwolle,2971,Olivier Aertssen,1049446,22.0,185.0,Netherlands,D,Both,1814313600.0,610000.0,EUR,NED,2024-2025,datafc_sofascore,2026-08-09T08:50:05.753455
Netherlands,VriendenLoterij Eredivisie,37,61666,PEC Zwolle,2971,Nick Viergever,46900,37.0,182.0,Netherlands,D,Left,1814313600.0,325000.0,EUR,NED,2024-2025,datafc_sofascore,2026-08-09T08:50:05.753455
Netherlands,VriendenLoterij Eredivisie,37,61666,PEC Zwolle,2971,Simon Graves,927155,27.0,191.0,Denmark,D,Right,1845936000.0,1400000.0,EUR,NED,2024-2025,datafc_sofascore,2026-08-09T08:50:05.753455
Netherlands,VriendenLoterij Eredivisie,37,61666,PEC Zwolle,2971,Tijs Velthuis,961674,24.0,190.0,Netherlands,D,Left,1877472000.0,515000.0,EUR,NED,2024-2025,datafc_sofascore,2026-08-09T08:50:05.753455
Netherlands,VriendenLoterij Eredivisie,37,61666,PEC Zwolle,2971,Damian van der Haar,1172732,22.0,183.0,Netherlands,D,Left,1845936000.0,365000.0,EUR,NED,2024-2025,datafc_sofascore,2026-08-09T08:50:05.753455
Netherlands,VriendenLoterij Eredivisie,37,61666,PEC Zwolle,2971,Tom de Graaff,1145525,21.0,193.0,Netherlands,G,Left,1909008000.0,970000.0,EUR,NED,2024-2025,datafc_sofascore,2026-08-09T08:50:05.753455
Netherlands,VriendenLoterij Eredivisie,37,61666,PEC Zwolle,2971,Jasper Schendelaar,856636,25.0,182.0,Netherlands,G,Right,1814313600.0,1500000.0,EUR,NED,2024-2025,datafc_sofascore,2026-08-09T08:50:05.753455
Netherlands,VriendenLoterij Eredivisie,37,61666,PEC Zwolle,2971,Duke Verduin,1394059,22.0,195.0,Netherlands,G,Right,1845936000.0,24000.0,EUR,NED,2024-2025,datafc_sofascore,2026-08-09T08:50:05.753455
Netherlands,VriendenLoterij Eredivisie,37,61666,Fortuna Sittard,2957,Ole Romeny,921948,26.0,185.0,Indonesia,F,Right,1814313600.0,775000.0,EUR,NED,2024-2025,datafc_sofascore,2026-08-09T08:50:05.753455
Netherlands,VriendenLoterij Eredivisie,37,61666,Fortuna Sittard,2957,Lequincio Zeefuik,1118181,21.0,197.0,Netherlands,F,Right,1814313600.0,825000.0,EUR,NED,2024-2025,datafc_sofascore,2026-08-09T08:50:05.753455
Netherlands,VriendenLoterij Eredivisie,37,61666,Fortuna Sittard,2957,Anthony Descotte,1008697,23.0,179.0,Belgium,F,Right,1814313600.0,660000.0,EUR,NED,2024-2025,datafc_sofascore,2026-08-09T08:50:05.753455
Netherlands,VriendenLoterij Eredivisie,37,61666,Fortuna Sittard,2957,Mohamed Ihattaren,929633,24.0,182.0,Morocco,M,Left,1814313600.0,3200000.0,EUR,NED,2024-2025,datafc_sofascore,2026-08-09T08:50:05.753455
Netherlands,VriendenLoterij Eredivisie,37,61666,Fortuna Sittard,2957,Édouard Michut,1048011,23.0,178.0,France,M,Right,1814313600.0,1200000.0,EUR,NED,2024-2025,datafc_sofascore,2026-08-09T08:50:05.753455
Netherlands,VriendenLoterij Eredivisie,37,61666,Fortuna Sittard,2957,Yassin Oukili,1010846,25.0,195.0,Morocco,M,Right,1845936000.0,655000.0,EUR,NED,2024-2025,datafc_sofascore,2026-08-09T08:50:05.753455
Netherlands,VriendenLoterij Eredivisie,37,61666,Fortuna Sittard,2957,Shiloh 't Zand,1196520,23.0,177.0,Suriname,M,Right,1814313600.0,290000.0,EUR,NED,2024-2025,datafc_sofascore,2026-08-09T08:50:05.753455
Netherlands,VriendenLoterij Eredivisie,37,61666,Fortuna Sittard,2957,Kristoffer Peterson,366942,31.0,180.0,Sweden,M,Right,1845936000.0,430000.0,EUR,NED,2024-2025,datafc_sofascore,2026-08-09T08:50:05.753455
Netherlands,VriendenLoterij Eredivisie,37,61666,Fortuna Sittard,2957,Philip Brittijn,1132766,22.0,182.0,Netherlands,M,Right,1845936000.0,1500000.0,EUR,NED,2024-2025,datafc_sofascore,2026-08-09T08:50:05.753455
Netherlands,VriendenLoterij Eredivisie,37,61666,Fortuna Sittard,2957,Sven Simons,1186861,22.0,168.0,Netherlands,M,Left,1877472000.0,485000.0,EUR,NED,2024-2025,datafc_sofascore,2026-08-09T08:50:05.753455
Netherlands,VriendenLoterij Eredivisie,37,61666,Fortuna Sittard,2957,Moussa Gbemou,2207814,18.0,,Belgium,M,,1845936000.0,,,NED,2024-2025,datafc_sofascore,2026-08-09T08:50:05.753455
Netherlands,VriendenLoterij Eredivisie,37,61666,Fortuna Sittard,2957,Ganni Buyukhan,2589410,16.0,,Netherlands,M,,,,,NED,2024-2025,datafc_sofascore,2026-08-09T08:50:05.753455
Netherlands,VriendenLoterij Eredivisie,37,61666,Fortuna Sittard,2957,Kevin van Burgsteden,2687263,19.0,,Netherlands,M,,,,,NED,2024-2025,datafc_sofascore,2026-08-09T08:50:05.753455
Netherlands,VriendenLoterij Eredivisie,37,61666,Fortuna Sittard,2957,Justin Hubner,1112604,22.0,187.0,Indonesia,D,Left,1845936000.0,1000000.0,EUR,NED,2024-2025,datafc_sofascore,2026-08-09T08:50:05.753455
Netherlands,VriendenLoterij Eredivisie,37,61666,Fortuna Sittard,2957,Ivo Pinto,78730,36.0,184.0,Portugal,D,Right,1814313600.0,260000.0,EUR,NED,2024-2025,datafc_sofascore,2026-08-09T08:50:05.753455
Netherlands,VriendenLoterij Eredivisie,37,61666,Fortuna Sittard,2957,Syb Van Ottele,961686,24.0,185.0,Netherlands,D,Both,1814313600.0,620000.0,EUR,NED,2024-2025,datafc_sofascore,2026-08-09T08:50:05.753455
Netherlands,VriendenLoterij Eredivisie,37,61666,Fortuna Sittard,2957,Iván Márquez,862479,32.0,191.0,Spain,D,Right,1845936000.0,465000.0,EUR,NED,2024-2025,datafc_sofascore,2026-08-09T08:50:05.753455
Netherlands,VriendenLoterij Eredivisie,37,61666,Fortuna Sittard,2957,Siebe Wylin,1146792,23.0,180.0,Belgium,D,Right,1845936000.0,325000.0,EUR,NED,2024-2025,datafc_sofascore,2026-08-09T08:50:05.753455
Netherlands,VriendenLoterij Eredivisie,37,61666,Fortuna Sittard,2957,Jasper Dahlhaus,1048758,24.0,176.0,Netherlands,D,Right,1845936000.0,1500000.0,EUR,NED,2024-2025,datafc_sofascore,2026-08-09T08:50:05.753455
Netherlands,VriendenLoterij Eredivisie,37,61666,Fortuna Sittard,2957,Nick de Groot,1133405,24.0,181.0,Netherlands,D,Left,1877472000.0,390000.0,EUR,NED,2024-2025,datafc_sofascore,2026-08-09T08:50:05.753455
Netherlands,VriendenLoterij Eredivisie,37,61666,Fortuna Sittard,2957,Mattijs Branderhorst,146871,32.0,192.0,Netherlands,G,Right,1877472000.0,840000.0,EUR,NED,2024-2025,datafc_sofascore,2026-08-09T08:50:05.753455
Netherlands,VriendenLoterij Eredivisie,37,61666,Fortuna Sittard,2957,Luuk Koopmans,128992,32.0,191.0,Netherlands,G,Right,1814313600.0,215000.0,EUR,NED,2024-2025,datafc_sofascore,2026-08-09T08:50:05.753455
Netherlands,VriendenLoterij Eredivisie,37,61666,Fortuna Sittard,2957,Kaylen Reitmaier,1508529,22.0,197.0,Germany,G,Right,,49000.0,EUR,NED,2024-2025,datafc_sofascore,2026-08-09T08:50:05.753455
Netherlands,VriendenLoterij Eredivisie,37,61666,Sparta Rotterdam,2960,Casper Terho,1050672,23.0,184.0,Finland,F,Left,1909008000.0,1100000.0,EUR,NED,2024-2025,datafc_sofascore,2026-08-09T08:50:05.753455
Netherlands,VriendenLoterij Eredivisie,37,61666,Sparta Rotterdam,2960,Milan Zonneveld,1137227,22.0,199.0,Netherlands,F,Right,1877472000.0,410000.0,EUR,NED,2024-2025,datafc_sofascore,2026-08-09T08:50:05.753455
Netherlands,VriendenLoterij Eredivisie,37,61666,Sparta Rotterdam,2960,Nökkvi Þórisson,987077,26.0,188.0,Iceland,F,Right,1845936000.0,410000.0,EUR,NED,2024-2025,datafc_sofascore,2026-08-09T08:50:05.753455
Netherlands,VriendenLoterij Eredivisie,37,61666,Sparta Rotterdam,2960,Shunsuke Mito,1002479,23.0,164.0,Japan,M,Right,1845936000.0,2100000.0,EUR,NED,2024-2025,datafc_sofascore,2026-08-09T08:50:05.753455
Netherlands,VriendenLoterij Eredivisie,37,61666,Sparta Rotterdam,2960,Joel Ideho,1049063,23.0,176.0,Netherlands,M,Right,1845936000.0,290000.0,EUR,NED,2024-2025,datafc_sofascore,2026-08-09T08:50:05.753455
Netherlands,VriendenLoterij Eredivisie,37,61666,Sparta Rotterdam,2960,Mitchell Van Bergen,827662,26.0,170.0,Netherlands,M,Right,1877472000.0,1600000.0,EUR,NED,2024-2025,datafc_sofascore,2026-08-09T08:50:05.753455
Netherlands,VriendenLoterij Eredivisie,37,61666,Sparta Rotterdam,2960,Jens Toornstra,99960,37.0,178.0,Netherlands,M,Right,1814313600.0,195000.0,EUR,NED,2024-2025,datafc_sofascore,2026-08-09T08:50:05.753455
Netherlands,VriendenLoterij Eredivisie,37,61666,Sparta Rotterdam,2960,Alwande Roaldsoy,1101593,22.0,191.0,Norway,M,Right,1909008000.0,830000.0,EUR,NED,2024-2025,datafc_sofascore,2026-08-09T08:50:05.753455
Netherlands,VriendenLoterij Eredivisie,37,61666,Sparta Rotterdam,2960,Ayoni Santos,1648751,21.0,165.0,Cape Verde,M,Right,1877472000.0,2100000.0,EUR,NED,2024-2025,datafc_sofascore,2026-08-09T08:50:05.753455
Netherlands,VriendenLoterij Eredivisie,37,61666,Sparta Rotterdam,2960,Julian Baas,1046143,24.0,184.0,Netherlands,M,Right,1814313600.0,765000.0,EUR,NED,2024-2025,datafc_sofascore,2026-08-09T08:50:05.753455
Netherlands,VriendenLoterij Eredivisie,37,61666,Sparta Rotterdam,2960,Robin van Cruijsen,2216656,20.0,170.0,Netherlands,M,Left,1909008000.0,1100000.0,EUR,NED,2024-2025,datafc_sofascore,2026-08-09T08:50:05.753455
Netherlands,VriendenLoterij Eredivisie,37,61666,Sparta Rotterdam,2960,Younes Jaber el Maftahi,1648749,18.0,,Netherlands,M,Right,1909008000.0,,,NED,2024-2025,datafc_sofascore,2026-08-09T08:50:05.753455
Netherlands,VriendenLoterij Eredivisie,37,61666,Sparta Rotterdam,2960,Teo Quintero,966299,27.0,188.0,Venezuela,D,Both,1814313600.0,1200000.0,EUR,NED,2024-2025,datafc_sofascore,2026-08-09T08:50:05.753455
Netherlands,VriendenLoterij Eredivisie,37,61666,Sparta Rotterdam,2960,Marvin Young,1648759,20.0,182.0,Netherlands,D,Right,1877472000.0,5200000.0,EUR,NED,2024-2025,datafc_sofascore,2026-08-09T08:50:05.753455
Netherlands,VriendenLoterij Eredivisie,37,61666,Sparta Rotterdam,2960,Nick Verschuren,1523582,21.0,180.0,Netherlands,D,Right,1909008000.0,1100000.0,EUR,NED,2024-2025,datafc_sofascore,2026-08-09T08:50:05.753455
Netherlands,VriendenLoterij Eredivisie,37,61666,Sparta Rotterdam,2960,Lushendry Edward Martes,1960315,18.0,180.0,Netherlands,D,Right,1909008000.0,3200000.0,EUR,NED,2024-2025,datafc_sofascore,2026-08-09T08:50:05.753455
Netherlands,VriendenLoterij Eredivisie,37,61666,Sparta Rotterdam,2960,Bruno Martins Indi,116947,34.0,185.0,Netherlands,D,Left,1814313600.0,320000.0,EUR,NED,2024-2025,datafc_sofascore,2026-08-09T08:50:05.753455
Netherlands,VriendenLoterij Eredivisie,37,61666,Sparta Rotterdam,2960,Bas Kuipers,339879,31.0,180.0,Netherlands,D,Left,1845936000.0,775000.0,EUR,NED,2024-2025,datafc_sofascore,2026-08-09T08:50:05.753455
Netherlands,VriendenLoterij Eredivisie,37,61666,Sparta Rotterdam,2960,Boyd Reith,825836,27.0,175.0,Netherlands,D,Right,1814313600.0,330000.0,EUR,NED,2024-2025,datafc_sofascore,2026-08-09T08:50:05.753455
Netherlands,VriendenLoterij Eredivisie,37,61666,Sparta Rotterdam,2960,Max De Ligt,1517610,22.0,189.0,Netherlands,D,Right,1814313600.0,68000.0,EUR,NED,2024-2025,datafc_sofascore,2026-08-09T08:50:05.753455
Netherlands,VriendenLoterij Eredivisie,37,61666,Sparta Rotterdam,2960,Giannino Vianello,1652148,19.0,,Netherlands,D,Left,1877472000.0,280000.0,EUR,NED,2024-2025,datafc_sofascore,2026-08-09T08:50:05.753455
Netherlands,VriendenLoterij Eredivisie,37,61666,Sparta Rotterdam,2960,Filip Bednarek,139149,33.0,187.0,Poland,G,Right,1814313600.0,190000.0,EUR,NED,2024-2025,datafc_sofascore,2026-08-09T08:50:05.753455
Netherlands,VriendenLoterij Eredivisie,37,61666,Sparta Rotterdam,2960,Pascal Kuiper,1067956,22.0,194.0,Netherlands,G,Right,1814313600.0,79000.0,EUR,NED,2024-2025,datafc_sofascore,2026-08-09T08:50:05.753455
Netherlands,VriendenLoterij Eredivisie,37,61666,FC Groningen,2951,Oskar Zawada,318745,30.0,192.0,Poland,F,Right,1845936000.0,525000.0,EUR,NED,2024-2025,datafc_sofascore,2026-08-09T08:50:05.753455
Netherlands,VriendenLoterij Eredivisie,37,61666,FC Groningen,2951,Thom van Bergen,1413536,22.0,180.0,Netherlands,F,Right,1845936000.0,3100000.0,EUR,NED,2024-2025,datafc_sofascore,2026-08-09T08:50:05.753455
Netherlands,VriendenLoterij Eredivisie,37,61666,FC Groningen,2951,Noam Emeran,1069509,23.0,179.0,Rwanda,F,Left,1814313600.0,185000.0,EUR,NED,2024-2025,datafc_sofascore,2026-08-09T08:50:05.753455
Netherlands,VriendenLoterij Eredivisie,37,61666,FC Groningen,2951,Brynjólfur Darri Willumsson,907520,25.0,185.0,Iceland,F,Right,1814313600.0,970000.0,EUR,NED,2024-2025,datafc_sofascore,2026-08-09T08:50:05.753455
Netherlands,VriendenLoterij Eredivisie,37,61666,FC Groningen,2951,Nils Eggens,1625485,21.0,186.0,Netherlands,F,Right,1877472000.0,260000.0,EUR,NED,2024-2025,datafc_sofascore,2026-08-09T08:50:05.753455
Netherlands,VriendenLoterij Eredivisie,37,61666,FC Groningen,2951,Ryan Metu,2360419,17.0,192.0,Netherlands,F,,1877472000.0,,,NED,2024-2025,datafc_sofascore,2026-08-09T08:50:05.753455
Netherlands,VriendenLoterij Eredivisie,37,61666,FC Groningen,2951,Tygo Land,1441117,20.0,180.0,Netherlands,M,Right,1814313600.0,2300000.0,EUR,NED,2024-2025,datafc_sofascore,2026-08-09T08:50:05.753455
Netherlands,VriendenLoterij Eredivisie,37,61666,FC Groningen,2951,Stije Resink,1090328,23.0,186.0,Netherlands,M,Right,1845936000.0,7600000.0,EUR,NED,2024-2025,datafc_sofascore,2026-08-09T08:50:05.753455
Netherlands,VriendenLoterij Eredivisie,37,61666,FC Groningen,2951,Travis Hernes,1400656,20.0,179.0,Norway,M,Right,1909008000.0,325000.0,EUR,NED,2024-2025,datafc_sofascore,2026-08-09T08:50:05.753455
Netherlands,VriendenLoterij Eredivisie,37,61666,FC Groningen,2951,Jorg Schreuders,1424404,21.0,177.0,Netherlands,M,Right,1814313600.0,1600000.0,EUR,NED,2024-2025,datafc_sofascore,2026-08-09T08:50:05.753455
Netherlands,VriendenLoterij Eredivisie,37,61666,FC Groningen,2951,Tika de Jonge,1121402,23.0,182.0,Netherlands,M,Right,1845936000.0,1700000.0,EUR,NED,2024-2025,datafc_sofascore,2026-08-09T08:50:05.753455
Netherlands,VriendenLoterij Eredivisie,37,61666,FC Groningen,2951,David van der Werff,1878212,21.0,180.0,Netherlands,M,Right,1877472000.0,1900000.0,EUR,NED,2024-2025,datafc_sofascore,2026-08-09T08:50:05.753455
Netherlands,VriendenLoterij Eredivisie,37,61666,FC Groningen,2951,Pelle Clement,795135,30.0,177.0,Netherlands,M,Right,1845936000.0,550000.0,EUR,NED,2024-2025,datafc_sofascore,2026-08-09T08:50:05.753455
Netherlands,VriendenLoterij Eredivisie,37,61666,FC Groningen,2951,Alvin Nordin,1989748,18.0,,Sweden,M,Left,1909008000.0,330000.0,EUR,NED,2024-2025,datafc_sofascore,2026-08-09T08:50:05.753455
Netherlands,VriendenLoterij Eredivisie,37,61666,FC Groningen,2951,Thijmen Blokzijl,1121401,21.0,181.0,Netherlands,D,Right,1814313600.0,3800000.0,EUR,NED,2024-2025,datafc_sofascore,2026-08-09T08:50:05.753455
Netherlands,VriendenLoterij Eredivisie,37,61666,FC Groningen,2951,Malcolm Jeng,1484975,21.0,190.0,Sweden,D,Left,1814313600.0,1800000.0,EUR,NED,2024-2025,datafc_sofascore,2026-08-09T08:50:05.753455
Netherlands,VriendenLoterij Eredivisie,37,61666,FC Groningen,2951,Marco Rente,827103,29.0,185.0,Germany,D,Right,1814313600.0,1400000.0,EUR,NED,2024-2025,datafc_sofascore,2026-08-09T08:50:05.753455
Netherlands,VriendenLoterij Eredivisie,37,61666,FC Groningen,2951,Tyrique Mercera,1592993,22.0,185.0,Curacao,D,Both,1877472000.0,655000.0,EUR,NED,2024-2025,datafc_sofascore,2026-08-09T08:50:05.753455
Netherlands,VriendenLoterij Eredivisie,37,61666,FC Groningen,2951,Elvis Van der Laan,1977230,18.0,,Sweden,D,Right,1845936000.0,97000.0,EUR,NED,2024-2025,datafc_sofascore,2026-08-09T08:50:05.753455
Netherlands,VriendenLoterij Eredivisie,37,61666,FC Groningen,2951,Wouter Prins,1481249,22.0,173.0,Netherlands,D,Left,1845936000.0,470000.0,EUR,NED,2024-2025,datafc_sofascore,2026-08-09T08:50:05.753455
Netherlands,VriendenLoterij Eredivisie,37,61666,FC Groningen,2951,Sven Bouland,1647694,20.0,184.0,Netherlands,D,Left,1814313600.0,145000.0,EUR,NED,2024-2025,datafc_sofascore,2026-08-09T08:50:05.753455
Netherlands,VriendenLoterij Eredivisie,37,61666,FC Groningen,2951,Nikolas Brandis,1150951,21.0,180.0,Slovakia,D,Left,1909008000.0,360000.0,EUR,NED,2024-2025,datafc_sofascore,2026-08-09T08:50:05.753455
Netherlands,VriendenLoterij Eredivisie,37,61666,FC Groningen,2951,Etienne Vaessen,809408,31.0,187.0,Suriname,G,Right,1877472000.0,2400000.0,EUR,NED,2024-2025,datafc_sofascore,2026-08-09T08:50:05.753455
Netherlands,VriendenLoterij Eredivisie,37,61666,FC Groningen,2951,Lovro Štubljar,1004481,22.0,191.0,Slovenia,G,Left,1877472000.0,140000.0,EUR,NED,2024-2025,datafc_sofascore,2026-08-09T08:50:05.753455
Netherlands,VriendenLoterij Eredivisie,37,61666,FC Groningen,2951,Rijk Janse,1066313,24.0,189.0,Netherlands,G,Right,1845936000.0,55000.0,EUR,NED,2024-2025,datafc_sofascore,2026-08-09T08:50:05.753455
Netherlands,VriendenLoterij Eredivisie,37,61666,Heracles Almelo,2977,Luka Kulenović,998999,26.0,190.0,Bosnia & Herzegovina,F,Right,1845936000.0,620000.0,EUR,NED,2024-2025,datafc_sofascore,2026-08-09T08:50:05.753455
Netherlands,VriendenLoterij Eredivisie,37,61666,Heracles Almelo,2977,Yvandro Borges Sanches,1123613,22.0,175.0,Luxembourg,F,Right,1845936000.0,375000.0,EUR,NED,2024-2025,datafc_sofascore,2026-08-09T08:50:05.753455
Netherlands,VriendenLoterij Eredivisie,37,61666,Heracles Almelo,2977,Diego van Oorschot,1482511,20.0,173.0,Netherlands,F,Both,1814313600.0,135000.0,EUR,NED,2024-2025,datafc_sofascore,2026-08-09T08:50:05.753455
Netherlands,VriendenLoterij Eredivisie,37,61666,Heracles Almelo,2977,Chafik Abbas,916033,28.0,174.0,France,F,Left,1845936000.0,145000.0,EUR,NED,2024-2025,datafc_sofascore,2026-08-09T08:50:05.753455
Netherlands,VriendenLoterij Eredivisie,37,61666,Heracles Almelo,2977,Giandro Sambo,1469027,19.0,181.0,Curacao,F,Right,1814313600.0,46000.0,EUR,NED,2024-2025,datafc_sofascore,2026-08-09T08:50:05.753455
Netherlands,VriendenLoterij Eredivisie,37,61666,Heracles Almelo,2977,Jean-Paul N'Djoli,1428797,25.0,188.0,France,F,Both,1845936000.0,270000.0,EUR,NED,2024-2025,datafc_sofascore,2026-08-09T08:50:05.753455
Netherlands,VriendenLoterij Eredivisie,37,61666,Heracles Almelo,2977,Sil Blokhuis,2186070,18.0,172.0,Netherlands,F,Left,1845936000.0,49000.0,EUR,NED,2024-2025,datafc_sofascore,2026-08-09T08:50:05.753455
Netherlands,VriendenLoterij Eredivisie,37,61666,Heracles Almelo,2977,Tarik Hamamioglu,2543354,18.0,181.0,Türkiye,F,Right,1877472000.0,,,NED,2024-2025,datafc_sofascore,2026-08-09T08:50:05.753455
Netherlands,VriendenLoterij Eredivisie,37,61666,Heracles Almelo,2977,Jeff Reine-Adélaïde,794269,28.0,184.0,France,M,Right,1814313600.0,515000.0,EUR,NED,2024-2025,datafc_sofascore,2026-08-09T08:50:05.753455
Netherlands,VriendenLoterij Eredivisie,37,61666,Heracles Almelo,2977,Walid Ould-Chikh,1066450,26.0,186.0,Netherlands,M,Right,1877472000.0,535000.0,EUR,NED,2024-2025,datafc_sofascore,2026-08-09T08:50:05.753455
Netherlands,VriendenLoterij Eredivisie,37,61666,Heracles Almelo,2977,Bryan Limbombe,996988,25.0,172.0,Belgium,M,Right,1814313600.0,420000.0,EUR,NED,2024-2025,datafc_sofascore,2026-08-09T08:50:05.753455
Netherlands,VriendenLoterij Eredivisie,37,61666,Heracles Almelo,2977,Mario Engels,132674,32.0,183.0,Germany,M,Right,1814313600.0,290000.0,EUR,NED,2024-2025,datafc_sofascore,2026-08-09T08:50:05.753455
Netherlands,VriendenLoterij Eredivisie,37,61666,Heracles Almelo,2977,Sem Scheperman,1189738,24.0,188.0,Netherlands,M,Right,1877472000.0,580000.0,EUR,NED,2024-2025,datafc_sofascore,2026-08-09T08:50:05.753455
Netherlands,VriendenLoterij Eredivisie,37,61666,Heracles Almelo,2977,Tristan van Gilst,1213453,23.0,178.0,Netherlands,M,Right,1845936000.0,330000.0,EUR,NED,2024-2025,datafc_sofascore,2026-08-09T08:50:05.753455
Netherlands,VriendenLoterij Eredivisie,37,61666,Heracles Almelo,2977,Daniel Van Kaam,876257,26.0,175.0,Netherlands,M,Left,1814313600.0,410000.0,EUR,NED,2024-2025,datafc_sofascore,2026-08-09T08:50:05.753455
Netherlands,VriendenLoterij Eredivisie,37,61666,Heracles Almelo,2977,Rhys Bozinovski,1144148,22.0,173.0,Australia,M,Right,1877472000.0,340000.0,EUR,NED,2024-2025,datafc_sofascore,2026-08-09T08:50:05.753455
Netherlands,VriendenLoterij Eredivisie,37,61666,Heracles Almelo,2977,Thomas Bruns,146401,34.0,177.0,Netherlands,M,Right,1814313600.0,170000.0,EUR,NED,2024-2025,datafc_sofascore,2026-08-09T08:50:05.753455
Netherlands,VriendenLoterij Eredivisie,37,61666,Heracles Almelo,2977,David Tomić,886021,28.0,174.0,Germany,M,Both,1845936000.0,145000.0,EUR,NED,2024-2025,datafc_sofascore,2026-08-09T08:50:05.753455
Netherlands,VriendenLoterij Eredivisie,37,61666,Heracles Almelo,2977,Maurice Wrusch,1397641,25.0,185.0,Germany,M,Left,1845936000.0,120000.0,EUR,NED,2024-2025,datafc_sofascore,2026-08-09T08:50:05.753455
Netherlands,VriendenLoterij Eredivisie,37,61666,Heracles Almelo,2977,Mimeirhel Benita,1130308,22.0,176.0,Netherlands,D,Right,1845936000.0,530000.0,EUR,NED,2024-2025,datafc_sofascore,2026-08-09T08:50:05.753455
Netherlands,VriendenLoterij Eredivisie,37,61666,Heracles Almelo,2977,Djevencio van der Kust,974530,25.0,178.0,Suriname,D,Left,1845936000.0,360000.0,EUR,NED,2024-2025,datafc_sofascore,2026-08-09T08:50:05.753455
Netherlands,VriendenLoterij Eredivisie,37,61666,Heracles Almelo,2977,Stijn Bultman,1486433,21.0,185.0,Netherlands,D,Right,1814313600.0,340000.0,EUR,NED,2024-2025,datafc_sofascore,2026-08-09T08:50:05.753455
Netherlands,VriendenLoterij Eredivisie,37,61666,Heracles Almelo,2977,Damon Mirani,318575,30.0,182.0,Netherlands,D,Right,1814313600.0,420000.0,EUR,NED,2024-2025,datafc_sofascore,2026-08-09T08:50:05.753455
Netherlands,VriendenLoterij Eredivisie,37,61666,Heracles Almelo,2977,Mike te Wierik,127554,34.0,191.0,Netherlands,D,Right,1814313600.0,195000.0,EUR,NED,2024-2025,datafc_sofascore,2026-08-09T08:50:05.753455
Netherlands,VriendenLoterij Eredivisie,37,61666,Heracles Almelo,2977,David Vicente,914110,27.0,177.0,Spain,D,Right,1845936000.0,280000.0,EUR,NED,2024-2025,datafc_sofascore,2026-08-09T08:50:05.753455
Netherlands,VriendenLoterij Eredivisie,37,61666,Heracles Almelo,2977,Manny Rodríguez,872852,28.0,182.0,Dominican Republic,D,Left,1845936000.0,90000.0,EUR,NED,2024-2025,datafc_sofascore,2026-08-09T08:50:05.753455
Netherlands,VriendenLoterij Eredivisie,37,61666,Heracles Almelo,2977,Mario Borac,1807294,20.0,186.0,Croatia,D,Left,1877472000.0,220000.0,EUR,NED,2024-2025,datafc_sofascore,2026-08-09T08:50:05.753455
Netherlands,VriendenLoterij Eredivisie,37,61666,Heracles Almelo,2977,Max Hauswirth,1214483,22.0,183.0,Germany,D,Left,1845936000.0,155000.0,EUR,NED,2024-2025,datafc_sofascore,2026-08-09T08:50:05.753455
Netherlands,VriendenLoterij Eredivisie,37,61666,Heracles Almelo,2977,Fabian De Keijzer,856743,26.0,193.0,Netherlands,G,Right,1814313600.0,370000.0,EUR,NED,2024-2025,datafc_sofascore,2026-08-09T08:50:05.753455
Netherlands,VriendenLoterij Eredivisie,37,61666,Heracles Almelo,2977,Timo Jansink,1189737,23.0,197.0,Netherlands,G,Right,1877472000.0,160000.0,EUR,NED,2024-2025,datafc_sofascore,2026-08-09T08:50:05.753455
Netherlands,VriendenLoterij Eredivisie,37,61666,Heracles Almelo,2977,Leco Zeevalkink,2077282,20.0,192.0,Netherlands,G,Both,1814313600.0,,,NED,2024-2025,datafc_sofascore,2026-08-09T08:50:05.753455
Netherlands,VriendenLoterij Eredivisie,37,61666,NAC Breda,2947,Brahim Ghalidi,1149130,21.0,174.0,Morocco,F,Right,1845936000.0,165000.0,EUR,NED,2024-2025,datafc_sofascore,2026-08-09T08:50:05.753455
Netherlands,VriendenLoterij Eredivisie,37,61666,NAC Breda,2947,Moussa Soumano,1461935,21.0,185.0,France,F,Right,1877472000.0,805000.0,EUR,NED,2024-2025,datafc_sofascore,2026-08-09T08:50:05.753455
Netherlands,VriendenLoterij Eredivisie,37,61666,NAC Breda,2947,Charles-Andreas Brym,990814,28.0,180.0,Canada,F,Left,1845936000.0,385000.0,EUR,NED,2024-2025,datafc_sofascore,2026-08-09T08:50:05.753455
Netherlands,VriendenLoterij Eredivisie,37,61666,NAC Breda,2947,Pepijn Reulen,2197943,18.0,180.0,Netherlands,F,Right,1845936000.0,315000.0,EUR,NED,2024-2025,datafc_sofascore,2026-08-09T08:50:05.753455
Netherlands,VriendenLoterij Eredivisie,37,61666,NAC Breda,2947,Paul Gladon,148615,34.0,188.0,Netherlands,F,Right,1845936000.0,145000.0,EUR,NED,2024-2025,datafc_sofascore,2026-08-09T08:50:05.753455
Netherlands,VriendenLoterij Eredivisie,37,61666,NAC Breda,2947,Dion Versluis,1388442,23.0,192.0,Netherlands,F,Right,1814313600.0,52000.0,EUR,NED,2024-2025,datafc_sofascore,2026-08-09T08:50:05.753455
Netherlands,VriendenLoterij Eredivisie,37,61666,NAC Breda,2947,Elijah Ikpia,2661274,,,Netherlands,F,,1845936000.0,,,NED,2024-2025,datafc_sofascore,2026-08-09T08:50:05.753455
Netherlands,VriendenLoterij Eredivisie,37,61666,NAC Breda,2947,Kamal Sowah,927440,26.0,179.0,Ghana,M,Left,1814313600.0,675000.0,EUR,NED,2024-2025,datafc_sofascore,2026-08-09T08:50:05.753455
Netherlands,VriendenLoterij Eredivisie,37,61666,NAC Breda,2947,Mohamed Nassoh,1088895,23.0,186.0,Morocco,M,Right,1877472000.0,680000.0,EUR,NED,2024-2025,datafc_sofascore,2026-08-09T08:50:05.753455
Netherlands,VriendenLoterij Eredivisie,37,61666,NAC Breda,2947,Imran Nazih,1213380,20.0,174.0,Morocco,M,,,110000.0,EUR,NED,2024-2025,datafc_sofascore,2026-08-09T08:50:05.753455
Netherlands,VriendenLoterij Eredivisie,37,61666,NAC Breda,2947,Maximilien Balard,1096511,25.0,178.0,Australia,M,Right,1814313600.0,820000.0,EUR,NED,2024-2025,datafc_sofascore,2026-08-09T08:50:05.753455
Netherlands,VriendenLoterij Eredivisie,37,61666,NAC Breda,2947,Mats Seuntjens,163541,34.0,187.0,Netherlands,M,Right,1845936000.0,265000.0,EUR,NED,2024-2025,datafc_sofascore,2026-08-09T08:50:05.753455
Netherlands,VriendenLoterij Eredivisie,37,61666,NAC Breda,2947,Raul Paula,1083398,22.0,177.0,Germany,M,Right,1814313600.0,375000.0,EUR,NED,2024-2025,datafc_sofascore,2026-08-09T08:50:05.753455
Netherlands,VriendenLoterij Eredivisie,37,61666,NAC Breda,2947,Jannes Van Hecke,965741,24.0,175.0,Belgium,M,Both,1909008000.0,985000.0,EUR,NED,2024-2025,datafc_sofascore,2026-08-09T08:50:05.753455
Netherlands,VriendenLoterij Eredivisie,37,61666,NAC Breda,2947,Leo Greiml,918420,25.0,186.0,Austria,D,Right,1814313600.0,840000.0,EUR,NED,2024-2025,datafc_sofascore,2026-08-09T08:50:05.753455
Netherlands,VriendenLoterij Eredivisie,37,61666,NAC Breda,2947,Jan Van den Bergh,929498,31.0,189.0,Belgium,D,Left,1877472000.0,760000.0,EUR,NED,2024-2025,datafc_sofascore,2026-08-09T08:50:05.753455
Netherlands,VriendenLoterij Eredivisie,37,61666,NAC Breda,2947,Cherrion Valerius,1515525,20.0,192.0,Curacao,D,Right,1845936000.0,600000.0,EUR,NED,2024-2025,datafc_sofascore,2026-08-09T08:50:05.753455
Netherlands,VriendenLoterij Eredivisie,37,61666,NAC Breda,2947,Fredrik Jensen,226762,33.0,185.0,Norway,D,Right,1814313600.0,270000.0,EUR,NED,2024-2025,datafc_sofascore,2026-08-09T08:50:05.753455
Netherlands,VriendenLoterij Eredivisie,37,61666,NAC Breda,2947,Rio Hillen,1012927,23.0,187.0,Netherlands,D,Left,1877472000.0,645000.0,EUR,NED,2024-2025,datafc_sofascore,2026-08-09T08:50:05.753455
Netherlands,VriendenLoterij Eredivisie,37,61666,NAC Breda,2947,Jayden Candelaria,1130306,22.0,184.0,Curacao,D,Left,1845936000.0,155000.0,EUR,NED,2024-2025,datafc_sofascore,2026-08-09T08:50:05.753455
Netherlands,VriendenLoterij Eredivisie,37,61666,NAC Breda,2947,Rayan van Aarst,2465771,17.0,,Morocco,D,Right,1845936000.0,,,NED,2024-2025,datafc_sofascore,2026-08-09T08:50:05.753455
Netherlands,VriendenLoterij Eredivisie,37,61666,NAC Breda,2947,Boyd Lucassen,912651,28.0,173.0,Netherlands,D,Right,1814313600.0,365000.0,EUR,NED,2024-2025,datafc_sofascore,2026-08-09T08:50:05.753455
Netherlands,VriendenLoterij Eredivisie,37,61666,NAC Breda,2947,Mylan Brouwers,2598696,16.0,,Netherlands,D,Left,1845936000.0,,,NED,2024-2025,datafc_sofascore,2026-08-09T08:50:05.753455
Netherlands,VriendenLoterij Eredivisie,37,61666,NAC Breda,2947,Kostas Lamprou,42876,34.0,176.0,Greece,G,Both,1814313600.0,145000.0,EUR,NED,2024-2025,datafc_sofascore,2026-08-09T08:50:05.753455
Netherlands,VriendenLoterij Eredivisie,37,61666,NAC Breda,2947,Michael Verrips,583506,29.0,195.0,Netherlands,G,Right,1877472000.0,435000.0,EUR,NED,2024-2025,datafc_sofascore,2026-08-09T08:50:05.753455
Netherlands,VriendenLoterij Eredivisie,37,61666,NAC Breda,2947,Roy Kortsmit,168437,33.0,190.0,Netherlands,G,Right,1814313600.0,135000.0,EUR,NED,2024-2025,datafc_sofascore,2026-08-09T08:50:05.753455
Netherlands,VriendenLoterij Eredivisie,37,61666,NAC Breda,2947,Thomas Goos,2197941,20.0,192.0,Netherlands,G,,,54000.0,EUR,NED,2024-2025,datafc_sofascore,2026-08-09T08:50:05.753455
Netherlands,VriendenLoterij Eredivisie,37,61666,Willem II Tilburg,2961,Devin Haen,1106765,22.0,183.0,Netherlands,F,Right,1845936000.0,1400000.0,EUR,NED,2024-2025,datafc_sofascore,2026-08-09T08:50:05.753455
Netherlands,VriendenLoterij Eredivisie,37,61666,Willem II Tilburg,2961,Thomas Verheydt,809285,34.0,192.0,Netherlands,F,Right,1814313600.0,115000.0,EUR,NED,2024-2025,datafc_sofascore,2026-08-09T08:50:05.753455
Netherlands,VriendenLoterij Eredivisie,37,61666,Willem II Tilburg,2961,Lasse Abildgaard,1566263,19.0,,Denmark,F,Both,1845936000.0,115000.0,EUR,NED,2024-2025,datafc_sofascore,2026-08-09T08:50:05.753455
Netherlands,VriendenLoterij Eredivisie,37,61666,Willem II Tilburg,2961,Armin Culum,1485398,22.0,173.0,Sweden,F,Left,1845936000.0,410000.0,EUR,NED,2024-2025,datafc_sofascore,2026-08-09T08:50:05.753455
Netherlands,VriendenLoterij Eredivisie,37,61666,Willem II Tilburg,2961,Luca Maal,2677985,18.0,,Netherlands,F,,,,,NED,2024-2025,datafc_sofascore,2026-08-09T08:50:05.753455
Netherlands,VriendenLoterij Eredivisie,37,61666,Willem II Tilburg,2961,Jaden Slory,1218004,21.0,175.0,Netherlands,M,Right,1814313600.0,730000.0,EUR,NED,2024-2025,datafc_sofascore,2026-08-09T08:50:05.753455
Netherlands,VriendenLoterij Eredivisie,37,61666,Willem II Tilburg,2961,Eser Gürbüz,1586644,19.0,182.0,Netherlands,M,Right,1814313600.0,560000.0,EUR,NED,2024-2025,datafc_sofascore,2026-08-09T08:50:05.753455
Netherlands,VriendenLoterij Eredivisie,37,61666,Willem II Tilburg,2961,Kasper Boogaard,1590941,20.0,183.0,Netherlands,M,Both,1814313600.0,2300000.0,EUR,NED,2024-2025,datafc_sofascore,2026-08-09T08:50:05.753455
Netherlands,VriendenLoterij Eredivisie,37,61666,Willem II Tilburg,2961,Amine Lachkar,1418129,23.0,189.0,Netherlands,M,Right,1814313600.0,470000.0,EUR,NED,2024-2025,datafc_sofascore,2026-08-09T08:50:05.753455
Netherlands,VriendenLoterij Eredivisie,37,61666,Willem II Tilburg,2961,Jari Schuurman,361792,29.0,182.0,Netherlands,M,Right,1814313600.0,470000.0,EUR,NED,2024-2025,datafc_sofascore,2026-08-09T08:50:05.753455
Netherlands,VriendenLoterij Eredivisie,37,61666,Willem II Tilburg,2961,Anass Zarrouk,1906682,20.0,175.0,Netherlands,M,Right,1845936000.0,260000.0,EUR,NED,2024-2025,datafc_sofascore,2026-08-09T08:50:05.753455
Netherlands,VriendenLoterij Eredivisie,37,61666,Willem II Tilburg,2961,Uriel van Aalst,2008016,19.0,182.0,Netherlands,M,Right,1845936000.0,360000.0,EUR,NED,2024-2025,datafc_sofascore,2026-08-09T08:50:05.753455
Netherlands,VriendenLoterij Eredivisie,37,61666,Willem II Tilburg,2961,Julian van Esdonk,2208422,20.0,176.0,Netherlands,M,Right,1814313600.0,,,NED,2024-2025,datafc_sofascore,2026-08-09T08:50:05.753455
Netherlands,VriendenLoterij Eredivisie,37,61666,Willem II Tilburg,2961,Divano Fernandez Iglesias,2677984,19.0,,Netherlands,M,,,,,NED,2024-2025,datafc_sofascore,2026-08-09T08:50:05.753455
Netherlands,VriendenLoterij Eredivisie,37,61666,Willem II Tilburg,2961,Sebas Wermenbol,2642507,19.0,,Netherlands,M,,1845936000.0,,,NED,2024-2025,datafc_sofascore,2026-08-09T08:50:05.753455
Netherlands,VriendenLoterij Eredivisie,37,61666,Willem II Tilburg,2961,Nathan Tjoe-A-On,992651,24.0,182.0,Indonesia,D,Left,1814313600.0,415000.0,EUR,NED,2024-2025,datafc_sofascore,2026-08-09T08:50:05.753455
Netherlands,VriendenLoterij Eredivisie,37,61666,Willem II Tilburg,2961,Amine Et-Taibi,996991,23.0,186.0,Morocco,D,Right,1845936000.0,390000.0,EUR,NED,2024-2025,datafc_sofascore,2026-08-09T08:50:05.753455
Netherlands,VriendenLoterij Eredivisie,37,61666,Willem II Tilburg,2961,Finn Stam,1125984,23.0,188.0,Netherlands,D,Right,1877472000.0,470000.0,EUR,NED,2024-2025,datafc_sofascore,2026-08-09T08:50:05.753455
Netherlands,VriendenLoterij Eredivisie,37,61666,Willem II Tilburg,2961,Hidde ter Avest,361788,29.0,182.0,Netherlands,D,Right,1814313600.0,875000.0,EUR,NED,2024-2025,datafc_sofascore,2026-08-09T08:50:05.753455
Netherlands,VriendenLoterij Eredivisie,37,61666,Willem II Tilburg,2961,Justin Hoogma,833246,28.0,190.0,Netherlands,D,Left,1814313600.0,470000.0,EUR,NED,2024-2025,datafc_sofascore,2026-08-09T08:50:05.753455
Netherlands,VriendenLoterij Eredivisie,37,61666,Willem II Tilburg,2961,Mats Lemmens,1137727,24.0,184.0,Belgium,D,Right,1845936000.0,515000.0,EUR,NED,2024-2025,datafc_sofascore,2026-08-09T08:50:05.753455
Netherlands,VriendenLoterij Eredivisie,37,61666,Willem II Tilburg,2961,Per van Loon,1901884,21.0,176.0,Netherlands,D,Left,1814313600.0,230000.0,EUR,NED,2024-2025,datafc_sofascore,2026-08-09T08:50:05.753455
Netherlands,VriendenLoterij Eredivisie,37,61666,Willem II Tilburg,2961,Jens Mathijsen,1897233,18.0,183.0,Netherlands,D,Right,1814313600.0,220000.0,EUR,NED,2024-2025,datafc_sofascore,2026-08-09T08:50:05.753455
Netherlands,VriendenLoterij Eredivisie,37,61666,Willem II Tilburg,2961,Alessandro Ciranni,845968,30.0,172.0,Belgium,D,Both,1814313600.0,285000.0,EUR,NED,2024-2025,datafc_sofascore,2026-08-09T08:50:05.753455
Netherlands,VriendenLoterij Eredivisie,37,61666,Willem II Tilburg,2961,Thomas Didillon,339809,30.0,193.0,France,G,Left,1845936000.0,650000.0,EUR,NED,2024-2025,datafc_sofascore,2026-08-09T08:50:05.753455
Netherlands,VriendenLoterij Eredivisie,37,61666,Willem II Tilburg,2961,Wouter Van der Steen,137941,36.0,187.0,Netherlands,G,Right,1814313600.0,70000.0,EUR,NED,2024-2025,datafc_sofascore,2026-08-09T08:50:05.753455
Netherlands,VriendenLoterij Eredivisie,37,61666,Willem II Tilburg,2961,Karst de Leeuw,2019834,22.0,,Netherlands,G,,1814313600.0,53000.0,EUR,NED,2024-2025,datafc_sofascore,2026-08-09T08:50:05.753455
Netherlands,VriendenLoterij Eredivisie,37,61666,Willem II Tilburg,2961,Ismael Mouhoul,2687213,20.0,,Netherlands,G,,,,,NED,2024-2025,datafc_sofascore,2026-08-09T08:50:05.753455
Netherlands,VriendenLoterij Eredivisie,37,61666,RKC Waalwijk,2956,Keyan Varela,1971140,20.0,182.0,Portugal,F,Right,1814313600.0,1600000.0,EUR,NED,2024-2025,datafc_sofascore,2026-08-09T08:50:05.753455
Netherlands,VriendenLoterij Eredivisie,37,61666,RKC Waalwijk,2956,Jesse van de Haar,1442185,21.0,184.0,Netherlands,F,Right,1877472000.0,260000.0,EUR,NED,2024-2025,datafc_sofascore,2026-08-09T08:50:05.753455
Netherlands,VriendenLoterij Eredivisie,37,61666,RKC Waalwijk,2956,Finn Stokkers,360006,30.0,187.0,Netherlands,F,Right,1877472000.0,280000.0,EUR,NED,2024-2025,datafc_sofascore,2026-08-09T08:50:05.753455
Netherlands,VriendenLoterij Eredivisie,37,61666,RKC Waalwijk,2956,Roy Kuijpers,1046728,26.0,175.0,Netherlands,F,Right,1814313600.0,240000.0,EUR,NED,2024-2025,datafc_sofascore,2026-08-09T08:50:05.753455
Netherlands,VriendenLoterij Eredivisie,37,61666,RKC Waalwijk,2956,Yorem van der Veen,1529982,21.0,171.0,Netherlands,F,Right,1877472000.0,180000.0,EUR,NED,2024-2025,datafc_sofascore,2026-08-09T08:50:05.753455
Netherlands,VriendenLoterij Eredivisie,37,61666,RKC Waalwijk,2956,Haye Van Gemert,2686055,20.0,,Netherlands,F,,,,,NED,2024-2025,datafc_sofascore,2026-08-09T08:50:05.753455
Netherlands,VriendenLoterij Eredivisie,37,61666,RKC Waalwijk,2956,Azzedine Dkidak,992001,26.0,177.0,Netherlands,M,Left,1845936000.0,275000.0,EUR,NED,2024-2025,datafc_sofascore,2026-08-09T08:50:05.753455
Netherlands,VriendenLoterij Eredivisie,37,61666,RKC Waalwijk,2956,Thijs van Leeuwen,1048428,25.0,175.0,Netherlands,M,Right,1845936000.0,375000.0,EUR,NED,2024-2025,datafc_sofascore,2026-08-09T08:50:05.753455
Netherlands,VriendenLoterij Eredivisie,37,61666,RKC Waalwijk,2956,Ryan Fage,1099750,22.0,169.0,France,M,Left,1845936000.0,340000.0,EUR,NED,2024-2025,datafc_sofascore,2026-08-09T08:50:05.753455
Netherlands,VriendenLoterij Eredivisie,37,61666,RKC Waalwijk,2956,Tim van de Loo,1174460,23.0,180.0,Netherlands,M,Left,1845936000.0,440000.0,EUR,NED,2024-2025,datafc_sofascore,2026-08-09T08:50:05.753455
Netherlands,VriendenLoterij Eredivisie,37,61666,RKC Waalwijk,2956,Rein van Hedel,1155366,21.0,187.0,Netherlands,M,Right,1845936000.0,260000.0,EUR,NED,2024-2025,datafc_sofascore,2026-08-09T08:50:05.753455
Netherlands,VriendenLoterij Eredivisie,37,61666,RKC Waalwijk,2956,Jochem Nap,2188098,21.0,,Netherlands,M,,1877472000.0,54000.0,EUR,NED,2024-2025,datafc_sofascore,2026-08-09T08:50:05.753455
Netherlands,VriendenLoterij Eredivisie,37,61666,RKC Waalwijk,2956,Quentin van Beekveld,1979424,20.0,196.0,Netherlands,M,Right,1814313600.0,,,NED,2024-2025,datafc_sofascore,2026-08-09T08:50:05.753455
Netherlands,VriendenLoterij Eredivisie,37,61666,RKC Waalwijk,2956,Faissal Al Mazyani,1195771,21.0,179.0,Morocco,D,Right,1814313600.0,380000.0,EUR,NED,2024-2025,datafc_sofascore,2026-08-09T08:50:05.753455
Netherlands,VriendenLoterij Eredivisie,37,61666,RKC Waalwijk,2956,Liam Van Gelderen,910049,25.0,178.0,Suriname,D,Right,1814313600.0,410000.0,EUR,NED,2024-2025,datafc_sofascore,2026-08-09T08:50:05.753455
Netherlands,VriendenLoterij Eredivisie,37,61666,RKC Waalwijk,2956,Juan Familia-Castillo,856735,26.0,175.0,Dominican Republic,D,Left,1814313600.0,410000.0,EUR,NED,2024-2025,datafc_sofascore,2026-08-09T08:50:05.753455
Netherlands,VriendenLoterij Eredivisie,37,61666,RKC Waalwijk,2956,Jordy de Wijs,359032,31.0,189.0,Netherlands,D,Left,1845936000.0,415000.0,EUR,NED,2024-2025,datafc_sofascore,2026-08-09T08:50:05.753455
Netherlands,VriendenLoterij Eredivisie,37,61666,RKC Waalwijk,2956,Navajo Bakboord,837264,27.0,177.0,Suriname,D,Right,1845936000.0,160000.0,EUR,NED,2024-2025,datafc_sofascore,2026-08-09T08:50:05.753455
Netherlands,VriendenLoterij Eredivisie,37,61666,RKC Waalwijk,2956,Nazjir Held,1477353,20.0,178.0,Curacao,D,Left,1877472000.0,415000.0,EUR,NED,2024-2025,datafc_sofascore,2026-08-09T08:50:05.753455
Netherlands,VriendenLoterij Eredivisie,37,61666,RKC Waalwijk,2956,Sven van der Plas,1493495,20.0,183.0,Netherlands,D,Right,1877472000.0,310000.0,EUR,NED,2024-2025,datafc_sofascore,2026-08-09T08:50:05.753455
Netherlands,VriendenLoterij Eredivisie,37,61666,RKC Waalwijk,2956,Loek Postma,1146005,23.0,185.0,Netherlands,D,Right,1845936000.0,360000.0,EUR,NED,2024-2025,datafc_sofascore,2026-08-09T08:50:05.753455
Netherlands,VriendenLoterij Eredivisie,37,61666,RKC Waalwijk,2956,Bjarn Zorgdrager,2180933,22.0,,Netherlands,D,Right,1814313600.0,54000.0,EUR,NED,2024-2025,datafc_sofascore,2026-08-09T08:50:05.753455
Netherlands,VriendenLoterij Eredivisie,37,61666,RKC Waalwijk,2956,Niek Schiks,1134720,22.0,188.0,Netherlands,G,Left,1814313600.0,525000.0,EUR,NED,2024-2025,datafc_sofascore,2026-08-09T08:50:05.753455
Netherlands,VriendenLoterij Eredivisie,37,61666,RKC Waalwijk,2956,Mark Spenkelink,875466,29.0,196.0,Netherlands,G,Right,1845936000.0,265000.0,EUR,NED,2024-2025,datafc_sofascore,2026-08-09T08:50:05.753455
Netherlands,VriendenLoterij Eredivisie,37,61666,RKC Waalwijk,2956,Xander Mulder,2124261,21.0,188.0,Netherlands,G,Right,1845936000.0,,,NED,2024-2025,datafc_sofascore,2026-08-09T08:50:05.753455
Netherlands,VriendenLoterij Eredivisie,37,61666,Almere City FC,2990,Ferdy Druijf,893741,28.0,190.0,Netherlands,F,Right,1814313600.0,315000.0,EUR,NED,2024-2025,datafc_sofascore,2026-08-09T08:50:05.753455
Netherlands,VriendenLoterij Eredivisie,37,61666,Almere City FC,2990,Jochem Ritmeester van de Kamp,1157777,22.0,177.0,Netherlands,F,Right,1814313600.0,1600000.0,EUR,NED,2024-2025,datafc_sofascore,2026-08-09T08:50:05.753455
Netherlands,VriendenLoterij Eredivisie,37,61666,Almere City FC,2990,Marley  Dors,1648769,21.0,,Suriname,F,,1814313600.0,390000.0,EUR,NED,2024-2025,datafc_sofascore,2026-08-09T08:50:05.753455
Netherlands,VriendenLoterij Eredivisie,37,61666,Almere City FC,2990,Bas Huisman,1955663,21.0,191.0,Netherlands,F,Right,1814313600.0,260000.0,EUR,NED,2024-2025,datafc_sofascore,2026-08-09T08:50:05.753455
Netherlands,VriendenLoterij Eredivisie,37,61666,Almere City FC,2990,Immanuel Goghli,2318178,20.0,,Netherlands,F,Right,1814313600.0,91000.0,EUR,NED,2024-2025,datafc_sofascore,2026-08-09T08:50:05.753455
Netherlands,VriendenLoterij Eredivisie,37,61666,Almere City FC,2990,Ruben Providence,954066,25.0,172.0,Haiti,M,Right,1814313600.0,270000.0,EUR,NED,2024-2025,datafc_sofascore,2026-08-09T08:50:05.753455
Netherlands,VriendenLoterij Eredivisie,37,61666,Almere City FC,2990,Emanuel Poku,1887071,21.0,,Netherlands,M,Right,1814313600.0,775000.0,EUR,NED,2024-2025,datafc_sofascore,2026-08-09T08:50:05.753455
Netherlands,VriendenLoterij Eredivisie,37,61666,Almere City FC,2990,Hamza El Dahri,1539611,21.0,177.0,Netherlands,M,Right,1845936000.0,260000.0,EUR,NED,2024-2025,datafc_sofascore,2026-08-09T08:50:05.753455
Netherlands,VriendenLoterij Eredivisie,37,61666,Almere City FC,2990,Byron Burgering,991680,26.0,174.0,Netherlands,M,Left,1845936000.0,515000.0,EUR,NED,2024-2025,datafc_sofascore,2026-08-09T08:50:05.753455
Netherlands,VriendenLoterij Eredivisie,37,61666,Almere City FC,2990,Mees Hoedemakers,893748,28.0,181.0,Netherlands,M,Both,1814313600.0,560000.0,EUR,NED,2024-2025,datafc_sofascore,2026-08-09T08:50:05.753455
Netherlands,VriendenLoterij Eredivisie,37,61666,Almere City FC,2990,Jamie Jacobs,893744,28.0,182.0,Netherlands,M,Left,1814313600.0,270000.0,EUR,NED,2024-2025,datafc_sofascore,2026-08-09T08:50:05.753455
Netherlands,VriendenLoterij Eredivisie,37,61666,Almere City FC,2990,Milan de Haan,1120949,22.0,,Netherlands,M,,1845936000.0,510000.0,EUR,NED,2024-2025,datafc_sofascore,2026-08-09T08:50:05.753455
Netherlands,VriendenLoterij Eredivisie,37,61666,Almere City FC,2990,Enzo Cornelisse,1046725,24.0,178.0,Netherlands,M,Left,1845936000.0,270000.0,EUR,NED,2024-2025,datafc_sofascore,2026-08-09T08:50:05.753455
Netherlands,VriendenLoterij Eredivisie,37,61666,Almere City FC,2990,Job Kalisvaart,1402600,22.0,181.0,Netherlands,M,Right,1845936000.0,315000.0,EUR,NED,2024-2025,datafc_sofascore,2026-08-09T08:50:05.753455
Netherlands,VriendenLoterij Eredivisie,37,61666,Almere City FC,2990,Lev Lenssen,1562509,21.0,167.0,Netherlands,M,Right,,82000.0,EUR,NED,2024-2025,datafc_sofascore,2026-08-09T08:50:05.753455
Netherlands,VriendenLoterij Eredivisie,37,61666,Almere City FC,2990,Olivier De Nijs,1648767,21.0,181.0,Netherlands,M,Right,1845936000.0,220000.0,EUR,NED,2024-2025,datafc_sofascore,2026-08-09T08:50:05.753455
Netherlands,VriendenLoterij Eredivisie,37,61666,Almere City FC,2990,Bas Pennock,1892605,22.0,,Netherlands,M,Left,,,,NED,2024-2025,datafc_sofascore,2026-08-09T08:50:05.753455
Netherlands,VriendenLoterij Eredivisie,37,61666,Almere City FC,2990,Emmanuel van de Blaak,1119291,21.0,184.0,Netherlands,D,Right,1814313600.0,515000.0,EUR,NED,2024-2025,datafc_sofascore,2026-08-09T08:50:05.753455
Netherlands,VriendenLoterij Eredivisie,37,61666,Almere City FC,2990,James Lawrence,193462,33.0,188.0,Wales,D,Left,1814313600.0,220000.0,EUR,NED,2024-2025,datafc_sofascore,2026-08-09T08:50:05.753455
Netherlands,VriendenLoterij Eredivisie,37,61666,Almere City FC,2990,Damian van Bruggen,285991,30.0,184.0,Netherlands,D,Right,,550000.0,EUR,NED,2024-2025,datafc_sofascore,2026-08-09T08:50:05.753455
Netherlands,VriendenLoterij Eredivisie,37,61666,Almere City FC,2990,Teun Bijleveld,803027,28.0,176.0,Netherlands,D,Left,1845936000.0,210000.0,EUR,NED,2024-2025,datafc_sofascore,2026-08-09T08:50:05.753455
Netherlands,VriendenLoterij Eredivisie,37,61666,Almere City FC,2990,Joey Jacobs,930838,26.0,183.0,Netherlands,D,Right,,285000.0,EUR,NED,2024-2025,datafc_sofascore,2026-08-09T08:50:05.753455
Netherlands,VriendenLoterij Eredivisie,37,61666,Almere City FC,2990,Misha Engel,1119490,23.0,186.0,Netherlands,D,Left,1845936000.0,240000.0,EUR,NED,2024-2025,datafc_sofascore,2026-08-09T08:50:05.753455
Netherlands,VriendenLoterij Eredivisie,37,61666,Almere City FC,2990,Twan Van Der Zeeuw,961675,23.0,178.0,Netherlands,D,Left,1814313600.0,130000.0,EUR,NED,2024-2025,datafc_sofascore,2026-08-09T08:50:05.753455
Netherlands,VriendenLoterij Eredivisie,37,61666,Almere City FC,2990,Tiziano Vianello,2223578,21.0,,Netherlands,D,Right,1814313600.0,155000.0,EUR,NED,2024-2025,datafc_sofascore,2026-08-09T08:50:05.753455
Netherlands,VriendenLoterij Eredivisie,37,61666,Almere City FC,2990,Donte Apinsa,1801290,21.0,,Suriname,D,Right,,,,NED,2024-2025,datafc_sofascore,2026-08-09T08:50:05.753455
Netherlands,VriendenLoterij Eredivisie,37,61666,Almere City FC,2990,Jereno van Gom,1405750,21.0,,Suriname,D,Right,,,,NED,2024-2025,datafc_sofascore,2026-08-09T08:50:05.753455
Netherlands,VriendenLoterij Eredivisie,37,61666,Almere City FC,2990,Wessel Speel,1014536,24.0,198.0,Netherlands,G,Right,1814313600.0,170000.0,EUR,NED,2024-2025,datafc_sofascore,2026-08-09T08:50:05.753455
Netherlands,VriendenLoterij Eredivisie,37,61666,Almere City FC,2990,Tristan Kuijsten,1177180,21.0,191.0,Netherlands,G,Right,1845936000.0,180000.0,EUR,NED,2024-2025,datafc_sofascore,2026-08-09T08:50:05.753455
Netherlands,VriendenLoterij Eredivisie,37,61666,Almere City FC,2990,Joel Van der Wilt,1521867,22.0,198.0,Netherlands,G,Right,1814313600.0,24000.0,EUR,NED,2024-2025,datafc_sofascore,2026-08-09T08:50:05.753455
Netherlands,VriendenLoterij Eredivisie,37,61666,Almere City FC,2990,Malcolm Mateyo,1919410,21.0,,Netherlands,G,Right,1814313600.0,,,NED,2024-2025,datafc_sofascore,2026-08-09T08:50:05.753455
