tournament_id,season_id,player_name,player_id,team_name,team_id,goals,assists,rating,expectedGoals,expectedAssists,totalShots,shotsOnTarget,keyPasses,successfulDribbles,tackles,yellowCards,redCards,minutesPlayed,appearances,_metric_order,_league_id,_season,_source,_scraped_at
52,53190,Dries Mertens,32493,Galatasaray,3061,9,16,7.61,8.12,10.57,88,35,93,15,43,3,0,2487,36,rating,TUR,2023-2024,datafc_sofascore,2026-08-09T01:36:50.770462
52,53190,Sebastian Szymański,847983,Fenerbahçe,3052,10,11,7.55,9.31,9.69,87,31,77,10,85,4,0,2916,37,rating,TUR,2023-2024,datafc_sofascore,2026-08-09T01:36:50.770462
52,53190,Paul Onuachu,295123,Trabzonspor,3051,14,4,7.52,8.11,0.47,57,23,13,11,6,3,0,1438,20,rating,TUR,2023-2024,datafc_sofascore,2026-08-09T01:36:50.770462
52,53190,Mauro Icardi,233114,Galatasaray,3061,25,8,7.51,21.23,3.77,111,49,49,7,6,2,0,2856,34,rating,TUR,2023-2024,datafc_sofascore,2026-08-09T01:36:50.770462
52,53190,Đorđe Nikolić,797144,Sivasspor,3076,0,0,7.5,,0.01,0,0,0,0,0,0,0,450,5,rating,TUR,2023-2024,datafc_sofascore,2026-08-09T01:36:50.770462
52,53190,Valentin Eysseric,139798,Fatih Karagümrük,4954,5,7,7.46,4.48,7.64,54,18,74,27,42,7,1,2420,31,rating,TUR,2023-2024,datafc_sofascore,2026-08-09T01:36:50.770462
52,53190,Ferdi Kadıoğlu,825844,Fenerbahçe,3052,1,4,7.44,2.5,6.69,33,14,51,57,75,3,0,3327,37,rating,TUR,2023-2024,datafc_sofascore,2026-08-09T01:36:50.770462
52,53190,Dušan Tadić,38560,Fenerbahçe,3052,10,14,7.42,14.9,14.16,53,28,88,32,33,3,0,3157,38,rating,TUR,2023-2024,datafc_sofascore,2026-08-09T01:36:50.770462
52,53190,Aytaç Kara,128196,Kasımpaşa,6063,13,5,7.41,9.16,3.01,101,36,40,19,73,4,0,3248,37,rating,TUR,2023-2024,datafc_sofascore,2026-08-09T01:36:50.770462
52,53190,Poyraz Efe Yıldırım,1195797,Trabzonspor,3051,1,0,7.4,0.96,0.0,1,1,0,0,0,0,0,9,2,rating,TUR,2023-2024,datafc_sofascore,2026-08-09T01:36:50.770462
52,53190,Haris Hajradinović,254979,Kasımpaşa,6063,5,14,7.39,6.16,9.69,69,21,104,26,63,3,0,3307,38,rating,TUR,2023-2024,datafc_sofascore,2026-08-09T01:36:50.770462
52,53190,İrfan Can Kahveci,226986,Fenerbahçe,3052,12,7,7.39,3.98,7.71,40,21,52,36,33,5,0,2027,31,rating,TUR,2023-2024,datafc_sofascore,2026-08-09T01:36:50.770462
52,53190,Edin Džeko,14990,Fenerbahçe,3052,21,3,7.39,21.64,5.15,147,64,37,22,19,3,0,2741,36,rating,TUR,2023-2024,datafc_sofascore,2026-08-09T01:36:50.770462
52,53190,Guilherme Haubert Sityá,224112,Konyaspor,3085,5,7,7.35,1.62,6.83,18,6,88,30,87,1,0,3267,37,rating,TUR,2023-2024,datafc_sofascore,2026-08-09T01:36:50.770462
52,53190,Fred,243623,Fenerbahçe,3052,3,4,7.34,3.99,4.93,50,15,31,25,51,5,1,2051,25,rating,TUR,2023-2024,datafc_sofascore,2026-08-09T01:36:50.770462
52,53190,Kerem Aktürkoğlu,903324,Galatasaray,3061,12,6,7.33,12.89,8.17,79,29,73,32,28,3,1,2479,37,rating,TUR,2023-2024,datafc_sofascore,2026-08-09T01:36:50.770462
52,53190,Rey Manaj,587882,Sivasspor,3076,18,3,7.31,14.34,1.48,104,40,17,20,13,10,0,2423,32,rating,TUR,2023-2024,datafc_sofascore,2026-08-09T01:36:50.770462
52,53190,Yusuf Sarı,896364,Adana Demirspor,3101,3,7,7.3,2.92,5.46,59,24,48,45,22,1,0,1790,24,rating,TUR,2023-2024,datafc_sofascore,2026-08-09T01:36:50.770462
52,53190,Oğuz Aydın,999396,Alanyaspor,6362,13,8,7.28,9.34,8.32,58,25,64,54,25,3,1,2587,35,rating,TUR,2023-2024,datafc_sofascore,2026-08-09T01:36:50.770462
52,53190,Nuno Da Costa,209374,Kasımpaşa,6063,14,4,7.28,10.67,2.41,67,24,26,49,23,1,0,2339,29,rating,TUR,2023-2024,datafc_sofascore,2026-08-09T01:36:50.770462
52,53190,Edin Višća,109779,Trabzonspor,3051,5,9,7.28,4.34,8.93,63,16,91,28,34,1,0,2762,36,rating,TUR,2023-2024,datafc_sofascore,2026-08-09T01:36:50.770462
52,53190,Hakim Ziyech,249437,Galatasaray,3061,6,3,7.26,2.01,4.28,43,14,35,15,18,4,0,1077,18,rating,TUR,2023-2024,datafc_sofascore,2026-08-09T01:36:50.770462
52,53190,Tasos Bakasetas,114076,Trabzonspor,3051,4,2,7.26,2.71,1.72,41,12,25,8,27,3,0,1321,17,rating,TUR,2023-2024,datafc_sofascore,2026-08-09T01:36:50.770462
52,53190,Emirhan Topçu,895009,Çaykur Rizespor,3064,1,4,7.26,2.0,1.84,25,8,19,6,65,10,1,2702,31,rating,TUR,2023-2024,datafc_sofascore,2026-08-09T01:36:50.770462
52,53190,Mame Thiam,180981,Pendikspor,7032,18,7,7.26,13.28,3.36,85,36,34,18,47,4,0,3161,36,rating,TUR,2023-2024,datafc_sofascore,2026-08-09T01:36:50.770462
52,53190,Samu Sáiz,99527,Sivasspor,3076,4,3,7.25,2.05,2.29,29,15,33,26,8,3,0,1357,17,rating,TUR,2023-2024,datafc_sofascore,2026-08-09T01:36:50.770462
52,53190,Thomas Meunier,128587,Trabzonspor,3051,1,5,7.24,0.58,2.7,12,4,18,4,24,2,0,1245,14,rating,TUR,2023-2024,datafc_sofascore,2026-08-09T01:36:50.770462
52,53190,Ali Şaşal Vural,94540,Sivasspor,3076,0,0,7.23,0.0,0.27,0,0,3,2,2,3,0,2880,32,rating,TUR,2023-2024,datafc_sofascore,2026-08-09T01:36:50.770462
52,53190,Abdülkerim Bardakcı,178963,Galatasaray,3061,4,0,7.23,3.21,1.03,33,8,10,11,25,4,0,2218,27,rating,TUR,2023-2024,datafc_sofascore,2026-08-09T01:36:50.770462
52,53190,Denis Drăguş,841199,Gaziantep FK,5138,14,1,7.22,13.78,2.44,106,40,38,85,54,8,0,2751,32,rating,TUR,2023-2024,datafc_sofascore,2026-08-09T01:36:50.770462
52,53190,Bilal Bayazit,825850,Kayserispor,3072,0,0,7.22,0.0,0.07,0,0,3,0,3,5,0,3150,35,rating,TUR,2023-2024,datafc_sofascore,2026-08-09T01:36:50.770462
52,53190,Fernando Muslera,28381,Galatasaray,3061,0,0,7.2,0.0,0.32,0,0,2,1,1,4,0,3300,37,rating,TUR,2023-2024,datafc_sofascore,2026-08-09T01:36:50.770462
52,53190,Kerem Demirbay,142619,Galatasaray,3061,6,3,7.2,3.03,3.76,52,17,42,19,66,2,0,2227,34,rating,TUR,2023-2024,datafc_sofascore,2026-08-09T01:36:50.770462
52,53190,Taha Tepe,910094,Trabzonspor,3051,0,0,7.2,,0.01,0,0,0,0,0,1,0,270,3,rating,TUR,2023-2024,datafc_sofascore,2026-08-09T01:36:50.770462
52,53190,Helton Leite,329081,Antalyaspor,3056,0,0,7.2,0.0,0.02,0,0,0,0,1,1,0,3059,34,rating,TUR,2023-2024,datafc_sofascore,2026-08-09T01:36:50.770462
52,53190,Lucas Torreira,754794,Galatasaray,3061,1,2,7.2,2.08,2.97,31,4,29,9,80,7,0,2993,35,rating,TUR,2023-2024,datafc_sofascore,2026-08-09T01:36:50.770462
52,53190,Krzysztof Piątek,558738,Başakşehir FK,3086,17,1,7.2,14.78,1.82,101,44,18,17,14,4,0,2703,34,rating,TUR,2023-2024,datafc_sofascore,2026-08-09T01:36:50.770462
52,53190,Çağlar Söyüncü,758608,Fenerbahçe,3052,2,0,7.19,1.6,0.23,6,2,1,1,14,1,0,914,12,rating,TUR,2023-2024,datafc_sofascore,2026-08-09T01:36:50.770462
52,53190,Emre Akbaba,343527,Adana Demirspor,3101,7,2,7.19,7.41,3.26,64,20,43,32,65,5,0,2682,32,rating,TUR,2023-2024,datafc_sofascore,2026-08-09T01:36:50.770462
52,53190,Gedson Fernandes,862055,Beşiktaş JK,3050,3,3,7.19,2.94,1.74,36,9,29,46,99,8,0,2457,29,rating,TUR,2023-2024,datafc_sofascore,2026-08-09T01:36:50.770462
52,53190,Adam Buksa,1138856,Antalyaspor,3056,16,2,7.19,12.27,0.84,93,39,21,27,17,8,0,2925,33,rating,TUR,2023-2024,datafc_sofascore,2026-08-09T01:36:50.770462
52,53190,Ertaç Özbir,126077,MKE Ankaragücü,3103,0,0,7.19,0.0,0.01,0,0,0,1,1,3,2,1137,14,rating,TUR,2023-2024,datafc_sofascore,2026-08-09T01:36:50.770462
52,53190,Wilfried Zaha,111850,Galatasaray,3061,9,3,7.18,4.15,2.63,48,19,23,43,29,2,0,1433,30,rating,TUR,2023-2024,datafc_sofascore,2026-08-09T01:36:50.770462
52,53190,Mahmoud Trézéguet,295361,Trabzonspor,3051,9,5,7.17,6.45,3.71,57,20,29,23,17,2,0,1529,24,rating,TUR,2023-2024,datafc_sofascore,2026-08-09T01:36:50.770462
52,53190,Gökhan Akkan,225012,Çaykur Rizespor,3064,0,1,7.17,0.0,0.04,0,0,2,1,1,2,0,2640,30,rating,TUR,2023-2024,datafc_sofascore,2026-08-09T01:36:50.770462
52,53190,Richard,897617,Alanyaspor,6362,1,1,7.16,1.3,1.31,25,7,17,16,74,11,0,2913,34,rating,TUR,2023-2024,datafc_sofascore,2026-08-09T01:36:50.770462
52,53190,Ousseynou Ba,889430,Başakşehir FK,3086,0,1,7.16,0.43,0.1,6,0,2,2,48,9,1,1765,22,rating,TUR,2023-2024,datafc_sofascore,2026-08-09T01:36:50.770462
52,53190,Alexandru Maxim,180511,Gaziantep FK,5138,3,8,7.16,5.85,7.47,43,16,80,36,38,4,2,2674,34,rating,TUR,2023-2024,datafc_sofascore,2026-08-09T01:36:50.770462
52,53190,Tolga Ciğerci,120298,MKE Ankaragücü,3103,5,3,7.15,3.47,1.48,38,11,22,13,45,4,0,2050,27,rating,TUR,2023-2024,datafc_sofascore,2026-08-09T01:36:50.770462
52,53190,Jonjo Shelvey,36465,Çaykur Rizespor,3064,3,6,7.15,2.58,3.71,55,16,48,17,36,6,0,2604,31,rating,TUR,2023-2024,datafc_sofascore,2026-08-09T01:36:50.770462
52,53190,Deniz Türüç,252207,Başakşehir FK,3086,2,12,7.15,2.26,5.68,39,17,60,30,31,11,0,2678,34,rating,TUR,2023-2024,datafc_sofascore,2026-08-09T01:36:50.770462
52,53190,Valentin Rosier,842419,Beşiktaş JK,3050,0,1,7.15,0.25,1.06,4,1,9,21,23,3,0,907,12,rating,TUR,2023-2024,datafc_sofascore,2026-08-09T01:36:50.770462
52,53190,İsmail Yüksek,952600,Fenerbahçe,3052,0,4,7.15,2.24,2.28,26,4,29,29,73,5,2,2319,30,rating,TUR,2023-2024,datafc_sofascore,2026-08-09T01:36:50.770462
52,53190,Barış Alper Yılmaz,904096,Galatasaray,3061,6,6,7.15,4.08,5.51,61,18,43,67,60,8,0,2550,37,rating,TUR,2023-2024,datafc_sofascore,2026-08-09T01:36:50.770462
52,53190,Omar Colley,238408,Beşiktaş JK,3050,7,0,7.14,3.23,0.36,13,9,6,2,27,4,1,1935,22,rating,TUR,2023-2024,datafc_sofascore,2026-08-09T01:36:50.770462
52,53190,Marcão,870717,Fatih Karagümrük,4954,6,1,7.14,4.7,0.41,35,14,6,8,4,1,0,680,11,rating,TUR,2023-2024,datafc_sofascore,2026-08-09T01:36:50.770462
52,53190,Ernest Muçi,924670,Beşiktaş JK,3050,3,0,7.13,2.25,1.71,41,15,16,18,12,3,0,1040,13,rating,TUR,2023-2024,datafc_sofascore,2026-08-09T01:36:50.770462
52,53190,Semih Kılıçsoy,1142606,Beşiktaş JK,3050,11,4,7.13,5.59,1.48,57,24,16,40,16,5,0,1695,23,rating,TUR,2023-2024,datafc_sofascore,2026-08-09T01:36:50.770462
52,53190,Emre Kılınç,202032,Samsunspor,3053,4,4,7.12,2.09,4.63,31,5,53,31,62,4,0,2574,33,rating,TUR,2023-2024,datafc_sofascore,2026-08-09T01:36:50.770462
52,53190,Ibrahim Olawoyin,1008173,Çaykur Rizespor,3064,8,2,7.12,5.84,2.99,64,25,39,65,63,6,0,2970,35,rating,TUR,2023-2024,datafc_sofascore,2026-08-09T01:36:50.770462
52,53190,Majid Hosseini,359332,Kayserispor,3072,0,0,7.12,0.38,0.18,6,1,0,2,18,1,0,867,10,rating,TUR,2023-2024,datafc_sofascore,2026-08-09T01:36:50.770462
52,53190,Berat Özdemir,876857,Trabzonspor,3051,1,1,7.12,0.52,0.97,15,4,15,15,70,4,0,2304,31,rating,TUR,2023-2024,datafc_sofascore,2026-08-09T01:36:50.770462
52,53190,Léo Duarte,839982,Başakşehir FK,3086,0,1,7.12,0.96,0.79,11,4,16,18,43,1,0,2700,30,rating,TUR,2023-2024,datafc_sofascore,2026-08-09T01:36:50.770462
52,53190,Victor Nelsson,846148,Galatasaray,3061,2,0,7.12,1.56,0.89,19,6,5,1,22,3,0,2570,32,rating,TUR,2023-2024,datafc_sofascore,2026-08-09T01:36:50.770462
52,53190,Davidson,814334,Başakşehir FK,3086,4,0,7.11,4.1,1.3,22,7,12,24,19,2,0,980,14,rating,TUR,2023-2024,datafc_sofascore,2026-08-09T01:36:50.770462
52,53190,Salih Uçan,135695,Beşiktaş JK,3050,1,3,7.11,1.52,4.11,20,4,20,22,41,6,0,1579,23,rating,TUR,2023-2024,datafc_sofascore,2026-08-09T01:36:50.770462
52,53190,Muhammed Şengezer,827418,Başakşehir FK,3086,0,0,7.11,0.0,0.05,0,0,0,0,0,0,0,1260,14,rating,TUR,2023-2024,datafc_sofascore,2026-08-09T01:36:50.770462
52,53190,Sacha Boey,980418,Galatasaray,3061,1,0,7.11,1.19,1.62,11,4,18,17,35,4,0,1710,19,rating,TUR,2023-2024,datafc_sofascore,2026-08-09T01:36:50.770462
52,53190,Jonas Svensson,98199,Beşiktaş JK,3050,0,3,7.1,0.13,2.29,4,0,23,10,50,4,0,2065,24,rating,TUR,2023-2024,datafc_sofascore,2026-08-09T01:36:50.770462
52,53190,Mert Hakan Yandaş,856849,Fenerbahçe,3052,2,2,7.1,0.97,1.71,15,6,21,6,8,3,1,618,16,rating,TUR,2023-2024,datafc_sofascore,2026-08-09T01:36:50.770462
52,53190,Deniz Dilmen,1065508,Başakşehir FK,3086,0,0,7.1,,0.0,0,0,0,0,0,0,0,90,1,rating,TUR,2023-2024,datafc_sofascore,2026-08-09T01:36:50.770462
52,53190,Sagiv Jehezkel,1513792,Antalyaspor,3056,6,2,7.09,3.27,1.33,22,11,14,27,17,4,0,918,13,rating,TUR,2023-2024,datafc_sofascore,2026-08-09T01:36:50.770462
52,53190,Derrick Köhn,886737,Galatasaray,3061,1,2,7.09,0.45,1.3,15,3,12,13,30,1,0,1153,13,rating,TUR,2023-2024,datafc_sofascore,2026-08-09T01:36:50.770462
52,53190,Youcef Atal,894238,Adana Demirspor,3101,1,2,7.09,0.62,1.13,12,5,11,34,28,2,1,818,11,rating,TUR,2023-2024,datafc_sofascore,2026-08-09T01:36:50.770462
52,53190,Kévin Rodrigues,234232,Adana Demirspor,3101,0,1,7.09,0.14,1.01,6,2,13,7,21,4,1,921,11,rating,TUR,2023-2024,datafc_sofascore,2026-08-09T01:36:50.770462
52,53190,Mario Balotelli,25530,Adana Demirspor,3101,7,1,7.09,5.46,0.98,51,17,16,8,4,7,1,938,16,rating,TUR,2023-2024,datafc_sofascore,2026-08-09T01:36:50.770462
52,53190,Semih Güler,325155,Adana Demirspor,3101,0,1,7.09,1.18,0.93,24,6,8,4,52,4,1,2801,32,rating,TUR,2023-2024,datafc_sofascore,2026-08-09T01:36:50.770462
52,53190,Miguel Cardoso,344009,Kayserispor,3072,1,7,7.08,5.41,7.21,65,18,66,31,39,4,0,2524,30,rating,TUR,2023-2024,datafc_sofascore,2026-08-09T01:36:50.770462
52,53190,Joe Worrall,838399,Beşiktaş JK,3050,1,0,7.08,0.26,0.06,3,1,1,1,11,1,0,495,6,rating,TUR,2023-2024,datafc_sofascore,2026-08-09T01:36:50.770462
52,53190,M'Baye Niang,139228,Adana Demirspor,3101,8,1,7.08,5.93,0.47,30,15,9,6,3,2,0,993,16,rating,TUR,2023-2024,datafc_sofascore,2026-08-09T01:36:50.770462
52,53190,Badou Ndiaye,228342,Pendikspor,7032,1,0,7.07,1.71,1.22,25,7,15,25,39,3,0,1518,20,rating,TUR,2023-2024,datafc_sofascore,2026-08-09T01:36:50.770462
52,53190,Florin Niță,83551,Gaziantep FK,5138,0,0,7.07,0.02,0.04,1,0,1,0,2,3,0,3060,34,rating,TUR,2023-2024,datafc_sofascore,2026-08-09T01:36:50.770462
52,53190,Kaan Ayhan,138152,Galatasaray,3061,1,2,7.07,1.11,2.96,22,6,29,6,33,3,0,2111,35,rating,TUR,2023-2024,datafc_sofascore,2026-08-09T01:36:50.770462
52,53190,Angeliño,848355,Galatasaray,3061,0,1,7.06,0.19,2.1,5,1,14,2,10,1,0,604,8,rating,TUR,2023-2024,datafc_sofascore,2026-08-09T01:36:50.770462
52,53190,Amir Hadžiahmetović,795421,Beşiktaş JK,3050,0,4,7.06,0.3,2.46,3,1,22,8,19,2,1,1341,18,rating,TUR,2023-2024,datafc_sofascore,2026-08-09T01:36:50.770462
52,53190,Jerome Opoku,920514,Başakşehir FK,3086,4,1,7.06,1.9,0.74,11,5,9,18,26,6,1,2481,28,rating,TUR,2023-2024,datafc_sofascore,2026-08-09T01:36:50.770462
52,53190,Enis Bardhi,355024,Trabzonspor,3051,6,4,7.06,3.19,3.28,56,20,37,31,34,3,0,2342,34,rating,TUR,2023-2024,datafc_sofascore,2026-08-09T01:36:50.770462
52,53190,Didier Lamkel Zé,845272,Hatayspor,3091,3,2,7.05,2.98,2.28,22,7,14,26,10,3,0,947,15,rating,TUR,2023-2024,datafc_sofascore,2026-08-09T01:36:50.770462
52,53190,Davinson Sánchez,566102,Galatasaray,3061,2,0,7.05,3.71,0.58,17,4,4,7,39,4,0,1602,23,rating,TUR,2023-2024,datafc_sofascore,2026-08-09T01:36:50.770462
52,53190,Cherif Ndiaye,868268,Adana Demirspor,3101,1,1,7.05,0.98,0.43,1,1,2,0,1,1,0,167,2,rating,TUR,2023-2024,datafc_sofascore,2026-08-09T01:36:50.770462
52,53190,Günay Güvenç,103457,Galatasaray,3061,0,0,7.05,,0.0,0,0,0,0,0,1,0,120,2,rating,TUR,2023-2024,datafc_sofascore,2026-08-09T01:36:50.770462
52,53190,Cengiz Ünder,758876,Fenerbahçe,3052,9,2,7.05,3.62,1.88,43,19,21,9,11,3,0,1046,24,rating,TUR,2023-2024,datafc_sofascore,2026-08-09T01:36:50.770462
52,53190,Alexis Flips,879672,MKE Ankaragücü,3103,0,1,7.04,0.69,1.2,9,4,18,3,7,1,0,452,10,rating,TUR,2023-2024,datafc_sofascore,2026-08-09T01:36:50.770462
52,53190,Dimitrios Pelkas,139304,Başakşehir FK,3086,6,5,7.04,4.7,2.2,30,17,24,18,20,6,0,1245,23,rating,TUR,2023-2024,datafc_sofascore,2026-08-09T01:36:50.770462
52,53190,Bahadır Han Güngördü,807289,MKE Ankaragücü,3103,0,1,7.04,0.0,0.1,0,0,3,0,0,2,0,2837,32,rating,TUR,2023-2024,datafc_sofascore,2026-08-09T01:36:50.770462
52,53190,Efkan Bekiroğlu,800458,MKE Ankaragücü,3103,9,4,7.04,4.65,3.74,52,16,39,31,20,2,1,2139,30,rating,TUR,2023-2024,datafc_sofascore,2026-08-09T01:36:50.770462
52,53190,Ramzi Safouri,186949,Antalyaspor,3056,0,7,7.04,2.16,5.15,39,15,56,31,17,3,1,1803,30,rating,TUR,2023-2024,datafc_sofascore,2026-08-09T01:36:50.770462
52,53190,Nicolas Janvier,802150,Alanyaspor,6362,4,2,7.04,2.42,3.0,35,9,33,24,30,3,0,1655,34,rating,TUR,2023-2024,datafc_sofascore,2026-08-09T01:36:50.770462
52,53190,Uğurcan Çakır,754330,Trabzonspor,3051,0,0,7.04,0.0,0.12,0,0,1,1,1,4,0,3060,34,rating,TUR,2023-2024,datafc_sofascore,2026-08-09T01:36:50.770462
52,53190,Matías Dituro,556884,Fatih Karagümrük,4954,0,0,7.04,0.0,0.01,0,0,0,0,0,1,0,990,11,rating,TUR,2023-2024,datafc_sofascore,2026-08-09T01:36:50.770462
52,53190,Dries Mertens,32493,Galatasaray,3061,9,16,7.61,8.12,10.57,88,35,93,15,43,3,0,2487,36,rating,TUR,2023-2024,datafc_sofascore,2026-08-09T01:36:50.770462
52,53190,Sebastian Szymański,847983,Fenerbahçe,3052,10,11,7.55,9.31,9.69,87,31,77,10,85,4,0,2916,37,rating,TUR,2023-2024,datafc_sofascore,2026-08-09T01:36:50.770462
52,53190,Paul Onuachu,295123,Trabzonspor,3051,14,4,7.52,8.11,0.47,57,23,13,11,6,3,0,1438,20,rating,TUR,2023-2024,datafc_sofascore,2026-08-09T01:36:50.770462
52,53190,Mauro Icardi,233114,Galatasaray,3061,25,8,7.51,21.23,3.77,111,49,49,7,6,2,0,2856,34,rating,TUR,2023-2024,datafc_sofascore,2026-08-09T01:36:50.770462
52,53190,Đorđe Nikolić,797144,Sivasspor,3076,0,0,7.5,,0.01,0,0,0,0,0,0,0,450,5,rating,TUR,2023-2024,datafc_sofascore,2026-08-09T01:36:50.770462
52,53190,Valentin Eysseric,139798,Fatih Karagümrük,4954,5,7,7.46,4.48,7.64,54,18,74,27,42,7,1,2420,31,rating,TUR,2023-2024,datafc_sofascore,2026-08-09T01:36:50.770462
52,53190,Ferdi Kadıoğlu,825844,Fenerbahçe,3052,1,4,7.44,2.5,6.69,33,14,51,57,75,3,0,3327,37,rating,TUR,2023-2024,datafc_sofascore,2026-08-09T01:36:50.770462
52,53190,Dušan Tadić,38560,Fenerbahçe,3052,10,14,7.42,14.9,14.16,53,28,88,32,33,3,0,3157,38,rating,TUR,2023-2024,datafc_sofascore,2026-08-09T01:36:50.770462
52,53190,Aytaç Kara,128196,Kasımpaşa,6063,13,5,7.41,9.16,3.01,101,36,40,19,73,4,0,3248,37,rating,TUR,2023-2024,datafc_sofascore,2026-08-09T01:36:50.770462
52,53190,Poyraz Efe Yıldırım,1195797,Trabzonspor,3051,1,0,7.4,0.96,0.0,1,1,0,0,0,0,0,9,2,rating,TUR,2023-2024,datafc_sofascore,2026-08-09T01:36:50.770462
52,53190,Haris Hajradinović,254979,Kasımpaşa,6063,5,14,7.39,6.16,9.69,69,21,104,26,63,3,0,3307,38,rating,TUR,2023-2024,datafc_sofascore,2026-08-09T01:36:50.770462
52,53190,İrfan Can Kahveci,226986,Fenerbahçe,3052,12,7,7.39,3.98,7.71,40,21,52,36,33,5,0,2027,31,rating,TUR,2023-2024,datafc_sofascore,2026-08-09T01:36:50.770462
52,53190,Edin Džeko,14990,Fenerbahçe,3052,21,3,7.39,21.64,5.15,147,64,37,22,19,3,0,2741,36,rating,TUR,2023-2024,datafc_sofascore,2026-08-09T01:36:50.770462
52,53190,Guilherme Haubert Sityá,224112,Konyaspor,3085,5,7,7.35,1.62,6.83,18,6,88,30,87,1,0,3267,37,rating,TUR,2023-2024,datafc_sofascore,2026-08-09T01:36:50.770462
52,53190,Fred,243623,Fenerbahçe,3052,3,4,7.34,3.99,4.93,50,15,31,25,51,5,1,2051,25,rating,TUR,2023-2024,datafc_sofascore,2026-08-09T01:36:50.770462
52,53190,Kerem Aktürkoğlu,903324,Galatasaray,3061,12,6,7.33,12.89,8.17,79,29,73,32,28,3,1,2479,37,rating,TUR,2023-2024,datafc_sofascore,2026-08-09T01:36:50.770462
52,53190,Rey Manaj,587882,Sivasspor,3076,18,3,7.31,14.34,1.48,104,40,17,20,13,10,0,2423,32,rating,TUR,2023-2024,datafc_sofascore,2026-08-09T01:36:50.770462
52,53190,Yusuf Sarı,896364,Adana Demirspor,3101,3,7,7.3,2.92,5.46,59,24,48,45,22,1,0,1790,24,rating,TUR,2023-2024,datafc_sofascore,2026-08-09T01:36:50.770462
52,53190,Oğuz Aydın,999396,Alanyaspor,6362,13,8,7.28,9.34,8.32,58,25,64,54,25,3,1,2587,35,rating,TUR,2023-2024,datafc_sofascore,2026-08-09T01:36:50.770462
52,53190,Nuno Da Costa,209374,Kasımpaşa,6063,14,4,7.28,10.67,2.41,67,24,26,49,23,1,0,2339,29,rating,TUR,2023-2024,datafc_sofascore,2026-08-09T01:36:50.770462
52,53190,Edin Višća,109779,Trabzonspor,3051,5,9,7.28,4.34,8.93,63,16,91,28,34,1,0,2762,36,rating,TUR,2023-2024,datafc_sofascore,2026-08-09T01:36:50.770462
52,53190,Hakim Ziyech,249437,Galatasaray,3061,6,3,7.26,2.01,4.28,43,14,35,15,18,4,0,1077,18,rating,TUR,2023-2024,datafc_sofascore,2026-08-09T01:36:50.770462
52,53190,Tasos Bakasetas,114076,Trabzonspor,3051,4,2,7.26,2.71,1.72,41,12,25,8,27,3,0,1321,17,rating,TUR,2023-2024,datafc_sofascore,2026-08-09T01:36:50.770462
52,53190,Emirhan Topçu,895009,Çaykur Rizespor,3064,1,4,7.26,2.0,1.84,25,8,19,6,65,10,1,2702,31,rating,TUR,2023-2024,datafc_sofascore,2026-08-09T01:36:50.770462
52,53190,Mame Thiam,180981,Pendikspor,7032,18,7,7.26,13.28,3.36,85,36,34,18,47,4,0,3161,36,rating,TUR,2023-2024,datafc_sofascore,2026-08-09T01:36:50.770462
52,53190,Samu Sáiz,99527,Sivasspor,3076,4,3,7.25,2.05,2.29,29,15,33,26,8,3,0,1357,17,rating,TUR,2023-2024,datafc_sofascore,2026-08-09T01:36:50.770462
52,53190,Thomas Meunier,128587,Trabzonspor,3051,1,5,7.24,0.58,2.7,12,4,18,4,24,2,0,1245,14,rating,TUR,2023-2024,datafc_sofascore,2026-08-09T01:36:50.770462
52,53190,Ali Şaşal Vural,94540,Sivasspor,3076,0,0,7.23,0.0,0.27,0,0,3,2,2,3,0,2880,32,rating,TUR,2023-2024,datafc_sofascore,2026-08-09T01:36:50.770462
52,53190,Abdülkerim Bardakcı,178963,Galatasaray,3061,4,0,7.23,3.21,1.03,33,8,10,11,25,4,0,2218,27,rating,TUR,2023-2024,datafc_sofascore,2026-08-09T01:36:50.770462
52,53190,Denis Drăguş,841199,Gaziantep FK,5138,14,1,7.22,13.78,2.44,106,40,38,85,54,8,0,2751,32,rating,TUR,2023-2024,datafc_sofascore,2026-08-09T01:36:50.770462
52,53190,Bilal Bayazit,825850,Kayserispor,3072,0,0,7.22,0.0,0.07,0,0,3,0,3,5,0,3150,35,rating,TUR,2023-2024,datafc_sofascore,2026-08-09T01:36:50.770462
52,53190,Fernando Muslera,28381,Galatasaray,3061,0,0,7.2,0.0,0.32,0,0,2,1,1,4,0,3300,37,rating,TUR,2023-2024,datafc_sofascore,2026-08-09T01:36:50.770462
52,53190,Kerem Demirbay,142619,Galatasaray,3061,6,3,7.2,3.03,3.76,52,17,42,19,66,2,0,2227,34,rating,TUR,2023-2024,datafc_sofascore,2026-08-09T01:36:50.770462
52,53190,Taha Tepe,910094,Trabzonspor,3051,0,0,7.2,,0.01,0,0,0,0,0,1,0,270,3,rating,TUR,2023-2024,datafc_sofascore,2026-08-09T01:36:50.770462
52,53190,Helton Leite,329081,Antalyaspor,3056,0,0,7.2,0.0,0.02,0,0,0,0,1,1,0,3059,34,rating,TUR,2023-2024,datafc_sofascore,2026-08-09T01:36:50.770462
52,53190,Lucas Torreira,754794,Galatasaray,3061,1,2,7.2,2.08,2.97,31,4,29,9,80,7,0,2993,35,rating,TUR,2023-2024,datafc_sofascore,2026-08-09T01:36:50.770462
52,53190,Krzysztof Piątek,558738,Başakşehir FK,3086,17,1,7.2,14.78,1.82,101,44,18,17,14,4,0,2703,34,rating,TUR,2023-2024,datafc_sofascore,2026-08-09T01:36:50.770462
52,53190,Çağlar Söyüncü,758608,Fenerbahçe,3052,2,0,7.19,1.6,0.23,6,2,1,1,14,1,0,914,12,rating,TUR,2023-2024,datafc_sofascore,2026-08-09T01:36:50.770462
52,53190,Emre Akbaba,343527,Adana Demirspor,3101,7,2,7.19,7.41,3.26,64,20,43,32,65,5,0,2682,32,rating,TUR,2023-2024,datafc_sofascore,2026-08-09T01:36:50.770462
52,53190,Gedson Fernandes,862055,Beşiktaş JK,3050,3,3,7.19,2.94,1.74,36,9,29,46,99,8,0,2457,29,rating,TUR,2023-2024,datafc_sofascore,2026-08-09T01:36:50.770462
52,53190,Adam Buksa,1138856,Antalyaspor,3056,16,2,7.19,12.27,0.84,93,39,21,27,17,8,0,2925,33,rating,TUR,2023-2024,datafc_sofascore,2026-08-09T01:36:50.770462
52,53190,Ertaç Özbir,126077,MKE Ankaragücü,3103,0,0,7.19,0.0,0.01,0,0,0,1,1,3,2,1137,14,rating,TUR,2023-2024,datafc_sofascore,2026-08-09T01:36:50.770462
52,53190,Wilfried Zaha,111850,Galatasaray,3061,9,3,7.18,4.15,2.63,48,19,23,43,29,2,0,1433,30,rating,TUR,2023-2024,datafc_sofascore,2026-08-09T01:36:50.770462
52,53190,Mahmoud Trézéguet,295361,Trabzonspor,3051,9,5,7.17,6.45,3.71,57,20,29,23,17,2,0,1529,24,rating,TUR,2023-2024,datafc_sofascore,2026-08-09T01:36:50.770462
52,53190,Gökhan Akkan,225012,Çaykur Rizespor,3064,0,1,7.17,0.0,0.04,0,0,2,1,1,2,0,2640,30,rating,TUR,2023-2024,datafc_sofascore,2026-08-09T01:36:50.770462
52,53190,Richard,897617,Alanyaspor,6362,1,1,7.16,1.3,1.31,25,7,17,16,74,11,0,2913,34,rating,TUR,2023-2024,datafc_sofascore,2026-08-09T01:36:50.770462
52,53190,Ousseynou Ba,889430,Başakşehir FK,3086,0,1,7.16,0.43,0.1,6,0,2,2,48,9,1,1765,22,rating,TUR,2023-2024,datafc_sofascore,2026-08-09T01:36:50.770462
52,53190,Alexandru Maxim,180511,Gaziantep FK,5138,3,8,7.16,5.85,7.47,43,16,80,36,38,4,2,2674,34,rating,TUR,2023-2024,datafc_sofascore,2026-08-09T01:36:50.770462
52,53190,Tolga Ciğerci,120298,MKE Ankaragücü,3103,5,3,7.15,3.47,1.48,38,11,22,13,45,4,0,2050,27,rating,TUR,2023-2024,datafc_sofascore,2026-08-09T01:36:50.770462
52,53190,Jonjo Shelvey,36465,Çaykur Rizespor,3064,3,6,7.15,2.58,3.71,55,16,48,17,36,6,0,2604,31,rating,TUR,2023-2024,datafc_sofascore,2026-08-09T01:36:50.770462
52,53190,Deniz Türüç,252207,Başakşehir FK,3086,2,12,7.15,2.26,5.68,39,17,60,30,31,11,0,2678,34,rating,TUR,2023-2024,datafc_sofascore,2026-08-09T01:36:50.770462
52,53190,Valentin Rosier,842419,Beşiktaş JK,3050,0,1,7.15,0.25,1.06,4,1,9,21,23,3,0,907,12,rating,TUR,2023-2024,datafc_sofascore,2026-08-09T01:36:50.770462
52,53190,İsmail Yüksek,952600,Fenerbahçe,3052,0,4,7.15,2.24,2.28,26,4,29,29,73,5,2,2319,30,rating,TUR,2023-2024,datafc_sofascore,2026-08-09T01:36:50.770462
52,53190,Barış Alper Yılmaz,904096,Galatasaray,3061,6,6,7.15,4.08,5.51,61,18,43,67,60,8,0,2550,37,rating,TUR,2023-2024,datafc_sofascore,2026-08-09T01:36:50.770462
52,53190,Omar Colley,238408,Beşiktaş JK,3050,7,0,7.14,3.23,0.36,13,9,6,2,27,4,1,1935,22,rating,TUR,2023-2024,datafc_sofascore,2026-08-09T01:36:50.770462
52,53190,Marcão,870717,Fatih Karagümrük,4954,6,1,7.14,4.7,0.41,35,14,6,8,4,1,0,680,11,rating,TUR,2023-2024,datafc_sofascore,2026-08-09T01:36:50.770462
52,53190,Ernest Muçi,924670,Beşiktaş JK,3050,3,0,7.13,2.25,1.71,41,15,16,18,12,3,0,1040,13,rating,TUR,2023-2024,datafc_sofascore,2026-08-09T01:36:50.770462
52,53190,Semih Kılıçsoy,1142606,Beşiktaş JK,3050,11,4,7.13,5.59,1.48,57,24,16,40,16,5,0,1695,23,rating,TUR,2023-2024,datafc_sofascore,2026-08-09T01:36:50.770462
52,53190,Emre Kılınç,202032,Samsunspor,3053,4,4,7.12,2.09,4.63,31,5,53,31,62,4,0,2574,33,rating,TUR,2023-2024,datafc_sofascore,2026-08-09T01:36:50.770462
52,53190,Ibrahim Olawoyin,1008173,Çaykur Rizespor,3064,8,2,7.12,5.84,2.99,64,25,39,65,63,6,0,2970,35,rating,TUR,2023-2024,datafc_sofascore,2026-08-09T01:36:50.770462
52,53190,Majid Hosseini,359332,Kayserispor,3072,0,0,7.12,0.38,0.18,6,1,0,2,18,1,0,867,10,rating,TUR,2023-2024,datafc_sofascore,2026-08-09T01:36:50.770462
52,53190,Berat Özdemir,876857,Trabzonspor,3051,1,1,7.12,0.52,0.97,15,4,15,15,70,4,0,2304,31,rating,TUR,2023-2024,datafc_sofascore,2026-08-09T01:36:50.770462
52,53190,Léo Duarte,839982,Başakşehir FK,3086,0,1,7.12,0.96,0.79,11,4,16,18,43,1,0,2700,30,rating,TUR,2023-2024,datafc_sofascore,2026-08-09T01:36:50.770462
52,53190,Victor Nelsson,846148,Galatasaray,3061,2,0,7.12,1.56,0.89,19,6,5,1,22,3,0,2570,32,rating,TUR,2023-2024,datafc_sofascore,2026-08-09T01:36:50.770462
52,53190,Davidson,814334,Başakşehir FK,3086,4,0,7.11,4.1,1.3,22,7,12,24,19,2,0,980,14,rating,TUR,2023-2024,datafc_sofascore,2026-08-09T01:36:50.770462
52,53190,Salih Uçan,135695,Beşiktaş JK,3050,1,3,7.11,1.52,4.11,20,4,20,22,41,6,0,1579,23,rating,TUR,2023-2024,datafc_sofascore,2026-08-09T01:36:50.770462
52,53190,Muhammed Şengezer,827418,Başakşehir FK,3086,0,0,7.11,0.0,0.05,0,0,0,0,0,0,0,1260,14,rating,TUR,2023-2024,datafc_sofascore,2026-08-09T01:36:50.770462
52,53190,Sacha Boey,980418,Galatasaray,3061,1,0,7.11,1.19,1.62,11,4,18,17,35,4,0,1710,19,rating,TUR,2023-2024,datafc_sofascore,2026-08-09T01:36:50.770462
52,53190,Jonas Svensson,98199,Beşiktaş JK,3050,0,3,7.1,0.13,2.29,4,0,23,10,50,4,0,2065,24,rating,TUR,2023-2024,datafc_sofascore,2026-08-09T01:36:50.770462
52,53190,Mert Hakan Yandaş,856849,Fenerbahçe,3052,2,2,7.1,0.97,1.71,15,6,21,6,8,3,1,618,16,rating,TUR,2023-2024,datafc_sofascore,2026-08-09T01:36:50.770462
52,53190,Deniz Dilmen,1065508,Başakşehir FK,3086,0,0,7.1,,0.0,0,0,0,0,0,0,0,90,1,rating,TUR,2023-2024,datafc_sofascore,2026-08-09T01:36:50.770462
52,53190,Sagiv Jehezkel,1513792,Antalyaspor,3056,6,2,7.09,3.27,1.33,22,11,14,27,17,4,0,918,13,rating,TUR,2023-2024,datafc_sofascore,2026-08-09T01:36:50.770462
52,53190,Derrick Köhn,886737,Galatasaray,3061,1,2,7.09,0.45,1.3,15,3,12,13,30,1,0,1153,13,rating,TUR,2023-2024,datafc_sofascore,2026-08-09T01:36:50.770462
52,53190,Youcef Atal,894238,Adana Demirspor,3101,1,2,7.09,0.62,1.13,12,5,11,34,28,2,1,818,11,rating,TUR,2023-2024,datafc_sofascore,2026-08-09T01:36:50.770462
52,53190,Kévin Rodrigues,234232,Adana Demirspor,3101,0,1,7.09,0.14,1.01,6,2,13,7,21,4,1,921,11,rating,TUR,2023-2024,datafc_sofascore,2026-08-09T01:36:50.770462
52,53190,Mario Balotelli,25530,Adana Demirspor,3101,7,1,7.09,5.46,0.98,51,17,16,8,4,7,1,938,16,rating,TUR,2023-2024,datafc_sofascore,2026-08-09T01:36:50.770462
52,53190,Semih Güler,325155,Adana Demirspor,3101,0,1,7.09,1.18,0.93,24,6,8,4,52,4,1,2801,32,rating,TUR,2023-2024,datafc_sofascore,2026-08-09T01:36:50.770462
52,53190,Miguel Cardoso,344009,Kayserispor,3072,1,7,7.08,5.41,7.21,65,18,66,31,39,4,0,2524,30,rating,TUR,2023-2024,datafc_sofascore,2026-08-09T01:36:50.770462
52,53190,Joe Worrall,838399,Beşiktaş JK,3050,1,0,7.08,0.26,0.06,3,1,1,1,11,1,0,495,6,rating,TUR,2023-2024,datafc_sofascore,2026-08-09T01:36:50.770462
52,53190,M'Baye Niang,139228,Adana Demirspor,3101,8,1,7.08,5.93,0.47,30,15,9,6,3,2,0,993,16,rating,TUR,2023-2024,datafc_sofascore,2026-08-09T01:36:50.770462
52,53190,Badou Ndiaye,228342,Pendikspor,7032,1,0,7.07,1.71,1.22,25,7,15,25,39,3,0,1518,20,rating,TUR,2023-2024,datafc_sofascore,2026-08-09T01:36:50.770462
52,53190,Florin Niță,83551,Gaziantep FK,5138,0,0,7.07,0.02,0.04,1,0,1,0,2,3,0,3060,34,rating,TUR,2023-2024,datafc_sofascore,2026-08-09T01:36:50.770462
52,53190,Kaan Ayhan,138152,Galatasaray,3061,1,2,7.07,1.11,2.96,22,6,29,6,33,3,0,2111,35,rating,TUR,2023-2024,datafc_sofascore,2026-08-09T01:36:50.770462
52,53190,Angeliño,848355,Galatasaray,3061,0,1,7.06,0.19,2.1,5,1,14,2,10,1,0,604,8,rating,TUR,2023-2024,datafc_sofascore,2026-08-09T01:36:50.770462
52,53190,Amir Hadžiahmetović,795421,Beşiktaş JK,3050,0,4,7.06,0.3,2.46,3,1,22,8,19,2,1,1341,18,rating,TUR,2023-2024,datafc_sofascore,2026-08-09T01:36:50.770462
52,53190,Jerome Opoku,920514,Başakşehir FK,3086,4,1,7.06,1.9,0.74,11,5,9,18,26,6,1,2481,28,rating,TUR,2023-2024,datafc_sofascore,2026-08-09T01:36:50.770462
52,53190,Enis Bardhi,355024,Trabzonspor,3051,6,4,7.06,3.19,3.28,56,20,37,31,34,3,0,2342,34,rating,TUR,2023-2024,datafc_sofascore,2026-08-09T01:36:50.770462
52,53190,Didier Lamkel Zé,845272,Hatayspor,3091,3,2,7.05,2.98,2.28,22,7,14,26,10,3,0,947,15,rating,TUR,2023-2024,datafc_sofascore,2026-08-09T01:36:50.770462
52,53190,Davinson Sánchez,566102,Galatasaray,3061,2,0,7.05,3.71,0.58,17,4,4,7,39,4,0,1602,23,rating,TUR,2023-2024,datafc_sofascore,2026-08-09T01:36:50.770462
52,53190,Cherif Ndiaye,868268,Adana Demirspor,3101,1,1,7.05,0.98,0.43,1,1,2,0,1,1,0,167,2,rating,TUR,2023-2024,datafc_sofascore,2026-08-09T01:36:50.770462
52,53190,Günay Güvenç,103457,Galatasaray,3061,0,0,7.05,,0.0,0,0,0,0,0,1,0,120,2,rating,TUR,2023-2024,datafc_sofascore,2026-08-09T01:36:50.770462
52,53190,Cengiz Ünder,758876,Fenerbahçe,3052,9,2,7.05,3.62,1.88,43,19,21,9,11,3,0,1046,24,rating,TUR,2023-2024,datafc_sofascore,2026-08-09T01:36:50.770462
52,53190,Alexis Flips,879672,MKE Ankaragücü,3103,0,1,7.04,0.69,1.2,9,4,18,3,7,1,0,452,10,rating,TUR,2023-2024,datafc_sofascore,2026-08-09T01:36:50.770462
52,53190,Dimitrios Pelkas,139304,Başakşehir FK,3086,6,5,7.04,4.7,2.2,30,17,24,18,20,6,0,1245,23,rating,TUR,2023-2024,datafc_sofascore,2026-08-09T01:36:50.770462
52,53190,Bahadır Han Güngördü,807289,MKE Ankaragücü,3103,0,1,7.04,0.0,0.1,0,0,3,0,0,2,0,2837,32,rating,TUR,2023-2024,datafc_sofascore,2026-08-09T01:36:50.770462
52,53190,Efkan Bekiroğlu,800458,MKE Ankaragücü,3103,9,4,7.04,4.65,3.74,52,16,39,31,20,2,1,2139,30,rating,TUR,2023-2024,datafc_sofascore,2026-08-09T01:36:50.770462
52,53190,Ramzi Safouri,186949,Antalyaspor,3056,0,7,7.04,2.16,5.15,39,15,56,31,17,3,1,1803,30,rating,TUR,2023-2024,datafc_sofascore,2026-08-09T01:36:50.770462
52,53190,Nicolas Janvier,802150,Alanyaspor,6362,4,2,7.04,2.42,3.0,35,9,33,24,30,3,0,1655,34,rating,TUR,2023-2024,datafc_sofascore,2026-08-09T01:36:50.770462
52,53190,Uğurcan Çakır,754330,Trabzonspor,3051,0,0,7.04,0.0,0.12,0,0,1,1,1,4,0,3060,34,rating,TUR,2023-2024,datafc_sofascore,2026-08-09T01:36:50.770462
52,53190,Matías Dituro,556884,Fatih Karagümrük,4954,0,0,7.04,0.0,0.01,0,0,0,0,0,1,0,990,11,rating,TUR,2023-2024,datafc_sofascore,2026-08-09T01:36:50.770462
52,53190,Mauro Icardi,233114,Galatasaray,3061,25,8,7.51,21.23,3.77,111,49,49,7,6,2,0,2856,34,goals,TUR,2023-2024,datafc_sofascore,2026-08-09T01:36:50.770462
52,53190,Edin Džeko,14990,Fenerbahçe,3052,21,3,7.39,21.64,5.15,147,64,37,22,19,3,0,2741,36,goals,TUR,2023-2024,datafc_sofascore,2026-08-09T01:36:50.770462
52,53190,Rey Manaj,587882,Sivasspor,3076,18,3,7.31,14.34,1.48,104,40,17,20,13,10,0,2423,32,goals,TUR,2023-2024,datafc_sofascore,2026-08-09T01:36:50.770462
52,53190,Mame Thiam,180981,Pendikspor,7032,18,7,7.26,13.28,3.36,85,36,34,18,47,4,0,3161,36,goals,TUR,2023-2024,datafc_sofascore,2026-08-09T01:36:50.770462
52,53190,Krzysztof Piątek,558738,Başakşehir FK,3086,17,1,7.2,14.78,1.82,101,44,18,17,14,4,0,2703,34,goals,TUR,2023-2024,datafc_sofascore,2026-08-09T01:36:50.770462
52,53190,Adam Buksa,1138856,Antalyaspor,3056,16,2,7.19,12.27,0.84,93,39,21,27,17,8,0,2925,33,goals,TUR,2023-2024,datafc_sofascore,2026-08-09T01:36:50.770462
52,53190,Paul Onuachu,295123,Trabzonspor,3051,14,4,7.52,8.11,0.47,57,23,13,11,6,3,0,1438,20,goals,TUR,2023-2024,datafc_sofascore,2026-08-09T01:36:50.770462
52,53190,Nuno Da Costa,209374,Kasımpaşa,6063,14,4,7.28,10.67,2.41,67,24,26,49,23,1,0,2339,29,goals,TUR,2023-2024,datafc_sofascore,2026-08-09T01:36:50.770462
52,53190,Denis Drăguş,841199,Gaziantep FK,5138,14,1,7.22,13.78,2.44,106,40,38,85,54,8,0,2751,32,goals,TUR,2023-2024,datafc_sofascore,2026-08-09T01:36:50.770462
52,53190,Aytaç Kara,128196,Kasımpaşa,6063,13,5,7.41,9.16,3.01,101,36,40,19,73,4,0,3248,37,goals,TUR,2023-2024,datafc_sofascore,2026-08-09T01:36:50.770462
52,53190,Oğuz Aydın,999396,Alanyaspor,6362,13,8,7.28,9.34,8.32,58,25,64,54,25,3,1,2587,35,goals,TUR,2023-2024,datafc_sofascore,2026-08-09T01:36:50.770462
52,53190,İrfan Can Kahveci,226986,Fenerbahçe,3052,12,7,7.39,3.98,7.71,40,21,52,36,33,5,0,2027,31,goals,TUR,2023-2024,datafc_sofascore,2026-08-09T01:36:50.770462
52,53190,Kerem Aktürkoğlu,903324,Galatasaray,3061,12,6,7.33,12.89,8.17,79,29,73,32,28,3,1,2479,37,goals,TUR,2023-2024,datafc_sofascore,2026-08-09T01:36:50.770462
52,53190,Sokol Cikalleshi,81138,Konyaspor,3085,12,5,6.94,10.96,1.11,64,21,27,27,23,3,0,2364,33,goals,TUR,2023-2024,datafc_sofascore,2026-08-09T01:36:50.770462
52,53190,Michy Batshuayi,147745,Fenerbahçe,3052,12,1,6.88,11.23,1.31,49,27,10,6,6,4,0,813,27,goals,TUR,2023-2024,datafc_sofascore,2026-08-09T01:36:50.770462
52,53190,Semih Kılıçsoy,1142606,Beşiktaş JK,3050,11,4,7.13,5.59,1.48,57,24,16,40,16,5,0,1695,23,goals,TUR,2023-2024,datafc_sofascore,2026-08-09T01:36:50.770462
52,53190,Sebastian Szymański,847983,Fenerbahçe,3052,10,11,7.55,9.31,9.69,87,31,77,10,85,4,0,2916,37,goals,TUR,2023-2024,datafc_sofascore,2026-08-09T01:36:50.770462
52,53190,Dušan Tadić,38560,Fenerbahçe,3052,10,14,7.42,14.9,14.16,53,28,88,32,33,3,0,3157,38,goals,TUR,2023-2024,datafc_sofascore,2026-08-09T01:36:50.770462
52,53190,Dries Mertens,32493,Galatasaray,3061,9,16,7.61,8.12,10.57,88,35,93,15,43,3,0,2487,36,goals,TUR,2023-2024,datafc_sofascore,2026-08-09T01:36:50.770462
52,53190,Wilfried Zaha,111850,Galatasaray,3061,9,3,7.18,4.15,2.63,48,19,23,43,29,2,0,1433,30,goals,TUR,2023-2024,datafc_sofascore,2026-08-09T01:36:50.770462
52,53190,Mahmoud Trézéguet,295361,Trabzonspor,3051,9,5,7.17,6.45,3.71,57,20,29,23,17,2,0,1529,24,goals,TUR,2023-2024,datafc_sofascore,2026-08-09T01:36:50.770462
52,53190,Cengiz Ünder,758876,Fenerbahçe,3052,9,2,7.05,3.62,1.88,43,19,21,9,11,3,0,1046,24,goals,TUR,2023-2024,datafc_sofascore,2026-08-09T01:36:50.770462
52,53190,Efkan Bekiroğlu,800458,MKE Ankaragücü,3103,9,4,7.04,4.65,3.74,52,16,39,31,20,2,1,2139,30,goals,TUR,2023-2024,datafc_sofascore,2026-08-09T01:36:50.770462
52,53190,Enis Destan,1012480,Trabzonspor,3051,9,4,6.97,6.44,0.85,42,23,16,8,20,4,0,1379,33,goals,TUR,2023-2024,datafc_sofascore,2026-08-09T01:36:50.770462
52,53190,Güven Yalçın,826162,Fatih Karagümrük,4954,9,4,6.91,5.75,1.33,58,21,28,39,15,5,0,2136,32,goals,TUR,2023-2024,datafc_sofascore,2026-08-09T01:36:50.770462
52,53190,Marius Mouandilmadji,943593,Samsunspor,3053,9,1,6.88,10.59,0.73,70,27,10,14,6,5,1,2080,30,goals,TUR,2023-2024,datafc_sofascore,2026-08-09T01:36:50.770462
52,53190,Ibrahim Olawoyin,1008173,Çaykur Rizespor,3064,8,2,7.12,5.84,2.99,64,25,39,65,63,6,0,2970,35,goals,TUR,2023-2024,datafc_sofascore,2026-08-09T01:36:50.770462
52,53190,M'Baye Niang,139228,Adana Demirspor,3101,8,1,7.08,5.93,0.47,30,15,9,6,3,2,0,993,16,goals,TUR,2023-2024,datafc_sofascore,2026-08-09T01:36:50.770462
52,53190,Fisayo Dele-Bashiru,910121,Hatayspor,3091,8,3,7.01,5.58,2.31,45,18,40,71,33,6,0,3039,36,goals,TUR,2023-2024,datafc_sofascore,2026-08-09T01:36:50.770462
52,53190,Bengali-Fodé Koita,51407,Sivasspor,3076,8,0,6.96,5.64,1.35,40,25,20,18,12,5,1,1307,24,goals,TUR,2023-2024,datafc_sofascore,2026-08-09T01:36:50.770462
52,53190,Mamadou Fall,822228,Kasımpaşa,6063,8,2,6.94,6.19,3.57,49,17,54,28,22,4,0,2854,34,goals,TUR,2023-2024,datafc_sofascore,2026-08-09T01:36:50.770462
52,53190,João Figueiredo,841012,Başakşehir FK,3086,8,2,6.88,5.93,3.46,47,20,32,19,24,4,2,2036,34,goals,TUR,2023-2024,datafc_sofascore,2026-08-09T01:36:50.770462
52,53190,Adolfo Gaich,940692,Çaykur Rizespor,3064,8,1,6.86,6.09,0.36,44,22,11,19,10,2,0,1624,32,goals,TUR,2023-2024,datafc_sofascore,2026-08-09T01:36:50.770462
52,53190,Aylton Boa Morte,883918,Kayserispor,3072,8,2,6.8,9.83,2.51,70,29,29,70,39,7,0,2628,32,goals,TUR,2023-2024,datafc_sofascore,2026-08-09T01:36:50.770462
52,53190,Carlos Strandberg,333423,Hatayspor,3091,8,2,6.79,9.64,2.5,64,21,20,14,16,2,0,2274,36,goals,TUR,2023-2024,datafc_sofascore,2026-08-09T01:36:50.770462
52,53190,Dal Varešanović,979109,Çaykur Rizespor,3064,8,2,6.76,7.09,2.96,51,16,20,31,13,5,0,2017,32,goals,TUR,2023-2024,datafc_sofascore,2026-08-09T01:36:50.770462
52,53190,Emre Akbaba,343527,Adana Demirspor,3101,7,2,7.19,7.41,3.26,64,20,43,32,65,5,0,2682,32,goals,TUR,2023-2024,datafc_sofascore,2026-08-09T01:36:50.770462
52,53190,Omar Colley,238408,Beşiktaş JK,3050,7,0,7.14,3.23,0.36,13,9,6,2,27,4,1,1935,22,goals,TUR,2023-2024,datafc_sofascore,2026-08-09T01:36:50.770462
52,53190,Mario Balotelli,25530,Adana Demirspor,3101,7,1,7.09,5.46,0.98,51,17,16,8,4,7,1,938,16,goals,TUR,2023-2024,datafc_sofascore,2026-08-09T01:36:50.770462
52,53190,Mortadha Ben Ouanes,919225,Kasımpaşa,6063,7,5,7.01,3.26,4.88,36,15,45,31,41,8,0,2999,36,goals,TUR,2023-2024,datafc_sofascore,2026-08-09T01:36:50.770462
52,53190,Hakim Ziyech,249437,Galatasaray,3061,6,3,7.26,2.01,4.28,43,14,35,15,18,4,0,1077,18,goals,TUR,2023-2024,datafc_sofascore,2026-08-09T01:36:50.770462
52,53190,Kerem Demirbay,142619,Galatasaray,3061,6,3,7.2,3.03,3.76,52,17,42,19,66,2,0,2227,34,goals,TUR,2023-2024,datafc_sofascore,2026-08-09T01:36:50.770462
52,53190,Barış Alper Yılmaz,904096,Galatasaray,3061,6,6,7.15,4.08,5.51,61,18,43,67,60,8,0,2550,37,goals,TUR,2023-2024,datafc_sofascore,2026-08-09T01:36:50.770462
52,53190,Marcão,870717,Fatih Karagümrük,4954,6,1,7.14,4.7,0.41,35,14,6,8,4,1,0,680,11,goals,TUR,2023-2024,datafc_sofascore,2026-08-09T01:36:50.770462
52,53190,Sagiv Jehezkel,1513792,Antalyaspor,3056,6,2,7.09,3.27,1.33,22,11,14,27,17,4,0,918,13,goals,TUR,2023-2024,datafc_sofascore,2026-08-09T01:36:50.770462
52,53190,Enis Bardhi,355024,Trabzonspor,3051,6,4,7.06,3.19,3.28,56,20,37,31,34,3,0,2342,34,goals,TUR,2023-2024,datafc_sofascore,2026-08-09T01:36:50.770462
52,53190,Dimitrios Pelkas,139304,Başakşehir FK,3086,6,5,7.04,4.7,2.2,30,17,24,18,20,6,0,1245,23,goals,TUR,2023-2024,datafc_sofascore,2026-08-09T01:36:50.770462
52,53190,Ahmed Hassan,1143587,Alanyaspor,6362,6,2,6.93,6.56,0.17,30,10,6,3,7,1,0,993,16,goals,TUR,2023-2024,datafc_sofascore,2026-08-09T01:36:50.770462
52,53190,Serdar Dursun,123917,Fenerbahçe,3052,6,2,6.87,7.17,0.82,39,17,12,3,4,0,0,1052,31,goals,TUR,2023-2024,datafc_sofascore,2026-08-09T01:36:50.770462
52,53190,Cenk Tosun,72127,Beşiktaş JK,3050,6,4,6.86,8.64,1.15,55,14,21,9,14,2,0,1962,34,goals,TUR,2023-2024,datafc_sofascore,2026-08-09T01:36:50.770462
52,53190,Ali Sowe,238394,MKE Ankaragücü,3103,6,3,6.84,5.43,1.21,48,21,17,20,10,3,1,2136,27,goals,TUR,2023-2024,datafc_sofascore,2026-08-09T01:36:50.770462
52,53190,Renat Dadaşov,836941,Hatayspor,3091,6,0,6.79,5.98,0.76,27,15,14,14,8,7,0,1411,31,goals,TUR,2023-2024,datafc_sofascore,2026-08-09T01:36:50.770462
52,53190,Olivier Ntcham,352676,Samsunspor,3053,6,0,6.75,6.23,1.94,50,15,14,23,14,5,0,1872,27,goals,TUR,2023-2024,datafc_sofascore,2026-08-09T01:36:50.770462
52,53190,Louka Prip,976127,Konyaspor,3085,6,0,6.73,2.61,0.93,29,17,11,24,19,1,0,1633,35,goals,TUR,2023-2024,datafc_sofascore,2026-08-09T01:36:50.770462
52,53190,Erencan Yardımcı,989168,Pendikspor,7032,6,2,6.7,8.09,0.94,36,17,8,16,11,0,0,1409,28,goals,TUR,2023-2024,datafc_sofascore,2026-08-09T01:36:50.770462
52,53190,Valentin Eysseric,139798,Fatih Karagümrük,4954,5,7,7.46,4.48,7.64,54,18,74,27,42,7,1,2420,31,goals,TUR,2023-2024,datafc_sofascore,2026-08-09T01:36:50.770462
52,53190,Haris Hajradinović,254979,Kasımpaşa,6063,5,14,7.39,6.16,9.69,69,21,104,26,63,3,0,3307,38,goals,TUR,2023-2024,datafc_sofascore,2026-08-09T01:36:50.770462
52,53190,Guilherme Haubert Sityá,224112,Konyaspor,3085,5,7,7.35,1.62,6.83,18,6,88,30,87,1,0,3267,37,goals,TUR,2023-2024,datafc_sofascore,2026-08-09T01:36:50.770462
52,53190,Edin Višća,109779,Trabzonspor,3051,5,9,7.28,4.34,8.93,63,16,91,28,34,1,0,2762,36,goals,TUR,2023-2024,datafc_sofascore,2026-08-09T01:36:50.770462
52,53190,Tolga Ciğerci,120298,MKE Ankaragücü,3103,5,3,7.15,3.47,1.48,38,11,22,13,45,4,0,2050,27,goals,TUR,2023-2024,datafc_sofascore,2026-08-09T01:36:50.770462
52,53190,Milot Rashica,800411,Beşiktaş JK,3050,5,4,7.03,4.39,4.64,56,20,43,21,25,2,0,2037,29,goals,TUR,2023-2024,datafc_sofascore,2026-08-09T01:36:50.770462
52,53190,Nicolas Pépé,593526,Trabzonspor,3051,5,2,6.99,2.97,1.67,24,11,17,20,8,0,0,1127,19,goals,TUR,2023-2024,datafc_sofascore,2026-08-09T01:36:50.770462
52,53190,Halil Akbunar,217782,Pendikspor,7032,5,3,6.98,4.09,5.67,54,20,37,57,63,3,1,2808,37,goals,TUR,2023-2024,datafc_sofascore,2026-08-09T01:36:50.770462
52,53190,Florian Loshaj,831407,İstanbulspor,3066,5,0,6.98,4.81,2.98,56,18,34,35,66,8,1,2705,32,goals,TUR,2023-2024,datafc_sofascore,2026-08-09T01:36:50.770462
52,53190,Sam Larsson,229800,Antalyaspor,3056,5,1,6.97,2.83,5.32,43,12,61,52,31,1,0,2568,35,goals,TUR,2023-2024,datafc_sofascore,2026-08-09T01:36:50.770462
52,53190,Rigoberto Rivas,837742,Hatayspor,3091,5,4,6.92,3.4,3.2,31,12,29,25,47,6,0,2431,29,goals,TUR,2023-2024,datafc_sofascore,2026-08-09T01:36:50.770462
52,53190,Carlo Holse,837012,Samsunspor,3053,5,3,6.9,5.31,2.53,59,24,43,14,68,4,0,2787,33,goals,TUR,2023-2024,datafc_sofascore,2026-08-09T01:36:50.770462
52,53190,João Novais,233370,Alanyaspor,6362,5,2,6.9,5.14,4.58,46,17,33,25,22,7,0,2075,32,goals,TUR,2023-2024,datafc_sofascore,2026-08-09T01:36:50.770462
52,53190,Altin Zeqiri,991742,Çaykur Rizespor,3064,5,5,6.88,6.68,3.34,47,20,36,47,23,4,0,2241,34,goals,TUR,2023-2024,datafc_sofascore,2026-08-09T01:36:50.770462
52,53190,Can Keleş,918408,Fatih Karagümrük,4954,5,3,6.82,4.65,3.61,56,24,27,28,18,3,0,2272,35,goals,TUR,2023-2024,datafc_sofascore,2026-08-09T01:36:50.770462
52,53190,Yusuf Erdoğan,256663,Adana Demirspor,3101,5,2,6.8,4.08,2.0,43,15,23,26,32,4,0,2594,35,goals,TUR,2023-2024,datafc_sofascore,2026-08-09T01:36:50.770462
52,53190,Carlos Mané,859748,Kayserispor,3072,5,2,6.8,2.59,2.42,17,6,15,11,24,2,0,1139,25,goals,TUR,2023-2024,datafc_sofascore,2026-08-09T01:36:50.770462
52,53190,Vincent Aboubakar,116869,Beşiktaş JK,3050,5,1,6.78,3.75,1.11,27,11,7,11,1,2,0,1081,22,goals,TUR,2023-2024,datafc_sofascore,2026-08-09T01:36:50.770462
52,53190,Tasos Bakasetas,114076,Trabzonspor,3051,4,2,7.26,2.71,1.72,41,12,25,8,27,3,0,1321,17,goals,TUR,2023-2024,datafc_sofascore,2026-08-09T01:36:50.770462
52,53190,Samu Sáiz,99527,Sivasspor,3076,4,3,7.25,2.05,2.29,29,15,33,26,8,3,0,1357,17,goals,TUR,2023-2024,datafc_sofascore,2026-08-09T01:36:50.770462
52,53190,Abdülkerim Bardakcı,178963,Galatasaray,3061,4,0,7.23,3.21,1.03,33,8,10,11,25,4,0,2218,27,goals,TUR,2023-2024,datafc_sofascore,2026-08-09T01:36:50.770462
52,53190,Emre Kılınç,202032,Samsunspor,3053,4,4,7.12,2.09,4.63,31,5,53,31,62,4,0,2574,33,goals,TUR,2023-2024,datafc_sofascore,2026-08-09T01:36:50.770462
52,53190,Davidson,814334,Başakşehir FK,3086,4,0,7.11,4.1,1.3,22,7,12,24,19,2,0,980,14,goals,TUR,2023-2024,datafc_sofascore,2026-08-09T01:36:50.770462
52,53190,Jerome Opoku,920514,Başakşehir FK,3086,4,1,7.06,1.9,0.74,11,5,9,18,26,6,1,2481,28,goals,TUR,2023-2024,datafc_sofascore,2026-08-09T01:36:50.770462
52,53190,Nicolas Janvier,802150,Alanyaspor,6362,4,2,7.04,2.42,3.0,35,9,33,24,30,3,0,1655,34,goals,TUR,2023-2024,datafc_sofascore,2026-08-09T01:36:50.770462
52,53190,Steven​ N'Zonzi,51652,Konyaspor,3085,4,0,7.03,1.12,1.2,19,10,16,6,26,2,0,2334,33,goals,TUR,2023-2024,datafc_sofascore,2026-08-09T01:36:50.770462
52,53190,Bright Osayi-Samuel,791616,Fenerbahçe,3052,4,1,7.0,1.01,1.01,5,4,9,26,41,11,0,1743,23,goals,TUR,2023-2024,datafc_sofascore,2026-08-09T01:36:50.770462
52,53190,Alex Oxlade-Chamberlain,10577,Beşiktaş JK,3050,4,1,6.97,3.21,1.02,26,11,17,24,9,0,0,994,20,goals,TUR,2023-2024,datafc_sofascore,2026-08-09T01:36:50.770462
52,53190,Ryan Mendes,52797,Fatih Karagümrük,4954,4,4,6.96,2.1,3.44,33,15,26,29,32,5,2,1508,23,goals,TUR,2023-2024,datafc_sofascore,2026-08-09T01:36:50.770462
52,53190,Deian Sorescu,797602,Gaziantep FK,5138,4,2,6.93,1.67,1.81,19,10,21,9,16,1,0,1078,16,goals,TUR,2023-2024,datafc_sofascore,2026-08-09T01:36:50.770462
52,53190,Marcus Rohdén,209082,Fatih Karagümrük,4954,4,4,6.91,2.44,1.87,36,11,29,13,32,4,0,2426,34,goals,TUR,2023-2024,datafc_sofascore,2026-08-09T01:36:50.770462
52,53190,Jackson Muleka,927649,Beşiktaş JK,3050,4,1,6.9,4.52,1.43,53,18,19,35,33,1,0,1640,30,goals,TUR,2023-2024,datafc_sofascore,2026-08-09T01:36:50.770462
52,53190,Arda Kızıldağ,904228,Gaziantep FK,5138,4,0,6.9,2.2,0.4,21,6,5,0,39,4,0,2330,29,goals,TUR,2023-2024,datafc_sofascore,2026-08-09T01:36:50.770462
52,53190,Benhur Keser,899402,Çaykur Rizespor,3064,4,3,6.87,2.21,1.77,20,6,22,16,22,2,0,1496,24,goals,TUR,2023-2024,datafc_sofascore,2026-08-09T01:36:50.770462
52,53190,Nani,17740,Adana Demirspor,3101,4,2,6.83,2.22,1.37,29,15,17,13,13,5,0,975,28,goals,TUR,2023-2024,datafc_sofascore,2026-08-09T01:36:50.770462
52,53190,Carlos Eduardo,795295,Alanyaspor,6362,4,1,6.8,4.66,1.91,34,12,16,24,33,3,0,1532,29,goals,TUR,2023-2024,datafc_sofascore,2026-08-09T01:36:50.770462
52,53190,Umut Nayir,284767,Pendikspor,7032,4,1,6.77,4.11,1.15,28,10,8,8,6,3,0,1340,23,goals,TUR,2023-2024,datafc_sofascore,2026-08-09T01:36:50.770462
52,53190,Emir Kaan Gültekin,903714,İstanbulspor,3066,4,1,6.73,7.43,1.46,35,21,19,21,19,4,0,1716,30,goals,TUR,2023-2024,datafc_sofascore,2026-08-09T01:36:50.770462
52,53190,Yusuf Barası,1000187,Adana Demirspor,3101,4,2,6.72,3.23,0.83,19,11,12,12,13,0,1,894,28,goals,TUR,2023-2024,datafc_sofascore,2026-08-09T01:36:50.770462
52,53190,Riad Bajić,331751,MKE Ankaragücü,3103,4,0,6.66,4.06,0.64,17,8,9,7,1,0,0,849,24,goals,TUR,2023-2024,datafc_sofascore,2026-08-09T01:36:50.770462
52,53190,Fred,243623,Fenerbahçe,3052,3,4,7.34,3.99,4.93,50,15,31,25,51,5,1,2051,25,goals,TUR,2023-2024,datafc_sofascore,2026-08-09T01:36:50.770462
52,53190,Yusuf Sarı,896364,Adana Demirspor,3101,3,7,7.3,2.92,5.46,59,24,48,45,22,1,0,1790,24,goals,TUR,2023-2024,datafc_sofascore,2026-08-09T01:36:50.770462
52,53190,Gedson Fernandes,862055,Beşiktaş JK,3050,3,3,7.19,2.94,1.74,36,9,29,46,99,8,0,2457,29,goals,TUR,2023-2024,datafc_sofascore,2026-08-09T01:36:50.770462
52,53190,Alexandru Maxim,180511,Gaziantep FK,5138,3,8,7.16,5.85,7.47,43,16,80,36,38,4,2,2674,34,goals,TUR,2023-2024,datafc_sofascore,2026-08-09T01:36:50.770462
52,53190,Jonjo Shelvey,36465,Çaykur Rizespor,3064,3,6,7.15,2.58,3.71,55,16,48,17,36,6,0,2604,31,goals,TUR,2023-2024,datafc_sofascore,2026-08-09T01:36:50.770462
52,53190,Mauro Icardi,233114,Galatasaray,3061,25,8,7.51,21.23,3.77,111,49,49,7,6,2,0,2856,34,goals,TUR,2023-2024,datafc_sofascore,2026-08-09T01:36:50.770462
52,53190,Edin Džeko,14990,Fenerbahçe,3052,21,3,7.39,21.64,5.15,147,64,37,22,19,3,0,2741,36,goals,TUR,2023-2024,datafc_sofascore,2026-08-09T01:36:50.770462
52,53190,Rey Manaj,587882,Sivasspor,3076,18,3,7.31,14.34,1.48,104,40,17,20,13,10,0,2423,32,goals,TUR,2023-2024,datafc_sofascore,2026-08-09T01:36:50.770462
52,53190,Mame Thiam,180981,Pendikspor,7032,18,7,7.26,13.28,3.36,85,36,34,18,47,4,0,3161,36,goals,TUR,2023-2024,datafc_sofascore,2026-08-09T01:36:50.770462
52,53190,Krzysztof Piątek,558738,Başakşehir FK,3086,17,1,7.2,14.78,1.82,101,44,18,17,14,4,0,2703,34,goals,TUR,2023-2024,datafc_sofascore,2026-08-09T01:36:50.770462
52,53190,Adam Buksa,1138856,Antalyaspor,3056,16,2,7.19,12.27,0.84,93,39,21,27,17,8,0,2925,33,goals,TUR,2023-2024,datafc_sofascore,2026-08-09T01:36:50.770462
52,53190,Paul Onuachu,295123,Trabzonspor,3051,14,4,7.52,8.11,0.47,57,23,13,11,6,3,0,1438,20,goals,TUR,2023-2024,datafc_sofascore,2026-08-09T01:36:50.770462
52,53190,Nuno Da Costa,209374,Kasımpaşa,6063,14,4,7.28,10.67,2.41,67,24,26,49,23,1,0,2339,29,goals,TUR,2023-2024,datafc_sofascore,2026-08-09T01:36:50.770462
52,53190,Denis Drăguş,841199,Gaziantep FK,5138,14,1,7.22,13.78,2.44,106,40,38,85,54,8,0,2751,32,goals,TUR,2023-2024,datafc_sofascore,2026-08-09T01:36:50.770462
52,53190,Aytaç Kara,128196,Kasımpaşa,6063,13,5,7.41,9.16,3.01,101,36,40,19,73,4,0,3248,37,goals,TUR,2023-2024,datafc_sofascore,2026-08-09T01:36:50.770462
52,53190,Oğuz Aydın,999396,Alanyaspor,6362,13,8,7.28,9.34,8.32,58,25,64,54,25,3,1,2587,35,goals,TUR,2023-2024,datafc_sofascore,2026-08-09T01:36:50.770462
52,53190,İrfan Can Kahveci,226986,Fenerbahçe,3052,12,7,7.39,3.98,7.71,40,21,52,36,33,5,0,2027,31,goals,TUR,2023-2024,datafc_sofascore,2026-08-09T01:36:50.770462
52,53190,Kerem Aktürkoğlu,903324,Galatasaray,3061,12,6,7.33,12.89,8.17,79,29,73,32,28,3,1,2479,37,goals,TUR,2023-2024,datafc_sofascore,2026-08-09T01:36:50.770462
52,53190,Sokol Cikalleshi,81138,Konyaspor,3085,12,5,6.94,10.96,1.11,64,21,27,27,23,3,0,2364,33,goals,TUR,2023-2024,datafc_sofascore,2026-08-09T01:36:50.770462
52,53190,Michy Batshuayi,147745,Fenerbahçe,3052,12,1,6.88,11.23,1.31,49,27,10,6,6,4,0,813,27,goals,TUR,2023-2024,datafc_sofascore,2026-08-09T01:36:50.770462
52,53190,Semih Kılıçsoy,1142606,Beşiktaş JK,3050,11,4,7.13,5.59,1.48,57,24,16,40,16,5,0,1695,23,goals,TUR,2023-2024,datafc_sofascore,2026-08-09T01:36:50.770462
52,53190,Sebastian Szymański,847983,Fenerbahçe,3052,10,11,7.55,9.31,9.69,87,31,77,10,85,4,0,2916,37,goals,TUR,2023-2024,datafc_sofascore,2026-08-09T01:36:50.770462
52,53190,Dušan Tadić,38560,Fenerbahçe,3052,10,14,7.42,14.9,14.16,53,28,88,32,33,3,0,3157,38,goals,TUR,2023-2024,datafc_sofascore,2026-08-09T01:36:50.770462
52,53190,Dries Mertens,32493,Galatasaray,3061,9,16,7.61,8.12,10.57,88,35,93,15,43,3,0,2487,36,goals,TUR,2023-2024,datafc_sofascore,2026-08-09T01:36:50.770462
52,53190,Wilfried Zaha,111850,Galatasaray,3061,9,3,7.18,4.15,2.63,48,19,23,43,29,2,0,1433,30,goals,TUR,2023-2024,datafc_sofascore,2026-08-09T01:36:50.770462
52,53190,Mahmoud Trézéguet,295361,Trabzonspor,3051,9,5,7.17,6.45,3.71,57,20,29,23,17,2,0,1529,24,goals,TUR,2023-2024,datafc_sofascore,2026-08-09T01:36:50.770462
52,53190,Cengiz Ünder,758876,Fenerbahçe,3052,9,2,7.05,3.62,1.88,43,19,21,9,11,3,0,1046,24,goals,TUR,2023-2024,datafc_sofascore,2026-08-09T01:36:50.770462
52,53190,Efkan Bekiroğlu,800458,MKE Ankaragücü,3103,9,4,7.04,4.65,3.74,52,16,39,31,20,2,1,2139,30,goals,TUR,2023-2024,datafc_sofascore,2026-08-09T01:36:50.770462
52,53190,Enis Destan,1012480,Trabzonspor,3051,9,4,6.97,6.44,0.85,42,23,16,8,20,4,0,1379,33,goals,TUR,2023-2024,datafc_sofascore,2026-08-09T01:36:50.770462
52,53190,Güven Yalçın,826162,Fatih Karagümrük,4954,9,4,6.91,5.75,1.33,58,21,28,39,15,5,0,2136,32,goals,TUR,2023-2024,datafc_sofascore,2026-08-09T01:36:50.770462
52,53190,Marius Mouandilmadji,943593,Samsunspor,3053,9,1,6.88,10.59,0.73,70,27,10,14,6,5,1,2080,30,goals,TUR,2023-2024,datafc_sofascore,2026-08-09T01:36:50.770462
52,53190,Ibrahim Olawoyin,1008173,Çaykur Rizespor,3064,8,2,7.12,5.84,2.99,64,25,39,65,63,6,0,2970,35,goals,TUR,2023-2024,datafc_sofascore,2026-08-09T01:36:50.770462
52,53190,M'Baye Niang,139228,Adana Demirspor,3101,8,1,7.08,5.93,0.47,30,15,9,6,3,2,0,993,16,goals,TUR,2023-2024,datafc_sofascore,2026-08-09T01:36:50.770462
52,53190,Fisayo Dele-Bashiru,910121,Hatayspor,3091,8,3,7.01,5.58,2.31,45,18,40,71,33,6,0,3039,36,goals,TUR,2023-2024,datafc_sofascore,2026-08-09T01:36:50.770462
52,53190,Bengali-Fodé Koita,51407,Sivasspor,3076,8,0,6.96,5.64,1.35,40,25,20,18,12,5,1,1307,24,goals,TUR,2023-2024,datafc_sofascore,2026-08-09T01:36:50.770462
52,53190,Mamadou Fall,822228,Kasımpaşa,6063,8,2,6.94,6.19,3.57,49,17,54,28,22,4,0,2854,34,goals,TUR,2023-2024,datafc_sofascore,2026-08-09T01:36:50.770462
52,53190,João Figueiredo,841012,Başakşehir FK,3086,8,2,6.88,5.93,3.46,47,20,32,19,24,4,2,2036,34,goals,TUR,2023-2024,datafc_sofascore,2026-08-09T01:36:50.770462
52,53190,Adolfo Gaich,940692,Çaykur Rizespor,3064,8,1,6.86,6.09,0.36,44,22,11,19,10,2,0,1624,32,goals,TUR,2023-2024,datafc_sofascore,2026-08-09T01:36:50.770462
52,53190,Aylton Boa Morte,883918,Kayserispor,3072,8,2,6.8,9.83,2.51,70,29,29,70,39,7,0,2628,32,goals,TUR,2023-2024,datafc_sofascore,2026-08-09T01:36:50.770462
52,53190,Carlos Strandberg,333423,Hatayspor,3091,8,2,6.79,9.64,2.5,64,21,20,14,16,2,0,2274,36,goals,TUR,2023-2024,datafc_sofascore,2026-08-09T01:36:50.770462
52,53190,Dal Varešanović,979109,Çaykur Rizespor,3064,8,2,6.76,7.09,2.96,51,16,20,31,13,5,0,2017,32,goals,TUR,2023-2024,datafc_sofascore,2026-08-09T01:36:50.770462
52,53190,Emre Akbaba,343527,Adana Demirspor,3101,7,2,7.19,7.41,3.26,64,20,43,32,65,5,0,2682,32,goals,TUR,2023-2024,datafc_sofascore,2026-08-09T01:36:50.770462
52,53190,Omar Colley,238408,Beşiktaş JK,3050,7,0,7.14,3.23,0.36,13,9,6,2,27,4,1,1935,22,goals,TUR,2023-2024,datafc_sofascore,2026-08-09T01:36:50.770462
52,53190,Mario Balotelli,25530,Adana Demirspor,3101,7,1,7.09,5.46,0.98,51,17,16,8,4,7,1,938,16,goals,TUR,2023-2024,datafc_sofascore,2026-08-09T01:36:50.770462
52,53190,Mortadha Ben Ouanes,919225,Kasımpaşa,6063,7,5,7.01,3.26,4.88,36,15,45,31,41,8,0,2999,36,goals,TUR,2023-2024,datafc_sofascore,2026-08-09T01:36:50.770462
52,53190,Hakim Ziyech,249437,Galatasaray,3061,6,3,7.26,2.01,4.28,43,14,35,15,18,4,0,1077,18,goals,TUR,2023-2024,datafc_sofascore,2026-08-09T01:36:50.770462
52,53190,Kerem Demirbay,142619,Galatasaray,3061,6,3,7.2,3.03,3.76,52,17,42,19,66,2,0,2227,34,goals,TUR,2023-2024,datafc_sofascore,2026-08-09T01:36:50.770462
52,53190,Barış Alper Yılmaz,904096,Galatasaray,3061,6,6,7.15,4.08,5.51,61,18,43,67,60,8,0,2550,37,goals,TUR,2023-2024,datafc_sofascore,2026-08-09T01:36:50.770462
52,53190,Marcão,870717,Fatih Karagümrük,4954,6,1,7.14,4.7,0.41,35,14,6,8,4,1,0,680,11,goals,TUR,2023-2024,datafc_sofascore,2026-08-09T01:36:50.770462
52,53190,Sagiv Jehezkel,1513792,Antalyaspor,3056,6,2,7.09,3.27,1.33,22,11,14,27,17,4,0,918,13,goals,TUR,2023-2024,datafc_sofascore,2026-08-09T01:36:50.770462
52,53190,Enis Bardhi,355024,Trabzonspor,3051,6,4,7.06,3.19,3.28,56,20,37,31,34,3,0,2342,34,goals,TUR,2023-2024,datafc_sofascore,2026-08-09T01:36:50.770462
52,53190,Dimitrios Pelkas,139304,Başakşehir FK,3086,6,5,7.04,4.7,2.2,30,17,24,18,20,6,0,1245,23,goals,TUR,2023-2024,datafc_sofascore,2026-08-09T01:36:50.770462
52,53190,Ahmed Hassan,1143587,Alanyaspor,6362,6,2,6.93,6.56,0.17,30,10,6,3,7,1,0,993,16,goals,TUR,2023-2024,datafc_sofascore,2026-08-09T01:36:50.770462
52,53190,Serdar Dursun,123917,Fenerbahçe,3052,6,2,6.87,7.17,0.82,39,17,12,3,4,0,0,1052,31,goals,TUR,2023-2024,datafc_sofascore,2026-08-09T01:36:50.770462
52,53190,Cenk Tosun,72127,Beşiktaş JK,3050,6,4,6.86,8.64,1.15,55,14,21,9,14,2,0,1962,34,goals,TUR,2023-2024,datafc_sofascore,2026-08-09T01:36:50.770462
52,53190,Ali Sowe,238394,MKE Ankaragücü,3103,6,3,6.84,5.43,1.21,48,21,17,20,10,3,1,2136,27,goals,TUR,2023-2024,datafc_sofascore,2026-08-09T01:36:50.770462
52,53190,Renat Dadaşov,836941,Hatayspor,3091,6,0,6.79,5.98,0.76,27,15,14,14,8,7,0,1411,31,goals,TUR,2023-2024,datafc_sofascore,2026-08-09T01:36:50.770462
52,53190,Olivier Ntcham,352676,Samsunspor,3053,6,0,6.75,6.23,1.94,50,15,14,23,14,5,0,1872,27,goals,TUR,2023-2024,datafc_sofascore,2026-08-09T01:36:50.770462
52,53190,Louka Prip,976127,Konyaspor,3085,6,0,6.73,2.61,0.93,29,17,11,24,19,1,0,1633,35,goals,TUR,2023-2024,datafc_sofascore,2026-08-09T01:36:50.770462
52,53190,Erencan Yardımcı,989168,Pendikspor,7032,6,2,6.7,8.09,0.94,36,17,8,16,11,0,0,1409,28,goals,TUR,2023-2024,datafc_sofascore,2026-08-09T01:36:50.770462
52,53190,Valentin Eysseric,139798,Fatih Karagümrük,4954,5,7,7.46,4.48,7.64,54,18,74,27,42,7,1,2420,31,goals,TUR,2023-2024,datafc_sofascore,2026-08-09T01:36:50.770462
52,53190,Haris Hajradinović,254979,Kasımpaşa,6063,5,14,7.39,6.16,9.69,69,21,104,26,63,3,0,3307,38,goals,TUR,2023-2024,datafc_sofascore,2026-08-09T01:36:50.770462
52,53190,Guilherme Haubert Sityá,224112,Konyaspor,3085,5,7,7.35,1.62,6.83,18,6,88,30,87,1,0,3267,37,goals,TUR,2023-2024,datafc_sofascore,2026-08-09T01:36:50.770462
52,53190,Edin Višća,109779,Trabzonspor,3051,5,9,7.28,4.34,8.93,63,16,91,28,34,1,0,2762,36,goals,TUR,2023-2024,datafc_sofascore,2026-08-09T01:36:50.770462
52,53190,Tolga Ciğerci,120298,MKE Ankaragücü,3103,5,3,7.15,3.47,1.48,38,11,22,13,45,4,0,2050,27,goals,TUR,2023-2024,datafc_sofascore,2026-08-09T01:36:50.770462
52,53190,Milot Rashica,800411,Beşiktaş JK,3050,5,4,7.03,4.39,4.64,56,20,43,21,25,2,0,2037,29,goals,TUR,2023-2024,datafc_sofascore,2026-08-09T01:36:50.770462
52,53190,Nicolas Pépé,593526,Trabzonspor,3051,5,2,6.99,2.97,1.67,24,11,17,20,8,0,0,1127,19,goals,TUR,2023-2024,datafc_sofascore,2026-08-09T01:36:50.770462
52,53190,Halil Akbunar,217782,Pendikspor,7032,5,3,6.98,4.09,5.67,54,20,37,57,63,3,1,2808,37,goals,TUR,2023-2024,datafc_sofascore,2026-08-09T01:36:50.770462
52,53190,Florian Loshaj,831407,İstanbulspor,3066,5,0,6.98,4.81,2.98,56,18,34,35,66,8,1,2705,32,goals,TUR,2023-2024,datafc_sofascore,2026-08-09T01:36:50.770462
52,53190,Sam Larsson,229800,Antalyaspor,3056,5,1,6.97,2.83,5.32,43,12,61,52,31,1,0,2568,35,goals,TUR,2023-2024,datafc_sofascore,2026-08-09T01:36:50.770462
52,53190,Rigoberto Rivas,837742,Hatayspor,3091,5,4,6.92,3.4,3.2,31,12,29,25,47,6,0,2431,29,goals,TUR,2023-2024,datafc_sofascore,2026-08-09T01:36:50.770462
52,53190,Carlo Holse,837012,Samsunspor,3053,5,3,6.9,5.31,2.53,59,24,43,14,68,4,0,2787,33,goals,TUR,2023-2024,datafc_sofascore,2026-08-09T01:36:50.770462
52,53190,João Novais,233370,Alanyaspor,6362,5,2,6.9,5.14,4.58,46,17,33,25,22,7,0,2075,32,goals,TUR,2023-2024,datafc_sofascore,2026-08-09T01:36:50.770462
52,53190,Altin Zeqiri,991742,Çaykur Rizespor,3064,5,5,6.88,6.68,3.34,47,20,36,47,23,4,0,2241,34,goals,TUR,2023-2024,datafc_sofascore,2026-08-09T01:36:50.770462
52,53190,Can Keleş,918408,Fatih Karagümrük,4954,5,3,6.82,4.65,3.61,56,24,27,28,18,3,0,2272,35,goals,TUR,2023-2024,datafc_sofascore,2026-08-09T01:36:50.770462
52,53190,Yusuf Erdoğan,256663,Adana Demirspor,3101,5,2,6.8,4.08,2.0,43,15,23,26,32,4,0,2594,35,goals,TUR,2023-2024,datafc_sofascore,2026-08-09T01:36:50.770462
52,53190,Carlos Mané,859748,Kayserispor,3072,5,2,6.8,2.59,2.42,17,6,15,11,24,2,0,1139,25,goals,TUR,2023-2024,datafc_sofascore,2026-08-09T01:36:50.770462
52,53190,Vincent Aboubakar,116869,Beşiktaş JK,3050,5,1,6.78,3.75,1.11,27,11,7,11,1,2,0,1081,22,goals,TUR,2023-2024,datafc_sofascore,2026-08-09T01:36:50.770462
52,53190,Tasos Bakasetas,114076,Trabzonspor,3051,4,2,7.26,2.71,1.72,41,12,25,8,27,3,0,1321,17,goals,TUR,2023-2024,datafc_sofascore,2026-08-09T01:36:50.770462
52,53190,Samu Sáiz,99527,Sivasspor,3076,4,3,7.25,2.05,2.29,29,15,33,26,8,3,0,1357,17,goals,TUR,2023-2024,datafc_sofascore,2026-08-09T01:36:50.770462
52,53190,Abdülkerim Bardakcı,178963,Galatasaray,3061,4,0,7.23,3.21,1.03,33,8,10,11,25,4,0,2218,27,goals,TUR,2023-2024,datafc_sofascore,2026-08-09T01:36:50.770462
52,53190,Emre Kılınç,202032,Samsunspor,3053,4,4,7.12,2.09,4.63,31,5,53,31,62,4,0,2574,33,goals,TUR,2023-2024,datafc_sofascore,2026-08-09T01:36:50.770462
52,53190,Davidson,814334,Başakşehir FK,3086,4,0,7.11,4.1,1.3,22,7,12,24,19,2,0,980,14,goals,TUR,2023-2024,datafc_sofascore,2026-08-09T01:36:50.770462
52,53190,Jerome Opoku,920514,Başakşehir FK,3086,4,1,7.06,1.9,0.74,11,5,9,18,26,6,1,2481,28,goals,TUR,2023-2024,datafc_sofascore,2026-08-09T01:36:50.770462
52,53190,Nicolas Janvier,802150,Alanyaspor,6362,4,2,7.04,2.42,3.0,35,9,33,24,30,3,0,1655,34,goals,TUR,2023-2024,datafc_sofascore,2026-08-09T01:36:50.770462
52,53190,Steven​ N'Zonzi,51652,Konyaspor,3085,4,0,7.03,1.12,1.2,19,10,16,6,26,2,0,2334,33,goals,TUR,2023-2024,datafc_sofascore,2026-08-09T01:36:50.770462
52,53190,Bright Osayi-Samuel,791616,Fenerbahçe,3052,4,1,7.0,1.01,1.01,5,4,9,26,41,11,0,1743,23,goals,TUR,2023-2024,datafc_sofascore,2026-08-09T01:36:50.770462
52,53190,Alex Oxlade-Chamberlain,10577,Beşiktaş JK,3050,4,1,6.97,3.21,1.02,26,11,17,24,9,0,0,994,20,goals,TUR,2023-2024,datafc_sofascore,2026-08-09T01:36:50.770462
52,53190,Ryan Mendes,52797,Fatih Karagümrük,4954,4,4,6.96,2.1,3.44,33,15,26,29,32,5,2,1508,23,goals,TUR,2023-2024,datafc_sofascore,2026-08-09T01:36:50.770462
52,53190,Deian Sorescu,797602,Gaziantep FK,5138,4,2,6.93,1.67,1.81,19,10,21,9,16,1,0,1078,16,goals,TUR,2023-2024,datafc_sofascore,2026-08-09T01:36:50.770462
52,53190,Marcus Rohdén,209082,Fatih Karagümrük,4954,4,4,6.91,2.44,1.87,36,11,29,13,32,4,0,2426,34,goals,TUR,2023-2024,datafc_sofascore,2026-08-09T01:36:50.770462
52,53190,Jackson Muleka,927649,Beşiktaş JK,3050,4,1,6.9,4.52,1.43,53,18,19,35,33,1,0,1640,30,goals,TUR,2023-2024,datafc_sofascore,2026-08-09T01:36:50.770462
52,53190,Arda Kızıldağ,904228,Gaziantep FK,5138,4,0,6.9,2.2,0.4,21,6,5,0,39,4,0,2330,29,goals,TUR,2023-2024,datafc_sofascore,2026-08-09T01:36:50.770462
52,53190,Benhur Keser,899402,Çaykur Rizespor,3064,4,3,6.87,2.21,1.77,20,6,22,16,22,2,0,1496,24,goals,TUR,2023-2024,datafc_sofascore,2026-08-09T01:36:50.770462
52,53190,Nani,17740,Adana Demirspor,3101,4,2,6.83,2.22,1.37,29,15,17,13,13,5,0,975,28,goals,TUR,2023-2024,datafc_sofascore,2026-08-09T01:36:50.770462
52,53190,Carlos Eduardo,795295,Alanyaspor,6362,4,1,6.8,4.66,1.91,34,12,16,24,33,3,0,1532,29,goals,TUR,2023-2024,datafc_sofascore,2026-08-09T01:36:50.770462
52,53190,Umut Nayir,284767,Pendikspor,7032,4,1,6.77,4.11,1.15,28,10,8,8,6,3,0,1340,23,goals,TUR,2023-2024,datafc_sofascore,2026-08-09T01:36:50.770462
52,53190,Emir Kaan Gültekin,903714,İstanbulspor,3066,4,1,6.73,7.43,1.46,35,21,19,21,19,4,0,1716,30,goals,TUR,2023-2024,datafc_sofascore,2026-08-09T01:36:50.770462
52,53190,Yusuf Barası,1000187,Adana Demirspor,3101,4,2,6.72,3.23,0.83,19,11,12,12,13,0,1,894,28,goals,TUR,2023-2024,datafc_sofascore,2026-08-09T01:36:50.770462
52,53190,Riad Bajić,331751,MKE Ankaragücü,3103,4,0,6.66,4.06,0.64,17,8,9,7,1,0,0,849,24,goals,TUR,2023-2024,datafc_sofascore,2026-08-09T01:36:50.770462
52,53190,Fred,243623,Fenerbahçe,3052,3,4,7.34,3.99,4.93,50,15,31,25,51,5,1,2051,25,goals,TUR,2023-2024,datafc_sofascore,2026-08-09T01:36:50.770462
52,53190,Yusuf Sarı,896364,Adana Demirspor,3101,3,7,7.3,2.92,5.46,59,24,48,45,22,1,0,1790,24,goals,TUR,2023-2024,datafc_sofascore,2026-08-09T01:36:50.770462
52,53190,Gedson Fernandes,862055,Beşiktaş JK,3050,3,3,7.19,2.94,1.74,36,9,29,46,99,8,0,2457,29,goals,TUR,2023-2024,datafc_sofascore,2026-08-09T01:36:50.770462
52,53190,Alexandru Maxim,180511,Gaziantep FK,5138,3,8,7.16,5.85,7.47,43,16,80,36,38,4,2,2674,34,goals,TUR,2023-2024,datafc_sofascore,2026-08-09T01:36:50.770462
52,53190,Jonjo Shelvey,36465,Çaykur Rizespor,3064,3,6,7.15,2.58,3.71,55,16,48,17,36,6,0,2604,31,goals,TUR,2023-2024,datafc_sofascore,2026-08-09T01:36:50.770462
52,53190,Dries Mertens,32493,Galatasaray,3061,9,16,7.61,8.12,10.57,88,35,93,15,43,3,0,2487,36,assists,TUR,2023-2024,datafc_sofascore,2026-08-09T01:36:50.770462
52,53190,Dušan Tadić,38560,Fenerbahçe,3052,10,14,7.42,14.9,14.16,53,28,88,32,33,3,0,3157,38,assists,TUR,2023-2024,datafc_sofascore,2026-08-09T01:36:50.770462
52,53190,Haris Hajradinović,254979,Kasımpaşa,6063,5,14,7.39,6.16,9.69,69,21,104,26,63,3,0,3307,38,assists,TUR,2023-2024,datafc_sofascore,2026-08-09T01:36:50.770462
52,53190,Deniz Türüç,252207,Başakşehir FK,3086,2,12,7.15,2.26,5.68,39,17,60,30,31,11,0,2678,34,assists,TUR,2023-2024,datafc_sofascore,2026-08-09T01:36:50.770462
52,53190,Sebastian Szymański,847983,Fenerbahçe,3052,10,11,7.55,9.31,9.69,87,31,77,10,85,4,0,2916,37,assists,TUR,2023-2024,datafc_sofascore,2026-08-09T01:36:50.770462
52,53190,Edin Višća,109779,Trabzonspor,3051,5,9,7.28,4.34,8.93,63,16,91,28,34,1,0,2762,36,assists,TUR,2023-2024,datafc_sofascore,2026-08-09T01:36:50.770462
52,53190,Mauro Icardi,233114,Galatasaray,3061,25,8,7.51,21.23,3.77,111,49,49,7,6,2,0,2856,34,assists,TUR,2023-2024,datafc_sofascore,2026-08-09T01:36:50.770462
52,53190,Oğuz Aydın,999396,Alanyaspor,6362,13,8,7.28,9.34,8.32,58,25,64,54,25,3,1,2587,35,assists,TUR,2023-2024,datafc_sofascore,2026-08-09T01:36:50.770462
52,53190,Alexandru Maxim,180511,Gaziantep FK,5138,3,8,7.16,5.85,7.47,43,16,80,36,38,4,2,2674,34,assists,TUR,2023-2024,datafc_sofascore,2026-08-09T01:36:50.770462
52,53190,Valentin Eysseric,139798,Fatih Karagümrük,4954,5,7,7.46,4.48,7.64,54,18,74,27,42,7,1,2420,31,assists,TUR,2023-2024,datafc_sofascore,2026-08-09T01:36:50.770462
52,53190,İrfan Can Kahveci,226986,Fenerbahçe,3052,12,7,7.39,3.98,7.71,40,21,52,36,33,5,0,2027,31,assists,TUR,2023-2024,datafc_sofascore,2026-08-09T01:36:50.770462
52,53190,Guilherme Haubert Sityá,224112,Konyaspor,3085,5,7,7.35,1.62,6.83,18,6,88,30,87,1,0,3267,37,assists,TUR,2023-2024,datafc_sofascore,2026-08-09T01:36:50.770462
52,53190,Yusuf Sarı,896364,Adana Demirspor,3101,3,7,7.3,2.92,5.46,59,24,48,45,22,1,0,1790,24,assists,TUR,2023-2024,datafc_sofascore,2026-08-09T01:36:50.770462
52,53190,Mame Thiam,180981,Pendikspor,7032,18,7,7.26,13.28,3.36,85,36,34,18,47,4,0,3161,36,assists,TUR,2023-2024,datafc_sofascore,2026-08-09T01:36:50.770462
52,53190,Miguel Cardoso,344009,Kayserispor,3072,1,7,7.08,5.41,7.21,65,18,66,31,39,4,0,2524,30,assists,TUR,2023-2024,datafc_sofascore,2026-08-09T01:36:50.770462
52,53190,Ramzi Safouri,186949,Antalyaspor,3056,0,7,7.04,2.16,5.15,39,15,56,31,17,3,1,1803,30,assists,TUR,2023-2024,datafc_sofascore,2026-08-09T01:36:50.770462
52,53190,Kerem Aktürkoğlu,903324,Galatasaray,3061,12,6,7.33,12.89,8.17,79,29,73,32,28,3,1,2479,37,assists,TUR,2023-2024,datafc_sofascore,2026-08-09T01:36:50.770462
52,53190,Jonjo Shelvey,36465,Çaykur Rizespor,3064,3,6,7.15,2.58,3.71,55,16,48,17,36,6,0,2604,31,assists,TUR,2023-2024,datafc_sofascore,2026-08-09T01:36:50.770462
52,53190,Barış Alper Yılmaz,904096,Galatasaray,3061,6,6,7.15,4.08,5.51,61,18,43,67,60,8,0,2550,37,assists,TUR,2023-2024,datafc_sofascore,2026-08-09T01:36:50.770462
52,53190,Abdülkadir Ömür,826155,Trabzonspor,3051,0,6,6.97,0.56,1.41,7,0,19,13,25,1,0,1050,15,assists,TUR,2023-2024,datafc_sofascore,2026-08-09T01:36:50.770462
52,53190,Aytaç Kara,128196,Kasımpaşa,6063,13,5,7.41,9.16,3.01,101,36,40,19,73,4,0,3248,37,assists,TUR,2023-2024,datafc_sofascore,2026-08-09T01:36:50.770462
52,53190,Thomas Meunier,128587,Trabzonspor,3051,1,5,7.24,0.58,2.7,12,4,18,4,24,2,0,1245,14,assists,TUR,2023-2024,datafc_sofascore,2026-08-09T01:36:50.770462
52,53190,Mahmoud Trézéguet,295361,Trabzonspor,3051,9,5,7.17,6.45,3.71,57,20,29,23,17,2,0,1529,24,assists,TUR,2023-2024,datafc_sofascore,2026-08-09T01:36:50.770462
52,53190,Dimitrios Pelkas,139304,Başakşehir FK,3086,6,5,7.04,4.7,2.2,30,17,24,18,20,6,0,1245,23,assists,TUR,2023-2024,datafc_sofascore,2026-08-09T01:36:50.770462
52,53190,Mortadha Ben Ouanes,919225,Kasımpaşa,6063,7,5,7.01,3.26,4.88,36,15,45,31,41,8,0,2999,36,assists,TUR,2023-2024,datafc_sofascore,2026-08-09T01:36:50.770462
52,53190,Sokol Cikalleshi,81138,Konyaspor,3085,12,5,6.94,10.96,1.11,64,21,27,27,23,3,0,2364,33,assists,TUR,2023-2024,datafc_sofascore,2026-08-09T01:36:50.770462
52,53190,Levent Mercan,1085938,Fatih Karagümrük,4954,1,5,6.9,0.7,2.51,14,1,33,37,82,8,0,3113,36,assists,TUR,2023-2024,datafc_sofascore,2026-08-09T01:36:50.770462
52,53190,Altin Zeqiri,991742,Çaykur Rizespor,3064,5,5,6.88,6.68,3.34,47,20,36,47,23,4,0,2241,34,assists,TUR,2023-2024,datafc_sofascore,2026-08-09T01:36:50.770462
52,53190,Lazar Marković,98461,Gaziantep FK,5138,3,5,6.82,2.25,2.02,22,10,23,25,18,7,0,1561,30,assists,TUR,2023-2024,datafc_sofascore,2026-08-09T01:36:50.770462
52,53190,Gökhan Sazdağı,595396,Kayserispor,3072,0,5,6.79,1.56,2.92,25,7,26,35,92,9,0,2905,34,assists,TUR,2023-2024,datafc_sofascore,2026-08-09T01:36:50.770462
52,53190,Paul Onuachu,295123,Trabzonspor,3051,14,4,7.52,8.11,0.47,57,23,13,11,6,3,0,1438,20,assists,TUR,2023-2024,datafc_sofascore,2026-08-09T01:36:50.770462
52,53190,Ferdi Kadıoğlu,825844,Fenerbahçe,3052,1,4,7.44,2.5,6.69,33,14,51,57,75,3,0,3327,37,assists,TUR,2023-2024,datafc_sofascore,2026-08-09T01:36:50.770462
52,53190,Fred,243623,Fenerbahçe,3052,3,4,7.34,3.99,4.93,50,15,31,25,51,5,1,2051,25,assists,TUR,2023-2024,datafc_sofascore,2026-08-09T01:36:50.770462
52,53190,Nuno Da Costa,209374,Kasımpaşa,6063,14,4,7.28,10.67,2.41,67,24,26,49,23,1,0,2339,29,assists,TUR,2023-2024,datafc_sofascore,2026-08-09T01:36:50.770462
52,53190,Emirhan Topçu,895009,Çaykur Rizespor,3064,1,4,7.26,2.0,1.84,25,8,19,6,65,10,1,2702,31,assists,TUR,2023-2024,datafc_sofascore,2026-08-09T01:36:50.770462
52,53190,İsmail Yüksek,952600,Fenerbahçe,3052,0,4,7.15,2.24,2.28,26,4,29,29,73,5,2,2319,30,assists,TUR,2023-2024,datafc_sofascore,2026-08-09T01:36:50.770462
52,53190,Semih Kılıçsoy,1142606,Beşiktaş JK,3050,11,4,7.13,5.59,1.48,57,24,16,40,16,5,0,1695,23,assists,TUR,2023-2024,datafc_sofascore,2026-08-09T01:36:50.770462
52,53190,Emre Kılınç,202032,Samsunspor,3053,4,4,7.12,2.09,4.63,31,5,53,31,62,4,0,2574,33,assists,TUR,2023-2024,datafc_sofascore,2026-08-09T01:36:50.770462
52,53190,Amir Hadžiahmetović,795421,Beşiktaş JK,3050,0,4,7.06,0.3,2.46,3,1,22,8,19,2,1,1341,18,assists,TUR,2023-2024,datafc_sofascore,2026-08-09T01:36:50.770462
52,53190,Enis Bardhi,355024,Trabzonspor,3051,6,4,7.06,3.19,3.28,56,20,37,31,34,3,0,2342,34,assists,TUR,2023-2024,datafc_sofascore,2026-08-09T01:36:50.770462
52,53190,Efkan Bekiroğlu,800458,MKE Ankaragücü,3103,9,4,7.04,4.65,3.74,52,16,39,31,20,2,1,2139,30,assists,TUR,2023-2024,datafc_sofascore,2026-08-09T01:36:50.770462
52,53190,Milot Rashica,800411,Beşiktaş JK,3050,5,4,7.03,4.39,4.64,56,20,43,21,25,2,0,2037,29,assists,TUR,2023-2024,datafc_sofascore,2026-08-09T01:36:50.770462
52,53190,Enis Destan,1012480,Trabzonspor,3051,9,4,6.97,6.44,0.85,42,23,16,8,20,4,0,1379,33,assists,TUR,2023-2024,datafc_sofascore,2026-08-09T01:36:50.770462
52,53190,Ryan Mendes,52797,Fatih Karagümrük,4954,4,4,6.96,2.1,3.44,33,15,26,29,32,5,2,1508,23,assists,TUR,2023-2024,datafc_sofascore,2026-08-09T01:36:50.770462
52,53190,Garry Rodrigues,787429,MKE Ankaragücü,3103,2,4,6.93,1.5,1.96,20,8,17,10,8,3,0,815,19,assists,TUR,2023-2024,datafc_sofascore,2026-08-09T01:36:50.770462
52,53190,Rigoberto Rivas,837742,Hatayspor,3091,5,4,6.92,3.4,3.2,31,12,29,25,47,6,0,2431,29,assists,TUR,2023-2024,datafc_sofascore,2026-08-09T01:36:50.770462
52,53190,Marcus Rohdén,209082,Fatih Karagümrük,4954,4,4,6.91,2.44,1.87,36,11,29,13,32,4,0,2426,34,assists,TUR,2023-2024,datafc_sofascore,2026-08-09T01:36:50.770462
52,53190,Mert Müldür,836683,Fenerbahçe,3052,1,4,6.91,0.97,1.77,11,2,20,9,23,4,0,1138,26,assists,TUR,2023-2024,datafc_sofascore,2026-08-09T01:36:50.770462
52,53190,Güven Yalçın,826162,Fatih Karagümrük,4954,9,4,6.91,5.75,1.33,58,21,28,39,15,5,0,2136,32,assists,TUR,2023-2024,datafc_sofascore,2026-08-09T01:36:50.770462
52,53190,Charis Charisis,317297,Sivasspor,3076,1,4,6.91,1.06,1.29,19,5,29,27,70,8,0,2424,30,assists,TUR,2023-2024,datafc_sofascore,2026-08-09T01:36:50.770462
52,53190,Léo Dubois,552680,Başakşehir FK,3086,1,4,6.9,0.68,3.23,12,4,29,24,29,3,0,2315,31,assists,TUR,2023-2024,datafc_sofascore,2026-08-09T01:36:50.770462
52,53190,Görkem Sağlam,795001,Hatayspor,3091,2,4,6.9,1.21,2.08,18,5,18,11,23,4,0,1535,31,assists,TUR,2023-2024,datafc_sofascore,2026-08-09T01:36:50.770462
52,53190,Taha Şahin,1394729,Çaykur Rizespor,3064,0,4,6.87,0.65,2.84,8,0,27,29,58,5,0,2854,34,assists,TUR,2023-2024,datafc_sofascore,2026-08-09T01:36:50.770462
52,53190,Cenk Tosun,72127,Beşiktaş JK,3050,6,4,6.86,8.64,1.15,55,14,21,9,14,2,0,1962,34,assists,TUR,2023-2024,datafc_sofascore,2026-08-09T01:36:50.770462
52,53190,Moryke Fofana,269199,Samsunspor,3053,0,4,6.82,1.3,3.6,16,5,27,46,15,4,0,1060,27,assists,TUR,2023-2024,datafc_sofascore,2026-08-09T01:36:50.770462
52,53190,Yusuf Özdemir,1084884,Alanyaspor,6362,2,4,6.78,3.51,2.15,25,10,22,8,51,7,0,2481,34,assists,TUR,2023-2024,datafc_sofascore,2026-08-09T01:36:50.770462
52,53190,Jackson,911351,İstanbulspor,3066,1,4,6.77,4.47,3.63,48,19,31,45,38,2,0,2201,35,assists,TUR,2023-2024,datafc_sofascore,2026-08-09T01:36:50.770462
52,53190,Iron Gomis,979593,Kasımpaşa,6063,1,4,6.76,1.41,1.53,10,4,14,8,22,4,0,1112,21,assists,TUR,2023-2024,datafc_sofascore,2026-08-09T01:36:50.770462
52,53190,Valon Ethemi,904945,Konyaspor,3085,2,4,6.75,3.04,3.08,37,10,31,27,18,4,0,1919,30,assists,TUR,2023-2024,datafc_sofascore,2026-08-09T01:36:50.770462
52,53190,Max Gradel,16590,Gaziantep FK,5138,1,4,6.73,2.55,3.11,28,11,28,20,41,5,0,1712,29,assists,TUR,2023-2024,datafc_sofascore,2026-08-09T01:36:50.770462
52,53190,Edin Džeko,14990,Fenerbahçe,3052,21,3,7.39,21.64,5.15,147,64,37,22,19,3,0,2741,36,assists,TUR,2023-2024,datafc_sofascore,2026-08-09T01:36:50.770462
52,53190,Rey Manaj,587882,Sivasspor,3076,18,3,7.31,14.34,1.48,104,40,17,20,13,10,0,2423,32,assists,TUR,2023-2024,datafc_sofascore,2026-08-09T01:36:50.770462
52,53190,Hakim Ziyech,249437,Galatasaray,3061,6,3,7.26,2.01,4.28,43,14,35,15,18,4,0,1077,18,assists,TUR,2023-2024,datafc_sofascore,2026-08-09T01:36:50.770462
52,53190,Samu Sáiz,99527,Sivasspor,3076,4,3,7.25,2.05,2.29,29,15,33,26,8,3,0,1357,17,assists,TUR,2023-2024,datafc_sofascore,2026-08-09T01:36:50.770462
52,53190,Kerem Demirbay,142619,Galatasaray,3061,6,3,7.2,3.03,3.76,52,17,42,19,66,2,0,2227,34,assists,TUR,2023-2024,datafc_sofascore,2026-08-09T01:36:50.770462
52,53190,Gedson Fernandes,862055,Beşiktaş JK,3050,3,3,7.19,2.94,1.74,36,9,29,46,99,8,0,2457,29,assists,TUR,2023-2024,datafc_sofascore,2026-08-09T01:36:50.770462
52,53190,Wilfried Zaha,111850,Galatasaray,3061,9,3,7.18,4.15,2.63,48,19,23,43,29,2,0,1433,30,assists,TUR,2023-2024,datafc_sofascore,2026-08-09T01:36:50.770462
52,53190,Tolga Ciğerci,120298,MKE Ankaragücü,3103,5,3,7.15,3.47,1.48,38,11,22,13,45,4,0,2050,27,assists,TUR,2023-2024,datafc_sofascore,2026-08-09T01:36:50.770462
52,53190,Salih Uçan,135695,Beşiktaş JK,3050,1,3,7.11,1.52,4.11,20,4,20,22,41,6,0,1579,23,assists,TUR,2023-2024,datafc_sofascore,2026-08-09T01:36:50.770462
52,53190,Jonas Svensson,98199,Beşiktaş JK,3050,0,3,7.1,0.13,2.29,4,0,23,10,50,4,0,2065,24,assists,TUR,2023-2024,datafc_sofascore,2026-08-09T01:36:50.770462
52,53190,Efecan Karaca,60510,Alanyaspor,6362,2,3,7.02,3.18,4.83,21,9,50,31,57,5,0,2753,37,assists,TUR,2023-2024,datafc_sofascore,2026-08-09T01:36:50.770462
52,53190,Fisayo Dele-Bashiru,910121,Hatayspor,3091,8,3,7.01,5.58,2.31,45,18,40,71,33,6,0,3039,36,assists,TUR,2023-2024,datafc_sofascore,2026-08-09T01:36:50.770462
52,53190,Bünyamin Balcı,967214,Antalyaspor,3056,1,3,7.0,0.58,2.6,6,2,23,14,48,3,0,1865,23,assists,TUR,2023-2024,datafc_sofascore,2026-08-09T01:36:50.770462
52,53190,Halil Akbunar,217782,Pendikspor,7032,5,3,6.98,4.09,5.67,54,20,37,57,63,3,1,2808,37,assists,TUR,2023-2024,datafc_sofascore,2026-08-09T01:36:50.770462
52,53190,Olivier Kemen,280447,Başakşehir FK,3086,3,3,6.94,2.83,2.42,23,9,28,22,21,3,0,1751,27,assists,TUR,2023-2024,datafc_sofascore,2026-08-09T01:36:50.770462
52,53190,Mustafa Eskihellaç,899069,Gaziantep FK,5138,2,3,6.93,1.29,2.92,25,5,29,41,66,5,0,3067,35,assists,TUR,2023-2024,datafc_sofascore,2026-08-09T01:36:50.770462
52,53190,Arnaud Lusamba,361342,Pendikspor,7032,0,3,6.93,0.31,1.96,9,4,24,32,48,5,1,2024,27,assists,TUR,2023-2024,datafc_sofascore,2026-08-09T01:36:50.770462
52,53190,Florent Hadergjonaj,354860,Alanyaspor,6362,2,3,6.93,1.15,2.69,17,4,23,11,43,3,0,2318,31,assists,TUR,2023-2024,datafc_sofascore,2026-08-09T01:36:50.770462
52,53190,Rachid Ghezzal,123228,Beşiktaş JK,3050,1,3,6.92,3.28,3.99,32,10,37,18,21,6,0,1173,27,assists,TUR,2023-2024,datafc_sofascore,2026-08-09T01:36:50.770462
52,53190,Carlo Holse,837012,Samsunspor,3053,5,3,6.9,5.31,2.53,59,24,43,14,68,4,0,2787,33,assists,TUR,2023-2024,datafc_sofascore,2026-08-09T01:36:50.770462
52,53190,Gökcan Kaya,342437,Pendikspor,7032,2,3,6.9,1.71,2.11,32,8,24,18,42,3,0,2116,34,assists,TUR,2023-2024,datafc_sofascore,2026-08-09T01:36:50.770462
52,53190,Emrah Başsan,174141,Sivasspor,3076,0,3,6.9,1.86,2.09,29,11,25,25,18,2,0,1445,24,assists,TUR,2023-2024,datafc_sofascore,2026-08-09T01:36:50.770462
52,53190,Olimpiu Moruțan,833613,MKE Ankaragücü,3103,2,3,6.9,2.86,3.43,47,13,34,46,40,3,0,2128,30,assists,TUR,2023-2024,datafc_sofascore,2026-08-09T01:36:50.770462
52,53190,Güray Vural,43559,Antalyaspor,3056,1,3,6.9,1.13,2.92,25,4,26,8,54,7,0,2568,30,assists,TUR,2023-2024,datafc_sofascore,2026-08-09T01:36:50.770462
52,53190,Erdem Özgenç,60332,Pendikspor,7032,1,3,6.9,1.22,2.29,12,3,21,9,29,3,0,1508,22,assists,TUR,2023-2024,datafc_sofascore,2026-08-09T01:36:50.770462
52,53190,Erdoğan Yeşilyurt,142541,Antalyaspor,3056,3,3,6.89,1.78,2.25,31,7,31,26,41,8,1,2485,34,assists,TUR,2023-2024,datafc_sofascore,2026-08-09T01:36:50.770462
52,53190,Nuno Sequeira,170117,Pendikspor,7032,1,3,6.89,0.98,3.7,15,4,40,20,85,10,0,3066,35,assists,TUR,2023-2024,datafc_sofascore,2026-08-09T01:36:50.770462
52,53190,Benhur Keser,899402,Çaykur Rizespor,3064,4,3,6.87,2.21,1.77,20,6,22,16,22,2,0,1496,24,assists,TUR,2023-2024,datafc_sofascore,2026-08-09T01:36:50.770462
52,53190,Ali Sowe,238394,MKE Ankaragücü,3103,6,3,6.84,5.43,1.21,48,21,17,20,10,3,1,2136,27,assists,TUR,2023-2024,datafc_sofascore,2026-08-09T01:36:50.770462
52,53190,Can Keleş,918408,Fatih Karagümrük,4954,5,3,6.82,4.65,3.61,56,24,27,28,18,3,0,2272,35,assists,TUR,2023-2024,datafc_sofascore,2026-08-09T01:36:50.770462
52,53190,Rui Pedro,862672,Hatayspor,3091,0,3,6.82,0.5,0.69,5,2,15,10,0,4,0,486,11,assists,TUR,2023-2024,datafc_sofascore,2026-08-09T01:36:50.770462
52,53190,Tetê,980327,Galatasaray,3061,0,3,6.8,3.8,2.97,37,14,27,22,10,1,0,1136,33,assists,TUR,2023-2024,datafc_sofascore,2026-08-09T01:36:50.770462
52,53190,David Akintola,798676,Çaykur Rizespor,3064,3,3,6.77,6.51,1.75,39,10,24,43,26,4,0,1942,25,assists,TUR,2023-2024,datafc_sofascore,2026-08-09T01:36:50.770462
52,53190,Furkan Soyalp,226992,Gaziantep FK,5138,1,3,6.77,1.91,1.09,18,9,17,12,49,6,1,1615,30,assists,TUR,2023-2024,datafc_sofascore,2026-08-09T01:36:50.770462
52,53190,Ante Rebić,152769,Beşiktaş JK,3050,0,3,6.77,0.27,2.0,7,2,20,6,4,6,0,394,15,assists,TUR,2023-2024,datafc_sofascore,2026-08-09T01:36:50.770462
52,53190,Onur Bulut,142494,Beşiktaş JK,3050,0,3,6.76,0.36,2.58,6,2,20,10,27,2,0,2039,28,assists,TUR,2023-2024,datafc_sofascore,2026-08-09T01:36:50.770462
52,53190,Joelson Fernandes,1032547,Hatayspor,3091,0,3,6.75,1.63,1.77,33,9,27,17,16,4,1,1423,31,assists,TUR,2023-2024,datafc_sofascore,2026-08-09T01:36:50.770462
52,53190,David Sambissa,280459,İstanbulspor,3066,1,3,6.72,0.72,3.04,17,10,17,33,26,1,0,1564,25,assists,TUR,2023-2024,datafc_sofascore,2026-08-09T01:36:50.770462
52,53190,Mendy Mamadou,929718,İstanbulspor,3066,2,3,6.69,4.22,1.07,31,10,15,15,32,0,1,1762,32,assists,TUR,2023-2024,datafc_sofascore,2026-08-09T01:36:50.770462
52,53190,Tasos Bakasetas,114076,Trabzonspor,3051,4,2,7.26,2.71,1.72,41,12,25,8,27,3,0,1321,17,assists,TUR,2023-2024,datafc_sofascore,2026-08-09T01:36:50.770462
52,53190,Dries Mertens,32493,Galatasaray,3061,9,16,7.61,8.12,10.57,88,35,93,15,43,3,0,2487,36,assists,TUR,2023-2024,datafc_sofascore,2026-08-09T01:36:50.770462
52,53190,Dušan Tadić,38560,Fenerbahçe,3052,10,14,7.42,14.9,14.16,53,28,88,32,33,3,0,3157,38,assists,TUR,2023-2024,datafc_sofascore,2026-08-09T01:36:50.770462
52,53190,Haris Hajradinović,254979,Kasımpaşa,6063,5,14,7.39,6.16,9.69,69,21,104,26,63,3,0,3307,38,assists,TUR,2023-2024,datafc_sofascore,2026-08-09T01:36:50.770462
52,53190,Deniz Türüç,252207,Başakşehir FK,3086,2,12,7.15,2.26,5.68,39,17,60,30,31,11,0,2678,34,assists,TUR,2023-2024,datafc_sofascore,2026-08-09T01:36:50.770462
52,53190,Sebastian Szymański,847983,Fenerbahçe,3052,10,11,7.55,9.31,9.69,87,31,77,10,85,4,0,2916,37,assists,TUR,2023-2024,datafc_sofascore,2026-08-09T01:36:50.770462
52,53190,Edin Višća,109779,Trabzonspor,3051,5,9,7.28,4.34,8.93,63,16,91,28,34,1,0,2762,36,assists,TUR,2023-2024,datafc_sofascore,2026-08-09T01:36:50.770462
52,53190,Mauro Icardi,233114,Galatasaray,3061,25,8,7.51,21.23,3.77,111,49,49,7,6,2,0,2856,34,assists,TUR,2023-2024,datafc_sofascore,2026-08-09T01:36:50.770462
52,53190,Oğuz Aydın,999396,Alanyaspor,6362,13,8,7.28,9.34,8.32,58,25,64,54,25,3,1,2587,35,assists,TUR,2023-2024,datafc_sofascore,2026-08-09T01:36:50.770462
52,53190,Alexandru Maxim,180511,Gaziantep FK,5138,3,8,7.16,5.85,7.47,43,16,80,36,38,4,2,2674,34,assists,TUR,2023-2024,datafc_sofascore,2026-08-09T01:36:50.770462
52,53190,Valentin Eysseric,139798,Fatih Karagümrük,4954,5,7,7.46,4.48,7.64,54,18,74,27,42,7,1,2420,31,assists,TUR,2023-2024,datafc_sofascore,2026-08-09T01:36:50.770462
52,53190,İrfan Can Kahveci,226986,Fenerbahçe,3052,12,7,7.39,3.98,7.71,40,21,52,36,33,5,0,2027,31,assists,TUR,2023-2024,datafc_sofascore,2026-08-09T01:36:50.770462
52,53190,Guilherme Haubert Sityá,224112,Konyaspor,3085,5,7,7.35,1.62,6.83,18,6,88,30,87,1,0,3267,37,assists,TUR,2023-2024,datafc_sofascore,2026-08-09T01:36:50.770462
52,53190,Yusuf Sarı,896364,Adana Demirspor,3101,3,7,7.3,2.92,5.46,59,24,48,45,22,1,0,1790,24,assists,TUR,2023-2024,datafc_sofascore,2026-08-09T01:36:50.770462
52,53190,Mame Thiam,180981,Pendikspor,7032,18,7,7.26,13.28,3.36,85,36,34,18,47,4,0,3161,36,assists,TUR,2023-2024,datafc_sofascore,2026-08-09T01:36:50.770462
52,53190,Miguel Cardoso,344009,Kayserispor,3072,1,7,7.08,5.41,7.21,65,18,66,31,39,4,0,2524,30,assists,TUR,2023-2024,datafc_sofascore,2026-08-09T01:36:50.770462
52,53190,Ramzi Safouri,186949,Antalyaspor,3056,0,7,7.04,2.16,5.15,39,15,56,31,17,3,1,1803,30,assists,TUR,2023-2024,datafc_sofascore,2026-08-09T01:36:50.770462
52,53190,Kerem Aktürkoğlu,903324,Galatasaray,3061,12,6,7.33,12.89,8.17,79,29,73,32,28,3,1,2479,37,assists,TUR,2023-2024,datafc_sofascore,2026-08-09T01:36:50.770462
52,53190,Jonjo Shelvey,36465,Çaykur Rizespor,3064,3,6,7.15,2.58,3.71,55,16,48,17,36,6,0,2604,31,assists,TUR,2023-2024,datafc_sofascore,2026-08-09T01:36:50.770462
52,53190,Barış Alper Yılmaz,904096,Galatasaray,3061,6,6,7.15,4.08,5.51,61,18,43,67,60,8,0,2550,37,assists,TUR,2023-2024,datafc_sofascore,2026-08-09T01:36:50.770462
52,53190,Abdülkadir Ömür,826155,Trabzonspor,3051,0,6,6.97,0.56,1.41,7,0,19,13,25,1,0,1050,15,assists,TUR,2023-2024,datafc_sofascore,2026-08-09T01:36:50.770462
52,53190,Aytaç Kara,128196,Kasımpaşa,6063,13,5,7.41,9.16,3.01,101,36,40,19,73,4,0,3248,37,assists,TUR,2023-2024,datafc_sofascore,2026-08-09T01:36:50.770462
52,53190,Thomas Meunier,128587,Trabzonspor,3051,1,5,7.24,0.58,2.7,12,4,18,4,24,2,0,1245,14,assists,TUR,2023-2024,datafc_sofascore,2026-08-09T01:36:50.770462
52,53190,Mahmoud Trézéguet,295361,Trabzonspor,3051,9,5,7.17,6.45,3.71,57,20,29,23,17,2,0,1529,24,assists,TUR,2023-2024,datafc_sofascore,2026-08-09T01:36:50.770462
52,53190,Dimitrios Pelkas,139304,Başakşehir FK,3086,6,5,7.04,4.7,2.2,30,17,24,18,20,6,0,1245,23,assists,TUR,2023-2024,datafc_sofascore,2026-08-09T01:36:50.770462
52,53190,Mortadha Ben Ouanes,919225,Kasımpaşa,6063,7,5,7.01,3.26,4.88,36,15,45,31,41,8,0,2999,36,assists,TUR,2023-2024,datafc_sofascore,2026-08-09T01:36:50.770462
52,53190,Sokol Cikalleshi,81138,Konyaspor,3085,12,5,6.94,10.96,1.11,64,21,27,27,23,3,0,2364,33,assists,TUR,2023-2024,datafc_sofascore,2026-08-09T01:36:50.770462
52,53190,Levent Mercan,1085938,Fatih Karagümrük,4954,1,5,6.9,0.7,2.51,14,1,33,37,82,8,0,3113,36,assists,TUR,2023-2024,datafc_sofascore,2026-08-09T01:36:50.770462
52,53190,Altin Zeqiri,991742,Çaykur Rizespor,3064,5,5,6.88,6.68,3.34,47,20,36,47,23,4,0,2241,34,assists,TUR,2023-2024,datafc_sofascore,2026-08-09T01:36:50.770462
52,53190,Lazar Marković,98461,Gaziantep FK,5138,3,5,6.82,2.25,2.02,22,10,23,25,18,7,0,1561,30,assists,TUR,2023-2024,datafc_sofascore,2026-08-09T01:36:50.770462
52,53190,Gökhan Sazdağı,595396,Kayserispor,3072,0,5,6.79,1.56,2.92,25,7,26,35,92,9,0,2905,34,assists,TUR,2023-2024,datafc_sofascore,2026-08-09T01:36:50.770462
52,53190,Paul Onuachu,295123,Trabzonspor,3051,14,4,7.52,8.11,0.47,57,23,13,11,6,3,0,1438,20,assists,TUR,2023-2024,datafc_sofascore,2026-08-09T01:36:50.770462
52,53190,Ferdi Kadıoğlu,825844,Fenerbahçe,3052,1,4,7.44,2.5,6.69,33,14,51,57,75,3,0,3327,37,assists,TUR,2023-2024,datafc_sofascore,2026-08-09T01:36:50.770462
52,53190,Fred,243623,Fenerbahçe,3052,3,4,7.34,3.99,4.93,50,15,31,25,51,5,1,2051,25,assists,TUR,2023-2024,datafc_sofascore,2026-08-09T01:36:50.770462
52,53190,Nuno Da Costa,209374,Kasımpaşa,6063,14,4,7.28,10.67,2.41,67,24,26,49,23,1,0,2339,29,assists,TUR,2023-2024,datafc_sofascore,2026-08-09T01:36:50.770462
52,53190,Emirhan Topçu,895009,Çaykur Rizespor,3064,1,4,7.26,2.0,1.84,25,8,19,6,65,10,1,2702,31,assists,TUR,2023-2024,datafc_sofascore,2026-08-09T01:36:50.770462
52,53190,İsmail Yüksek,952600,Fenerbahçe,3052,0,4,7.15,2.24,2.28,26,4,29,29,73,5,2,2319,30,assists,TUR,2023-2024,datafc_sofascore,2026-08-09T01:36:50.770462
52,53190,Semih Kılıçsoy,1142606,Beşiktaş JK,3050,11,4,7.13,5.59,1.48,57,24,16,40,16,5,0,1695,23,assists,TUR,2023-2024,datafc_sofascore,2026-08-09T01:36:50.770462
52,53190,Emre Kılınç,202032,Samsunspor,3053,4,4,7.12,2.09,4.63,31,5,53,31,62,4,0,2574,33,assists,TUR,2023-2024,datafc_sofascore,2026-08-09T01:36:50.770462
52,53190,Amir Hadžiahmetović,795421,Beşiktaş JK,3050,0,4,7.06,0.3,2.46,3,1,22,8,19,2,1,1341,18,assists,TUR,2023-2024,datafc_sofascore,2026-08-09T01:36:50.770462
52,53190,Enis Bardhi,355024,Trabzonspor,3051,6,4,7.06,3.19,3.28,56,20,37,31,34,3,0,2342,34,assists,TUR,2023-2024,datafc_sofascore,2026-08-09T01:36:50.770462
52,53190,Efkan Bekiroğlu,800458,MKE Ankaragücü,3103,9,4,7.04,4.65,3.74,52,16,39,31,20,2,1,2139,30,assists,TUR,2023-2024,datafc_sofascore,2026-08-09T01:36:50.770462
52,53190,Milot Rashica,800411,Beşiktaş JK,3050,5,4,7.03,4.39,4.64,56,20,43,21,25,2,0,2037,29,assists,TUR,2023-2024,datafc_sofascore,2026-08-09T01:36:50.770462
52,53190,Enis Destan,1012480,Trabzonspor,3051,9,4,6.97,6.44,0.85,42,23,16,8,20,4,0,1379,33,assists,TUR,2023-2024,datafc_sofascore,2026-08-09T01:36:50.770462
52,53190,Ryan Mendes,52797,Fatih Karagümrük,4954,4,4,6.96,2.1,3.44,33,15,26,29,32,5,2,1508,23,assists,TUR,2023-2024,datafc_sofascore,2026-08-09T01:36:50.770462
52,53190,Garry Rodrigues,787429,MKE Ankaragücü,3103,2,4,6.93,1.5,1.96,20,8,17,10,8,3,0,815,19,assists,TUR,2023-2024,datafc_sofascore,2026-08-09T01:36:50.770462
52,53190,Rigoberto Rivas,837742,Hatayspor,3091,5,4,6.92,3.4,3.2,31,12,29,25,47,6,0,2431,29,assists,TUR,2023-2024,datafc_sofascore,2026-08-09T01:36:50.770462
52,53190,Marcus Rohdén,209082,Fatih Karagümrük,4954,4,4,6.91,2.44,1.87,36,11,29,13,32,4,0,2426,34,assists,TUR,2023-2024,datafc_sofascore,2026-08-09T01:36:50.770462
52,53190,Mert Müldür,836683,Fenerbahçe,3052,1,4,6.91,0.97,1.77,11,2,20,9,23,4,0,1138,26,assists,TUR,2023-2024,datafc_sofascore,2026-08-09T01:36:50.770462
52,53190,Güven Yalçın,826162,Fatih Karagümrük,4954,9,4,6.91,5.75,1.33,58,21,28,39,15,5,0,2136,32,assists,TUR,2023-2024,datafc_sofascore,2026-08-09T01:36:50.770462
52,53190,Charis Charisis,317297,Sivasspor,3076,1,4,6.91,1.06,1.29,19,5,29,27,70,8,0,2424,30,assists,TUR,2023-2024,datafc_sofascore,2026-08-09T01:36:50.770462
52,53190,Léo Dubois,552680,Başakşehir FK,3086,1,4,6.9,0.68,3.23,12,4,29,24,29,3,0,2315,31,assists,TUR,2023-2024,datafc_sofascore,2026-08-09T01:36:50.770462
52,53190,Görkem Sağlam,795001,Hatayspor,3091,2,4,6.9,1.21,2.08,18,5,18,11,23,4,0,1535,31,assists,TUR,2023-2024,datafc_sofascore,2026-08-09T01:36:50.770462
52,53190,Taha Şahin,1394729,Çaykur Rizespor,3064,0,4,6.87,0.65,2.84,8,0,27,29,58,5,0,2854,34,assists,TUR,2023-2024,datafc_sofascore,2026-08-09T01:36:50.770462
52,53190,Cenk Tosun,72127,Beşiktaş JK,3050,6,4,6.86,8.64,1.15,55,14,21,9,14,2,0,1962,34,assists,TUR,2023-2024,datafc_sofascore,2026-08-09T01:36:50.770462
52,53190,Moryke Fofana,269199,Samsunspor,3053,0,4,6.82,1.3,3.6,16,5,27,46,15,4,0,1060,27,assists,TUR,2023-2024,datafc_sofascore,2026-08-09T01:36:50.770462
52,53190,Yusuf Özdemir,1084884,Alanyaspor,6362,2,4,6.78,3.51,2.15,25,10,22,8,51,7,0,2481,34,assists,TUR,2023-2024,datafc_sofascore,2026-08-09T01:36:50.770462
52,53190,Jackson,911351,İstanbulspor,3066,1,4,6.77,4.47,3.63,48,19,31,45,38,2,0,2201,35,assists,TUR,2023-2024,datafc_sofascore,2026-08-09T01:36:50.770462
52,53190,Iron Gomis,979593,Kasımpaşa,6063,1,4,6.76,1.41,1.53,10,4,14,8,22,4,0,1112,21,assists,TUR,2023-2024,datafc_sofascore,2026-08-09T01:36:50.770462
52,53190,Valon Ethemi,904945,Konyaspor,3085,2,4,6.75,3.04,3.08,37,10,31,27,18,4,0,1919,30,assists,TUR,2023-2024,datafc_sofascore,2026-08-09T01:36:50.770462
52,53190,Max Gradel,16590,Gaziantep FK,5138,1,4,6.73,2.55,3.11,28,11,28,20,41,5,0,1712,29,assists,TUR,2023-2024,datafc_sofascore,2026-08-09T01:36:50.770462
52,53190,Edin Džeko,14990,Fenerbahçe,3052,21,3,7.39,21.64,5.15,147,64,37,22,19,3,0,2741,36,assists,TUR,2023-2024,datafc_sofascore,2026-08-09T01:36:50.770462
52,53190,Rey Manaj,587882,Sivasspor,3076,18,3,7.31,14.34,1.48,104,40,17,20,13,10,0,2423,32,assists,TUR,2023-2024,datafc_sofascore,2026-08-09T01:36:50.770462
52,53190,Hakim Ziyech,249437,Galatasaray,3061,6,3,7.26,2.01,4.28,43,14,35,15,18,4,0,1077,18,assists,TUR,2023-2024,datafc_sofascore,2026-08-09T01:36:50.770462
52,53190,Samu Sáiz,99527,Sivasspor,3076,4,3,7.25,2.05,2.29,29,15,33,26,8,3,0,1357,17,assists,TUR,2023-2024,datafc_sofascore,2026-08-09T01:36:50.770462
52,53190,Kerem Demirbay,142619,Galatasaray,3061,6,3,7.2,3.03,3.76,52,17,42,19,66,2,0,2227,34,assists,TUR,2023-2024,datafc_sofascore,2026-08-09T01:36:50.770462
52,53190,Gedson Fernandes,862055,Beşiktaş JK,3050,3,3,7.19,2.94,1.74,36,9,29,46,99,8,0,2457,29,assists,TUR,2023-2024,datafc_sofascore,2026-08-09T01:36:50.770462
52,53190,Wilfried Zaha,111850,Galatasaray,3061,9,3,7.18,4.15,2.63,48,19,23,43,29,2,0,1433,30,assists,TUR,2023-2024,datafc_sofascore,2026-08-09T01:36:50.770462
52,53190,Tolga Ciğerci,120298,MKE Ankaragücü,3103,5,3,7.15,3.47,1.48,38,11,22,13,45,4,0,2050,27,assists,TUR,2023-2024,datafc_sofascore,2026-08-09T01:36:50.770462
52,53190,Salih Uçan,135695,Beşiktaş JK,3050,1,3,7.11,1.52,4.11,20,4,20,22,41,6,0,1579,23,assists,TUR,2023-2024,datafc_sofascore,2026-08-09T01:36:50.770462
52,53190,Jonas Svensson,98199,Beşiktaş JK,3050,0,3,7.1,0.13,2.29,4,0,23,10,50,4,0,2065,24,assists,TUR,2023-2024,datafc_sofascore,2026-08-09T01:36:50.770462
52,53190,Efecan Karaca,60510,Alanyaspor,6362,2,3,7.02,3.18,4.83,21,9,50,31,57,5,0,2753,37,assists,TUR,2023-2024,datafc_sofascore,2026-08-09T01:36:50.770462
52,53190,Fisayo Dele-Bashiru,910121,Hatayspor,3091,8,3,7.01,5.58,2.31,45,18,40,71,33,6,0,3039,36,assists,TUR,2023-2024,datafc_sofascore,2026-08-09T01:36:50.770462
52,53190,Bünyamin Balcı,967214,Antalyaspor,3056,1,3,7.0,0.58,2.6,6,2,23,14,48,3,0,1865,23,assists,TUR,2023-2024,datafc_sofascore,2026-08-09T01:36:50.770462
52,53190,Halil Akbunar,217782,Pendikspor,7032,5,3,6.98,4.09,5.67,54,20,37,57,63,3,1,2808,37,assists,TUR,2023-2024,datafc_sofascore,2026-08-09T01:36:50.770462
52,53190,Olivier Kemen,280447,Başakşehir FK,3086,3,3,6.94,2.83,2.42,23,9,28,22,21,3,0,1751,27,assists,TUR,2023-2024,datafc_sofascore,2026-08-09T01:36:50.770462
52,53190,Mustafa Eskihellaç,899069,Gaziantep FK,5138,2,3,6.93,1.29,2.92,25,5,29,41,66,5,0,3067,35,assists,TUR,2023-2024,datafc_sofascore,2026-08-09T01:36:50.770462
52,53190,Arnaud Lusamba,361342,Pendikspor,7032,0,3,6.93,0.31,1.96,9,4,24,32,48,5,1,2024,27,assists,TUR,2023-2024,datafc_sofascore,2026-08-09T01:36:50.770462
52,53190,Florent Hadergjonaj,354860,Alanyaspor,6362,2,3,6.93,1.15,2.69,17,4,23,11,43,3,0,2318,31,assists,TUR,2023-2024,datafc_sofascore,2026-08-09T01:36:50.770462
52,53190,Rachid Ghezzal,123228,Beşiktaş JK,3050,1,3,6.92,3.28,3.99,32,10,37,18,21,6,0,1173,27,assists,TUR,2023-2024,datafc_sofascore,2026-08-09T01:36:50.770462
52,53190,Carlo Holse,837012,Samsunspor,3053,5,3,6.9,5.31,2.53,59,24,43,14,68,4,0,2787,33,assists,TUR,2023-2024,datafc_sofascore,2026-08-09T01:36:50.770462
52,53190,Gökcan Kaya,342437,Pendikspor,7032,2,3,6.9,1.71,2.11,32,8,24,18,42,3,0,2116,34,assists,TUR,2023-2024,datafc_sofascore,2026-08-09T01:36:50.770462
52,53190,Emrah Başsan,174141,Sivasspor,3076,0,3,6.9,1.86,2.09,29,11,25,25,18,2,0,1445,24,assists,TUR,2023-2024,datafc_sofascore,2026-08-09T01:36:50.770462
52,53190,Olimpiu Moruțan,833613,MKE Ankaragücü,3103,2,3,6.9,2.86,3.43,47,13,34,46,40,3,0,2128,30,assists,TUR,2023-2024,datafc_sofascore,2026-08-09T01:36:50.770462
52,53190,Güray Vural,43559,Antalyaspor,3056,1,3,6.9,1.13,2.92,25,4,26,8,54,7,0,2568,30,assists,TUR,2023-2024,datafc_sofascore,2026-08-09T01:36:50.770462
52,53190,Erdem Özgenç,60332,Pendikspor,7032,1,3,6.9,1.22,2.29,12,3,21,9,29,3,0,1508,22,assists,TUR,2023-2024,datafc_sofascore,2026-08-09T01:36:50.770462
52,53190,Erdoğan Yeşilyurt,142541,Antalyaspor,3056,3,3,6.89,1.78,2.25,31,7,31,26,41,8,1,2485,34,assists,TUR,2023-2024,datafc_sofascore,2026-08-09T01:36:50.770462
52,53190,Nuno Sequeira,170117,Pendikspor,7032,1,3,6.89,0.98,3.7,15,4,40,20,85,10,0,3066,35,assists,TUR,2023-2024,datafc_sofascore,2026-08-09T01:36:50.770462
52,53190,Benhur Keser,899402,Çaykur Rizespor,3064,4,3,6.87,2.21,1.77,20,6,22,16,22,2,0,1496,24,assists,TUR,2023-2024,datafc_sofascore,2026-08-09T01:36:50.770462
52,53190,Ali Sowe,238394,MKE Ankaragücü,3103,6,3,6.84,5.43,1.21,48,21,17,20,10,3,1,2136,27,assists,TUR,2023-2024,datafc_sofascore,2026-08-09T01:36:50.770462
52,53190,Can Keleş,918408,Fatih Karagümrük,4954,5,3,6.82,4.65,3.61,56,24,27,28,18,3,0,2272,35,assists,TUR,2023-2024,datafc_sofascore,2026-08-09T01:36:50.770462
52,53190,Rui Pedro,862672,Hatayspor,3091,0,3,6.82,0.5,0.69,5,2,15,10,0,4,0,486,11,assists,TUR,2023-2024,datafc_sofascore,2026-08-09T01:36:50.770462
52,53190,Tetê,980327,Galatasaray,3061,0,3,6.8,3.8,2.97,37,14,27,22,10,1,0,1136,33,assists,TUR,2023-2024,datafc_sofascore,2026-08-09T01:36:50.770462
52,53190,David Akintola,798676,Çaykur Rizespor,3064,3,3,6.77,6.51,1.75,39,10,24,43,26,4,0,1942,25,assists,TUR,2023-2024,datafc_sofascore,2026-08-09T01:36:50.770462
52,53190,Furkan Soyalp,226992,Gaziantep FK,5138,1,3,6.77,1.91,1.09,18,9,17,12,49,6,1,1615,30,assists,TUR,2023-2024,datafc_sofascore,2026-08-09T01:36:50.770462
52,53190,Ante Rebić,152769,Beşiktaş JK,3050,0,3,6.77,0.27,2.0,7,2,20,6,4,6,0,394,15,assists,TUR,2023-2024,datafc_sofascore,2026-08-09T01:36:50.770462
52,53190,Onur Bulut,142494,Beşiktaş JK,3050,0,3,6.76,0.36,2.58,6,2,20,10,27,2,0,2039,28,assists,TUR,2023-2024,datafc_sofascore,2026-08-09T01:36:50.770462
52,53190,Joelson Fernandes,1032547,Hatayspor,3091,0,3,6.75,1.63,1.77,33,9,27,17,16,4,1,1423,31,assists,TUR,2023-2024,datafc_sofascore,2026-08-09T01:36:50.770462
52,53190,David Sambissa,280459,İstanbulspor,3066,1,3,6.72,0.72,3.04,17,10,17,33,26,1,0,1564,25,assists,TUR,2023-2024,datafc_sofascore,2026-08-09T01:36:50.770462
52,53190,Mendy Mamadou,929718,İstanbulspor,3066,2,3,6.69,4.22,1.07,31,10,15,15,32,0,1,1762,32,assists,TUR,2023-2024,datafc_sofascore,2026-08-09T01:36:50.770462
52,53190,Tasos Bakasetas,114076,Trabzonspor,3051,4,2,7.26,2.71,1.72,41,12,25,8,27,3,0,1321,17,assists,TUR,2023-2024,datafc_sofascore,2026-08-09T01:36:50.770462
52,53190,Edin Džeko,14990,Fenerbahçe,3052,21,3,7.39,21.64,5.15,147,64,37,22,19,3,0,2741,36,expectedGoals,TUR,2023-2024,datafc_sofascore,2026-08-09T01:36:50.770462
52,53190,Mauro Icardi,233114,Galatasaray,3061,25,8,7.51,21.23,3.77,111,49,49,7,6,2,0,2856,34,expectedGoals,TUR,2023-2024,datafc_sofascore,2026-08-09T01:36:50.770462
52,53190,Dušan Tadić,38560,Fenerbahçe,3052,10,14,7.42,14.9,14.16,53,28,88,32,33,3,0,3157,38,expectedGoals,TUR,2023-2024,datafc_sofascore,2026-08-09T01:36:50.770462
52,53190,Krzysztof Piątek,558738,Başakşehir FK,3086,17,1,7.2,14.78,1.82,101,44,18,17,14,4,0,2703,34,expectedGoals,TUR,2023-2024,datafc_sofascore,2026-08-09T01:36:50.770462
52,53190,Rey Manaj,587882,Sivasspor,3076,18,3,7.31,14.34,1.48,104,40,17,20,13,10,0,2423,32,expectedGoals,TUR,2023-2024,datafc_sofascore,2026-08-09T01:36:50.770462
52,53190,Denis Drăguş,841199,Gaziantep FK,5138,14,1,7.22,13.78,2.44,106,40,38,85,54,8,0,2751,32,expectedGoals,TUR,2023-2024,datafc_sofascore,2026-08-09T01:36:50.770462
52,53190,Mame Thiam,180981,Pendikspor,7032,18,7,7.26,13.28,3.36,85,36,34,18,47,4,0,3161,36,expectedGoals,TUR,2023-2024,datafc_sofascore,2026-08-09T01:36:50.770462
52,53190,Kerem Aktürkoğlu,903324,Galatasaray,3061,12,6,7.33,12.89,8.17,79,29,73,32,28,3,1,2479,37,expectedGoals,TUR,2023-2024,datafc_sofascore,2026-08-09T01:36:50.770462
52,53190,Adam Buksa,1138856,Antalyaspor,3056,16,2,7.19,12.27,0.84,93,39,21,27,17,8,0,2925,33,expectedGoals,TUR,2023-2024,datafc_sofascore,2026-08-09T01:36:50.770462
52,53190,Michy Batshuayi,147745,Fenerbahçe,3052,12,1,6.88,11.23,1.31,49,27,10,6,6,4,0,813,27,expectedGoals,TUR,2023-2024,datafc_sofascore,2026-08-09T01:36:50.770462
52,53190,Sokol Cikalleshi,81138,Konyaspor,3085,12,5,6.94,10.96,1.11,64,21,27,27,23,3,0,2364,33,expectedGoals,TUR,2023-2024,datafc_sofascore,2026-08-09T01:36:50.770462
52,53190,Nuno Da Costa,209374,Kasımpaşa,6063,14,4,7.28,10.67,2.41,67,24,26,49,23,1,0,2339,29,expectedGoals,TUR,2023-2024,datafc_sofascore,2026-08-09T01:36:50.770462
52,53190,Marius Mouandilmadji,943593,Samsunspor,3053,9,1,6.88,10.59,0.73,70,27,10,14,6,5,1,2080,30,expectedGoals,TUR,2023-2024,datafc_sofascore,2026-08-09T01:36:50.770462
52,53190,Aylton Boa Morte,883918,Kayserispor,3072,8,2,6.8,9.83,2.51,70,29,29,70,39,7,0,2628,32,expectedGoals,TUR,2023-2024,datafc_sofascore,2026-08-09T01:36:50.770462
52,53190,Carlos Strandberg,333423,Hatayspor,3091,8,2,6.79,9.64,2.5,64,21,20,14,16,2,0,2274,36,expectedGoals,TUR,2023-2024,datafc_sofascore,2026-08-09T01:36:50.770462
52,53190,Oğuz Aydın,999396,Alanyaspor,6362,13,8,7.28,9.34,8.32,58,25,64,54,25,3,1,2587,35,expectedGoals,TUR,2023-2024,datafc_sofascore,2026-08-09T01:36:50.770462
52,53190,Sebastian Szymański,847983,Fenerbahçe,3052,10,11,7.55,9.31,9.69,87,31,77,10,85,4,0,2916,37,expectedGoals,TUR,2023-2024,datafc_sofascore,2026-08-09T01:36:50.770462
52,53190,Aytaç Kara,128196,Kasımpaşa,6063,13,5,7.41,9.16,3.01,101,36,40,19,73,4,0,3248,37,expectedGoals,TUR,2023-2024,datafc_sofascore,2026-08-09T01:36:50.770462
52,53190,Cenk Tosun,72127,Beşiktaş JK,3050,6,4,6.86,8.64,1.15,55,14,21,9,14,2,0,1962,34,expectedGoals,TUR,2023-2024,datafc_sofascore,2026-08-09T01:36:50.770462
52,53190,Dries Mertens,32493,Galatasaray,3061,9,16,7.61,8.12,10.57,88,35,93,15,43,3,0,2487,36,expectedGoals,TUR,2023-2024,datafc_sofascore,2026-08-09T01:36:50.770462
52,53190,Paul Onuachu,295123,Trabzonspor,3051,14,4,7.52,8.11,0.47,57,23,13,11,6,3,0,1438,20,expectedGoals,TUR,2023-2024,datafc_sofascore,2026-08-09T01:36:50.770462
52,53190,Erencan Yardımcı,989168,Pendikspor,7032,6,2,6.7,8.09,0.94,36,17,8,16,11,0,0,1409,28,expectedGoals,TUR,2023-2024,datafc_sofascore,2026-08-09T01:36:50.770462
52,53190,Emir Kaan Gültekin,903714,İstanbulspor,3066,4,1,6.73,7.43,1.46,35,21,19,21,19,4,0,1716,30,expectedGoals,TUR,2023-2024,datafc_sofascore,2026-08-09T01:36:50.770462
52,53190,Emre Akbaba,343527,Adana Demirspor,3101,7,2,7.19,7.41,3.26,64,20,43,32,65,5,0,2682,32,expectedGoals,TUR,2023-2024,datafc_sofascore,2026-08-09T01:36:50.770462
52,53190,Serdar Dursun,123917,Fenerbahçe,3052,6,2,6.87,7.17,0.82,39,17,12,3,4,0,0,1052,31,expectedGoals,TUR,2023-2024,datafc_sofascore,2026-08-09T01:36:50.770462
52,53190,Dal Varešanović,979109,Çaykur Rizespor,3064,8,2,6.76,7.09,2.96,51,16,20,31,13,5,0,2017,32,expectedGoals,TUR,2023-2024,datafc_sofascore,2026-08-09T01:36:50.770462
52,53190,Altin Zeqiri,991742,Çaykur Rizespor,3064,5,5,6.88,6.68,3.34,47,20,36,47,23,4,0,2241,34,expectedGoals,TUR,2023-2024,datafc_sofascore,2026-08-09T01:36:50.770462
52,53190,Ahmed Hassan,1143587,Alanyaspor,6362,6,2,6.93,6.56,0.17,30,10,6,3,7,1,0,993,16,expectedGoals,TUR,2023-2024,datafc_sofascore,2026-08-09T01:36:50.770462
52,53190,David Akintola,798676,Çaykur Rizespor,3064,3,3,6.77,6.51,1.75,39,10,24,43,26,4,0,1942,25,expectedGoals,TUR,2023-2024,datafc_sofascore,2026-08-09T01:36:50.770462
52,53190,Mahmoud Trézéguet,295361,Trabzonspor,3051,9,5,7.17,6.45,3.71,57,20,29,23,17,2,0,1529,24,expectedGoals,TUR,2023-2024,datafc_sofascore,2026-08-09T01:36:50.770462
52,53190,Enis Destan,1012480,Trabzonspor,3051,9,4,6.97,6.44,0.85,42,23,16,8,20,4,0,1379,33,expectedGoals,TUR,2023-2024,datafc_sofascore,2026-08-09T01:36:50.770462
52,53190,Olivier Ntcham,352676,Samsunspor,3053,6,0,6.75,6.23,1.94,50,15,14,23,14,5,0,1872,27,expectedGoals,TUR,2023-2024,datafc_sofascore,2026-08-09T01:36:50.770462
52,53190,Mamadou Fall,822228,Kasımpaşa,6063,8,2,6.94,6.19,3.57,49,17,54,28,22,4,0,2854,34,expectedGoals,TUR,2023-2024,datafc_sofascore,2026-08-09T01:36:50.770462
52,53190,Haris Hajradinović,254979,Kasımpaşa,6063,5,14,7.39,6.16,9.69,69,21,104,26,63,3,0,3307,38,expectedGoals,TUR,2023-2024,datafc_sofascore,2026-08-09T01:36:50.770462
52,53190,Adolfo Gaich,940692,Çaykur Rizespor,3064,8,1,6.86,6.09,0.36,44,22,11,19,10,2,0,1624,32,expectedGoals,TUR,2023-2024,datafc_sofascore,2026-08-09T01:36:50.770462
52,53190,Renat Dadaşov,836941,Hatayspor,3091,6,0,6.79,5.98,0.76,27,15,14,14,8,7,0,1411,31,expectedGoals,TUR,2023-2024,datafc_sofascore,2026-08-09T01:36:50.770462
52,53190,João Figueiredo,841012,Başakşehir FK,3086,8,2,6.88,5.93,3.46,47,20,32,19,24,4,2,2036,34,expectedGoals,TUR,2023-2024,datafc_sofascore,2026-08-09T01:36:50.770462
52,53190,M'Baye Niang,139228,Adana Demirspor,3101,8,1,7.08,5.93,0.47,30,15,9,6,3,2,0,993,16,expectedGoals,TUR,2023-2024,datafc_sofascore,2026-08-09T01:36:50.770462
52,53190,Alexandru Maxim,180511,Gaziantep FK,5138,3,8,7.16,5.85,7.47,43,16,80,36,38,4,2,2674,34,expectedGoals,TUR,2023-2024,datafc_sofascore,2026-08-09T01:36:50.770462
52,53190,Ibrahim Olawoyin,1008173,Çaykur Rizespor,3064,8,2,7.12,5.84,2.99,64,25,39,65,63,6,0,2970,35,expectedGoals,TUR,2023-2024,datafc_sofascore,2026-08-09T01:36:50.770462
52,53190,Güven Yalçın,826162,Fatih Karagümrük,4954,9,4,6.91,5.75,1.33,58,21,28,39,15,5,0,2136,32,expectedGoals,TUR,2023-2024,datafc_sofascore,2026-08-09T01:36:50.770462
52,53190,Bengali-Fodé Koita,51407,Sivasspor,3076,8,0,6.96,5.64,1.35,40,25,20,18,12,5,1,1307,24,expectedGoals,TUR,2023-2024,datafc_sofascore,2026-08-09T01:36:50.770462
52,53190,Semih Kılıçsoy,1142606,Beşiktaş JK,3050,11,4,7.13,5.59,1.48,57,24,16,40,16,5,0,1695,23,expectedGoals,TUR,2023-2024,datafc_sofascore,2026-08-09T01:36:50.770462
52,53190,Fisayo Dele-Bashiru,910121,Hatayspor,3091,8,3,7.01,5.58,2.31,45,18,40,71,33,6,0,3039,36,expectedGoals,TUR,2023-2024,datafc_sofascore,2026-08-09T01:36:50.770462
52,53190,Mario Balotelli,25530,Adana Demirspor,3101,7,1,7.09,5.46,0.98,51,17,16,8,4,7,1,938,16,expectedGoals,TUR,2023-2024,datafc_sofascore,2026-08-09T01:36:50.770462
52,53190,Ali Sowe,238394,MKE Ankaragücü,3103,6,3,6.84,5.43,1.21,48,21,17,20,10,3,1,2136,27,expectedGoals,TUR,2023-2024,datafc_sofascore,2026-08-09T01:36:50.770462
52,53190,Miguel Cardoso,344009,Kayserispor,3072,1,7,7.08,5.41,7.21,65,18,66,31,39,4,0,2524,30,expectedGoals,TUR,2023-2024,datafc_sofascore,2026-08-09T01:36:50.770462
52,53190,Carlo Holse,837012,Samsunspor,3053,5,3,6.9,5.31,2.53,59,24,43,14,68,4,0,2787,33,expectedGoals,TUR,2023-2024,datafc_sofascore,2026-08-09T01:36:50.770462
52,53190,João Novais,233370,Alanyaspor,6362,5,2,6.9,5.14,4.58,46,17,33,25,22,7,0,2075,32,expectedGoals,TUR,2023-2024,datafc_sofascore,2026-08-09T01:36:50.770462
52,53190,Sander van de Streek,220155,Antalyaspor,3056,2,2,6.68,5.01,1.02,49,19,17,18,36,3,1,1882,32,expectedGoals,TUR,2023-2024,datafc_sofascore,2026-08-09T01:36:50.770462
52,53190,Florian Loshaj,831407,İstanbulspor,3066,5,0,6.98,4.81,2.98,56,18,34,35,66,8,1,2705,32,expectedGoals,TUR,2023-2024,datafc_sofascore,2026-08-09T01:36:50.770462
52,53190,Renaldo Cephas,1384968,MKE Ankaragücü,3103,3,1,6.83,4.71,1.91,43,19,15,41,28,5,0,1626,31,expectedGoals,TUR,2023-2024,datafc_sofascore,2026-08-09T01:36:50.770462
52,53190,Marcão,870717,Fatih Karagümrük,4954,6,1,7.14,4.7,0.41,35,14,6,8,4,1,0,680,11,expectedGoals,TUR,2023-2024,datafc_sofascore,2026-08-09T01:36:50.770462
52,53190,Dimitrios Pelkas,139304,Başakşehir FK,3086,6,5,7.04,4.7,2.2,30,17,24,18,20,6,0,1245,23,expectedGoals,TUR,2023-2024,datafc_sofascore,2026-08-09T01:36:50.770462
52,53190,Carlos Eduardo,795295,Alanyaspor,6362,4,1,6.8,4.66,1.91,34,12,16,24,33,3,0,1532,29,expectedGoals,TUR,2023-2024,datafc_sofascore,2026-08-09T01:36:50.770462
52,53190,Can Keleş,918408,Fatih Karagümrük,4954,5,3,6.82,4.65,3.61,56,24,27,28,18,3,0,2272,35,expectedGoals,TUR,2023-2024,datafc_sofascore,2026-08-09T01:36:50.770462
52,53190,Efkan Bekiroğlu,800458,MKE Ankaragücü,3103,9,4,7.04,4.65,3.74,52,16,39,31,20,2,1,2139,30,expectedGoals,TUR,2023-2024,datafc_sofascore,2026-08-09T01:36:50.770462
52,53190,Jackson Muleka,927649,Beşiktaş JK,3050,4,1,6.9,4.52,1.43,53,18,19,35,33,1,0,1640,30,expectedGoals,TUR,2023-2024,datafc_sofascore,2026-08-09T01:36:50.770462
52,53190,Valentin Eysseric,139798,Fatih Karagümrük,4954,5,7,7.46,4.48,7.64,54,18,74,27,42,7,1,2420,31,expectedGoals,TUR,2023-2024,datafc_sofascore,2026-08-09T01:36:50.770462
52,53190,Jackson,911351,İstanbulspor,3066,1,4,6.77,4.47,3.63,48,19,31,45,38,2,0,2201,35,expectedGoals,TUR,2023-2024,datafc_sofascore,2026-08-09T01:36:50.770462
52,53190,Milot Rashica,800411,Beşiktaş JK,3050,5,4,7.03,4.39,4.64,56,20,43,21,25,2,0,2037,29,expectedGoals,TUR,2023-2024,datafc_sofascore,2026-08-09T01:36:50.770462
52,53190,Kevin Lasagna,587962,Fatih Karagümrük,4954,2,2,6.71,4.37,0.66,35,11,9,10,7,3,0,1199,28,expectedGoals,TUR,2023-2024,datafc_sofascore,2026-08-09T01:36:50.770462
52,53190,Edin Višća,109779,Trabzonspor,3051,5,9,7.28,4.34,8.93,63,16,91,28,34,1,0,2762,36,expectedGoals,TUR,2023-2024,datafc_sofascore,2026-08-09T01:36:50.770462
52,53190,Mendy Mamadou,929718,İstanbulspor,3066,2,3,6.69,4.22,1.07,31,10,15,15,32,0,1,1762,32,expectedGoals,TUR,2023-2024,datafc_sofascore,2026-08-09T01:36:50.770462
52,53190,Wilfried Zaha,111850,Galatasaray,3061,9,3,7.18,4.15,2.63,48,19,23,43,29,2,0,1433,30,expectedGoals,TUR,2023-2024,datafc_sofascore,2026-08-09T01:36:50.770462
52,53190,Umut Nayir,284767,Pendikspor,7032,4,1,6.77,4.11,1.15,28,10,8,8,6,3,0,1340,23,expectedGoals,TUR,2023-2024,datafc_sofascore,2026-08-09T01:36:50.770462
52,53190,Davidson,814334,Başakşehir FK,3086,4,0,7.11,4.1,1.3,22,7,12,24,19,2,0,980,14,expectedGoals,TUR,2023-2024,datafc_sofascore,2026-08-09T01:36:50.770462
52,53190,Halil Akbunar,217782,Pendikspor,7032,5,3,6.98,4.09,5.67,54,20,37,57,63,3,1,2808,37,expectedGoals,TUR,2023-2024,datafc_sofascore,2026-08-09T01:36:50.770462
52,53190,Barış Alper Yılmaz,904096,Galatasaray,3061,6,6,7.15,4.08,5.51,61,18,43,67,60,8,0,2550,37,expectedGoals,TUR,2023-2024,datafc_sofascore,2026-08-09T01:36:50.770462
52,53190,Yusuf Erdoğan,256663,Adana Demirspor,3101,5,2,6.8,4.08,2.0,43,15,23,26,32,4,0,2594,35,expectedGoals,TUR,2023-2024,datafc_sofascore,2026-08-09T01:36:50.770462
52,53190,Riad Bajić,331751,MKE Ankaragücü,3103,4,0,6.66,4.06,0.64,17,8,9,7,1,0,0,849,24,expectedGoals,TUR,2023-2024,datafc_sofascore,2026-08-09T01:36:50.770462
52,53190,Ercan Kara,843039,Samsunspor,3053,3,0,6.75,4.02,0.53,32,11,7,8,12,0,0,968,23,expectedGoals,TUR,2023-2024,datafc_sofascore,2026-08-09T01:36:50.770462
52,53190,Fred,243623,Fenerbahçe,3052,3,4,7.34,3.99,4.93,50,15,31,25,51,5,1,2051,25,expectedGoals,TUR,2023-2024,datafc_sofascore,2026-08-09T01:36:50.770462
52,53190,İrfan Can Kahveci,226986,Fenerbahçe,3052,12,7,7.39,3.98,7.71,40,21,52,36,33,5,0,2027,31,expectedGoals,TUR,2023-2024,datafc_sofascore,2026-08-09T01:36:50.770462
52,53190,Alexandru Cicâldău,827540,Konyaspor,3085,1,0,6.88,3.97,1.7,44,11,27,12,28,0,0,2032,31,expectedGoals,TUR,2023-2024,datafc_sofascore,2026-08-09T01:36:50.770462
52,53190,Óscar Romero,146416,Pendikspor,7032,3,0,6.93,3.88,1.12,19,9,14,11,6,1,0,685,12,expectedGoals,TUR,2023-2024,datafc_sofascore,2026-08-09T01:36:50.770462
52,53190,Muammer Sarıkaya,816571,Çaykur Rizespor,3064,1,1,6.81,3.87,2.27,37,8,18,16,76,9,0,2275,35,expectedGoals,TUR,2023-2024,datafc_sofascore,2026-08-09T01:36:50.770462
52,53190,Tetê,980327,Galatasaray,3061,0,3,6.8,3.8,2.97,37,14,27,22,10,1,0,1136,33,expectedGoals,TUR,2023-2024,datafc_sofascore,2026-08-09T01:36:50.770462
52,53190,Martin Minchev,878699,Çaykur Rizespor,3064,3,0,6.72,3.79,1.47,33,9,14,15,24,4,0,1732,32,expectedGoals,TUR,2023-2024,datafc_sofascore,2026-08-09T01:36:50.770462
52,53190,Vincent Aboubakar,116869,Beşiktaş JK,3050,5,1,6.78,3.75,1.11,27,11,7,11,1,2,0,1081,22,expectedGoals,TUR,2023-2024,datafc_sofascore,2026-08-09T01:36:50.770462
52,53190,Alassane Ndao,1016033,Konyaspor,3085,3,2,6.88,3.74,4.83,40,9,41,38,35,3,0,2771,36,expectedGoals,TUR,2023-2024,datafc_sofascore,2026-08-09T01:36:50.770462
52,53190,Davinson Sánchez,566102,Galatasaray,3061,2,0,7.05,3.71,0.58,17,4,4,7,39,4,0,1602,23,expectedGoals,TUR,2023-2024,datafc_sofascore,2026-08-09T01:36:50.770462
52,53190,Cengiz Ünder,758876,Fenerbahçe,3052,9,2,7.05,3.62,1.88,43,19,21,9,11,3,0,1046,24,expectedGoals,TUR,2023-2024,datafc_sofascore,2026-08-09T01:36:50.770462
52,53190,Stéphane Bahoken,153220,Kayserispor,3072,3,0,6.74,3.54,0.21,34,12,5,8,4,1,0,785,23,expectedGoals,TUR,2023-2024,datafc_sofascore,2026-08-09T01:36:50.770462
52,53190,Yusuf Özdemir,1084884,Alanyaspor,6362,2,4,6.78,3.51,2.15,25,10,22,8,51,7,0,2481,34,expectedGoals,TUR,2023-2024,datafc_sofascore,2026-08-09T01:36:50.770462
52,53190,Tolga Ciğerci,120298,MKE Ankaragücü,3103,5,3,7.15,3.47,1.48,38,11,22,13,45,4,0,2050,27,expectedGoals,TUR,2023-2024,datafc_sofascore,2026-08-09T01:36:50.770462
52,53190,Rigoberto Rivas,837742,Hatayspor,3091,5,4,6.92,3.4,3.2,31,12,29,25,47,6,0,2431,29,expectedGoals,TUR,2023-2024,datafc_sofascore,2026-08-09T01:36:50.770462
52,53190,Cláudio Winck,155998,Kasımpaşa,6063,3,1,6.82,3.38,2.58,31,8,22,37,72,7,1,2862,32,expectedGoals,TUR,2023-2024,datafc_sofascore,2026-08-09T01:36:50.770462
52,53190,Rachid Ghezzal,123228,Beşiktaş JK,3050,1,3,6.92,3.28,3.99,32,10,37,18,21,6,0,1173,27,expectedGoals,TUR,2023-2024,datafc_sofascore,2026-08-09T01:36:50.770462
52,53190,Sagiv Jehezkel,1513792,Antalyaspor,3056,6,2,7.09,3.27,1.33,22,11,14,27,17,4,0,918,13,expectedGoals,TUR,2023-2024,datafc_sofascore,2026-08-09T01:36:50.770462
52,53190,Mortadha Ben Ouanes,919225,Kasımpaşa,6063,7,5,7.01,3.26,4.88,36,15,45,31,41,8,0,2999,36,expectedGoals,TUR,2023-2024,datafc_sofascore,2026-08-09T01:36:50.770462
52,53190,Omar Colley,238408,Beşiktaş JK,3050,7,0,7.14,3.23,0.36,13,9,6,2,27,4,1,1935,22,expectedGoals,TUR,2023-2024,datafc_sofascore,2026-08-09T01:36:50.770462
52,53190,Yusuf Barası,1000187,Adana Demirspor,3101,4,2,6.72,3.23,0.83,19,11,12,12,13,0,1,894,28,expectedGoals,TUR,2023-2024,datafc_sofascore,2026-08-09T01:36:50.770462
52,53190,Ali Karimi,803869,Kayserispor,3072,3,0,6.98,3.23,3.2,32,7,31,18,48,4,0,2040,27,expectedGoals,TUR,2023-2024,datafc_sofascore,2026-08-09T01:36:50.770462
52,53190,Rogerio Thuram,329255,Pendikspor,7032,3,0,7.02,3.22,1.1,25,9,12,19,20,1,0,869,18,expectedGoals,TUR,2023-2024,datafc_sofascore,2026-08-09T01:36:50.770462
52,53190,Alex Oxlade-Chamberlain,10577,Beşiktaş JK,3050,4,1,6.97,3.21,1.02,26,11,17,24,9,0,0,994,20,expectedGoals,TUR,2023-2024,datafc_sofascore,2026-08-09T01:36:50.770462
52,53190,Abdülkerim Bardakcı,178963,Galatasaray,3061,4,0,7.23,3.21,1.03,33,8,10,11,25,4,0,2218,27,expectedGoals,TUR,2023-2024,datafc_sofascore,2026-08-09T01:36:50.770462
52,53190,Abdoulay Diaby,115718,Pendikspor,7032,2,0,6.63,3.2,0.82,21,7,9,14,11,3,0,1095,27,expectedGoals,TUR,2023-2024,datafc_sofascore,2026-08-09T01:36:50.770462
52,53190,Enis Bardhi,355024,Trabzonspor,3051,6,4,7.06,3.19,3.28,56,20,37,31,34,3,0,2342,34,expectedGoals,TUR,2023-2024,datafc_sofascore,2026-08-09T01:36:50.770462
52,53190,Efecan Karaca,60510,Alanyaspor,6362,2,3,7.02,3.18,4.83,21,9,50,31,57,5,0,2753,37,expectedGoals,TUR,2023-2024,datafc_sofascore,2026-08-09T01:36:50.770462
52,53190,Edin Džeko,14990,Fenerbahçe,3052,21,3,7.39,21.64,5.15,147,64,37,22,19,3,0,2741,36,expectedGoals,TUR,2023-2024,datafc_sofascore,2026-08-09T01:36:50.770462
52,53190,Mauro Icardi,233114,Galatasaray,3061,25,8,7.51,21.23,3.77,111,49,49,7,6,2,0,2856,34,expectedGoals,TUR,2023-2024,datafc_sofascore,2026-08-09T01:36:50.770462
52,53190,Dušan Tadić,38560,Fenerbahçe,3052,10,14,7.42,14.9,14.16,53,28,88,32,33,3,0,3157,38,expectedGoals,TUR,2023-2024,datafc_sofascore,2026-08-09T01:36:50.770462
52,53190,Krzysztof Piątek,558738,Başakşehir FK,3086,17,1,7.2,14.78,1.82,101,44,18,17,14,4,0,2703,34,expectedGoals,TUR,2023-2024,datafc_sofascore,2026-08-09T01:36:50.770462
52,53190,Rey Manaj,587882,Sivasspor,3076,18,3,7.31,14.34,1.48,104,40,17,20,13,10,0,2423,32,expectedGoals,TUR,2023-2024,datafc_sofascore,2026-08-09T01:36:50.770462
52,53190,Denis Drăguş,841199,Gaziantep FK,5138,14,1,7.22,13.78,2.44,106,40,38,85,54,8,0,2751,32,expectedGoals,TUR,2023-2024,datafc_sofascore,2026-08-09T01:36:50.770462
52,53190,Mame Thiam,180981,Pendikspor,7032,18,7,7.26,13.28,3.36,85,36,34,18,47,4,0,3161,36,expectedGoals,TUR,2023-2024,datafc_sofascore,2026-08-09T01:36:50.770462
52,53190,Kerem Aktürkoğlu,903324,Galatasaray,3061,12,6,7.33,12.89,8.17,79,29,73,32,28,3,1,2479,37,expectedGoals,TUR,2023-2024,datafc_sofascore,2026-08-09T01:36:50.770462
52,53190,Adam Buksa,1138856,Antalyaspor,3056,16,2,7.19,12.27,0.84,93,39,21,27,17,8,0,2925,33,expectedGoals,TUR,2023-2024,datafc_sofascore,2026-08-09T01:36:50.770462
52,53190,Michy Batshuayi,147745,Fenerbahçe,3052,12,1,6.88,11.23,1.31,49,27,10,6,6,4,0,813,27,expectedGoals,TUR,2023-2024,datafc_sofascore,2026-08-09T01:36:50.770462
52,53190,Sokol Cikalleshi,81138,Konyaspor,3085,12,5,6.94,10.96,1.11,64,21,27,27,23,3,0,2364,33,expectedGoals,TUR,2023-2024,datafc_sofascore,2026-08-09T01:36:50.770462
52,53190,Nuno Da Costa,209374,Kasımpaşa,6063,14,4,7.28,10.67,2.41,67,24,26,49,23,1,0,2339,29,expectedGoals,TUR,2023-2024,datafc_sofascore,2026-08-09T01:36:50.770462
52,53190,Marius Mouandilmadji,943593,Samsunspor,3053,9,1,6.88,10.59,0.73,70,27,10,14,6,5,1,2080,30,expectedGoals,TUR,2023-2024,datafc_sofascore,2026-08-09T01:36:50.770462
52,53190,Aylton Boa Morte,883918,Kayserispor,3072,8,2,6.8,9.83,2.51,70,29,29,70,39,7,0,2628,32,expectedGoals,TUR,2023-2024,datafc_sofascore,2026-08-09T01:36:50.770462
52,53190,Carlos Strandberg,333423,Hatayspor,3091,8,2,6.79,9.64,2.5,64,21,20,14,16,2,0,2274,36,expectedGoals,TUR,2023-2024,datafc_sofascore,2026-08-09T01:36:50.770462
52,53190,Oğuz Aydın,999396,Alanyaspor,6362,13,8,7.28,9.34,8.32,58,25,64,54,25,3,1,2587,35,expectedGoals,TUR,2023-2024,datafc_sofascore,2026-08-09T01:36:50.770462
52,53190,Sebastian Szymański,847983,Fenerbahçe,3052,10,11,7.55,9.31,9.69,87,31,77,10,85,4,0,2916,37,expectedGoals,TUR,2023-2024,datafc_sofascore,2026-08-09T01:36:50.770462
52,53190,Aytaç Kara,128196,Kasımpaşa,6063,13,5,7.41,9.16,3.01,101,36,40,19,73,4,0,3248,37,expectedGoals,TUR,2023-2024,datafc_sofascore,2026-08-09T01:36:50.770462
52,53190,Cenk Tosun,72127,Beşiktaş JK,3050,6,4,6.86,8.64,1.15,55,14,21,9,14,2,0,1962,34,expectedGoals,TUR,2023-2024,datafc_sofascore,2026-08-09T01:36:50.770462
52,53190,Dries Mertens,32493,Galatasaray,3061,9,16,7.61,8.12,10.57,88,35,93,15,43,3,0,2487,36,expectedGoals,TUR,2023-2024,datafc_sofascore,2026-08-09T01:36:50.770462
52,53190,Paul Onuachu,295123,Trabzonspor,3051,14,4,7.52,8.11,0.47,57,23,13,11,6,3,0,1438,20,expectedGoals,TUR,2023-2024,datafc_sofascore,2026-08-09T01:36:50.770462
52,53190,Erencan Yardımcı,989168,Pendikspor,7032,6,2,6.7,8.09,0.94,36,17,8,16,11,0,0,1409,28,expectedGoals,TUR,2023-2024,datafc_sofascore,2026-08-09T01:36:50.770462
52,53190,Emir Kaan Gültekin,903714,İstanbulspor,3066,4,1,6.73,7.43,1.46,35,21,19,21,19,4,0,1716,30,expectedGoals,TUR,2023-2024,datafc_sofascore,2026-08-09T01:36:50.770462
52,53190,Emre Akbaba,343527,Adana Demirspor,3101,7,2,7.19,7.41,3.26,64,20,43,32,65,5,0,2682,32,expectedGoals,TUR,2023-2024,datafc_sofascore,2026-08-09T01:36:50.770462
52,53190,Serdar Dursun,123917,Fenerbahçe,3052,6,2,6.87,7.17,0.82,39,17,12,3,4,0,0,1052,31,expectedGoals,TUR,2023-2024,datafc_sofascore,2026-08-09T01:36:50.770462
52,53190,Dal Varešanović,979109,Çaykur Rizespor,3064,8,2,6.76,7.09,2.96,51,16,20,31,13,5,0,2017,32,expectedGoals,TUR,2023-2024,datafc_sofascore,2026-08-09T01:36:50.770462
52,53190,Altin Zeqiri,991742,Çaykur Rizespor,3064,5,5,6.88,6.68,3.34,47,20,36,47,23,4,0,2241,34,expectedGoals,TUR,2023-2024,datafc_sofascore,2026-08-09T01:36:50.770462
52,53190,Ahmed Hassan,1143587,Alanyaspor,6362,6,2,6.93,6.56,0.17,30,10,6,3,7,1,0,993,16,expectedGoals,TUR,2023-2024,datafc_sofascore,2026-08-09T01:36:50.770462
52,53190,David Akintola,798676,Çaykur Rizespor,3064,3,3,6.77,6.51,1.75,39,10,24,43,26,4,0,1942,25,expectedGoals,TUR,2023-2024,datafc_sofascore,2026-08-09T01:36:50.770462
52,53190,Mahmoud Trézéguet,295361,Trabzonspor,3051,9,5,7.17,6.45,3.71,57,20,29,23,17,2,0,1529,24,expectedGoals,TUR,2023-2024,datafc_sofascore,2026-08-09T01:36:50.770462
52,53190,Enis Destan,1012480,Trabzonspor,3051,9,4,6.97,6.44,0.85,42,23,16,8,20,4,0,1379,33,expectedGoals,TUR,2023-2024,datafc_sofascore,2026-08-09T01:36:50.770462
52,53190,Olivier Ntcham,352676,Samsunspor,3053,6,0,6.75,6.23,1.94,50,15,14,23,14,5,0,1872,27,expectedGoals,TUR,2023-2024,datafc_sofascore,2026-08-09T01:36:50.770462
52,53190,Mamadou Fall,822228,Kasımpaşa,6063,8,2,6.94,6.19,3.57,49,17,54,28,22,4,0,2854,34,expectedGoals,TUR,2023-2024,datafc_sofascore,2026-08-09T01:36:50.770462
52,53190,Haris Hajradinović,254979,Kasımpaşa,6063,5,14,7.39,6.16,9.69,69,21,104,26,63,3,0,3307,38,expectedGoals,TUR,2023-2024,datafc_sofascore,2026-08-09T01:36:50.770462
52,53190,Adolfo Gaich,940692,Çaykur Rizespor,3064,8,1,6.86,6.09,0.36,44,22,11,19,10,2,0,1624,32,expectedGoals,TUR,2023-2024,datafc_sofascore,2026-08-09T01:36:50.770462
52,53190,Renat Dadaşov,836941,Hatayspor,3091,6,0,6.79,5.98,0.76,27,15,14,14,8,7,0,1411,31,expectedGoals,TUR,2023-2024,datafc_sofascore,2026-08-09T01:36:50.770462
52,53190,João Figueiredo,841012,Başakşehir FK,3086,8,2,6.88,5.93,3.46,47,20,32,19,24,4,2,2036,34,expectedGoals,TUR,2023-2024,datafc_sofascore,2026-08-09T01:36:50.770462
52,53190,M'Baye Niang,139228,Adana Demirspor,3101,8,1,7.08,5.93,0.47,30,15,9,6,3,2,0,993,16,expectedGoals,TUR,2023-2024,datafc_sofascore,2026-08-09T01:36:50.770462
52,53190,Alexandru Maxim,180511,Gaziantep FK,5138,3,8,7.16,5.85,7.47,43,16,80,36,38,4,2,2674,34,expectedGoals,TUR,2023-2024,datafc_sofascore,2026-08-09T01:36:50.770462
52,53190,Ibrahim Olawoyin,1008173,Çaykur Rizespor,3064,8,2,7.12,5.84,2.99,64,25,39,65,63,6,0,2970,35,expectedGoals,TUR,2023-2024,datafc_sofascore,2026-08-09T01:36:50.770462
52,53190,Güven Yalçın,826162,Fatih Karagümrük,4954,9,4,6.91,5.75,1.33,58,21,28,39,15,5,0,2136,32,expectedGoals,TUR,2023-2024,datafc_sofascore,2026-08-09T01:36:50.770462
52,53190,Bengali-Fodé Koita,51407,Sivasspor,3076,8,0,6.96,5.64,1.35,40,25,20,18,12,5,1,1307,24,expectedGoals,TUR,2023-2024,datafc_sofascore,2026-08-09T01:36:50.770462
52,53190,Semih Kılıçsoy,1142606,Beşiktaş JK,3050,11,4,7.13,5.59,1.48,57,24,16,40,16,5,0,1695,23,expectedGoals,TUR,2023-2024,datafc_sofascore,2026-08-09T01:36:50.770462
52,53190,Fisayo Dele-Bashiru,910121,Hatayspor,3091,8,3,7.01,5.58,2.31,45,18,40,71,33,6,0,3039,36,expectedGoals,TUR,2023-2024,datafc_sofascore,2026-08-09T01:36:50.770462
52,53190,Mario Balotelli,25530,Adana Demirspor,3101,7,1,7.09,5.46,0.98,51,17,16,8,4,7,1,938,16,expectedGoals,TUR,2023-2024,datafc_sofascore,2026-08-09T01:36:50.770462
52,53190,Ali Sowe,238394,MKE Ankaragücü,3103,6,3,6.84,5.43,1.21,48,21,17,20,10,3,1,2136,27,expectedGoals,TUR,2023-2024,datafc_sofascore,2026-08-09T01:36:50.770462
52,53190,Miguel Cardoso,344009,Kayserispor,3072,1,7,7.08,5.41,7.21,65,18,66,31,39,4,0,2524,30,expectedGoals,TUR,2023-2024,datafc_sofascore,2026-08-09T01:36:50.770462
52,53190,Carlo Holse,837012,Samsunspor,3053,5,3,6.9,5.31,2.53,59,24,43,14,68,4,0,2787,33,expectedGoals,TUR,2023-2024,datafc_sofascore,2026-08-09T01:36:50.770462
52,53190,João Novais,233370,Alanyaspor,6362,5,2,6.9,5.14,4.58,46,17,33,25,22,7,0,2075,32,expectedGoals,TUR,2023-2024,datafc_sofascore,2026-08-09T01:36:50.770462
52,53190,Sander van de Streek,220155,Antalyaspor,3056,2,2,6.68,5.01,1.02,49,19,17,18,36,3,1,1882,32,expectedGoals,TUR,2023-2024,datafc_sofascore,2026-08-09T01:36:50.770462
52,53190,Florian Loshaj,831407,İstanbulspor,3066,5,0,6.98,4.81,2.98,56,18,34,35,66,8,1,2705,32,expectedGoals,TUR,2023-2024,datafc_sofascore,2026-08-09T01:36:50.770462
52,53190,Renaldo Cephas,1384968,MKE Ankaragücü,3103,3,1,6.83,4.71,1.91,43,19,15,41,28,5,0,1626,31,expectedGoals,TUR,2023-2024,datafc_sofascore,2026-08-09T01:36:50.770462
52,53190,Marcão,870717,Fatih Karagümrük,4954,6,1,7.14,4.7,0.41,35,14,6,8,4,1,0,680,11,expectedGoals,TUR,2023-2024,datafc_sofascore,2026-08-09T01:36:50.770462
52,53190,Dimitrios Pelkas,139304,Başakşehir FK,3086,6,5,7.04,4.7,2.2,30,17,24,18,20,6,0,1245,23,expectedGoals,TUR,2023-2024,datafc_sofascore,2026-08-09T01:36:50.770462
52,53190,Carlos Eduardo,795295,Alanyaspor,6362,4,1,6.8,4.66,1.91,34,12,16,24,33,3,0,1532,29,expectedGoals,TUR,2023-2024,datafc_sofascore,2026-08-09T01:36:50.770462
52,53190,Can Keleş,918408,Fatih Karagümrük,4954,5,3,6.82,4.65,3.61,56,24,27,28,18,3,0,2272,35,expectedGoals,TUR,2023-2024,datafc_sofascore,2026-08-09T01:36:50.770462
52,53190,Efkan Bekiroğlu,800458,MKE Ankaragücü,3103,9,4,7.04,4.65,3.74,52,16,39,31,20,2,1,2139,30,expectedGoals,TUR,2023-2024,datafc_sofascore,2026-08-09T01:36:50.770462
52,53190,Jackson Muleka,927649,Beşiktaş JK,3050,4,1,6.9,4.52,1.43,53,18,19,35,33,1,0,1640,30,expectedGoals,TUR,2023-2024,datafc_sofascore,2026-08-09T01:36:50.770462
52,53190,Valentin Eysseric,139798,Fatih Karagümrük,4954,5,7,7.46,4.48,7.64,54,18,74,27,42,7,1,2420,31,expectedGoals,TUR,2023-2024,datafc_sofascore,2026-08-09T01:36:50.770462
52,53190,Jackson,911351,İstanbulspor,3066,1,4,6.77,4.47,3.63,48,19,31,45,38,2,0,2201,35,expectedGoals,TUR,2023-2024,datafc_sofascore,2026-08-09T01:36:50.770462
52,53190,Milot Rashica,800411,Beşiktaş JK,3050,5,4,7.03,4.39,4.64,56,20,43,21,25,2,0,2037,29,expectedGoals,TUR,2023-2024,datafc_sofascore,2026-08-09T01:36:50.770462
52,53190,Kevin Lasagna,587962,Fatih Karagümrük,4954,2,2,6.71,4.37,0.66,35,11,9,10,7,3,0,1199,28,expectedGoals,TUR,2023-2024,datafc_sofascore,2026-08-09T01:36:50.770462
52,53190,Edin Višća,109779,Trabzonspor,3051,5,9,7.28,4.34,8.93,63,16,91,28,34,1,0,2762,36,expectedGoals,TUR,2023-2024,datafc_sofascore,2026-08-09T01:36:50.770462
52,53190,Mendy Mamadou,929718,İstanbulspor,3066,2,3,6.69,4.22,1.07,31,10,15,15,32,0,1,1762,32,expectedGoals,TUR,2023-2024,datafc_sofascore,2026-08-09T01:36:50.770462
52,53190,Wilfried Zaha,111850,Galatasaray,3061,9,3,7.18,4.15,2.63,48,19,23,43,29,2,0,1433,30,expectedGoals,TUR,2023-2024,datafc_sofascore,2026-08-09T01:36:50.770462
52,53190,Umut Nayir,284767,Pendikspor,7032,4,1,6.77,4.11,1.15,28,10,8,8,6,3,0,1340,23,expectedGoals,TUR,2023-2024,datafc_sofascore,2026-08-09T01:36:50.770462
52,53190,Davidson,814334,Başakşehir FK,3086,4,0,7.11,4.1,1.3,22,7,12,24,19,2,0,980,14,expectedGoals,TUR,2023-2024,datafc_sofascore,2026-08-09T01:36:50.770462
52,53190,Halil Akbunar,217782,Pendikspor,7032,5,3,6.98,4.09,5.67,54,20,37,57,63,3,1,2808,37,expectedGoals,TUR,2023-2024,datafc_sofascore,2026-08-09T01:36:50.770462
52,53190,Barış Alper Yılmaz,904096,Galatasaray,3061,6,6,7.15,4.08,5.51,61,18,43,67,60,8,0,2550,37,expectedGoals,TUR,2023-2024,datafc_sofascore,2026-08-09T01:36:50.770462
52,53190,Yusuf Erdoğan,256663,Adana Demirspor,3101,5,2,6.8,4.08,2.0,43,15,23,26,32,4,0,2594,35,expectedGoals,TUR,2023-2024,datafc_sofascore,2026-08-09T01:36:50.770462
52,53190,Riad Bajić,331751,MKE Ankaragücü,3103,4,0,6.66,4.06,0.64,17,8,9,7,1,0,0,849,24,expectedGoals,TUR,2023-2024,datafc_sofascore,2026-08-09T01:36:50.770462
52,53190,Ercan Kara,843039,Samsunspor,3053,3,0,6.75,4.02,0.53,32,11,7,8,12,0,0,968,23,expectedGoals,TUR,2023-2024,datafc_sofascore,2026-08-09T01:36:50.770462
52,53190,Fred,243623,Fenerbahçe,3052,3,4,7.34,3.99,4.93,50,15,31,25,51,5,1,2051,25,expectedGoals,TUR,2023-2024,datafc_sofascore,2026-08-09T01:36:50.770462
52,53190,İrfan Can Kahveci,226986,Fenerbahçe,3052,12,7,7.39,3.98,7.71,40,21,52,36,33,5,0,2027,31,expectedGoals,TUR,2023-2024,datafc_sofascore,2026-08-09T01:36:50.770462
52,53190,Alexandru Cicâldău,827540,Konyaspor,3085,1,0,6.88,3.97,1.7,44,11,27,12,28,0,0,2032,31,expectedGoals,TUR,2023-2024,datafc_sofascore,2026-08-09T01:36:50.770462
52,53190,Óscar Romero,146416,Pendikspor,7032,3,0,6.93,3.88,1.12,19,9,14,11,6,1,0,685,12,expectedGoals,TUR,2023-2024,datafc_sofascore,2026-08-09T01:36:50.770462
52,53190,Muammer Sarıkaya,816571,Çaykur Rizespor,3064,1,1,6.81,3.87,2.27,37,8,18,16,76,9,0,2275,35,expectedGoals,TUR,2023-2024,datafc_sofascore,2026-08-09T01:36:50.770462
52,53190,Tetê,980327,Galatasaray,3061,0,3,6.8,3.8,2.97,37,14,27,22,10,1,0,1136,33,expectedGoals,TUR,2023-2024,datafc_sofascore,2026-08-09T01:36:50.770462
52,53190,Martin Minchev,878699,Çaykur Rizespor,3064,3,0,6.72,3.79,1.47,33,9,14,15,24,4,0,1732,32,expectedGoals,TUR,2023-2024,datafc_sofascore,2026-08-09T01:36:50.770462
52,53190,Vincent Aboubakar,116869,Beşiktaş JK,3050,5,1,6.78,3.75,1.11,27,11,7,11,1,2,0,1081,22,expectedGoals,TUR,2023-2024,datafc_sofascore,2026-08-09T01:36:50.770462
52,53190,Alassane Ndao,1016033,Konyaspor,3085,3,2,6.88,3.74,4.83,40,9,41,38,35,3,0,2771,36,expectedGoals,TUR,2023-2024,datafc_sofascore,2026-08-09T01:36:50.770462
52,53190,Davinson Sánchez,566102,Galatasaray,3061,2,0,7.05,3.71,0.58,17,4,4,7,39,4,0,1602,23,expectedGoals,TUR,2023-2024,datafc_sofascore,2026-08-09T01:36:50.770462
52,53190,Cengiz Ünder,758876,Fenerbahçe,3052,9,2,7.05,3.62,1.88,43,19,21,9,11,3,0,1046,24,expectedGoals,TUR,2023-2024,datafc_sofascore,2026-08-09T01:36:50.770462
52,53190,Stéphane Bahoken,153220,Kayserispor,3072,3,0,6.74,3.54,0.21,34,12,5,8,4,1,0,785,23,expectedGoals,TUR,2023-2024,datafc_sofascore,2026-08-09T01:36:50.770462
52,53190,Yusuf Özdemir,1084884,Alanyaspor,6362,2,4,6.78,3.51,2.15,25,10,22,8,51,7,0,2481,34,expectedGoals,TUR,2023-2024,datafc_sofascore,2026-08-09T01:36:50.770462
52,53190,Tolga Ciğerci,120298,MKE Ankaragücü,3103,5,3,7.15,3.47,1.48,38,11,22,13,45,4,0,2050,27,expectedGoals,TUR,2023-2024,datafc_sofascore,2026-08-09T01:36:50.770462
52,53190,Rigoberto Rivas,837742,Hatayspor,3091,5,4,6.92,3.4,3.2,31,12,29,25,47,6,0,2431,29,expectedGoals,TUR,2023-2024,datafc_sofascore,2026-08-09T01:36:50.770462
52,53190,Cláudio Winck,155998,Kasımpaşa,6063,3,1,6.82,3.38,2.58,31,8,22,37,72,7,1,2862,32,expectedGoals,TUR,2023-2024,datafc_sofascore,2026-08-09T01:36:50.770462
52,53190,Rachid Ghezzal,123228,Beşiktaş JK,3050,1,3,6.92,3.28,3.99,32,10,37,18,21,6,0,1173,27,expectedGoals,TUR,2023-2024,datafc_sofascore,2026-08-09T01:36:50.770462
52,53190,Sagiv Jehezkel,1513792,Antalyaspor,3056,6,2,7.09,3.27,1.33,22,11,14,27,17,4,0,918,13,expectedGoals,TUR,2023-2024,datafc_sofascore,2026-08-09T01:36:50.770462
52,53190,Mortadha Ben Ouanes,919225,Kasımpaşa,6063,7,5,7.01,3.26,4.88,36,15,45,31,41,8,0,2999,36,expectedGoals,TUR,2023-2024,datafc_sofascore,2026-08-09T01:36:50.770462
52,53190,Omar Colley,238408,Beşiktaş JK,3050,7,0,7.14,3.23,0.36,13,9,6,2,27,4,1,1935,22,expectedGoals,TUR,2023-2024,datafc_sofascore,2026-08-09T01:36:50.770462
52,53190,Yusuf Barası,1000187,Adana Demirspor,3101,4,2,6.72,3.23,0.83,19,11,12,12,13,0,1,894,28,expectedGoals,TUR,2023-2024,datafc_sofascore,2026-08-09T01:36:50.770462
52,53190,Ali Karimi,803869,Kayserispor,3072,3,0,6.98,3.23,3.2,32,7,31,18,48,4,0,2040,27,expectedGoals,TUR,2023-2024,datafc_sofascore,2026-08-09T01:36:50.770462
52,53190,Rogerio Thuram,329255,Pendikspor,7032,3,0,7.02,3.22,1.1,25,9,12,19,20,1,0,869,18,expectedGoals,TUR,2023-2024,datafc_sofascore,2026-08-09T01:36:50.770462
52,53190,Alex Oxlade-Chamberlain,10577,Beşiktaş JK,3050,4,1,6.97,3.21,1.02,26,11,17,24,9,0,0,994,20,expectedGoals,TUR,2023-2024,datafc_sofascore,2026-08-09T01:36:50.770462
52,53190,Abdülkerim Bardakcı,178963,Galatasaray,3061,4,0,7.23,3.21,1.03,33,8,10,11,25,4,0,2218,27,expectedGoals,TUR,2023-2024,datafc_sofascore,2026-08-09T01:36:50.770462
52,53190,Abdoulay Diaby,115718,Pendikspor,7032,2,0,6.63,3.2,0.82,21,7,9,14,11,3,0,1095,27,expectedGoals,TUR,2023-2024,datafc_sofascore,2026-08-09T01:36:50.770462
52,53190,Enis Bardhi,355024,Trabzonspor,3051,6,4,7.06,3.19,3.28,56,20,37,31,34,3,0,2342,34,expectedGoals,TUR,2023-2024,datafc_sofascore,2026-08-09T01:36:50.770462
52,53190,Efecan Karaca,60510,Alanyaspor,6362,2,3,7.02,3.18,4.83,21,9,50,31,57,5,0,2753,37,expectedGoals,TUR,2023-2024,datafc_sofascore,2026-08-09T01:36:50.770462
52,53190,Dušan Tadić,38560,Fenerbahçe,3052,10,14,7.42,14.9,14.16,53,28,88,32,33,3,0,3157,38,expectedAssists,TUR,2023-2024,datafc_sofascore,2026-08-09T01:36:50.770462
52,53190,Dries Mertens,32493,Galatasaray,3061,9,16,7.61,8.12,10.57,88,35,93,15,43,3,0,2487,36,expectedAssists,TUR,2023-2024,datafc_sofascore,2026-08-09T01:36:50.770462
52,53190,Haris Hajradinović,254979,Kasımpaşa,6063,5,14,7.39,6.16,9.69,69,21,104,26,63,3,0,3307,38,expectedAssists,TUR,2023-2024,datafc_sofascore,2026-08-09T01:36:50.770462
52,53190,Sebastian Szymański,847983,Fenerbahçe,3052,10,11,7.55,9.31,9.69,87,31,77,10,85,4,0,2916,37,expectedAssists,TUR,2023-2024,datafc_sofascore,2026-08-09T01:36:50.770462
52,53190,Edin Višća,109779,Trabzonspor,3051,5,9,7.28,4.34,8.93,63,16,91,28,34,1,0,2762,36,expectedAssists,TUR,2023-2024,datafc_sofascore,2026-08-09T01:36:50.770462
52,53190,Oğuz Aydın,999396,Alanyaspor,6362,13,8,7.28,9.34,8.32,58,25,64,54,25,3,1,2587,35,expectedAssists,TUR,2023-2024,datafc_sofascore,2026-08-09T01:36:50.770462
52,53190,Kerem Aktürkoğlu,903324,Galatasaray,3061,12,6,7.33,12.89,8.17,79,29,73,32,28,3,1,2479,37,expectedAssists,TUR,2023-2024,datafc_sofascore,2026-08-09T01:36:50.770462
52,53190,İrfan Can Kahveci,226986,Fenerbahçe,3052,12,7,7.39,3.98,7.71,40,21,52,36,33,5,0,2027,31,expectedAssists,TUR,2023-2024,datafc_sofascore,2026-08-09T01:36:50.770462
52,53190,Valentin Eysseric,139798,Fatih Karagümrük,4954,5,7,7.46,4.48,7.64,54,18,74,27,42,7,1,2420,31,expectedAssists,TUR,2023-2024,datafc_sofascore,2026-08-09T01:36:50.770462
52,53190,Alexandru Maxim,180511,Gaziantep FK,5138,3,8,7.16,5.85,7.47,43,16,80,36,38,4,2,2674,34,expectedAssists,TUR,2023-2024,datafc_sofascore,2026-08-09T01:36:50.770462
52,53190,Miguel Cardoso,344009,Kayserispor,3072,1,7,7.08,5.41,7.21,65,18,66,31,39,4,0,2524,30,expectedAssists,TUR,2023-2024,datafc_sofascore,2026-08-09T01:36:50.770462
52,53190,Guilherme Haubert Sityá,224112,Konyaspor,3085,5,7,7.35,1.62,6.83,18,6,88,30,87,1,0,3267,37,expectedAssists,TUR,2023-2024,datafc_sofascore,2026-08-09T01:36:50.770462
52,53190,Ferdi Kadıoğlu,825844,Fenerbahçe,3052,1,4,7.44,2.5,6.69,33,14,51,57,75,3,0,3327,37,expectedAssists,TUR,2023-2024,datafc_sofascore,2026-08-09T01:36:50.770462
52,53190,Deniz Türüç,252207,Başakşehir FK,3086,2,12,7.15,2.26,5.68,39,17,60,30,31,11,0,2678,34,expectedAssists,TUR,2023-2024,datafc_sofascore,2026-08-09T01:36:50.770462
52,53190,Halil Akbunar,217782,Pendikspor,7032,5,3,6.98,4.09,5.67,54,20,37,57,63,3,1,2808,37,expectedAssists,TUR,2023-2024,datafc_sofascore,2026-08-09T01:36:50.770462
52,53190,Barış Alper Yılmaz,904096,Galatasaray,3061,6,6,7.15,4.08,5.51,61,18,43,67,60,8,0,2550,37,expectedAssists,TUR,2023-2024,datafc_sofascore,2026-08-09T01:36:50.770462
52,53190,Yusuf Sarı,896364,Adana Demirspor,3101,3,7,7.3,2.92,5.46,59,24,48,45,22,1,0,1790,24,expectedAssists,TUR,2023-2024,datafc_sofascore,2026-08-09T01:36:50.770462
52,53190,Sam Larsson,229800,Antalyaspor,3056,5,1,6.97,2.83,5.32,43,12,61,52,31,1,0,2568,35,expectedAssists,TUR,2023-2024,datafc_sofascore,2026-08-09T01:36:50.770462
52,53190,Edin Džeko,14990,Fenerbahçe,3052,21,3,7.39,21.64,5.15,147,64,37,22,19,3,0,2741,36,expectedAssists,TUR,2023-2024,datafc_sofascore,2026-08-09T01:36:50.770462
52,53190,Ramzi Safouri,186949,Antalyaspor,3056,0,7,7.04,2.16,5.15,39,15,56,31,17,3,1,1803,30,expectedAssists,TUR,2023-2024,datafc_sofascore,2026-08-09T01:36:50.770462
52,53190,Fred,243623,Fenerbahçe,3052,3,4,7.34,3.99,4.93,50,15,31,25,51,5,1,2051,25,expectedAssists,TUR,2023-2024,datafc_sofascore,2026-08-09T01:36:50.770462
52,53190,Mortadha Ben Ouanes,919225,Kasımpaşa,6063,7,5,7.01,3.26,4.88,36,15,45,31,41,8,0,2999,36,expectedAssists,TUR,2023-2024,datafc_sofascore,2026-08-09T01:36:50.770462
52,53190,Alassane Ndao,1016033,Konyaspor,3085,3,2,6.88,3.74,4.83,40,9,41,38,35,3,0,2771,36,expectedAssists,TUR,2023-2024,datafc_sofascore,2026-08-09T01:36:50.770462
52,53190,Efecan Karaca,60510,Alanyaspor,6362,2,3,7.02,3.18,4.83,21,9,50,31,57,5,0,2753,37,expectedAssists,TUR,2023-2024,datafc_sofascore,2026-08-09T01:36:50.770462
52,53190,Milot Rashica,800411,Beşiktaş JK,3050,5,4,7.03,4.39,4.64,56,20,43,21,25,2,0,2037,29,expectedAssists,TUR,2023-2024,datafc_sofascore,2026-08-09T01:36:50.770462
52,53190,Emre Kılınç,202032,Samsunspor,3053,4,4,7.12,2.09,4.63,31,5,53,31,62,4,0,2574,33,expectedAssists,TUR,2023-2024,datafc_sofascore,2026-08-09T01:36:50.770462
52,53190,João Novais,233370,Alanyaspor,6362,5,2,6.9,5.14,4.58,46,17,33,25,22,7,0,2075,32,expectedAssists,TUR,2023-2024,datafc_sofascore,2026-08-09T01:36:50.770462
52,53190,Hakim Ziyech,249437,Galatasaray,3061,6,3,7.26,2.01,4.28,43,14,35,15,18,4,0,1077,18,expectedAssists,TUR,2023-2024,datafc_sofascore,2026-08-09T01:36:50.770462
52,53190,Salih Uçan,135695,Beşiktaş JK,3050,1,3,7.11,1.52,4.11,20,4,20,22,41,6,0,1579,23,expectedAssists,TUR,2023-2024,datafc_sofascore,2026-08-09T01:36:50.770462
52,53190,Rachid Ghezzal,123228,Beşiktaş JK,3050,1,3,6.92,3.28,3.99,32,10,37,18,21,6,0,1173,27,expectedAssists,TUR,2023-2024,datafc_sofascore,2026-08-09T01:36:50.770462
52,53190,Mauro Icardi,233114,Galatasaray,3061,25,8,7.51,21.23,3.77,111,49,49,7,6,2,0,2856,34,expectedAssists,TUR,2023-2024,datafc_sofascore,2026-08-09T01:36:50.770462
52,53190,Kerem Demirbay,142619,Galatasaray,3061,6,3,7.2,3.03,3.76,52,17,42,19,66,2,0,2227,34,expectedAssists,TUR,2023-2024,datafc_sofascore,2026-08-09T01:36:50.770462
52,53190,Efkan Bekiroğlu,800458,MKE Ankaragücü,3103,9,4,7.04,4.65,3.74,52,16,39,31,20,2,1,2139,30,expectedAssists,TUR,2023-2024,datafc_sofascore,2026-08-09T01:36:50.770462
52,53190,Jonjo Shelvey,36465,Çaykur Rizespor,3064,3,6,7.15,2.58,3.71,55,16,48,17,36,6,0,2604,31,expectedAssists,TUR,2023-2024,datafc_sofascore,2026-08-09T01:36:50.770462
52,53190,Mahmoud Trézéguet,295361,Trabzonspor,3051,9,5,7.17,6.45,3.71,57,20,29,23,17,2,0,1529,24,expectedAssists,TUR,2023-2024,datafc_sofascore,2026-08-09T01:36:50.770462
52,53190,Nuno Sequeira,170117,Pendikspor,7032,1,3,6.89,0.98,3.7,15,4,40,20,85,10,0,3066,35,expectedAssists,TUR,2023-2024,datafc_sofascore,2026-08-09T01:36:50.770462
52,53190,Uğur Çiftçi,142850,Sivasspor,3076,0,2,6.8,0.47,3.69,15,5,31,21,71,10,0,3118,35,expectedAssists,TUR,2023-2024,datafc_sofascore,2026-08-09T01:36:50.770462
52,53190,Jackson,911351,İstanbulspor,3066,1,4,6.77,4.47,3.63,48,19,31,45,38,2,0,2201,35,expectedAssists,TUR,2023-2024,datafc_sofascore,2026-08-09T01:36:50.770462
52,53190,Can Keleş,918408,Fatih Karagümrük,4954,5,3,6.82,4.65,3.61,56,24,27,28,18,3,0,2272,35,expectedAssists,TUR,2023-2024,datafc_sofascore,2026-08-09T01:36:50.770462
52,53190,Moryke Fofana,269199,Samsunspor,3053,0,4,6.82,1.3,3.6,16,5,27,46,15,4,0,1060,27,expectedAssists,TUR,2023-2024,datafc_sofascore,2026-08-09T01:36:50.770462
52,53190,Mamadou Fall,822228,Kasımpaşa,6063,8,2,6.94,6.19,3.57,49,17,54,28,22,4,0,2854,34,expectedAssists,TUR,2023-2024,datafc_sofascore,2026-08-09T01:36:50.770462
52,53190,Casper Højer,281233,Çaykur Rizespor,3064,1,2,6.79,0.72,3.51,17,6,38,8,41,5,0,2060,27,expectedAssists,TUR,2023-2024,datafc_sofascore,2026-08-09T01:36:50.770462
52,53190,João Figueiredo,841012,Başakşehir FK,3086,8,2,6.88,5.93,3.46,47,20,32,19,24,4,2,2036,34,expectedAssists,TUR,2023-2024,datafc_sofascore,2026-08-09T01:36:50.770462
52,53190,Ryan Mendes,52797,Fatih Karagümrük,4954,4,4,6.96,2.1,3.44,33,15,26,29,32,5,2,1508,23,expectedAssists,TUR,2023-2024,datafc_sofascore,2026-08-09T01:36:50.770462
52,53190,Olimpiu Moruțan,833613,MKE Ankaragücü,3103,2,3,6.9,2.86,3.43,47,13,34,46,40,3,0,2128,30,expectedAssists,TUR,2023-2024,datafc_sofascore,2026-08-09T01:36:50.770462
52,53190,Mame Thiam,180981,Pendikspor,7032,18,7,7.26,13.28,3.36,85,36,34,18,47,4,0,3161,36,expectedAssists,TUR,2023-2024,datafc_sofascore,2026-08-09T01:36:50.770462
52,53190,Altin Zeqiri,991742,Çaykur Rizespor,3064,5,5,6.88,6.68,3.34,47,20,36,47,23,4,0,2241,34,expectedAssists,TUR,2023-2024,datafc_sofascore,2026-08-09T01:36:50.770462
52,53190,Enis Bardhi,355024,Trabzonspor,3051,6,4,7.06,3.19,3.28,56,20,37,31,34,3,0,2342,34,expectedAssists,TUR,2023-2024,datafc_sofascore,2026-08-09T01:36:50.770462
52,53190,Emre Akbaba,343527,Adana Demirspor,3101,7,2,7.19,7.41,3.26,64,20,43,32,65,5,0,2682,32,expectedAssists,TUR,2023-2024,datafc_sofascore,2026-08-09T01:36:50.770462
52,53190,Léo Dubois,552680,Başakşehir FK,3086,1,4,6.9,0.68,3.23,12,4,29,24,29,3,0,2315,31,expectedAssists,TUR,2023-2024,datafc_sofascore,2026-08-09T01:36:50.770462
52,53190,Ali Karimi,803869,Kayserispor,3072,3,0,6.98,3.23,3.2,32,7,31,18,48,4,0,2040,27,expectedAssists,TUR,2023-2024,datafc_sofascore,2026-08-09T01:36:50.770462
52,53190,Rigoberto Rivas,837742,Hatayspor,3091,5,4,6.92,3.4,3.2,31,12,29,25,47,6,0,2431,29,expectedAssists,TUR,2023-2024,datafc_sofascore,2026-08-09T01:36:50.770462
52,53190,Faouzi Ghoulam,133236,Hatayspor,3091,1,2,6.95,0.67,3.16,14,6,29,5,19,8,0,1427,21,expectedAssists,TUR,2023-2024,datafc_sofascore,2026-08-09T01:36:50.770462
52,53190,Fredrik Midtsjø,98198,Pendikspor,7032,1,2,6.91,1.15,3.14,16,5,34,37,28,4,0,1928,26,expectedAssists,TUR,2023-2024,datafc_sofascore,2026-08-09T01:36:50.770462
52,53190,Max Gradel,16590,Gaziantep FK,5138,1,4,6.73,2.55,3.11,28,11,28,20,41,5,0,1712,29,expectedAssists,TUR,2023-2024,datafc_sofascore,2026-08-09T01:36:50.770462
52,53190,Valon Ethemi,904945,Konyaspor,3085,2,4,6.75,3.04,3.08,37,10,31,27,18,4,0,1919,30,expectedAssists,TUR,2023-2024,datafc_sofascore,2026-08-09T01:36:50.770462
52,53190,Jure Balkovec,171625,Alanyaspor,6362,3,0,6.94,0.57,3.07,21,7,26,7,33,7,0,2141,28,expectedAssists,TUR,2023-2024,datafc_sofascore,2026-08-09T01:36:50.770462
52,53190,David Sambissa,280459,İstanbulspor,3066,1,3,6.72,0.72,3.04,17,10,17,33,26,1,0,1564,25,expectedAssists,TUR,2023-2024,datafc_sofascore,2026-08-09T01:36:50.770462
52,53190,Aytaç Kara,128196,Kasımpaşa,6063,13,5,7.41,9.16,3.01,101,36,40,19,73,4,0,3248,37,expectedAssists,TUR,2023-2024,datafc_sofascore,2026-08-09T01:36:50.770462
52,53190,Nicolas Janvier,802150,Alanyaspor,6362,4,2,7.04,2.42,3.0,35,9,33,24,30,3,0,1655,34,expectedAssists,TUR,2023-2024,datafc_sofascore,2026-08-09T01:36:50.770462
52,53190,Ibrahim Olawoyin,1008173,Çaykur Rizespor,3064,8,2,7.12,5.84,2.99,64,25,39,65,63,6,0,2970,35,expectedAssists,TUR,2023-2024,datafc_sofascore,2026-08-09T01:36:50.770462
52,53190,Florian Loshaj,831407,İstanbulspor,3066,5,0,6.98,4.81,2.98,56,18,34,35,66,8,1,2705,32,expectedAssists,TUR,2023-2024,datafc_sofascore,2026-08-09T01:36:50.770462
52,53190,Tetê,980327,Galatasaray,3061,0,3,6.8,3.8,2.97,37,14,27,22,10,1,0,1136,33,expectedAssists,TUR,2023-2024,datafc_sofascore,2026-08-09T01:36:50.770462
52,53190,Lucas Torreira,754794,Galatasaray,3061,1,2,7.2,2.08,2.97,31,4,29,9,80,7,0,2993,35,expectedAssists,TUR,2023-2024,datafc_sofascore,2026-08-09T01:36:50.770462
52,53190,Kaan Ayhan,138152,Galatasaray,3061,1,2,7.07,1.11,2.96,22,6,29,6,33,3,0,2111,35,expectedAssists,TUR,2023-2024,datafc_sofascore,2026-08-09T01:36:50.770462
52,53190,Dal Varešanović,979109,Çaykur Rizespor,3064,8,2,6.76,7.09,2.96,51,16,20,31,13,5,0,2017,32,expectedAssists,TUR,2023-2024,datafc_sofascore,2026-08-09T01:36:50.770462
52,53190,Güray Vural,43559,Antalyaspor,3056,1,3,6.9,1.13,2.92,25,4,26,8,54,7,0,2568,30,expectedAssists,TUR,2023-2024,datafc_sofascore,2026-08-09T01:36:50.770462
52,53190,Gökhan Sazdağı,595396,Kayserispor,3072,0,5,6.79,1.56,2.92,25,7,26,35,92,9,0,2905,34,expectedAssists,TUR,2023-2024,datafc_sofascore,2026-08-09T01:36:50.770462
52,53190,Mustafa Eskihellaç,899069,Gaziantep FK,5138,2,3,6.93,1.29,2.92,25,5,29,41,66,5,0,3067,35,expectedAssists,TUR,2023-2024,datafc_sofascore,2026-08-09T01:36:50.770462
52,53190,Zeki Yavru,140735,Samsunspor,3053,1,2,7.02,0.32,2.91,12,4,28,8,47,4,0,2026,28,expectedAssists,TUR,2023-2024,datafc_sofascore,2026-08-09T01:36:50.770462
52,53190,Taha Şahin,1394729,Çaykur Rizespor,3064,0,4,6.87,0.65,2.84,8,0,27,29,58,5,0,2854,34,expectedAssists,TUR,2023-2024,datafc_sofascore,2026-08-09T01:36:50.770462
52,53190,Thomas Meunier,128587,Trabzonspor,3051,1,5,7.24,0.58,2.7,12,4,18,4,24,2,0,1245,14,expectedAssists,TUR,2023-2024,datafc_sofascore,2026-08-09T01:36:50.770462
52,53190,Florent Hadergjonaj,354860,Alanyaspor,6362,2,3,6.93,1.15,2.69,17,4,23,11,43,3,0,2318,31,expectedAssists,TUR,2023-2024,datafc_sofascore,2026-08-09T01:36:50.770462
52,53190,Wilfried Zaha,111850,Galatasaray,3061,9,3,7.18,4.15,2.63,48,19,23,43,29,2,0,1433,30,expectedAssists,TUR,2023-2024,datafc_sofascore,2026-08-09T01:36:50.770462
52,53190,Bünyamin Balcı,967214,Antalyaspor,3056,1,3,7.0,0.58,2.6,6,2,23,14,48,3,0,1865,23,expectedAssists,TUR,2023-2024,datafc_sofascore,2026-08-09T01:36:50.770462
52,53190,Ramazan Civelek,781408,Kayserispor,3072,0,2,6.71,1.48,2.6,16,7,25,12,27,4,0,1750,35,expectedAssists,TUR,2023-2024,datafc_sofascore,2026-08-09T01:36:50.770462
52,53190,Onur Bulut,142494,Beşiktaş JK,3050,0,3,6.76,0.36,2.58,6,2,20,10,27,2,0,2039,28,expectedAssists,TUR,2023-2024,datafc_sofascore,2026-08-09T01:36:50.770462
52,53190,Cláudio Winck,155998,Kasımpaşa,6063,3,1,6.82,3.38,2.58,31,8,22,37,72,7,1,2862,32,expectedAssists,TUR,2023-2024,datafc_sofascore,2026-08-09T01:36:50.770462
52,53190,Carlo Holse,837012,Samsunspor,3053,5,3,6.9,5.31,2.53,59,24,43,14,68,4,0,2787,33,expectedAssists,TUR,2023-2024,datafc_sofascore,2026-08-09T01:36:50.770462
52,53190,Gustavo Sauer,904505,Çaykur Rizespor,3064,1,1,6.89,0.92,2.52,27,8,35,23,54,4,0,1449,32,expectedAssists,TUR,2023-2024,datafc_sofascore,2026-08-09T01:36:50.770462
52,53190,Levent Mercan,1085938,Fatih Karagümrük,4954,1,5,6.9,0.7,2.51,14,1,33,37,82,8,0,3113,36,expectedAssists,TUR,2023-2024,datafc_sofascore,2026-08-09T01:36:50.770462
52,53190,Aylton Boa Morte,883918,Kayserispor,3072,8,2,6.8,9.83,2.51,70,29,29,70,39,7,0,2628,32,expectedAssists,TUR,2023-2024,datafc_sofascore,2026-08-09T01:36:50.770462
52,53190,Carlos Strandberg,333423,Hatayspor,3091,8,2,6.79,9.64,2.5,64,21,20,14,16,2,0,2274,36,expectedAssists,TUR,2023-2024,datafc_sofascore,2026-08-09T01:36:50.770462
52,53190,Pedrinho,182385,MKE Ankaragücü,3103,3,2,7.01,1.17,2.48,30,6,37,12,55,4,0,2199,32,expectedAssists,TUR,2023-2024,datafc_sofascore,2026-08-09T01:36:50.770462
52,53190,Amir Hadžiahmetović,795421,Beşiktaş JK,3050,0,4,7.06,0.3,2.46,3,1,22,8,19,2,1,1341,18,expectedAssists,TUR,2023-2024,datafc_sofascore,2026-08-09T01:36:50.770462
52,53190,Denis Drăguş,841199,Gaziantep FK,5138,14,1,7.22,13.78,2.44,106,40,38,85,54,8,0,2751,32,expectedAssists,TUR,2023-2024,datafc_sofascore,2026-08-09T01:36:50.770462
52,53190,Olivier Kemen,280447,Başakşehir FK,3086,3,3,6.94,2.83,2.42,23,9,28,22,21,3,0,1751,27,expectedAssists,TUR,2023-2024,datafc_sofascore,2026-08-09T01:36:50.770462
52,53190,Carlos Mané,859748,Kayserispor,3072,5,2,6.8,2.59,2.42,17,6,15,11,24,2,0,1139,25,expectedAssists,TUR,2023-2024,datafc_sofascore,2026-08-09T01:36:50.770462
52,53190,Nuno Da Costa,209374,Kasımpaşa,6063,14,4,7.28,10.67,2.41,67,24,26,49,23,1,0,2339,29,expectedAssists,TUR,2023-2024,datafc_sofascore,2026-08-09T01:36:50.770462
52,53190,Serdar Gürler,96520,Başakşehir FK,3086,1,0,6.75,1.3,2.36,18,6,19,17,7,2,0,1030,21,expectedAssists,TUR,2023-2024,datafc_sofascore,2026-08-09T01:36:50.770462
52,53190,Marlos Moreno,818942,Konyaspor,3085,2,1,6.84,1.47,2.36,33,7,18,50,45,4,0,1914,29,expectedAssists,TUR,2023-2024,datafc_sofascore,2026-08-09T01:36:50.770462
52,53190,Zymer Bytyqi,226784,Antalyaspor,3056,1,2,6.82,1.26,2.36,24,4,34,20,15,0,0,1388,29,expectedAssists,TUR,2023-2024,datafc_sofascore,2026-08-09T01:36:50.770462
52,53190,Fisayo Dele-Bashiru,910121,Hatayspor,3091,8,3,7.01,5.58,2.31,45,18,40,71,33,6,0,3039,36,expectedAssists,TUR,2023-2024,datafc_sofascore,2026-08-09T01:36:50.770462
52,53190,Samu Sáiz,99527,Sivasspor,3076,4,3,7.25,2.05,2.29,29,15,33,26,8,3,0,1357,17,expectedAssists,TUR,2023-2024,datafc_sofascore,2026-08-09T01:36:50.770462
52,53190,Jonas Svensson,98199,Beşiktaş JK,3050,0,3,7.1,0.13,2.29,4,0,23,10,50,4,0,2065,24,expectedAssists,TUR,2023-2024,datafc_sofascore,2026-08-09T01:36:50.770462
52,53190,Erdem Özgenç,60332,Pendikspor,7032,1,3,6.9,1.22,2.29,12,3,21,9,29,3,0,1508,22,expectedAssists,TUR,2023-2024,datafc_sofascore,2026-08-09T01:36:50.770462
52,53190,İsmail Yüksek,952600,Fenerbahçe,3052,0,4,7.15,2.24,2.28,26,4,29,29,73,5,2,2319,30,expectedAssists,TUR,2023-2024,datafc_sofascore,2026-08-09T01:36:50.770462
52,53190,Didier Lamkel Zé,845272,Hatayspor,3091,3,2,7.05,2.98,2.28,22,7,14,26,10,3,0,947,15,expectedAssists,TUR,2023-2024,datafc_sofascore,2026-08-09T01:36:50.770462
52,53190,Muammer Sarıkaya,816571,Çaykur Rizespor,3064,1,1,6.81,3.87,2.27,37,8,18,16,76,9,0,2275,35,expectedAssists,TUR,2023-2024,datafc_sofascore,2026-08-09T01:36:50.770462
52,53190,Erdoğan Yeşilyurt,142541,Antalyaspor,3056,3,3,6.89,1.78,2.25,31,7,31,26,41,8,1,2485,34,expectedAssists,TUR,2023-2024,datafc_sofascore,2026-08-09T01:36:50.770462
52,53190,Dušan Tadić,38560,Fenerbahçe,3052,10,14,7.42,14.9,14.16,53,28,88,32,33,3,0,3157,38,expectedAssists,TUR,2023-2024,datafc_sofascore,2026-08-09T01:36:50.770462
52,53190,Dries Mertens,32493,Galatasaray,3061,9,16,7.61,8.12,10.57,88,35,93,15,43,3,0,2487,36,expectedAssists,TUR,2023-2024,datafc_sofascore,2026-08-09T01:36:50.770462
52,53190,Haris Hajradinović,254979,Kasımpaşa,6063,5,14,7.39,6.16,9.69,69,21,104,26,63,3,0,3307,38,expectedAssists,TUR,2023-2024,datafc_sofascore,2026-08-09T01:36:50.770462
52,53190,Sebastian Szymański,847983,Fenerbahçe,3052,10,11,7.55,9.31,9.69,87,31,77,10,85,4,0,2916,37,expectedAssists,TUR,2023-2024,datafc_sofascore,2026-08-09T01:36:50.770462
52,53190,Edin Višća,109779,Trabzonspor,3051,5,9,7.28,4.34,8.93,63,16,91,28,34,1,0,2762,36,expectedAssists,TUR,2023-2024,datafc_sofascore,2026-08-09T01:36:50.770462
52,53190,Oğuz Aydın,999396,Alanyaspor,6362,13,8,7.28,9.34,8.32,58,25,64,54,25,3,1,2587,35,expectedAssists,TUR,2023-2024,datafc_sofascore,2026-08-09T01:36:50.770462
52,53190,Kerem Aktürkoğlu,903324,Galatasaray,3061,12,6,7.33,12.89,8.17,79,29,73,32,28,3,1,2479,37,expectedAssists,TUR,2023-2024,datafc_sofascore,2026-08-09T01:36:50.770462
52,53190,İrfan Can Kahveci,226986,Fenerbahçe,3052,12,7,7.39,3.98,7.71,40,21,52,36,33,5,0,2027,31,expectedAssists,TUR,2023-2024,datafc_sofascore,2026-08-09T01:36:50.770462
52,53190,Valentin Eysseric,139798,Fatih Karagümrük,4954,5,7,7.46,4.48,7.64,54,18,74,27,42,7,1,2420,31,expectedAssists,TUR,2023-2024,datafc_sofascore,2026-08-09T01:36:50.770462
52,53190,Alexandru Maxim,180511,Gaziantep FK,5138,3,8,7.16,5.85,7.47,43,16,80,36,38,4,2,2674,34,expectedAssists,TUR,2023-2024,datafc_sofascore,2026-08-09T01:36:50.770462
52,53190,Miguel Cardoso,344009,Kayserispor,3072,1,7,7.08,5.41,7.21,65,18,66,31,39,4,0,2524,30,expectedAssists,TUR,2023-2024,datafc_sofascore,2026-08-09T01:36:50.770462
52,53190,Guilherme Haubert Sityá,224112,Konyaspor,3085,5,7,7.35,1.62,6.83,18,6,88,30,87,1,0,3267,37,expectedAssists,TUR,2023-2024,datafc_sofascore,2026-08-09T01:36:50.770462
52,53190,Ferdi Kadıoğlu,825844,Fenerbahçe,3052,1,4,7.44,2.5,6.69,33,14,51,57,75,3,0,3327,37,expectedAssists,TUR,2023-2024,datafc_sofascore,2026-08-09T01:36:50.770462
52,53190,Deniz Türüç,252207,Başakşehir FK,3086,2,12,7.15,2.26,5.68,39,17,60,30,31,11,0,2678,34,expectedAssists,TUR,2023-2024,datafc_sofascore,2026-08-09T01:36:50.770462
52,53190,Halil Akbunar,217782,Pendikspor,7032,5,3,6.98,4.09,5.67,54,20,37,57,63,3,1,2808,37,expectedAssists,TUR,2023-2024,datafc_sofascore,2026-08-09T01:36:50.770462
52,53190,Barış Alper Yılmaz,904096,Galatasaray,3061,6,6,7.15,4.08,5.51,61,18,43,67,60,8,0,2550,37,expectedAssists,TUR,2023-2024,datafc_sofascore,2026-08-09T01:36:50.770462
52,53190,Yusuf Sarı,896364,Adana Demirspor,3101,3,7,7.3,2.92,5.46,59,24,48,45,22,1,0,1790,24,expectedAssists,TUR,2023-2024,datafc_sofascore,2026-08-09T01:36:50.770462
52,53190,Sam Larsson,229800,Antalyaspor,3056,5,1,6.97,2.83,5.32,43,12,61,52,31,1,0,2568,35,expectedAssists,TUR,2023-2024,datafc_sofascore,2026-08-09T01:36:50.770462
52,53190,Edin Džeko,14990,Fenerbahçe,3052,21,3,7.39,21.64,5.15,147,64,37,22,19,3,0,2741,36,expectedAssists,TUR,2023-2024,datafc_sofascore,2026-08-09T01:36:50.770462
52,53190,Ramzi Safouri,186949,Antalyaspor,3056,0,7,7.04,2.16,5.15,39,15,56,31,17,3,1,1803,30,expectedAssists,TUR,2023-2024,datafc_sofascore,2026-08-09T01:36:50.770462
52,53190,Fred,243623,Fenerbahçe,3052,3,4,7.34,3.99,4.93,50,15,31,25,51,5,1,2051,25,expectedAssists,TUR,2023-2024,datafc_sofascore,2026-08-09T01:36:50.770462
52,53190,Mortadha Ben Ouanes,919225,Kasımpaşa,6063,7,5,7.01,3.26,4.88,36,15,45,31,41,8,0,2999,36,expectedAssists,TUR,2023-2024,datafc_sofascore,2026-08-09T01:36:50.770462
52,53190,Alassane Ndao,1016033,Konyaspor,3085,3,2,6.88,3.74,4.83,40,9,41,38,35,3,0,2771,36,expectedAssists,TUR,2023-2024,datafc_sofascore,2026-08-09T01:36:50.770462
52,53190,Efecan Karaca,60510,Alanyaspor,6362,2,3,7.02,3.18,4.83,21,9,50,31,57,5,0,2753,37,expectedAssists,TUR,2023-2024,datafc_sofascore,2026-08-09T01:36:50.770462
52,53190,Milot Rashica,800411,Beşiktaş JK,3050,5,4,7.03,4.39,4.64,56,20,43,21,25,2,0,2037,29,expectedAssists,TUR,2023-2024,datafc_sofascore,2026-08-09T01:36:50.770462
52,53190,Emre Kılınç,202032,Samsunspor,3053,4,4,7.12,2.09,4.63,31,5,53,31,62,4,0,2574,33,expectedAssists,TUR,2023-2024,datafc_sofascore,2026-08-09T01:36:50.770462
52,53190,João Novais,233370,Alanyaspor,6362,5,2,6.9,5.14,4.58,46,17,33,25,22,7,0,2075,32,expectedAssists,TUR,2023-2024,datafc_sofascore,2026-08-09T01:36:50.770462
52,53190,Hakim Ziyech,249437,Galatasaray,3061,6,3,7.26,2.01,4.28,43,14,35,15,18,4,0,1077,18,expectedAssists,TUR,2023-2024,datafc_sofascore,2026-08-09T01:36:50.770462
52,53190,Salih Uçan,135695,Beşiktaş JK,3050,1,3,7.11,1.52,4.11,20,4,20,22,41,6,0,1579,23,expectedAssists,TUR,2023-2024,datafc_sofascore,2026-08-09T01:36:50.770462
52,53190,Rachid Ghezzal,123228,Beşiktaş JK,3050,1,3,6.92,3.28,3.99,32,10,37,18,21,6,0,1173,27,expectedAssists,TUR,2023-2024,datafc_sofascore,2026-08-09T01:36:50.770462
52,53190,Mauro Icardi,233114,Galatasaray,3061,25,8,7.51,21.23,3.77,111,49,49,7,6,2,0,2856,34,expectedAssists,TUR,2023-2024,datafc_sofascore,2026-08-09T01:36:50.770462
52,53190,Kerem Demirbay,142619,Galatasaray,3061,6,3,7.2,3.03,3.76,52,17,42,19,66,2,0,2227,34,expectedAssists,TUR,2023-2024,datafc_sofascore,2026-08-09T01:36:50.770462
52,53190,Efkan Bekiroğlu,800458,MKE Ankaragücü,3103,9,4,7.04,4.65,3.74,52,16,39,31,20,2,1,2139,30,expectedAssists,TUR,2023-2024,datafc_sofascore,2026-08-09T01:36:50.770462
52,53190,Jonjo Shelvey,36465,Çaykur Rizespor,3064,3,6,7.15,2.58,3.71,55,16,48,17,36,6,0,2604,31,expectedAssists,TUR,2023-2024,datafc_sofascore,2026-08-09T01:36:50.770462
52,53190,Mahmoud Trézéguet,295361,Trabzonspor,3051,9,5,7.17,6.45,3.71,57,20,29,23,17,2,0,1529,24,expectedAssists,TUR,2023-2024,datafc_sofascore,2026-08-09T01:36:50.770462
52,53190,Nuno Sequeira,170117,Pendikspor,7032,1,3,6.89,0.98,3.7,15,4,40,20,85,10,0,3066,35,expectedAssists,TUR,2023-2024,datafc_sofascore,2026-08-09T01:36:50.770462
52,53190,Uğur Çiftçi,142850,Sivasspor,3076,0,2,6.8,0.47,3.69,15,5,31,21,71,10,0,3118,35,expectedAssists,TUR,2023-2024,datafc_sofascore,2026-08-09T01:36:50.770462
52,53190,Jackson,911351,İstanbulspor,3066,1,4,6.77,4.47,3.63,48,19,31,45,38,2,0,2201,35,expectedAssists,TUR,2023-2024,datafc_sofascore,2026-08-09T01:36:50.770462
52,53190,Can Keleş,918408,Fatih Karagümrük,4954,5,3,6.82,4.65,3.61,56,24,27,28,18,3,0,2272,35,expectedAssists,TUR,2023-2024,datafc_sofascore,2026-08-09T01:36:50.770462
52,53190,Moryke Fofana,269199,Samsunspor,3053,0,4,6.82,1.3,3.6,16,5,27,46,15,4,0,1060,27,expectedAssists,TUR,2023-2024,datafc_sofascore,2026-08-09T01:36:50.770462
52,53190,Mamadou Fall,822228,Kasımpaşa,6063,8,2,6.94,6.19,3.57,49,17,54,28,22,4,0,2854,34,expectedAssists,TUR,2023-2024,datafc_sofascore,2026-08-09T01:36:50.770462
52,53190,Casper Højer,281233,Çaykur Rizespor,3064,1,2,6.79,0.72,3.51,17,6,38,8,41,5,0,2060,27,expectedAssists,TUR,2023-2024,datafc_sofascore,2026-08-09T01:36:50.770462
52,53190,João Figueiredo,841012,Başakşehir FK,3086,8,2,6.88,5.93,3.46,47,20,32,19,24,4,2,2036,34,expectedAssists,TUR,2023-2024,datafc_sofascore,2026-08-09T01:36:50.770462
52,53190,Ryan Mendes,52797,Fatih Karagümrük,4954,4,4,6.96,2.1,3.44,33,15,26,29,32,5,2,1508,23,expectedAssists,TUR,2023-2024,datafc_sofascore,2026-08-09T01:36:50.770462
52,53190,Olimpiu Moruțan,833613,MKE Ankaragücü,3103,2,3,6.9,2.86,3.43,47,13,34,46,40,3,0,2128,30,expectedAssists,TUR,2023-2024,datafc_sofascore,2026-08-09T01:36:50.770462
52,53190,Mame Thiam,180981,Pendikspor,7032,18,7,7.26,13.28,3.36,85,36,34,18,47,4,0,3161,36,expectedAssists,TUR,2023-2024,datafc_sofascore,2026-08-09T01:36:50.770462
52,53190,Altin Zeqiri,991742,Çaykur Rizespor,3064,5,5,6.88,6.68,3.34,47,20,36,47,23,4,0,2241,34,expectedAssists,TUR,2023-2024,datafc_sofascore,2026-08-09T01:36:50.770462
52,53190,Enis Bardhi,355024,Trabzonspor,3051,6,4,7.06,3.19,3.28,56,20,37,31,34,3,0,2342,34,expectedAssists,TUR,2023-2024,datafc_sofascore,2026-08-09T01:36:50.770462
52,53190,Emre Akbaba,343527,Adana Demirspor,3101,7,2,7.19,7.41,3.26,64,20,43,32,65,5,0,2682,32,expectedAssists,TUR,2023-2024,datafc_sofascore,2026-08-09T01:36:50.770462
52,53190,Léo Dubois,552680,Başakşehir FK,3086,1,4,6.9,0.68,3.23,12,4,29,24,29,3,0,2315,31,expectedAssists,TUR,2023-2024,datafc_sofascore,2026-08-09T01:36:50.770462
52,53190,Ali Karimi,803869,Kayserispor,3072,3,0,6.98,3.23,3.2,32,7,31,18,48,4,0,2040,27,expectedAssists,TUR,2023-2024,datafc_sofascore,2026-08-09T01:36:50.770462
52,53190,Rigoberto Rivas,837742,Hatayspor,3091,5,4,6.92,3.4,3.2,31,12,29,25,47,6,0,2431,29,expectedAssists,TUR,2023-2024,datafc_sofascore,2026-08-09T01:36:50.770462
52,53190,Faouzi Ghoulam,133236,Hatayspor,3091,1,2,6.95,0.67,3.16,14,6,29,5,19,8,0,1427,21,expectedAssists,TUR,2023-2024,datafc_sofascore,2026-08-09T01:36:50.770462
52,53190,Fredrik Midtsjø,98198,Pendikspor,7032,1,2,6.91,1.15,3.14,16,5,34,37,28,4,0,1928,26,expectedAssists,TUR,2023-2024,datafc_sofascore,2026-08-09T01:36:50.770462
52,53190,Max Gradel,16590,Gaziantep FK,5138,1,4,6.73,2.55,3.11,28,11,28,20,41,5,0,1712,29,expectedAssists,TUR,2023-2024,datafc_sofascore,2026-08-09T01:36:50.770462
52,53190,Valon Ethemi,904945,Konyaspor,3085,2,4,6.75,3.04,3.08,37,10,31,27,18,4,0,1919,30,expectedAssists,TUR,2023-2024,datafc_sofascore,2026-08-09T01:36:50.770462
52,53190,Jure Balkovec,171625,Alanyaspor,6362,3,0,6.94,0.57,3.07,21,7,26,7,33,7,0,2141,28,expectedAssists,TUR,2023-2024,datafc_sofascore,2026-08-09T01:36:50.770462
52,53190,David Sambissa,280459,İstanbulspor,3066,1,3,6.72,0.72,3.04,17,10,17,33,26,1,0,1564,25,expectedAssists,TUR,2023-2024,datafc_sofascore,2026-08-09T01:36:50.770462
52,53190,Aytaç Kara,128196,Kasımpaşa,6063,13,5,7.41,9.16,3.01,101,36,40,19,73,4,0,3248,37,expectedAssists,TUR,2023-2024,datafc_sofascore,2026-08-09T01:36:50.770462
52,53190,Nicolas Janvier,802150,Alanyaspor,6362,4,2,7.04,2.42,3.0,35,9,33,24,30,3,0,1655,34,expectedAssists,TUR,2023-2024,datafc_sofascore,2026-08-09T01:36:50.770462
52,53190,Ibrahim Olawoyin,1008173,Çaykur Rizespor,3064,8,2,7.12,5.84,2.99,64,25,39,65,63,6,0,2970,35,expectedAssists,TUR,2023-2024,datafc_sofascore,2026-08-09T01:36:50.770462
52,53190,Florian Loshaj,831407,İstanbulspor,3066,5,0,6.98,4.81,2.98,56,18,34,35,66,8,1,2705,32,expectedAssists,TUR,2023-2024,datafc_sofascore,2026-08-09T01:36:50.770462
52,53190,Tetê,980327,Galatasaray,3061,0,3,6.8,3.8,2.97,37,14,27,22,10,1,0,1136,33,expectedAssists,TUR,2023-2024,datafc_sofascore,2026-08-09T01:36:50.770462
52,53190,Lucas Torreira,754794,Galatasaray,3061,1,2,7.2,2.08,2.97,31,4,29,9,80,7,0,2993,35,expectedAssists,TUR,2023-2024,datafc_sofascore,2026-08-09T01:36:50.770462
52,53190,Kaan Ayhan,138152,Galatasaray,3061,1,2,7.07,1.11,2.96,22,6,29,6,33,3,0,2111,35,expectedAssists,TUR,2023-2024,datafc_sofascore,2026-08-09T01:36:50.770462
52,53190,Dal Varešanović,979109,Çaykur Rizespor,3064,8,2,6.76,7.09,2.96,51,16,20,31,13,5,0,2017,32,expectedAssists,TUR,2023-2024,datafc_sofascore,2026-08-09T01:36:50.770462
52,53190,Güray Vural,43559,Antalyaspor,3056,1,3,6.9,1.13,2.92,25,4,26,8,54,7,0,2568,30,expectedAssists,TUR,2023-2024,datafc_sofascore,2026-08-09T01:36:50.770462
52,53190,Gökhan Sazdağı,595396,Kayserispor,3072,0,5,6.79,1.56,2.92,25,7,26,35,92,9,0,2905,34,expectedAssists,TUR,2023-2024,datafc_sofascore,2026-08-09T01:36:50.770462
52,53190,Mustafa Eskihellaç,899069,Gaziantep FK,5138,2,3,6.93,1.29,2.92,25,5,29,41,66,5,0,3067,35,expectedAssists,TUR,2023-2024,datafc_sofascore,2026-08-09T01:36:50.770462
52,53190,Zeki Yavru,140735,Samsunspor,3053,1,2,7.02,0.32,2.91,12,4,28,8,47,4,0,2026,28,expectedAssists,TUR,2023-2024,datafc_sofascore,2026-08-09T01:36:50.770462
52,53190,Taha Şahin,1394729,Çaykur Rizespor,3064,0,4,6.87,0.65,2.84,8,0,27,29,58,5,0,2854,34,expectedAssists,TUR,2023-2024,datafc_sofascore,2026-08-09T01:36:50.770462
52,53190,Thomas Meunier,128587,Trabzonspor,3051,1,5,7.24,0.58,2.7,12,4,18,4,24,2,0,1245,14,expectedAssists,TUR,2023-2024,datafc_sofascore,2026-08-09T01:36:50.770462
52,53190,Florent Hadergjonaj,354860,Alanyaspor,6362,2,3,6.93,1.15,2.69,17,4,23,11,43,3,0,2318,31,expectedAssists,TUR,2023-2024,datafc_sofascore,2026-08-09T01:36:50.770462
52,53190,Wilfried Zaha,111850,Galatasaray,3061,9,3,7.18,4.15,2.63,48,19,23,43,29,2,0,1433,30,expectedAssists,TUR,2023-2024,datafc_sofascore,2026-08-09T01:36:50.770462
52,53190,Bünyamin Balcı,967214,Antalyaspor,3056,1,3,7.0,0.58,2.6,6,2,23,14,48,3,0,1865,23,expectedAssists,TUR,2023-2024,datafc_sofascore,2026-08-09T01:36:50.770462
52,53190,Ramazan Civelek,781408,Kayserispor,3072,0,2,6.71,1.48,2.6,16,7,25,12,27,4,0,1750,35,expectedAssists,TUR,2023-2024,datafc_sofascore,2026-08-09T01:36:50.770462
52,53190,Onur Bulut,142494,Beşiktaş JK,3050,0,3,6.76,0.36,2.58,6,2,20,10,27,2,0,2039,28,expectedAssists,TUR,2023-2024,datafc_sofascore,2026-08-09T01:36:50.770462
52,53190,Cláudio Winck,155998,Kasımpaşa,6063,3,1,6.82,3.38,2.58,31,8,22,37,72,7,1,2862,32,expectedAssists,TUR,2023-2024,datafc_sofascore,2026-08-09T01:36:50.770462
52,53190,Carlo Holse,837012,Samsunspor,3053,5,3,6.9,5.31,2.53,59,24,43,14,68,4,0,2787,33,expectedAssists,TUR,2023-2024,datafc_sofascore,2026-08-09T01:36:50.770462
52,53190,Gustavo Sauer,904505,Çaykur Rizespor,3064,1,1,6.89,0.92,2.52,27,8,35,23,54,4,0,1449,32,expectedAssists,TUR,2023-2024,datafc_sofascore,2026-08-09T01:36:50.770462
52,53190,Levent Mercan,1085938,Fatih Karagümrük,4954,1,5,6.9,0.7,2.51,14,1,33,37,82,8,0,3113,36,expectedAssists,TUR,2023-2024,datafc_sofascore,2026-08-09T01:36:50.770462
52,53190,Aylton Boa Morte,883918,Kayserispor,3072,8,2,6.8,9.83,2.51,70,29,29,70,39,7,0,2628,32,expectedAssists,TUR,2023-2024,datafc_sofascore,2026-08-09T01:36:50.770462
52,53190,Carlos Strandberg,333423,Hatayspor,3091,8,2,6.79,9.64,2.5,64,21,20,14,16,2,0,2274,36,expectedAssists,TUR,2023-2024,datafc_sofascore,2026-08-09T01:36:50.770462
52,53190,Pedrinho,182385,MKE Ankaragücü,3103,3,2,7.01,1.17,2.48,30,6,37,12,55,4,0,2199,32,expectedAssists,TUR,2023-2024,datafc_sofascore,2026-08-09T01:36:50.770462
52,53190,Amir Hadžiahmetović,795421,Beşiktaş JK,3050,0,4,7.06,0.3,2.46,3,1,22,8,19,2,1,1341,18,expectedAssists,TUR,2023-2024,datafc_sofascore,2026-08-09T01:36:50.770462
52,53190,Denis Drăguş,841199,Gaziantep FK,5138,14,1,7.22,13.78,2.44,106,40,38,85,54,8,0,2751,32,expectedAssists,TUR,2023-2024,datafc_sofascore,2026-08-09T01:36:50.770462
52,53190,Olivier Kemen,280447,Başakşehir FK,3086,3,3,6.94,2.83,2.42,23,9,28,22,21,3,0,1751,27,expectedAssists,TUR,2023-2024,datafc_sofascore,2026-08-09T01:36:50.770462
52,53190,Carlos Mané,859748,Kayserispor,3072,5,2,6.8,2.59,2.42,17,6,15,11,24,2,0,1139,25,expectedAssists,TUR,2023-2024,datafc_sofascore,2026-08-09T01:36:50.770462
52,53190,Nuno Da Costa,209374,Kasımpaşa,6063,14,4,7.28,10.67,2.41,67,24,26,49,23,1,0,2339,29,expectedAssists,TUR,2023-2024,datafc_sofascore,2026-08-09T01:36:50.770462
52,53190,Serdar Gürler,96520,Başakşehir FK,3086,1,0,6.75,1.3,2.36,18,6,19,17,7,2,0,1030,21,expectedAssists,TUR,2023-2024,datafc_sofascore,2026-08-09T01:36:50.770462
52,53190,Marlos Moreno,818942,Konyaspor,3085,2,1,6.84,1.47,2.36,33,7,18,50,45,4,0,1914,29,expectedAssists,TUR,2023-2024,datafc_sofascore,2026-08-09T01:36:50.770462
52,53190,Zymer Bytyqi,226784,Antalyaspor,3056,1,2,6.82,1.26,2.36,24,4,34,20,15,0,0,1388,29,expectedAssists,TUR,2023-2024,datafc_sofascore,2026-08-09T01:36:50.770462
52,53190,Fisayo Dele-Bashiru,910121,Hatayspor,3091,8,3,7.01,5.58,2.31,45,18,40,71,33,6,0,3039,36,expectedAssists,TUR,2023-2024,datafc_sofascore,2026-08-09T01:36:50.770462
52,53190,Samu Sáiz,99527,Sivasspor,3076,4,3,7.25,2.05,2.29,29,15,33,26,8,3,0,1357,17,expectedAssists,TUR,2023-2024,datafc_sofascore,2026-08-09T01:36:50.770462
52,53190,Jonas Svensson,98199,Beşiktaş JK,3050,0,3,7.1,0.13,2.29,4,0,23,10,50,4,0,2065,24,expectedAssists,TUR,2023-2024,datafc_sofascore,2026-08-09T01:36:50.770462
52,53190,Erdem Özgenç,60332,Pendikspor,7032,1,3,6.9,1.22,2.29,12,3,21,9,29,3,0,1508,22,expectedAssists,TUR,2023-2024,datafc_sofascore,2026-08-09T01:36:50.770462
52,53190,İsmail Yüksek,952600,Fenerbahçe,3052,0,4,7.15,2.24,2.28,26,4,29,29,73,5,2,2319,30,expectedAssists,TUR,2023-2024,datafc_sofascore,2026-08-09T01:36:50.770462
52,53190,Didier Lamkel Zé,845272,Hatayspor,3091,3,2,7.05,2.98,2.28,22,7,14,26,10,3,0,947,15,expectedAssists,TUR,2023-2024,datafc_sofascore,2026-08-09T01:36:50.770462
52,53190,Muammer Sarıkaya,816571,Çaykur Rizespor,3064,1,1,6.81,3.87,2.27,37,8,18,16,76,9,0,2275,35,expectedAssists,TUR,2023-2024,datafc_sofascore,2026-08-09T01:36:50.770462
52,53190,Erdoğan Yeşilyurt,142541,Antalyaspor,3056,3,3,6.89,1.78,2.25,31,7,31,26,41,8,1,2485,34,expectedAssists,TUR,2023-2024,datafc_sofascore,2026-08-09T01:36:50.770462
52,53190,Edin Džeko,14990,Fenerbahçe,3052,21,3,7.39,21.64,5.15,147,64,37,22,19,3,0,2741,36,shotsOnTarget,TUR,2023-2024,datafc_sofascore,2026-08-09T01:36:50.770462
52,53190,Mauro Icardi,233114,Galatasaray,3061,25,8,7.51,21.23,3.77,111,49,49,7,6,2,0,2856,34,shotsOnTarget,TUR,2023-2024,datafc_sofascore,2026-08-09T01:36:50.770462
52,53190,Krzysztof Piątek,558738,Başakşehir FK,3086,17,1,7.2,14.78,1.82,101,44,18,17,14,4,0,2703,34,shotsOnTarget,TUR,2023-2024,datafc_sofascore,2026-08-09T01:36:50.770462
52,53190,Rey Manaj,587882,Sivasspor,3076,18,3,7.31,14.34,1.48,104,40,17,20,13,10,0,2423,32,shotsOnTarget,TUR,2023-2024,datafc_sofascore,2026-08-09T01:36:50.770462
52,53190,Denis Drăguş,841199,Gaziantep FK,5138,14,1,7.22,13.78,2.44,106,40,38,85,54,8,0,2751,32,shotsOnTarget,TUR,2023-2024,datafc_sofascore,2026-08-09T01:36:50.770462
52,53190,Adam Buksa,1138856,Antalyaspor,3056,16,2,7.19,12.27,0.84,93,39,21,27,17,8,0,2925,33,shotsOnTarget,TUR,2023-2024,datafc_sofascore,2026-08-09T01:36:50.770462
52,53190,Aytaç Kara,128196,Kasımpaşa,6063,13,5,7.41,9.16,3.01,101,36,40,19,73,4,0,3248,37,shotsOnTarget,TUR,2023-2024,datafc_sofascore,2026-08-09T01:36:50.770462
52,53190,Mame Thiam,180981,Pendikspor,7032,18,7,7.26,13.28,3.36,85,36,34,18,47,4,0,3161,36,shotsOnTarget,TUR,2023-2024,datafc_sofascore,2026-08-09T01:36:50.770462
52,53190,Dries Mertens,32493,Galatasaray,3061,9,16,7.61,8.12,10.57,88,35,93,15,43,3,0,2487,36,shotsOnTarget,TUR,2023-2024,datafc_sofascore,2026-08-09T01:36:50.770462
52,53190,Sebastian Szymański,847983,Fenerbahçe,3052,10,11,7.55,9.31,9.69,87,31,77,10,85,4,0,2916,37,shotsOnTarget,TUR,2023-2024,datafc_sofascore,2026-08-09T01:36:50.770462
52,53190,Kerem Aktürkoğlu,903324,Galatasaray,3061,12,6,7.33,12.89,8.17,79,29,73,32,28,3,1,2479,37,shotsOnTarget,TUR,2023-2024,datafc_sofascore,2026-08-09T01:36:50.770462
52,53190,Aylton Boa Morte,883918,Kayserispor,3072,8,2,6.8,9.83,2.51,70,29,29,70,39,7,0,2628,32,shotsOnTarget,TUR,2023-2024,datafc_sofascore,2026-08-09T01:36:50.770462
52,53190,Dušan Tadić,38560,Fenerbahçe,3052,10,14,7.42,14.9,14.16,53,28,88,32,33,3,0,3157,38,shotsOnTarget,TUR,2023-2024,datafc_sofascore,2026-08-09T01:36:50.770462
52,53190,Michy Batshuayi,147745,Fenerbahçe,3052,12,1,6.88,11.23,1.31,49,27,10,6,6,4,0,813,27,shotsOnTarget,TUR,2023-2024,datafc_sofascore,2026-08-09T01:36:50.770462
52,53190,Marius Mouandilmadji,943593,Samsunspor,3053,9,1,6.88,10.59,0.73,70,27,10,14,6,5,1,2080,30,shotsOnTarget,TUR,2023-2024,datafc_sofascore,2026-08-09T01:36:50.770462
52,53190,Oğuz Aydın,999396,Alanyaspor,6362,13,8,7.28,9.34,8.32,58,25,64,54,25,3,1,2587,35,shotsOnTarget,TUR,2023-2024,datafc_sofascore,2026-08-09T01:36:50.770462
52,53190,Ibrahim Olawoyin,1008173,Çaykur Rizespor,3064,8,2,7.12,5.84,2.99,64,25,39,65,63,6,0,2970,35,shotsOnTarget,TUR,2023-2024,datafc_sofascore,2026-08-09T01:36:50.770462
52,53190,Bengali-Fodé Koita,51407,Sivasspor,3076,8,0,6.96,5.64,1.35,40,25,20,18,12,5,1,1307,24,shotsOnTarget,TUR,2023-2024,datafc_sofascore,2026-08-09T01:36:50.770462
52,53190,Yusuf Sarı,896364,Adana Demirspor,3101,3,7,7.3,2.92,5.46,59,24,48,45,22,1,0,1790,24,shotsOnTarget,TUR,2023-2024,datafc_sofascore,2026-08-09T01:36:50.770462
52,53190,Nuno Da Costa,209374,Kasımpaşa,6063,14,4,7.28,10.67,2.41,67,24,26,49,23,1,0,2339,29,shotsOnTarget,TUR,2023-2024,datafc_sofascore,2026-08-09T01:36:50.770462
52,53190,Semih Kılıçsoy,1142606,Beşiktaş JK,3050,11,4,7.13,5.59,1.48,57,24,16,40,16,5,0,1695,23,shotsOnTarget,TUR,2023-2024,datafc_sofascore,2026-08-09T01:36:50.770462
52,53190,Carlo Holse,837012,Samsunspor,3053,5,3,6.9,5.31,2.53,59,24,43,14,68,4,0,2787,33,shotsOnTarget,TUR,2023-2024,datafc_sofascore,2026-08-09T01:36:50.770462
52,53190,Can Keleş,918408,Fatih Karagümrük,4954,5,3,6.82,4.65,3.61,56,24,27,28,18,3,0,2272,35,shotsOnTarget,TUR,2023-2024,datafc_sofascore,2026-08-09T01:36:50.770462
52,53190,Paul Onuachu,295123,Trabzonspor,3051,14,4,7.52,8.11,0.47,57,23,13,11,6,3,0,1438,20,shotsOnTarget,TUR,2023-2024,datafc_sofascore,2026-08-09T01:36:50.770462
52,53190,Enis Destan,1012480,Trabzonspor,3051,9,4,6.97,6.44,0.85,42,23,16,8,20,4,0,1379,33,shotsOnTarget,TUR,2023-2024,datafc_sofascore,2026-08-09T01:36:50.770462
52,53190,Adolfo Gaich,940692,Çaykur Rizespor,3064,8,1,6.86,6.09,0.36,44,22,11,19,10,2,0,1624,32,shotsOnTarget,TUR,2023-2024,datafc_sofascore,2026-08-09T01:36:50.770462
52,53190,Haris Hajradinović,254979,Kasımpaşa,6063,5,14,7.39,6.16,9.69,69,21,104,26,63,3,0,3307,38,shotsOnTarget,TUR,2023-2024,datafc_sofascore,2026-08-09T01:36:50.770462
52,53190,İrfan Can Kahveci,226986,Fenerbahçe,3052,12,7,7.39,3.98,7.71,40,21,52,36,33,5,0,2027,31,shotsOnTarget,TUR,2023-2024,datafc_sofascore,2026-08-09T01:36:50.770462
52,53190,Sokol Cikalleshi,81138,Konyaspor,3085,12,5,6.94,10.96,1.11,64,21,27,27,23,3,0,2364,33,shotsOnTarget,TUR,2023-2024,datafc_sofascore,2026-08-09T01:36:50.770462
52,53190,Güven Yalçın,826162,Fatih Karagümrük,4954,9,4,6.91,5.75,1.33,58,21,28,39,15,5,0,2136,32,shotsOnTarget,TUR,2023-2024,datafc_sofascore,2026-08-09T01:36:50.770462
52,53190,Ali Sowe,238394,MKE Ankaragücü,3103,6,3,6.84,5.43,1.21,48,21,17,20,10,3,1,2136,27,shotsOnTarget,TUR,2023-2024,datafc_sofascore,2026-08-09T01:36:50.770462
52,53190,Carlos Strandberg,333423,Hatayspor,3091,8,2,6.79,9.64,2.5,64,21,20,14,16,2,0,2274,36,shotsOnTarget,TUR,2023-2024,datafc_sofascore,2026-08-09T01:36:50.770462
52,53190,Emir Kaan Gültekin,903714,İstanbulspor,3066,4,1,6.73,7.43,1.46,35,21,19,21,19,4,0,1716,30,shotsOnTarget,TUR,2023-2024,datafc_sofascore,2026-08-09T01:36:50.770462
52,53190,Emre Akbaba,343527,Adana Demirspor,3101,7,2,7.19,7.41,3.26,64,20,43,32,65,5,0,2682,32,shotsOnTarget,TUR,2023-2024,datafc_sofascore,2026-08-09T01:36:50.770462
52,53190,Mahmoud Trézéguet,295361,Trabzonspor,3051,9,5,7.17,6.45,3.71,57,20,29,23,17,2,0,1529,24,shotsOnTarget,TUR,2023-2024,datafc_sofascore,2026-08-09T01:36:50.770462
52,53190,Enis Bardhi,355024,Trabzonspor,3051,6,4,7.06,3.19,3.28,56,20,37,31,34,3,0,2342,34,shotsOnTarget,TUR,2023-2024,datafc_sofascore,2026-08-09T01:36:50.770462
52,53190,Milot Rashica,800411,Beşiktaş JK,3050,5,4,7.03,4.39,4.64,56,20,43,21,25,2,0,2037,29,shotsOnTarget,TUR,2023-2024,datafc_sofascore,2026-08-09T01:36:50.770462
52,53190,Halil Akbunar,217782,Pendikspor,7032,5,3,6.98,4.09,5.67,54,20,37,57,63,3,1,2808,37,shotsOnTarget,TUR,2023-2024,datafc_sofascore,2026-08-09T01:36:50.770462
52,53190,Altin Zeqiri,991742,Çaykur Rizespor,3064,5,5,6.88,6.68,3.34,47,20,36,47,23,4,0,2241,34,shotsOnTarget,TUR,2023-2024,datafc_sofascore,2026-08-09T01:36:50.770462
52,53190,João Figueiredo,841012,Başakşehir FK,3086,8,2,6.88,5.93,3.46,47,20,32,19,24,4,2,2036,34,shotsOnTarget,TUR,2023-2024,datafc_sofascore,2026-08-09T01:36:50.770462
52,53190,Wilfried Zaha,111850,Galatasaray,3061,9,3,7.18,4.15,2.63,48,19,23,43,29,2,0,1433,30,shotsOnTarget,TUR,2023-2024,datafc_sofascore,2026-08-09T01:36:50.770462
52,53190,Cengiz Ünder,758876,Fenerbahçe,3052,9,2,7.05,3.62,1.88,43,19,21,9,11,3,0,1046,24,shotsOnTarget,TUR,2023-2024,datafc_sofascore,2026-08-09T01:36:50.770462
52,53190,Tasos Chatzigiovanis,850770,MKE Ankaragücü,3103,2,1,6.87,3.04,1.23,38,19,15,55,9,1,0,1375,33,shotsOnTarget,TUR,2023-2024,datafc_sofascore,2026-08-09T01:36:50.770462
52,53190,Renaldo Cephas,1384968,MKE Ankaragücü,3103,3,1,6.83,4.71,1.91,43,19,15,41,28,5,0,1626,31,shotsOnTarget,TUR,2023-2024,datafc_sofascore,2026-08-09T01:36:50.770462
52,53190,Jackson,911351,İstanbulspor,3066,1,4,6.77,4.47,3.63,48,19,31,45,38,2,0,2201,35,shotsOnTarget,TUR,2023-2024,datafc_sofascore,2026-08-09T01:36:50.770462
52,53190,Sander van de Streek,220155,Antalyaspor,3056,2,2,6.68,5.01,1.02,49,19,17,18,36,3,1,1882,32,shotsOnTarget,TUR,2023-2024,datafc_sofascore,2026-08-09T01:36:50.770462
52,53190,Valentin Eysseric,139798,Fatih Karagümrük,4954,5,7,7.46,4.48,7.64,54,18,74,27,42,7,1,2420,31,shotsOnTarget,TUR,2023-2024,datafc_sofascore,2026-08-09T01:36:50.770462
52,53190,Barış Alper Yılmaz,904096,Galatasaray,3061,6,6,7.15,4.08,5.51,61,18,43,67,60,8,0,2550,37,shotsOnTarget,TUR,2023-2024,datafc_sofascore,2026-08-09T01:36:50.770462
52,53190,Miguel Cardoso,344009,Kayserispor,3072,1,7,7.08,5.41,7.21,65,18,66,31,39,4,0,2524,30,shotsOnTarget,TUR,2023-2024,datafc_sofascore,2026-08-09T01:36:50.770462
52,53190,Fisayo Dele-Bashiru,910121,Hatayspor,3091,8,3,7.01,5.58,2.31,45,18,40,71,33,6,0,3039,36,shotsOnTarget,TUR,2023-2024,datafc_sofascore,2026-08-09T01:36:50.770462
52,53190,Florian Loshaj,831407,İstanbulspor,3066,5,0,6.98,4.81,2.98,56,18,34,35,66,8,1,2705,32,shotsOnTarget,TUR,2023-2024,datafc_sofascore,2026-08-09T01:36:50.770462
52,53190,Jackson Muleka,927649,Beşiktaş JK,3050,4,1,6.9,4.52,1.43,53,18,19,35,33,1,0,1640,30,shotsOnTarget,TUR,2023-2024,datafc_sofascore,2026-08-09T01:36:50.770462
52,53190,Kerem Demirbay,142619,Galatasaray,3061,6,3,7.2,3.03,3.76,52,17,42,19,66,2,0,2227,34,shotsOnTarget,TUR,2023-2024,datafc_sofascore,2026-08-09T01:36:50.770462
52,53190,Deniz Türüç,252207,Başakşehir FK,3086,2,12,7.15,2.26,5.68,39,17,60,30,31,11,0,2678,34,shotsOnTarget,TUR,2023-2024,datafc_sofascore,2026-08-09T01:36:50.770462
52,53190,Mario Balotelli,25530,Adana Demirspor,3101,7,1,7.09,5.46,0.98,51,17,16,8,4,7,1,938,16,shotsOnTarget,TUR,2023-2024,datafc_sofascore,2026-08-09T01:36:50.770462
52,53190,Dimitrios Pelkas,139304,Başakşehir FK,3086,6,5,7.04,4.7,2.2,30,17,24,18,20,6,0,1245,23,shotsOnTarget,TUR,2023-2024,datafc_sofascore,2026-08-09T01:36:50.770462
52,53190,Gökhan Gül,797820,Kasımpaşa,6063,2,0,6.97,1.82,1.39,54,17,20,6,53,3,0,2928,38,shotsOnTarget,TUR,2023-2024,datafc_sofascore,2026-08-09T01:36:50.770462
52,53190,Mamadou Fall,822228,Kasımpaşa,6063,8,2,6.94,6.19,3.57,49,17,54,28,22,4,0,2854,34,shotsOnTarget,TUR,2023-2024,datafc_sofascore,2026-08-09T01:36:50.770462
52,53190,João Novais,233370,Alanyaspor,6362,5,2,6.9,5.14,4.58,46,17,33,25,22,7,0,2075,32,shotsOnTarget,TUR,2023-2024,datafc_sofascore,2026-08-09T01:36:50.770462
52,53190,Serdar Dursun,123917,Fenerbahçe,3052,6,2,6.87,7.17,0.82,39,17,12,3,4,0,0,1052,31,shotsOnTarget,TUR,2023-2024,datafc_sofascore,2026-08-09T01:36:50.770462
52,53190,Louka Prip,976127,Konyaspor,3085,6,0,6.73,2.61,0.93,29,17,11,24,19,1,0,1633,35,shotsOnTarget,TUR,2023-2024,datafc_sofascore,2026-08-09T01:36:50.770462
52,53190,Erencan Yardımcı,989168,Pendikspor,7032,6,2,6.7,8.09,0.94,36,17,8,16,11,0,0,1409,28,shotsOnTarget,TUR,2023-2024,datafc_sofascore,2026-08-09T01:36:50.770462
52,53190,Edin Višća,109779,Trabzonspor,3051,5,9,7.28,4.34,8.93,63,16,91,28,34,1,0,2762,36,shotsOnTarget,TUR,2023-2024,datafc_sofascore,2026-08-09T01:36:50.770462
52,53190,Alexandru Maxim,180511,Gaziantep FK,5138,3,8,7.16,5.85,7.47,43,16,80,36,38,4,2,2674,34,shotsOnTarget,TUR,2023-2024,datafc_sofascore,2026-08-09T01:36:50.770462
52,53190,Jonjo Shelvey,36465,Çaykur Rizespor,3064,3,6,7.15,2.58,3.71,55,16,48,17,36,6,0,2604,31,shotsOnTarget,TUR,2023-2024,datafc_sofascore,2026-08-09T01:36:50.770462
52,53190,Efkan Bekiroğlu,800458,MKE Ankaragücü,3103,9,4,7.04,4.65,3.74,52,16,39,31,20,2,1,2139,30,shotsOnTarget,TUR,2023-2024,datafc_sofascore,2026-08-09T01:36:50.770462
52,53190,Dal Varešanović,979109,Çaykur Rizespor,3064,8,2,6.76,7.09,2.96,51,16,20,31,13,5,0,2017,32,shotsOnTarget,TUR,2023-2024,datafc_sofascore,2026-08-09T01:36:50.770462
52,53190,Fred,243623,Fenerbahçe,3052,3,4,7.34,3.99,4.93,50,15,31,25,51,5,1,2051,25,shotsOnTarget,TUR,2023-2024,datafc_sofascore,2026-08-09T01:36:50.770462
52,53190,Samu Sáiz,99527,Sivasspor,3076,4,3,7.25,2.05,2.29,29,15,33,26,8,3,0,1357,17,shotsOnTarget,TUR,2023-2024,datafc_sofascore,2026-08-09T01:36:50.770462
52,53190,Ernest Muçi,924670,Beşiktaş JK,3050,3,0,7.13,2.25,1.71,41,15,16,18,12,3,0,1040,13,shotsOnTarget,TUR,2023-2024,datafc_sofascore,2026-08-09T01:36:50.770462
52,53190,M'Baye Niang,139228,Adana Demirspor,3101,8,1,7.08,5.93,0.47,30,15,9,6,3,2,0,993,16,shotsOnTarget,TUR,2023-2024,datafc_sofascore,2026-08-09T01:36:50.770462
52,53190,Ramzi Safouri,186949,Antalyaspor,3056,0,7,7.04,2.16,5.15,39,15,56,31,17,3,1,1803,30,shotsOnTarget,TUR,2023-2024,datafc_sofascore,2026-08-09T01:36:50.770462
52,53190,Mortadha Ben Ouanes,919225,Kasımpaşa,6063,7,5,7.01,3.26,4.88,36,15,45,31,41,8,0,2999,36,shotsOnTarget,TUR,2023-2024,datafc_sofascore,2026-08-09T01:36:50.770462
52,53190,Ryan Mendes,52797,Fatih Karagümrük,4954,4,4,6.96,2.1,3.44,33,15,26,29,32,5,2,1508,23,shotsOnTarget,TUR,2023-2024,datafc_sofascore,2026-08-09T01:36:50.770462
52,53190,Nani,17740,Adana Demirspor,3101,4,2,6.83,2.22,1.37,29,15,17,13,13,5,0,975,28,shotsOnTarget,TUR,2023-2024,datafc_sofascore,2026-08-09T01:36:50.770462
52,53190,Yusuf Erdoğan,256663,Adana Demirspor,3101,5,2,6.8,4.08,2.0,43,15,23,26,32,4,0,2594,35,shotsOnTarget,TUR,2023-2024,datafc_sofascore,2026-08-09T01:36:50.770462
52,53190,Renat Dadaşov,836941,Hatayspor,3091,6,0,6.79,5.98,0.76,27,15,14,14,8,7,0,1411,31,shotsOnTarget,TUR,2023-2024,datafc_sofascore,2026-08-09T01:36:50.770462
52,53190,Olivier Ntcham,352676,Samsunspor,3053,6,0,6.75,6.23,1.94,50,15,14,23,14,5,0,1872,27,shotsOnTarget,TUR,2023-2024,datafc_sofascore,2026-08-09T01:36:50.770462
52,53190,Ferdi Kadıoğlu,825844,Fenerbahçe,3052,1,4,7.44,2.5,6.69,33,14,51,57,75,3,0,3327,37,shotsOnTarget,TUR,2023-2024,datafc_sofascore,2026-08-09T01:36:50.770462
52,53190,Hakim Ziyech,249437,Galatasaray,3061,6,3,7.26,2.01,4.28,43,14,35,15,18,4,0,1077,18,shotsOnTarget,TUR,2023-2024,datafc_sofascore,2026-08-09T01:36:50.770462
52,53190,Marcão,870717,Fatih Karagümrük,4954,6,1,7.14,4.7,0.41,35,14,6,8,4,1,0,680,11,shotsOnTarget,TUR,2023-2024,datafc_sofascore,2026-08-09T01:36:50.770462
52,53190,Cenk Tosun,72127,Beşiktaş JK,3050,6,4,6.86,8.64,1.15,55,14,21,9,14,2,0,1962,34,shotsOnTarget,TUR,2023-2024,datafc_sofascore,2026-08-09T01:36:50.770462
52,53190,Tetê,980327,Galatasaray,3061,0,3,6.8,3.8,2.97,37,14,27,22,10,1,0,1136,33,shotsOnTarget,TUR,2023-2024,datafc_sofascore,2026-08-09T01:36:50.770462
52,53190,Olimpiu Moruțan,833613,MKE Ankaragücü,3103,2,3,6.9,2.86,3.43,47,13,34,46,40,3,0,2128,30,shotsOnTarget,TUR,2023-2024,datafc_sofascore,2026-08-09T01:36:50.770462
52,53190,Clinton N'Jie,291665,Sivasspor,3076,2,2,6.64,2.04,1.56,23,13,19,25,13,2,1,1289,28,shotsOnTarget,TUR,2023-2024,datafc_sofascore,2026-08-09T01:36:50.770462
52,53190,Tasos Bakasetas,114076,Trabzonspor,3051,4,2,7.26,2.71,1.72,41,12,25,8,27,3,0,1321,17,shotsOnTarget,TUR,2023-2024,datafc_sofascore,2026-08-09T01:36:50.770462
52,53190,Sam Larsson,229800,Antalyaspor,3056,5,1,6.97,2.83,5.32,43,12,61,52,31,1,0,2568,35,shotsOnTarget,TUR,2023-2024,datafc_sofascore,2026-08-09T01:36:50.770462
52,53190,Rigoberto Rivas,837742,Hatayspor,3091,5,4,6.92,3.4,3.2,31,12,29,25,47,6,0,2431,29,shotsOnTarget,TUR,2023-2024,datafc_sofascore,2026-08-09T01:36:50.770462
52,53190,Carlos Eduardo,795295,Alanyaspor,6362,4,1,6.8,4.66,1.91,34,12,16,24,33,3,0,1532,29,shotsOnTarget,TUR,2023-2024,datafc_sofascore,2026-08-09T01:36:50.770462
52,53190,Stéphane Bahoken,153220,Kayserispor,3072,3,0,6.74,3.54,0.21,34,12,5,8,4,1,0,785,23,shotsOnTarget,TUR,2023-2024,datafc_sofascore,2026-08-09T01:36:50.770462
52,53190,Tolga Ciğerci,120298,MKE Ankaragücü,3103,5,3,7.15,3.47,1.48,38,11,22,13,45,4,0,2050,27,shotsOnTarget,TUR,2023-2024,datafc_sofascore,2026-08-09T01:36:50.770462
52,53190,Sagiv Jehezkel,1513792,Antalyaspor,3056,6,2,7.09,3.27,1.33,22,11,14,27,17,4,0,918,13,shotsOnTarget,TUR,2023-2024,datafc_sofascore,2026-08-09T01:36:50.770462
52,53190,Younès Belhanda,72999,Adana Demirspor,3101,3,0,7.03,2.06,1.76,24,11,27,15,18,4,0,1078,14,shotsOnTarget,TUR,2023-2024,datafc_sofascore,2026-08-09T01:36:50.770462
52,53190,Nicolas Pépé,593526,Trabzonspor,3051,5,2,6.99,2.97,1.67,24,11,17,20,8,0,0,1127,19,shotsOnTarget,TUR,2023-2024,datafc_sofascore,2026-08-09T01:36:50.770462
52,53190,Alex Oxlade-Chamberlain,10577,Beşiktaş JK,3050,4,1,6.97,3.21,1.02,26,11,17,24,9,0,0,994,20,shotsOnTarget,TUR,2023-2024,datafc_sofascore,2026-08-09T01:36:50.770462
52,53190,Marcus Rohdén,209082,Fatih Karagümrük,4954,4,4,6.91,2.44,1.87,36,11,29,13,32,4,0,2426,34,shotsOnTarget,TUR,2023-2024,datafc_sofascore,2026-08-09T01:36:50.770462
52,53190,Emrah Başsan,174141,Sivasspor,3076,0,3,6.9,1.86,2.09,29,11,25,25,18,2,0,1445,24,shotsOnTarget,TUR,2023-2024,datafc_sofascore,2026-08-09T01:36:50.770462
52,53190,Alexandru Cicâldău,827540,Konyaspor,3085,1,0,6.88,3.97,1.7,44,11,27,12,28,0,0,2032,31,shotsOnTarget,TUR,2023-2024,datafc_sofascore,2026-08-09T01:36:50.770462
52,53190,Dario Šarić,848385,Antalyaspor,3056,3,0,6.85,2.65,0.77,47,11,21,33,44,2,0,2563,32,shotsOnTarget,TUR,2023-2024,datafc_sofascore,2026-08-09T01:36:50.770462
52,53190,Halil Dervişoğlu,930775,Hatayspor,3091,0,1,6.8,3.07,1.31,35,11,18,28,25,0,0,957,25,shotsOnTarget,TUR,2023-2024,datafc_sofascore,2026-08-09T01:36:50.770462
52,53190,Edin Džeko,14990,Fenerbahçe,3052,21,3,7.39,21.64,5.15,147,64,37,22,19,3,0,2741,36,shotsOnTarget,TUR,2023-2024,datafc_sofascore,2026-08-09T01:36:50.770462
52,53190,Mauro Icardi,233114,Galatasaray,3061,25,8,7.51,21.23,3.77,111,49,49,7,6,2,0,2856,34,shotsOnTarget,TUR,2023-2024,datafc_sofascore,2026-08-09T01:36:50.770462
52,53190,Krzysztof Piątek,558738,Başakşehir FK,3086,17,1,7.2,14.78,1.82,101,44,18,17,14,4,0,2703,34,shotsOnTarget,TUR,2023-2024,datafc_sofascore,2026-08-09T01:36:50.770462
52,53190,Rey Manaj,587882,Sivasspor,3076,18,3,7.31,14.34,1.48,104,40,17,20,13,10,0,2423,32,shotsOnTarget,TUR,2023-2024,datafc_sofascore,2026-08-09T01:36:50.770462
52,53190,Denis Drăguş,841199,Gaziantep FK,5138,14,1,7.22,13.78,2.44,106,40,38,85,54,8,0,2751,32,shotsOnTarget,TUR,2023-2024,datafc_sofascore,2026-08-09T01:36:50.770462
52,53190,Adam Buksa,1138856,Antalyaspor,3056,16,2,7.19,12.27,0.84,93,39,21,27,17,8,0,2925,33,shotsOnTarget,TUR,2023-2024,datafc_sofascore,2026-08-09T01:36:50.770462
52,53190,Aytaç Kara,128196,Kasımpaşa,6063,13,5,7.41,9.16,3.01,101,36,40,19,73,4,0,3248,37,shotsOnTarget,TUR,2023-2024,datafc_sofascore,2026-08-09T01:36:50.770462
52,53190,Mame Thiam,180981,Pendikspor,7032,18,7,7.26,13.28,3.36,85,36,34,18,47,4,0,3161,36,shotsOnTarget,TUR,2023-2024,datafc_sofascore,2026-08-09T01:36:50.770462
52,53190,Dries Mertens,32493,Galatasaray,3061,9,16,7.61,8.12,10.57,88,35,93,15,43,3,0,2487,36,shotsOnTarget,TUR,2023-2024,datafc_sofascore,2026-08-09T01:36:50.770462
52,53190,Sebastian Szymański,847983,Fenerbahçe,3052,10,11,7.55,9.31,9.69,87,31,77,10,85,4,0,2916,37,shotsOnTarget,TUR,2023-2024,datafc_sofascore,2026-08-09T01:36:50.770462
52,53190,Kerem Aktürkoğlu,903324,Galatasaray,3061,12,6,7.33,12.89,8.17,79,29,73,32,28,3,1,2479,37,shotsOnTarget,TUR,2023-2024,datafc_sofascore,2026-08-09T01:36:50.770462
52,53190,Aylton Boa Morte,883918,Kayserispor,3072,8,2,6.8,9.83,2.51,70,29,29,70,39,7,0,2628,32,shotsOnTarget,TUR,2023-2024,datafc_sofascore,2026-08-09T01:36:50.770462
52,53190,Dušan Tadić,38560,Fenerbahçe,3052,10,14,7.42,14.9,14.16,53,28,88,32,33,3,0,3157,38,shotsOnTarget,TUR,2023-2024,datafc_sofascore,2026-08-09T01:36:50.770462
52,53190,Michy Batshuayi,147745,Fenerbahçe,3052,12,1,6.88,11.23,1.31,49,27,10,6,6,4,0,813,27,shotsOnTarget,TUR,2023-2024,datafc_sofascore,2026-08-09T01:36:50.770462
52,53190,Marius Mouandilmadji,943593,Samsunspor,3053,9,1,6.88,10.59,0.73,70,27,10,14,6,5,1,2080,30,shotsOnTarget,TUR,2023-2024,datafc_sofascore,2026-08-09T01:36:50.770462
52,53190,Oğuz Aydın,999396,Alanyaspor,6362,13,8,7.28,9.34,8.32,58,25,64,54,25,3,1,2587,35,shotsOnTarget,TUR,2023-2024,datafc_sofascore,2026-08-09T01:36:50.770462
52,53190,Ibrahim Olawoyin,1008173,Çaykur Rizespor,3064,8,2,7.12,5.84,2.99,64,25,39,65,63,6,0,2970,35,shotsOnTarget,TUR,2023-2024,datafc_sofascore,2026-08-09T01:36:50.770462
52,53190,Bengali-Fodé Koita,51407,Sivasspor,3076,8,0,6.96,5.64,1.35,40,25,20,18,12,5,1,1307,24,shotsOnTarget,TUR,2023-2024,datafc_sofascore,2026-08-09T01:36:50.770462
52,53190,Yusuf Sarı,896364,Adana Demirspor,3101,3,7,7.3,2.92,5.46,59,24,48,45,22,1,0,1790,24,shotsOnTarget,TUR,2023-2024,datafc_sofascore,2026-08-09T01:36:50.770462
52,53190,Nuno Da Costa,209374,Kasımpaşa,6063,14,4,7.28,10.67,2.41,67,24,26,49,23,1,0,2339,29,shotsOnTarget,TUR,2023-2024,datafc_sofascore,2026-08-09T01:36:50.770462
52,53190,Semih Kılıçsoy,1142606,Beşiktaş JK,3050,11,4,7.13,5.59,1.48,57,24,16,40,16,5,0,1695,23,shotsOnTarget,TUR,2023-2024,datafc_sofascore,2026-08-09T01:36:50.770462
52,53190,Carlo Holse,837012,Samsunspor,3053,5,3,6.9,5.31,2.53,59,24,43,14,68,4,0,2787,33,shotsOnTarget,TUR,2023-2024,datafc_sofascore,2026-08-09T01:36:50.770462
52,53190,Can Keleş,918408,Fatih Karagümrük,4954,5,3,6.82,4.65,3.61,56,24,27,28,18,3,0,2272,35,shotsOnTarget,TUR,2023-2024,datafc_sofascore,2026-08-09T01:36:50.770462
52,53190,Paul Onuachu,295123,Trabzonspor,3051,14,4,7.52,8.11,0.47,57,23,13,11,6,3,0,1438,20,shotsOnTarget,TUR,2023-2024,datafc_sofascore,2026-08-09T01:36:50.770462
52,53190,Enis Destan,1012480,Trabzonspor,3051,9,4,6.97,6.44,0.85,42,23,16,8,20,4,0,1379,33,shotsOnTarget,TUR,2023-2024,datafc_sofascore,2026-08-09T01:36:50.770462
52,53190,Adolfo Gaich,940692,Çaykur Rizespor,3064,8,1,6.86,6.09,0.36,44,22,11,19,10,2,0,1624,32,shotsOnTarget,TUR,2023-2024,datafc_sofascore,2026-08-09T01:36:50.770462
52,53190,Haris Hajradinović,254979,Kasımpaşa,6063,5,14,7.39,6.16,9.69,69,21,104,26,63,3,0,3307,38,shotsOnTarget,TUR,2023-2024,datafc_sofascore,2026-08-09T01:36:50.770462
52,53190,İrfan Can Kahveci,226986,Fenerbahçe,3052,12,7,7.39,3.98,7.71,40,21,52,36,33,5,0,2027,31,shotsOnTarget,TUR,2023-2024,datafc_sofascore,2026-08-09T01:36:50.770462
52,53190,Sokol Cikalleshi,81138,Konyaspor,3085,12,5,6.94,10.96,1.11,64,21,27,27,23,3,0,2364,33,shotsOnTarget,TUR,2023-2024,datafc_sofascore,2026-08-09T01:36:50.770462
52,53190,Güven Yalçın,826162,Fatih Karagümrük,4954,9,4,6.91,5.75,1.33,58,21,28,39,15,5,0,2136,32,shotsOnTarget,TUR,2023-2024,datafc_sofascore,2026-08-09T01:36:50.770462
52,53190,Ali Sowe,238394,MKE Ankaragücü,3103,6,3,6.84,5.43,1.21,48,21,17,20,10,3,1,2136,27,shotsOnTarget,TUR,2023-2024,datafc_sofascore,2026-08-09T01:36:50.770462
52,53190,Carlos Strandberg,333423,Hatayspor,3091,8,2,6.79,9.64,2.5,64,21,20,14,16,2,0,2274,36,shotsOnTarget,TUR,2023-2024,datafc_sofascore,2026-08-09T01:36:50.770462
52,53190,Emir Kaan Gültekin,903714,İstanbulspor,3066,4,1,6.73,7.43,1.46,35,21,19,21,19,4,0,1716,30,shotsOnTarget,TUR,2023-2024,datafc_sofascore,2026-08-09T01:36:50.770462
52,53190,Emre Akbaba,343527,Adana Demirspor,3101,7,2,7.19,7.41,3.26,64,20,43,32,65,5,0,2682,32,shotsOnTarget,TUR,2023-2024,datafc_sofascore,2026-08-09T01:36:50.770462
52,53190,Mahmoud Trézéguet,295361,Trabzonspor,3051,9,5,7.17,6.45,3.71,57,20,29,23,17,2,0,1529,24,shotsOnTarget,TUR,2023-2024,datafc_sofascore,2026-08-09T01:36:50.770462
52,53190,Enis Bardhi,355024,Trabzonspor,3051,6,4,7.06,3.19,3.28,56,20,37,31,34,3,0,2342,34,shotsOnTarget,TUR,2023-2024,datafc_sofascore,2026-08-09T01:36:50.770462
52,53190,Milot Rashica,800411,Beşiktaş JK,3050,5,4,7.03,4.39,4.64,56,20,43,21,25,2,0,2037,29,shotsOnTarget,TUR,2023-2024,datafc_sofascore,2026-08-09T01:36:50.770462
52,53190,Halil Akbunar,217782,Pendikspor,7032,5,3,6.98,4.09,5.67,54,20,37,57,63,3,1,2808,37,shotsOnTarget,TUR,2023-2024,datafc_sofascore,2026-08-09T01:36:50.770462
52,53190,Altin Zeqiri,991742,Çaykur Rizespor,3064,5,5,6.88,6.68,3.34,47,20,36,47,23,4,0,2241,34,shotsOnTarget,TUR,2023-2024,datafc_sofascore,2026-08-09T01:36:50.770462
52,53190,João Figueiredo,841012,Başakşehir FK,3086,8,2,6.88,5.93,3.46,47,20,32,19,24,4,2,2036,34,shotsOnTarget,TUR,2023-2024,datafc_sofascore,2026-08-09T01:36:50.770462
52,53190,Wilfried Zaha,111850,Galatasaray,3061,9,3,7.18,4.15,2.63,48,19,23,43,29,2,0,1433,30,shotsOnTarget,TUR,2023-2024,datafc_sofascore,2026-08-09T01:36:50.770462
52,53190,Cengiz Ünder,758876,Fenerbahçe,3052,9,2,7.05,3.62,1.88,43,19,21,9,11,3,0,1046,24,shotsOnTarget,TUR,2023-2024,datafc_sofascore,2026-08-09T01:36:50.770462
52,53190,Tasos Chatzigiovanis,850770,MKE Ankaragücü,3103,2,1,6.87,3.04,1.23,38,19,15,55,9,1,0,1375,33,shotsOnTarget,TUR,2023-2024,datafc_sofascore,2026-08-09T01:36:50.770462
52,53190,Renaldo Cephas,1384968,MKE Ankaragücü,3103,3,1,6.83,4.71,1.91,43,19,15,41,28,5,0,1626,31,shotsOnTarget,TUR,2023-2024,datafc_sofascore,2026-08-09T01:36:50.770462
52,53190,Jackson,911351,İstanbulspor,3066,1,4,6.77,4.47,3.63,48,19,31,45,38,2,0,2201,35,shotsOnTarget,TUR,2023-2024,datafc_sofascore,2026-08-09T01:36:50.770462
52,53190,Sander van de Streek,220155,Antalyaspor,3056,2,2,6.68,5.01,1.02,49,19,17,18,36,3,1,1882,32,shotsOnTarget,TUR,2023-2024,datafc_sofascore,2026-08-09T01:36:50.770462
52,53190,Valentin Eysseric,139798,Fatih Karagümrük,4954,5,7,7.46,4.48,7.64,54,18,74,27,42,7,1,2420,31,shotsOnTarget,TUR,2023-2024,datafc_sofascore,2026-08-09T01:36:50.770462
52,53190,Barış Alper Yılmaz,904096,Galatasaray,3061,6,6,7.15,4.08,5.51,61,18,43,67,60,8,0,2550,37,shotsOnTarget,TUR,2023-2024,datafc_sofascore,2026-08-09T01:36:50.770462
52,53190,Miguel Cardoso,344009,Kayserispor,3072,1,7,7.08,5.41,7.21,65,18,66,31,39,4,0,2524,30,shotsOnTarget,TUR,2023-2024,datafc_sofascore,2026-08-09T01:36:50.770462
52,53190,Fisayo Dele-Bashiru,910121,Hatayspor,3091,8,3,7.01,5.58,2.31,45,18,40,71,33,6,0,3039,36,shotsOnTarget,TUR,2023-2024,datafc_sofascore,2026-08-09T01:36:50.770462
52,53190,Florian Loshaj,831407,İstanbulspor,3066,5,0,6.98,4.81,2.98,56,18,34,35,66,8,1,2705,32,shotsOnTarget,TUR,2023-2024,datafc_sofascore,2026-08-09T01:36:50.770462
52,53190,Jackson Muleka,927649,Beşiktaş JK,3050,4,1,6.9,4.52,1.43,53,18,19,35,33,1,0,1640,30,shotsOnTarget,TUR,2023-2024,datafc_sofascore,2026-08-09T01:36:50.770462
52,53190,Kerem Demirbay,142619,Galatasaray,3061,6,3,7.2,3.03,3.76,52,17,42,19,66,2,0,2227,34,shotsOnTarget,TUR,2023-2024,datafc_sofascore,2026-08-09T01:36:50.770462
52,53190,Deniz Türüç,252207,Başakşehir FK,3086,2,12,7.15,2.26,5.68,39,17,60,30,31,11,0,2678,34,shotsOnTarget,TUR,2023-2024,datafc_sofascore,2026-08-09T01:36:50.770462
52,53190,Mario Balotelli,25530,Adana Demirspor,3101,7,1,7.09,5.46,0.98,51,17,16,8,4,7,1,938,16,shotsOnTarget,TUR,2023-2024,datafc_sofascore,2026-08-09T01:36:50.770462
52,53190,Dimitrios Pelkas,139304,Başakşehir FK,3086,6,5,7.04,4.7,2.2,30,17,24,18,20,6,0,1245,23,shotsOnTarget,TUR,2023-2024,datafc_sofascore,2026-08-09T01:36:50.770462
52,53190,Gökhan Gül,797820,Kasımpaşa,6063,2,0,6.97,1.82,1.39,54,17,20,6,53,3,0,2928,38,shotsOnTarget,TUR,2023-2024,datafc_sofascore,2026-08-09T01:36:50.770462
52,53190,Mamadou Fall,822228,Kasımpaşa,6063,8,2,6.94,6.19,3.57,49,17,54,28,22,4,0,2854,34,shotsOnTarget,TUR,2023-2024,datafc_sofascore,2026-08-09T01:36:50.770462
52,53190,João Novais,233370,Alanyaspor,6362,5,2,6.9,5.14,4.58,46,17,33,25,22,7,0,2075,32,shotsOnTarget,TUR,2023-2024,datafc_sofascore,2026-08-09T01:36:50.770462
52,53190,Serdar Dursun,123917,Fenerbahçe,3052,6,2,6.87,7.17,0.82,39,17,12,3,4,0,0,1052,31,shotsOnTarget,TUR,2023-2024,datafc_sofascore,2026-08-09T01:36:50.770462
52,53190,Louka Prip,976127,Konyaspor,3085,6,0,6.73,2.61,0.93,29,17,11,24,19,1,0,1633,35,shotsOnTarget,TUR,2023-2024,datafc_sofascore,2026-08-09T01:36:50.770462
52,53190,Erencan Yardımcı,989168,Pendikspor,7032,6,2,6.7,8.09,0.94,36,17,8,16,11,0,0,1409,28,shotsOnTarget,TUR,2023-2024,datafc_sofascore,2026-08-09T01:36:50.770462
52,53190,Edin Višća,109779,Trabzonspor,3051,5,9,7.28,4.34,8.93,63,16,91,28,34,1,0,2762,36,shotsOnTarget,TUR,2023-2024,datafc_sofascore,2026-08-09T01:36:50.770462
52,53190,Alexandru Maxim,180511,Gaziantep FK,5138,3,8,7.16,5.85,7.47,43,16,80,36,38,4,2,2674,34,shotsOnTarget,TUR,2023-2024,datafc_sofascore,2026-08-09T01:36:50.770462
52,53190,Jonjo Shelvey,36465,Çaykur Rizespor,3064,3,6,7.15,2.58,3.71,55,16,48,17,36,6,0,2604,31,shotsOnTarget,TUR,2023-2024,datafc_sofascore,2026-08-09T01:36:50.770462
52,53190,Efkan Bekiroğlu,800458,MKE Ankaragücü,3103,9,4,7.04,4.65,3.74,52,16,39,31,20,2,1,2139,30,shotsOnTarget,TUR,2023-2024,datafc_sofascore,2026-08-09T01:36:50.770462
52,53190,Dal Varešanović,979109,Çaykur Rizespor,3064,8,2,6.76,7.09,2.96,51,16,20,31,13,5,0,2017,32,shotsOnTarget,TUR,2023-2024,datafc_sofascore,2026-08-09T01:36:50.770462
52,53190,Fred,243623,Fenerbahçe,3052,3,4,7.34,3.99,4.93,50,15,31,25,51,5,1,2051,25,shotsOnTarget,TUR,2023-2024,datafc_sofascore,2026-08-09T01:36:50.770462
52,53190,Samu Sáiz,99527,Sivasspor,3076,4,3,7.25,2.05,2.29,29,15,33,26,8,3,0,1357,17,shotsOnTarget,TUR,2023-2024,datafc_sofascore,2026-08-09T01:36:50.770462
52,53190,Ernest Muçi,924670,Beşiktaş JK,3050,3,0,7.13,2.25,1.71,41,15,16,18,12,3,0,1040,13,shotsOnTarget,TUR,2023-2024,datafc_sofascore,2026-08-09T01:36:50.770462
52,53190,M'Baye Niang,139228,Adana Demirspor,3101,8,1,7.08,5.93,0.47,30,15,9,6,3,2,0,993,16,shotsOnTarget,TUR,2023-2024,datafc_sofascore,2026-08-09T01:36:50.770462
52,53190,Ramzi Safouri,186949,Antalyaspor,3056,0,7,7.04,2.16,5.15,39,15,56,31,17,3,1,1803,30,shotsOnTarget,TUR,2023-2024,datafc_sofascore,2026-08-09T01:36:50.770462
52,53190,Mortadha Ben Ouanes,919225,Kasımpaşa,6063,7,5,7.01,3.26,4.88,36,15,45,31,41,8,0,2999,36,shotsOnTarget,TUR,2023-2024,datafc_sofascore,2026-08-09T01:36:50.770462
52,53190,Ryan Mendes,52797,Fatih Karagümrük,4954,4,4,6.96,2.1,3.44,33,15,26,29,32,5,2,1508,23,shotsOnTarget,TUR,2023-2024,datafc_sofascore,2026-08-09T01:36:50.770462
52,53190,Nani,17740,Adana Demirspor,3101,4,2,6.83,2.22,1.37,29,15,17,13,13,5,0,975,28,shotsOnTarget,TUR,2023-2024,datafc_sofascore,2026-08-09T01:36:50.770462
52,53190,Yusuf Erdoğan,256663,Adana Demirspor,3101,5,2,6.8,4.08,2.0,43,15,23,26,32,4,0,2594,35,shotsOnTarget,TUR,2023-2024,datafc_sofascore,2026-08-09T01:36:50.770462
52,53190,Renat Dadaşov,836941,Hatayspor,3091,6,0,6.79,5.98,0.76,27,15,14,14,8,7,0,1411,31,shotsOnTarget,TUR,2023-2024,datafc_sofascore,2026-08-09T01:36:50.770462
52,53190,Olivier Ntcham,352676,Samsunspor,3053,6,0,6.75,6.23,1.94,50,15,14,23,14,5,0,1872,27,shotsOnTarget,TUR,2023-2024,datafc_sofascore,2026-08-09T01:36:50.770462
52,53190,Ferdi Kadıoğlu,825844,Fenerbahçe,3052,1,4,7.44,2.5,6.69,33,14,51,57,75,3,0,3327,37,shotsOnTarget,TUR,2023-2024,datafc_sofascore,2026-08-09T01:36:50.770462
52,53190,Hakim Ziyech,249437,Galatasaray,3061,6,3,7.26,2.01,4.28,43,14,35,15,18,4,0,1077,18,shotsOnTarget,TUR,2023-2024,datafc_sofascore,2026-08-09T01:36:50.770462
52,53190,Marcão,870717,Fatih Karagümrük,4954,6,1,7.14,4.7,0.41,35,14,6,8,4,1,0,680,11,shotsOnTarget,TUR,2023-2024,datafc_sofascore,2026-08-09T01:36:50.770462
52,53190,Cenk Tosun,72127,Beşiktaş JK,3050,6,4,6.86,8.64,1.15,55,14,21,9,14,2,0,1962,34,shotsOnTarget,TUR,2023-2024,datafc_sofascore,2026-08-09T01:36:50.770462
52,53190,Tetê,980327,Galatasaray,3061,0,3,6.8,3.8,2.97,37,14,27,22,10,1,0,1136,33,shotsOnTarget,TUR,2023-2024,datafc_sofascore,2026-08-09T01:36:50.770462
52,53190,Olimpiu Moruțan,833613,MKE Ankaragücü,3103,2,3,6.9,2.86,3.43,47,13,34,46,40,3,0,2128,30,shotsOnTarget,TUR,2023-2024,datafc_sofascore,2026-08-09T01:36:50.770462
52,53190,Clinton N'Jie,291665,Sivasspor,3076,2,2,6.64,2.04,1.56,23,13,19,25,13,2,1,1289,28,shotsOnTarget,TUR,2023-2024,datafc_sofascore,2026-08-09T01:36:50.770462
52,53190,Tasos Bakasetas,114076,Trabzonspor,3051,4,2,7.26,2.71,1.72,41,12,25,8,27,3,0,1321,17,shotsOnTarget,TUR,2023-2024,datafc_sofascore,2026-08-09T01:36:50.770462
52,53190,Sam Larsson,229800,Antalyaspor,3056,5,1,6.97,2.83,5.32,43,12,61,52,31,1,0,2568,35,shotsOnTarget,TUR,2023-2024,datafc_sofascore,2026-08-09T01:36:50.770462
52,53190,Rigoberto Rivas,837742,Hatayspor,3091,5,4,6.92,3.4,3.2,31,12,29,25,47,6,0,2431,29,shotsOnTarget,TUR,2023-2024,datafc_sofascore,2026-08-09T01:36:50.770462
52,53190,Carlos Eduardo,795295,Alanyaspor,6362,4,1,6.8,4.66,1.91,34,12,16,24,33,3,0,1532,29,shotsOnTarget,TUR,2023-2024,datafc_sofascore,2026-08-09T01:36:50.770462
52,53190,Stéphane Bahoken,153220,Kayserispor,3072,3,0,6.74,3.54,0.21,34,12,5,8,4,1,0,785,23,shotsOnTarget,TUR,2023-2024,datafc_sofascore,2026-08-09T01:36:50.770462
52,53190,Tolga Ciğerci,120298,MKE Ankaragücü,3103,5,3,7.15,3.47,1.48,38,11,22,13,45,4,0,2050,27,shotsOnTarget,TUR,2023-2024,datafc_sofascore,2026-08-09T01:36:50.770462
52,53190,Sagiv Jehezkel,1513792,Antalyaspor,3056,6,2,7.09,3.27,1.33,22,11,14,27,17,4,0,918,13,shotsOnTarget,TUR,2023-2024,datafc_sofascore,2026-08-09T01:36:50.770462
52,53190,Younès Belhanda,72999,Adana Demirspor,3101,3,0,7.03,2.06,1.76,24,11,27,15,18,4,0,1078,14,shotsOnTarget,TUR,2023-2024,datafc_sofascore,2026-08-09T01:36:50.770462
52,53190,Nicolas Pépé,593526,Trabzonspor,3051,5,2,6.99,2.97,1.67,24,11,17,20,8,0,0,1127,19,shotsOnTarget,TUR,2023-2024,datafc_sofascore,2026-08-09T01:36:50.770462
52,53190,Alex Oxlade-Chamberlain,10577,Beşiktaş JK,3050,4,1,6.97,3.21,1.02,26,11,17,24,9,0,0,994,20,shotsOnTarget,TUR,2023-2024,datafc_sofascore,2026-08-09T01:36:50.770462
52,53190,Marcus Rohdén,209082,Fatih Karagümrük,4954,4,4,6.91,2.44,1.87,36,11,29,13,32,4,0,2426,34,shotsOnTarget,TUR,2023-2024,datafc_sofascore,2026-08-09T01:36:50.770462
52,53190,Emrah Başsan,174141,Sivasspor,3076,0,3,6.9,1.86,2.09,29,11,25,25,18,2,0,1445,24,shotsOnTarget,TUR,2023-2024,datafc_sofascore,2026-08-09T01:36:50.770462
52,53190,Alexandru Cicâldău,827540,Konyaspor,3085,1,0,6.88,3.97,1.7,44,11,27,12,28,0,0,2032,31,shotsOnTarget,TUR,2023-2024,datafc_sofascore,2026-08-09T01:36:50.770462
52,53190,Dario Šarić,848385,Antalyaspor,3056,3,0,6.85,2.65,0.77,47,11,21,33,44,2,0,2563,32,shotsOnTarget,TUR,2023-2024,datafc_sofascore,2026-08-09T01:36:50.770462
52,53190,Halil Dervişoğlu,930775,Hatayspor,3091,0,1,6.8,3.07,1.31,35,11,18,28,25,0,0,957,25,shotsOnTarget,TUR,2023-2024,datafc_sofascore,2026-08-09T01:36:50.770462
52,53190,Edin Džeko,14990,Fenerbahçe,3052,21,3,7.39,21.64,5.15,147,64,37,22,19,3,0,2741,36,totalShots,TUR,2023-2024,datafc_sofascore,2026-08-09T01:36:50.770462
52,53190,Mauro Icardi,233114,Galatasaray,3061,25,8,7.51,21.23,3.77,111,49,49,7,6,2,0,2856,34,totalShots,TUR,2023-2024,datafc_sofascore,2026-08-09T01:36:50.770462
52,53190,Denis Drăguş,841199,Gaziantep FK,5138,14,1,7.22,13.78,2.44,106,40,38,85,54,8,0,2751,32,totalShots,TUR,2023-2024,datafc_sofascore,2026-08-09T01:36:50.770462
52,53190,Rey Manaj,587882,Sivasspor,3076,18,3,7.31,14.34,1.48,104,40,17,20,13,10,0,2423,32,totalShots,TUR,2023-2024,datafc_sofascore,2026-08-09T01:36:50.770462
52,53190,Aytaç Kara,128196,Kasımpaşa,6063,13,5,7.41,9.16,3.01,101,36,40,19,73,4,0,3248,37,totalShots,TUR,2023-2024,datafc_sofascore,2026-08-09T01:36:50.770462
52,53190,Krzysztof Piątek,558738,Başakşehir FK,3086,17,1,7.2,14.78,1.82,101,44,18,17,14,4,0,2703,34,totalShots,TUR,2023-2024,datafc_sofascore,2026-08-09T01:36:50.770462
52,53190,Adam Buksa,1138856,Antalyaspor,3056,16,2,7.19,12.27,0.84,93,39,21,27,17,8,0,2925,33,totalShots,TUR,2023-2024,datafc_sofascore,2026-08-09T01:36:50.770462
52,53190,Dries Mertens,32493,Galatasaray,3061,9,16,7.61,8.12,10.57,88,35,93,15,43,3,0,2487,36,totalShots,TUR,2023-2024,datafc_sofascore,2026-08-09T01:36:50.770462
52,53190,Sebastian Szymański,847983,Fenerbahçe,3052,10,11,7.55,9.31,9.69,87,31,77,10,85,4,0,2916,37,totalShots,TUR,2023-2024,datafc_sofascore,2026-08-09T01:36:50.770462
52,53190,Mame Thiam,180981,Pendikspor,7032,18,7,7.26,13.28,3.36,85,36,34,18,47,4,0,3161,36,totalShots,TUR,2023-2024,datafc_sofascore,2026-08-09T01:36:50.770462
52,53190,Kerem Aktürkoğlu,903324,Galatasaray,3061,12,6,7.33,12.89,8.17,79,29,73,32,28,3,1,2479,37,totalShots,TUR,2023-2024,datafc_sofascore,2026-08-09T01:36:50.770462
52,53190,Marius Mouandilmadji,943593,Samsunspor,3053,9,1,6.88,10.59,0.73,70,27,10,14,6,5,1,2080,30,totalShots,TUR,2023-2024,datafc_sofascore,2026-08-09T01:36:50.770462
52,53190,Aylton Boa Morte,883918,Kayserispor,3072,8,2,6.8,9.83,2.51,70,29,29,70,39,7,0,2628,32,totalShots,TUR,2023-2024,datafc_sofascore,2026-08-09T01:36:50.770462
52,53190,Haris Hajradinović,254979,Kasımpaşa,6063,5,14,7.39,6.16,9.69,69,21,104,26,63,3,0,3307,38,totalShots,TUR,2023-2024,datafc_sofascore,2026-08-09T01:36:50.770462
52,53190,Nuno Da Costa,209374,Kasımpaşa,6063,14,4,7.28,10.67,2.41,67,24,26,49,23,1,0,2339,29,totalShots,TUR,2023-2024,datafc_sofascore,2026-08-09T01:36:50.770462
52,53190,Miguel Cardoso,344009,Kayserispor,3072,1,7,7.08,5.41,7.21,65,18,66,31,39,4,0,2524,30,totalShots,TUR,2023-2024,datafc_sofascore,2026-08-09T01:36:50.770462
52,53190,Emre Akbaba,343527,Adana Demirspor,3101,7,2,7.19,7.41,3.26,64,20,43,32,65,5,0,2682,32,totalShots,TUR,2023-2024,datafc_sofascore,2026-08-09T01:36:50.770462
52,53190,Ibrahim Olawoyin,1008173,Çaykur Rizespor,3064,8,2,7.12,5.84,2.99,64,25,39,65,63,6,0,2970,35,totalShots,TUR,2023-2024,datafc_sofascore,2026-08-09T01:36:50.770462
52,53190,Sokol Cikalleshi,81138,Konyaspor,3085,12,5,6.94,10.96,1.11,64,21,27,27,23,3,0,2364,33,totalShots,TUR,2023-2024,datafc_sofascore,2026-08-09T01:36:50.770462
52,53190,Carlos Strandberg,333423,Hatayspor,3091,8,2,6.79,9.64,2.5,64,21,20,14,16,2,0,2274,36,totalShots,TUR,2023-2024,datafc_sofascore,2026-08-09T01:36:50.770462
52,53190,Edin Višća,109779,Trabzonspor,3051,5,9,7.28,4.34,8.93,63,16,91,28,34,1,0,2762,36,totalShots,TUR,2023-2024,datafc_sofascore,2026-08-09T01:36:50.770462
52,53190,Barış Alper Yılmaz,904096,Galatasaray,3061,6,6,7.15,4.08,5.51,61,18,43,67,60,8,0,2550,37,totalShots,TUR,2023-2024,datafc_sofascore,2026-08-09T01:36:50.770462
52,53190,Yusuf Sarı,896364,Adana Demirspor,3101,3,7,7.3,2.92,5.46,59,24,48,45,22,1,0,1790,24,totalShots,TUR,2023-2024,datafc_sofascore,2026-08-09T01:36:50.770462
52,53190,Carlo Holse,837012,Samsunspor,3053,5,3,6.9,5.31,2.53,59,24,43,14,68,4,0,2787,33,totalShots,TUR,2023-2024,datafc_sofascore,2026-08-09T01:36:50.770462
52,53190,Oğuz Aydın,999396,Alanyaspor,6362,13,8,7.28,9.34,8.32,58,25,64,54,25,3,1,2587,35,totalShots,TUR,2023-2024,datafc_sofascore,2026-08-09T01:36:50.770462
52,53190,Güven Yalçın,826162,Fatih Karagümrük,4954,9,4,6.91,5.75,1.33,58,21,28,39,15,5,0,2136,32,totalShots,TUR,2023-2024,datafc_sofascore,2026-08-09T01:36:50.770462
52,53190,Paul Onuachu,295123,Trabzonspor,3051,14,4,7.52,8.11,0.47,57,23,13,11,6,3,0,1438,20,totalShots,TUR,2023-2024,datafc_sofascore,2026-08-09T01:36:50.770462
52,53190,Mahmoud Trézéguet,295361,Trabzonspor,3051,9,5,7.17,6.45,3.71,57,20,29,23,17,2,0,1529,24,totalShots,TUR,2023-2024,datafc_sofascore,2026-08-09T01:36:50.770462
52,53190,Semih Kılıçsoy,1142606,Beşiktaş JK,3050,11,4,7.13,5.59,1.48,57,24,16,40,16,5,0,1695,23,totalShots,TUR,2023-2024,datafc_sofascore,2026-08-09T01:36:50.770462
52,53190,Enis Bardhi,355024,Trabzonspor,3051,6,4,7.06,3.19,3.28,56,20,37,31,34,3,0,2342,34,totalShots,TUR,2023-2024,datafc_sofascore,2026-08-09T01:36:50.770462
52,53190,Milot Rashica,800411,Beşiktaş JK,3050,5,4,7.03,4.39,4.64,56,20,43,21,25,2,0,2037,29,totalShots,TUR,2023-2024,datafc_sofascore,2026-08-09T01:36:50.770462
52,53190,Florian Loshaj,831407,İstanbulspor,3066,5,0,6.98,4.81,2.98,56,18,34,35,66,8,1,2705,32,totalShots,TUR,2023-2024,datafc_sofascore,2026-08-09T01:36:50.770462
52,53190,Can Keleş,918408,Fatih Karagümrük,4954,5,3,6.82,4.65,3.61,56,24,27,28,18,3,0,2272,35,totalShots,TUR,2023-2024,datafc_sofascore,2026-08-09T01:36:50.770462
52,53190,Jonjo Shelvey,36465,Çaykur Rizespor,3064,3,6,7.15,2.58,3.71,55,16,48,17,36,6,0,2604,31,totalShots,TUR,2023-2024,datafc_sofascore,2026-08-09T01:36:50.770462
52,53190,Cenk Tosun,72127,Beşiktaş JK,3050,6,4,6.86,8.64,1.15,55,14,21,9,14,2,0,1962,34,totalShots,TUR,2023-2024,datafc_sofascore,2026-08-09T01:36:50.770462
52,53190,Valentin Eysseric,139798,Fatih Karagümrük,4954,5,7,7.46,4.48,7.64,54,18,74,27,42,7,1,2420,31,totalShots,TUR,2023-2024,datafc_sofascore,2026-08-09T01:36:50.770462
52,53190,Halil Akbunar,217782,Pendikspor,7032,5,3,6.98,4.09,5.67,54,20,37,57,63,3,1,2808,37,totalShots,TUR,2023-2024,datafc_sofascore,2026-08-09T01:36:50.770462
52,53190,Gökhan Gül,797820,Kasımpaşa,6063,2,0,6.97,1.82,1.39,54,17,20,6,53,3,0,2928,38,totalShots,TUR,2023-2024,datafc_sofascore,2026-08-09T01:36:50.770462
52,53190,Dušan Tadić,38560,Fenerbahçe,3052,10,14,7.42,14.9,14.16,53,28,88,32,33,3,0,3157,38,totalShots,TUR,2023-2024,datafc_sofascore,2026-08-09T01:36:50.770462
52,53190,Jackson Muleka,927649,Beşiktaş JK,3050,4,1,6.9,4.52,1.43,53,18,19,35,33,1,0,1640,30,totalShots,TUR,2023-2024,datafc_sofascore,2026-08-09T01:36:50.770462
52,53190,Kerem Demirbay,142619,Galatasaray,3061,6,3,7.2,3.03,3.76,52,17,42,19,66,2,0,2227,34,totalShots,TUR,2023-2024,datafc_sofascore,2026-08-09T01:36:50.770462
52,53190,Efkan Bekiroğlu,800458,MKE Ankaragücü,3103,9,4,7.04,4.65,3.74,52,16,39,31,20,2,1,2139,30,totalShots,TUR,2023-2024,datafc_sofascore,2026-08-09T01:36:50.770462
52,53190,Mario Balotelli,25530,Adana Demirspor,3101,7,1,7.09,5.46,0.98,51,17,16,8,4,7,1,938,16,totalShots,TUR,2023-2024,datafc_sofascore,2026-08-09T01:36:50.770462
52,53190,Dal Varešanović,979109,Çaykur Rizespor,3064,8,2,6.76,7.09,2.96,51,16,20,31,13,5,0,2017,32,totalShots,TUR,2023-2024,datafc_sofascore,2026-08-09T01:36:50.770462
52,53190,Fred,243623,Fenerbahçe,3052,3,4,7.34,3.99,4.93,50,15,31,25,51,5,1,2051,25,totalShots,TUR,2023-2024,datafc_sofascore,2026-08-09T01:36:50.770462
52,53190,Olivier Ntcham,352676,Samsunspor,3053,6,0,6.75,6.23,1.94,50,15,14,23,14,5,0,1872,27,totalShots,TUR,2023-2024,datafc_sofascore,2026-08-09T01:36:50.770462
52,53190,Mamadou Fall,822228,Kasımpaşa,6063,8,2,6.94,6.19,3.57,49,17,54,28,22,4,0,2854,34,totalShots,TUR,2023-2024,datafc_sofascore,2026-08-09T01:36:50.770462
52,53190,Michy Batshuayi,147745,Fenerbahçe,3052,12,1,6.88,11.23,1.31,49,27,10,6,6,4,0,813,27,totalShots,TUR,2023-2024,datafc_sofascore,2026-08-09T01:36:50.770462
52,53190,Sander van de Streek,220155,Antalyaspor,3056,2,2,6.68,5.01,1.02,49,19,17,18,36,3,1,1882,32,totalShots,TUR,2023-2024,datafc_sofascore,2026-08-09T01:36:50.770462
52,53190,Wilfried Zaha,111850,Galatasaray,3061,9,3,7.18,4.15,2.63,48,19,23,43,29,2,0,1433,30,totalShots,TUR,2023-2024,datafc_sofascore,2026-08-09T01:36:50.770462
52,53190,Ali Sowe,238394,MKE Ankaragücü,3103,6,3,6.84,5.43,1.21,48,21,17,20,10,3,1,2136,27,totalShots,TUR,2023-2024,datafc_sofascore,2026-08-09T01:36:50.770462
52,53190,Jackson,911351,İstanbulspor,3066,1,4,6.77,4.47,3.63,48,19,31,45,38,2,0,2201,35,totalShots,TUR,2023-2024,datafc_sofascore,2026-08-09T01:36:50.770462
52,53190,Olimpiu Moruțan,833613,MKE Ankaragücü,3103,2,3,6.9,2.86,3.43,47,13,34,46,40,3,0,2128,30,totalShots,TUR,2023-2024,datafc_sofascore,2026-08-09T01:36:50.770462
52,53190,Altin Zeqiri,991742,Çaykur Rizespor,3064,5,5,6.88,6.68,3.34,47,20,36,47,23,4,0,2241,34,totalShots,TUR,2023-2024,datafc_sofascore,2026-08-09T01:36:50.770462
52,53190,João Figueiredo,841012,Başakşehir FK,3086,8,2,6.88,5.93,3.46,47,20,32,19,24,4,2,2036,34,totalShots,TUR,2023-2024,datafc_sofascore,2026-08-09T01:36:50.770462
52,53190,Dario Šarić,848385,Antalyaspor,3056,3,0,6.85,2.65,0.77,47,11,21,33,44,2,0,2563,32,totalShots,TUR,2023-2024,datafc_sofascore,2026-08-09T01:36:50.770462
52,53190,João Novais,233370,Alanyaspor,6362,5,2,6.9,5.14,4.58,46,17,33,25,22,7,0,2075,32,totalShots,TUR,2023-2024,datafc_sofascore,2026-08-09T01:36:50.770462
52,53190,Fisayo Dele-Bashiru,910121,Hatayspor,3091,8,3,7.01,5.58,2.31,45,18,40,71,33,6,0,3039,36,totalShots,TUR,2023-2024,datafc_sofascore,2026-08-09T01:36:50.770462
52,53190,Alexandru Cicâldău,827540,Konyaspor,3085,1,0,6.88,3.97,1.7,44,11,27,12,28,0,0,2032,31,totalShots,TUR,2023-2024,datafc_sofascore,2026-08-09T01:36:50.770462
52,53190,Adolfo Gaich,940692,Çaykur Rizespor,3064,8,1,6.86,6.09,0.36,44,22,11,19,10,2,0,1624,32,totalShots,TUR,2023-2024,datafc_sofascore,2026-08-09T01:36:50.770462
52,53190,Hakim Ziyech,249437,Galatasaray,3061,6,3,7.26,2.01,4.28,43,14,35,15,18,4,0,1077,18,totalShots,TUR,2023-2024,datafc_sofascore,2026-08-09T01:36:50.770462
52,53190,Alexandru Maxim,180511,Gaziantep FK,5138,3,8,7.16,5.85,7.47,43,16,80,36,38,4,2,2674,34,totalShots,TUR,2023-2024,datafc_sofascore,2026-08-09T01:36:50.770462
52,53190,Cengiz Ünder,758876,Fenerbahçe,3052,9,2,7.05,3.62,1.88,43,19,21,9,11,3,0,1046,24,totalShots,TUR,2023-2024,datafc_sofascore,2026-08-09T01:36:50.770462
52,53190,Sam Larsson,229800,Antalyaspor,3056,5,1,6.97,2.83,5.32,43,12,61,52,31,1,0,2568,35,totalShots,TUR,2023-2024,datafc_sofascore,2026-08-09T01:36:50.770462
52,53190,Renaldo Cephas,1384968,MKE Ankaragücü,3103,3,1,6.83,4.71,1.91,43,19,15,41,28,5,0,1626,31,totalShots,TUR,2023-2024,datafc_sofascore,2026-08-09T01:36:50.770462
52,53190,Yusuf Erdoğan,256663,Adana Demirspor,3101,5,2,6.8,4.08,2.0,43,15,23,26,32,4,0,2594,35,totalShots,TUR,2023-2024,datafc_sofascore,2026-08-09T01:36:50.770462
52,53190,Enis Destan,1012480,Trabzonspor,3051,9,4,6.97,6.44,0.85,42,23,16,8,20,4,0,1379,33,totalShots,TUR,2023-2024,datafc_sofascore,2026-08-09T01:36:50.770462
52,53190,Tasos Bakasetas,114076,Trabzonspor,3051,4,2,7.26,2.71,1.72,41,12,25,8,27,3,0,1321,17,totalShots,TUR,2023-2024,datafc_sofascore,2026-08-09T01:36:50.770462
52,53190,Ernest Muçi,924670,Beşiktaş JK,3050,3,0,7.13,2.25,1.71,41,15,16,18,12,3,0,1040,13,totalShots,TUR,2023-2024,datafc_sofascore,2026-08-09T01:36:50.770462
52,53190,İrfan Can Kahveci,226986,Fenerbahçe,3052,12,7,7.39,3.98,7.71,40,21,52,36,33,5,0,2027,31,totalShots,TUR,2023-2024,datafc_sofascore,2026-08-09T01:36:50.770462
52,53190,Bengali-Fodé Koita,51407,Sivasspor,3076,8,0,6.96,5.64,1.35,40,25,20,18,12,5,1,1307,24,totalShots,TUR,2023-2024,datafc_sofascore,2026-08-09T01:36:50.770462
52,53190,Alassane Ndao,1016033,Konyaspor,3085,3,2,6.88,3.74,4.83,40,9,41,38,35,3,0,2771,36,totalShots,TUR,2023-2024,datafc_sofascore,2026-08-09T01:36:50.770462
52,53190,Deniz Türüç,252207,Başakşehir FK,3086,2,12,7.15,2.26,5.68,39,17,60,30,31,11,0,2678,34,totalShots,TUR,2023-2024,datafc_sofascore,2026-08-09T01:36:50.770462
52,53190,Ramzi Safouri,186949,Antalyaspor,3056,0,7,7.04,2.16,5.15,39,15,56,31,17,3,1,1803,30,totalShots,TUR,2023-2024,datafc_sofascore,2026-08-09T01:36:50.770462
52,53190,Serdar Dursun,123917,Fenerbahçe,3052,6,2,6.87,7.17,0.82,39,17,12,3,4,0,0,1052,31,totalShots,TUR,2023-2024,datafc_sofascore,2026-08-09T01:36:50.770462
52,53190,David Akintola,798676,Çaykur Rizespor,3064,3,3,6.77,6.51,1.75,39,10,24,43,26,4,0,1942,25,totalShots,TUR,2023-2024,datafc_sofascore,2026-08-09T01:36:50.770462
52,53190,Tolga Ciğerci,120298,MKE Ankaragücü,3103,5,3,7.15,3.47,1.48,38,11,22,13,45,4,0,2050,27,totalShots,TUR,2023-2024,datafc_sofascore,2026-08-09T01:36:50.770462
52,53190,Tasos Chatzigiovanis,850770,MKE Ankaragücü,3103,2,1,6.87,3.04,1.23,38,19,15,55,9,1,0,1375,33,totalShots,TUR,2023-2024,datafc_sofascore,2026-08-09T01:36:50.770462
52,53190,Soner Dikmen,847782,Konyaspor,3085,1,0,6.76,3.18,1.09,38,9,6,13,53,7,0,3217,37,totalShots,TUR,2023-2024,datafc_sofascore,2026-08-09T01:36:50.770462
52,53190,Muammer Sarıkaya,816571,Çaykur Rizespor,3064,1,1,6.81,3.87,2.27,37,8,18,16,76,9,0,2275,35,totalShots,TUR,2023-2024,datafc_sofascore,2026-08-09T01:36:50.770462
52,53190,Tetê,980327,Galatasaray,3061,0,3,6.8,3.8,2.97,37,14,27,22,10,1,0,1136,33,totalShots,TUR,2023-2024,datafc_sofascore,2026-08-09T01:36:50.770462
52,53190,Valon Ethemi,904945,Konyaspor,3085,2,4,6.75,3.04,3.08,37,10,31,27,18,4,0,1919,30,totalShots,TUR,2023-2024,datafc_sofascore,2026-08-09T01:36:50.770462
52,53190,Gedson Fernandes,862055,Beşiktaş JK,3050,3,3,7.19,2.94,1.74,36,9,29,46,99,8,0,2457,29,totalShots,TUR,2023-2024,datafc_sofascore,2026-08-09T01:36:50.770462
52,53190,Mortadha Ben Ouanes,919225,Kasımpaşa,6063,7,5,7.01,3.26,4.88,36,15,45,31,41,8,0,2999,36,totalShots,TUR,2023-2024,datafc_sofascore,2026-08-09T01:36:50.770462
52,53190,Marcus Rohdén,209082,Fatih Karagümrük,4954,4,4,6.91,2.44,1.87,36,11,29,13,32,4,0,2426,34,totalShots,TUR,2023-2024,datafc_sofascore,2026-08-09T01:36:50.770462
52,53190,Erencan Yardımcı,989168,Pendikspor,7032,6,2,6.7,8.09,0.94,36,17,8,16,11,0,0,1409,28,totalShots,TUR,2023-2024,datafc_sofascore,2026-08-09T01:36:50.770462
52,53190,Marcão,870717,Fatih Karagümrük,4954,6,1,7.14,4.7,0.41,35,14,6,8,4,1,0,680,11,totalShots,TUR,2023-2024,datafc_sofascore,2026-08-09T01:36:50.770462
52,53190,Nicolas Janvier,802150,Alanyaspor,6362,4,2,7.04,2.42,3.0,35,9,33,24,30,3,0,1655,34,totalShots,TUR,2023-2024,datafc_sofascore,2026-08-09T01:36:50.770462
52,53190,Halil Dervişoğlu,930775,Hatayspor,3091,0,1,6.8,3.07,1.31,35,11,18,28,25,0,0,957,25,totalShots,TUR,2023-2024,datafc_sofascore,2026-08-09T01:36:50.770462
52,53190,Emir Kaan Gültekin,903714,İstanbulspor,3066,4,1,6.73,7.43,1.46,35,21,19,21,19,4,0,1716,30,totalShots,TUR,2023-2024,datafc_sofascore,2026-08-09T01:36:50.770462
52,53190,Kevin Lasagna,587962,Fatih Karagümrük,4954,2,2,6.71,4.37,0.66,35,11,9,10,7,3,0,1199,28,totalShots,TUR,2023-2024,datafc_sofascore,2026-08-09T01:36:50.770462
52,53190,Carlos Eduardo,795295,Alanyaspor,6362,4,1,6.8,4.66,1.91,34,12,16,24,33,3,0,1532,29,totalShots,TUR,2023-2024,datafc_sofascore,2026-08-09T01:36:50.770462
52,53190,Stéphane Bahoken,153220,Kayserispor,3072,3,0,6.74,3.54,0.21,34,12,5,8,4,1,0,785,23,totalShots,TUR,2023-2024,datafc_sofascore,2026-08-09T01:36:50.770462
52,53190,Ferdi Kadıoğlu,825844,Fenerbahçe,3052,1,4,7.44,2.5,6.69,33,14,51,57,75,3,0,3327,37,totalShots,TUR,2023-2024,datafc_sofascore,2026-08-09T01:36:50.770462
52,53190,Abdülkerim Bardakcı,178963,Galatasaray,3061,4,0,7.23,3.21,1.03,33,8,10,11,25,4,0,2218,27,totalShots,TUR,2023-2024,datafc_sofascore,2026-08-09T01:36:50.770462
52,53190,Ryan Mendes,52797,Fatih Karagümrük,4954,4,4,6.96,2.1,3.44,33,15,26,29,32,5,2,1508,23,totalShots,TUR,2023-2024,datafc_sofascore,2026-08-09T01:36:50.770462
52,53190,Marlos Moreno,818942,Konyaspor,3085,2,1,6.84,1.47,2.36,33,7,18,50,45,4,0,1914,29,totalShots,TUR,2023-2024,datafc_sofascore,2026-08-09T01:36:50.770462
52,53190,Joelson Fernandes,1032547,Hatayspor,3091,0,3,6.75,1.63,1.77,33,9,27,17,16,4,1,1423,31,totalShots,TUR,2023-2024,datafc_sofascore,2026-08-09T01:36:50.770462
52,53190,Martin Minchev,878699,Çaykur Rizespor,3064,3,0,6.72,3.79,1.47,33,9,14,15,24,4,0,1732,32,totalShots,TUR,2023-2024,datafc_sofascore,2026-08-09T01:36:50.770462
52,53190,Ali Karimi,803869,Kayserispor,3072,3,0,6.98,3.23,3.2,32,7,31,18,48,4,0,2040,27,totalShots,TUR,2023-2024,datafc_sofascore,2026-08-09T01:36:50.770462
52,53190,Edin Džeko,14990,Fenerbahçe,3052,21,3,7.39,21.64,5.15,147,64,37,22,19,3,0,2741,36,totalShots,TUR,2023-2024,datafc_sofascore,2026-08-09T01:36:50.770462
52,53190,Mauro Icardi,233114,Galatasaray,3061,25,8,7.51,21.23,3.77,111,49,49,7,6,2,0,2856,34,totalShots,TUR,2023-2024,datafc_sofascore,2026-08-09T01:36:50.770462
52,53190,Denis Drăguş,841199,Gaziantep FK,5138,14,1,7.22,13.78,2.44,106,40,38,85,54,8,0,2751,32,totalShots,TUR,2023-2024,datafc_sofascore,2026-08-09T01:36:50.770462
52,53190,Rey Manaj,587882,Sivasspor,3076,18,3,7.31,14.34,1.48,104,40,17,20,13,10,0,2423,32,totalShots,TUR,2023-2024,datafc_sofascore,2026-08-09T01:36:50.770462
52,53190,Aytaç Kara,128196,Kasımpaşa,6063,13,5,7.41,9.16,3.01,101,36,40,19,73,4,0,3248,37,totalShots,TUR,2023-2024,datafc_sofascore,2026-08-09T01:36:50.770462
52,53190,Krzysztof Piątek,558738,Başakşehir FK,3086,17,1,7.2,14.78,1.82,101,44,18,17,14,4,0,2703,34,totalShots,TUR,2023-2024,datafc_sofascore,2026-08-09T01:36:50.770462
52,53190,Adam Buksa,1138856,Antalyaspor,3056,16,2,7.19,12.27,0.84,93,39,21,27,17,8,0,2925,33,totalShots,TUR,2023-2024,datafc_sofascore,2026-08-09T01:36:50.770462
52,53190,Dries Mertens,32493,Galatasaray,3061,9,16,7.61,8.12,10.57,88,35,93,15,43,3,0,2487,36,totalShots,TUR,2023-2024,datafc_sofascore,2026-08-09T01:36:50.770462
52,53190,Sebastian Szymański,847983,Fenerbahçe,3052,10,11,7.55,9.31,9.69,87,31,77,10,85,4,0,2916,37,totalShots,TUR,2023-2024,datafc_sofascore,2026-08-09T01:36:50.770462
52,53190,Mame Thiam,180981,Pendikspor,7032,18,7,7.26,13.28,3.36,85,36,34,18,47,4,0,3161,36,totalShots,TUR,2023-2024,datafc_sofascore,2026-08-09T01:36:50.770462
52,53190,Kerem Aktürkoğlu,903324,Galatasaray,3061,12,6,7.33,12.89,8.17,79,29,73,32,28,3,1,2479,37,totalShots,TUR,2023-2024,datafc_sofascore,2026-08-09T01:36:50.770462
52,53190,Marius Mouandilmadji,943593,Samsunspor,3053,9,1,6.88,10.59,0.73,70,27,10,14,6,5,1,2080,30,totalShots,TUR,2023-2024,datafc_sofascore,2026-08-09T01:36:50.770462
52,53190,Aylton Boa Morte,883918,Kayserispor,3072,8,2,6.8,9.83,2.51,70,29,29,70,39,7,0,2628,32,totalShots,TUR,2023-2024,datafc_sofascore,2026-08-09T01:36:50.770462
52,53190,Haris Hajradinović,254979,Kasımpaşa,6063,5,14,7.39,6.16,9.69,69,21,104,26,63,3,0,3307,38,totalShots,TUR,2023-2024,datafc_sofascore,2026-08-09T01:36:50.770462
52,53190,Nuno Da Costa,209374,Kasımpaşa,6063,14,4,7.28,10.67,2.41,67,24,26,49,23,1,0,2339,29,totalShots,TUR,2023-2024,datafc_sofascore,2026-08-09T01:36:50.770462
52,53190,Miguel Cardoso,344009,Kayserispor,3072,1,7,7.08,5.41,7.21,65,18,66,31,39,4,0,2524,30,totalShots,TUR,2023-2024,datafc_sofascore,2026-08-09T01:36:50.770462
52,53190,Emre Akbaba,343527,Adana Demirspor,3101,7,2,7.19,7.41,3.26,64,20,43,32,65,5,0,2682,32,totalShots,TUR,2023-2024,datafc_sofascore,2026-08-09T01:36:50.770462
52,53190,Ibrahim Olawoyin,1008173,Çaykur Rizespor,3064,8,2,7.12,5.84,2.99,64,25,39,65,63,6,0,2970,35,totalShots,TUR,2023-2024,datafc_sofascore,2026-08-09T01:36:50.770462
52,53190,Sokol Cikalleshi,81138,Konyaspor,3085,12,5,6.94,10.96,1.11,64,21,27,27,23,3,0,2364,33,totalShots,TUR,2023-2024,datafc_sofascore,2026-08-09T01:36:50.770462
52,53190,Carlos Strandberg,333423,Hatayspor,3091,8,2,6.79,9.64,2.5,64,21,20,14,16,2,0,2274,36,totalShots,TUR,2023-2024,datafc_sofascore,2026-08-09T01:36:50.770462
52,53190,Edin Višća,109779,Trabzonspor,3051,5,9,7.28,4.34,8.93,63,16,91,28,34,1,0,2762,36,totalShots,TUR,2023-2024,datafc_sofascore,2026-08-09T01:36:50.770462
52,53190,Barış Alper Yılmaz,904096,Galatasaray,3061,6,6,7.15,4.08,5.51,61,18,43,67,60,8,0,2550,37,totalShots,TUR,2023-2024,datafc_sofascore,2026-08-09T01:36:50.770462
52,53190,Yusuf Sarı,896364,Adana Demirspor,3101,3,7,7.3,2.92,5.46,59,24,48,45,22,1,0,1790,24,totalShots,TUR,2023-2024,datafc_sofascore,2026-08-09T01:36:50.770462
52,53190,Carlo Holse,837012,Samsunspor,3053,5,3,6.9,5.31,2.53,59,24,43,14,68,4,0,2787,33,totalShots,TUR,2023-2024,datafc_sofascore,2026-08-09T01:36:50.770462
52,53190,Oğuz Aydın,999396,Alanyaspor,6362,13,8,7.28,9.34,8.32,58,25,64,54,25,3,1,2587,35,totalShots,TUR,2023-2024,datafc_sofascore,2026-08-09T01:36:50.770462
52,53190,Güven Yalçın,826162,Fatih Karagümrük,4954,9,4,6.91,5.75,1.33,58,21,28,39,15,5,0,2136,32,totalShots,TUR,2023-2024,datafc_sofascore,2026-08-09T01:36:50.770462
52,53190,Paul Onuachu,295123,Trabzonspor,3051,14,4,7.52,8.11,0.47,57,23,13,11,6,3,0,1438,20,totalShots,TUR,2023-2024,datafc_sofascore,2026-08-09T01:36:50.770462
52,53190,Mahmoud Trézéguet,295361,Trabzonspor,3051,9,5,7.17,6.45,3.71,57,20,29,23,17,2,0,1529,24,totalShots,TUR,2023-2024,datafc_sofascore,2026-08-09T01:36:50.770462
52,53190,Semih Kılıçsoy,1142606,Beşiktaş JK,3050,11,4,7.13,5.59,1.48,57,24,16,40,16,5,0,1695,23,totalShots,TUR,2023-2024,datafc_sofascore,2026-08-09T01:36:50.770462
52,53190,Enis Bardhi,355024,Trabzonspor,3051,6,4,7.06,3.19,3.28,56,20,37,31,34,3,0,2342,34,totalShots,TUR,2023-2024,datafc_sofascore,2026-08-09T01:36:50.770462
52,53190,Milot Rashica,800411,Beşiktaş JK,3050,5,4,7.03,4.39,4.64,56,20,43,21,25,2,0,2037,29,totalShots,TUR,2023-2024,datafc_sofascore,2026-08-09T01:36:50.770462
52,53190,Florian Loshaj,831407,İstanbulspor,3066,5,0,6.98,4.81,2.98,56,18,34,35,66,8,1,2705,32,totalShots,TUR,2023-2024,datafc_sofascore,2026-08-09T01:36:50.770462
52,53190,Can Keleş,918408,Fatih Karagümrük,4954,5,3,6.82,4.65,3.61,56,24,27,28,18,3,0,2272,35,totalShots,TUR,2023-2024,datafc_sofascore,2026-08-09T01:36:50.770462
52,53190,Jonjo Shelvey,36465,Çaykur Rizespor,3064,3,6,7.15,2.58,3.71,55,16,48,17,36,6,0,2604,31,totalShots,TUR,2023-2024,datafc_sofascore,2026-08-09T01:36:50.770462
52,53190,Cenk Tosun,72127,Beşiktaş JK,3050,6,4,6.86,8.64,1.15,55,14,21,9,14,2,0,1962,34,totalShots,TUR,2023-2024,datafc_sofascore,2026-08-09T01:36:50.770462
52,53190,Valentin Eysseric,139798,Fatih Karagümrük,4954,5,7,7.46,4.48,7.64,54,18,74,27,42,7,1,2420,31,totalShots,TUR,2023-2024,datafc_sofascore,2026-08-09T01:36:50.770462
52,53190,Halil Akbunar,217782,Pendikspor,7032,5,3,6.98,4.09,5.67,54,20,37,57,63,3,1,2808,37,totalShots,TUR,2023-2024,datafc_sofascore,2026-08-09T01:36:50.770462
52,53190,Gökhan Gül,797820,Kasımpaşa,6063,2,0,6.97,1.82,1.39,54,17,20,6,53,3,0,2928,38,totalShots,TUR,2023-2024,datafc_sofascore,2026-08-09T01:36:50.770462
52,53190,Dušan Tadić,38560,Fenerbahçe,3052,10,14,7.42,14.9,14.16,53,28,88,32,33,3,0,3157,38,totalShots,TUR,2023-2024,datafc_sofascore,2026-08-09T01:36:50.770462
52,53190,Jackson Muleka,927649,Beşiktaş JK,3050,4,1,6.9,4.52,1.43,53,18,19,35,33,1,0,1640,30,totalShots,TUR,2023-2024,datafc_sofascore,2026-08-09T01:36:50.770462
52,53190,Kerem Demirbay,142619,Galatasaray,3061,6,3,7.2,3.03,3.76,52,17,42,19,66,2,0,2227,34,totalShots,TUR,2023-2024,datafc_sofascore,2026-08-09T01:36:50.770462
52,53190,Efkan Bekiroğlu,800458,MKE Ankaragücü,3103,9,4,7.04,4.65,3.74,52,16,39,31,20,2,1,2139,30,totalShots,TUR,2023-2024,datafc_sofascore,2026-08-09T01:36:50.770462
52,53190,Mario Balotelli,25530,Adana Demirspor,3101,7,1,7.09,5.46,0.98,51,17,16,8,4,7,1,938,16,totalShots,TUR,2023-2024,datafc_sofascore,2026-08-09T01:36:50.770462
52,53190,Dal Varešanović,979109,Çaykur Rizespor,3064,8,2,6.76,7.09,2.96,51,16,20,31,13,5,0,2017,32,totalShots,TUR,2023-2024,datafc_sofascore,2026-08-09T01:36:50.770462
52,53190,Fred,243623,Fenerbahçe,3052,3,4,7.34,3.99,4.93,50,15,31,25,51,5,1,2051,25,totalShots,TUR,2023-2024,datafc_sofascore,2026-08-09T01:36:50.770462
52,53190,Olivier Ntcham,352676,Samsunspor,3053,6,0,6.75,6.23,1.94,50,15,14,23,14,5,0,1872,27,totalShots,TUR,2023-2024,datafc_sofascore,2026-08-09T01:36:50.770462
52,53190,Mamadou Fall,822228,Kasımpaşa,6063,8,2,6.94,6.19,3.57,49,17,54,28,22,4,0,2854,34,totalShots,TUR,2023-2024,datafc_sofascore,2026-08-09T01:36:50.770462
52,53190,Michy Batshuayi,147745,Fenerbahçe,3052,12,1,6.88,11.23,1.31,49,27,10,6,6,4,0,813,27,totalShots,TUR,2023-2024,datafc_sofascore,2026-08-09T01:36:50.770462
52,53190,Sander van de Streek,220155,Antalyaspor,3056,2,2,6.68,5.01,1.02,49,19,17,18,36,3,1,1882,32,totalShots,TUR,2023-2024,datafc_sofascore,2026-08-09T01:36:50.770462
52,53190,Wilfried Zaha,111850,Galatasaray,3061,9,3,7.18,4.15,2.63,48,19,23,43,29,2,0,1433,30,totalShots,TUR,2023-2024,datafc_sofascore,2026-08-09T01:36:50.770462
52,53190,Ali Sowe,238394,MKE Ankaragücü,3103,6,3,6.84,5.43,1.21,48,21,17,20,10,3,1,2136,27,totalShots,TUR,2023-2024,datafc_sofascore,2026-08-09T01:36:50.770462
52,53190,Jackson,911351,İstanbulspor,3066,1,4,6.77,4.47,3.63,48,19,31,45,38,2,0,2201,35,totalShots,TUR,2023-2024,datafc_sofascore,2026-08-09T01:36:50.770462
52,53190,Olimpiu Moruțan,833613,MKE Ankaragücü,3103,2,3,6.9,2.86,3.43,47,13,34,46,40,3,0,2128,30,totalShots,TUR,2023-2024,datafc_sofascore,2026-08-09T01:36:50.770462
52,53190,Altin Zeqiri,991742,Çaykur Rizespor,3064,5,5,6.88,6.68,3.34,47,20,36,47,23,4,0,2241,34,totalShots,TUR,2023-2024,datafc_sofascore,2026-08-09T01:36:50.770462
52,53190,João Figueiredo,841012,Başakşehir FK,3086,8,2,6.88,5.93,3.46,47,20,32,19,24,4,2,2036,34,totalShots,TUR,2023-2024,datafc_sofascore,2026-08-09T01:36:50.770462
52,53190,Dario Šarić,848385,Antalyaspor,3056,3,0,6.85,2.65,0.77,47,11,21,33,44,2,0,2563,32,totalShots,TUR,2023-2024,datafc_sofascore,2026-08-09T01:36:50.770462
52,53190,João Novais,233370,Alanyaspor,6362,5,2,6.9,5.14,4.58,46,17,33,25,22,7,0,2075,32,totalShots,TUR,2023-2024,datafc_sofascore,2026-08-09T01:36:50.770462
52,53190,Fisayo Dele-Bashiru,910121,Hatayspor,3091,8,3,7.01,5.58,2.31,45,18,40,71,33,6,0,3039,36,totalShots,TUR,2023-2024,datafc_sofascore,2026-08-09T01:36:50.770462
52,53190,Alexandru Cicâldău,827540,Konyaspor,3085,1,0,6.88,3.97,1.7,44,11,27,12,28,0,0,2032,31,totalShots,TUR,2023-2024,datafc_sofascore,2026-08-09T01:36:50.770462
52,53190,Adolfo Gaich,940692,Çaykur Rizespor,3064,8,1,6.86,6.09,0.36,44,22,11,19,10,2,0,1624,32,totalShots,TUR,2023-2024,datafc_sofascore,2026-08-09T01:36:50.770462
52,53190,Hakim Ziyech,249437,Galatasaray,3061,6,3,7.26,2.01,4.28,43,14,35,15,18,4,0,1077,18,totalShots,TUR,2023-2024,datafc_sofascore,2026-08-09T01:36:50.770462
52,53190,Alexandru Maxim,180511,Gaziantep FK,5138,3,8,7.16,5.85,7.47,43,16,80,36,38,4,2,2674,34,totalShots,TUR,2023-2024,datafc_sofascore,2026-08-09T01:36:50.770462
52,53190,Cengiz Ünder,758876,Fenerbahçe,3052,9,2,7.05,3.62,1.88,43,19,21,9,11,3,0,1046,24,totalShots,TUR,2023-2024,datafc_sofascore,2026-08-09T01:36:50.770462
52,53190,Sam Larsson,229800,Antalyaspor,3056,5,1,6.97,2.83,5.32,43,12,61,52,31,1,0,2568,35,totalShots,TUR,2023-2024,datafc_sofascore,2026-08-09T01:36:50.770462
52,53190,Renaldo Cephas,1384968,MKE Ankaragücü,3103,3,1,6.83,4.71,1.91,43,19,15,41,28,5,0,1626,31,totalShots,TUR,2023-2024,datafc_sofascore,2026-08-09T01:36:50.770462
52,53190,Yusuf Erdoğan,256663,Adana Demirspor,3101,5,2,6.8,4.08,2.0,43,15,23,26,32,4,0,2594,35,totalShots,TUR,2023-2024,datafc_sofascore,2026-08-09T01:36:50.770462
52,53190,Enis Destan,1012480,Trabzonspor,3051,9,4,6.97,6.44,0.85,42,23,16,8,20,4,0,1379,33,totalShots,TUR,2023-2024,datafc_sofascore,2026-08-09T01:36:50.770462
52,53190,Tasos Bakasetas,114076,Trabzonspor,3051,4,2,7.26,2.71,1.72,41,12,25,8,27,3,0,1321,17,totalShots,TUR,2023-2024,datafc_sofascore,2026-08-09T01:36:50.770462
52,53190,Ernest Muçi,924670,Beşiktaş JK,3050,3,0,7.13,2.25,1.71,41,15,16,18,12,3,0,1040,13,totalShots,TUR,2023-2024,datafc_sofascore,2026-08-09T01:36:50.770462
52,53190,İrfan Can Kahveci,226986,Fenerbahçe,3052,12,7,7.39,3.98,7.71,40,21,52,36,33,5,0,2027,31,totalShots,TUR,2023-2024,datafc_sofascore,2026-08-09T01:36:50.770462
52,53190,Bengali-Fodé Koita,51407,Sivasspor,3076,8,0,6.96,5.64,1.35,40,25,20,18,12,5,1,1307,24,totalShots,TUR,2023-2024,datafc_sofascore,2026-08-09T01:36:50.770462
52,53190,Alassane Ndao,1016033,Konyaspor,3085,3,2,6.88,3.74,4.83,40,9,41,38,35,3,0,2771,36,totalShots,TUR,2023-2024,datafc_sofascore,2026-08-09T01:36:50.770462
52,53190,Deniz Türüç,252207,Başakşehir FK,3086,2,12,7.15,2.26,5.68,39,17,60,30,31,11,0,2678,34,totalShots,TUR,2023-2024,datafc_sofascore,2026-08-09T01:36:50.770462
52,53190,Ramzi Safouri,186949,Antalyaspor,3056,0,7,7.04,2.16,5.15,39,15,56,31,17,3,1,1803,30,totalShots,TUR,2023-2024,datafc_sofascore,2026-08-09T01:36:50.770462
52,53190,Serdar Dursun,123917,Fenerbahçe,3052,6,2,6.87,7.17,0.82,39,17,12,3,4,0,0,1052,31,totalShots,TUR,2023-2024,datafc_sofascore,2026-08-09T01:36:50.770462
52,53190,David Akintola,798676,Çaykur Rizespor,3064,3,3,6.77,6.51,1.75,39,10,24,43,26,4,0,1942,25,totalShots,TUR,2023-2024,datafc_sofascore,2026-08-09T01:36:50.770462
52,53190,Tolga Ciğerci,120298,MKE Ankaragücü,3103,5,3,7.15,3.47,1.48,38,11,22,13,45,4,0,2050,27,totalShots,TUR,2023-2024,datafc_sofascore,2026-08-09T01:36:50.770462
52,53190,Tasos Chatzigiovanis,850770,MKE Ankaragücü,3103,2,1,6.87,3.04,1.23,38,19,15,55,9,1,0,1375,33,totalShots,TUR,2023-2024,datafc_sofascore,2026-08-09T01:36:50.770462
52,53190,Soner Dikmen,847782,Konyaspor,3085,1,0,6.76,3.18,1.09,38,9,6,13,53,7,0,3217,37,totalShots,TUR,2023-2024,datafc_sofascore,2026-08-09T01:36:50.770462
52,53190,Muammer Sarıkaya,816571,Çaykur Rizespor,3064,1,1,6.81,3.87,2.27,37,8,18,16,76,9,0,2275,35,totalShots,TUR,2023-2024,datafc_sofascore,2026-08-09T01:36:50.770462
52,53190,Tetê,980327,Galatasaray,3061,0,3,6.8,3.8,2.97,37,14,27,22,10,1,0,1136,33,totalShots,TUR,2023-2024,datafc_sofascore,2026-08-09T01:36:50.770462
52,53190,Valon Ethemi,904945,Konyaspor,3085,2,4,6.75,3.04,3.08,37,10,31,27,18,4,0,1919,30,totalShots,TUR,2023-2024,datafc_sofascore,2026-08-09T01:36:50.770462
52,53190,Gedson Fernandes,862055,Beşiktaş JK,3050,3,3,7.19,2.94,1.74,36,9,29,46,99,8,0,2457,29,totalShots,TUR,2023-2024,datafc_sofascore,2026-08-09T01:36:50.770462
52,53190,Mortadha Ben Ouanes,919225,Kasımpaşa,6063,7,5,7.01,3.26,4.88,36,15,45,31,41,8,0,2999,36,totalShots,TUR,2023-2024,datafc_sofascore,2026-08-09T01:36:50.770462
52,53190,Marcus Rohdén,209082,Fatih Karagümrük,4954,4,4,6.91,2.44,1.87,36,11,29,13,32,4,0,2426,34,totalShots,TUR,2023-2024,datafc_sofascore,2026-08-09T01:36:50.770462
52,53190,Erencan Yardımcı,989168,Pendikspor,7032,6,2,6.7,8.09,0.94,36,17,8,16,11,0,0,1409,28,totalShots,TUR,2023-2024,datafc_sofascore,2026-08-09T01:36:50.770462
52,53190,Marcão,870717,Fatih Karagümrük,4954,6,1,7.14,4.7,0.41,35,14,6,8,4,1,0,680,11,totalShots,TUR,2023-2024,datafc_sofascore,2026-08-09T01:36:50.770462
52,53190,Nicolas Janvier,802150,Alanyaspor,6362,4,2,7.04,2.42,3.0,35,9,33,24,30,3,0,1655,34,totalShots,TUR,2023-2024,datafc_sofascore,2026-08-09T01:36:50.770462
52,53190,Halil Dervişoğlu,930775,Hatayspor,3091,0,1,6.8,3.07,1.31,35,11,18,28,25,0,0,957,25,totalShots,TUR,2023-2024,datafc_sofascore,2026-08-09T01:36:50.770462
52,53190,Emir Kaan Gültekin,903714,İstanbulspor,3066,4,1,6.73,7.43,1.46,35,21,19,21,19,4,0,1716,30,totalShots,TUR,2023-2024,datafc_sofascore,2026-08-09T01:36:50.770462
52,53190,Kevin Lasagna,587962,Fatih Karagümrük,4954,2,2,6.71,4.37,0.66,35,11,9,10,7,3,0,1199,28,totalShots,TUR,2023-2024,datafc_sofascore,2026-08-09T01:36:50.770462
52,53190,Carlos Eduardo,795295,Alanyaspor,6362,4,1,6.8,4.66,1.91,34,12,16,24,33,3,0,1532,29,totalShots,TUR,2023-2024,datafc_sofascore,2026-08-09T01:36:50.770462
52,53190,Stéphane Bahoken,153220,Kayserispor,3072,3,0,6.74,3.54,0.21,34,12,5,8,4,1,0,785,23,totalShots,TUR,2023-2024,datafc_sofascore,2026-08-09T01:36:50.770462
52,53190,Ferdi Kadıoğlu,825844,Fenerbahçe,3052,1,4,7.44,2.5,6.69,33,14,51,57,75,3,0,3327,37,totalShots,TUR,2023-2024,datafc_sofascore,2026-08-09T01:36:50.770462
52,53190,Abdülkerim Bardakcı,178963,Galatasaray,3061,4,0,7.23,3.21,1.03,33,8,10,11,25,4,0,2218,27,totalShots,TUR,2023-2024,datafc_sofascore,2026-08-09T01:36:50.770462
52,53190,Ryan Mendes,52797,Fatih Karagümrük,4954,4,4,6.96,2.1,3.44,33,15,26,29,32,5,2,1508,23,totalShots,TUR,2023-2024,datafc_sofascore,2026-08-09T01:36:50.770462
52,53190,Marlos Moreno,818942,Konyaspor,3085,2,1,6.84,1.47,2.36,33,7,18,50,45,4,0,1914,29,totalShots,TUR,2023-2024,datafc_sofascore,2026-08-09T01:36:50.770462
52,53190,Joelson Fernandes,1032547,Hatayspor,3091,0,3,6.75,1.63,1.77,33,9,27,17,16,4,1,1423,31,totalShots,TUR,2023-2024,datafc_sofascore,2026-08-09T01:36:50.770462
52,53190,Martin Minchev,878699,Çaykur Rizespor,3064,3,0,6.72,3.79,1.47,33,9,14,15,24,4,0,1732,32,totalShots,TUR,2023-2024,datafc_sofascore,2026-08-09T01:36:50.770462
52,53190,Ali Karimi,803869,Kayserispor,3072,3,0,6.98,3.23,3.2,32,7,31,18,48,4,0,2040,27,totalShots,TUR,2023-2024,datafc_sofascore,2026-08-09T01:36:50.770462
52,53190,Dušan Tadić,38560,Fenerbahçe,3052,10,14,7.42,14.9,14.16,53,28,88,32,33,3,0,3157,38,bigChancesCreated,TUR,2023-2024,datafc_sofascore,2026-08-09T01:36:50.770462
52,53190,Dries Mertens,32493,Galatasaray,3061,9,16,7.61,8.12,10.57,88,35,93,15,43,3,0,2487,36,bigChancesCreated,TUR,2023-2024,datafc_sofascore,2026-08-09T01:36:50.770462
52,53190,Sebastian Szymański,847983,Fenerbahçe,3052,10,11,7.55,9.31,9.69,87,31,77,10,85,4,0,2916,37,bigChancesCreated,TUR,2023-2024,datafc_sofascore,2026-08-09T01:36:50.770462
52,53190,Oğuz Aydın,999396,Alanyaspor,6362,13,8,7.28,9.34,8.32,58,25,64,54,25,3,1,2587,35,bigChancesCreated,TUR,2023-2024,datafc_sofascore,2026-08-09T01:36:50.770462
52,53190,Alexandru Maxim,180511,Gaziantep FK,5138,3,8,7.16,5.85,7.47,43,16,80,36,38,4,2,2674,34,bigChancesCreated,TUR,2023-2024,datafc_sofascore,2026-08-09T01:36:50.770462
52,53190,Miguel Cardoso,344009,Kayserispor,3072,1,7,7.08,5.41,7.21,65,18,66,31,39,4,0,2524,30,bigChancesCreated,TUR,2023-2024,datafc_sofascore,2026-08-09T01:36:50.770462
52,53190,Edin Višća,109779,Trabzonspor,3051,5,9,7.28,4.34,8.93,63,16,91,28,34,1,0,2762,36,bigChancesCreated,TUR,2023-2024,datafc_sofascore,2026-08-09T01:36:50.770462
52,53190,Valentin Eysseric,139798,Fatih Karagümrük,4954,5,7,7.46,4.48,7.64,54,18,74,27,42,7,1,2420,31,bigChancesCreated,TUR,2023-2024,datafc_sofascore,2026-08-09T01:36:50.770462
52,53190,Haris Hajradinović,254979,Kasımpaşa,6063,5,14,7.39,6.16,9.69,69,21,104,26,63,3,0,3307,38,bigChancesCreated,TUR,2023-2024,datafc_sofascore,2026-08-09T01:36:50.770462
52,53190,Kerem Aktürkoğlu,903324,Galatasaray,3061,12,6,7.33,12.89,8.17,79,29,73,32,28,3,1,2479,37,bigChancesCreated,TUR,2023-2024,datafc_sofascore,2026-08-09T01:36:50.770462
52,53190,Emre Kılınç,202032,Samsunspor,3053,4,4,7.12,2.09,4.63,31,5,53,31,62,4,0,2574,33,bigChancesCreated,TUR,2023-2024,datafc_sofascore,2026-08-09T01:36:50.770462
52,53190,Rigoberto Rivas,837742,Hatayspor,3091,5,4,6.92,3.4,3.2,31,12,29,25,47,6,0,2431,29,bigChancesCreated,TUR,2023-2024,datafc_sofascore,2026-08-09T01:36:50.770462
52,53190,Mauro Icardi,233114,Galatasaray,3061,25,8,7.51,21.23,3.77,111,49,49,7,6,2,0,2856,34,bigChancesCreated,TUR,2023-2024,datafc_sofascore,2026-08-09T01:36:50.770462
52,53190,Ferdi Kadıoğlu,825844,Fenerbahçe,3052,1,4,7.44,2.5,6.69,33,14,51,57,75,3,0,3327,37,bigChancesCreated,TUR,2023-2024,datafc_sofascore,2026-08-09T01:36:50.770462
52,53190,Edin Džeko,14990,Fenerbahçe,3052,21,3,7.39,21.64,5.15,147,64,37,22,19,3,0,2741,36,bigChancesCreated,TUR,2023-2024,datafc_sofascore,2026-08-09T01:36:50.770462
52,53190,Guilherme Haubert Sityá,224112,Konyaspor,3085,5,7,7.35,1.62,6.83,18,6,88,30,87,1,0,3267,37,bigChancesCreated,TUR,2023-2024,datafc_sofascore,2026-08-09T01:36:50.770462
52,53190,Denis Drăguş,841199,Gaziantep FK,5138,14,1,7.22,13.78,2.44,106,40,38,85,54,8,0,2751,32,bigChancesCreated,TUR,2023-2024,datafc_sofascore,2026-08-09T01:36:50.770462
52,53190,Barış Alper Yılmaz,904096,Galatasaray,3061,6,6,7.15,4.08,5.51,61,18,43,67,60,8,0,2550,37,bigChancesCreated,TUR,2023-2024,datafc_sofascore,2026-08-09T01:36:50.770462
52,53190,Halil Akbunar,217782,Pendikspor,7032,5,3,6.98,4.09,5.67,54,20,37,57,63,3,1,2808,37,bigChancesCreated,TUR,2023-2024,datafc_sofascore,2026-08-09T01:36:50.770462
52,53190,Altin Zeqiri,991742,Çaykur Rizespor,3064,5,5,6.88,6.68,3.34,47,20,36,47,23,4,0,2241,34,bigChancesCreated,TUR,2023-2024,datafc_sofascore,2026-08-09T01:36:50.770462
52,53190,Yusuf Sarı,896364,Adana Demirspor,3101,3,7,7.3,2.92,5.46,59,24,48,45,22,1,0,1790,24,bigChancesCreated,TUR,2023-2024,datafc_sofascore,2026-08-09T01:36:50.770462
52,53190,Efkan Bekiroğlu,800458,MKE Ankaragücü,3103,9,4,7.04,4.65,3.74,52,16,39,31,20,2,1,2139,30,bigChancesCreated,TUR,2023-2024,datafc_sofascore,2026-08-09T01:36:50.770462
52,53190,Ramzi Safouri,186949,Antalyaspor,3056,0,7,7.04,2.16,5.15,39,15,56,31,17,3,1,1803,30,bigChancesCreated,TUR,2023-2024,datafc_sofascore,2026-08-09T01:36:50.770462
52,53190,Efecan Karaca,60510,Alanyaspor,6362,2,3,7.02,3.18,4.83,21,9,50,31,57,5,0,2753,37,bigChancesCreated,TUR,2023-2024,datafc_sofascore,2026-08-09T01:36:50.770462
52,53190,Alassane Ndao,1016033,Konyaspor,3085,3,2,6.88,3.74,4.83,40,9,41,38,35,3,0,2771,36,bigChancesCreated,TUR,2023-2024,datafc_sofascore,2026-08-09T01:36:50.770462
52,53190,İrfan Can Kahveci,226986,Fenerbahçe,3052,12,7,7.39,3.98,7.71,40,21,52,36,33,5,0,2027,31,bigChancesCreated,TUR,2023-2024,datafc_sofascore,2026-08-09T01:36:50.770462
52,53190,Mahmoud Trézéguet,295361,Trabzonspor,3051,9,5,7.17,6.45,3.71,57,20,29,23,17,2,0,1529,24,bigChancesCreated,TUR,2023-2024,datafc_sofascore,2026-08-09T01:36:50.770462
52,53190,Mustafa Eskihellaç,899069,Gaziantep FK,5138,2,3,6.93,1.29,2.92,25,5,29,41,66,5,0,3067,35,bigChancesCreated,TUR,2023-2024,datafc_sofascore,2026-08-09T01:36:50.770462
52,53190,Cenk Tosun,72127,Beşiktaş JK,3050,6,4,6.86,8.64,1.15,55,14,21,9,14,2,0,1962,34,bigChancesCreated,TUR,2023-2024,datafc_sofascore,2026-08-09T01:36:50.770462
52,53190,Moryke Fofana,269199,Samsunspor,3053,0,4,6.82,1.3,3.6,16,5,27,46,15,4,0,1060,27,bigChancesCreated,TUR,2023-2024,datafc_sofascore,2026-08-09T01:36:50.770462
52,53190,Fred,243623,Fenerbahçe,3052,3,4,7.34,3.99,4.93,50,15,31,25,51,5,1,2051,25,bigChancesCreated,TUR,2023-2024,datafc_sofascore,2026-08-09T01:36:50.770462
52,53190,Mame Thiam,180981,Pendikspor,7032,18,7,7.26,13.28,3.36,85,36,34,18,47,4,0,3161,36,bigChancesCreated,TUR,2023-2024,datafc_sofascore,2026-08-09T01:36:50.770462
52,53190,Thomas Meunier,128587,Trabzonspor,3051,1,5,7.24,0.58,2.7,12,4,18,4,24,2,0,1245,14,bigChancesCreated,TUR,2023-2024,datafc_sofascore,2026-08-09T01:36:50.770462
52,53190,Kerem Demirbay,142619,Galatasaray,3061,6,3,7.2,3.03,3.76,52,17,42,19,66,2,0,2227,34,bigChancesCreated,TUR,2023-2024,datafc_sofascore,2026-08-09T01:36:50.770462
52,53190,Emre Akbaba,343527,Adana Demirspor,3101,7,2,7.19,7.41,3.26,64,20,43,32,65,5,0,2682,32,bigChancesCreated,TUR,2023-2024,datafc_sofascore,2026-08-09T01:36:50.770462
52,53190,Jonjo Shelvey,36465,Çaykur Rizespor,3064,3,6,7.15,2.58,3.71,55,16,48,17,36,6,0,2604,31,bigChancesCreated,TUR,2023-2024,datafc_sofascore,2026-08-09T01:36:50.770462
52,53190,Deniz Türüç,252207,Başakşehir FK,3086,2,12,7.15,2.26,5.68,39,17,60,30,31,11,0,2678,34,bigChancesCreated,TUR,2023-2024,datafc_sofascore,2026-08-09T01:36:50.770462
52,53190,Kaan Ayhan,138152,Galatasaray,3061,1,2,7.07,1.11,2.96,22,6,29,6,33,3,0,2111,35,bigChancesCreated,TUR,2023-2024,datafc_sofascore,2026-08-09T01:36:50.770462
52,53190,Dimitrios Pelkas,139304,Başakşehir FK,3086,6,5,7.04,4.7,2.2,30,17,24,18,20,6,0,1245,23,bigChancesCreated,TUR,2023-2024,datafc_sofascore,2026-08-09T01:36:50.770462
52,53190,Milot Rashica,800411,Beşiktaş JK,3050,5,4,7.03,4.39,4.64,56,20,43,21,25,2,0,2037,29,bigChancesCreated,TUR,2023-2024,datafc_sofascore,2026-08-09T01:36:50.770462
52,53190,Ryan Mendes,52797,Fatih Karagümrük,4954,4,4,6.96,2.1,3.44,33,15,26,29,32,5,2,1508,23,bigChancesCreated,TUR,2023-2024,datafc_sofascore,2026-08-09T01:36:50.770462
52,53190,Mamadou Fall,822228,Kasımpaşa,6063,8,2,6.94,6.19,3.57,49,17,54,28,22,4,0,2854,34,bigChancesCreated,TUR,2023-2024,datafc_sofascore,2026-08-09T01:36:50.770462
52,53190,Rachid Ghezzal,123228,Beşiktaş JK,3050,1,3,6.92,3.28,3.99,32,10,37,18,21,6,0,1173,27,bigChancesCreated,TUR,2023-2024,datafc_sofascore,2026-08-09T01:36:50.770462
52,53190,João Novais,233370,Alanyaspor,6362,5,2,6.9,5.14,4.58,46,17,33,25,22,7,0,2075,32,bigChancesCreated,TUR,2023-2024,datafc_sofascore,2026-08-09T01:36:50.770462
52,53190,Nuno Sequeira,170117,Pendikspor,7032,1,3,6.89,0.98,3.7,15,4,40,20,85,10,0,3066,35,bigChancesCreated,TUR,2023-2024,datafc_sofascore,2026-08-09T01:36:50.770462
52,53190,Uğur Çiftçi,142850,Sivasspor,3076,0,2,6.8,0.47,3.69,15,5,31,21,71,10,0,3118,35,bigChancesCreated,TUR,2023-2024,datafc_sofascore,2026-08-09T01:36:50.770462
52,53190,Gökhan Sazdağı,595396,Kayserispor,3072,0,5,6.79,1.56,2.92,25,7,26,35,92,9,0,2905,34,bigChancesCreated,TUR,2023-2024,datafc_sofascore,2026-08-09T01:36:50.770462
52,53190,Max Gradel,16590,Gaziantep FK,5138,1,4,6.73,2.55,3.11,28,11,28,20,41,5,0,1712,29,bigChancesCreated,TUR,2023-2024,datafc_sofascore,2026-08-09T01:36:50.770462
52,53190,Rey Manaj,587882,Sivasspor,3076,18,3,7.31,14.34,1.48,104,40,17,20,13,10,0,2423,32,bigChancesCreated,TUR,2023-2024,datafc_sofascore,2026-08-09T01:36:50.770462
52,53190,Hakim Ziyech,249437,Galatasaray,3061,6,3,7.26,2.01,4.28,43,14,35,15,18,4,0,1077,18,bigChancesCreated,TUR,2023-2024,datafc_sofascore,2026-08-09T01:36:50.770462
52,53190,Samu Sáiz,99527,Sivasspor,3076,4,3,7.25,2.05,2.29,29,15,33,26,8,3,0,1357,17,bigChancesCreated,TUR,2023-2024,datafc_sofascore,2026-08-09T01:36:50.770462
52,53190,Krzysztof Piątek,558738,Başakşehir FK,3086,17,1,7.2,14.78,1.82,101,44,18,17,14,4,0,2703,34,bigChancesCreated,TUR,2023-2024,datafc_sofascore,2026-08-09T01:36:50.770462
52,53190,Amir Hadžiahmetović,795421,Beşiktaş JK,3050,0,4,7.06,0.3,2.46,3,1,22,8,19,2,1,1341,18,bigChancesCreated,TUR,2023-2024,datafc_sofascore,2026-08-09T01:36:50.770462
52,53190,Ali Karimi,803869,Kayserispor,3072,3,0,6.98,3.23,3.2,32,7,31,18,48,4,0,2040,27,bigChancesCreated,TUR,2023-2024,datafc_sofascore,2026-08-09T01:36:50.770462
52,53190,Florian Loshaj,831407,İstanbulspor,3066,5,0,6.98,4.81,2.98,56,18,34,35,66,8,1,2705,32,bigChancesCreated,TUR,2023-2024,datafc_sofascore,2026-08-09T01:36:50.770462
52,53190,Sokol Cikalleshi,81138,Konyaspor,3085,12,5,6.94,10.96,1.11,64,21,27,27,23,3,0,2364,33,bigChancesCreated,TUR,2023-2024,datafc_sofascore,2026-08-09T01:36:50.770462
52,53190,Fredrik Midtsjø,98198,Pendikspor,7032,1,2,6.91,1.15,3.14,16,5,34,37,28,4,0,1928,26,bigChancesCreated,TUR,2023-2024,datafc_sofascore,2026-08-09T01:36:50.770462
52,53190,João Figueiredo,841012,Başakşehir FK,3086,8,2,6.88,5.93,3.46,47,20,32,19,24,4,2,2036,34,bigChancesCreated,TUR,2023-2024,datafc_sofascore,2026-08-09T01:36:50.770462
52,53190,Taha Şahin,1394729,Çaykur Rizespor,3064,0,4,6.87,0.65,2.84,8,0,27,29,58,5,0,2854,34,bigChancesCreated,TUR,2023-2024,datafc_sofascore,2026-08-09T01:36:50.770462
52,53190,Yusuf Erdoğan,256663,Adana Demirspor,3101,5,2,6.8,4.08,2.0,43,15,23,26,32,4,0,2594,35,bigChancesCreated,TUR,2023-2024,datafc_sofascore,2026-08-09T01:36:50.770462
52,53190,Yusuf Özdemir,1084884,Alanyaspor,6362,2,4,6.78,3.51,2.15,25,10,22,8,51,7,0,2481,34,bigChancesCreated,TUR,2023-2024,datafc_sofascore,2026-08-09T01:36:50.770462
52,53190,Ramazan Civelek,781408,Kayserispor,3072,0,2,6.71,1.48,2.6,16,7,25,12,27,4,0,1750,35,bigChancesCreated,TUR,2023-2024,datafc_sofascore,2026-08-09T01:36:50.770462
52,53190,Aytaç Kara,128196,Kasımpaşa,6063,13,5,7.41,9.16,3.01,101,36,40,19,73,4,0,3248,37,bigChancesCreated,TUR,2023-2024,datafc_sofascore,2026-08-09T01:36:50.770462
52,53190,Nuno Da Costa,209374,Kasımpaşa,6063,14,4,7.28,10.67,2.41,67,24,26,49,23,1,0,2339,29,bigChancesCreated,TUR,2023-2024,datafc_sofascore,2026-08-09T01:36:50.770462
52,53190,Ibrahim Olawoyin,1008173,Çaykur Rizespor,3064,8,2,7.12,5.84,2.99,64,25,39,65,63,6,0,2970,35,bigChancesCreated,TUR,2023-2024,datafc_sofascore,2026-08-09T01:36:50.770462
52,53190,Mario Balotelli,25530,Adana Demirspor,3101,7,1,7.09,5.46,0.98,51,17,16,8,4,7,1,938,16,bigChancesCreated,TUR,2023-2024,datafc_sofascore,2026-08-09T01:36:50.770462
52,53190,Angeliño,848355,Galatasaray,3061,0,1,7.06,0.19,2.1,5,1,14,2,10,1,0,604,8,bigChancesCreated,TUR,2023-2024,datafc_sofascore,2026-08-09T01:36:50.770462
52,53190,Nicolas Janvier,802150,Alanyaspor,6362,4,2,7.04,2.42,3.0,35,9,33,24,30,3,0,1655,34,bigChancesCreated,TUR,2023-2024,datafc_sofascore,2026-08-09T01:36:50.770462
52,53190,Mortadha Ben Ouanes,919225,Kasımpaşa,6063,7,5,7.01,3.26,4.88,36,15,45,31,41,8,0,2999,36,bigChancesCreated,TUR,2023-2024,datafc_sofascore,2026-08-09T01:36:50.770462
52,53190,Sam Larsson,229800,Antalyaspor,3056,5,1,6.97,2.83,5.32,43,12,61,52,31,1,0,2568,35,bigChancesCreated,TUR,2023-2024,datafc_sofascore,2026-08-09T01:36:50.770462
52,53190,Ahmet Oğuz,603902,Konyaspor,3085,1,1,6.96,0.32,1.29,10,2,20,15,65,7,0,2113,31,bigChancesCreated,TUR,2023-2024,datafc_sofascore,2026-08-09T01:36:50.770462
52,53190,Joshua King,100621,Fenerbahçe,3052,2,1,6.95,2.52,1.27,17,8,11,9,4,2,0,378,16,bigChancesCreated,TUR,2023-2024,datafc_sofascore,2026-08-09T01:36:50.770462
52,53190,Florent Hadergjonaj,354860,Alanyaspor,6362,2,3,6.93,1.15,2.69,17,4,23,11,43,3,0,2318,31,bigChancesCreated,TUR,2023-2024,datafc_sofascore,2026-08-09T01:36:50.770462
52,53190,Mert Müldür,836683,Fenerbahçe,3052,1,4,6.91,0.97,1.77,11,2,20,9,23,4,0,1138,26,bigChancesCreated,TUR,2023-2024,datafc_sofascore,2026-08-09T01:36:50.770462
52,53190,Levent Mercan,1085938,Fatih Karagümrük,4954,1,5,6.9,0.7,2.51,14,1,33,37,82,8,0,3113,36,bigChancesCreated,TUR,2023-2024,datafc_sofascore,2026-08-09T01:36:50.770462
52,53190,Erdoğan Yeşilyurt,142541,Antalyaspor,3056,3,3,6.89,1.78,2.25,31,7,31,26,41,8,1,2485,34,bigChancesCreated,TUR,2023-2024,datafc_sofascore,2026-08-09T01:36:50.770462
52,53190,Jakub Kałuziński,1019026,Antalyaspor,3056,0,2,6.88,0.74,1.46,20,2,18,7,30,3,0,2344,31,bigChancesCreated,TUR,2023-2024,datafc_sofascore,2026-08-09T01:36:50.770462
52,53190,Benhur Keser,899402,Çaykur Rizespor,3064,4,3,6.87,2.21,1.77,20,6,22,16,22,2,0,1496,24,bigChancesCreated,TUR,2023-2024,datafc_sofascore,2026-08-09T01:36:50.770462
52,53190,Berkay Özcan,806964,Başakşehir FK,3086,2,2,6.84,2.66,1.41,26,8,21,29,36,2,0,2820,34,bigChancesCreated,TUR,2023-2024,datafc_sofascore,2026-08-09T01:36:50.770462
52,53190,Aylton Boa Morte,883918,Kayserispor,3072,8,2,6.8,9.83,2.51,70,29,29,70,39,7,0,2628,32,bigChancesCreated,TUR,2023-2024,datafc_sofascore,2026-08-09T01:36:50.770462
52,53190,Tetê,980327,Galatasaray,3061,0,3,6.8,3.8,2.97,37,14,27,22,10,1,0,1136,33,bigChancesCreated,TUR,2023-2024,datafc_sofascore,2026-08-09T01:36:50.770462
52,53190,Ante Rebić,152769,Beşiktaş JK,3050,0,3,6.77,0.27,2.0,7,2,20,6,4,6,0,394,15,bigChancesCreated,TUR,2023-2024,datafc_sofascore,2026-08-09T01:36:50.770462
52,53190,Jackson,911351,İstanbulspor,3066,1,4,6.77,4.47,3.63,48,19,31,45,38,2,0,2201,35,bigChancesCreated,TUR,2023-2024,datafc_sofascore,2026-08-09T01:36:50.770462
52,53190,Valon Ethemi,904945,Konyaspor,3085,2,4,6.75,3.04,3.08,37,10,31,27,18,4,0,1919,30,bigChancesCreated,TUR,2023-2024,datafc_sofascore,2026-08-09T01:36:50.770462
52,53190,David Sambissa,280459,İstanbulspor,3066,1,3,6.72,0.72,3.04,17,10,17,33,26,1,0,1564,25,bigChancesCreated,TUR,2023-2024,datafc_sofascore,2026-08-09T01:36:50.770462
52,53190,Tasos Bakasetas,114076,Trabzonspor,3051,4,2,7.26,2.71,1.72,41,12,25,8,27,3,0,1321,17,bigChancesCreated,TUR,2023-2024,datafc_sofascore,2026-08-09T01:36:50.770462
52,53190,Lucas Torreira,754794,Galatasaray,3061,1,2,7.2,2.08,2.97,31,4,29,9,80,7,0,2993,35,bigChancesCreated,TUR,2023-2024,datafc_sofascore,2026-08-09T01:36:50.770462
52,53190,Semih Kılıçsoy,1142606,Beşiktaş JK,3050,11,4,7.13,5.59,1.48,57,24,16,40,16,5,0,1695,23,bigChancesCreated,TUR,2023-2024,datafc_sofascore,2026-08-09T01:36:50.770462
52,53190,Salih Uçan,135695,Beşiktaş JK,3050,1,3,7.11,1.52,4.11,20,4,20,22,41,6,0,1579,23,bigChancesCreated,TUR,2023-2024,datafc_sofascore,2026-08-09T01:36:50.770462
52,53190,Jonas Svensson,98199,Beşiktaş JK,3050,0,3,7.1,0.13,2.29,4,0,23,10,50,4,0,2065,24,bigChancesCreated,TUR,2023-2024,datafc_sofascore,2026-08-09T01:36:50.770462
52,53190,Didier Lamkel Zé,845272,Hatayspor,3091,3,2,7.05,2.98,2.28,22,7,14,26,10,3,0,947,15,bigChancesCreated,TUR,2023-2024,datafc_sofascore,2026-08-09T01:36:50.770462
52,53190,Cengiz Ünder,758876,Fenerbahçe,3052,9,2,7.05,3.62,1.88,43,19,21,9,11,3,0,1046,24,bigChancesCreated,TUR,2023-2024,datafc_sofascore,2026-08-09T01:36:50.770462
52,53190,Zeki Yavru,140735,Samsunspor,3053,1,2,7.02,0.32,2.91,12,4,28,8,47,4,0,2026,28,bigChancesCreated,TUR,2023-2024,datafc_sofascore,2026-08-09T01:36:50.770462
52,53190,Fisayo Dele-Bashiru,910121,Hatayspor,3091,8,3,7.01,5.58,2.31,45,18,40,71,33,6,0,3039,36,bigChancesCreated,TUR,2023-2024,datafc_sofascore,2026-08-09T01:36:50.770462
52,53190,Bünyamin Balcı,967214,Antalyaspor,3056,1,3,7.0,0.58,2.6,6,2,23,14,48,3,0,1865,23,bigChancesCreated,TUR,2023-2024,datafc_sofascore,2026-08-09T01:36:50.770462
52,53190,Modou Barrow,209098,Sivasspor,3076,1,0,6.99,1.48,1.75,14,8,21,17,15,0,0,889,15,bigChancesCreated,TUR,2023-2024,datafc_sofascore,2026-08-09T01:36:50.770462
52,53190,Deian Sorescu,797602,Gaziantep FK,5138,4,2,6.93,1.67,1.81,19,10,21,9,16,1,0,1078,16,bigChancesCreated,TUR,2023-2024,datafc_sofascore,2026-08-09T01:36:50.770462
52,53190,Christian Bassogog,818218,MKE Ankaragücü,3103,2,0,6.92,1.01,1.44,10,3,15,20,5,2,0,918,13,bigChancesCreated,TUR,2023-2024,datafc_sofascore,2026-08-09T01:36:50.770462
52,53190,Léo Dubois,552680,Başakşehir FK,3086,1,4,6.9,0.68,3.23,12,4,29,24,29,3,0,2315,31,bigChancesCreated,TUR,2023-2024,datafc_sofascore,2026-08-09T01:36:50.770462
52,53190,Carlo Holse,837012,Samsunspor,3053,5,3,6.9,5.31,2.53,59,24,43,14,68,4,0,2787,33,bigChancesCreated,TUR,2023-2024,datafc_sofascore,2026-08-09T01:36:50.770462
52,53190,Dušan Tadić,38560,Fenerbahçe,3052,10,14,7.42,14.9,14.16,53,28,88,32,33,3,0,3157,38,bigChancesCreated,TUR,2023-2024,datafc_sofascore,2026-08-09T01:36:50.770462
52,53190,Dries Mertens,32493,Galatasaray,3061,9,16,7.61,8.12,10.57,88,35,93,15,43,3,0,2487,36,bigChancesCreated,TUR,2023-2024,datafc_sofascore,2026-08-09T01:36:50.770462
52,53190,Sebastian Szymański,847983,Fenerbahçe,3052,10,11,7.55,9.31,9.69,87,31,77,10,85,4,0,2916,37,bigChancesCreated,TUR,2023-2024,datafc_sofascore,2026-08-09T01:36:50.770462
52,53190,Oğuz Aydın,999396,Alanyaspor,6362,13,8,7.28,9.34,8.32,58,25,64,54,25,3,1,2587,35,bigChancesCreated,TUR,2023-2024,datafc_sofascore,2026-08-09T01:36:50.770462
52,53190,Alexandru Maxim,180511,Gaziantep FK,5138,3,8,7.16,5.85,7.47,43,16,80,36,38,4,2,2674,34,bigChancesCreated,TUR,2023-2024,datafc_sofascore,2026-08-09T01:36:50.770462
52,53190,Miguel Cardoso,344009,Kayserispor,3072,1,7,7.08,5.41,7.21,65,18,66,31,39,4,0,2524,30,bigChancesCreated,TUR,2023-2024,datafc_sofascore,2026-08-09T01:36:50.770462
52,53190,Edin Višća,109779,Trabzonspor,3051,5,9,7.28,4.34,8.93,63,16,91,28,34,1,0,2762,36,bigChancesCreated,TUR,2023-2024,datafc_sofascore,2026-08-09T01:36:50.770462
52,53190,Valentin Eysseric,139798,Fatih Karagümrük,4954,5,7,7.46,4.48,7.64,54,18,74,27,42,7,1,2420,31,bigChancesCreated,TUR,2023-2024,datafc_sofascore,2026-08-09T01:36:50.770462
52,53190,Haris Hajradinović,254979,Kasımpaşa,6063,5,14,7.39,6.16,9.69,69,21,104,26,63,3,0,3307,38,bigChancesCreated,TUR,2023-2024,datafc_sofascore,2026-08-09T01:36:50.770462
52,53190,Kerem Aktürkoğlu,903324,Galatasaray,3061,12,6,7.33,12.89,8.17,79,29,73,32,28,3,1,2479,37,bigChancesCreated,TUR,2023-2024,datafc_sofascore,2026-08-09T01:36:50.770462
52,53190,Emre Kılınç,202032,Samsunspor,3053,4,4,7.12,2.09,4.63,31,5,53,31,62,4,0,2574,33,bigChancesCreated,TUR,2023-2024,datafc_sofascore,2026-08-09T01:36:50.770462
52,53190,Rigoberto Rivas,837742,Hatayspor,3091,5,4,6.92,3.4,3.2,31,12,29,25,47,6,0,2431,29,bigChancesCreated,TUR,2023-2024,datafc_sofascore,2026-08-09T01:36:50.770462
52,53190,Mauro Icardi,233114,Galatasaray,3061,25,8,7.51,21.23,3.77,111,49,49,7,6,2,0,2856,34,bigChancesCreated,TUR,2023-2024,datafc_sofascore,2026-08-09T01:36:50.770462
52,53190,Ferdi Kadıoğlu,825844,Fenerbahçe,3052,1,4,7.44,2.5,6.69,33,14,51,57,75,3,0,3327,37,bigChancesCreated,TUR,2023-2024,datafc_sofascore,2026-08-09T01:36:50.770462
52,53190,Edin Džeko,14990,Fenerbahçe,3052,21,3,7.39,21.64,5.15,147,64,37,22,19,3,0,2741,36,bigChancesCreated,TUR,2023-2024,datafc_sofascore,2026-08-09T01:36:50.770462
52,53190,Guilherme Haubert Sityá,224112,Konyaspor,3085,5,7,7.35,1.62,6.83,18,6,88,30,87,1,0,3267,37,bigChancesCreated,TUR,2023-2024,datafc_sofascore,2026-08-09T01:36:50.770462
52,53190,Denis Drăguş,841199,Gaziantep FK,5138,14,1,7.22,13.78,2.44,106,40,38,85,54,8,0,2751,32,bigChancesCreated,TUR,2023-2024,datafc_sofascore,2026-08-09T01:36:50.770462
52,53190,Barış Alper Yılmaz,904096,Galatasaray,3061,6,6,7.15,4.08,5.51,61,18,43,67,60,8,0,2550,37,bigChancesCreated,TUR,2023-2024,datafc_sofascore,2026-08-09T01:36:50.770462
52,53190,Halil Akbunar,217782,Pendikspor,7032,5,3,6.98,4.09,5.67,54,20,37,57,63,3,1,2808,37,bigChancesCreated,TUR,2023-2024,datafc_sofascore,2026-08-09T01:36:50.770462
52,53190,Altin Zeqiri,991742,Çaykur Rizespor,3064,5,5,6.88,6.68,3.34,47,20,36,47,23,4,0,2241,34,bigChancesCreated,TUR,2023-2024,datafc_sofascore,2026-08-09T01:36:50.770462
52,53190,Yusuf Sarı,896364,Adana Demirspor,3101,3,7,7.3,2.92,5.46,59,24,48,45,22,1,0,1790,24,bigChancesCreated,TUR,2023-2024,datafc_sofascore,2026-08-09T01:36:50.770462
52,53190,Efkan Bekiroğlu,800458,MKE Ankaragücü,3103,9,4,7.04,4.65,3.74,52,16,39,31,20,2,1,2139,30,bigChancesCreated,TUR,2023-2024,datafc_sofascore,2026-08-09T01:36:50.770462
52,53190,Ramzi Safouri,186949,Antalyaspor,3056,0,7,7.04,2.16,5.15,39,15,56,31,17,3,1,1803,30,bigChancesCreated,TUR,2023-2024,datafc_sofascore,2026-08-09T01:36:50.770462
52,53190,Efecan Karaca,60510,Alanyaspor,6362,2,3,7.02,3.18,4.83,21,9,50,31,57,5,0,2753,37,bigChancesCreated,TUR,2023-2024,datafc_sofascore,2026-08-09T01:36:50.770462
52,53190,Alassane Ndao,1016033,Konyaspor,3085,3,2,6.88,3.74,4.83,40,9,41,38,35,3,0,2771,36,bigChancesCreated,TUR,2023-2024,datafc_sofascore,2026-08-09T01:36:50.770462
52,53190,İrfan Can Kahveci,226986,Fenerbahçe,3052,12,7,7.39,3.98,7.71,40,21,52,36,33,5,0,2027,31,bigChancesCreated,TUR,2023-2024,datafc_sofascore,2026-08-09T01:36:50.770462
52,53190,Mahmoud Trézéguet,295361,Trabzonspor,3051,9,5,7.17,6.45,3.71,57,20,29,23,17,2,0,1529,24,bigChancesCreated,TUR,2023-2024,datafc_sofascore,2026-08-09T01:36:50.770462
52,53190,Mustafa Eskihellaç,899069,Gaziantep FK,5138,2,3,6.93,1.29,2.92,25,5,29,41,66,5,0,3067,35,bigChancesCreated,TUR,2023-2024,datafc_sofascore,2026-08-09T01:36:50.770462
52,53190,Cenk Tosun,72127,Beşiktaş JK,3050,6,4,6.86,8.64,1.15,55,14,21,9,14,2,0,1962,34,bigChancesCreated,TUR,2023-2024,datafc_sofascore,2026-08-09T01:36:50.770462
52,53190,Moryke Fofana,269199,Samsunspor,3053,0,4,6.82,1.3,3.6,16,5,27,46,15,4,0,1060,27,bigChancesCreated,TUR,2023-2024,datafc_sofascore,2026-08-09T01:36:50.770462
52,53190,Fred,243623,Fenerbahçe,3052,3,4,7.34,3.99,4.93,50,15,31,25,51,5,1,2051,25,bigChancesCreated,TUR,2023-2024,datafc_sofascore,2026-08-09T01:36:50.770462
52,53190,Mame Thiam,180981,Pendikspor,7032,18,7,7.26,13.28,3.36,85,36,34,18,47,4,0,3161,36,bigChancesCreated,TUR,2023-2024,datafc_sofascore,2026-08-09T01:36:50.770462
52,53190,Thomas Meunier,128587,Trabzonspor,3051,1,5,7.24,0.58,2.7,12,4,18,4,24,2,0,1245,14,bigChancesCreated,TUR,2023-2024,datafc_sofascore,2026-08-09T01:36:50.770462
52,53190,Kerem Demirbay,142619,Galatasaray,3061,6,3,7.2,3.03,3.76,52,17,42,19,66,2,0,2227,34,bigChancesCreated,TUR,2023-2024,datafc_sofascore,2026-08-09T01:36:50.770462
52,53190,Emre Akbaba,343527,Adana Demirspor,3101,7,2,7.19,7.41,3.26,64,20,43,32,65,5,0,2682,32,bigChancesCreated,TUR,2023-2024,datafc_sofascore,2026-08-09T01:36:50.770462
52,53190,Jonjo Shelvey,36465,Çaykur Rizespor,3064,3,6,7.15,2.58,3.71,55,16,48,17,36,6,0,2604,31,bigChancesCreated,TUR,2023-2024,datafc_sofascore,2026-08-09T01:36:50.770462
52,53190,Deniz Türüç,252207,Başakşehir FK,3086,2,12,7.15,2.26,5.68,39,17,60,30,31,11,0,2678,34,bigChancesCreated,TUR,2023-2024,datafc_sofascore,2026-08-09T01:36:50.770462
52,53190,Kaan Ayhan,138152,Galatasaray,3061,1,2,7.07,1.11,2.96,22,6,29,6,33,3,0,2111,35,bigChancesCreated,TUR,2023-2024,datafc_sofascore,2026-08-09T01:36:50.770462
52,53190,Dimitrios Pelkas,139304,Başakşehir FK,3086,6,5,7.04,4.7,2.2,30,17,24,18,20,6,0,1245,23,bigChancesCreated,TUR,2023-2024,datafc_sofascore,2026-08-09T01:36:50.770462
52,53190,Milot Rashica,800411,Beşiktaş JK,3050,5,4,7.03,4.39,4.64,56,20,43,21,25,2,0,2037,29,bigChancesCreated,TUR,2023-2024,datafc_sofascore,2026-08-09T01:36:50.770462
52,53190,Ryan Mendes,52797,Fatih Karagümrük,4954,4,4,6.96,2.1,3.44,33,15,26,29,32,5,2,1508,23,bigChancesCreated,TUR,2023-2024,datafc_sofascore,2026-08-09T01:36:50.770462
52,53190,Mamadou Fall,822228,Kasımpaşa,6063,8,2,6.94,6.19,3.57,49,17,54,28,22,4,0,2854,34,bigChancesCreated,TUR,2023-2024,datafc_sofascore,2026-08-09T01:36:50.770462
52,53190,Rachid Ghezzal,123228,Beşiktaş JK,3050,1,3,6.92,3.28,3.99,32,10,37,18,21,6,0,1173,27,bigChancesCreated,TUR,2023-2024,datafc_sofascore,2026-08-09T01:36:50.770462
52,53190,João Novais,233370,Alanyaspor,6362,5,2,6.9,5.14,4.58,46,17,33,25,22,7,0,2075,32,bigChancesCreated,TUR,2023-2024,datafc_sofascore,2026-08-09T01:36:50.770462
52,53190,Nuno Sequeira,170117,Pendikspor,7032,1,3,6.89,0.98,3.7,15,4,40,20,85,10,0,3066,35,bigChancesCreated,TUR,2023-2024,datafc_sofascore,2026-08-09T01:36:50.770462
52,53190,Uğur Çiftçi,142850,Sivasspor,3076,0,2,6.8,0.47,3.69,15,5,31,21,71,10,0,3118,35,bigChancesCreated,TUR,2023-2024,datafc_sofascore,2026-08-09T01:36:50.770462
52,53190,Gökhan Sazdağı,595396,Kayserispor,3072,0,5,6.79,1.56,2.92,25,7,26,35,92,9,0,2905,34,bigChancesCreated,TUR,2023-2024,datafc_sofascore,2026-08-09T01:36:50.770462
52,53190,Max Gradel,16590,Gaziantep FK,5138,1,4,6.73,2.55,3.11,28,11,28,20,41,5,0,1712,29,bigChancesCreated,TUR,2023-2024,datafc_sofascore,2026-08-09T01:36:50.770462
52,53190,Rey Manaj,587882,Sivasspor,3076,18,3,7.31,14.34,1.48,104,40,17,20,13,10,0,2423,32,bigChancesCreated,TUR,2023-2024,datafc_sofascore,2026-08-09T01:36:50.770462
52,53190,Hakim Ziyech,249437,Galatasaray,3061,6,3,7.26,2.01,4.28,43,14,35,15,18,4,0,1077,18,bigChancesCreated,TUR,2023-2024,datafc_sofascore,2026-08-09T01:36:50.770462
52,53190,Samu Sáiz,99527,Sivasspor,3076,4,3,7.25,2.05,2.29,29,15,33,26,8,3,0,1357,17,bigChancesCreated,TUR,2023-2024,datafc_sofascore,2026-08-09T01:36:50.770462
52,53190,Krzysztof Piątek,558738,Başakşehir FK,3086,17,1,7.2,14.78,1.82,101,44,18,17,14,4,0,2703,34,bigChancesCreated,TUR,2023-2024,datafc_sofascore,2026-08-09T01:36:50.770462
52,53190,Amir Hadžiahmetović,795421,Beşiktaş JK,3050,0,4,7.06,0.3,2.46,3,1,22,8,19,2,1,1341,18,bigChancesCreated,TUR,2023-2024,datafc_sofascore,2026-08-09T01:36:50.770462
52,53190,Ali Karimi,803869,Kayserispor,3072,3,0,6.98,3.23,3.2,32,7,31,18,48,4,0,2040,27,bigChancesCreated,TUR,2023-2024,datafc_sofascore,2026-08-09T01:36:50.770462
52,53190,Florian Loshaj,831407,İstanbulspor,3066,5,0,6.98,4.81,2.98,56,18,34,35,66,8,1,2705,32,bigChancesCreated,TUR,2023-2024,datafc_sofascore,2026-08-09T01:36:50.770462
52,53190,Sokol Cikalleshi,81138,Konyaspor,3085,12,5,6.94,10.96,1.11,64,21,27,27,23,3,0,2364,33,bigChancesCreated,TUR,2023-2024,datafc_sofascore,2026-08-09T01:36:50.770462
52,53190,Fredrik Midtsjø,98198,Pendikspor,7032,1,2,6.91,1.15,3.14,16,5,34,37,28,4,0,1928,26,bigChancesCreated,TUR,2023-2024,datafc_sofascore,2026-08-09T01:36:50.770462
52,53190,João Figueiredo,841012,Başakşehir FK,3086,8,2,6.88,5.93,3.46,47,20,32,19,24,4,2,2036,34,bigChancesCreated,TUR,2023-2024,datafc_sofascore,2026-08-09T01:36:50.770462
52,53190,Taha Şahin,1394729,Çaykur Rizespor,3064,0,4,6.87,0.65,2.84,8,0,27,29,58,5,0,2854,34,bigChancesCreated,TUR,2023-2024,datafc_sofascore,2026-08-09T01:36:50.770462
52,53190,Yusuf Erdoğan,256663,Adana Demirspor,3101,5,2,6.8,4.08,2.0,43,15,23,26,32,4,0,2594,35,bigChancesCreated,TUR,2023-2024,datafc_sofascore,2026-08-09T01:36:50.770462
52,53190,Yusuf Özdemir,1084884,Alanyaspor,6362,2,4,6.78,3.51,2.15,25,10,22,8,51,7,0,2481,34,bigChancesCreated,TUR,2023-2024,datafc_sofascore,2026-08-09T01:36:50.770462
52,53190,Ramazan Civelek,781408,Kayserispor,3072,0,2,6.71,1.48,2.6,16,7,25,12,27,4,0,1750,35,bigChancesCreated,TUR,2023-2024,datafc_sofascore,2026-08-09T01:36:50.770462
52,53190,Aytaç Kara,128196,Kasımpaşa,6063,13,5,7.41,9.16,3.01,101,36,40,19,73,4,0,3248,37,bigChancesCreated,TUR,2023-2024,datafc_sofascore,2026-08-09T01:36:50.770462
52,53190,Nuno Da Costa,209374,Kasımpaşa,6063,14,4,7.28,10.67,2.41,67,24,26,49,23,1,0,2339,29,bigChancesCreated,TUR,2023-2024,datafc_sofascore,2026-08-09T01:36:50.770462
52,53190,Ibrahim Olawoyin,1008173,Çaykur Rizespor,3064,8,2,7.12,5.84,2.99,64,25,39,65,63,6,0,2970,35,bigChancesCreated,TUR,2023-2024,datafc_sofascore,2026-08-09T01:36:50.770462
52,53190,Mario Balotelli,25530,Adana Demirspor,3101,7,1,7.09,5.46,0.98,51,17,16,8,4,7,1,938,16,bigChancesCreated,TUR,2023-2024,datafc_sofascore,2026-08-09T01:36:50.770462
52,53190,Angeliño,848355,Galatasaray,3061,0,1,7.06,0.19,2.1,5,1,14,2,10,1,0,604,8,bigChancesCreated,TUR,2023-2024,datafc_sofascore,2026-08-09T01:36:50.770462
52,53190,Nicolas Janvier,802150,Alanyaspor,6362,4,2,7.04,2.42,3.0,35,9,33,24,30,3,0,1655,34,bigChancesCreated,TUR,2023-2024,datafc_sofascore,2026-08-09T01:36:50.770462
52,53190,Mortadha Ben Ouanes,919225,Kasımpaşa,6063,7,5,7.01,3.26,4.88,36,15,45,31,41,8,0,2999,36,bigChancesCreated,TUR,2023-2024,datafc_sofascore,2026-08-09T01:36:50.770462
52,53190,Sam Larsson,229800,Antalyaspor,3056,5,1,6.97,2.83,5.32,43,12,61,52,31,1,0,2568,35,bigChancesCreated,TUR,2023-2024,datafc_sofascore,2026-08-09T01:36:50.770462
52,53190,Ahmet Oğuz,603902,Konyaspor,3085,1,1,6.96,0.32,1.29,10,2,20,15,65,7,0,2113,31,bigChancesCreated,TUR,2023-2024,datafc_sofascore,2026-08-09T01:36:50.770462
52,53190,Joshua King,100621,Fenerbahçe,3052,2,1,6.95,2.52,1.27,17,8,11,9,4,2,0,378,16,bigChancesCreated,TUR,2023-2024,datafc_sofascore,2026-08-09T01:36:50.770462
52,53190,Florent Hadergjonaj,354860,Alanyaspor,6362,2,3,6.93,1.15,2.69,17,4,23,11,43,3,0,2318,31,bigChancesCreated,TUR,2023-2024,datafc_sofascore,2026-08-09T01:36:50.770462
52,53190,Mert Müldür,836683,Fenerbahçe,3052,1,4,6.91,0.97,1.77,11,2,20,9,23,4,0,1138,26,bigChancesCreated,TUR,2023-2024,datafc_sofascore,2026-08-09T01:36:50.770462
52,53190,Levent Mercan,1085938,Fatih Karagümrük,4954,1,5,6.9,0.7,2.51,14,1,33,37,82,8,0,3113,36,bigChancesCreated,TUR,2023-2024,datafc_sofascore,2026-08-09T01:36:50.770462
52,53190,Erdoğan Yeşilyurt,142541,Antalyaspor,3056,3,3,6.89,1.78,2.25,31,7,31,26,41,8,1,2485,34,bigChancesCreated,TUR,2023-2024,datafc_sofascore,2026-08-09T01:36:50.770462
52,53190,Jakub Kałuziński,1019026,Antalyaspor,3056,0,2,6.88,0.74,1.46,20,2,18,7,30,3,0,2344,31,bigChancesCreated,TUR,2023-2024,datafc_sofascore,2026-08-09T01:36:50.770462
52,53190,Benhur Keser,899402,Çaykur Rizespor,3064,4,3,6.87,2.21,1.77,20,6,22,16,22,2,0,1496,24,bigChancesCreated,TUR,2023-2024,datafc_sofascore,2026-08-09T01:36:50.770462
52,53190,Berkay Özcan,806964,Başakşehir FK,3086,2,2,6.84,2.66,1.41,26,8,21,29,36,2,0,2820,34,bigChancesCreated,TUR,2023-2024,datafc_sofascore,2026-08-09T01:36:50.770462
52,53190,Aylton Boa Morte,883918,Kayserispor,3072,8,2,6.8,9.83,2.51,70,29,29,70,39,7,0,2628,32,bigChancesCreated,TUR,2023-2024,datafc_sofascore,2026-08-09T01:36:50.770462
52,53190,Tetê,980327,Galatasaray,3061,0,3,6.8,3.8,2.97,37,14,27,22,10,1,0,1136,33,bigChancesCreated,TUR,2023-2024,datafc_sofascore,2026-08-09T01:36:50.770462
52,53190,Ante Rebić,152769,Beşiktaş JK,3050,0,3,6.77,0.27,2.0,7,2,20,6,4,6,0,394,15,bigChancesCreated,TUR,2023-2024,datafc_sofascore,2026-08-09T01:36:50.770462
52,53190,Jackson,911351,İstanbulspor,3066,1,4,6.77,4.47,3.63,48,19,31,45,38,2,0,2201,35,bigChancesCreated,TUR,2023-2024,datafc_sofascore,2026-08-09T01:36:50.770462
52,53190,Valon Ethemi,904945,Konyaspor,3085,2,4,6.75,3.04,3.08,37,10,31,27,18,4,0,1919,30,bigChancesCreated,TUR,2023-2024,datafc_sofascore,2026-08-09T01:36:50.770462
52,53190,David Sambissa,280459,İstanbulspor,3066,1,3,6.72,0.72,3.04,17,10,17,33,26,1,0,1564,25,bigChancesCreated,TUR,2023-2024,datafc_sofascore,2026-08-09T01:36:50.770462
52,53190,Tasos Bakasetas,114076,Trabzonspor,3051,4,2,7.26,2.71,1.72,41,12,25,8,27,3,0,1321,17,bigChancesCreated,TUR,2023-2024,datafc_sofascore,2026-08-09T01:36:50.770462
52,53190,Lucas Torreira,754794,Galatasaray,3061,1,2,7.2,2.08,2.97,31,4,29,9,80,7,0,2993,35,bigChancesCreated,TUR,2023-2024,datafc_sofascore,2026-08-09T01:36:50.770462
52,53190,Semih Kılıçsoy,1142606,Beşiktaş JK,3050,11,4,7.13,5.59,1.48,57,24,16,40,16,5,0,1695,23,bigChancesCreated,TUR,2023-2024,datafc_sofascore,2026-08-09T01:36:50.770462
52,53190,Salih Uçan,135695,Beşiktaş JK,3050,1,3,7.11,1.52,4.11,20,4,20,22,41,6,0,1579,23,bigChancesCreated,TUR,2023-2024,datafc_sofascore,2026-08-09T01:36:50.770462
52,53190,Jonas Svensson,98199,Beşiktaş JK,3050,0,3,7.1,0.13,2.29,4,0,23,10,50,4,0,2065,24,bigChancesCreated,TUR,2023-2024,datafc_sofascore,2026-08-09T01:36:50.770462
52,53190,Didier Lamkel Zé,845272,Hatayspor,3091,3,2,7.05,2.98,2.28,22,7,14,26,10,3,0,947,15,bigChancesCreated,TUR,2023-2024,datafc_sofascore,2026-08-09T01:36:50.770462
52,53190,Cengiz Ünder,758876,Fenerbahçe,3052,9,2,7.05,3.62,1.88,43,19,21,9,11,3,0,1046,24,bigChancesCreated,TUR,2023-2024,datafc_sofascore,2026-08-09T01:36:50.770462
52,53190,Zeki Yavru,140735,Samsunspor,3053,1,2,7.02,0.32,2.91,12,4,28,8,47,4,0,2026,28,bigChancesCreated,TUR,2023-2024,datafc_sofascore,2026-08-09T01:36:50.770462
52,53190,Fisayo Dele-Bashiru,910121,Hatayspor,3091,8,3,7.01,5.58,2.31,45,18,40,71,33,6,0,3039,36,bigChancesCreated,TUR,2023-2024,datafc_sofascore,2026-08-09T01:36:50.770462
52,53190,Bünyamin Balcı,967214,Antalyaspor,3056,1,3,7.0,0.58,2.6,6,2,23,14,48,3,0,1865,23,bigChancesCreated,TUR,2023-2024,datafc_sofascore,2026-08-09T01:36:50.770462
52,53190,Modou Barrow,209098,Sivasspor,3076,1,0,6.99,1.48,1.75,14,8,21,17,15,0,0,889,15,bigChancesCreated,TUR,2023-2024,datafc_sofascore,2026-08-09T01:36:50.770462
52,53190,Deian Sorescu,797602,Gaziantep FK,5138,4,2,6.93,1.67,1.81,19,10,21,9,16,1,0,1078,16,bigChancesCreated,TUR,2023-2024,datafc_sofascore,2026-08-09T01:36:50.770462
52,53190,Christian Bassogog,818218,MKE Ankaragücü,3103,2,0,6.92,1.01,1.44,10,3,15,20,5,2,0,918,13,bigChancesCreated,TUR,2023-2024,datafc_sofascore,2026-08-09T01:36:50.770462
52,53190,Léo Dubois,552680,Başakşehir FK,3086,1,4,6.9,0.68,3.23,12,4,29,24,29,3,0,2315,31,bigChancesCreated,TUR,2023-2024,datafc_sofascore,2026-08-09T01:36:50.770462
52,53190,Carlo Holse,837012,Samsunspor,3053,5,3,6.9,5.31,2.53,59,24,43,14,68,4,0,2787,33,bigChancesCreated,TUR,2023-2024,datafc_sofascore,2026-08-09T01:36:50.770462
52,53190,Edin Džeko,14990,Fenerbahçe,3052,21,3,7.39,21.64,5.15,147,64,37,22,19,3,0,2741,36,bigChancesMissed,TUR,2023-2024,datafc_sofascore,2026-08-09T01:36:50.770462
52,53190,Mauro Icardi,233114,Galatasaray,3061,25,8,7.51,21.23,3.77,111,49,49,7,6,2,0,2856,34,bigChancesMissed,TUR,2023-2024,datafc_sofascore,2026-08-09T01:36:50.770462
52,53190,Aylton Boa Morte,883918,Kayserispor,3072,8,2,6.8,9.83,2.51,70,29,29,70,39,7,0,2628,32,bigChancesMissed,TUR,2023-2024,datafc_sofascore,2026-08-09T01:36:50.770462
52,53190,Dušan Tadić,38560,Fenerbahçe,3052,10,14,7.42,14.9,14.16,53,28,88,32,33,3,0,3157,38,bigChancesMissed,TUR,2023-2024,datafc_sofascore,2026-08-09T01:36:50.770462
52,53190,Marius Mouandilmadji,943593,Samsunspor,3053,9,1,6.88,10.59,0.73,70,27,10,14,6,5,1,2080,30,bigChancesMissed,TUR,2023-2024,datafc_sofascore,2026-08-09T01:36:50.770462
52,53190,Cenk Tosun,72127,Beşiktaş JK,3050,6,4,6.86,8.64,1.15,55,14,21,9,14,2,0,1962,34,bigChancesMissed,TUR,2023-2024,datafc_sofascore,2026-08-09T01:36:50.770462
52,53190,Kerem Aktürkoğlu,903324,Galatasaray,3061,12,6,7.33,12.89,8.17,79,29,73,32,28,3,1,2479,37,bigChancesMissed,TUR,2023-2024,datafc_sofascore,2026-08-09T01:36:50.770462
52,53190,Mame Thiam,180981,Pendikspor,7032,18,7,7.26,13.28,3.36,85,36,34,18,47,4,0,3161,36,bigChancesMissed,TUR,2023-2024,datafc_sofascore,2026-08-09T01:36:50.770462
52,53190,Denis Drăguş,841199,Gaziantep FK,5138,14,1,7.22,13.78,2.44,106,40,38,85,54,8,0,2751,32,bigChancesMissed,TUR,2023-2024,datafc_sofascore,2026-08-09T01:36:50.770462
52,53190,Michy Batshuayi,147745,Fenerbahçe,3052,12,1,6.88,11.23,1.31,49,27,10,6,6,4,0,813,27,bigChancesMissed,TUR,2023-2024,datafc_sofascore,2026-08-09T01:36:50.770462
52,53190,Erencan Yardımcı,989168,Pendikspor,7032,6,2,6.7,8.09,0.94,36,17,8,16,11,0,0,1409,28,bigChancesMissed,TUR,2023-2024,datafc_sofascore,2026-08-09T01:36:50.770462
52,53190,Krzysztof Piątek,558738,Başakşehir FK,3086,17,1,7.2,14.78,1.82,101,44,18,17,14,4,0,2703,34,bigChancesMissed,TUR,2023-2024,datafc_sofascore,2026-08-09T01:36:50.770462
52,53190,Carlos Strandberg,333423,Hatayspor,3091,8,2,6.79,9.64,2.5,64,21,20,14,16,2,0,2274,36,bigChancesMissed,TUR,2023-2024,datafc_sofascore,2026-08-09T01:36:50.770462
52,53190,Yusuf Özdemir,1084884,Alanyaspor,6362,2,4,6.78,3.51,2.15,25,10,22,8,51,7,0,2481,34,bigChancesMissed,TUR,2023-2024,datafc_sofascore,2026-08-09T01:36:50.770462
52,53190,David Akintola,798676,Çaykur Rizespor,3064,3,3,6.77,6.51,1.75,39,10,24,43,26,4,0,1942,25,bigChancesMissed,TUR,2023-2024,datafc_sofascore,2026-08-09T01:36:50.770462
52,53190,Sander van de Streek,220155,Antalyaspor,3056,2,2,6.68,5.01,1.02,49,19,17,18,36,3,1,1882,32,bigChancesMissed,TUR,2023-2024,datafc_sofascore,2026-08-09T01:36:50.770462
52,53190,Miguel Cardoso,344009,Kayserispor,3072,1,7,7.08,5.41,7.21,65,18,66,31,39,4,0,2524,30,bigChancesMissed,TUR,2023-2024,datafc_sofascore,2026-08-09T01:36:50.770462
52,53190,Tetê,980327,Galatasaray,3061,0,3,6.8,3.8,2.97,37,14,27,22,10,1,0,1136,33,bigChancesMissed,TUR,2023-2024,datafc_sofascore,2026-08-09T01:36:50.770462
52,53190,Rey Manaj,587882,Sivasspor,3076,18,3,7.31,14.34,1.48,104,40,17,20,13,10,0,2423,32,bigChancesMissed,TUR,2023-2024,datafc_sofascore,2026-08-09T01:36:50.770462
52,53190,Carlo Holse,837012,Samsunspor,3053,5,3,6.9,5.31,2.53,59,24,43,14,68,4,0,2787,33,bigChancesMissed,TUR,2023-2024,datafc_sofascore,2026-08-09T01:36:50.770462
52,53190,Ali Sowe,238394,MKE Ankaragücü,3103,6,3,6.84,5.43,1.21,48,21,17,20,10,3,1,2136,27,bigChancesMissed,TUR,2023-2024,datafc_sofascore,2026-08-09T01:36:50.770462
52,53190,Umut Nayir,284767,Pendikspor,7032,4,1,6.77,4.11,1.15,28,10,8,8,6,3,0,1340,23,bigChancesMissed,TUR,2023-2024,datafc_sofascore,2026-08-09T01:36:50.770462
52,53190,Emir Kaan Gültekin,903714,İstanbulspor,3066,4,1,6.73,7.43,1.46,35,21,19,21,19,4,0,1716,30,bigChancesMissed,TUR,2023-2024,datafc_sofascore,2026-08-09T01:36:50.770462
52,53190,Paul Onuachu,295123,Trabzonspor,3051,14,4,7.52,8.11,0.47,57,23,13,11,6,3,0,1438,20,bigChancesMissed,TUR,2023-2024,datafc_sofascore,2026-08-09T01:36:50.770462
52,53190,Adam Buksa,1138856,Antalyaspor,3056,16,2,7.19,12.27,0.84,93,39,21,27,17,8,0,2925,33,bigChancesMissed,TUR,2023-2024,datafc_sofascore,2026-08-09T01:36:50.770462
52,53190,Ahmed Hassan,1143587,Alanyaspor,6362,6,2,6.93,6.56,0.17,30,10,6,3,7,1,0,993,16,bigChancesMissed,TUR,2023-2024,datafc_sofascore,2026-08-09T01:36:50.770462
52,53190,Carlos Eduardo,795295,Alanyaspor,6362,4,1,6.8,4.66,1.91,34,12,16,24,33,3,0,1532,29,bigChancesMissed,TUR,2023-2024,datafc_sofascore,2026-08-09T01:36:50.770462
52,53190,Dal Varešanović,979109,Çaykur Rizespor,3064,8,2,6.76,7.09,2.96,51,16,20,31,13,5,0,2017,32,bigChancesMissed,TUR,2023-2024,datafc_sofascore,2026-08-09T01:36:50.770462
52,53190,Dries Mertens,32493,Galatasaray,3061,9,16,7.61,8.12,10.57,88,35,93,15,43,3,0,2487,36,bigChancesMissed,TUR,2023-2024,datafc_sofascore,2026-08-09T01:36:50.770462
52,53190,Sebastian Szymański,847983,Fenerbahçe,3052,10,11,7.55,9.31,9.69,87,31,77,10,85,4,0,2916,37,bigChancesMissed,TUR,2023-2024,datafc_sofascore,2026-08-09T01:36:50.770462
52,53190,Nuno Da Costa,209374,Kasımpaşa,6063,14,4,7.28,10.67,2.41,67,24,26,49,23,1,0,2339,29,bigChancesMissed,TUR,2023-2024,datafc_sofascore,2026-08-09T01:36:50.770462
52,53190,Alexandru Maxim,180511,Gaziantep FK,5138,3,8,7.16,5.85,7.47,43,16,80,36,38,4,2,2674,34,bigChancesMissed,TUR,2023-2024,datafc_sofascore,2026-08-09T01:36:50.770462
52,53190,Enis Destan,1012480,Trabzonspor,3051,9,4,6.97,6.44,0.85,42,23,16,8,20,4,0,1379,33,bigChancesMissed,TUR,2023-2024,datafc_sofascore,2026-08-09T01:36:50.770462
52,53190,Mamadou Fall,822228,Kasımpaşa,6063,8,2,6.94,6.19,3.57,49,17,54,28,22,4,0,2854,34,bigChancesMissed,TUR,2023-2024,datafc_sofascore,2026-08-09T01:36:50.770462
52,53190,João Novais,233370,Alanyaspor,6362,5,2,6.9,5.14,4.58,46,17,33,25,22,7,0,2075,32,bigChancesMissed,TUR,2023-2024,datafc_sofascore,2026-08-09T01:36:50.770462
52,53190,Altin Zeqiri,991742,Çaykur Rizespor,3064,5,5,6.88,6.68,3.34,47,20,36,47,23,4,0,2241,34,bigChancesMissed,TUR,2023-2024,datafc_sofascore,2026-08-09T01:36:50.770462
52,53190,Serdar Dursun,123917,Fenerbahçe,3052,6,2,6.87,7.17,0.82,39,17,12,3,4,0,0,1052,31,bigChancesMissed,TUR,2023-2024,datafc_sofascore,2026-08-09T01:36:50.770462
52,53190,İrfan Can Kahveci,226986,Fenerbahçe,3052,12,7,7.39,3.98,7.71,40,21,52,36,33,5,0,2027,31,bigChancesMissed,TUR,2023-2024,datafc_sofascore,2026-08-09T01:36:50.770462
52,53190,Emre Akbaba,343527,Adana Demirspor,3101,7,2,7.19,7.41,3.26,64,20,43,32,65,5,0,2682,32,bigChancesMissed,TUR,2023-2024,datafc_sofascore,2026-08-09T01:36:50.770462
52,53190,Barış Alper Yılmaz,904096,Galatasaray,3061,6,6,7.15,4.08,5.51,61,18,43,67,60,8,0,2550,37,bigChancesMissed,TUR,2023-2024,datafc_sofascore,2026-08-09T01:36:50.770462
52,53190,Bengali-Fodé Koita,51407,Sivasspor,3076,8,0,6.96,5.64,1.35,40,25,20,18,12,5,1,1307,24,bigChancesMissed,TUR,2023-2024,datafc_sofascore,2026-08-09T01:36:50.770462
52,53190,Veysel Sarı,98276,Antalyaspor,3056,1,0,6.93,2.25,0.42,29,6,6,4,72,11,0,3013,35,bigChancesMissed,TUR,2023-2024,datafc_sofascore,2026-08-09T01:36:50.770462
52,53190,João Figueiredo,841012,Başakşehir FK,3086,8,2,6.88,5.93,3.46,47,20,32,19,24,4,2,2036,34,bigChancesMissed,TUR,2023-2024,datafc_sofascore,2026-08-09T01:36:50.770462
52,53190,Halil Dervişoğlu,930775,Hatayspor,3091,0,1,6.8,3.07,1.31,35,11,18,28,25,0,0,957,25,bigChancesMissed,TUR,2023-2024,datafc_sofascore,2026-08-09T01:36:50.770462
52,53190,Max Gradel,16590,Gaziantep FK,5138,1,4,6.73,2.55,3.11,28,11,28,20,41,5,0,1712,29,bigChancesMissed,TUR,2023-2024,datafc_sofascore,2026-08-09T01:36:50.770462
52,53190,Mendy Mamadou,929718,İstanbulspor,3066,2,3,6.69,4.22,1.07,31,10,15,15,32,0,1,1762,32,bigChancesMissed,TUR,2023-2024,datafc_sofascore,2026-08-09T01:36:50.770462
52,53190,Steven Mendoza,354510,Adana Demirspor,3101,3,0,6.69,2.23,0.89,30,8,9,16,11,2,0,1082,14,bigChancesMissed,TUR,2023-2024,datafc_sofascore,2026-08-09T01:36:50.770462
52,53190,Fred,243623,Fenerbahçe,3052,3,4,7.34,3.99,4.93,50,15,31,25,51,5,1,2051,25,bigChancesMissed,TUR,2023-2024,datafc_sofascore,2026-08-09T01:36:50.770462
52,53190,Oğuz Aydın,999396,Alanyaspor,6362,13,8,7.28,9.34,8.32,58,25,64,54,25,3,1,2587,35,bigChancesMissed,TUR,2023-2024,datafc_sofascore,2026-08-09T01:36:50.770462
52,53190,Mahmoud Trézéguet,295361,Trabzonspor,3051,9,5,7.17,6.45,3.71,57,20,29,23,17,2,0,1529,24,bigChancesMissed,TUR,2023-2024,datafc_sofascore,2026-08-09T01:36:50.770462
52,53190,Marcão,870717,Fatih Karagümrük,4954,6,1,7.14,4.7,0.41,35,14,6,8,4,1,0,680,11,bigChancesMissed,TUR,2023-2024,datafc_sofascore,2026-08-09T01:36:50.770462
52,53190,Semih Kılıçsoy,1142606,Beşiktaş JK,3050,11,4,7.13,5.59,1.48,57,24,16,40,16,5,0,1695,23,bigChancesMissed,TUR,2023-2024,datafc_sofascore,2026-08-09T01:36:50.770462
52,53190,Ibrahim Olawoyin,1008173,Çaykur Rizespor,3064,8,2,7.12,5.84,2.99,64,25,39,65,63,6,0,2970,35,bigChancesMissed,TUR,2023-2024,datafc_sofascore,2026-08-09T01:36:50.770462
52,53190,Davinson Sánchez,566102,Galatasaray,3061,2,0,7.05,3.71,0.58,17,4,4,7,39,4,0,1602,23,bigChancesMissed,TUR,2023-2024,datafc_sofascore,2026-08-09T01:36:50.770462
52,53190,Cengiz Ünder,758876,Fenerbahçe,3052,9,2,7.05,3.62,1.88,43,19,21,9,11,3,0,1046,24,bigChancesMissed,TUR,2023-2024,datafc_sofascore,2026-08-09T01:36:50.770462
52,53190,Fisayo Dele-Bashiru,910121,Hatayspor,3091,8,3,7.01,5.58,2.31,45,18,40,71,33,6,0,3039,36,bigChancesMissed,TUR,2023-2024,datafc_sofascore,2026-08-09T01:36:50.770462
52,53190,Sokol Cikalleshi,81138,Konyaspor,3085,12,5,6.94,10.96,1.11,64,21,27,27,23,3,0,2364,33,bigChancesMissed,TUR,2023-2024,datafc_sofascore,2026-08-09T01:36:50.770462
52,53190,Jackson Muleka,927649,Beşiktaş JK,3050,4,1,6.9,4.52,1.43,53,18,19,35,33,1,0,1640,30,bigChancesMissed,TUR,2023-2024,datafc_sofascore,2026-08-09T01:36:50.770462
52,53190,Adolfo Gaich,940692,Çaykur Rizespor,3064,8,1,6.86,6.09,0.36,44,22,11,19,10,2,0,1624,32,bigChancesMissed,TUR,2023-2024,datafc_sofascore,2026-08-09T01:36:50.770462
52,53190,Muammer Sarıkaya,816571,Çaykur Rizespor,3064,1,1,6.81,3.87,2.27,37,8,18,16,76,9,0,2275,35,bigChancesMissed,TUR,2023-2024,datafc_sofascore,2026-08-09T01:36:50.770462
52,53190,Soner Dikmen,847782,Konyaspor,3085,1,0,6.76,3.18,1.09,38,9,6,13,53,7,0,3217,37,bigChancesMissed,TUR,2023-2024,datafc_sofascore,2026-08-09T01:36:50.770462
52,53190,Valon Ethemi,904945,Konyaspor,3085,2,4,6.75,3.04,3.08,37,10,31,27,18,4,0,1919,30,bigChancesMissed,TUR,2023-2024,datafc_sofascore,2026-08-09T01:36:50.770462
52,53190,Kevin Lasagna,587962,Fatih Karagümrük,4954,2,2,6.71,4.37,0.66,35,11,9,10,7,3,0,1199,28,bigChancesMissed,TUR,2023-2024,datafc_sofascore,2026-08-09T01:36:50.770462
52,53190,Görkem Bitin,952897,Pendikspor,7032,0,0,6.53,2.84,0.19,13,5,4,0,1,1,0,341,10,bigChancesMissed,TUR,2023-2024,datafc_sofascore,2026-08-09T01:36:50.770462
52,53190,Aytaç Kara,128196,Kasımpaşa,6063,13,5,7.41,9.16,3.01,101,36,40,19,73,4,0,3248,37,bigChancesMissed,TUR,2023-2024,datafc_sofascore,2026-08-09T01:36:50.770462
52,53190,Yusuf Sarı,896364,Adana Demirspor,3101,3,7,7.3,2.92,5.46,59,24,48,45,22,1,0,1790,24,bigChancesMissed,TUR,2023-2024,datafc_sofascore,2026-08-09T01:36:50.770462
52,53190,Samu Sáiz,99527,Sivasspor,3076,4,3,7.25,2.05,2.29,29,15,33,26,8,3,0,1357,17,bigChancesMissed,TUR,2023-2024,datafc_sofascore,2026-08-09T01:36:50.770462
52,53190,Gedson Fernandes,862055,Beşiktaş JK,3050,3,3,7.19,2.94,1.74,36,9,29,46,99,8,0,2457,29,bigChancesMissed,TUR,2023-2024,datafc_sofascore,2026-08-09T01:36:50.770462
52,53190,İsmail Yüksek,952600,Fenerbahçe,3052,0,4,7.15,2.24,2.28,26,4,29,29,73,5,2,2319,30,bigChancesMissed,TUR,2023-2024,datafc_sofascore,2026-08-09T01:36:50.770462
52,53190,Didier Lamkel Zé,845272,Hatayspor,3091,3,2,7.05,2.98,2.28,22,7,14,26,10,3,0,947,15,bigChancesMissed,TUR,2023-2024,datafc_sofascore,2026-08-09T01:36:50.770462
52,53190,Florian Loshaj,831407,İstanbulspor,3066,5,0,6.98,4.81,2.98,56,18,34,35,66,8,1,2705,32,bigChancesMissed,TUR,2023-2024,datafc_sofascore,2026-08-09T01:36:50.770462
52,53190,Joshua King,100621,Fenerbahçe,3052,2,1,6.95,2.52,1.27,17,8,11,9,4,2,0,378,16,bigChancesMissed,TUR,2023-2024,datafc_sofascore,2026-08-09T01:36:50.770462
52,53190,Uroš Radaković,151900,MKE Ankaragücü,3103,1,1,6.89,1.52,0.41,17,4,7,4,42,8,0,3070,35,bigChancesMissed,TUR,2023-2024,datafc_sofascore,2026-08-09T01:36:50.770462
52,53190,Alexandru Cicâldău,827540,Konyaspor,3085,1,0,6.88,3.97,1.7,44,11,27,12,28,0,0,2032,31,bigChancesMissed,TUR,2023-2024,datafc_sofascore,2026-08-09T01:36:50.770462
52,53190,Attila Mocsi,889382,Çaykur Rizespor,3064,2,0,6.88,2.0,0.29,14,3,3,5,22,2,1,1963,28,bigChancesMissed,TUR,2023-2024,datafc_sofascore,2026-08-09T01:36:50.770462
52,53190,Fidan Aliti,385296,Alanyaspor,6362,0,2,6.87,2.24,0.49,14,3,8,4,38,7,0,3047,35,bigChancesMissed,TUR,2023-2024,datafc_sofascore,2026-08-09T01:36:50.770462
52,53190,Renaldo Cephas,1384968,MKE Ankaragücü,3103,3,1,6.83,4.71,1.91,43,19,15,41,28,5,0,1626,31,bigChancesMissed,TUR,2023-2024,datafc_sofascore,2026-08-09T01:36:50.770462
52,53190,Yusuf Erdoğan,256663,Adana Demirspor,3101,5,2,6.8,4.08,2.0,43,15,23,26,32,4,0,2594,35,bigChancesMissed,TUR,2023-2024,datafc_sofascore,2026-08-09T01:36:50.770462
52,53190,Sergio Córdova,881222,Alanyaspor,6362,3,0,6.79,3.11,0.41,20,8,6,9,10,1,0,1028,18,bigChancesMissed,TUR,2023-2024,datafc_sofascore,2026-08-09T01:36:50.770462
52,53190,Vincent Aboubakar,116869,Beşiktaş JK,3050,5,1,6.78,3.75,1.11,27,11,7,11,1,2,0,1081,22,bigChancesMissed,TUR,2023-2024,datafc_sofascore,2026-08-09T01:36:50.770462
52,53190,Danijel Aleksić,45377,Başakşehir FK,3086,1,1,6.78,2.99,1.4,25,6,13,7,12,1,0,1176,21,bigChancesMissed,TUR,2023-2024,datafc_sofascore,2026-08-09T01:36:50.770462
52,53190,Furkan Soyalp,226992,Gaziantep FK,5138,1,3,6.77,1.91,1.09,18,9,17,12,49,6,1,1615,30,bigChancesMissed,TUR,2023-2024,datafc_sofascore,2026-08-09T01:36:50.770462
52,53190,Jackson,911351,İstanbulspor,3066,1,4,6.77,4.47,3.63,48,19,31,45,38,2,0,2201,35,bigChancesMissed,TUR,2023-2024,datafc_sofascore,2026-08-09T01:36:50.770462
52,53190,Ercan Kara,843039,Samsunspor,3053,3,0,6.75,4.02,0.53,32,11,7,8,12,0,0,968,23,bigChancesMissed,TUR,2023-2024,datafc_sofascore,2026-08-09T01:36:50.770462
52,53190,Miha Zajc,139256,Fenerbahçe,3052,0,0,6.75,1.46,0.51,12,2,9,1,11,1,0,534,11,bigChancesMissed,TUR,2023-2024,datafc_sofascore,2026-08-09T01:36:50.770462
52,53190,Olivier Ntcham,352676,Samsunspor,3053,6,0,6.75,6.23,1.94,50,15,14,23,14,5,0,1872,27,bigChancesMissed,TUR,2023-2024,datafc_sofascore,2026-08-09T01:36:50.770462
52,53190,Martin Minchev,878699,Çaykur Rizespor,3064,3,0,6.72,3.79,1.47,33,9,14,15,24,4,0,1732,32,bigChancesMissed,TUR,2023-2024,datafc_sofascore,2026-08-09T01:36:50.770462
52,53190,Riad Bajić,331751,MKE Ankaragücü,3103,4,0,6.66,4.06,0.64,17,8,9,7,1,0,0,849,24,bigChancesMissed,TUR,2023-2024,datafc_sofascore,2026-08-09T01:36:50.770462
52,53190,Aliou Badji,869845,Gaziantep FK,5138,1,0,6.65,1.48,0.12,9,2,1,2,6,2,0,337,14,bigChancesMissed,TUR,2023-2024,datafc_sofascore,2026-08-09T01:36:50.770462
52,53190,Abdoulay Diaby,115718,Pendikspor,7032,2,0,6.63,3.2,0.82,21,7,9,14,11,3,0,1095,27,bigChancesMissed,TUR,2023-2024,datafc_sofascore,2026-08-09T01:36:50.770462
52,53190,Britoli Assombalonga,151512,Antalyaspor,3056,1,0,6.62,2.23,0.14,21,6,4,13,3,5,0,656,22,bigChancesMissed,TUR,2023-2024,datafc_sofascore,2026-08-09T01:36:50.770462
52,53190,Brayan Riascos,537040,Gaziantep FK,5138,1,0,6.62,1.46,0.21,12,4,4,7,12,2,0,469,17,bigChancesMissed,TUR,2023-2024,datafc_sofascore,2026-08-09T01:36:50.770462
52,53190,Nany Dimata,826944,Samsunspor,3053,2,0,6.61,2.66,0.23,14,5,4,3,2,4,1,675,19,bigChancesMissed,TUR,2023-2024,datafc_sofascore,2026-08-09T01:36:50.770462
52,53190,Emrehan Gedikli,997130,İstanbulspor,3066,1,0,6.61,1.41,0.23,11,4,5,2,8,0,0,450,12,bigChancesMissed,TUR,2023-2024,datafc_sofascore,2026-08-09T01:36:50.770462
52,53190,Bertuğ Yıldırım,1382235,Hatayspor,3091,1,0,6.57,1.71,0.12,8,4,3,2,2,1,0,260,3,bigChancesMissed,TUR,2023-2024,datafc_sofascore,2026-08-09T01:36:50.770462
52,53190,Valentin Eysseric,139798,Fatih Karagümrük,4954,5,7,7.46,4.48,7.64,54,18,74,27,42,7,1,2420,31,bigChancesMissed,TUR,2023-2024,datafc_sofascore,2026-08-09T01:36:50.770462
52,53190,Ferdi Kadıoğlu,825844,Fenerbahçe,3052,1,4,7.44,2.5,6.69,33,14,51,57,75,3,0,3327,37,bigChancesMissed,TUR,2023-2024,datafc_sofascore,2026-08-09T01:36:50.770462
52,53190,Ernest Muçi,924670,Beşiktaş JK,3050,3,0,7.13,2.25,1.71,41,15,16,18,12,3,0,1040,13,bigChancesMissed,TUR,2023-2024,datafc_sofascore,2026-08-09T01:36:50.770462
52,53190,Davidson,814334,Başakşehir FK,3086,4,0,7.11,4.1,1.3,22,7,12,24,19,2,0,980,14,bigChancesMissed,TUR,2023-2024,datafc_sofascore,2026-08-09T01:36:50.770462
52,53190,Dimitrios Pelkas,139304,Başakşehir FK,3086,6,5,7.04,4.7,2.2,30,17,24,18,20,6,0,1245,23,bigChancesMissed,TUR,2023-2024,datafc_sofascore,2026-08-09T01:36:50.770462
52,53190,Edin Džeko,14990,Fenerbahçe,3052,21,3,7.39,21.64,5.15,147,64,37,22,19,3,0,2741,36,bigChancesMissed,TUR,2023-2024,datafc_sofascore,2026-08-09T01:36:50.770462
52,53190,Mauro Icardi,233114,Galatasaray,3061,25,8,7.51,21.23,3.77,111,49,49,7,6,2,0,2856,34,bigChancesMissed,TUR,2023-2024,datafc_sofascore,2026-08-09T01:36:50.770462
52,53190,Aylton Boa Morte,883918,Kayserispor,3072,8,2,6.8,9.83,2.51,70,29,29,70,39,7,0,2628,32,bigChancesMissed,TUR,2023-2024,datafc_sofascore,2026-08-09T01:36:50.770462
52,53190,Dušan Tadić,38560,Fenerbahçe,3052,10,14,7.42,14.9,14.16,53,28,88,32,33,3,0,3157,38,bigChancesMissed,TUR,2023-2024,datafc_sofascore,2026-08-09T01:36:50.770462
52,53190,Marius Mouandilmadji,943593,Samsunspor,3053,9,1,6.88,10.59,0.73,70,27,10,14,6,5,1,2080,30,bigChancesMissed,TUR,2023-2024,datafc_sofascore,2026-08-09T01:36:50.770462
52,53190,Cenk Tosun,72127,Beşiktaş JK,3050,6,4,6.86,8.64,1.15,55,14,21,9,14,2,0,1962,34,bigChancesMissed,TUR,2023-2024,datafc_sofascore,2026-08-09T01:36:50.770462
52,53190,Kerem Aktürkoğlu,903324,Galatasaray,3061,12,6,7.33,12.89,8.17,79,29,73,32,28,3,1,2479,37,bigChancesMissed,TUR,2023-2024,datafc_sofascore,2026-08-09T01:36:50.770462
52,53190,Mame Thiam,180981,Pendikspor,7032,18,7,7.26,13.28,3.36,85,36,34,18,47,4,0,3161,36,bigChancesMissed,TUR,2023-2024,datafc_sofascore,2026-08-09T01:36:50.770462
52,53190,Denis Drăguş,841199,Gaziantep FK,5138,14,1,7.22,13.78,2.44,106,40,38,85,54,8,0,2751,32,bigChancesMissed,TUR,2023-2024,datafc_sofascore,2026-08-09T01:36:50.770462
52,53190,Michy Batshuayi,147745,Fenerbahçe,3052,12,1,6.88,11.23,1.31,49,27,10,6,6,4,0,813,27,bigChancesMissed,TUR,2023-2024,datafc_sofascore,2026-08-09T01:36:50.770462
52,53190,Erencan Yardımcı,989168,Pendikspor,7032,6,2,6.7,8.09,0.94,36,17,8,16,11,0,0,1409,28,bigChancesMissed,TUR,2023-2024,datafc_sofascore,2026-08-09T01:36:50.770462
52,53190,Krzysztof Piątek,558738,Başakşehir FK,3086,17,1,7.2,14.78,1.82,101,44,18,17,14,4,0,2703,34,bigChancesMissed,TUR,2023-2024,datafc_sofascore,2026-08-09T01:36:50.770462
52,53190,Carlos Strandberg,333423,Hatayspor,3091,8,2,6.79,9.64,2.5,64,21,20,14,16,2,0,2274,36,bigChancesMissed,TUR,2023-2024,datafc_sofascore,2026-08-09T01:36:50.770462
52,53190,Yusuf Özdemir,1084884,Alanyaspor,6362,2,4,6.78,3.51,2.15,25,10,22,8,51,7,0,2481,34,bigChancesMissed,TUR,2023-2024,datafc_sofascore,2026-08-09T01:36:50.770462
52,53190,David Akintola,798676,Çaykur Rizespor,3064,3,3,6.77,6.51,1.75,39,10,24,43,26,4,0,1942,25,bigChancesMissed,TUR,2023-2024,datafc_sofascore,2026-08-09T01:36:50.770462
52,53190,Sander van de Streek,220155,Antalyaspor,3056,2,2,6.68,5.01,1.02,49,19,17,18,36,3,1,1882,32,bigChancesMissed,TUR,2023-2024,datafc_sofascore,2026-08-09T01:36:50.770462
52,53190,Miguel Cardoso,344009,Kayserispor,3072,1,7,7.08,5.41,7.21,65,18,66,31,39,4,0,2524,30,bigChancesMissed,TUR,2023-2024,datafc_sofascore,2026-08-09T01:36:50.770462
52,53190,Tetê,980327,Galatasaray,3061,0,3,6.8,3.8,2.97,37,14,27,22,10,1,0,1136,33,bigChancesMissed,TUR,2023-2024,datafc_sofascore,2026-08-09T01:36:50.770462
52,53190,Rey Manaj,587882,Sivasspor,3076,18,3,7.31,14.34,1.48,104,40,17,20,13,10,0,2423,32,bigChancesMissed,TUR,2023-2024,datafc_sofascore,2026-08-09T01:36:50.770462
52,53190,Carlo Holse,837012,Samsunspor,3053,5,3,6.9,5.31,2.53,59,24,43,14,68,4,0,2787,33,bigChancesMissed,TUR,2023-2024,datafc_sofascore,2026-08-09T01:36:50.770462
52,53190,Ali Sowe,238394,MKE Ankaragücü,3103,6,3,6.84,5.43,1.21,48,21,17,20,10,3,1,2136,27,bigChancesMissed,TUR,2023-2024,datafc_sofascore,2026-08-09T01:36:50.770462
52,53190,Umut Nayir,284767,Pendikspor,7032,4,1,6.77,4.11,1.15,28,10,8,8,6,3,0,1340,23,bigChancesMissed,TUR,2023-2024,datafc_sofascore,2026-08-09T01:36:50.770462
52,53190,Emir Kaan Gültekin,903714,İstanbulspor,3066,4,1,6.73,7.43,1.46,35,21,19,21,19,4,0,1716,30,bigChancesMissed,TUR,2023-2024,datafc_sofascore,2026-08-09T01:36:50.770462
52,53190,Paul Onuachu,295123,Trabzonspor,3051,14,4,7.52,8.11,0.47,57,23,13,11,6,3,0,1438,20,bigChancesMissed,TUR,2023-2024,datafc_sofascore,2026-08-09T01:36:50.770462
52,53190,Adam Buksa,1138856,Antalyaspor,3056,16,2,7.19,12.27,0.84,93,39,21,27,17,8,0,2925,33,bigChancesMissed,TUR,2023-2024,datafc_sofascore,2026-08-09T01:36:50.770462
52,53190,Ahmed Hassan,1143587,Alanyaspor,6362,6,2,6.93,6.56,0.17,30,10,6,3,7,1,0,993,16,bigChancesMissed,TUR,2023-2024,datafc_sofascore,2026-08-09T01:36:50.770462
52,53190,Carlos Eduardo,795295,Alanyaspor,6362,4,1,6.8,4.66,1.91,34,12,16,24,33,3,0,1532,29,bigChancesMissed,TUR,2023-2024,datafc_sofascore,2026-08-09T01:36:50.770462
52,53190,Dal Varešanović,979109,Çaykur Rizespor,3064,8,2,6.76,7.09,2.96,51,16,20,31,13,5,0,2017,32,bigChancesMissed,TUR,2023-2024,datafc_sofascore,2026-08-09T01:36:50.770462
52,53190,Dries Mertens,32493,Galatasaray,3061,9,16,7.61,8.12,10.57,88,35,93,15,43,3,0,2487,36,bigChancesMissed,TUR,2023-2024,datafc_sofascore,2026-08-09T01:36:50.770462
52,53190,Sebastian Szymański,847983,Fenerbahçe,3052,10,11,7.55,9.31,9.69,87,31,77,10,85,4,0,2916,37,bigChancesMissed,TUR,2023-2024,datafc_sofascore,2026-08-09T01:36:50.770462
52,53190,Nuno Da Costa,209374,Kasımpaşa,6063,14,4,7.28,10.67,2.41,67,24,26,49,23,1,0,2339,29,bigChancesMissed,TUR,2023-2024,datafc_sofascore,2026-08-09T01:36:50.770462
52,53190,Alexandru Maxim,180511,Gaziantep FK,5138,3,8,7.16,5.85,7.47,43,16,80,36,38,4,2,2674,34,bigChancesMissed,TUR,2023-2024,datafc_sofascore,2026-08-09T01:36:50.770462
52,53190,Enis Destan,1012480,Trabzonspor,3051,9,4,6.97,6.44,0.85,42,23,16,8,20,4,0,1379,33,bigChancesMissed,TUR,2023-2024,datafc_sofascore,2026-08-09T01:36:50.770462
52,53190,Mamadou Fall,822228,Kasımpaşa,6063,8,2,6.94,6.19,3.57,49,17,54,28,22,4,0,2854,34,bigChancesMissed,TUR,2023-2024,datafc_sofascore,2026-08-09T01:36:50.770462
52,53190,João Novais,233370,Alanyaspor,6362,5,2,6.9,5.14,4.58,46,17,33,25,22,7,0,2075,32,bigChancesMissed,TUR,2023-2024,datafc_sofascore,2026-08-09T01:36:50.770462
52,53190,Altin Zeqiri,991742,Çaykur Rizespor,3064,5,5,6.88,6.68,3.34,47,20,36,47,23,4,0,2241,34,bigChancesMissed,TUR,2023-2024,datafc_sofascore,2026-08-09T01:36:50.770462
52,53190,Serdar Dursun,123917,Fenerbahçe,3052,6,2,6.87,7.17,0.82,39,17,12,3,4,0,0,1052,31,bigChancesMissed,TUR,2023-2024,datafc_sofascore,2026-08-09T01:36:50.770462
52,53190,İrfan Can Kahveci,226986,Fenerbahçe,3052,12,7,7.39,3.98,7.71,40,21,52,36,33,5,0,2027,31,bigChancesMissed,TUR,2023-2024,datafc_sofascore,2026-08-09T01:36:50.770462
52,53190,Emre Akbaba,343527,Adana Demirspor,3101,7,2,7.19,7.41,3.26,64,20,43,32,65,5,0,2682,32,bigChancesMissed,TUR,2023-2024,datafc_sofascore,2026-08-09T01:36:50.770462
52,53190,Barış Alper Yılmaz,904096,Galatasaray,3061,6,6,7.15,4.08,5.51,61,18,43,67,60,8,0,2550,37,bigChancesMissed,TUR,2023-2024,datafc_sofascore,2026-08-09T01:36:50.770462
52,53190,Bengali-Fodé Koita,51407,Sivasspor,3076,8,0,6.96,5.64,1.35,40,25,20,18,12,5,1,1307,24,bigChancesMissed,TUR,2023-2024,datafc_sofascore,2026-08-09T01:36:50.770462
52,53190,Veysel Sarı,98276,Antalyaspor,3056,1,0,6.93,2.25,0.42,29,6,6,4,72,11,0,3013,35,bigChancesMissed,TUR,2023-2024,datafc_sofascore,2026-08-09T01:36:50.770462
52,53190,João Figueiredo,841012,Başakşehir FK,3086,8,2,6.88,5.93,3.46,47,20,32,19,24,4,2,2036,34,bigChancesMissed,TUR,2023-2024,datafc_sofascore,2026-08-09T01:36:50.770462
52,53190,Halil Dervişoğlu,930775,Hatayspor,3091,0,1,6.8,3.07,1.31,35,11,18,28,25,0,0,957,25,bigChancesMissed,TUR,2023-2024,datafc_sofascore,2026-08-09T01:36:50.770462
52,53190,Max Gradel,16590,Gaziantep FK,5138,1,4,6.73,2.55,3.11,28,11,28,20,41,5,0,1712,29,bigChancesMissed,TUR,2023-2024,datafc_sofascore,2026-08-09T01:36:50.770462
52,53190,Mendy Mamadou,929718,İstanbulspor,3066,2,3,6.69,4.22,1.07,31,10,15,15,32,0,1,1762,32,bigChancesMissed,TUR,2023-2024,datafc_sofascore,2026-08-09T01:36:50.770462
52,53190,Steven Mendoza,354510,Adana Demirspor,3101,3,0,6.69,2.23,0.89,30,8,9,16,11,2,0,1082,14,bigChancesMissed,TUR,2023-2024,datafc_sofascore,2026-08-09T01:36:50.770462
52,53190,Fred,243623,Fenerbahçe,3052,3,4,7.34,3.99,4.93,50,15,31,25,51,5,1,2051,25,bigChancesMissed,TUR,2023-2024,datafc_sofascore,2026-08-09T01:36:50.770462
52,53190,Oğuz Aydın,999396,Alanyaspor,6362,13,8,7.28,9.34,8.32,58,25,64,54,25,3,1,2587,35,bigChancesMissed,TUR,2023-2024,datafc_sofascore,2026-08-09T01:36:50.770462
52,53190,Mahmoud Trézéguet,295361,Trabzonspor,3051,9,5,7.17,6.45,3.71,57,20,29,23,17,2,0,1529,24,bigChancesMissed,TUR,2023-2024,datafc_sofascore,2026-08-09T01:36:50.770462
52,53190,Marcão,870717,Fatih Karagümrük,4954,6,1,7.14,4.7,0.41,35,14,6,8,4,1,0,680,11,bigChancesMissed,TUR,2023-2024,datafc_sofascore,2026-08-09T01:36:50.770462
52,53190,Semih Kılıçsoy,1142606,Beşiktaş JK,3050,11,4,7.13,5.59,1.48,57,24,16,40,16,5,0,1695,23,bigChancesMissed,TUR,2023-2024,datafc_sofascore,2026-08-09T01:36:50.770462
52,53190,Ibrahim Olawoyin,1008173,Çaykur Rizespor,3064,8,2,7.12,5.84,2.99,64,25,39,65,63,6,0,2970,35,bigChancesMissed,TUR,2023-2024,datafc_sofascore,2026-08-09T01:36:50.770462
52,53190,Davinson Sánchez,566102,Galatasaray,3061,2,0,7.05,3.71,0.58,17,4,4,7,39,4,0,1602,23,bigChancesMissed,TUR,2023-2024,datafc_sofascore,2026-08-09T01:36:50.770462
52,53190,Cengiz Ünder,758876,Fenerbahçe,3052,9,2,7.05,3.62,1.88,43,19,21,9,11,3,0,1046,24,bigChancesMissed,TUR,2023-2024,datafc_sofascore,2026-08-09T01:36:50.770462
52,53190,Fisayo Dele-Bashiru,910121,Hatayspor,3091,8,3,7.01,5.58,2.31,45,18,40,71,33,6,0,3039,36,bigChancesMissed,TUR,2023-2024,datafc_sofascore,2026-08-09T01:36:50.770462
52,53190,Sokol Cikalleshi,81138,Konyaspor,3085,12,5,6.94,10.96,1.11,64,21,27,27,23,3,0,2364,33,bigChancesMissed,TUR,2023-2024,datafc_sofascore,2026-08-09T01:36:50.770462
52,53190,Jackson Muleka,927649,Beşiktaş JK,3050,4,1,6.9,4.52,1.43,53,18,19,35,33,1,0,1640,30,bigChancesMissed,TUR,2023-2024,datafc_sofascore,2026-08-09T01:36:50.770462
52,53190,Adolfo Gaich,940692,Çaykur Rizespor,3064,8,1,6.86,6.09,0.36,44,22,11,19,10,2,0,1624,32,bigChancesMissed,TUR,2023-2024,datafc_sofascore,2026-08-09T01:36:50.770462
52,53190,Muammer Sarıkaya,816571,Çaykur Rizespor,3064,1,1,6.81,3.87,2.27,37,8,18,16,76,9,0,2275,35,bigChancesMissed,TUR,2023-2024,datafc_sofascore,2026-08-09T01:36:50.770462
52,53190,Soner Dikmen,847782,Konyaspor,3085,1,0,6.76,3.18,1.09,38,9,6,13,53,7,0,3217,37,bigChancesMissed,TUR,2023-2024,datafc_sofascore,2026-08-09T01:36:50.770462
52,53190,Valon Ethemi,904945,Konyaspor,3085,2,4,6.75,3.04,3.08,37,10,31,27,18,4,0,1919,30,bigChancesMissed,TUR,2023-2024,datafc_sofascore,2026-08-09T01:36:50.770462
52,53190,Kevin Lasagna,587962,Fatih Karagümrük,4954,2,2,6.71,4.37,0.66,35,11,9,10,7,3,0,1199,28,bigChancesMissed,TUR,2023-2024,datafc_sofascore,2026-08-09T01:36:50.770462
52,53190,Görkem Bitin,952897,Pendikspor,7032,0,0,6.53,2.84,0.19,13,5,4,0,1,1,0,341,10,bigChancesMissed,TUR,2023-2024,datafc_sofascore,2026-08-09T01:36:50.770462
52,53190,Aytaç Kara,128196,Kasımpaşa,6063,13,5,7.41,9.16,3.01,101,36,40,19,73,4,0,3248,37,bigChancesMissed,TUR,2023-2024,datafc_sofascore,2026-08-09T01:36:50.770462
52,53190,Yusuf Sarı,896364,Adana Demirspor,3101,3,7,7.3,2.92,5.46,59,24,48,45,22,1,0,1790,24,bigChancesMissed,TUR,2023-2024,datafc_sofascore,2026-08-09T01:36:50.770462
52,53190,Samu Sáiz,99527,Sivasspor,3076,4,3,7.25,2.05,2.29,29,15,33,26,8,3,0,1357,17,bigChancesMissed,TUR,2023-2024,datafc_sofascore,2026-08-09T01:36:50.770462
52,53190,Gedson Fernandes,862055,Beşiktaş JK,3050,3,3,7.19,2.94,1.74,36,9,29,46,99,8,0,2457,29,bigChancesMissed,TUR,2023-2024,datafc_sofascore,2026-08-09T01:36:50.770462
52,53190,İsmail Yüksek,952600,Fenerbahçe,3052,0,4,7.15,2.24,2.28,26,4,29,29,73,5,2,2319,30,bigChancesMissed,TUR,2023-2024,datafc_sofascore,2026-08-09T01:36:50.770462
52,53190,Didier Lamkel Zé,845272,Hatayspor,3091,3,2,7.05,2.98,2.28,22,7,14,26,10,3,0,947,15,bigChancesMissed,TUR,2023-2024,datafc_sofascore,2026-08-09T01:36:50.770462
52,53190,Florian Loshaj,831407,İstanbulspor,3066,5,0,6.98,4.81,2.98,56,18,34,35,66,8,1,2705,32,bigChancesMissed,TUR,2023-2024,datafc_sofascore,2026-08-09T01:36:50.770462
52,53190,Joshua King,100621,Fenerbahçe,3052,2,1,6.95,2.52,1.27,17,8,11,9,4,2,0,378,16,bigChancesMissed,TUR,2023-2024,datafc_sofascore,2026-08-09T01:36:50.770462
52,53190,Uroš Radaković,151900,MKE Ankaragücü,3103,1,1,6.89,1.52,0.41,17,4,7,4,42,8,0,3070,35,bigChancesMissed,TUR,2023-2024,datafc_sofascore,2026-08-09T01:36:50.770462
52,53190,Alexandru Cicâldău,827540,Konyaspor,3085,1,0,6.88,3.97,1.7,44,11,27,12,28,0,0,2032,31,bigChancesMissed,TUR,2023-2024,datafc_sofascore,2026-08-09T01:36:50.770462
52,53190,Attila Mocsi,889382,Çaykur Rizespor,3064,2,0,6.88,2.0,0.29,14,3,3,5,22,2,1,1963,28,bigChancesMissed,TUR,2023-2024,datafc_sofascore,2026-08-09T01:36:50.770462
52,53190,Fidan Aliti,385296,Alanyaspor,6362,0,2,6.87,2.24,0.49,14,3,8,4,38,7,0,3047,35,bigChancesMissed,TUR,2023-2024,datafc_sofascore,2026-08-09T01:36:50.770462
52,53190,Renaldo Cephas,1384968,MKE Ankaragücü,3103,3,1,6.83,4.71,1.91,43,19,15,41,28,5,0,1626,31,bigChancesMissed,TUR,2023-2024,datafc_sofascore,2026-08-09T01:36:50.770462
52,53190,Yusuf Erdoğan,256663,Adana Demirspor,3101,5,2,6.8,4.08,2.0,43,15,23,26,32,4,0,2594,35,bigChancesMissed,TUR,2023-2024,datafc_sofascore,2026-08-09T01:36:50.770462
52,53190,Sergio Córdova,881222,Alanyaspor,6362,3,0,6.79,3.11,0.41,20,8,6,9,10,1,0,1028,18,bigChancesMissed,TUR,2023-2024,datafc_sofascore,2026-08-09T01:36:50.770462
52,53190,Vincent Aboubakar,116869,Beşiktaş JK,3050,5,1,6.78,3.75,1.11,27,11,7,11,1,2,0,1081,22,bigChancesMissed,TUR,2023-2024,datafc_sofascore,2026-08-09T01:36:50.770462
52,53190,Danijel Aleksić,45377,Başakşehir FK,3086,1,1,6.78,2.99,1.4,25,6,13,7,12,1,0,1176,21,bigChancesMissed,TUR,2023-2024,datafc_sofascore,2026-08-09T01:36:50.770462
52,53190,Furkan Soyalp,226992,Gaziantep FK,5138,1,3,6.77,1.91,1.09,18,9,17,12,49,6,1,1615,30,bigChancesMissed,TUR,2023-2024,datafc_sofascore,2026-08-09T01:36:50.770462
52,53190,Jackson,911351,İstanbulspor,3066,1,4,6.77,4.47,3.63,48,19,31,45,38,2,0,2201,35,bigChancesMissed,TUR,2023-2024,datafc_sofascore,2026-08-09T01:36:50.770462
52,53190,Ercan Kara,843039,Samsunspor,3053,3,0,6.75,4.02,0.53,32,11,7,8,12,0,0,968,23,bigChancesMissed,TUR,2023-2024,datafc_sofascore,2026-08-09T01:36:50.770462
52,53190,Miha Zajc,139256,Fenerbahçe,3052,0,0,6.75,1.46,0.51,12,2,9,1,11,1,0,534,11,bigChancesMissed,TUR,2023-2024,datafc_sofascore,2026-08-09T01:36:50.770462
52,53190,Olivier Ntcham,352676,Samsunspor,3053,6,0,6.75,6.23,1.94,50,15,14,23,14,5,0,1872,27,bigChancesMissed,TUR,2023-2024,datafc_sofascore,2026-08-09T01:36:50.770462
52,53190,Martin Minchev,878699,Çaykur Rizespor,3064,3,0,6.72,3.79,1.47,33,9,14,15,24,4,0,1732,32,bigChancesMissed,TUR,2023-2024,datafc_sofascore,2026-08-09T01:36:50.770462
52,53190,Riad Bajić,331751,MKE Ankaragücü,3103,4,0,6.66,4.06,0.64,17,8,9,7,1,0,0,849,24,bigChancesMissed,TUR,2023-2024,datafc_sofascore,2026-08-09T01:36:50.770462
52,53190,Aliou Badji,869845,Gaziantep FK,5138,1,0,6.65,1.48,0.12,9,2,1,2,6,2,0,337,14,bigChancesMissed,TUR,2023-2024,datafc_sofascore,2026-08-09T01:36:50.770462
52,53190,Abdoulay Diaby,115718,Pendikspor,7032,2,0,6.63,3.2,0.82,21,7,9,14,11,3,0,1095,27,bigChancesMissed,TUR,2023-2024,datafc_sofascore,2026-08-09T01:36:50.770462
52,53190,Britoli Assombalonga,151512,Antalyaspor,3056,1,0,6.62,2.23,0.14,21,6,4,13,3,5,0,656,22,bigChancesMissed,TUR,2023-2024,datafc_sofascore,2026-08-09T01:36:50.770462
52,53190,Brayan Riascos,537040,Gaziantep FK,5138,1,0,6.62,1.46,0.21,12,4,4,7,12,2,0,469,17,bigChancesMissed,TUR,2023-2024,datafc_sofascore,2026-08-09T01:36:50.770462
52,53190,Nany Dimata,826944,Samsunspor,3053,2,0,6.61,2.66,0.23,14,5,4,3,2,4,1,675,19,bigChancesMissed,TUR,2023-2024,datafc_sofascore,2026-08-09T01:36:50.770462
52,53190,Emrehan Gedikli,997130,İstanbulspor,3066,1,0,6.61,1.41,0.23,11,4,5,2,8,0,0,450,12,bigChancesMissed,TUR,2023-2024,datafc_sofascore,2026-08-09T01:36:50.770462
52,53190,Bertuğ Yıldırım,1382235,Hatayspor,3091,1,0,6.57,1.71,0.12,8,4,3,2,2,1,0,260,3,bigChancesMissed,TUR,2023-2024,datafc_sofascore,2026-08-09T01:36:50.770462
52,53190,Valentin Eysseric,139798,Fatih Karagümrük,4954,5,7,7.46,4.48,7.64,54,18,74,27,42,7,1,2420,31,bigChancesMissed,TUR,2023-2024,datafc_sofascore,2026-08-09T01:36:50.770462
52,53190,Ferdi Kadıoğlu,825844,Fenerbahçe,3052,1,4,7.44,2.5,6.69,33,14,51,57,75,3,0,3327,37,bigChancesMissed,TUR,2023-2024,datafc_sofascore,2026-08-09T01:36:50.770462
52,53190,Ernest Muçi,924670,Beşiktaş JK,3050,3,0,7.13,2.25,1.71,41,15,16,18,12,3,0,1040,13,bigChancesMissed,TUR,2023-2024,datafc_sofascore,2026-08-09T01:36:50.770462
52,53190,Davidson,814334,Başakşehir FK,3086,4,0,7.11,4.1,1.3,22,7,12,24,19,2,0,980,14,bigChancesMissed,TUR,2023-2024,datafc_sofascore,2026-08-09T01:36:50.770462
52,53190,Dimitrios Pelkas,139304,Başakşehir FK,3086,6,5,7.04,4.7,2.2,30,17,24,18,20,6,0,1245,23,bigChancesMissed,TUR,2023-2024,datafc_sofascore,2026-08-09T01:36:50.770462
52,53190,Lucas Torreira,754794,Galatasaray,3061,1,2,7.2,2.08,2.97,31,4,29,9,80,7,0,2993,35,accuratePasses,TUR,2023-2024,datafc_sofascore,2026-08-09T01:36:50.770462
52,53190,Ferdi Kadıoğlu,825844,Fenerbahçe,3052,1,4,7.44,2.5,6.69,33,14,51,57,75,3,0,3327,37,accuratePasses,TUR,2023-2024,datafc_sofascore,2026-08-09T01:36:50.770462
52,53190,Fidan Aliti,385296,Alanyaspor,6362,0,2,6.87,2.24,0.49,14,3,8,4,38,7,0,3047,35,accuratePasses,TUR,2023-2024,datafc_sofascore,2026-08-09T01:36:50.770462
52,53190,Semih Güler,325155,Adana Demirspor,3101,0,1,7.09,1.18,0.93,24,6,8,4,52,4,1,2801,32,accuratePasses,TUR,2023-2024,datafc_sofascore,2026-08-09T01:36:50.770462
52,53190,Léo Duarte,839982,Başakşehir FK,3086,0,1,7.12,0.96,0.79,11,4,16,18,43,1,0,2700,30,accuratePasses,TUR,2023-2024,datafc_sofascore,2026-08-09T01:36:50.770462
52,53190,Nihad Mujakić,858004,MKE Ankaragücü,3103,1,1,6.77,0.33,0.71,5,1,7,6,46,4,0,3202,36,accuratePasses,TUR,2023-2024,datafc_sofascore,2026-08-09T01:36:50.770462
52,53190,Veysel Sarı,98276,Antalyaspor,3056,1,0,6.93,2.25,0.42,29,6,6,4,72,11,0,3013,35,accuratePasses,TUR,2023-2024,datafc_sofascore,2026-08-09T01:36:50.770462
52,53190,Guy-Marcelin Kilama,944222,Hatayspor,3091,2,1,6.9,1.1,0.38,9,2,11,14,44,4,0,3136,35,accuratePasses,TUR,2023-2024,datafc_sofascore,2026-08-09T01:36:50.770462
52,53190,Uroš Radaković,151900,MKE Ankaragücü,3103,1,1,6.89,1.52,0.41,17,4,7,4,42,8,0,3070,35,accuratePasses,TUR,2023-2024,datafc_sofascore,2026-08-09T01:36:50.770462
52,53190,Richard,897617,Alanyaspor,6362,1,1,7.16,1.3,1.31,25,7,17,16,74,11,0,2913,34,accuratePasses,TUR,2023-2024,datafc_sofascore,2026-08-09T01:36:50.770462
52,53190,Jerome Opoku,920514,Başakşehir FK,3086,4,1,7.06,1.9,0.74,11,5,9,18,26,6,1,2481,28,accuratePasses,TUR,2023-2024,datafc_sofascore,2026-08-09T01:36:50.770462
52,53190,Victor Nelsson,846148,Galatasaray,3061,2,0,7.12,1.56,0.89,19,6,5,1,22,3,0,2570,32,accuratePasses,TUR,2023-2024,datafc_sofascore,2026-08-09T01:36:50.770462
52,53190,Andreaw Gravillon,827934,Adana Demirspor,3101,2,0,6.85,0.97,0.36,27,3,10,19,39,4,0,2766,33,accuratePasses,TUR,2023-2024,datafc_sofascore,2026-08-09T01:36:50.770462
52,53190,Jakub Kałuziński,1019026,Antalyaspor,3056,0,2,6.88,0.74,1.46,20,2,18,7,30,3,0,2344,31,accuratePasses,TUR,2023-2024,datafc_sofascore,2026-08-09T01:36:50.770462
52,53190,Steven​ N'Zonzi,51652,Konyaspor,3085,4,0,7.03,1.12,1.2,19,10,16,6,26,2,0,2334,33,accuratePasses,TUR,2023-2024,datafc_sofascore,2026-08-09T01:36:50.770462
52,53190,Aytaç Kara,128196,Kasımpaşa,6063,13,5,7.41,9.16,3.01,101,36,40,19,73,4,0,3248,37,accuratePasses,TUR,2023-2024,datafc_sofascore,2026-08-09T01:36:50.770462
52,53190,İsmail Yüksek,952600,Fenerbahçe,3052,0,4,7.15,2.24,2.28,26,4,29,29,73,5,2,2319,30,accuratePasses,TUR,2023-2024,datafc_sofascore,2026-08-09T01:36:50.770462
52,53190,Stefano Denswil,97404,Trabzonspor,3051,1,0,7.02,0.67,0.48,13,2,5,2,16,1,0,2173,25,accuratePasses,TUR,2023-2024,datafc_sofascore,2026-08-09T01:36:50.770462
52,53190,Tolga Ciğerci,120298,MKE Ankaragücü,3103,5,3,7.15,3.47,1.48,38,11,22,13,45,4,0,2050,27,accuratePasses,TUR,2023-2024,datafc_sofascore,2026-08-09T01:36:50.770462
52,53190,Kartal Kayra Yılmaz,966811,Kayserispor,3072,0,2,6.85,0.4,2.12,19,1,25,11,46,6,1,2409,29,accuratePasses,TUR,2023-2024,datafc_sofascore,2026-08-09T01:36:50.770462
52,53190,Jonjo Shelvey,36465,Çaykur Rizespor,3064,3,6,7.15,2.58,3.71,55,16,48,17,36,6,0,2604,31,accuratePasses,TUR,2023-2024,datafc_sofascore,2026-08-09T01:36:50.770462
52,53190,Necip Uysal,43394,Beşiktaş JK,3050,0,1,6.96,0.74,0.53,11,3,6,7,46,5,0,2359,30,accuratePasses,TUR,2023-2024,datafc_sofascore,2026-08-09T01:36:50.770462
52,53190,Abdülkerim Bardakcı,178963,Galatasaray,3061,4,0,7.23,3.21,1.03,33,8,10,11,25,4,0,2218,27,accuratePasses,TUR,2023-2024,datafc_sofascore,2026-08-09T01:36:50.770462
52,53190,Furkan Bayır,1003161,Alanyaspor,6362,0,0,6.79,1.34,0.2,10,2,1,0,38,7,1,2042,31,accuratePasses,TUR,2023-2024,datafc_sofascore,2026-08-09T01:36:50.770462
52,53190,Berat Özdemir,876857,Trabzonspor,3051,1,1,7.12,0.52,0.97,15,4,15,15,70,4,0,2304,31,accuratePasses,TUR,2023-2024,datafc_sofascore,2026-08-09T01:36:50.770462
52,53190,Yasin Özcan,1392102,Kasımpaşa,6063,2,1,6.78,1.06,0.69,19,4,13,11,68,4,0,2962,37,accuratePasses,TUR,2023-2024,datafc_sofascore,2026-08-09T01:36:50.770462
52,53190,Federico Ceccherini,139410,Fatih Karagümrük,4954,1,0,6.68,1.0,0.25,10,1,2,4,23,9,2,2064,27,accuratePasses,TUR,2023-2024,datafc_sofascore,2026-08-09T01:36:50.770462
52,53190,Kerem Demirbay,142619,Galatasaray,3061,6,3,7.2,3.03,3.76,52,17,42,19,66,2,0,2227,34,accuratePasses,TUR,2023-2024,datafc_sofascore,2026-08-09T01:36:50.770462
52,53190,Levent Mercan,1085938,Fatih Karagümrük,4954,1,5,6.9,0.7,2.51,14,1,33,37,82,8,0,3113,36,accuratePasses,TUR,2023-2024,datafc_sofascore,2026-08-09T01:36:50.770462
52,53190,Batista Mendy,859021,Trabzonspor,3051,1,0,6.85,0.67,1.17,19,4,7,29,45,8,1,2682,30,accuratePasses,TUR,2023-2024,datafc_sofascore,2026-08-09T01:36:50.770462
52,53190,Ousseynou Ba,889430,Başakşehir FK,3086,0,1,7.16,0.43,0.1,6,0,2,2,48,9,1,1765,22,accuratePasses,TUR,2023-2024,datafc_sofascore,2026-08-09T01:36:50.770462
52,53190,Emirhan Topçu,895009,Çaykur Rizespor,3064,1,4,7.26,2.0,1.84,25,8,19,6,65,10,1,2702,31,accuratePasses,TUR,2023-2024,datafc_sofascore,2026-08-09T01:36:50.770462
52,53190,Berkay Özcan,806964,Başakşehir FK,3086,2,2,6.84,2.66,1.41,26,8,21,29,36,2,0,2820,34,accuratePasses,TUR,2023-2024,datafc_sofascore,2026-08-09T01:36:50.770462
52,53190,Soner Dikmen,847782,Konyaspor,3085,1,0,6.76,3.18,1.09,38,9,6,13,53,7,0,3217,37,accuratePasses,TUR,2023-2024,datafc_sofascore,2026-08-09T01:36:50.770462
52,53190,Alexander Djiku,289977,Fenerbahçe,3052,3,1,7.01,2.27,0.38,12,3,7,4,39,5,1,2032,25,accuratePasses,TUR,2023-2024,datafc_sofascore,2026-08-09T01:36:50.770462
52,53190,Güray Vural,43559,Antalyaspor,3056,1,3,6.9,1.13,2.92,25,4,26,8,54,7,0,2568,30,accuratePasses,TUR,2023-2024,datafc_sofascore,2026-08-09T01:36:50.770462
52,53190,Joseph Attamah,332963,Kayserispor,3072,1,0,6.75,0.73,0.56,8,2,4,2,22,3,0,2171,30,accuratePasses,TUR,2023-2024,datafc_sofascore,2026-08-09T01:36:50.770462
52,53190,Omar Colley,238408,Beşiktaş JK,3050,7,0,7.14,3.23,0.36,13,9,6,2,27,4,1,1935,22,accuratePasses,TUR,2023-2024,datafc_sofascore,2026-08-09T01:36:50.770462
52,53190,Fred,243623,Fenerbahçe,3052,3,4,7.34,3.99,4.93,50,15,31,25,51,5,1,2051,25,accuratePasses,TUR,2023-2024,datafc_sofascore,2026-08-09T01:36:50.770462
52,53190,Haris Hajradinović,254979,Kasımpaşa,6063,5,14,7.39,6.16,9.69,69,21,104,26,63,3,0,3307,38,accuratePasses,TUR,2023-2024,datafc_sofascore,2026-08-09T01:36:50.770462
52,53190,Guilherme Haubert Sityá,224112,Konyaspor,3085,5,7,7.35,1.62,6.83,18,6,88,30,87,1,0,3267,37,accuratePasses,TUR,2023-2024,datafc_sofascore,2026-08-09T01:36:50.770462
52,53190,Davide Biraschi,233252,Fatih Karagümrük,4954,0,1,6.8,0.62,0.85,5,0,5,9,47,6,1,2575,30,accuratePasses,TUR,2023-2024,datafc_sofascore,2026-08-09T01:36:50.770462
52,53190,Rick Van Drongelen,803023,Samsunspor,3053,3,0,6.89,1.59,0.68,22,6,6,4,39,6,0,2395,30,accuratePasses,TUR,2023-2024,datafc_sofascore,2026-08-09T01:36:50.770462
52,53190,Papy Djilobodji,106661,Gaziantep FK,5138,3,1,6.94,2.83,2.05,20,5,17,5,36,5,1,3007,34,accuratePasses,TUR,2023-2024,datafc_sofascore,2026-08-09T01:36:50.770462
52,53190,Florent Hadergjonaj,354860,Alanyaspor,6362,2,3,6.93,1.15,2.69,17,4,23,11,43,3,0,2318,31,accuratePasses,TUR,2023-2024,datafc_sofascore,2026-08-09T01:36:50.770462
52,53190,Nuno Sequeira,170117,Pendikspor,7032,1,3,6.89,0.98,3.7,15,4,40,20,85,10,0,3066,35,accuratePasses,TUR,2023-2024,datafc_sofascore,2026-08-09T01:36:50.770462
52,53190,Kaan Ayhan,138152,Galatasaray,3061,1,2,7.07,1.11,2.96,22,6,29,6,33,3,0,2111,35,accuratePasses,TUR,2023-2024,datafc_sofascore,2026-08-09T01:36:50.770462
52,53190,Okan Erdoğan,881213,İstanbulspor,3066,0,0,6.63,0.33,1.04,6,1,7,16,51,7,1,2460,30,accuratePasses,TUR,2023-2024,datafc_sofascore,2026-08-09T01:36:50.770462
52,53190,Valentin Eysseric,139798,Fatih Karagümrük,4954,5,7,7.46,4.48,7.64,54,18,74,27,42,7,1,2420,31,accuratePasses,TUR,2023-2024,datafc_sofascore,2026-08-09T01:36:50.770462
52,53190,Efecan Karaca,60510,Alanyaspor,6362,2,3,7.02,3.18,4.83,21,9,50,31,57,5,0,2753,37,accuratePasses,TUR,2023-2024,datafc_sofascore,2026-08-09T01:36:50.770462
52,53190,Davinson Sánchez,566102,Galatasaray,3061,2,0,7.05,3.71,0.58,17,4,4,7,39,4,0,1602,23,accuratePasses,TUR,2023-2024,datafc_sofascore,2026-08-09T01:36:50.770462
52,53190,Alexandru Maxim,180511,Gaziantep FK,5138,3,8,7.16,5.85,7.47,43,16,80,36,38,4,2,2674,34,accuratePasses,TUR,2023-2024,datafc_sofascore,2026-08-09T01:36:50.770462
52,53190,Ömer Toprak,39015,Antalyaspor,3056,0,2,6.92,0.57,0.41,6,2,6,4,27,1,0,1815,22,accuratePasses,TUR,2023-2024,datafc_sofascore,2026-08-09T01:36:50.770462
52,53190,Muammer Sarıkaya,816571,Çaykur Rizespor,3064,1,1,6.81,3.87,2.27,37,8,18,16,76,9,0,2275,35,accuratePasses,TUR,2023-2024,datafc_sofascore,2026-08-09T01:36:50.770462
52,53190,Mehmet Yeşil,840639,İstanbulspor,3066,0,0,6.8,0.61,0.39,12,3,1,11,40,9,0,2807,34,accuratePasses,TUR,2023-2024,datafc_sofascore,2026-08-09T01:36:50.770462
52,53190,Dušan Tadić,38560,Fenerbahçe,3052,10,14,7.42,14.9,14.16,53,28,88,32,33,3,0,3157,38,accuratePasses,TUR,2023-2024,datafc_sofascore,2026-08-09T01:36:50.770462
52,53190,Taha Şahin,1394729,Çaykur Rizespor,3064,0,4,6.87,0.65,2.84,8,0,27,29,58,5,0,2854,34,accuratePasses,TUR,2023-2024,datafc_sofascore,2026-08-09T01:36:50.770462
52,53190,Chandrel Massanga,1083138,Hatayspor,3091,3,0,6.92,1.99,0.99,24,7,18,8,50,4,0,2294,30,accuratePasses,TUR,2023-2024,datafc_sofascore,2026-08-09T01:36:50.770462
52,53190,Uğur Çiftçi,142850,Sivasspor,3076,0,2,6.8,0.47,3.69,15,5,31,21,71,10,0,3118,35,accuratePasses,TUR,2023-2024,datafc_sofascore,2026-08-09T01:36:50.770462
52,53190,Léo Dubois,552680,Başakşehir FK,3086,1,4,6.9,0.68,3.23,12,4,29,24,29,3,0,2315,31,accuratePasses,TUR,2023-2024,datafc_sofascore,2026-08-09T01:36:50.770462
52,53190,Welinton,76529,Pendikspor,7032,2,1,6.88,1.23,0.77,21,6,10,4,53,4,3,2015,24,accuratePasses,TUR,2023-2024,datafc_sofascore,2026-08-09T01:36:50.770462
52,53190,Florian Loshaj,831407,İstanbulspor,3066,5,0,6.98,4.81,2.98,56,18,34,35,66,8,1,2705,32,accuratePasses,TUR,2023-2024,datafc_sofascore,2026-08-09T01:36:50.770462
52,53190,Mortadha Ben Ouanes,919225,Kasımpaşa,6063,7,5,7.01,3.26,4.88,36,15,45,31,41,8,0,2999,36,accuratePasses,TUR,2023-2024,datafc_sofascore,2026-08-09T01:36:50.770462
52,53190,Lionel Carole,122922,Kayserispor,3072,0,1,6.78,0.08,1.23,4,1,12,8,23,2,0,2199,28,accuratePasses,TUR,2023-2024,datafc_sofascore,2026-08-09T01:36:50.770462
52,53190,Gedson Fernandes,862055,Beşiktaş JK,3050,3,3,7.19,2.94,1.74,36,9,29,46,99,8,0,2457,29,accuratePasses,TUR,2023-2024,datafc_sofascore,2026-08-09T01:36:50.770462
52,53190,Gökhan Gül,797820,Kasımpaşa,6063,2,0,6.97,1.82,1.39,54,17,20,6,53,3,0,2928,38,accuratePasses,TUR,2023-2024,datafc_sofascore,2026-08-09T01:36:50.770462
52,53190,Simon Deli,326419,İstanbulspor,3066,0,0,6.87,0.85,0.73,9,2,7,6,23,7,0,2167,27,accuratePasses,TUR,2023-2024,datafc_sofascore,2026-08-09T01:36:50.770462
52,53190,Eren Elmalı,981483,Trabzonspor,3051,0,0,6.87,1.19,1.89,17,3,29,21,61,9,0,3022,34,accuratePasses,TUR,2023-2024,datafc_sofascore,2026-08-09T01:36:50.770462
52,53190,Edin Višća,109779,Trabzonspor,3051,5,9,7.28,4.34,8.93,63,16,91,28,34,1,0,2762,36,accuratePasses,TUR,2023-2024,datafc_sofascore,2026-08-09T01:36:50.770462
52,53190,Fernando Muslera,28381,Galatasaray,3061,0,0,7.2,0.0,0.32,0,0,2,1,1,4,0,3300,37,accuratePasses,TUR,2023-2024,datafc_sofascore,2026-08-09T01:36:50.770462
52,53190,Pedrinho,182385,MKE Ankaragücü,3103,3,2,7.01,1.17,2.48,30,6,37,12,55,4,0,2199,32,accuratePasses,TUR,2023-2024,datafc_sofascore,2026-08-09T01:36:50.770462
52,53190,Uğurcan Yazğılı,904303,Konyaspor,3085,2,0,6.95,1.03,0.62,13,2,14,6,68,5,0,2718,35,accuratePasses,TUR,2023-2024,datafc_sofascore,2026-08-09T01:36:50.770462
52,53190,Jure Balkovec,171625,Alanyaspor,6362,3,0,6.94,0.57,3.07,21,7,26,7,33,7,0,2141,28,accuratePasses,TUR,2023-2024,datafc_sofascore,2026-08-09T01:36:50.770462
52,53190,Arif Kocaman,1173638,Kayserispor,3072,0,1,6.7,1.32,0.09,8,2,2,6,16,5,1,1742,25,accuratePasses,TUR,2023-2024,datafc_sofascore,2026-08-09T01:36:50.770462
52,53190,Mustafa Eskihellaç,899069,Gaziantep FK,5138,2,3,6.93,1.29,2.92,25,5,29,41,66,5,0,3067,35,accuratePasses,TUR,2023-2024,datafc_sofascore,2026-08-09T01:36:50.770462
52,53190,Rayyan Baniya,929739,Trabzonspor,3051,0,0,6.73,0.49,0.13,6,3,4,1,19,4,0,1885,23,accuratePasses,TUR,2023-2024,datafc_sofascore,2026-08-09T01:36:50.770462
52,53190,Nuno Lima,1133301,Alanyaspor,6362,0,0,6.93,0.6,0.52,8,1,4,3,11,2,0,1179,19,accuratePasses,TUR,2023-2024,datafc_sofascore,2026-08-09T01:36:50.770462
52,53190,Aaron Appindangoyé,785850,Sivasspor,3076,1,1,6.87,0.57,0.41,9,4,5,2,11,1,0,2598,30,accuratePasses,TUR,2023-2024,datafc_sofascore,2026-08-09T01:36:50.770462
52,53190,Gökhan Sazdağı,595396,Kayserispor,3072,0,5,6.79,1.56,2.92,25,7,26,35,92,9,0,2905,34,accuratePasses,TUR,2023-2024,datafc_sofascore,2026-08-09T01:36:50.770462
52,53190,Modestas Vorobjovas,319751,İstanbulspor,3066,1,0,6.68,0.28,0.62,6,3,16,2,47,4,1,2148,28,accuratePasses,TUR,2023-2024,datafc_sofascore,2026-08-09T01:36:50.770462
52,53190,Oğuz Aydın,999396,Alanyaspor,6362,13,8,7.28,9.34,8.32,58,25,64,54,25,3,1,2587,35,accuratePasses,TUR,2023-2024,datafc_sofascore,2026-08-09T01:36:50.770462
52,53190,Ali Karimi,803869,Kayserispor,3072,3,0,6.98,3.23,3.2,32,7,31,18,48,4,0,2040,27,accuratePasses,TUR,2023-2024,datafc_sofascore,2026-08-09T01:36:50.770462
52,53190,Deniz Türüç,252207,Başakşehir FK,3086,2,12,7.15,2.26,5.68,39,17,60,30,31,11,0,2678,34,accuratePasses,TUR,2023-2024,datafc_sofascore,2026-08-09T01:36:50.770462
52,53190,Nicolas Janvier,802150,Alanyaspor,6362,4,2,7.04,2.42,3.0,35,9,33,24,30,3,0,1655,34,accuratePasses,TUR,2023-2024,datafc_sofascore,2026-08-09T01:36:50.770462
52,53190,Emre Akbaba,343527,Adana Demirspor,3101,7,2,7.19,7.41,3.26,64,20,43,32,65,5,0,2682,32,accuratePasses,TUR,2023-2024,datafc_sofascore,2026-08-09T01:36:50.770462
52,53190,Nicolas N'Koulou,38533,Gaziantep FK,5138,2,0,6.82,2.22,0.11,15,3,4,4,43,2,0,2841,32,accuratePasses,TUR,2023-2024,datafc_sofascore,2026-08-09T01:36:50.770462
52,53190,Arnaud Lusamba,361342,Pendikspor,7032,0,3,6.93,0.31,1.96,9,4,24,32,48,5,1,2024,27,accuratePasses,TUR,2023-2024,datafc_sofascore,2026-08-09T01:36:50.770462
52,53190,Lucas Lima,248529,Başakşehir FK,3086,1,2,6.79,0.28,1.35,10,1,14,8,31,4,0,1906,32,accuratePasses,TUR,2023-2024,datafc_sofascore,2026-08-09T01:36:50.770462
52,53190,Amir Hadžiahmetović,795421,Beşiktaş JK,3050,0,4,7.06,0.3,2.46,3,1,22,8,19,2,1,1341,18,accuratePasses,TUR,2023-2024,datafc_sofascore,2026-08-09T01:36:50.770462
52,53190,Attila Mocsi,889382,Çaykur Rizespor,3064,2,0,6.88,2.0,0.29,14,3,3,5,22,2,1,1963,28,accuratePasses,TUR,2023-2024,datafc_sofascore,2026-08-09T01:36:50.770462
52,53190,Jonas Svensson,98199,Beşiktaş JK,3050,0,3,7.1,0.13,2.29,4,0,23,10,50,4,0,2065,24,accuratePasses,TUR,2023-2024,datafc_sofascore,2026-08-09T01:36:50.770462
52,53190,Bilal Bayazit,825850,Kayserispor,3072,0,0,7.22,0.0,0.07,0,0,3,0,3,5,0,3150,35,accuratePasses,TUR,2023-2024,datafc_sofascore,2026-08-09T01:36:50.770462
52,53190,Kenneth Omeruo,158293,Kasımpaşa,6063,1,1,6.93,1.01,0.68,12,6,10,4,32,5,1,2081,24,accuratePasses,TUR,2023-2024,datafc_sofascore,2026-08-09T01:36:50.770462
52,53190,Enis Bardhi,355024,Trabzonspor,3051,6,4,7.06,3.19,3.28,56,20,37,31,34,3,0,2342,34,accuratePasses,TUR,2023-2024,datafc_sofascore,2026-08-09T01:36:50.770462
52,53190,Alassane Ndao,1016033,Konyaspor,3085,3,2,6.88,3.74,4.83,40,9,41,38,35,3,0,2771,36,accuratePasses,TUR,2023-2024,datafc_sofascore,2026-08-09T01:36:50.770462
52,53190,Jayden Oosterwolde,1048324,Fenerbahçe,3052,0,0,6.85,0.65,2.19,7,2,9,22,42,8,0,1925,27,accuratePasses,TUR,2023-2024,datafc_sofascore,2026-08-09T01:36:50.770462
52,53190,Görkem Sağlam,795001,Hatayspor,3091,2,4,6.9,1.21,2.08,18,5,18,11,23,4,0,1535,31,accuratePasses,TUR,2023-2024,datafc_sofascore,2026-08-09T01:36:50.770462
52,53190,Marcus Rohdén,209082,Fatih Karagümrük,4954,4,4,6.91,2.44,1.87,36,11,29,13,32,4,0,2426,34,accuratePasses,TUR,2023-2024,datafc_sofascore,2026-08-09T01:36:50.770462
52,53190,Leroy Fer,31821,Alanyaspor,6362,1,0,6.77,2.85,1.41,26,7,10,10,39,5,2,1805,31,accuratePasses,TUR,2023-2024,datafc_sofascore,2026-08-09T01:36:50.770462
52,53190,Helton Leite,329081,Antalyaspor,3056,0,0,7.2,0.0,0.02,0,0,0,0,1,1,0,3059,34,accuratePasses,TUR,2023-2024,datafc_sofascore,2026-08-09T01:36:50.770462
52,53190,Lucas Torreira,754794,Galatasaray,3061,1,2,7.2,2.08,2.97,31,4,29,9,80,7,0,2993,35,accuratePasses,TUR,2023-2024,datafc_sofascore,2026-08-09T01:36:50.770462
52,53190,Ferdi Kadıoğlu,825844,Fenerbahçe,3052,1,4,7.44,2.5,6.69,33,14,51,57,75,3,0,3327,37,accuratePasses,TUR,2023-2024,datafc_sofascore,2026-08-09T01:36:50.770462
52,53190,Fidan Aliti,385296,Alanyaspor,6362,0,2,6.87,2.24,0.49,14,3,8,4,38,7,0,3047,35,accuratePasses,TUR,2023-2024,datafc_sofascore,2026-08-09T01:36:50.770462
52,53190,Semih Güler,325155,Adana Demirspor,3101,0,1,7.09,1.18,0.93,24,6,8,4,52,4,1,2801,32,accuratePasses,TUR,2023-2024,datafc_sofascore,2026-08-09T01:36:50.770462
52,53190,Léo Duarte,839982,Başakşehir FK,3086,0,1,7.12,0.96,0.79,11,4,16,18,43,1,0,2700,30,accuratePasses,TUR,2023-2024,datafc_sofascore,2026-08-09T01:36:50.770462
52,53190,Nihad Mujakić,858004,MKE Ankaragücü,3103,1,1,6.77,0.33,0.71,5,1,7,6,46,4,0,3202,36,accuratePasses,TUR,2023-2024,datafc_sofascore,2026-08-09T01:36:50.770462
52,53190,Veysel Sarı,98276,Antalyaspor,3056,1,0,6.93,2.25,0.42,29,6,6,4,72,11,0,3013,35,accuratePasses,TUR,2023-2024,datafc_sofascore,2026-08-09T01:36:50.770462
52,53190,Guy-Marcelin Kilama,944222,Hatayspor,3091,2,1,6.9,1.1,0.38,9,2,11,14,44,4,0,3136,35,accuratePasses,TUR,2023-2024,datafc_sofascore,2026-08-09T01:36:50.770462
52,53190,Uroš Radaković,151900,MKE Ankaragücü,3103,1,1,6.89,1.52,0.41,17,4,7,4,42,8,0,3070,35,accuratePasses,TUR,2023-2024,datafc_sofascore,2026-08-09T01:36:50.770462
52,53190,Richard,897617,Alanyaspor,6362,1,1,7.16,1.3,1.31,25,7,17,16,74,11,0,2913,34,accuratePasses,TUR,2023-2024,datafc_sofascore,2026-08-09T01:36:50.770462
52,53190,Jerome Opoku,920514,Başakşehir FK,3086,4,1,7.06,1.9,0.74,11,5,9,18,26,6,1,2481,28,accuratePasses,TUR,2023-2024,datafc_sofascore,2026-08-09T01:36:50.770462
52,53190,Victor Nelsson,846148,Galatasaray,3061,2,0,7.12,1.56,0.89,19,6,5,1,22,3,0,2570,32,accuratePasses,TUR,2023-2024,datafc_sofascore,2026-08-09T01:36:50.770462
52,53190,Andreaw Gravillon,827934,Adana Demirspor,3101,2,0,6.85,0.97,0.36,27,3,10,19,39,4,0,2766,33,accuratePasses,TUR,2023-2024,datafc_sofascore,2026-08-09T01:36:50.770462
52,53190,Jakub Kałuziński,1019026,Antalyaspor,3056,0,2,6.88,0.74,1.46,20,2,18,7,30,3,0,2344,31,accuratePasses,TUR,2023-2024,datafc_sofascore,2026-08-09T01:36:50.770462
52,53190,Steven​ N'Zonzi,51652,Konyaspor,3085,4,0,7.03,1.12,1.2,19,10,16,6,26,2,0,2334,33,accuratePasses,TUR,2023-2024,datafc_sofascore,2026-08-09T01:36:50.770462
52,53190,Aytaç Kara,128196,Kasımpaşa,6063,13,5,7.41,9.16,3.01,101,36,40,19,73,4,0,3248,37,accuratePasses,TUR,2023-2024,datafc_sofascore,2026-08-09T01:36:50.770462
52,53190,İsmail Yüksek,952600,Fenerbahçe,3052,0,4,7.15,2.24,2.28,26,4,29,29,73,5,2,2319,30,accuratePasses,TUR,2023-2024,datafc_sofascore,2026-08-09T01:36:50.770462
52,53190,Stefano Denswil,97404,Trabzonspor,3051,1,0,7.02,0.67,0.48,13,2,5,2,16,1,0,2173,25,accuratePasses,TUR,2023-2024,datafc_sofascore,2026-08-09T01:36:50.770462
52,53190,Tolga Ciğerci,120298,MKE Ankaragücü,3103,5,3,7.15,3.47,1.48,38,11,22,13,45,4,0,2050,27,accuratePasses,TUR,2023-2024,datafc_sofascore,2026-08-09T01:36:50.770462
52,53190,Kartal Kayra Yılmaz,966811,Kayserispor,3072,0,2,6.85,0.4,2.12,19,1,25,11,46,6,1,2409,29,accuratePasses,TUR,2023-2024,datafc_sofascore,2026-08-09T01:36:50.770462
52,53190,Jonjo Shelvey,36465,Çaykur Rizespor,3064,3,6,7.15,2.58,3.71,55,16,48,17,36,6,0,2604,31,accuratePasses,TUR,2023-2024,datafc_sofascore,2026-08-09T01:36:50.770462
52,53190,Necip Uysal,43394,Beşiktaş JK,3050,0,1,6.96,0.74,0.53,11,3,6,7,46,5,0,2359,30,accuratePasses,TUR,2023-2024,datafc_sofascore,2026-08-09T01:36:50.770462
52,53190,Abdülkerim Bardakcı,178963,Galatasaray,3061,4,0,7.23,3.21,1.03,33,8,10,11,25,4,0,2218,27,accuratePasses,TUR,2023-2024,datafc_sofascore,2026-08-09T01:36:50.770462
52,53190,Furkan Bayır,1003161,Alanyaspor,6362,0,0,6.79,1.34,0.2,10,2,1,0,38,7,1,2042,31,accuratePasses,TUR,2023-2024,datafc_sofascore,2026-08-09T01:36:50.770462
52,53190,Berat Özdemir,876857,Trabzonspor,3051,1,1,7.12,0.52,0.97,15,4,15,15,70,4,0,2304,31,accuratePasses,TUR,2023-2024,datafc_sofascore,2026-08-09T01:36:50.770462
52,53190,Yasin Özcan,1392102,Kasımpaşa,6063,2,1,6.78,1.06,0.69,19,4,13,11,68,4,0,2962,37,accuratePasses,TUR,2023-2024,datafc_sofascore,2026-08-09T01:36:50.770462
52,53190,Federico Ceccherini,139410,Fatih Karagümrük,4954,1,0,6.68,1.0,0.25,10,1,2,4,23,9,2,2064,27,accuratePasses,TUR,2023-2024,datafc_sofascore,2026-08-09T01:36:50.770462
52,53190,Kerem Demirbay,142619,Galatasaray,3061,6,3,7.2,3.03,3.76,52,17,42,19,66,2,0,2227,34,accuratePasses,TUR,2023-2024,datafc_sofascore,2026-08-09T01:36:50.770462
52,53190,Levent Mercan,1085938,Fatih Karagümrük,4954,1,5,6.9,0.7,2.51,14,1,33,37,82,8,0,3113,36,accuratePasses,TUR,2023-2024,datafc_sofascore,2026-08-09T01:36:50.770462
52,53190,Batista Mendy,859021,Trabzonspor,3051,1,0,6.85,0.67,1.17,19,4,7,29,45,8,1,2682,30,accuratePasses,TUR,2023-2024,datafc_sofascore,2026-08-09T01:36:50.770462
52,53190,Ousseynou Ba,889430,Başakşehir FK,3086,0,1,7.16,0.43,0.1,6,0,2,2,48,9,1,1765,22,accuratePasses,TUR,2023-2024,datafc_sofascore,2026-08-09T01:36:50.770462
52,53190,Emirhan Topçu,895009,Çaykur Rizespor,3064,1,4,7.26,2.0,1.84,25,8,19,6,65,10,1,2702,31,accuratePasses,TUR,2023-2024,datafc_sofascore,2026-08-09T01:36:50.770462
52,53190,Berkay Özcan,806964,Başakşehir FK,3086,2,2,6.84,2.66,1.41,26,8,21,29,36,2,0,2820,34,accuratePasses,TUR,2023-2024,datafc_sofascore,2026-08-09T01:36:50.770462
52,53190,Soner Dikmen,847782,Konyaspor,3085,1,0,6.76,3.18,1.09,38,9,6,13,53,7,0,3217,37,accuratePasses,TUR,2023-2024,datafc_sofascore,2026-08-09T01:36:50.770462
52,53190,Alexander Djiku,289977,Fenerbahçe,3052,3,1,7.01,2.27,0.38,12,3,7,4,39,5,1,2032,25,accuratePasses,TUR,2023-2024,datafc_sofascore,2026-08-09T01:36:50.770462
52,53190,Güray Vural,43559,Antalyaspor,3056,1,3,6.9,1.13,2.92,25,4,26,8,54,7,0,2568,30,accuratePasses,TUR,2023-2024,datafc_sofascore,2026-08-09T01:36:50.770462
52,53190,Joseph Attamah,332963,Kayserispor,3072,1,0,6.75,0.73,0.56,8,2,4,2,22,3,0,2171,30,accuratePasses,TUR,2023-2024,datafc_sofascore,2026-08-09T01:36:50.770462
52,53190,Omar Colley,238408,Beşiktaş JK,3050,7,0,7.14,3.23,0.36,13,9,6,2,27,4,1,1935,22,accuratePasses,TUR,2023-2024,datafc_sofascore,2026-08-09T01:36:50.770462
52,53190,Fred,243623,Fenerbahçe,3052,3,4,7.34,3.99,4.93,50,15,31,25,51,5,1,2051,25,accuratePasses,TUR,2023-2024,datafc_sofascore,2026-08-09T01:36:50.770462
52,53190,Haris Hajradinović,254979,Kasımpaşa,6063,5,14,7.39,6.16,9.69,69,21,104,26,63,3,0,3307,38,accuratePasses,TUR,2023-2024,datafc_sofascore,2026-08-09T01:36:50.770462
52,53190,Guilherme Haubert Sityá,224112,Konyaspor,3085,5,7,7.35,1.62,6.83,18,6,88,30,87,1,0,3267,37,accuratePasses,TUR,2023-2024,datafc_sofascore,2026-08-09T01:36:50.770462
52,53190,Davide Biraschi,233252,Fatih Karagümrük,4954,0,1,6.8,0.62,0.85,5,0,5,9,47,6,1,2575,30,accuratePasses,TUR,2023-2024,datafc_sofascore,2026-08-09T01:36:50.770462
52,53190,Rick Van Drongelen,803023,Samsunspor,3053,3,0,6.89,1.59,0.68,22,6,6,4,39,6,0,2395,30,accuratePasses,TUR,2023-2024,datafc_sofascore,2026-08-09T01:36:50.770462
52,53190,Papy Djilobodji,106661,Gaziantep FK,5138,3,1,6.94,2.83,2.05,20,5,17,5,36,5,1,3007,34,accuratePasses,TUR,2023-2024,datafc_sofascore,2026-08-09T01:36:50.770462
52,53190,Florent Hadergjonaj,354860,Alanyaspor,6362,2,3,6.93,1.15,2.69,17,4,23,11,43,3,0,2318,31,accuratePasses,TUR,2023-2024,datafc_sofascore,2026-08-09T01:36:50.770462
52,53190,Nuno Sequeira,170117,Pendikspor,7032,1,3,6.89,0.98,3.7,15,4,40,20,85,10,0,3066,35,accuratePasses,TUR,2023-2024,datafc_sofascore,2026-08-09T01:36:50.770462
52,53190,Kaan Ayhan,138152,Galatasaray,3061,1,2,7.07,1.11,2.96,22,6,29,6,33,3,0,2111,35,accuratePasses,TUR,2023-2024,datafc_sofascore,2026-08-09T01:36:50.770462
52,53190,Okan Erdoğan,881213,İstanbulspor,3066,0,0,6.63,0.33,1.04,6,1,7,16,51,7,1,2460,30,accuratePasses,TUR,2023-2024,datafc_sofascore,2026-08-09T01:36:50.770462
52,53190,Valentin Eysseric,139798,Fatih Karagümrük,4954,5,7,7.46,4.48,7.64,54,18,74,27,42,7,1,2420,31,accuratePasses,TUR,2023-2024,datafc_sofascore,2026-08-09T01:36:50.770462
52,53190,Efecan Karaca,60510,Alanyaspor,6362,2,3,7.02,3.18,4.83,21,9,50,31,57,5,0,2753,37,accuratePasses,TUR,2023-2024,datafc_sofascore,2026-08-09T01:36:50.770462
52,53190,Davinson Sánchez,566102,Galatasaray,3061,2,0,7.05,3.71,0.58,17,4,4,7,39,4,0,1602,23,accuratePasses,TUR,2023-2024,datafc_sofascore,2026-08-09T01:36:50.770462
52,53190,Alexandru Maxim,180511,Gaziantep FK,5138,3,8,7.16,5.85,7.47,43,16,80,36,38,4,2,2674,34,accuratePasses,TUR,2023-2024,datafc_sofascore,2026-08-09T01:36:50.770462
52,53190,Ömer Toprak,39015,Antalyaspor,3056,0,2,6.92,0.57,0.41,6,2,6,4,27,1,0,1815,22,accuratePasses,TUR,2023-2024,datafc_sofascore,2026-08-09T01:36:50.770462
52,53190,Muammer Sarıkaya,816571,Çaykur Rizespor,3064,1,1,6.81,3.87,2.27,37,8,18,16,76,9,0,2275,35,accuratePasses,TUR,2023-2024,datafc_sofascore,2026-08-09T01:36:50.770462
52,53190,Mehmet Yeşil,840639,İstanbulspor,3066,0,0,6.8,0.61,0.39,12,3,1,11,40,9,0,2807,34,accuratePasses,TUR,2023-2024,datafc_sofascore,2026-08-09T01:36:50.770462
52,53190,Dušan Tadić,38560,Fenerbahçe,3052,10,14,7.42,14.9,14.16,53,28,88,32,33,3,0,3157,38,accuratePasses,TUR,2023-2024,datafc_sofascore,2026-08-09T01:36:50.770462
52,53190,Taha Şahin,1394729,Çaykur Rizespor,3064,0,4,6.87,0.65,2.84,8,0,27,29,58,5,0,2854,34,accuratePasses,TUR,2023-2024,datafc_sofascore,2026-08-09T01:36:50.770462
52,53190,Chandrel Massanga,1083138,Hatayspor,3091,3,0,6.92,1.99,0.99,24,7,18,8,50,4,0,2294,30,accuratePasses,TUR,2023-2024,datafc_sofascore,2026-08-09T01:36:50.770462
52,53190,Uğur Çiftçi,142850,Sivasspor,3076,0,2,6.8,0.47,3.69,15,5,31,21,71,10,0,3118,35,accuratePasses,TUR,2023-2024,datafc_sofascore,2026-08-09T01:36:50.770462
52,53190,Léo Dubois,552680,Başakşehir FK,3086,1,4,6.9,0.68,3.23,12,4,29,24,29,3,0,2315,31,accuratePasses,TUR,2023-2024,datafc_sofascore,2026-08-09T01:36:50.770462
52,53190,Welinton,76529,Pendikspor,7032,2,1,6.88,1.23,0.77,21,6,10,4,53,4,3,2015,24,accuratePasses,TUR,2023-2024,datafc_sofascore,2026-08-09T01:36:50.770462
52,53190,Florian Loshaj,831407,İstanbulspor,3066,5,0,6.98,4.81,2.98,56,18,34,35,66,8,1,2705,32,accuratePasses,TUR,2023-2024,datafc_sofascore,2026-08-09T01:36:50.770462
52,53190,Mortadha Ben Ouanes,919225,Kasımpaşa,6063,7,5,7.01,3.26,4.88,36,15,45,31,41,8,0,2999,36,accuratePasses,TUR,2023-2024,datafc_sofascore,2026-08-09T01:36:50.770462
52,53190,Lionel Carole,122922,Kayserispor,3072,0,1,6.78,0.08,1.23,4,1,12,8,23,2,0,2199,28,accuratePasses,TUR,2023-2024,datafc_sofascore,2026-08-09T01:36:50.770462
52,53190,Gedson Fernandes,862055,Beşiktaş JK,3050,3,3,7.19,2.94,1.74,36,9,29,46,99,8,0,2457,29,accuratePasses,TUR,2023-2024,datafc_sofascore,2026-08-09T01:36:50.770462
52,53190,Gökhan Gül,797820,Kasımpaşa,6063,2,0,6.97,1.82,1.39,54,17,20,6,53,3,0,2928,38,accuratePasses,TUR,2023-2024,datafc_sofascore,2026-08-09T01:36:50.770462
52,53190,Simon Deli,326419,İstanbulspor,3066,0,0,6.87,0.85,0.73,9,2,7,6,23,7,0,2167,27,accuratePasses,TUR,2023-2024,datafc_sofascore,2026-08-09T01:36:50.770462
52,53190,Eren Elmalı,981483,Trabzonspor,3051,0,0,6.87,1.19,1.89,17,3,29,21,61,9,0,3022,34,accuratePasses,TUR,2023-2024,datafc_sofascore,2026-08-09T01:36:50.770462
52,53190,Edin Višća,109779,Trabzonspor,3051,5,9,7.28,4.34,8.93,63,16,91,28,34,1,0,2762,36,accuratePasses,TUR,2023-2024,datafc_sofascore,2026-08-09T01:36:50.770462
52,53190,Fernando Muslera,28381,Galatasaray,3061,0,0,7.2,0.0,0.32,0,0,2,1,1,4,0,3300,37,accuratePasses,TUR,2023-2024,datafc_sofascore,2026-08-09T01:36:50.770462
52,53190,Pedrinho,182385,MKE Ankaragücü,3103,3,2,7.01,1.17,2.48,30,6,37,12,55,4,0,2199,32,accuratePasses,TUR,2023-2024,datafc_sofascore,2026-08-09T01:36:50.770462
52,53190,Uğurcan Yazğılı,904303,Konyaspor,3085,2,0,6.95,1.03,0.62,13,2,14,6,68,5,0,2718,35,accuratePasses,TUR,2023-2024,datafc_sofascore,2026-08-09T01:36:50.770462
52,53190,Jure Balkovec,171625,Alanyaspor,6362,3,0,6.94,0.57,3.07,21,7,26,7,33,7,0,2141,28,accuratePasses,TUR,2023-2024,datafc_sofascore,2026-08-09T01:36:50.770462
52,53190,Arif Kocaman,1173638,Kayserispor,3072,0,1,6.7,1.32,0.09,8,2,2,6,16,5,1,1742,25,accuratePasses,TUR,2023-2024,datafc_sofascore,2026-08-09T01:36:50.770462
52,53190,Mustafa Eskihellaç,899069,Gaziantep FK,5138,2,3,6.93,1.29,2.92,25,5,29,41,66,5,0,3067,35,accuratePasses,TUR,2023-2024,datafc_sofascore,2026-08-09T01:36:50.770462
52,53190,Rayyan Baniya,929739,Trabzonspor,3051,0,0,6.73,0.49,0.13,6,3,4,1,19,4,0,1885,23,accuratePasses,TUR,2023-2024,datafc_sofascore,2026-08-09T01:36:50.770462
52,53190,Nuno Lima,1133301,Alanyaspor,6362,0,0,6.93,0.6,0.52,8,1,4,3,11,2,0,1179,19,accuratePasses,TUR,2023-2024,datafc_sofascore,2026-08-09T01:36:50.770462
52,53190,Aaron Appindangoyé,785850,Sivasspor,3076,1,1,6.87,0.57,0.41,9,4,5,2,11,1,0,2598,30,accuratePasses,TUR,2023-2024,datafc_sofascore,2026-08-09T01:36:50.770462
52,53190,Gökhan Sazdağı,595396,Kayserispor,3072,0,5,6.79,1.56,2.92,25,7,26,35,92,9,0,2905,34,accuratePasses,TUR,2023-2024,datafc_sofascore,2026-08-09T01:36:50.770462
52,53190,Modestas Vorobjovas,319751,İstanbulspor,3066,1,0,6.68,0.28,0.62,6,3,16,2,47,4,1,2148,28,accuratePasses,TUR,2023-2024,datafc_sofascore,2026-08-09T01:36:50.770462
52,53190,Oğuz Aydın,999396,Alanyaspor,6362,13,8,7.28,9.34,8.32,58,25,64,54,25,3,1,2587,35,accuratePasses,TUR,2023-2024,datafc_sofascore,2026-08-09T01:36:50.770462
52,53190,Ali Karimi,803869,Kayserispor,3072,3,0,6.98,3.23,3.2,32,7,31,18,48,4,0,2040,27,accuratePasses,TUR,2023-2024,datafc_sofascore,2026-08-09T01:36:50.770462
52,53190,Deniz Türüç,252207,Başakşehir FK,3086,2,12,7.15,2.26,5.68,39,17,60,30,31,11,0,2678,34,accuratePasses,TUR,2023-2024,datafc_sofascore,2026-08-09T01:36:50.770462
52,53190,Nicolas Janvier,802150,Alanyaspor,6362,4,2,7.04,2.42,3.0,35,9,33,24,30,3,0,1655,34,accuratePasses,TUR,2023-2024,datafc_sofascore,2026-08-09T01:36:50.770462
52,53190,Emre Akbaba,343527,Adana Demirspor,3101,7,2,7.19,7.41,3.26,64,20,43,32,65,5,0,2682,32,accuratePasses,TUR,2023-2024,datafc_sofascore,2026-08-09T01:36:50.770462
52,53190,Nicolas N'Koulou,38533,Gaziantep FK,5138,2,0,6.82,2.22,0.11,15,3,4,4,43,2,0,2841,32,accuratePasses,TUR,2023-2024,datafc_sofascore,2026-08-09T01:36:50.770462
52,53190,Arnaud Lusamba,361342,Pendikspor,7032,0,3,6.93,0.31,1.96,9,4,24,32,48,5,1,2024,27,accuratePasses,TUR,2023-2024,datafc_sofascore,2026-08-09T01:36:50.770462
52,53190,Lucas Lima,248529,Başakşehir FK,3086,1,2,6.79,0.28,1.35,10,1,14,8,31,4,0,1906,32,accuratePasses,TUR,2023-2024,datafc_sofascore,2026-08-09T01:36:50.770462
52,53190,Amir Hadžiahmetović,795421,Beşiktaş JK,3050,0,4,7.06,0.3,2.46,3,1,22,8,19,2,1,1341,18,accuratePasses,TUR,2023-2024,datafc_sofascore,2026-08-09T01:36:50.770462
52,53190,Attila Mocsi,889382,Çaykur Rizespor,3064,2,0,6.88,2.0,0.29,14,3,3,5,22,2,1,1963,28,accuratePasses,TUR,2023-2024,datafc_sofascore,2026-08-09T01:36:50.770462
52,53190,Jonas Svensson,98199,Beşiktaş JK,3050,0,3,7.1,0.13,2.29,4,0,23,10,50,4,0,2065,24,accuratePasses,TUR,2023-2024,datafc_sofascore,2026-08-09T01:36:50.770462
52,53190,Bilal Bayazit,825850,Kayserispor,3072,0,0,7.22,0.0,0.07,0,0,3,0,3,5,0,3150,35,accuratePasses,TUR,2023-2024,datafc_sofascore,2026-08-09T01:36:50.770462
52,53190,Kenneth Omeruo,158293,Kasımpaşa,6063,1,1,6.93,1.01,0.68,12,6,10,4,32,5,1,2081,24,accuratePasses,TUR,2023-2024,datafc_sofascore,2026-08-09T01:36:50.770462
52,53190,Enis Bardhi,355024,Trabzonspor,3051,6,4,7.06,3.19,3.28,56,20,37,31,34,3,0,2342,34,accuratePasses,TUR,2023-2024,datafc_sofascore,2026-08-09T01:36:50.770462
52,53190,Alassane Ndao,1016033,Konyaspor,3085,3,2,6.88,3.74,4.83,40,9,41,38,35,3,0,2771,36,accuratePasses,TUR,2023-2024,datafc_sofascore,2026-08-09T01:36:50.770462
52,53190,Jayden Oosterwolde,1048324,Fenerbahçe,3052,0,0,6.85,0.65,2.19,7,2,9,22,42,8,0,1925,27,accuratePasses,TUR,2023-2024,datafc_sofascore,2026-08-09T01:36:50.770462
52,53190,Görkem Sağlam,795001,Hatayspor,3091,2,4,6.9,1.21,2.08,18,5,18,11,23,4,0,1535,31,accuratePasses,TUR,2023-2024,datafc_sofascore,2026-08-09T01:36:50.770462
52,53190,Marcus Rohdén,209082,Fatih Karagümrük,4954,4,4,6.91,2.44,1.87,36,11,29,13,32,4,0,2426,34,accuratePasses,TUR,2023-2024,datafc_sofascore,2026-08-09T01:36:50.770462
52,53190,Leroy Fer,31821,Alanyaspor,6362,1,0,6.77,2.85,1.41,26,7,10,10,39,5,2,1805,31,accuratePasses,TUR,2023-2024,datafc_sofascore,2026-08-09T01:36:50.770462
52,53190,Helton Leite,329081,Antalyaspor,3056,0,0,7.2,0.0,0.02,0,0,0,0,1,1,0,3059,34,accuratePasses,TUR,2023-2024,datafc_sofascore,2026-08-09T01:36:50.770462
52,53190,Hasan Kılıç,893368,Pendikspor,7032,0,0,6.7,0.06,0.0,1,0,0,0,0,0,0,29,1,accuratePassesPercentage,TUR,2023-2024,datafc_sofascore,2026-08-09T01:36:50.770462
52,53190,Arda Ünyay,1464636,MKE Ankaragücü,3103,0,0,6.5,,0.0,0,0,0,0,0,0,0,11,1,accuratePassesPercentage,TUR,2023-2024,datafc_sofascore,2026-08-09T01:36:50.770462
52,53190,Breyton Fougeu,1545020,Adana Demirspor,3101,0,0,6.5,,0.03,0,0,0,0,0,0,0,10,1,accuratePassesPercentage,TUR,2023-2024,datafc_sofascore,2026-08-09T01:36:50.770462
52,53190,Onur Arı,1085710,Hatayspor,3091,0,0,6.45,0.0,0.01,0,0,0,0,1,0,0,19,3,accuratePassesPercentage,TUR,2023-2024,datafc_sofascore,2026-08-09T01:36:50.770462
52,53190,Eren Arda Şan,1798925,İstanbulspor,3066,0,0,6.42,,0.0,0,0,0,1,0,0,0,52,6,accuratePassesPercentage,TUR,2023-2024,datafc_sofascore,2026-08-09T01:36:50.770462
52,53190,Yiğit Emre Çeltik,1035954,Kayserispor,3072,0,0,6.4,,0.0,0,0,0,0,0,0,0,8,1,accuratePassesPercentage,TUR,2023-2024,datafc_sofascore,2026-08-09T01:36:50.770462
52,53190,Güvenç Usta,1136045,Çaykur Rizespor,3064,0,0,6.4,,0.01,0,0,0,0,1,0,0,9,1,accuratePassesPercentage,TUR,2023-2024,datafc_sofascore,2026-08-09T01:36:50.770462
52,53190,Demir Mermerci,1855710,İstanbulspor,3066,0,0,6.4,,0.0,0,0,0,0,0,0,0,16,2,accuratePassesPercentage,TUR,2023-2024,datafc_sofascore,2026-08-09T01:36:50.770462
52,53190,Berat Kalkan,1063358,Kasımpaşa,6063,0,0,6.4,0.0,0.0,0,0,0,0,0,0,0,11,1,accuratePassesPercentage,TUR,2023-2024,datafc_sofascore,2026-08-09T01:36:50.770462
52,53190,Janne-Pekka Laine,961935,Çaykur Rizespor,3064,0,0,6.33,0.02,0.0,1,0,0,0,0,0,0,49,3,accuratePassesPercentage,TUR,2023-2024,datafc_sofascore,2026-08-09T01:36:50.770462
52,53190,Emirhan Delibaş,1084867,Beşiktaş JK,3050,0,0,6.3,0.0,0.0,0,0,0,0,1,0,0,9,1,accuratePassesPercentage,TUR,2023-2024,datafc_sofascore,2026-08-09T01:36:50.770462
52,53190,Maximiliano Gómez,805245,Trabzonspor,3051,0,0,6.2,0.34,0.0,1,1,0,0,0,0,0,15,1,accuratePassesPercentage,TUR,2023-2024,datafc_sofascore,2026-08-09T01:36:50.770462
52,53190,Yusuf Akçiçek,1479523,Fenerbahçe,3052,0,0,0.0,,0.0,0,0,0,0,1,0,0,1,1,accuratePassesPercentage,TUR,2023-2024,datafc_sofascore,2026-08-09T01:36:50.770462
52,53190,Furkan Akyüz,1481736,Fenerbahçe,3052,0,0,0.0,,0.0,0,0,0,0,0,0,0,1,1,accuratePassesPercentage,TUR,2023-2024,datafc_sofascore,2026-08-09T01:36:50.770462
52,53190,Burhan Ersoy,1640309,Adana Demirspor,3101,0,0,0.0,,0.0,0,0,0,0,0,0,0,1,1,accuratePassesPercentage,TUR,2023-2024,datafc_sofascore,2026-08-09T01:36:50.770462
52,53190,Bunyamin Cetinkaya,1860387,Kasımpaşa,6063,0,0,0.0,,0.0,0,0,0,0,1,0,0,1,1,accuratePassesPercentage,TUR,2023-2024,datafc_sofascore,2026-08-09T01:36:50.770462
52,53190,Enes Gökcek,1865384,Kayserispor,3072,0,0,0.0,,0.0,0,0,0,0,0,0,0,1,1,accuratePassesPercentage,TUR,2023-2024,datafc_sofascore,2026-08-09T01:36:50.770462
52,53190,Umut Mert Toy,1474708,Pendikspor,7032,0,0,0.0,,0.0,0,0,0,0,0,0,0,1,1,accuratePassesPercentage,TUR,2023-2024,datafc_sofascore,2026-08-09T01:36:50.770462
52,53190,Emirhan Yiğit,1521036,Kasımpaşa,6063,0,0,0.0,,0.0,0,0,0,0,0,0,0,3,2,accuratePassesPercentage,TUR,2023-2024,datafc_sofascore,2026-08-09T01:36:50.770462
52,53190,Sarp Yavrucu,1173148,Kasımpaşa,6063,0,0,0.0,,0.0,0,0,0,0,1,0,0,2,2,accuratePassesPercentage,TUR,2023-2024,datafc_sofascore,2026-08-09T01:36:50.770462
52,53190,Efe Akman,1215206,Galatasaray,3061,0,0,0.0,0.0,0.0,0,0,0,0,0,0,0,1,1,accuratePassesPercentage,TUR,2023-2024,datafc_sofascore,2026-08-09T01:36:50.770462
52,53190,Muhammet Berkay Tekke,1145956,İstanbulspor,3066,0,0,0.0,0.0,0.0,0,0,0,0,0,0,0,1,1,accuratePassesPercentage,TUR,2023-2024,datafc_sofascore,2026-08-09T01:36:50.770462
52,53190,Mehmet Ali Büyüksayar,1390214,Konyaspor,3085,0,0,0.0,0.0,0.0,0,0,0,0,0,0,0,2,2,accuratePassesPercentage,TUR,2023-2024,datafc_sofascore,2026-08-09T01:36:50.770462
52,53190,Giannelli Imbula,96702,İstanbulspor,3066,0,0,6.58,0.0,0.05,0,0,0,2,2,0,0,59,4,accuratePassesPercentage,TUR,2023-2024,datafc_sofascore,2026-08-09T01:36:50.770462
52,53190,Brahim Darri,164581,Fatih Karagümrük,4954,0,0,6.73,0.05,0.14,1,1,2,3,0,0,0,51,4,accuratePassesPercentage,TUR,2023-2024,datafc_sofascore,2026-08-09T01:36:50.770462
52,53190,Bryan Acosta,797162,Gaziantep FK,5138,0,0,6.7,0.0,0.01,0,0,0,0,0,0,0,41,1,accuratePassesPercentage,TUR,2023-2024,datafc_sofascore,2026-08-09T01:36:50.770462
52,53190,Ryan Kent,604838,Fenerbahçe,3052,0,0,6.89,0.15,0.34,4,0,5,7,4,0,0,160,8,accuratePassesPercentage,TUR,2023-2024,datafc_sofascore,2026-08-09T01:36:50.770462
52,53190,Fahri Ay,1195756,Beşiktaş JK,3050,0,0,6.4,0.41,0.01,1,1,0,2,0,1,0,91,2,accuratePassesPercentage,TUR,2023-2024,datafc_sofascore,2026-08-09T01:36:50.770462
52,53190,Edgar Ié,235458,Başakşehir FK,3086,0,0,6.95,0.09,0.02,1,0,0,0,5,0,0,180,2,accuratePassesPercentage,TUR,2023-2024,datafc_sofascore,2026-08-09T01:36:50.770462
52,53190,Maestro,1002146,Adana Demirspor,3101,0,1,7.03,0.06,0.68,2,0,12,22,40,3,0,1123,13,accuratePassesPercentage,TUR,2023-2024,datafc_sofascore,2026-08-09T01:36:50.770462
52,53190,Yunus Akgün,857738,Galatasaray,3061,0,0,6.6,0.37,0.02,1,1,0,1,1,0,0,26,1,accuratePassesPercentage,TUR,2023-2024,datafc_sofascore,2026-08-09T01:36:50.770462
52,53190,Deni Milošević,190403,Antalyaspor,3056,0,0,6.58,0.42,0.11,4,1,1,3,9,0,0,310,14,accuratePassesPercentage,TUR,2023-2024,datafc_sofascore,2026-08-09T01:36:50.770462
52,53190,Rodrigo Becão,880207,Fenerbahçe,3052,0,0,6.9,0.28,0.16,6,0,2,2,10,4,0,1123,16,accuratePassesPercentage,TUR,2023-2024,datafc_sofascore,2026-08-09T01:36:50.770462
52,53190,Amar Gerxhaliu,1123371,Antalyaspor,3056,1,0,7.03,0.53,0.41,1,1,1,0,3,0,0,335,4,accuratePassesPercentage,TUR,2023-2024,datafc_sofascore,2026-08-09T01:36:50.770462
52,53190,Stefano Denswil,97404,Trabzonspor,3051,1,0,7.02,0.67,0.48,13,2,5,2,16,1,0,2173,25,accuratePassesPercentage,TUR,2023-2024,datafc_sofascore,2026-08-09T01:36:50.770462
52,53190,Samuel Bastien,352964,Kasımpaşa,6063,0,0,6.62,0.11,0.14,1,0,3,1,5,0,0,216,7,accuratePassesPercentage,TUR,2023-2024,datafc_sofascore,2026-08-09T01:36:50.770462
52,53190,Daniel Amartey,308526,Beşiktaş JK,3050,0,0,6.79,0.17,0.16,1,0,4,2,7,3,0,1077,18,accuratePassesPercentage,TUR,2023-2024,datafc_sofascore,2026-08-09T01:36:50.770462
52,53190,Ousseynou Ba,889430,Başakşehir FK,3086,0,1,7.16,0.43,0.1,6,0,2,2,48,9,1,1765,22,accuratePassesPercentage,TUR,2023-2024,datafc_sofascore,2026-08-09T01:36:50.770462
52,53190,Édouard Michut,1048011,Adana Demirspor,3101,0,1,6.9,0.78,1.7,17,6,20,22,36,6,0,1734,24,accuratePassesPercentage,TUR,2023-2024,datafc_sofascore,2026-08-09T01:36:50.770462
52,53190,Janio Bikel,581606,Gaziantep FK,5138,0,0,6.64,0.04,0.12,1,1,5,7,12,3,0,497,16,accuratePassesPercentage,TUR,2023-2024,datafc_sofascore,2026-08-09T01:36:50.770462
52,53190,Seyfettin Anıl Yaşar,999646,Çaykur Rizespor,3064,0,0,6.73,0.0,0.1,0,0,2,0,8,1,0,723,19,accuratePassesPercentage,TUR,2023-2024,datafc_sofascore,2026-08-09T01:36:50.770462
52,53190,Demir Ege Tıknaz,1142613,Beşiktaş JK,3050,0,1,6.75,0.38,0.39,6,3,9,7,20,4,0,702,21,accuratePassesPercentage,TUR,2023-2024,datafc_sofascore,2026-08-09T01:36:50.770462
52,53190,Pione Sisto,287943,Alanyaspor,6362,1,0,6.76,1.42,0.65,19,7,7,20,10,1,0,686,20,accuratePassesPercentage,TUR,2023-2024,datafc_sofascore,2026-08-09T01:36:50.770462
52,53190,Berkay Özcan,806964,Başakşehir FK,3086,2,2,6.84,2.66,1.41,26,8,21,29,36,2,0,2820,34,accuratePassesPercentage,TUR,2023-2024,datafc_sofascore,2026-08-09T01:36:50.770462
52,53190,Lucas Torreira,754794,Galatasaray,3061,1,2,7.2,2.08,2.97,31,4,29,9,80,7,0,2993,35,accuratePassesPercentage,TUR,2023-2024,datafc_sofascore,2026-08-09T01:36:50.770462
52,53190,Hwang Ui-Jo,791314,Alanyaspor,6362,1,0,6.91,1.65,0.59,9,6,6,3,3,0,0,257,8,accuratePassesPercentage,TUR,2023-2024,datafc_sofascore,2026-08-09T01:36:50.770462
52,53190,Serdar Aziz,43528,Fenerbahçe,3052,0,2,6.97,1.11,0.59,10,2,3,0,13,2,0,871,12,accuratePassesPercentage,TUR,2023-2024,datafc_sofascore,2026-08-09T01:36:50.770462
52,53190,Uroš Radaković,151900,MKE Ankaragücü,3103,1,1,6.89,1.52,0.41,17,4,7,4,42,8,0,3070,35,accuratePassesPercentage,TUR,2023-2024,datafc_sofascore,2026-08-09T01:36:50.770462
52,53190,Richard,897617,Alanyaspor,6362,1,1,7.16,1.3,1.31,25,7,17,16,74,11,0,2913,34,accuratePassesPercentage,TUR,2023-2024,datafc_sofascore,2026-08-09T01:36:50.770462
52,53190,Rayyan Baniya,929739,Trabzonspor,3051,0,0,6.73,0.49,0.13,6,3,4,1,19,4,0,1885,23,accuratePassesPercentage,TUR,2023-2024,datafc_sofascore,2026-08-09T01:36:50.770462
52,53190,Léo Duarte,839982,Başakşehir FK,3086,0,1,7.12,0.96,0.79,11,4,16,18,43,1,0,2700,30,accuratePassesPercentage,TUR,2023-2024,datafc_sofascore,2026-08-09T01:36:50.770462
52,53190,Tanguy Ndombélé,845486,Galatasaray,3061,0,1,6.71,0.33,0.32,7,1,8,5,13,0,0,489,19,accuratePassesPercentage,TUR,2023-2024,datafc_sofascore,2026-08-09T01:36:50.770462
52,53190,Göktan Gürpüz,997007,Trabzonspor,3051,1,0,6.7,0.56,0.03,1,1,0,1,2,0,0,39,5,accuratePassesPercentage,TUR,2023-2024,datafc_sofascore,2026-08-09T01:36:50.770462
52,53190,Musa Çağıran,60363,Hatayspor,3091,0,0,6.4,0.0,0.0,0,0,0,0,0,0,0,10,2,accuratePassesPercentage,TUR,2023-2024,datafc_sofascore,2026-08-09T01:36:50.770462
52,53190,Joseph Attamah,332963,Kayserispor,3072,1,0,6.75,0.73,0.56,8,2,4,2,22,3,0,2171,30,accuratePassesPercentage,TUR,2023-2024,datafc_sofascore,2026-08-09T01:36:50.770462
52,53190,Jerome Opoku,920514,Başakşehir FK,3086,4,1,7.06,1.9,0.74,11,5,9,18,26,6,1,2481,28,accuratePassesPercentage,TUR,2023-2024,datafc_sofascore,2026-08-09T01:36:50.770462
52,53190,Nikola Maksimović,68076,Hatayspor,3091,0,0,6.92,0.71,0.3,6,2,3,3,15,2,0,1381,18,accuratePassesPercentage,TUR,2023-2024,datafc_sofascore,2026-08-09T01:36:50.770462
52,53190,Samet Akaydın,863600,Fenerbahçe,3052,0,0,6.78,0.25,0.04,3,1,2,2,7,4,0,583,10,accuratePassesPercentage,TUR,2023-2024,datafc_sofascore,2026-08-09T01:36:50.770462
52,53190,Naldo,243719,Antalyaspor,3056,0,0,6.63,0.29,0.03,3,0,0,0,4,1,0,514,11,accuratePassesPercentage,TUR,2023-2024,datafc_sofascore,2026-08-09T01:36:50.770462
52,53190,Eyüp Aydın,1130115,Galatasaray,3061,0,1,6.69,0.11,0.18,2,1,3,0,4,0,0,77,10,accuratePassesPercentage,TUR,2023-2024,datafc_sofascore,2026-08-09T01:36:50.770462
52,53190,Miha Zajc,139256,Fenerbahçe,3052,0,0,6.75,1.46,0.51,12,2,9,1,11,1,0,534,11,accuratePassesPercentage,TUR,2023-2024,datafc_sofascore,2026-08-09T01:36:50.770462
52,53190,Tasos Chatzigiovanis,850770,MKE Ankaragücü,3103,2,1,6.87,3.04,1.23,38,19,15,55,9,1,0,1375,33,accuratePassesPercentage,TUR,2023-2024,datafc_sofascore,2026-08-09T01:36:50.770462
52,53190,Batista Mendy,859021,Trabzonspor,3051,1,0,6.85,0.67,1.17,19,4,7,29,45,8,1,2682,30,accuratePassesPercentage,TUR,2023-2024,datafc_sofascore,2026-08-09T01:36:50.770462
52,53190,Badou Ndiaye,228342,Pendikspor,7032,1,0,7.07,1.71,1.22,25,7,15,25,39,3,0,1518,20,accuratePassesPercentage,TUR,2023-2024,datafc_sofascore,2026-08-09T01:36:50.770462
52,53190,Tayyip Talha Sanuç,851909,Beşiktaş JK,3050,0,0,6.64,0.28,0.06,2,1,1,0,3,2,0,586,8,accuratePassesPercentage,TUR,2023-2024,datafc_sofascore,2026-08-09T01:36:50.770462
52,53190,Dimitris Kourbelis,128089,Fatih Karagümrük,4954,0,0,6.76,0.07,0.28,5,0,3,3,29,6,0,1174,18,accuratePassesPercentage,TUR,2023-2024,datafc_sofascore,2026-08-09T01:36:50.770462
52,53190,Mert Çetin,858148,MKE Ankaragücü,3103,0,0,6.7,0.16,0.21,2,1,1,3,13,3,0,881,18,accuratePassesPercentage,TUR,2023-2024,datafc_sofascore,2026-08-09T01:36:50.770462
52,53190,Onur Ergün,893009,Başakşehir FK,3086,0,0,6.75,0.25,0.55,7,0,5,1,25,3,0,920,19,accuratePassesPercentage,TUR,2023-2024,datafc_sofascore,2026-08-09T01:36:50.770462
52,53190,Abdulsamet Burak,900798,Adana Demirspor,3101,0,0,6.59,0.0,0.05,0,0,3,4,10,0,0,449,7,accuratePassesPercentage,TUR,2023-2024,datafc_sofascore,2026-08-09T01:36:50.770462
52,53190,Jakub Kałuziński,1019026,Antalyaspor,3056,0,2,6.88,0.74,1.46,20,2,18,7,30,3,0,2344,31,accuratePassesPercentage,TUR,2023-2024,datafc_sofascore,2026-08-09T01:36:50.770462
52,53190,Yaw Ackah,984096,Kayserispor,3072,0,0,6.69,0.1,0.17,3,0,2,10,23,2,0,850,19,accuratePassesPercentage,TUR,2023-2024,datafc_sofascore,2026-08-09T01:36:50.770462
52,53190,Nuno Lima,1133301,Alanyaspor,6362,0,0,6.93,0.6,0.52,8,1,4,3,11,2,0,1179,19,accuratePassesPercentage,TUR,2023-2024,datafc_sofascore,2026-08-09T01:36:50.770462
52,53190,Omar Colley,238408,Beşiktaş JK,3050,7,0,7.14,3.23,0.36,13,9,6,2,27,4,1,1935,22,accuratePassesPercentage,TUR,2023-2024,datafc_sofascore,2026-08-09T01:36:50.770462
52,53190,Koray Günter,138165,Fatih Karagümrük,4954,0,0,6.81,0.23,0.46,5,1,1,4,10,3,0,691,10,accuratePassesPercentage,TUR,2023-2024,datafc_sofascore,2026-08-09T01:36:50.770462
52,53190,Adem Ljajić,39587,Fatih Karagümrük,4954,0,0,6.65,0.0,0.01,0,0,1,1,0,0,0,83,2,accuratePassesPercentage,TUR,2023-2024,datafc_sofascore,2026-08-09T01:36:50.770462
52,53190,Joaquín Fernández,822923,Trabzonspor,3051,0,0,6.64,0.13,0.04,1,0,0,1,9,1,0,394,13,accuratePassesPercentage,TUR,2023-2024,datafc_sofascore,2026-08-09T01:36:50.770462
52,53190,Eric Bailly,606346,Beşiktaş JK,3050,0,0,6.78,0.4,0.04,1,0,0,2,4,0,0,336,5,accuratePassesPercentage,TUR,2023-2024,datafc_sofascore,2026-08-09T01:36:50.770462
52,53190,Bright Osayi-Samuel,791616,Fenerbahçe,3052,4,1,7.0,1.01,1.01,5,4,9,26,41,11,0,1743,23,accuratePassesPercentage,TUR,2023-2024,datafc_sofascore,2026-08-09T01:36:50.770462
52,53190,Ömer Toprak,39015,Antalyaspor,3056,0,2,6.92,0.57,0.41,6,2,6,4,27,1,0,1815,22,accuratePassesPercentage,TUR,2023-2024,datafc_sofascore,2026-08-09T01:36:50.770462
52,53190,Fidan Aliti,385296,Alanyaspor,6362,0,2,6.87,2.24,0.49,14,3,8,4,38,7,0,3047,35,accuratePassesPercentage,TUR,2023-2024,datafc_sofascore,2026-08-09T01:36:50.770462
52,53190,Arif Kocaman,1173638,Kayserispor,3072,0,1,6.7,1.32,0.09,8,2,2,6,16,5,1,1742,25,accuratePassesPercentage,TUR,2023-2024,datafc_sofascore,2026-08-09T01:36:50.770462
52,53190,Georgios Tzavellas,33000,Pendikspor,7032,0,0,6.5,0.0,0.01,0,0,0,0,0,0,0,45,1,accuratePassesPercentage,TUR,2023-2024,datafc_sofascore,2026-08-09T01:36:50.770462
52,53190,Amir Hadžiahmetović,795421,Beşiktaş JK,3050,0,4,7.06,0.3,2.46,3,1,22,8,19,2,1,1341,18,accuratePassesPercentage,TUR,2023-2024,datafc_sofascore,2026-08-09T01:36:50.770462
52,53190,Umut Güneş,876782,Trabzonspor,3051,0,0,6.64,0.73,0.28,11,4,3,5,31,0,0,980,22,accuratePassesPercentage,TUR,2023-2024,datafc_sofascore,2026-08-09T01:36:50.770462
52,53190,Ibrahim Drešević,817987,Fatih Karagümrük,4954,0,1,6.99,0.31,0.57,3,0,3,4,28,4,0,1365,16,accuratePassesPercentage,TUR,2023-2024,datafc_sofascore,2026-08-09T01:36:50.770462
52,53190,Guy-Marcelin Kilama,944222,Hatayspor,3091,2,1,6.9,1.1,0.38,9,2,11,14,44,4,0,3136,35,accuratePassesPercentage,TUR,2023-2024,datafc_sofascore,2026-08-09T01:36:50.770462
52,53190,Nicolas Janvier,802150,Alanyaspor,6362,4,2,7.04,2.42,3.0,35,9,33,24,30,3,0,1655,34,accuratePassesPercentage,TUR,2023-2024,datafc_sofascore,2026-08-09T01:36:50.770462
52,53190,Furkan Bayır,1003161,Alanyaspor,6362,0,0,6.79,1.34,0.2,10,2,1,0,38,7,1,2042,31,accuratePassesPercentage,TUR,2023-2024,datafc_sofascore,2026-08-09T01:36:50.770462
52,53190,Racine Coly,553454,İstanbulspor,3066,1,0,6.59,1.36,0.37,13,5,6,17,20,9,0,1171,22,accuratePassesPercentage,TUR,2023-2024,datafc_sofascore,2026-08-09T01:36:50.770462
52,53190,Bahadır Öztürk,790783,Antalyaspor,3056,1,0,6.95,0.75,0.08,6,1,1,5,28,3,0,1493,25,accuratePassesPercentage,TUR,2023-2024,datafc_sofascore,2026-08-09T01:36:50.770462
52,53190,Necip Uysal,43394,Beşiktaş JK,3050,0,1,6.96,0.74,0.53,11,3,6,7,46,5,0,2359,30,accuratePassesPercentage,TUR,2023-2024,datafc_sofascore,2026-08-09T01:36:50.770462
52,53190,Arif Boşluk,1138095,Trabzonspor,3051,0,1,6.9,,0.15,0,0,1,1,3,0,0,105,3,accuratePassesPercentage,TUR,2023-2024,datafc_sofascore,2026-08-09T01:36:50.770462
52,53190,Kader Keïta,991653,Sivasspor,3076,0,0,6.65,0.01,0.02,1,0,0,0,2,0,0,68,6,accuratePassesPercentage,TUR,2023-2024,datafc_sofascore,2026-08-09T01:36:50.770462
52,53190,Nicolas N'Koulou,38533,Gaziantep FK,5138,2,0,6.82,2.22,0.11,15,3,4,4,43,2,0,2841,32,accuratePassesPercentage,TUR,2023-2024,datafc_sofascore,2026-08-09T01:36:50.770462
52,53190,Nicolas Pépé,593526,Trabzonspor,3051,5,2,6.99,2.97,1.67,24,11,17,20,8,0,0,1127,19,accuratePassesPercentage,TUR,2023-2024,datafc_sofascore,2026-08-09T01:36:50.770462
52,53190,Alex Oxlade-Chamberlain,10577,Beşiktaş JK,3050,4,1,6.97,3.21,1.02,26,11,17,24,9,0,0,994,20,accuratePassesPercentage,TUR,2023-2024,datafc_sofascore,2026-08-09T01:36:50.770462
52,53190,Görkem Sağlam,795001,Hatayspor,3091,2,4,6.9,1.21,2.08,18,5,18,11,23,4,0,1535,31,accuratePassesPercentage,TUR,2023-2024,datafc_sofascore,2026-08-09T01:36:50.770462
52,53190,Leroy Fer,31821,Alanyaspor,6362,1,0,6.77,2.85,1.41,26,7,10,10,39,5,2,1805,31,accuratePassesPercentage,TUR,2023-2024,datafc_sofascore,2026-08-09T01:36:50.770462
52,53190,Murat Akça,39551,Pendikspor,7032,0,0,6.76,0.17,0.1,4,0,4,0,9,2,0,704,15,accuratePassesPercentage,TUR,2023-2024,datafc_sofascore,2026-08-09T01:36:50.770462
52,53190,Fatih Aksoy,827922,Alanyaspor,6362,1,0,6.77,1.29,0.27,4,3,2,3,21,0,0,961,21,accuratePassesPercentage,TUR,2023-2024,datafc_sofascore,2026-08-09T01:36:50.770462
52,53190,Hasan Kılıç,893368,Pendikspor,7032,0,0,6.7,0.06,0.0,1,0,0,0,0,0,0,29,1,accuratePassesPercentage,TUR,2023-2024,datafc_sofascore,2026-08-09T01:36:50.770462
52,53190,Arda Ünyay,1464636,MKE Ankaragücü,3103,0,0,6.5,,0.0,0,0,0,0,0,0,0,11,1,accuratePassesPercentage,TUR,2023-2024,datafc_sofascore,2026-08-09T01:36:50.770462
52,53190,Breyton Fougeu,1545020,Adana Demirspor,3101,0,0,6.5,,0.03,0,0,0,0,0,0,0,10,1,accuratePassesPercentage,TUR,2023-2024,datafc_sofascore,2026-08-09T01:36:50.770462
52,53190,Onur Arı,1085710,Hatayspor,3091,0,0,6.45,0.0,0.01,0,0,0,0,1,0,0,19,3,accuratePassesPercentage,TUR,2023-2024,datafc_sofascore,2026-08-09T01:36:50.770462
52,53190,Eren Arda Şan,1798925,İstanbulspor,3066,0,0,6.42,,0.0,0,0,0,1,0,0,0,52,6,accuratePassesPercentage,TUR,2023-2024,datafc_sofascore,2026-08-09T01:36:50.770462
52,53190,Yiğit Emre Çeltik,1035954,Kayserispor,3072,0,0,6.4,,0.0,0,0,0,0,0,0,0,8,1,accuratePassesPercentage,TUR,2023-2024,datafc_sofascore,2026-08-09T01:36:50.770462
52,53190,Güvenç Usta,1136045,Çaykur Rizespor,3064,0,0,6.4,,0.01,0,0,0,0,1,0,0,9,1,accuratePassesPercentage,TUR,2023-2024,datafc_sofascore,2026-08-09T01:36:50.770462
52,53190,Demir Mermerci,1855710,İstanbulspor,3066,0,0,6.4,,0.0,0,0,0,0,0,0,0,16,2,accuratePassesPercentage,TUR,2023-2024,datafc_sofascore,2026-08-09T01:36:50.770462
52,53190,Berat Kalkan,1063358,Kasımpaşa,6063,0,0,6.4,0.0,0.0,0,0,0,0,0,0,0,11,1,accuratePassesPercentage,TUR,2023-2024,datafc_sofascore,2026-08-09T01:36:50.770462
52,53190,Janne-Pekka Laine,961935,Çaykur Rizespor,3064,0,0,6.33,0.02,0.0,1,0,0,0,0,0,0,49,3,accuratePassesPercentage,TUR,2023-2024,datafc_sofascore,2026-08-09T01:36:50.770462
52,53190,Emirhan Delibaş,1084867,Beşiktaş JK,3050,0,0,6.3,0.0,0.0,0,0,0,0,1,0,0,9,1,accuratePassesPercentage,TUR,2023-2024,datafc_sofascore,2026-08-09T01:36:50.770462
52,53190,Maximiliano Gómez,805245,Trabzonspor,3051,0,0,6.2,0.34,0.0,1,1,0,0,0,0,0,15,1,accuratePassesPercentage,TUR,2023-2024,datafc_sofascore,2026-08-09T01:36:50.770462
52,53190,Yusuf Akçiçek,1479523,Fenerbahçe,3052,0,0,0.0,,0.0,0,0,0,0,1,0,0,1,1,accuratePassesPercentage,TUR,2023-2024,datafc_sofascore,2026-08-09T01:36:50.770462
52,53190,Furkan Akyüz,1481736,Fenerbahçe,3052,0,0,0.0,,0.0,0,0,0,0,0,0,0,1,1,accuratePassesPercentage,TUR,2023-2024,datafc_sofascore,2026-08-09T01:36:50.770462
52,53190,Burhan Ersoy,1640309,Adana Demirspor,3101,0,0,0.0,,0.0,0,0,0,0,0,0,0,1,1,accuratePassesPercentage,TUR,2023-2024,datafc_sofascore,2026-08-09T01:36:50.770462
52,53190,Bunyamin Cetinkaya,1860387,Kasımpaşa,6063,0,0,0.0,,0.0,0,0,0,0,1,0,0,1,1,accuratePassesPercentage,TUR,2023-2024,datafc_sofascore,2026-08-09T01:36:50.770462
52,53190,Enes Gökcek,1865384,Kayserispor,3072,0,0,0.0,,0.0,0,0,0,0,0,0,0,1,1,accuratePassesPercentage,TUR,2023-2024,datafc_sofascore,2026-08-09T01:36:50.770462
52,53190,Umut Mert Toy,1474708,Pendikspor,7032,0,0,0.0,,0.0,0,0,0,0,0,0,0,1,1,accuratePassesPercentage,TUR,2023-2024,datafc_sofascore,2026-08-09T01:36:50.770462
52,53190,Emirhan Yiğit,1521036,Kasımpaşa,6063,0,0,0.0,,0.0,0,0,0,0,0,0,0,3,2,accuratePassesPercentage,TUR,2023-2024,datafc_sofascore,2026-08-09T01:36:50.770462
52,53190,Sarp Yavrucu,1173148,Kasımpaşa,6063,0,0,0.0,,0.0,0,0,0,0,1,0,0,2,2,accuratePassesPercentage,TUR,2023-2024,datafc_sofascore,2026-08-09T01:36:50.770462
52,53190,Efe Akman,1215206,Galatasaray,3061,0,0,0.0,0.0,0.0,0,0,0,0,0,0,0,1,1,accuratePassesPercentage,TUR,2023-2024,datafc_sofascore,2026-08-09T01:36:50.770462
52,53190,Muhammet Berkay Tekke,1145956,İstanbulspor,3066,0,0,0.0,0.0,0.0,0,0,0,0,0,0,0,1,1,accuratePassesPercentage,TUR,2023-2024,datafc_sofascore,2026-08-09T01:36:50.770462
52,53190,Mehmet Ali Büyüksayar,1390214,Konyaspor,3085,0,0,0.0,0.0,0.0,0,0,0,0,0,0,0,2,2,accuratePassesPercentage,TUR,2023-2024,datafc_sofascore,2026-08-09T01:36:50.770462
52,53190,Giannelli Imbula,96702,İstanbulspor,3066,0,0,6.58,0.0,0.05,0,0,0,2,2,0,0,59,4,accuratePassesPercentage,TUR,2023-2024,datafc_sofascore,2026-08-09T01:36:50.770462
52,53190,Brahim Darri,164581,Fatih Karagümrük,4954,0,0,6.73,0.05,0.14,1,1,2,3,0,0,0,51,4,accuratePassesPercentage,TUR,2023-2024,datafc_sofascore,2026-08-09T01:36:50.770462
52,53190,Bryan Acosta,797162,Gaziantep FK,5138,0,0,6.7,0.0,0.01,0,0,0,0,0,0,0,41,1,accuratePassesPercentage,TUR,2023-2024,datafc_sofascore,2026-08-09T01:36:50.770462
52,53190,Ryan Kent,604838,Fenerbahçe,3052,0,0,6.89,0.15,0.34,4,0,5,7,4,0,0,160,8,accuratePassesPercentage,TUR,2023-2024,datafc_sofascore,2026-08-09T01:36:50.770462
52,53190,Fahri Ay,1195756,Beşiktaş JK,3050,0,0,6.4,0.41,0.01,1,1,0,2,0,1,0,91,2,accuratePassesPercentage,TUR,2023-2024,datafc_sofascore,2026-08-09T01:36:50.770462
52,53190,Edgar Ié,235458,Başakşehir FK,3086,0,0,6.95,0.09,0.02,1,0,0,0,5,0,0,180,2,accuratePassesPercentage,TUR,2023-2024,datafc_sofascore,2026-08-09T01:36:50.770462
52,53190,Maestro,1002146,Adana Demirspor,3101,0,1,7.03,0.06,0.68,2,0,12,22,40,3,0,1123,13,accuratePassesPercentage,TUR,2023-2024,datafc_sofascore,2026-08-09T01:36:50.770462
52,53190,Yunus Akgün,857738,Galatasaray,3061,0,0,6.6,0.37,0.02,1,1,0,1,1,0,0,26,1,accuratePassesPercentage,TUR,2023-2024,datafc_sofascore,2026-08-09T01:36:50.770462
52,53190,Deni Milošević,190403,Antalyaspor,3056,0,0,6.58,0.42,0.11,4,1,1,3,9,0,0,310,14,accuratePassesPercentage,TUR,2023-2024,datafc_sofascore,2026-08-09T01:36:50.770462
52,53190,Rodrigo Becão,880207,Fenerbahçe,3052,0,0,6.9,0.28,0.16,6,0,2,2,10,4,0,1123,16,accuratePassesPercentage,TUR,2023-2024,datafc_sofascore,2026-08-09T01:36:50.770462
52,53190,Amar Gerxhaliu,1123371,Antalyaspor,3056,1,0,7.03,0.53,0.41,1,1,1,0,3,0,0,335,4,accuratePassesPercentage,TUR,2023-2024,datafc_sofascore,2026-08-09T01:36:50.770462
52,53190,Stefano Denswil,97404,Trabzonspor,3051,1,0,7.02,0.67,0.48,13,2,5,2,16,1,0,2173,25,accuratePassesPercentage,TUR,2023-2024,datafc_sofascore,2026-08-09T01:36:50.770462
52,53190,Samuel Bastien,352964,Kasımpaşa,6063,0,0,6.62,0.11,0.14,1,0,3,1,5,0,0,216,7,accuratePassesPercentage,TUR,2023-2024,datafc_sofascore,2026-08-09T01:36:50.770462
52,53190,Daniel Amartey,308526,Beşiktaş JK,3050,0,0,6.79,0.17,0.16,1,0,4,2,7,3,0,1077,18,accuratePassesPercentage,TUR,2023-2024,datafc_sofascore,2026-08-09T01:36:50.770462
52,53190,Ousseynou Ba,889430,Başakşehir FK,3086,0,1,7.16,0.43,0.1,6,0,2,2,48,9,1,1765,22,accuratePassesPercentage,TUR,2023-2024,datafc_sofascore,2026-08-09T01:36:50.770462
52,53190,Édouard Michut,1048011,Adana Demirspor,3101,0,1,6.9,0.78,1.7,17,6,20,22,36,6,0,1734,24,accuratePassesPercentage,TUR,2023-2024,datafc_sofascore,2026-08-09T01:36:50.770462
52,53190,Janio Bikel,581606,Gaziantep FK,5138,0,0,6.64,0.04,0.12,1,1,5,7,12,3,0,497,16,accuratePassesPercentage,TUR,2023-2024,datafc_sofascore,2026-08-09T01:36:50.770462
52,53190,Seyfettin Anıl Yaşar,999646,Çaykur Rizespor,3064,0,0,6.73,0.0,0.1,0,0,2,0,8,1,0,723,19,accuratePassesPercentage,TUR,2023-2024,datafc_sofascore,2026-08-09T01:36:50.770462
52,53190,Demir Ege Tıknaz,1142613,Beşiktaş JK,3050,0,1,6.75,0.38,0.39,6,3,9,7,20,4,0,702,21,accuratePassesPercentage,TUR,2023-2024,datafc_sofascore,2026-08-09T01:36:50.770462
52,53190,Pione Sisto,287943,Alanyaspor,6362,1,0,6.76,1.42,0.65,19,7,7,20,10,1,0,686,20,accuratePassesPercentage,TUR,2023-2024,datafc_sofascore,2026-08-09T01:36:50.770462
52,53190,Berkay Özcan,806964,Başakşehir FK,3086,2,2,6.84,2.66,1.41,26,8,21,29,36,2,0,2820,34,accuratePassesPercentage,TUR,2023-2024,datafc_sofascore,2026-08-09T01:36:50.770462
52,53190,Lucas Torreira,754794,Galatasaray,3061,1,2,7.2,2.08,2.97,31,4,29,9,80,7,0,2993,35,accuratePassesPercentage,TUR,2023-2024,datafc_sofascore,2026-08-09T01:36:50.770462
52,53190,Hwang Ui-Jo,791314,Alanyaspor,6362,1,0,6.91,1.65,0.59,9,6,6,3,3,0,0,257,8,accuratePassesPercentage,TUR,2023-2024,datafc_sofascore,2026-08-09T01:36:50.770462
52,53190,Serdar Aziz,43528,Fenerbahçe,3052,0,2,6.97,1.11,0.59,10,2,3,0,13,2,0,871,12,accuratePassesPercentage,TUR,2023-2024,datafc_sofascore,2026-08-09T01:36:50.770462
52,53190,Uroš Radaković,151900,MKE Ankaragücü,3103,1,1,6.89,1.52,0.41,17,4,7,4,42,8,0,3070,35,accuratePassesPercentage,TUR,2023-2024,datafc_sofascore,2026-08-09T01:36:50.770462
52,53190,Richard,897617,Alanyaspor,6362,1,1,7.16,1.3,1.31,25,7,17,16,74,11,0,2913,34,accuratePassesPercentage,TUR,2023-2024,datafc_sofascore,2026-08-09T01:36:50.770462
52,53190,Rayyan Baniya,929739,Trabzonspor,3051,0,0,6.73,0.49,0.13,6,3,4,1,19,4,0,1885,23,accuratePassesPercentage,TUR,2023-2024,datafc_sofascore,2026-08-09T01:36:50.770462
52,53190,Léo Duarte,839982,Başakşehir FK,3086,0,1,7.12,0.96,0.79,11,4,16,18,43,1,0,2700,30,accuratePassesPercentage,TUR,2023-2024,datafc_sofascore,2026-08-09T01:36:50.770462
52,53190,Tanguy Ndombélé,845486,Galatasaray,3061,0,1,6.71,0.33,0.32,7,1,8,5,13,0,0,489,19,accuratePassesPercentage,TUR,2023-2024,datafc_sofascore,2026-08-09T01:36:50.770462
52,53190,Göktan Gürpüz,997007,Trabzonspor,3051,1,0,6.7,0.56,0.03,1,1,0,1,2,0,0,39,5,accuratePassesPercentage,TUR,2023-2024,datafc_sofascore,2026-08-09T01:36:50.770462
52,53190,Musa Çağıran,60363,Hatayspor,3091,0,0,6.4,0.0,0.0,0,0,0,0,0,0,0,10,2,accuratePassesPercentage,TUR,2023-2024,datafc_sofascore,2026-08-09T01:36:50.770462
52,53190,Joseph Attamah,332963,Kayserispor,3072,1,0,6.75,0.73,0.56,8,2,4,2,22,3,0,2171,30,accuratePassesPercentage,TUR,2023-2024,datafc_sofascore,2026-08-09T01:36:50.770462
52,53190,Jerome Opoku,920514,Başakşehir FK,3086,4,1,7.06,1.9,0.74,11,5,9,18,26,6,1,2481,28,accuratePassesPercentage,TUR,2023-2024,datafc_sofascore,2026-08-09T01:36:50.770462
52,53190,Nikola Maksimović,68076,Hatayspor,3091,0,0,6.92,0.71,0.3,6,2,3,3,15,2,0,1381,18,accuratePassesPercentage,TUR,2023-2024,datafc_sofascore,2026-08-09T01:36:50.770462
52,53190,Samet Akaydın,863600,Fenerbahçe,3052,0,0,6.78,0.25,0.04,3,1,2,2,7,4,0,583,10,accuratePassesPercentage,TUR,2023-2024,datafc_sofascore,2026-08-09T01:36:50.770462
52,53190,Naldo,243719,Antalyaspor,3056,0,0,6.63,0.29,0.03,3,0,0,0,4,1,0,514,11,accuratePassesPercentage,TUR,2023-2024,datafc_sofascore,2026-08-09T01:36:50.770462
52,53190,Eyüp Aydın,1130115,Galatasaray,3061,0,1,6.69,0.11,0.18,2,1,3,0,4,0,0,77,10,accuratePassesPercentage,TUR,2023-2024,datafc_sofascore,2026-08-09T01:36:50.770462
52,53190,Miha Zajc,139256,Fenerbahçe,3052,0,0,6.75,1.46,0.51,12,2,9,1,11,1,0,534,11,accuratePassesPercentage,TUR,2023-2024,datafc_sofascore,2026-08-09T01:36:50.770462
52,53190,Tasos Chatzigiovanis,850770,MKE Ankaragücü,3103,2,1,6.87,3.04,1.23,38,19,15,55,9,1,0,1375,33,accuratePassesPercentage,TUR,2023-2024,datafc_sofascore,2026-08-09T01:36:50.770462
52,53190,Batista Mendy,859021,Trabzonspor,3051,1,0,6.85,0.67,1.17,19,4,7,29,45,8,1,2682,30,accuratePassesPercentage,TUR,2023-2024,datafc_sofascore,2026-08-09T01:36:50.770462
52,53190,Badou Ndiaye,228342,Pendikspor,7032,1,0,7.07,1.71,1.22,25,7,15,25,39,3,0,1518,20,accuratePassesPercentage,TUR,2023-2024,datafc_sofascore,2026-08-09T01:36:50.770462
52,53190,Tayyip Talha Sanuç,851909,Beşiktaş JK,3050,0,0,6.64,0.28,0.06,2,1,1,0,3,2,0,586,8,accuratePassesPercentage,TUR,2023-2024,datafc_sofascore,2026-08-09T01:36:50.770462
52,53190,Dimitris Kourbelis,128089,Fatih Karagümrük,4954,0,0,6.76,0.07,0.28,5,0,3,3,29,6,0,1174,18,accuratePassesPercentage,TUR,2023-2024,datafc_sofascore,2026-08-09T01:36:50.770462
52,53190,Mert Çetin,858148,MKE Ankaragücü,3103,0,0,6.7,0.16,0.21,2,1,1,3,13,3,0,881,18,accuratePassesPercentage,TUR,2023-2024,datafc_sofascore,2026-08-09T01:36:50.770462
52,53190,Onur Ergün,893009,Başakşehir FK,3086,0,0,6.75,0.25,0.55,7,0,5,1,25,3,0,920,19,accuratePassesPercentage,TUR,2023-2024,datafc_sofascore,2026-08-09T01:36:50.770462
52,53190,Abdulsamet Burak,900798,Adana Demirspor,3101,0,0,6.59,0.0,0.05,0,0,3,4,10,0,0,449,7,accuratePassesPercentage,TUR,2023-2024,datafc_sofascore,2026-08-09T01:36:50.770462
52,53190,Jakub Kałuziński,1019026,Antalyaspor,3056,0,2,6.88,0.74,1.46,20,2,18,7,30,3,0,2344,31,accuratePassesPercentage,TUR,2023-2024,datafc_sofascore,2026-08-09T01:36:50.770462
52,53190,Yaw Ackah,984096,Kayserispor,3072,0,0,6.69,0.1,0.17,3,0,2,10,23,2,0,850,19,accuratePassesPercentage,TUR,2023-2024,datafc_sofascore,2026-08-09T01:36:50.770462
52,53190,Nuno Lima,1133301,Alanyaspor,6362,0,0,6.93,0.6,0.52,8,1,4,3,11,2,0,1179,19,accuratePassesPercentage,TUR,2023-2024,datafc_sofascore,2026-08-09T01:36:50.770462
52,53190,Omar Colley,238408,Beşiktaş JK,3050,7,0,7.14,3.23,0.36,13,9,6,2,27,4,1,1935,22,accuratePassesPercentage,TUR,2023-2024,datafc_sofascore,2026-08-09T01:36:50.770462
52,53190,Koray Günter,138165,Fatih Karagümrük,4954,0,0,6.81,0.23,0.46,5,1,1,4,10,3,0,691,10,accuratePassesPercentage,TUR,2023-2024,datafc_sofascore,2026-08-09T01:36:50.770462
52,53190,Adem Ljajić,39587,Fatih Karagümrük,4954,0,0,6.65,0.0,0.01,0,0,1,1,0,0,0,83,2,accuratePassesPercentage,TUR,2023-2024,datafc_sofascore,2026-08-09T01:36:50.770462
52,53190,Joaquín Fernández,822923,Trabzonspor,3051,0,0,6.64,0.13,0.04,1,0,0,1,9,1,0,394,13,accuratePassesPercentage,TUR,2023-2024,datafc_sofascore,2026-08-09T01:36:50.770462
52,53190,Eric Bailly,606346,Beşiktaş JK,3050,0,0,6.78,0.4,0.04,1,0,0,2,4,0,0,336,5,accuratePassesPercentage,TUR,2023-2024,datafc_sofascore,2026-08-09T01:36:50.770462
52,53190,Bright Osayi-Samuel,791616,Fenerbahçe,3052,4,1,7.0,1.01,1.01,5,4,9,26,41,11,0,1743,23,accuratePassesPercentage,TUR,2023-2024,datafc_sofascore,2026-08-09T01:36:50.770462
52,53190,Ömer Toprak,39015,Antalyaspor,3056,0,2,6.92,0.57,0.41,6,2,6,4,27,1,0,1815,22,accuratePassesPercentage,TUR,2023-2024,datafc_sofascore,2026-08-09T01:36:50.770462
52,53190,Fidan Aliti,385296,Alanyaspor,6362,0,2,6.87,2.24,0.49,14,3,8,4,38,7,0,3047,35,accuratePassesPercentage,TUR,2023-2024,datafc_sofascore,2026-08-09T01:36:50.770462
52,53190,Arif Kocaman,1173638,Kayserispor,3072,0,1,6.7,1.32,0.09,8,2,2,6,16,5,1,1742,25,accuratePassesPercentage,TUR,2023-2024,datafc_sofascore,2026-08-09T01:36:50.770462
52,53190,Georgios Tzavellas,33000,Pendikspor,7032,0,0,6.5,0.0,0.01,0,0,0,0,0,0,0,45,1,accuratePassesPercentage,TUR,2023-2024,datafc_sofascore,2026-08-09T01:36:50.770462
52,53190,Amir Hadžiahmetović,795421,Beşiktaş JK,3050,0,4,7.06,0.3,2.46,3,1,22,8,19,2,1,1341,18,accuratePassesPercentage,TUR,2023-2024,datafc_sofascore,2026-08-09T01:36:50.770462
52,53190,Umut Güneş,876782,Trabzonspor,3051,0,0,6.64,0.73,0.28,11,4,3,5,31,0,0,980,22,accuratePassesPercentage,TUR,2023-2024,datafc_sofascore,2026-08-09T01:36:50.770462
52,53190,Ibrahim Drešević,817987,Fatih Karagümrük,4954,0,1,6.99,0.31,0.57,3,0,3,4,28,4,0,1365,16,accuratePassesPercentage,TUR,2023-2024,datafc_sofascore,2026-08-09T01:36:50.770462
52,53190,Guy-Marcelin Kilama,944222,Hatayspor,3091,2,1,6.9,1.1,0.38,9,2,11,14,44,4,0,3136,35,accuratePassesPercentage,TUR,2023-2024,datafc_sofascore,2026-08-09T01:36:50.770462
52,53190,Nicolas Janvier,802150,Alanyaspor,6362,4,2,7.04,2.42,3.0,35,9,33,24,30,3,0,1655,34,accuratePassesPercentage,TUR,2023-2024,datafc_sofascore,2026-08-09T01:36:50.770462
52,53190,Furkan Bayır,1003161,Alanyaspor,6362,0,0,6.79,1.34,0.2,10,2,1,0,38,7,1,2042,31,accuratePassesPercentage,TUR,2023-2024,datafc_sofascore,2026-08-09T01:36:50.770462
52,53190,Racine Coly,553454,İstanbulspor,3066,1,0,6.59,1.36,0.37,13,5,6,17,20,9,0,1171,22,accuratePassesPercentage,TUR,2023-2024,datafc_sofascore,2026-08-09T01:36:50.770462
52,53190,Bahadır Öztürk,790783,Antalyaspor,3056,1,0,6.95,0.75,0.08,6,1,1,5,28,3,0,1493,25,accuratePassesPercentage,TUR,2023-2024,datafc_sofascore,2026-08-09T01:36:50.770462
52,53190,Necip Uysal,43394,Beşiktaş JK,3050,0,1,6.96,0.74,0.53,11,3,6,7,46,5,0,2359,30,accuratePassesPercentage,TUR,2023-2024,datafc_sofascore,2026-08-09T01:36:50.770462
52,53190,Arif Boşluk,1138095,Trabzonspor,3051,0,1,6.9,,0.15,0,0,1,1,3,0,0,105,3,accuratePassesPercentage,TUR,2023-2024,datafc_sofascore,2026-08-09T01:36:50.770462
52,53190,Kader Keïta,991653,Sivasspor,3076,0,0,6.65,0.01,0.02,1,0,0,0,2,0,0,68,6,accuratePassesPercentage,TUR,2023-2024,datafc_sofascore,2026-08-09T01:36:50.770462
52,53190,Nicolas N'Koulou,38533,Gaziantep FK,5138,2,0,6.82,2.22,0.11,15,3,4,4,43,2,0,2841,32,accuratePassesPercentage,TUR,2023-2024,datafc_sofascore,2026-08-09T01:36:50.770462
52,53190,Nicolas Pépé,593526,Trabzonspor,3051,5,2,6.99,2.97,1.67,24,11,17,20,8,0,0,1127,19,accuratePassesPercentage,TUR,2023-2024,datafc_sofascore,2026-08-09T01:36:50.770462
52,53190,Alex Oxlade-Chamberlain,10577,Beşiktaş JK,3050,4,1,6.97,3.21,1.02,26,11,17,24,9,0,0,994,20,accuratePassesPercentage,TUR,2023-2024,datafc_sofascore,2026-08-09T01:36:50.770462
52,53190,Görkem Sağlam,795001,Hatayspor,3091,2,4,6.9,1.21,2.08,18,5,18,11,23,4,0,1535,31,accuratePassesPercentage,TUR,2023-2024,datafc_sofascore,2026-08-09T01:36:50.770462
52,53190,Leroy Fer,31821,Alanyaspor,6362,1,0,6.77,2.85,1.41,26,7,10,10,39,5,2,1805,31,accuratePassesPercentage,TUR,2023-2024,datafc_sofascore,2026-08-09T01:36:50.770462
52,53190,Murat Akça,39551,Pendikspor,7032,0,0,6.76,0.17,0.1,4,0,4,0,9,2,0,704,15,accuratePassesPercentage,TUR,2023-2024,datafc_sofascore,2026-08-09T01:36:50.770462
52,53190,Fatih Aksoy,827922,Alanyaspor,6362,1,0,6.77,1.29,0.27,4,3,2,3,21,0,0,961,21,accuratePassesPercentage,TUR,2023-2024,datafc_sofascore,2026-08-09T01:36:50.770462
52,53190,Haris Hajradinović,254979,Kasımpaşa,6063,5,14,7.39,6.16,9.69,69,21,104,26,63,3,0,3307,38,keyPasses,TUR,2023-2024,datafc_sofascore,2026-08-09T01:36:50.770462
52,53190,Dries Mertens,32493,Galatasaray,3061,9,16,7.61,8.12,10.57,88,35,93,15,43,3,0,2487,36,keyPasses,TUR,2023-2024,datafc_sofascore,2026-08-09T01:36:50.770462
52,53190,Edin Višća,109779,Trabzonspor,3051,5,9,7.28,4.34,8.93,63,16,91,28,34,1,0,2762,36,keyPasses,TUR,2023-2024,datafc_sofascore,2026-08-09T01:36:50.770462
52,53190,Dušan Tadić,38560,Fenerbahçe,3052,10,14,7.42,14.9,14.16,53,28,88,32,33,3,0,3157,38,keyPasses,TUR,2023-2024,datafc_sofascore,2026-08-09T01:36:50.770462
52,53190,Guilherme Haubert Sityá,224112,Konyaspor,3085,5,7,7.35,1.62,6.83,18,6,88,30,87,1,0,3267,37,keyPasses,TUR,2023-2024,datafc_sofascore,2026-08-09T01:36:50.770462
52,53190,Alexandru Maxim,180511,Gaziantep FK,5138,3,8,7.16,5.85,7.47,43,16,80,36,38,4,2,2674,34,keyPasses,TUR,2023-2024,datafc_sofascore,2026-08-09T01:36:50.770462
52,53190,Sebastian Szymański,847983,Fenerbahçe,3052,10,11,7.55,9.31,9.69,87,31,77,10,85,4,0,2916,37,keyPasses,TUR,2023-2024,datafc_sofascore,2026-08-09T01:36:50.770462
52,53190,Valentin Eysseric,139798,Fatih Karagümrük,4954,5,7,7.46,4.48,7.64,54,18,74,27,42,7,1,2420,31,keyPasses,TUR,2023-2024,datafc_sofascore,2026-08-09T01:36:50.770462
52,53190,Kerem Aktürkoğlu,903324,Galatasaray,3061,12,6,7.33,12.89,8.17,79,29,73,32,28,3,1,2479,37,keyPasses,TUR,2023-2024,datafc_sofascore,2026-08-09T01:36:50.770462
52,53190,Miguel Cardoso,344009,Kayserispor,3072,1,7,7.08,5.41,7.21,65,18,66,31,39,4,0,2524,30,keyPasses,TUR,2023-2024,datafc_sofascore,2026-08-09T01:36:50.770462
52,53190,Oğuz Aydın,999396,Alanyaspor,6362,13,8,7.28,9.34,8.32,58,25,64,54,25,3,1,2587,35,keyPasses,TUR,2023-2024,datafc_sofascore,2026-08-09T01:36:50.770462
52,53190,Sam Larsson,229800,Antalyaspor,3056,5,1,6.97,2.83,5.32,43,12,61,52,31,1,0,2568,35,keyPasses,TUR,2023-2024,datafc_sofascore,2026-08-09T01:36:50.770462
52,53190,Deniz Türüç,252207,Başakşehir FK,3086,2,12,7.15,2.26,5.68,39,17,60,30,31,11,0,2678,34,keyPasses,TUR,2023-2024,datafc_sofascore,2026-08-09T01:36:50.770462
52,53190,Ramzi Safouri,186949,Antalyaspor,3056,0,7,7.04,2.16,5.15,39,15,56,31,17,3,1,1803,30,keyPasses,TUR,2023-2024,datafc_sofascore,2026-08-09T01:36:50.770462
52,53190,Mamadou Fall,822228,Kasımpaşa,6063,8,2,6.94,6.19,3.57,49,17,54,28,22,4,0,2854,34,keyPasses,TUR,2023-2024,datafc_sofascore,2026-08-09T01:36:50.770462
52,53190,Emre Kılınç,202032,Samsunspor,3053,4,4,7.12,2.09,4.63,31,5,53,31,62,4,0,2574,33,keyPasses,TUR,2023-2024,datafc_sofascore,2026-08-09T01:36:50.770462
52,53190,İrfan Can Kahveci,226986,Fenerbahçe,3052,12,7,7.39,3.98,7.71,40,21,52,36,33,5,0,2027,31,keyPasses,TUR,2023-2024,datafc_sofascore,2026-08-09T01:36:50.770462
52,53190,Ferdi Kadıoğlu,825844,Fenerbahçe,3052,1,4,7.44,2.5,6.69,33,14,51,57,75,3,0,3327,37,keyPasses,TUR,2023-2024,datafc_sofascore,2026-08-09T01:36:50.770462
52,53190,Efecan Karaca,60510,Alanyaspor,6362,2,3,7.02,3.18,4.83,21,9,50,31,57,5,0,2753,37,keyPasses,TUR,2023-2024,datafc_sofascore,2026-08-09T01:36:50.770462
52,53190,Mauro Icardi,233114,Galatasaray,3061,25,8,7.51,21.23,3.77,111,49,49,7,6,2,0,2856,34,keyPasses,TUR,2023-2024,datafc_sofascore,2026-08-09T01:36:50.770462
52,53190,Yusuf Sarı,896364,Adana Demirspor,3101,3,7,7.3,2.92,5.46,59,24,48,45,22,1,0,1790,24,keyPasses,TUR,2023-2024,datafc_sofascore,2026-08-09T01:36:50.770462
52,53190,Jonjo Shelvey,36465,Çaykur Rizespor,3064,3,6,7.15,2.58,3.71,55,16,48,17,36,6,0,2604,31,keyPasses,TUR,2023-2024,datafc_sofascore,2026-08-09T01:36:50.770462
52,53190,Mortadha Ben Ouanes,919225,Kasımpaşa,6063,7,5,7.01,3.26,4.88,36,15,45,31,41,8,0,2999,36,keyPasses,TUR,2023-2024,datafc_sofascore,2026-08-09T01:36:50.770462
52,53190,Emre Akbaba,343527,Adana Demirspor,3101,7,2,7.19,7.41,3.26,64,20,43,32,65,5,0,2682,32,keyPasses,TUR,2023-2024,datafc_sofascore,2026-08-09T01:36:50.770462
52,53190,Barış Alper Yılmaz,904096,Galatasaray,3061,6,6,7.15,4.08,5.51,61,18,43,67,60,8,0,2550,37,keyPasses,TUR,2023-2024,datafc_sofascore,2026-08-09T01:36:50.770462
52,53190,Milot Rashica,800411,Beşiktaş JK,3050,5,4,7.03,4.39,4.64,56,20,43,21,25,2,0,2037,29,keyPasses,TUR,2023-2024,datafc_sofascore,2026-08-09T01:36:50.770462
52,53190,Carlo Holse,837012,Samsunspor,3053,5,3,6.9,5.31,2.53,59,24,43,14,68,4,0,2787,33,keyPasses,TUR,2023-2024,datafc_sofascore,2026-08-09T01:36:50.770462
52,53190,Kerem Demirbay,142619,Galatasaray,3061,6,3,7.2,3.03,3.76,52,17,42,19,66,2,0,2227,34,keyPasses,TUR,2023-2024,datafc_sofascore,2026-08-09T01:36:50.770462
52,53190,Alassane Ndao,1016033,Konyaspor,3085,3,2,6.88,3.74,4.83,40,9,41,38,35,3,0,2771,36,keyPasses,TUR,2023-2024,datafc_sofascore,2026-08-09T01:36:50.770462
52,53190,Aytaç Kara,128196,Kasımpaşa,6063,13,5,7.41,9.16,3.01,101,36,40,19,73,4,0,3248,37,keyPasses,TUR,2023-2024,datafc_sofascore,2026-08-09T01:36:50.770462
52,53190,Fisayo Dele-Bashiru,910121,Hatayspor,3091,8,3,7.01,5.58,2.31,45,18,40,71,33,6,0,3039,36,keyPasses,TUR,2023-2024,datafc_sofascore,2026-08-09T01:36:50.770462
52,53190,Nuno Sequeira,170117,Pendikspor,7032,1,3,6.89,0.98,3.7,15,4,40,20,85,10,0,3066,35,keyPasses,TUR,2023-2024,datafc_sofascore,2026-08-09T01:36:50.770462
52,53190,Ibrahim Olawoyin,1008173,Çaykur Rizespor,3064,8,2,7.12,5.84,2.99,64,25,39,65,63,6,0,2970,35,keyPasses,TUR,2023-2024,datafc_sofascore,2026-08-09T01:36:50.770462
52,53190,Efkan Bekiroğlu,800458,MKE Ankaragücü,3103,9,4,7.04,4.65,3.74,52,16,39,31,20,2,1,2139,30,keyPasses,TUR,2023-2024,datafc_sofascore,2026-08-09T01:36:50.770462
52,53190,Denis Drăguş,841199,Gaziantep FK,5138,14,1,7.22,13.78,2.44,106,40,38,85,54,8,0,2751,32,keyPasses,TUR,2023-2024,datafc_sofascore,2026-08-09T01:36:50.770462
52,53190,Casper Højer,281233,Çaykur Rizespor,3064,1,2,6.79,0.72,3.51,17,6,38,8,41,5,0,2060,27,keyPasses,TUR,2023-2024,datafc_sofascore,2026-08-09T01:36:50.770462
52,53190,Edin Džeko,14990,Fenerbahçe,3052,21,3,7.39,21.64,5.15,147,64,37,22,19,3,0,2741,36,keyPasses,TUR,2023-2024,datafc_sofascore,2026-08-09T01:36:50.770462
52,53190,Enis Bardhi,355024,Trabzonspor,3051,6,4,7.06,3.19,3.28,56,20,37,31,34,3,0,2342,34,keyPasses,TUR,2023-2024,datafc_sofascore,2026-08-09T01:36:50.770462
52,53190,Pedrinho,182385,MKE Ankaragücü,3103,3,2,7.01,1.17,2.48,30,6,37,12,55,4,0,2199,32,keyPasses,TUR,2023-2024,datafc_sofascore,2026-08-09T01:36:50.770462
52,53190,Halil Akbunar,217782,Pendikspor,7032,5,3,6.98,4.09,5.67,54,20,37,57,63,3,1,2808,37,keyPasses,TUR,2023-2024,datafc_sofascore,2026-08-09T01:36:50.770462
52,53190,Rachid Ghezzal,123228,Beşiktaş JK,3050,1,3,6.92,3.28,3.99,32,10,37,18,21,6,0,1173,27,keyPasses,TUR,2023-2024,datafc_sofascore,2026-08-09T01:36:50.770462
52,53190,Altin Zeqiri,991742,Çaykur Rizespor,3064,5,5,6.88,6.68,3.34,47,20,36,47,23,4,0,2241,34,keyPasses,TUR,2023-2024,datafc_sofascore,2026-08-09T01:36:50.770462
52,53190,Hakim Ziyech,249437,Galatasaray,3061,6,3,7.26,2.01,4.28,43,14,35,15,18,4,0,1077,18,keyPasses,TUR,2023-2024,datafc_sofascore,2026-08-09T01:36:50.770462
52,53190,Gustavo Sauer,904505,Çaykur Rizespor,3064,1,1,6.89,0.92,2.52,27,8,35,23,54,4,0,1449,32,keyPasses,TUR,2023-2024,datafc_sofascore,2026-08-09T01:36:50.770462
52,53190,Mame Thiam,180981,Pendikspor,7032,18,7,7.26,13.28,3.36,85,36,34,18,47,4,0,3161,36,keyPasses,TUR,2023-2024,datafc_sofascore,2026-08-09T01:36:50.770462
52,53190,Florian Loshaj,831407,İstanbulspor,3066,5,0,6.98,4.81,2.98,56,18,34,35,66,8,1,2705,32,keyPasses,TUR,2023-2024,datafc_sofascore,2026-08-09T01:36:50.770462
52,53190,Fredrik Midtsjø,98198,Pendikspor,7032,1,2,6.91,1.15,3.14,16,5,34,37,28,4,0,1928,26,keyPasses,TUR,2023-2024,datafc_sofascore,2026-08-09T01:36:50.770462
52,53190,Olimpiu Moruțan,833613,MKE Ankaragücü,3103,2,3,6.9,2.86,3.43,47,13,34,46,40,3,0,2128,30,keyPasses,TUR,2023-2024,datafc_sofascore,2026-08-09T01:36:50.770462
52,53190,Zymer Bytyqi,226784,Antalyaspor,3056,1,2,6.82,1.26,2.36,24,4,34,20,15,0,0,1388,29,keyPasses,TUR,2023-2024,datafc_sofascore,2026-08-09T01:36:50.770462
52,53190,Samu Sáiz,99527,Sivasspor,3076,4,3,7.25,2.05,2.29,29,15,33,26,8,3,0,1357,17,keyPasses,TUR,2023-2024,datafc_sofascore,2026-08-09T01:36:50.770462
52,53190,Nicolas Janvier,802150,Alanyaspor,6362,4,2,7.04,2.42,3.0,35,9,33,24,30,3,0,1655,34,keyPasses,TUR,2023-2024,datafc_sofascore,2026-08-09T01:36:50.770462
52,53190,Levent Mercan,1085938,Fatih Karagümrük,4954,1,5,6.9,0.7,2.51,14,1,33,37,82,8,0,3113,36,keyPasses,TUR,2023-2024,datafc_sofascore,2026-08-09T01:36:50.770462
52,53190,João Novais,233370,Alanyaspor,6362,5,2,6.9,5.14,4.58,46,17,33,25,22,7,0,2075,32,keyPasses,TUR,2023-2024,datafc_sofascore,2026-08-09T01:36:50.770462
52,53190,João Figueiredo,841012,Başakşehir FK,3086,8,2,6.88,5.93,3.46,47,20,32,19,24,4,2,2036,34,keyPasses,TUR,2023-2024,datafc_sofascore,2026-08-09T01:36:50.770462
52,53190,Fred,243623,Fenerbahçe,3052,3,4,7.34,3.99,4.93,50,15,31,25,51,5,1,2051,25,keyPasses,TUR,2023-2024,datafc_sofascore,2026-08-09T01:36:50.770462
52,53190,Ali Karimi,803869,Kayserispor,3072,3,0,6.98,3.23,3.2,32,7,31,18,48,4,0,2040,27,keyPasses,TUR,2023-2024,datafc_sofascore,2026-08-09T01:36:50.770462
52,53190,Erdoğan Yeşilyurt,142541,Antalyaspor,3056,3,3,6.89,1.78,2.25,31,7,31,26,41,8,1,2485,34,keyPasses,TUR,2023-2024,datafc_sofascore,2026-08-09T01:36:50.770462
52,53190,Uğur Çiftçi,142850,Sivasspor,3076,0,2,6.8,0.47,3.69,15,5,31,21,71,10,0,3118,35,keyPasses,TUR,2023-2024,datafc_sofascore,2026-08-09T01:36:50.770462
52,53190,Jackson,911351,İstanbulspor,3066,1,4,6.77,4.47,3.63,48,19,31,45,38,2,0,2201,35,keyPasses,TUR,2023-2024,datafc_sofascore,2026-08-09T01:36:50.770462
52,53190,Valon Ethemi,904945,Konyaspor,3085,2,4,6.75,3.04,3.08,37,10,31,27,18,4,0,1919,30,keyPasses,TUR,2023-2024,datafc_sofascore,2026-08-09T01:36:50.770462
52,53190,Flavien Tait,312388,Samsunspor,3053,0,2,6.86,0.63,1.16,13,4,30,14,25,3,0,1706,28,keyPasses,TUR,2023-2024,datafc_sofascore,2026-08-09T01:36:50.770462
52,53190,Lucas Torreira,754794,Galatasaray,3061,1,2,7.2,2.08,2.97,31,4,29,9,80,7,0,2993,35,keyPasses,TUR,2023-2024,datafc_sofascore,2026-08-09T01:36:50.770462
52,53190,Gedson Fernandes,862055,Beşiktaş JK,3050,3,3,7.19,2.94,1.74,36,9,29,46,99,8,0,2457,29,keyPasses,TUR,2023-2024,datafc_sofascore,2026-08-09T01:36:50.770462
52,53190,Mahmoud Trézéguet,295361,Trabzonspor,3051,9,5,7.17,6.45,3.71,57,20,29,23,17,2,0,1529,24,keyPasses,TUR,2023-2024,datafc_sofascore,2026-08-09T01:36:50.770462
52,53190,İsmail Yüksek,952600,Fenerbahçe,3052,0,4,7.15,2.24,2.28,26,4,29,29,73,5,2,2319,30,keyPasses,TUR,2023-2024,datafc_sofascore,2026-08-09T01:36:50.770462
52,53190,Kaan Ayhan,138152,Galatasaray,3061,1,2,7.07,1.11,2.96,22,6,29,6,33,3,0,2111,35,keyPasses,TUR,2023-2024,datafc_sofascore,2026-08-09T01:36:50.770462
52,53190,Faouzi Ghoulam,133236,Hatayspor,3091,1,2,6.95,0.67,3.16,14,6,29,5,19,8,0,1427,21,keyPasses,TUR,2023-2024,datafc_sofascore,2026-08-09T01:36:50.770462
52,53190,Mustafa Eskihellaç,899069,Gaziantep FK,5138,2,3,6.93,1.29,2.92,25,5,29,41,66,5,0,3067,35,keyPasses,TUR,2023-2024,datafc_sofascore,2026-08-09T01:36:50.770462
52,53190,Rigoberto Rivas,837742,Hatayspor,3091,5,4,6.92,3.4,3.2,31,12,29,25,47,6,0,2431,29,keyPasses,TUR,2023-2024,datafc_sofascore,2026-08-09T01:36:50.770462
52,53190,Marcus Rohdén,209082,Fatih Karagümrük,4954,4,4,6.91,2.44,1.87,36,11,29,13,32,4,0,2426,34,keyPasses,TUR,2023-2024,datafc_sofascore,2026-08-09T01:36:50.770462
52,53190,Charis Charisis,317297,Sivasspor,3076,1,4,6.91,1.06,1.29,19,5,29,27,70,8,0,2424,30,keyPasses,TUR,2023-2024,datafc_sofascore,2026-08-09T01:36:50.770462
52,53190,Léo Dubois,552680,Başakşehir FK,3086,1,4,6.9,0.68,3.23,12,4,29,24,29,3,0,2315,31,keyPasses,TUR,2023-2024,datafc_sofascore,2026-08-09T01:36:50.770462
52,53190,Eren Elmalı,981483,Trabzonspor,3051,0,0,6.87,1.19,1.89,17,3,29,21,61,9,0,3022,34,keyPasses,TUR,2023-2024,datafc_sofascore,2026-08-09T01:36:50.770462
52,53190,Aylton Boa Morte,883918,Kayserispor,3072,8,2,6.8,9.83,2.51,70,29,29,70,39,7,0,2628,32,keyPasses,TUR,2023-2024,datafc_sofascore,2026-08-09T01:36:50.770462
52,53190,Zeki Yavru,140735,Samsunspor,3053,1,2,7.02,0.32,2.91,12,4,28,8,47,4,0,2026,28,keyPasses,TUR,2023-2024,datafc_sofascore,2026-08-09T01:36:50.770462
52,53190,Olivier Kemen,280447,Başakşehir FK,3086,3,3,6.94,2.83,2.42,23,9,28,22,21,3,0,1751,27,keyPasses,TUR,2023-2024,datafc_sofascore,2026-08-09T01:36:50.770462
52,53190,Güven Yalçın,826162,Fatih Karagümrük,4954,9,4,6.91,5.75,1.33,58,21,28,39,15,5,0,2136,32,keyPasses,TUR,2023-2024,datafc_sofascore,2026-08-09T01:36:50.770462
52,53190,Max Gradel,16590,Gaziantep FK,5138,1,4,6.73,2.55,3.11,28,11,28,20,41,5,0,1712,29,keyPasses,TUR,2023-2024,datafc_sofascore,2026-08-09T01:36:50.770462
52,53190,Younès Belhanda,72999,Adana Demirspor,3101,3,0,7.03,2.06,1.76,24,11,27,15,18,4,0,1078,14,keyPasses,TUR,2023-2024,datafc_sofascore,2026-08-09T01:36:50.770462
52,53190,Sokol Cikalleshi,81138,Konyaspor,3085,12,5,6.94,10.96,1.11,64,21,27,27,23,3,0,2364,33,keyPasses,TUR,2023-2024,datafc_sofascore,2026-08-09T01:36:50.770462
52,53190,Alexandru Cicâldău,827540,Konyaspor,3085,1,0,6.88,3.97,1.7,44,11,27,12,28,0,0,2032,31,keyPasses,TUR,2023-2024,datafc_sofascore,2026-08-09T01:36:50.770462
52,53190,Taha Şahin,1394729,Çaykur Rizespor,3064,0,4,6.87,0.65,2.84,8,0,27,29,58,5,0,2854,34,keyPasses,TUR,2023-2024,datafc_sofascore,2026-08-09T01:36:50.770462
52,53190,Can Keleş,918408,Fatih Karagümrük,4954,5,3,6.82,4.65,3.61,56,24,27,28,18,3,0,2272,35,keyPasses,TUR,2023-2024,datafc_sofascore,2026-08-09T01:36:50.770462
52,53190,Moryke Fofana,269199,Samsunspor,3053,0,4,6.82,1.3,3.6,16,5,27,46,15,4,0,1060,27,keyPasses,TUR,2023-2024,datafc_sofascore,2026-08-09T01:36:50.770462
52,53190,Tetê,980327,Galatasaray,3061,0,3,6.8,3.8,2.97,37,14,27,22,10,1,0,1136,33,keyPasses,TUR,2023-2024,datafc_sofascore,2026-08-09T01:36:50.770462
52,53190,Joelson Fernandes,1032547,Hatayspor,3091,0,3,6.75,1.63,1.77,33,9,27,17,16,4,1,1423,31,keyPasses,TUR,2023-2024,datafc_sofascore,2026-08-09T01:36:50.770462
52,53190,Nuno Da Costa,209374,Kasımpaşa,6063,14,4,7.28,10.67,2.41,67,24,26,49,23,1,0,2339,29,keyPasses,TUR,2023-2024,datafc_sofascore,2026-08-09T01:36:50.770462
52,53190,Ryan Mendes,52797,Fatih Karagümrük,4954,4,4,6.96,2.1,3.44,33,15,26,29,32,5,2,1508,23,keyPasses,TUR,2023-2024,datafc_sofascore,2026-08-09T01:36:50.770462
52,53190,Jure Balkovec,171625,Alanyaspor,6362,3,0,6.94,0.57,3.07,21,7,26,7,33,7,0,2141,28,keyPasses,TUR,2023-2024,datafc_sofascore,2026-08-09T01:36:50.770462
52,53190,Güray Vural,43559,Antalyaspor,3056,1,3,6.9,1.13,2.92,25,4,26,8,54,7,0,2568,30,keyPasses,TUR,2023-2024,datafc_sofascore,2026-08-09T01:36:50.770462
52,53190,Gökhan Sazdağı,595396,Kayserispor,3072,0,5,6.79,1.56,2.92,25,7,26,35,92,9,0,2905,34,keyPasses,TUR,2023-2024,datafc_sofascore,2026-08-09T01:36:50.770462
52,53190,Tasos Bakasetas,114076,Trabzonspor,3051,4,2,7.26,2.71,1.72,41,12,25,8,27,3,0,1321,17,keyPasses,TUR,2023-2024,datafc_sofascore,2026-08-09T01:36:50.770462
52,53190,Emrah Başsan,174141,Sivasspor,3076,0,3,6.9,1.86,2.09,29,11,25,25,18,2,0,1445,24,keyPasses,TUR,2023-2024,datafc_sofascore,2026-08-09T01:36:50.770462
52,53190,Kartal Kayra Yılmaz,966811,Kayserispor,3072,0,2,6.85,0.4,2.12,19,1,25,11,46,6,1,2409,29,keyPasses,TUR,2023-2024,datafc_sofascore,2026-08-09T01:36:50.770462
52,53190,Ramazan Civelek,781408,Kayserispor,3072,0,2,6.71,1.48,2.6,16,7,25,12,27,4,0,1750,35,keyPasses,TUR,2023-2024,datafc_sofascore,2026-08-09T01:36:50.770462
52,53190,Dimitrios Pelkas,139304,Başakşehir FK,3086,6,5,7.04,4.7,2.2,30,17,24,18,20,6,0,1245,23,keyPasses,TUR,2023-2024,datafc_sofascore,2026-08-09T01:36:50.770462
52,53190,Arnaud Lusamba,361342,Pendikspor,7032,0,3,6.93,0.31,1.96,9,4,24,32,48,5,1,2024,27,keyPasses,TUR,2023-2024,datafc_sofascore,2026-08-09T01:36:50.770462
52,53190,Gökcan Kaya,342437,Pendikspor,7032,2,3,6.9,1.71,2.11,32,8,24,18,42,3,0,2116,34,keyPasses,TUR,2023-2024,datafc_sofascore,2026-08-09T01:36:50.770462
52,53190,David Akintola,798676,Çaykur Rizespor,3064,3,3,6.77,6.51,1.75,39,10,24,43,26,4,0,1942,25,keyPasses,TUR,2023-2024,datafc_sofascore,2026-08-09T01:36:50.770462
52,53190,Wilfried Zaha,111850,Galatasaray,3061,9,3,7.18,4.15,2.63,48,19,23,43,29,2,0,1433,30,keyPasses,TUR,2023-2024,datafc_sofascore,2026-08-09T01:36:50.770462
52,53190,Haris Hajradinović,254979,Kasımpaşa,6063,5,14,7.39,6.16,9.69,69,21,104,26,63,3,0,3307,38,keyPasses,TUR,2023-2024,datafc_sofascore,2026-08-09T01:36:50.770462
52,53190,Dries Mertens,32493,Galatasaray,3061,9,16,7.61,8.12,10.57,88,35,93,15,43,3,0,2487,36,keyPasses,TUR,2023-2024,datafc_sofascore,2026-08-09T01:36:50.770462
52,53190,Edin Višća,109779,Trabzonspor,3051,5,9,7.28,4.34,8.93,63,16,91,28,34,1,0,2762,36,keyPasses,TUR,2023-2024,datafc_sofascore,2026-08-09T01:36:50.770462
52,53190,Dušan Tadić,38560,Fenerbahçe,3052,10,14,7.42,14.9,14.16,53,28,88,32,33,3,0,3157,38,keyPasses,TUR,2023-2024,datafc_sofascore,2026-08-09T01:36:50.770462
52,53190,Guilherme Haubert Sityá,224112,Konyaspor,3085,5,7,7.35,1.62,6.83,18,6,88,30,87,1,0,3267,37,keyPasses,TUR,2023-2024,datafc_sofascore,2026-08-09T01:36:50.770462
52,53190,Alexandru Maxim,180511,Gaziantep FK,5138,3,8,7.16,5.85,7.47,43,16,80,36,38,4,2,2674,34,keyPasses,TUR,2023-2024,datafc_sofascore,2026-08-09T01:36:50.770462
52,53190,Sebastian Szymański,847983,Fenerbahçe,3052,10,11,7.55,9.31,9.69,87,31,77,10,85,4,0,2916,37,keyPasses,TUR,2023-2024,datafc_sofascore,2026-08-09T01:36:50.770462
52,53190,Valentin Eysseric,139798,Fatih Karagümrük,4954,5,7,7.46,4.48,7.64,54,18,74,27,42,7,1,2420,31,keyPasses,TUR,2023-2024,datafc_sofascore,2026-08-09T01:36:50.770462
52,53190,Kerem Aktürkoğlu,903324,Galatasaray,3061,12,6,7.33,12.89,8.17,79,29,73,32,28,3,1,2479,37,keyPasses,TUR,2023-2024,datafc_sofascore,2026-08-09T01:36:50.770462
52,53190,Miguel Cardoso,344009,Kayserispor,3072,1,7,7.08,5.41,7.21,65,18,66,31,39,4,0,2524,30,keyPasses,TUR,2023-2024,datafc_sofascore,2026-08-09T01:36:50.770462
52,53190,Oğuz Aydın,999396,Alanyaspor,6362,13,8,7.28,9.34,8.32,58,25,64,54,25,3,1,2587,35,keyPasses,TUR,2023-2024,datafc_sofascore,2026-08-09T01:36:50.770462
52,53190,Sam Larsson,229800,Antalyaspor,3056,5,1,6.97,2.83,5.32,43,12,61,52,31,1,0,2568,35,keyPasses,TUR,2023-2024,datafc_sofascore,2026-08-09T01:36:50.770462
52,53190,Deniz Türüç,252207,Başakşehir FK,3086,2,12,7.15,2.26,5.68,39,17,60,30,31,11,0,2678,34,keyPasses,TUR,2023-2024,datafc_sofascore,2026-08-09T01:36:50.770462
52,53190,Ramzi Safouri,186949,Antalyaspor,3056,0,7,7.04,2.16,5.15,39,15,56,31,17,3,1,1803,30,keyPasses,TUR,2023-2024,datafc_sofascore,2026-08-09T01:36:50.770462
52,53190,Mamadou Fall,822228,Kasımpaşa,6063,8,2,6.94,6.19,3.57,49,17,54,28,22,4,0,2854,34,keyPasses,TUR,2023-2024,datafc_sofascore,2026-08-09T01:36:50.770462
52,53190,Emre Kılınç,202032,Samsunspor,3053,4,4,7.12,2.09,4.63,31,5,53,31,62,4,0,2574,33,keyPasses,TUR,2023-2024,datafc_sofascore,2026-08-09T01:36:50.770462
52,53190,İrfan Can Kahveci,226986,Fenerbahçe,3052,12,7,7.39,3.98,7.71,40,21,52,36,33,5,0,2027,31,keyPasses,TUR,2023-2024,datafc_sofascore,2026-08-09T01:36:50.770462
52,53190,Ferdi Kadıoğlu,825844,Fenerbahçe,3052,1,4,7.44,2.5,6.69,33,14,51,57,75,3,0,3327,37,keyPasses,TUR,2023-2024,datafc_sofascore,2026-08-09T01:36:50.770462
52,53190,Efecan Karaca,60510,Alanyaspor,6362,2,3,7.02,3.18,4.83,21,9,50,31,57,5,0,2753,37,keyPasses,TUR,2023-2024,datafc_sofascore,2026-08-09T01:36:50.770462
52,53190,Mauro Icardi,233114,Galatasaray,3061,25,8,7.51,21.23,3.77,111,49,49,7,6,2,0,2856,34,keyPasses,TUR,2023-2024,datafc_sofascore,2026-08-09T01:36:50.770462
52,53190,Yusuf Sarı,896364,Adana Demirspor,3101,3,7,7.3,2.92,5.46,59,24,48,45,22,1,0,1790,24,keyPasses,TUR,2023-2024,datafc_sofascore,2026-08-09T01:36:50.770462
52,53190,Jonjo Shelvey,36465,Çaykur Rizespor,3064,3,6,7.15,2.58,3.71,55,16,48,17,36,6,0,2604,31,keyPasses,TUR,2023-2024,datafc_sofascore,2026-08-09T01:36:50.770462
52,53190,Mortadha Ben Ouanes,919225,Kasımpaşa,6063,7,5,7.01,3.26,4.88,36,15,45,31,41,8,0,2999,36,keyPasses,TUR,2023-2024,datafc_sofascore,2026-08-09T01:36:50.770462
52,53190,Emre Akbaba,343527,Adana Demirspor,3101,7,2,7.19,7.41,3.26,64,20,43,32,65,5,0,2682,32,keyPasses,TUR,2023-2024,datafc_sofascore,2026-08-09T01:36:50.770462
52,53190,Barış Alper Yılmaz,904096,Galatasaray,3061,6,6,7.15,4.08,5.51,61,18,43,67,60,8,0,2550,37,keyPasses,TUR,2023-2024,datafc_sofascore,2026-08-09T01:36:50.770462
52,53190,Milot Rashica,800411,Beşiktaş JK,3050,5,4,7.03,4.39,4.64,56,20,43,21,25,2,0,2037,29,keyPasses,TUR,2023-2024,datafc_sofascore,2026-08-09T01:36:50.770462
52,53190,Carlo Holse,837012,Samsunspor,3053,5,3,6.9,5.31,2.53,59,24,43,14,68,4,0,2787,33,keyPasses,TUR,2023-2024,datafc_sofascore,2026-08-09T01:36:50.770462
52,53190,Kerem Demirbay,142619,Galatasaray,3061,6,3,7.2,3.03,3.76,52,17,42,19,66,2,0,2227,34,keyPasses,TUR,2023-2024,datafc_sofascore,2026-08-09T01:36:50.770462
52,53190,Alassane Ndao,1016033,Konyaspor,3085,3,2,6.88,3.74,4.83,40,9,41,38,35,3,0,2771,36,keyPasses,TUR,2023-2024,datafc_sofascore,2026-08-09T01:36:50.770462
52,53190,Aytaç Kara,128196,Kasımpaşa,6063,13,5,7.41,9.16,3.01,101,36,40,19,73,4,0,3248,37,keyPasses,TUR,2023-2024,datafc_sofascore,2026-08-09T01:36:50.770462
52,53190,Fisayo Dele-Bashiru,910121,Hatayspor,3091,8,3,7.01,5.58,2.31,45,18,40,71,33,6,0,3039,36,keyPasses,TUR,2023-2024,datafc_sofascore,2026-08-09T01:36:50.770462
52,53190,Nuno Sequeira,170117,Pendikspor,7032,1,3,6.89,0.98,3.7,15,4,40,20,85,10,0,3066,35,keyPasses,TUR,2023-2024,datafc_sofascore,2026-08-09T01:36:50.770462
52,53190,Ibrahim Olawoyin,1008173,Çaykur Rizespor,3064,8,2,7.12,5.84,2.99,64,25,39,65,63,6,0,2970,35,keyPasses,TUR,2023-2024,datafc_sofascore,2026-08-09T01:36:50.770462
52,53190,Efkan Bekiroğlu,800458,MKE Ankaragücü,3103,9,4,7.04,4.65,3.74,52,16,39,31,20,2,1,2139,30,keyPasses,TUR,2023-2024,datafc_sofascore,2026-08-09T01:36:50.770462
52,53190,Denis Drăguş,841199,Gaziantep FK,5138,14,1,7.22,13.78,2.44,106,40,38,85,54,8,0,2751,32,keyPasses,TUR,2023-2024,datafc_sofascore,2026-08-09T01:36:50.770462
52,53190,Casper Højer,281233,Çaykur Rizespor,3064,1,2,6.79,0.72,3.51,17,6,38,8,41,5,0,2060,27,keyPasses,TUR,2023-2024,datafc_sofascore,2026-08-09T01:36:50.770462
52,53190,Edin Džeko,14990,Fenerbahçe,3052,21,3,7.39,21.64,5.15,147,64,37,22,19,3,0,2741,36,keyPasses,TUR,2023-2024,datafc_sofascore,2026-08-09T01:36:50.770462
52,53190,Enis Bardhi,355024,Trabzonspor,3051,6,4,7.06,3.19,3.28,56,20,37,31,34,3,0,2342,34,keyPasses,TUR,2023-2024,datafc_sofascore,2026-08-09T01:36:50.770462
52,53190,Pedrinho,182385,MKE Ankaragücü,3103,3,2,7.01,1.17,2.48,30,6,37,12,55,4,0,2199,32,keyPasses,TUR,2023-2024,datafc_sofascore,2026-08-09T01:36:50.770462
52,53190,Halil Akbunar,217782,Pendikspor,7032,5,3,6.98,4.09,5.67,54,20,37,57,63,3,1,2808,37,keyPasses,TUR,2023-2024,datafc_sofascore,2026-08-09T01:36:50.770462
52,53190,Rachid Ghezzal,123228,Beşiktaş JK,3050,1,3,6.92,3.28,3.99,32,10,37,18,21,6,0,1173,27,keyPasses,TUR,2023-2024,datafc_sofascore,2026-08-09T01:36:50.770462
52,53190,Altin Zeqiri,991742,Çaykur Rizespor,3064,5,5,6.88,6.68,3.34,47,20,36,47,23,4,0,2241,34,keyPasses,TUR,2023-2024,datafc_sofascore,2026-08-09T01:36:50.770462
52,53190,Hakim Ziyech,249437,Galatasaray,3061,6,3,7.26,2.01,4.28,43,14,35,15,18,4,0,1077,18,keyPasses,TUR,2023-2024,datafc_sofascore,2026-08-09T01:36:50.770462
52,53190,Gustavo Sauer,904505,Çaykur Rizespor,3064,1,1,6.89,0.92,2.52,27,8,35,23,54,4,0,1449,32,keyPasses,TUR,2023-2024,datafc_sofascore,2026-08-09T01:36:50.770462
52,53190,Mame Thiam,180981,Pendikspor,7032,18,7,7.26,13.28,3.36,85,36,34,18,47,4,0,3161,36,keyPasses,TUR,2023-2024,datafc_sofascore,2026-08-09T01:36:50.770462
52,53190,Florian Loshaj,831407,İstanbulspor,3066,5,0,6.98,4.81,2.98,56,18,34,35,66,8,1,2705,32,keyPasses,TUR,2023-2024,datafc_sofascore,2026-08-09T01:36:50.770462
52,53190,Fredrik Midtsjø,98198,Pendikspor,7032,1,2,6.91,1.15,3.14,16,5,34,37,28,4,0,1928,26,keyPasses,TUR,2023-2024,datafc_sofascore,2026-08-09T01:36:50.770462
52,53190,Olimpiu Moruțan,833613,MKE Ankaragücü,3103,2,3,6.9,2.86,3.43,47,13,34,46,40,3,0,2128,30,keyPasses,TUR,2023-2024,datafc_sofascore,2026-08-09T01:36:50.770462
52,53190,Zymer Bytyqi,226784,Antalyaspor,3056,1,2,6.82,1.26,2.36,24,4,34,20,15,0,0,1388,29,keyPasses,TUR,2023-2024,datafc_sofascore,2026-08-09T01:36:50.770462
52,53190,Samu Sáiz,99527,Sivasspor,3076,4,3,7.25,2.05,2.29,29,15,33,26,8,3,0,1357,17,keyPasses,TUR,2023-2024,datafc_sofascore,2026-08-09T01:36:50.770462
52,53190,Nicolas Janvier,802150,Alanyaspor,6362,4,2,7.04,2.42,3.0,35,9,33,24,30,3,0,1655,34,keyPasses,TUR,2023-2024,datafc_sofascore,2026-08-09T01:36:50.770462
52,53190,Levent Mercan,1085938,Fatih Karagümrük,4954,1,5,6.9,0.7,2.51,14,1,33,37,82,8,0,3113,36,keyPasses,TUR,2023-2024,datafc_sofascore,2026-08-09T01:36:50.770462
52,53190,João Novais,233370,Alanyaspor,6362,5,2,6.9,5.14,4.58,46,17,33,25,22,7,0,2075,32,keyPasses,TUR,2023-2024,datafc_sofascore,2026-08-09T01:36:50.770462
52,53190,João Figueiredo,841012,Başakşehir FK,3086,8,2,6.88,5.93,3.46,47,20,32,19,24,4,2,2036,34,keyPasses,TUR,2023-2024,datafc_sofascore,2026-08-09T01:36:50.770462
52,53190,Fred,243623,Fenerbahçe,3052,3,4,7.34,3.99,4.93,50,15,31,25,51,5,1,2051,25,keyPasses,TUR,2023-2024,datafc_sofascore,2026-08-09T01:36:50.770462
52,53190,Ali Karimi,803869,Kayserispor,3072,3,0,6.98,3.23,3.2,32,7,31,18,48,4,0,2040,27,keyPasses,TUR,2023-2024,datafc_sofascore,2026-08-09T01:36:50.770462
52,53190,Erdoğan Yeşilyurt,142541,Antalyaspor,3056,3,3,6.89,1.78,2.25,31,7,31,26,41,8,1,2485,34,keyPasses,TUR,2023-2024,datafc_sofascore,2026-08-09T01:36:50.770462
52,53190,Uğur Çiftçi,142850,Sivasspor,3076,0,2,6.8,0.47,3.69,15,5,31,21,71,10,0,3118,35,keyPasses,TUR,2023-2024,datafc_sofascore,2026-08-09T01:36:50.770462
52,53190,Jackson,911351,İstanbulspor,3066,1,4,6.77,4.47,3.63,48,19,31,45,38,2,0,2201,35,keyPasses,TUR,2023-2024,datafc_sofascore,2026-08-09T01:36:50.770462
52,53190,Valon Ethemi,904945,Konyaspor,3085,2,4,6.75,3.04,3.08,37,10,31,27,18,4,0,1919,30,keyPasses,TUR,2023-2024,datafc_sofascore,2026-08-09T01:36:50.770462
52,53190,Flavien Tait,312388,Samsunspor,3053,0,2,6.86,0.63,1.16,13,4,30,14,25,3,0,1706,28,keyPasses,TUR,2023-2024,datafc_sofascore,2026-08-09T01:36:50.770462
52,53190,Lucas Torreira,754794,Galatasaray,3061,1,2,7.2,2.08,2.97,31,4,29,9,80,7,0,2993,35,keyPasses,TUR,2023-2024,datafc_sofascore,2026-08-09T01:36:50.770462
52,53190,Gedson Fernandes,862055,Beşiktaş JK,3050,3,3,7.19,2.94,1.74,36,9,29,46,99,8,0,2457,29,keyPasses,TUR,2023-2024,datafc_sofascore,2026-08-09T01:36:50.770462
52,53190,Mahmoud Trézéguet,295361,Trabzonspor,3051,9,5,7.17,6.45,3.71,57,20,29,23,17,2,0,1529,24,keyPasses,TUR,2023-2024,datafc_sofascore,2026-08-09T01:36:50.770462
52,53190,İsmail Yüksek,952600,Fenerbahçe,3052,0,4,7.15,2.24,2.28,26,4,29,29,73,5,2,2319,30,keyPasses,TUR,2023-2024,datafc_sofascore,2026-08-09T01:36:50.770462
52,53190,Kaan Ayhan,138152,Galatasaray,3061,1,2,7.07,1.11,2.96,22,6,29,6,33,3,0,2111,35,keyPasses,TUR,2023-2024,datafc_sofascore,2026-08-09T01:36:50.770462
52,53190,Faouzi Ghoulam,133236,Hatayspor,3091,1,2,6.95,0.67,3.16,14,6,29,5,19,8,0,1427,21,keyPasses,TUR,2023-2024,datafc_sofascore,2026-08-09T01:36:50.770462
52,53190,Mustafa Eskihellaç,899069,Gaziantep FK,5138,2,3,6.93,1.29,2.92,25,5,29,41,66,5,0,3067,35,keyPasses,TUR,2023-2024,datafc_sofascore,2026-08-09T01:36:50.770462
52,53190,Rigoberto Rivas,837742,Hatayspor,3091,5,4,6.92,3.4,3.2,31,12,29,25,47,6,0,2431,29,keyPasses,TUR,2023-2024,datafc_sofascore,2026-08-09T01:36:50.770462
52,53190,Marcus Rohdén,209082,Fatih Karagümrük,4954,4,4,6.91,2.44,1.87,36,11,29,13,32,4,0,2426,34,keyPasses,TUR,2023-2024,datafc_sofascore,2026-08-09T01:36:50.770462
52,53190,Charis Charisis,317297,Sivasspor,3076,1,4,6.91,1.06,1.29,19,5,29,27,70,8,0,2424,30,keyPasses,TUR,2023-2024,datafc_sofascore,2026-08-09T01:36:50.770462
52,53190,Léo Dubois,552680,Başakşehir FK,3086,1,4,6.9,0.68,3.23,12,4,29,24,29,3,0,2315,31,keyPasses,TUR,2023-2024,datafc_sofascore,2026-08-09T01:36:50.770462
52,53190,Eren Elmalı,981483,Trabzonspor,3051,0,0,6.87,1.19,1.89,17,3,29,21,61,9,0,3022,34,keyPasses,TUR,2023-2024,datafc_sofascore,2026-08-09T01:36:50.770462
52,53190,Aylton Boa Morte,883918,Kayserispor,3072,8,2,6.8,9.83,2.51,70,29,29,70,39,7,0,2628,32,keyPasses,TUR,2023-2024,datafc_sofascore,2026-08-09T01:36:50.770462
52,53190,Zeki Yavru,140735,Samsunspor,3053,1,2,7.02,0.32,2.91,12,4,28,8,47,4,0,2026,28,keyPasses,TUR,2023-2024,datafc_sofascore,2026-08-09T01:36:50.770462
52,53190,Olivier Kemen,280447,Başakşehir FK,3086,3,3,6.94,2.83,2.42,23,9,28,22,21,3,0,1751,27,keyPasses,TUR,2023-2024,datafc_sofascore,2026-08-09T01:36:50.770462
52,53190,Güven Yalçın,826162,Fatih Karagümrük,4954,9,4,6.91,5.75,1.33,58,21,28,39,15,5,0,2136,32,keyPasses,TUR,2023-2024,datafc_sofascore,2026-08-09T01:36:50.770462
52,53190,Max Gradel,16590,Gaziantep FK,5138,1,4,6.73,2.55,3.11,28,11,28,20,41,5,0,1712,29,keyPasses,TUR,2023-2024,datafc_sofascore,2026-08-09T01:36:50.770462
52,53190,Younès Belhanda,72999,Adana Demirspor,3101,3,0,7.03,2.06,1.76,24,11,27,15,18,4,0,1078,14,keyPasses,TUR,2023-2024,datafc_sofascore,2026-08-09T01:36:50.770462
52,53190,Sokol Cikalleshi,81138,Konyaspor,3085,12,5,6.94,10.96,1.11,64,21,27,27,23,3,0,2364,33,keyPasses,TUR,2023-2024,datafc_sofascore,2026-08-09T01:36:50.770462
52,53190,Alexandru Cicâldău,827540,Konyaspor,3085,1,0,6.88,3.97,1.7,44,11,27,12,28,0,0,2032,31,keyPasses,TUR,2023-2024,datafc_sofascore,2026-08-09T01:36:50.770462
52,53190,Taha Şahin,1394729,Çaykur Rizespor,3064,0,4,6.87,0.65,2.84,8,0,27,29,58,5,0,2854,34,keyPasses,TUR,2023-2024,datafc_sofascore,2026-08-09T01:36:50.770462
52,53190,Can Keleş,918408,Fatih Karagümrük,4954,5,3,6.82,4.65,3.61,56,24,27,28,18,3,0,2272,35,keyPasses,TUR,2023-2024,datafc_sofascore,2026-08-09T01:36:50.770462
52,53190,Moryke Fofana,269199,Samsunspor,3053,0,4,6.82,1.3,3.6,16,5,27,46,15,4,0,1060,27,keyPasses,TUR,2023-2024,datafc_sofascore,2026-08-09T01:36:50.770462
52,53190,Tetê,980327,Galatasaray,3061,0,3,6.8,3.8,2.97,37,14,27,22,10,1,0,1136,33,keyPasses,TUR,2023-2024,datafc_sofascore,2026-08-09T01:36:50.770462
52,53190,Joelson Fernandes,1032547,Hatayspor,3091,0,3,6.75,1.63,1.77,33,9,27,17,16,4,1,1423,31,keyPasses,TUR,2023-2024,datafc_sofascore,2026-08-09T01:36:50.770462
52,53190,Nuno Da Costa,209374,Kasımpaşa,6063,14,4,7.28,10.67,2.41,67,24,26,49,23,1,0,2339,29,keyPasses,TUR,2023-2024,datafc_sofascore,2026-08-09T01:36:50.770462
52,53190,Ryan Mendes,52797,Fatih Karagümrük,4954,4,4,6.96,2.1,3.44,33,15,26,29,32,5,2,1508,23,keyPasses,TUR,2023-2024,datafc_sofascore,2026-08-09T01:36:50.770462
52,53190,Jure Balkovec,171625,Alanyaspor,6362,3,0,6.94,0.57,3.07,21,7,26,7,33,7,0,2141,28,keyPasses,TUR,2023-2024,datafc_sofascore,2026-08-09T01:36:50.770462
52,53190,Güray Vural,43559,Antalyaspor,3056,1,3,6.9,1.13,2.92,25,4,26,8,54,7,0,2568,30,keyPasses,TUR,2023-2024,datafc_sofascore,2026-08-09T01:36:50.770462
52,53190,Gökhan Sazdağı,595396,Kayserispor,3072,0,5,6.79,1.56,2.92,25,7,26,35,92,9,0,2905,34,keyPasses,TUR,2023-2024,datafc_sofascore,2026-08-09T01:36:50.770462
52,53190,Tasos Bakasetas,114076,Trabzonspor,3051,4,2,7.26,2.71,1.72,41,12,25,8,27,3,0,1321,17,keyPasses,TUR,2023-2024,datafc_sofascore,2026-08-09T01:36:50.770462
52,53190,Emrah Başsan,174141,Sivasspor,3076,0,3,6.9,1.86,2.09,29,11,25,25,18,2,0,1445,24,keyPasses,TUR,2023-2024,datafc_sofascore,2026-08-09T01:36:50.770462
52,53190,Kartal Kayra Yılmaz,966811,Kayserispor,3072,0,2,6.85,0.4,2.12,19,1,25,11,46,6,1,2409,29,keyPasses,TUR,2023-2024,datafc_sofascore,2026-08-09T01:36:50.770462
52,53190,Ramazan Civelek,781408,Kayserispor,3072,0,2,6.71,1.48,2.6,16,7,25,12,27,4,0,1750,35,keyPasses,TUR,2023-2024,datafc_sofascore,2026-08-09T01:36:50.770462
52,53190,Dimitrios Pelkas,139304,Başakşehir FK,3086,6,5,7.04,4.7,2.2,30,17,24,18,20,6,0,1245,23,keyPasses,TUR,2023-2024,datafc_sofascore,2026-08-09T01:36:50.770462
52,53190,Arnaud Lusamba,361342,Pendikspor,7032,0,3,6.93,0.31,1.96,9,4,24,32,48,5,1,2024,27,keyPasses,TUR,2023-2024,datafc_sofascore,2026-08-09T01:36:50.770462
52,53190,Gökcan Kaya,342437,Pendikspor,7032,2,3,6.9,1.71,2.11,32,8,24,18,42,3,0,2116,34,keyPasses,TUR,2023-2024,datafc_sofascore,2026-08-09T01:36:50.770462
52,53190,David Akintola,798676,Çaykur Rizespor,3064,3,3,6.77,6.51,1.75,39,10,24,43,26,4,0,1942,25,keyPasses,TUR,2023-2024,datafc_sofascore,2026-08-09T01:36:50.770462
52,53190,Wilfried Zaha,111850,Galatasaray,3061,9,3,7.18,4.15,2.63,48,19,23,43,29,2,0,1433,30,keyPasses,TUR,2023-2024,datafc_sofascore,2026-08-09T01:36:50.770462
52,53190,Uğurcan Çakır,754330,Trabzonspor,3051,0,0,7.04,0.0,0.12,0,0,1,1,1,4,0,3060,34,accurateLongBalls,TUR,2023-2024,datafc_sofascore,2026-08-09T01:36:50.770462
52,53190,Ali Şaşal Vural,94540,Sivasspor,3076,0,0,7.23,0.0,0.27,0,0,3,2,2,3,0,2880,32,accurateLongBalls,TUR,2023-2024,datafc_sofascore,2026-08-09T01:36:50.770462
52,53190,Jonjo Shelvey,36465,Çaykur Rizespor,3064,3,6,7.15,2.58,3.71,55,16,48,17,36,6,0,2604,31,accurateLongBalls,TUR,2023-2024,datafc_sofascore,2026-08-09T01:36:50.770462
52,53190,Erce Kardeşler,758606,Hatayspor,3091,0,0,6.98,0.0,0.09,0,0,0,1,1,8,0,3109,35,accurateLongBalls,TUR,2023-2024,datafc_sofascore,2026-08-09T01:36:50.770462
52,53190,Bilal Bayazit,825850,Kayserispor,3072,0,0,7.22,0.0,0.07,0,0,3,0,3,5,0,3150,35,accurateLongBalls,TUR,2023-2024,datafc_sofascore,2026-08-09T01:36:50.770462
52,53190,Semih Güler,325155,Adana Demirspor,3101,0,1,7.09,1.18,0.93,24,6,8,4,52,4,1,2801,32,accurateLongBalls,TUR,2023-2024,datafc_sofascore,2026-08-09T01:36:50.770462
52,53190,Fernando Muslera,28381,Galatasaray,3061,0,0,7.2,0.0,0.32,0,0,2,1,1,4,0,3300,37,accurateLongBalls,TUR,2023-2024,datafc_sofascore,2026-08-09T01:36:50.770462
52,53190,Florin Niță,83551,Gaziantep FK,5138,0,0,7.07,0.02,0.04,1,0,1,0,2,3,0,3060,34,accurateLongBalls,TUR,2023-2024,datafc_sofascore,2026-08-09T01:36:50.770462
52,53190,Erdem Canpolat,1066726,Pendikspor,7032,0,0,6.95,0.0,0.08,0,0,1,0,2,6,0,3060,34,accurateLongBalls,TUR,2023-2024,datafc_sofascore,2026-08-09T01:36:50.770462
52,53190,Okan Kocuk,190179,Samsunspor,3053,0,0,6.8,0.0,0.05,0,0,0,0,1,2,0,3240,36,accurateLongBalls,TUR,2023-2024,datafc_sofascore,2026-08-09T01:36:50.770462
52,53190,Bahadır Han Güngördü,807289,MKE Ankaragücü,3103,0,1,7.04,0.0,0.1,0,0,3,0,0,2,0,2837,32,accurateLongBalls,TUR,2023-2024,datafc_sofascore,2026-08-09T01:36:50.770462
52,53190,Mert Günok,39573,Beşiktaş JK,3050,0,0,6.89,0.02,0.1,1,0,3,2,0,4,1,2543,30,accurateLongBalls,TUR,2023-2024,datafc_sofascore,2026-08-09T01:36:50.770462
52,53190,Helton Leite,329081,Antalyaspor,3056,0,0,7.2,0.0,0.02,0,0,0,0,1,1,0,3059,34,accurateLongBalls,TUR,2023-2024,datafc_sofascore,2026-08-09T01:36:50.770462
52,53190,Andreas Gianniotis,236746,Kasımpaşa,6063,0,0,6.95,0.0,0.04,0,0,2,1,3,3,0,2790,31,accurateLongBalls,TUR,2023-2024,datafc_sofascore,2026-08-09T01:36:50.770462
52,53190,Ertuğrul Taşkıran,105974,Alanyaspor,6362,0,0,7.01,0.0,0.08,0,0,2,0,0,3,0,3060,34,accurateLongBalls,TUR,2023-2024,datafc_sofascore,2026-08-09T01:36:50.770462
52,53190,Emirhan Topçu,895009,Çaykur Rizespor,3064,1,4,7.26,2.0,1.84,25,8,19,6,65,10,1,2702,31,accurateLongBalls,TUR,2023-2024,datafc_sofascore,2026-08-09T01:36:50.770462
52,53190,Jure Balkovec,171625,Alanyaspor,6362,3,0,6.94,0.57,3.07,21,7,26,7,33,7,0,2141,28,accurateLongBalls,TUR,2023-2024,datafc_sofascore,2026-08-09T01:36:50.770462
52,53190,Berat Özdemir,876857,Trabzonspor,3051,1,1,7.12,0.52,0.97,15,4,15,15,70,4,0,2304,31,accurateLongBalls,TUR,2023-2024,datafc_sofascore,2026-08-09T01:36:50.770462
52,53190,Dominik Livaković,190419,Fenerbahçe,3052,0,0,6.89,0.0,0.04,0,0,2,1,2,1,0,3059,34,accurateLongBalls,TUR,2023-2024,datafc_sofascore,2026-08-09T01:36:50.770462
52,53190,Gökhan Akkan,225012,Çaykur Rizespor,3064,0,1,7.17,0.0,0.04,0,0,2,1,1,2,0,2640,30,accurateLongBalls,TUR,2023-2024,datafc_sofascore,2026-08-09T01:36:50.770462
52,53190,Andreaw Gravillon,827934,Adana Demirspor,3101,2,0,6.85,0.97,0.36,27,3,10,19,39,4,0,2766,33,accurateLongBalls,TUR,2023-2024,datafc_sofascore,2026-08-09T01:36:50.770462
52,53190,Volkan Babacan,30143,Başakşehir FK,3086,0,0,6.98,0.0,0.03,0,0,1,0,0,1,0,2070,23,accurateLongBalls,TUR,2023-2024,datafc_sofascore,2026-08-09T01:36:50.770462
52,53190,Papy Djilobodji,106661,Gaziantep FK,5138,3,1,6.94,2.83,2.05,20,5,17,5,36,5,1,3007,34,accurateLongBalls,TUR,2023-2024,datafc_sofascore,2026-08-09T01:36:50.770462
52,53190,Guy-Marcelin Kilama,944222,Hatayspor,3091,2,1,6.9,1.1,0.38,9,2,11,14,44,4,0,3136,35,accurateLongBalls,TUR,2023-2024,datafc_sofascore,2026-08-09T01:36:50.770462
52,53190,Shakhrudin Magomedaliyev,813105,Adana Demirspor,3101,0,0,7.0,0.0,0.03,0,0,1,0,2,3,0,2136,25,accurateLongBalls,TUR,2023-2024,datafc_sofascore,2026-08-09T01:36:50.770462
52,53190,Kartal Kayra Yılmaz,966811,Kayserispor,3072,0,2,6.85,0.4,2.12,19,1,25,11,46,6,1,2409,29,accurateLongBalls,TUR,2023-2024,datafc_sofascore,2026-08-09T01:36:50.770462
52,53190,Lucas Torreira,754794,Galatasaray,3061,1,2,7.2,2.08,2.97,31,4,29,9,80,7,0,2993,35,accurateLongBalls,TUR,2023-2024,datafc_sofascore,2026-08-09T01:36:50.770462
52,53190,Veysel Sarı,98276,Antalyaspor,3056,1,0,6.93,2.25,0.42,29,6,6,4,72,11,0,3013,35,accurateLongBalls,TUR,2023-2024,datafc_sofascore,2026-08-09T01:36:50.770462
52,53190,Pedrinho,182385,MKE Ankaragücü,3103,3,2,7.01,1.17,2.48,30,6,37,12,55,4,0,2199,32,accurateLongBalls,TUR,2023-2024,datafc_sofascore,2026-08-09T01:36:50.770462
52,53190,Tolga Ciğerci,120298,MKE Ankaragücü,3103,5,3,7.15,3.47,1.48,38,11,22,13,45,4,0,2050,27,accurateLongBalls,TUR,2023-2024,datafc_sofascore,2026-08-09T01:36:50.770462
52,53190,Alexandru Maxim,180511,Gaziantep FK,5138,3,8,7.16,5.85,7.47,43,16,80,36,38,4,2,2674,34,accurateLongBalls,TUR,2023-2024,datafc_sofascore,2026-08-09T01:36:50.770462
52,53190,Ferdi Kadıoğlu,825844,Fenerbahçe,3052,1,4,7.44,2.5,6.69,33,14,51,57,75,3,0,3327,37,accurateLongBalls,TUR,2023-2024,datafc_sofascore,2026-08-09T01:36:50.770462
52,53190,Matías Dituro,556884,Fatih Karagümrük,4954,0,0,7.04,0.0,0.01,0,0,0,0,0,1,0,990,11,accurateLongBalls,TUR,2023-2024,datafc_sofascore,2026-08-09T01:36:50.770462
52,53190,Mehmet Yeşil,840639,İstanbulspor,3066,0,0,6.8,0.61,0.39,12,3,1,11,40,9,0,2807,34,accurateLongBalls,TUR,2023-2024,datafc_sofascore,2026-08-09T01:36:50.770462
52,53190,Salvatore Sirigu,18954,Fatih Karagümrük,4954,0,0,6.98,,0.02,0,0,1,0,1,0,0,1530,17,accurateLongBalls,TUR,2023-2024,datafc_sofascore,2026-08-09T01:36:50.770462
52,53190,Welinton,76529,Pendikspor,7032,2,1,6.88,1.23,0.77,21,6,10,4,53,4,3,2015,24,accurateLongBalls,TUR,2023-2024,datafc_sofascore,2026-08-09T01:36:50.770462
52,53190,Ali Karimi,803869,Kayserispor,3072,3,0,6.98,3.23,3.2,32,7,31,18,48,4,0,2040,27,accurateLongBalls,TUR,2023-2024,datafc_sofascore,2026-08-09T01:36:50.770462
52,53190,Haris Hajradinović,254979,Kasımpaşa,6063,5,14,7.39,6.16,9.69,69,21,104,26,63,3,0,3307,38,accurateLongBalls,TUR,2023-2024,datafc_sofascore,2026-08-09T01:36:50.770462
52,53190,Aaron Appindangoyé,785850,Sivasspor,3076,1,1,6.87,0.57,0.41,9,4,5,2,11,1,0,2598,30,accurateLongBalls,TUR,2023-2024,datafc_sofascore,2026-08-09T01:36:50.770462
52,53190,Guilherme Haubert Sityá,224112,Konyaspor,3085,5,7,7.35,1.62,6.83,18,6,88,30,87,1,0,3267,37,accurateLongBalls,TUR,2023-2024,datafc_sofascore,2026-08-09T01:36:50.770462
52,53190,Alexander Djiku,289977,Fenerbahçe,3052,3,1,7.01,2.27,0.38,12,3,7,4,39,5,1,2032,25,accurateLongBalls,TUR,2023-2024,datafc_sofascore,2026-08-09T01:36:50.770462
52,53190,Alp Arda,999485,İstanbulspor,3066,0,0,6.92,,0.06,0,0,0,2,0,3,0,1693,19,accurateLongBalls,TUR,2023-2024,datafc_sofascore,2026-08-09T01:36:50.770462
52,53190,Muhammed Şengezer,827418,Başakşehir FK,3086,0,0,7.11,0.0,0.05,0,0,0,0,0,0,0,1260,14,accurateLongBalls,TUR,2023-2024,datafc_sofascore,2026-08-09T01:36:50.770462
52,53190,Kaan Ayhan,138152,Galatasaray,3061,1,2,7.07,1.11,2.96,22,6,29,6,33,3,0,2111,35,accurateLongBalls,TUR,2023-2024,datafc_sofascore,2026-08-09T01:36:50.770462
52,53190,Rick Van Drongelen,803023,Samsunspor,3053,3,0,6.89,1.59,0.68,22,6,6,4,39,6,0,2395,30,accurateLongBalls,TUR,2023-2024,datafc_sofascore,2026-08-09T01:36:50.770462
52,53190,Kenneth Omeruo,158293,Kasımpaşa,6063,1,1,6.93,1.01,0.68,12,6,10,4,32,5,1,2081,24,accurateLongBalls,TUR,2023-2024,datafc_sofascore,2026-08-09T01:36:50.770462
52,53190,Valentin Eysseric,139798,Fatih Karagümrük,4954,5,7,7.46,4.48,7.64,54,18,74,27,42,7,1,2420,31,accurateLongBalls,TUR,2023-2024,datafc_sofascore,2026-08-09T01:36:50.770462
52,53190,Nuno Sequeira,170117,Pendikspor,7032,1,3,6.89,0.98,3.7,15,4,40,20,85,10,0,3066,35,accurateLongBalls,TUR,2023-2024,datafc_sofascore,2026-08-09T01:36:50.770462
52,53190,Fidan Aliti,385296,Alanyaspor,6362,0,2,6.87,2.24,0.49,14,3,8,4,38,7,0,3047,35,accurateLongBalls,TUR,2023-2024,datafc_sofascore,2026-08-09T01:36:50.770462
52,53190,Jakub Słowik,95437,Konyaspor,3085,0,0,6.99,,0.11,0,0,0,0,3,3,0,1260,14,accurateLongBalls,TUR,2023-2024,datafc_sofascore,2026-08-09T01:36:50.770462
52,53190,Chandrel Massanga,1083138,Hatayspor,3091,3,0,6.92,1.99,0.99,24,7,18,8,50,4,0,2294,30,accurateLongBalls,TUR,2023-2024,datafc_sofascore,2026-08-09T01:36:50.770462
52,53190,Stefano Denswil,97404,Trabzonspor,3051,1,0,7.02,0.67,0.48,13,2,5,2,16,1,0,2173,25,accurateLongBalls,TUR,2023-2024,datafc_sofascore,2026-08-09T01:36:50.770462
52,53190,Nihad Mujakić,858004,MKE Ankaragücü,3103,1,1,6.77,0.33,0.71,5,1,7,6,46,4,0,3202,36,accurateLongBalls,TUR,2023-2024,datafc_sofascore,2026-08-09T01:36:50.770462
52,53190,Léo Dubois,552680,Başakşehir FK,3086,1,4,6.9,0.68,3.23,12,4,29,24,29,3,0,2315,31,accurateLongBalls,TUR,2023-2024,datafc_sofascore,2026-08-09T01:36:50.770462
52,53190,Paul Bernardoni,361314,Konyaspor,3085,0,0,6.78,0.0,0.02,0,0,0,0,1,0,0,1530,17,accurateLongBalls,TUR,2023-2024,datafc_sofascore,2026-08-09T01:36:50.770462
52,53190,Görkem Sağlam,795001,Hatayspor,3091,2,4,6.9,1.21,2.08,18,5,18,11,23,4,0,1535,31,accurateLongBalls,TUR,2023-2024,datafc_sofascore,2026-08-09T01:36:50.770462
52,53190,Soner Dikmen,847782,Konyaspor,3085,1,0,6.76,3.18,1.09,38,9,6,13,53,7,0,3217,37,accurateLongBalls,TUR,2023-2024,datafc_sofascore,2026-08-09T01:36:50.770462
52,53190,Abdülkerim Bardakcı,178963,Galatasaray,3061,4,0,7.23,3.21,1.03,33,8,10,11,25,4,0,2218,27,accurateLongBalls,TUR,2023-2024,datafc_sofascore,2026-08-09T01:36:50.770462
52,53190,Furkan Bayır,1003161,Alanyaspor,6362,0,0,6.79,1.34,0.2,10,2,1,0,38,7,1,2042,31,accurateLongBalls,TUR,2023-2024,datafc_sofascore,2026-08-09T01:36:50.770462
52,53190,Jakub Kałuziński,1019026,Antalyaspor,3056,0,2,6.88,0.74,1.46,20,2,18,7,30,3,0,2344,31,accurateLongBalls,TUR,2023-2024,datafc_sofascore,2026-08-09T01:36:50.770462
52,53190,Samba Camara,837301,Sivasspor,3076,0,0,6.94,0.37,0.12,8,3,1,6,35,2,0,1880,26,accurateLongBalls,TUR,2023-2024,datafc_sofascore,2026-08-09T01:36:50.770462
52,53190,Taha Şahin,1394729,Çaykur Rizespor,3064,0,4,6.87,0.65,2.84,8,0,27,29,58,5,0,2854,34,accurateLongBalls,TUR,2023-2024,datafc_sofascore,2026-08-09T01:36:50.770462
52,53190,Uroš Radaković,151900,MKE Ankaragücü,3103,1,1,6.89,1.52,0.41,17,4,7,4,42,8,0,3070,35,accurateLongBalls,TUR,2023-2024,datafc_sofascore,2026-08-09T01:36:50.770462
52,53190,Alim Öztürk,151074,Samsunspor,3053,0,2,6.86,0.6,1.35,7,3,4,1,29,6,0,1927,25,accurateLongBalls,TUR,2023-2024,datafc_sofascore,2026-08-09T01:36:50.770462
52,53190,Kerem Demirbay,142619,Galatasaray,3061,6,3,7.2,3.03,3.76,52,17,42,19,66,2,0,2227,34,accurateLongBalls,TUR,2023-2024,datafc_sofascore,2026-08-09T01:36:50.770462
52,53190,Florian Loshaj,831407,İstanbulspor,3066,5,0,6.98,4.81,2.98,56,18,34,35,66,8,1,2705,32,accurateLongBalls,TUR,2023-2024,datafc_sofascore,2026-08-09T01:36:50.770462
52,53190,Yasin Özcan,1392102,Kasımpaşa,6063,2,1,6.78,1.06,0.69,19,4,13,11,68,4,0,2962,37,accurateLongBalls,TUR,2023-2024,datafc_sofascore,2026-08-09T01:36:50.770462
52,53190,Aytaç Kara,128196,Kasımpaşa,6063,13,5,7.41,9.16,3.01,101,36,40,19,73,4,0,3248,37,accurateLongBalls,TUR,2023-2024,datafc_sofascore,2026-08-09T01:36:50.770462
52,53190,Gökhan Gül,797820,Kasımpaşa,6063,2,0,6.97,1.82,1.39,54,17,20,6,53,3,0,2928,38,accurateLongBalls,TUR,2023-2024,datafc_sofascore,2026-08-09T01:36:50.770462
52,53190,Ahmet Oğuz,603902,Konyaspor,3085,1,1,6.96,0.32,1.29,10,2,20,15,65,7,0,2113,31,accurateLongBalls,TUR,2023-2024,datafc_sofascore,2026-08-09T01:36:50.770462
52,53190,David Jensen,47860,İstanbulspor,3066,0,0,6.91,0.0,0.04,0,0,1,0,1,0,0,1260,14,accurateLongBalls,TUR,2023-2024,datafc_sofascore,2026-08-09T01:36:50.770462
52,53190,Fred,243623,Fenerbahçe,3052,3,4,7.34,3.99,4.93,50,15,31,25,51,5,1,2051,25,accurateLongBalls,TUR,2023-2024,datafc_sofascore,2026-08-09T01:36:50.770462
52,53190,Deniz Türüç,252207,Başakşehir FK,3086,2,12,7.15,2.26,5.68,39,17,60,30,31,11,0,2678,34,accurateLongBalls,TUR,2023-2024,datafc_sofascore,2026-08-09T01:36:50.770462
52,53190,Léo Duarte,839982,Başakşehir FK,3086,0,1,7.12,0.96,0.79,11,4,16,18,43,1,0,2700,30,accurateLongBalls,TUR,2023-2024,datafc_sofascore,2026-08-09T01:36:50.770462
52,53190,Davide Biraschi,233252,Fatih Karagümrük,4954,0,1,6.8,0.62,0.85,5,0,5,9,47,6,1,2575,30,accurateLongBalls,TUR,2023-2024,datafc_sofascore,2026-08-09T01:36:50.770462
52,53190,Youssef Aït Bennasser,802850,Samsunspor,3053,1,0,6.8,1.08,0.74,19,2,9,7,57,4,0,1915,28,accurateLongBalls,TUR,2023-2024,datafc_sofascore,2026-08-09T01:36:50.770462
52,53190,Joseph Attamah,332963,Kayserispor,3072,1,0,6.75,0.73,0.56,8,2,4,2,22,3,0,2171,30,accurateLongBalls,TUR,2023-2024,datafc_sofascore,2026-08-09T01:36:50.770462
52,53190,Edin Višća,109779,Trabzonspor,3051,5,9,7.28,4.34,8.93,63,16,91,28,34,1,0,2762,36,accurateLongBalls,TUR,2023-2024,datafc_sofascore,2026-08-09T01:36:50.770462
52,53190,Steven​ N'Zonzi,51652,Konyaspor,3085,4,0,7.03,1.12,1.2,19,10,16,6,26,2,0,2334,33,accurateLongBalls,TUR,2023-2024,datafc_sofascore,2026-08-09T01:36:50.770462
52,53190,Florent Hadergjonaj,354860,Alanyaspor,6362,2,3,6.93,1.15,2.69,17,4,23,11,43,3,0,2318,31,accurateLongBalls,TUR,2023-2024,datafc_sofascore,2026-08-09T01:36:50.770462
52,53190,João Novais,233370,Alanyaspor,6362,5,2,6.9,5.14,4.58,46,17,33,25,22,7,0,2075,32,accurateLongBalls,TUR,2023-2024,datafc_sofascore,2026-08-09T01:36:50.770462
52,53190,Federico Ceccherini,139410,Fatih Karagümrük,4954,1,0,6.68,1.0,0.25,10,1,2,4,23,9,2,2064,27,accurateLongBalls,TUR,2023-2024,datafc_sofascore,2026-08-09T01:36:50.770462
52,53190,Jerome Opoku,920514,Başakşehir FK,3086,4,1,7.06,1.9,0.74,11,5,9,18,26,6,1,2481,28,accurateLongBalls,TUR,2023-2024,datafc_sofascore,2026-08-09T01:36:50.770462
52,53190,Lionel Carole,122922,Kayserispor,3072,0,1,6.78,0.08,1.23,4,1,12,8,23,2,0,2199,28,accurateLongBalls,TUR,2023-2024,datafc_sofascore,2026-08-09T01:36:50.770462
52,53190,Emre Akbaba,343527,Adana Demirspor,3101,7,2,7.19,7.41,3.26,64,20,43,32,65,5,0,2682,32,accurateLongBalls,TUR,2023-2024,datafc_sofascore,2026-08-09T01:36:50.770462
52,53190,Attila Mocsi,889382,Çaykur Rizespor,3064,2,0,6.88,2.0,0.29,14,3,3,5,22,2,1,1963,28,accurateLongBalls,TUR,2023-2024,datafc_sofascore,2026-08-09T01:36:50.770462
52,53190,Victor Nelsson,846148,Galatasaray,3061,2,0,7.12,1.56,0.89,19,6,5,1,22,3,0,2570,32,accurateLongBalls,TUR,2023-2024,datafc_sofascore,2026-08-09T01:36:50.770462
52,53190,Amir Hadžiahmetović,795421,Beşiktaş JK,3050,0,4,7.06,0.3,2.46,3,1,22,8,19,2,1,1341,18,accurateLongBalls,TUR,2023-2024,datafc_sofascore,2026-08-09T01:36:50.770462
52,53190,Levent Mercan,1085938,Fatih Karagümrük,4954,1,5,6.9,0.7,2.51,14,1,33,37,82,8,0,3113,36,accurateLongBalls,TUR,2023-2024,datafc_sofascore,2026-08-09T01:36:50.770462
52,53190,Ömer Toprak,39015,Antalyaspor,3056,0,2,6.92,0.57,0.41,6,2,6,4,27,1,0,1815,22,accurateLongBalls,TUR,2023-2024,datafc_sofascore,2026-08-09T01:36:50.770462
52,53190,Ľubomír Šatka,187231,Samsunspor,3053,1,1,6.79,0.57,0.45,3,1,6,7,24,2,0,2208,26,accurateLongBalls,TUR,2023-2024,datafc_sofascore,2026-08-09T01:36:50.770462
52,53190,Zeki Yavru,140735,Samsunspor,3053,1,2,7.02,0.32,2.91,12,4,28,8,47,4,0,2026,28,accurateLongBalls,TUR,2023-2024,datafc_sofascore,2026-08-09T01:36:50.770462
52,53190,Sofiane Feghouli,37240,Fatih Karagümrük,4954,2,1,6.82,1.13,1.17,10,3,20,13,23,4,1,1471,25,accurateLongBalls,TUR,2023-2024,datafc_sofascore,2026-08-09T01:36:50.770462
52,53190,Davinson Sánchez,566102,Galatasaray,3061,2,0,7.05,3.71,0.58,17,4,4,7,39,4,0,1602,23,accurateLongBalls,TUR,2023-2024,datafc_sofascore,2026-08-09T01:36:50.770462
52,53190,Necip Uysal,43394,Beşiktaş JK,3050,0,1,6.96,0.74,0.53,11,3,6,7,46,5,0,2359,30,accurateLongBalls,TUR,2023-2024,datafc_sofascore,2026-08-09T01:36:50.770462
52,53190,Arthur Masuaku,174975,Beşiktaş JK,3050,0,0,6.82,0.17,1.15,7,3,14,34,29,5,0,1451,18,accurateLongBalls,TUR,2023-2024,datafc_sofascore,2026-08-09T01:36:50.770462
52,53190,Muammer Sarıkaya,816571,Çaykur Rizespor,3064,1,1,6.81,3.87,2.27,37,8,18,16,76,9,0,2275,35,accurateLongBalls,TUR,2023-2024,datafc_sofascore,2026-08-09T01:36:50.770462
52,53190,İbrahim Akdağ,847053,Sivasspor,3076,0,1,6.69,0.4,0.57,13,1,15,14,31,5,1,1673,25,accurateLongBalls,TUR,2023-2024,datafc_sofascore,2026-08-09T01:36:50.770462
52,53190,Uğurcan Yazğılı,904303,Konyaspor,3085,2,0,6.95,1.03,0.62,13,2,14,6,68,5,0,2718,35,accurateLongBalls,TUR,2023-2024,datafc_sofascore,2026-08-09T01:36:50.770462
52,53190,Alpaslan Öztürk,148857,Pendikspor,7032,2,0,6.92,2.18,0.64,12,5,3,3,24,7,0,1866,22,accurateLongBalls,TUR,2023-2024,datafc_sofascore,2026-08-09T01:36:50.770462
52,53190,Uğurcan Çakır,754330,Trabzonspor,3051,0,0,7.04,0.0,0.12,0,0,1,1,1,4,0,3060,34,accurateLongBalls,TUR,2023-2024,datafc_sofascore,2026-08-09T01:36:50.770462
52,53190,Ali Şaşal Vural,94540,Sivasspor,3076,0,0,7.23,0.0,0.27,0,0,3,2,2,3,0,2880,32,accurateLongBalls,TUR,2023-2024,datafc_sofascore,2026-08-09T01:36:50.770462
52,53190,Jonjo Shelvey,36465,Çaykur Rizespor,3064,3,6,7.15,2.58,3.71,55,16,48,17,36,6,0,2604,31,accurateLongBalls,TUR,2023-2024,datafc_sofascore,2026-08-09T01:36:50.770462
52,53190,Erce Kardeşler,758606,Hatayspor,3091,0,0,6.98,0.0,0.09,0,0,0,1,1,8,0,3109,35,accurateLongBalls,TUR,2023-2024,datafc_sofascore,2026-08-09T01:36:50.770462
52,53190,Bilal Bayazit,825850,Kayserispor,3072,0,0,7.22,0.0,0.07,0,0,3,0,3,5,0,3150,35,accurateLongBalls,TUR,2023-2024,datafc_sofascore,2026-08-09T01:36:50.770462
52,53190,Semih Güler,325155,Adana Demirspor,3101,0,1,7.09,1.18,0.93,24,6,8,4,52,4,1,2801,32,accurateLongBalls,TUR,2023-2024,datafc_sofascore,2026-08-09T01:36:50.770462
52,53190,Fernando Muslera,28381,Galatasaray,3061,0,0,7.2,0.0,0.32,0,0,2,1,1,4,0,3300,37,accurateLongBalls,TUR,2023-2024,datafc_sofascore,2026-08-09T01:36:50.770462
52,53190,Florin Niță,83551,Gaziantep FK,5138,0,0,7.07,0.02,0.04,1,0,1,0,2,3,0,3060,34,accurateLongBalls,TUR,2023-2024,datafc_sofascore,2026-08-09T01:36:50.770462
52,53190,Erdem Canpolat,1066726,Pendikspor,7032,0,0,6.95,0.0,0.08,0,0,1,0,2,6,0,3060,34,accurateLongBalls,TUR,2023-2024,datafc_sofascore,2026-08-09T01:36:50.770462
52,53190,Okan Kocuk,190179,Samsunspor,3053,0,0,6.8,0.0,0.05,0,0,0,0,1,2,0,3240,36,accurateLongBalls,TUR,2023-2024,datafc_sofascore,2026-08-09T01:36:50.770462
52,53190,Bahadır Han Güngördü,807289,MKE Ankaragücü,3103,0,1,7.04,0.0,0.1,0,0,3,0,0,2,0,2837,32,accurateLongBalls,TUR,2023-2024,datafc_sofascore,2026-08-09T01:36:50.770462
52,53190,Mert Günok,39573,Beşiktaş JK,3050,0,0,6.89,0.02,0.1,1,0,3,2,0,4,1,2543,30,accurateLongBalls,TUR,2023-2024,datafc_sofascore,2026-08-09T01:36:50.770462
52,53190,Helton Leite,329081,Antalyaspor,3056,0,0,7.2,0.0,0.02,0,0,0,0,1,1,0,3059,34,accurateLongBalls,TUR,2023-2024,datafc_sofascore,2026-08-09T01:36:50.770462
52,53190,Andreas Gianniotis,236746,Kasımpaşa,6063,0,0,6.95,0.0,0.04,0,0,2,1,3,3,0,2790,31,accurateLongBalls,TUR,2023-2024,datafc_sofascore,2026-08-09T01:36:50.770462
52,53190,Ertuğrul Taşkıran,105974,Alanyaspor,6362,0,0,7.01,0.0,0.08,0,0,2,0,0,3,0,3060,34,accurateLongBalls,TUR,2023-2024,datafc_sofascore,2026-08-09T01:36:50.770462
52,53190,Emirhan Topçu,895009,Çaykur Rizespor,3064,1,4,7.26,2.0,1.84,25,8,19,6,65,10,1,2702,31,accurateLongBalls,TUR,2023-2024,datafc_sofascore,2026-08-09T01:36:50.770462
52,53190,Jure Balkovec,171625,Alanyaspor,6362,3,0,6.94,0.57,3.07,21,7,26,7,33,7,0,2141,28,accurateLongBalls,TUR,2023-2024,datafc_sofascore,2026-08-09T01:36:50.770462
52,53190,Berat Özdemir,876857,Trabzonspor,3051,1,1,7.12,0.52,0.97,15,4,15,15,70,4,0,2304,31,accurateLongBalls,TUR,2023-2024,datafc_sofascore,2026-08-09T01:36:50.770462
52,53190,Dominik Livaković,190419,Fenerbahçe,3052,0,0,6.89,0.0,0.04,0,0,2,1,2,1,0,3059,34,accurateLongBalls,TUR,2023-2024,datafc_sofascore,2026-08-09T01:36:50.770462
52,53190,Gökhan Akkan,225012,Çaykur Rizespor,3064,0,1,7.17,0.0,0.04,0,0,2,1,1,2,0,2640,30,accurateLongBalls,TUR,2023-2024,datafc_sofascore,2026-08-09T01:36:50.770462
52,53190,Andreaw Gravillon,827934,Adana Demirspor,3101,2,0,6.85,0.97,0.36,27,3,10,19,39,4,0,2766,33,accurateLongBalls,TUR,2023-2024,datafc_sofascore,2026-08-09T01:36:50.770462
52,53190,Volkan Babacan,30143,Başakşehir FK,3086,0,0,6.98,0.0,0.03,0,0,1,0,0,1,0,2070,23,accurateLongBalls,TUR,2023-2024,datafc_sofascore,2026-08-09T01:36:50.770462
52,53190,Papy Djilobodji,106661,Gaziantep FK,5138,3,1,6.94,2.83,2.05,20,5,17,5,36,5,1,3007,34,accurateLongBalls,TUR,2023-2024,datafc_sofascore,2026-08-09T01:36:50.770462
52,53190,Guy-Marcelin Kilama,944222,Hatayspor,3091,2,1,6.9,1.1,0.38,9,2,11,14,44,4,0,3136,35,accurateLongBalls,TUR,2023-2024,datafc_sofascore,2026-08-09T01:36:50.770462
52,53190,Shakhrudin Magomedaliyev,813105,Adana Demirspor,3101,0,0,7.0,0.0,0.03,0,0,1,0,2,3,0,2136,25,accurateLongBalls,TUR,2023-2024,datafc_sofascore,2026-08-09T01:36:50.770462
52,53190,Kartal Kayra Yılmaz,966811,Kayserispor,3072,0,2,6.85,0.4,2.12,19,1,25,11,46,6,1,2409,29,accurateLongBalls,TUR,2023-2024,datafc_sofascore,2026-08-09T01:36:50.770462
52,53190,Lucas Torreira,754794,Galatasaray,3061,1,2,7.2,2.08,2.97,31,4,29,9,80,7,0,2993,35,accurateLongBalls,TUR,2023-2024,datafc_sofascore,2026-08-09T01:36:50.770462
52,53190,Veysel Sarı,98276,Antalyaspor,3056,1,0,6.93,2.25,0.42,29,6,6,4,72,11,0,3013,35,accurateLongBalls,TUR,2023-2024,datafc_sofascore,2026-08-09T01:36:50.770462
52,53190,Pedrinho,182385,MKE Ankaragücü,3103,3,2,7.01,1.17,2.48,30,6,37,12,55,4,0,2199,32,accurateLongBalls,TUR,2023-2024,datafc_sofascore,2026-08-09T01:36:50.770462
52,53190,Tolga Ciğerci,120298,MKE Ankaragücü,3103,5,3,7.15,3.47,1.48,38,11,22,13,45,4,0,2050,27,accurateLongBalls,TUR,2023-2024,datafc_sofascore,2026-08-09T01:36:50.770462
52,53190,Alexandru Maxim,180511,Gaziantep FK,5138,3,8,7.16,5.85,7.47,43,16,80,36,38,4,2,2674,34,accurateLongBalls,TUR,2023-2024,datafc_sofascore,2026-08-09T01:36:50.770462
52,53190,Ferdi Kadıoğlu,825844,Fenerbahçe,3052,1,4,7.44,2.5,6.69,33,14,51,57,75,3,0,3327,37,accurateLongBalls,TUR,2023-2024,datafc_sofascore,2026-08-09T01:36:50.770462
52,53190,Matías Dituro,556884,Fatih Karagümrük,4954,0,0,7.04,0.0,0.01,0,0,0,0,0,1,0,990,11,accurateLongBalls,TUR,2023-2024,datafc_sofascore,2026-08-09T01:36:50.770462
52,53190,Mehmet Yeşil,840639,İstanbulspor,3066,0,0,6.8,0.61,0.39,12,3,1,11,40,9,0,2807,34,accurateLongBalls,TUR,2023-2024,datafc_sofascore,2026-08-09T01:36:50.770462
52,53190,Salvatore Sirigu,18954,Fatih Karagümrük,4954,0,0,6.98,,0.02,0,0,1,0,1,0,0,1530,17,accurateLongBalls,TUR,2023-2024,datafc_sofascore,2026-08-09T01:36:50.770462
52,53190,Welinton,76529,Pendikspor,7032,2,1,6.88,1.23,0.77,21,6,10,4,53,4,3,2015,24,accurateLongBalls,TUR,2023-2024,datafc_sofascore,2026-08-09T01:36:50.770462
52,53190,Ali Karimi,803869,Kayserispor,3072,3,0,6.98,3.23,3.2,32,7,31,18,48,4,0,2040,27,accurateLongBalls,TUR,2023-2024,datafc_sofascore,2026-08-09T01:36:50.770462
52,53190,Haris Hajradinović,254979,Kasımpaşa,6063,5,14,7.39,6.16,9.69,69,21,104,26,63,3,0,3307,38,accurateLongBalls,TUR,2023-2024,datafc_sofascore,2026-08-09T01:36:50.770462
52,53190,Aaron Appindangoyé,785850,Sivasspor,3076,1,1,6.87,0.57,0.41,9,4,5,2,11,1,0,2598,30,accurateLongBalls,TUR,2023-2024,datafc_sofascore,2026-08-09T01:36:50.770462
52,53190,Guilherme Haubert Sityá,224112,Konyaspor,3085,5,7,7.35,1.62,6.83,18,6,88,30,87,1,0,3267,37,accurateLongBalls,TUR,2023-2024,datafc_sofascore,2026-08-09T01:36:50.770462
52,53190,Alexander Djiku,289977,Fenerbahçe,3052,3,1,7.01,2.27,0.38,12,3,7,4,39,5,1,2032,25,accurateLongBalls,TUR,2023-2024,datafc_sofascore,2026-08-09T01:36:50.770462
52,53190,Alp Arda,999485,İstanbulspor,3066,0,0,6.92,,0.06,0,0,0,2,0,3,0,1693,19,accurateLongBalls,TUR,2023-2024,datafc_sofascore,2026-08-09T01:36:50.770462
52,53190,Muhammed Şengezer,827418,Başakşehir FK,3086,0,0,7.11,0.0,0.05,0,0,0,0,0,0,0,1260,14,accurateLongBalls,TUR,2023-2024,datafc_sofascore,2026-08-09T01:36:50.770462
52,53190,Kaan Ayhan,138152,Galatasaray,3061,1,2,7.07,1.11,2.96,22,6,29,6,33,3,0,2111,35,accurateLongBalls,TUR,2023-2024,datafc_sofascore,2026-08-09T01:36:50.770462
52,53190,Rick Van Drongelen,803023,Samsunspor,3053,3,0,6.89,1.59,0.68,22,6,6,4,39,6,0,2395,30,accurateLongBalls,TUR,2023-2024,datafc_sofascore,2026-08-09T01:36:50.770462
52,53190,Kenneth Omeruo,158293,Kasımpaşa,6063,1,1,6.93,1.01,0.68,12,6,10,4,32,5,1,2081,24,accurateLongBalls,TUR,2023-2024,datafc_sofascore,2026-08-09T01:36:50.770462
52,53190,Valentin Eysseric,139798,Fatih Karagümrük,4954,5,7,7.46,4.48,7.64,54,18,74,27,42,7,1,2420,31,accurateLongBalls,TUR,2023-2024,datafc_sofascore,2026-08-09T01:36:50.770462
52,53190,Nuno Sequeira,170117,Pendikspor,7032,1,3,6.89,0.98,3.7,15,4,40,20,85,10,0,3066,35,accurateLongBalls,TUR,2023-2024,datafc_sofascore,2026-08-09T01:36:50.770462
52,53190,Fidan Aliti,385296,Alanyaspor,6362,0,2,6.87,2.24,0.49,14,3,8,4,38,7,0,3047,35,accurateLongBalls,TUR,2023-2024,datafc_sofascore,2026-08-09T01:36:50.770462
52,53190,Jakub Słowik,95437,Konyaspor,3085,0,0,6.99,,0.11,0,0,0,0,3,3,0,1260,14,accurateLongBalls,TUR,2023-2024,datafc_sofascore,2026-08-09T01:36:50.770462
52,53190,Chandrel Massanga,1083138,Hatayspor,3091,3,0,6.92,1.99,0.99,24,7,18,8,50,4,0,2294,30,accurateLongBalls,TUR,2023-2024,datafc_sofascore,2026-08-09T01:36:50.770462
52,53190,Stefano Denswil,97404,Trabzonspor,3051,1,0,7.02,0.67,0.48,13,2,5,2,16,1,0,2173,25,accurateLongBalls,TUR,2023-2024,datafc_sofascore,2026-08-09T01:36:50.770462
52,53190,Nihad Mujakić,858004,MKE Ankaragücü,3103,1,1,6.77,0.33,0.71,5,1,7,6,46,4,0,3202,36,accurateLongBalls,TUR,2023-2024,datafc_sofascore,2026-08-09T01:36:50.770462
52,53190,Léo Dubois,552680,Başakşehir FK,3086,1,4,6.9,0.68,3.23,12,4,29,24,29,3,0,2315,31,accurateLongBalls,TUR,2023-2024,datafc_sofascore,2026-08-09T01:36:50.770462
52,53190,Paul Bernardoni,361314,Konyaspor,3085,0,0,6.78,0.0,0.02,0,0,0,0,1,0,0,1530,17,accurateLongBalls,TUR,2023-2024,datafc_sofascore,2026-08-09T01:36:50.770462
52,53190,Görkem Sağlam,795001,Hatayspor,3091,2,4,6.9,1.21,2.08,18,5,18,11,23,4,0,1535,31,accurateLongBalls,TUR,2023-2024,datafc_sofascore,2026-08-09T01:36:50.770462
52,53190,Soner Dikmen,847782,Konyaspor,3085,1,0,6.76,3.18,1.09,38,9,6,13,53,7,0,3217,37,accurateLongBalls,TUR,2023-2024,datafc_sofascore,2026-08-09T01:36:50.770462
52,53190,Abdülkerim Bardakcı,178963,Galatasaray,3061,4,0,7.23,3.21,1.03,33,8,10,11,25,4,0,2218,27,accurateLongBalls,TUR,2023-2024,datafc_sofascore,2026-08-09T01:36:50.770462
52,53190,Furkan Bayır,1003161,Alanyaspor,6362,0,0,6.79,1.34,0.2,10,2,1,0,38,7,1,2042,31,accurateLongBalls,TUR,2023-2024,datafc_sofascore,2026-08-09T01:36:50.770462
52,53190,Jakub Kałuziński,1019026,Antalyaspor,3056,0,2,6.88,0.74,1.46,20,2,18,7,30,3,0,2344,31,accurateLongBalls,TUR,2023-2024,datafc_sofascore,2026-08-09T01:36:50.770462
52,53190,Samba Camara,837301,Sivasspor,3076,0,0,6.94,0.37,0.12,8,3,1,6,35,2,0,1880,26,accurateLongBalls,TUR,2023-2024,datafc_sofascore,2026-08-09T01:36:50.770462
52,53190,Taha Şahin,1394729,Çaykur Rizespor,3064,0,4,6.87,0.65,2.84,8,0,27,29,58,5,0,2854,34,accurateLongBalls,TUR,2023-2024,datafc_sofascore,2026-08-09T01:36:50.770462
52,53190,Uroš Radaković,151900,MKE Ankaragücü,3103,1,1,6.89,1.52,0.41,17,4,7,4,42,8,0,3070,35,accurateLongBalls,TUR,2023-2024,datafc_sofascore,2026-08-09T01:36:50.770462
52,53190,Alim Öztürk,151074,Samsunspor,3053,0,2,6.86,0.6,1.35,7,3,4,1,29,6,0,1927,25,accurateLongBalls,TUR,2023-2024,datafc_sofascore,2026-08-09T01:36:50.770462
52,53190,Kerem Demirbay,142619,Galatasaray,3061,6,3,7.2,3.03,3.76,52,17,42,19,66,2,0,2227,34,accurateLongBalls,TUR,2023-2024,datafc_sofascore,2026-08-09T01:36:50.770462
52,53190,Florian Loshaj,831407,İstanbulspor,3066,5,0,6.98,4.81,2.98,56,18,34,35,66,8,1,2705,32,accurateLongBalls,TUR,2023-2024,datafc_sofascore,2026-08-09T01:36:50.770462
52,53190,Yasin Özcan,1392102,Kasımpaşa,6063,2,1,6.78,1.06,0.69,19,4,13,11,68,4,0,2962,37,accurateLongBalls,TUR,2023-2024,datafc_sofascore,2026-08-09T01:36:50.770462
52,53190,Aytaç Kara,128196,Kasımpaşa,6063,13,5,7.41,9.16,3.01,101,36,40,19,73,4,0,3248,37,accurateLongBalls,TUR,2023-2024,datafc_sofascore,2026-08-09T01:36:50.770462
52,53190,Gökhan Gül,797820,Kasımpaşa,6063,2,0,6.97,1.82,1.39,54,17,20,6,53,3,0,2928,38,accurateLongBalls,TUR,2023-2024,datafc_sofascore,2026-08-09T01:36:50.770462
52,53190,Ahmet Oğuz,603902,Konyaspor,3085,1,1,6.96,0.32,1.29,10,2,20,15,65,7,0,2113,31,accurateLongBalls,TUR,2023-2024,datafc_sofascore,2026-08-09T01:36:50.770462
52,53190,David Jensen,47860,İstanbulspor,3066,0,0,6.91,0.0,0.04,0,0,1,0,1,0,0,1260,14,accurateLongBalls,TUR,2023-2024,datafc_sofascore,2026-08-09T01:36:50.770462
52,53190,Fred,243623,Fenerbahçe,3052,3,4,7.34,3.99,4.93,50,15,31,25,51,5,1,2051,25,accurateLongBalls,TUR,2023-2024,datafc_sofascore,2026-08-09T01:36:50.770462
52,53190,Deniz Türüç,252207,Başakşehir FK,3086,2,12,7.15,2.26,5.68,39,17,60,30,31,11,0,2678,34,accurateLongBalls,TUR,2023-2024,datafc_sofascore,2026-08-09T01:36:50.770462
52,53190,Léo Duarte,839982,Başakşehir FK,3086,0,1,7.12,0.96,0.79,11,4,16,18,43,1,0,2700,30,accurateLongBalls,TUR,2023-2024,datafc_sofascore,2026-08-09T01:36:50.770462
52,53190,Davide Biraschi,233252,Fatih Karagümrük,4954,0,1,6.8,0.62,0.85,5,0,5,9,47,6,1,2575,30,accurateLongBalls,TUR,2023-2024,datafc_sofascore,2026-08-09T01:36:50.770462
52,53190,Youssef Aït Bennasser,802850,Samsunspor,3053,1,0,6.8,1.08,0.74,19,2,9,7,57,4,0,1915,28,accurateLongBalls,TUR,2023-2024,datafc_sofascore,2026-08-09T01:36:50.770462
52,53190,Joseph Attamah,332963,Kayserispor,3072,1,0,6.75,0.73,0.56,8,2,4,2,22,3,0,2171,30,accurateLongBalls,TUR,2023-2024,datafc_sofascore,2026-08-09T01:36:50.770462
52,53190,Edin Višća,109779,Trabzonspor,3051,5,9,7.28,4.34,8.93,63,16,91,28,34,1,0,2762,36,accurateLongBalls,TUR,2023-2024,datafc_sofascore,2026-08-09T01:36:50.770462
52,53190,Steven​ N'Zonzi,51652,Konyaspor,3085,4,0,7.03,1.12,1.2,19,10,16,6,26,2,0,2334,33,accurateLongBalls,TUR,2023-2024,datafc_sofascore,2026-08-09T01:36:50.770462
52,53190,Florent Hadergjonaj,354860,Alanyaspor,6362,2,3,6.93,1.15,2.69,17,4,23,11,43,3,0,2318,31,accurateLongBalls,TUR,2023-2024,datafc_sofascore,2026-08-09T01:36:50.770462
52,53190,João Novais,233370,Alanyaspor,6362,5,2,6.9,5.14,4.58,46,17,33,25,22,7,0,2075,32,accurateLongBalls,TUR,2023-2024,datafc_sofascore,2026-08-09T01:36:50.770462
52,53190,Federico Ceccherini,139410,Fatih Karagümrük,4954,1,0,6.68,1.0,0.25,10,1,2,4,23,9,2,2064,27,accurateLongBalls,TUR,2023-2024,datafc_sofascore,2026-08-09T01:36:50.770462
52,53190,Jerome Opoku,920514,Başakşehir FK,3086,4,1,7.06,1.9,0.74,11,5,9,18,26,6,1,2481,28,accurateLongBalls,TUR,2023-2024,datafc_sofascore,2026-08-09T01:36:50.770462
52,53190,Lionel Carole,122922,Kayserispor,3072,0,1,6.78,0.08,1.23,4,1,12,8,23,2,0,2199,28,accurateLongBalls,TUR,2023-2024,datafc_sofascore,2026-08-09T01:36:50.770462
52,53190,Emre Akbaba,343527,Adana Demirspor,3101,7,2,7.19,7.41,3.26,64,20,43,32,65,5,0,2682,32,accurateLongBalls,TUR,2023-2024,datafc_sofascore,2026-08-09T01:36:50.770462
52,53190,Attila Mocsi,889382,Çaykur Rizespor,3064,2,0,6.88,2.0,0.29,14,3,3,5,22,2,1,1963,28,accurateLongBalls,TUR,2023-2024,datafc_sofascore,2026-08-09T01:36:50.770462
52,53190,Victor Nelsson,846148,Galatasaray,3061,2,0,7.12,1.56,0.89,19,6,5,1,22,3,0,2570,32,accurateLongBalls,TUR,2023-2024,datafc_sofascore,2026-08-09T01:36:50.770462
52,53190,Amir Hadžiahmetović,795421,Beşiktaş JK,3050,0,4,7.06,0.3,2.46,3,1,22,8,19,2,1,1341,18,accurateLongBalls,TUR,2023-2024,datafc_sofascore,2026-08-09T01:36:50.770462
52,53190,Levent Mercan,1085938,Fatih Karagümrük,4954,1,5,6.9,0.7,2.51,14,1,33,37,82,8,0,3113,36,accurateLongBalls,TUR,2023-2024,datafc_sofascore,2026-08-09T01:36:50.770462
52,53190,Ömer Toprak,39015,Antalyaspor,3056,0,2,6.92,0.57,0.41,6,2,6,4,27,1,0,1815,22,accurateLongBalls,TUR,2023-2024,datafc_sofascore,2026-08-09T01:36:50.770462
52,53190,Ľubomír Šatka,187231,Samsunspor,3053,1,1,6.79,0.57,0.45,3,1,6,7,24,2,0,2208,26,accurateLongBalls,TUR,2023-2024,datafc_sofascore,2026-08-09T01:36:50.770462
52,53190,Zeki Yavru,140735,Samsunspor,3053,1,2,7.02,0.32,2.91,12,4,28,8,47,4,0,2026,28,accurateLongBalls,TUR,2023-2024,datafc_sofascore,2026-08-09T01:36:50.770462
52,53190,Sofiane Feghouli,37240,Fatih Karagümrük,4954,2,1,6.82,1.13,1.17,10,3,20,13,23,4,1,1471,25,accurateLongBalls,TUR,2023-2024,datafc_sofascore,2026-08-09T01:36:50.770462
52,53190,Davinson Sánchez,566102,Galatasaray,3061,2,0,7.05,3.71,0.58,17,4,4,7,39,4,0,1602,23,accurateLongBalls,TUR,2023-2024,datafc_sofascore,2026-08-09T01:36:50.770462
52,53190,Necip Uysal,43394,Beşiktaş JK,3050,0,1,6.96,0.74,0.53,11,3,6,7,46,5,0,2359,30,accurateLongBalls,TUR,2023-2024,datafc_sofascore,2026-08-09T01:36:50.770462
52,53190,Arthur Masuaku,174975,Beşiktaş JK,3050,0,0,6.82,0.17,1.15,7,3,14,34,29,5,0,1451,18,accurateLongBalls,TUR,2023-2024,datafc_sofascore,2026-08-09T01:36:50.770462
52,53190,Muammer Sarıkaya,816571,Çaykur Rizespor,3064,1,1,6.81,3.87,2.27,37,8,18,16,76,9,0,2275,35,accurateLongBalls,TUR,2023-2024,datafc_sofascore,2026-08-09T01:36:50.770462
52,53190,İbrahim Akdağ,847053,Sivasspor,3076,0,1,6.69,0.4,0.57,13,1,15,14,31,5,1,1673,25,accurateLongBalls,TUR,2023-2024,datafc_sofascore,2026-08-09T01:36:50.770462
52,53190,Uğurcan Yazğılı,904303,Konyaspor,3085,2,0,6.95,1.03,0.62,13,2,14,6,68,5,0,2718,35,accurateLongBalls,TUR,2023-2024,datafc_sofascore,2026-08-09T01:36:50.770462
52,53190,Alpaslan Öztürk,148857,Pendikspor,7032,2,0,6.92,2.18,0.64,12,5,3,3,24,7,0,1866,22,accurateLongBalls,TUR,2023-2024,datafc_sofascore,2026-08-09T01:36:50.770462
52,53190,Hwang Ui-Jo,791314,Alanyaspor,6362,1,0,6.91,1.65,0.59,9,6,6,3,3,0,0,257,8,accurateLongBallsPercentage,TUR,2023-2024,datafc_sofascore,2026-08-09T01:36:50.770462
52,53190,Umut Bozok,869839,Trabzonspor,3051,1,0,6.8,0.99,0.22,10,1,4,4,3,1,0,432,13,accurateLongBallsPercentage,TUR,2023-2024,datafc_sofascore,2026-08-09T01:36:50.770462
52,53190,Gökhan Töre,88125,Konyaspor,3085,0,0,6.8,0.06,0.17,1,0,3,1,3,0,0,45,3,accurateLongBallsPercentage,TUR,2023-2024,datafc_sofascore,2026-08-09T01:36:50.770462
52,53190,Vincent Aboubakar,116869,Beşiktaş JK,3050,5,1,6.78,3.75,1.11,27,11,7,11,1,2,0,1081,22,accurateLongBallsPercentage,TUR,2023-2024,datafc_sofascore,2026-08-09T01:36:50.770462
52,53190,İzzet Çelik,826836,Adana Demirspor,3101,0,0,6.73,0.0,0.04,0,0,3,0,4,0,0,53,5,accurateLongBallsPercentage,TUR,2023-2024,datafc_sofascore,2026-08-09T01:36:50.770462
52,53190,Hasan Kılıç,893368,Pendikspor,7032,0,0,6.7,0.06,0.0,1,0,0,0,0,0,0,29,1,accurateLongBallsPercentage,TUR,2023-2024,datafc_sofascore,2026-08-09T01:36:50.770462
52,53190,Berkay Aydoğmuş,1430763,Başakşehir FK,3086,0,0,6.7,0.02,0.02,1,0,1,3,5,0,0,64,4,accurateLongBallsPercentage,TUR,2023-2024,datafc_sofascore,2026-08-09T01:36:50.770462
52,53190,Mustafa Hekimoğlu,1524303,Beşiktaş JK,3050,0,0,6.66,0.03,0.09,1,0,2,0,5,0,0,146,6,accurateLongBallsPercentage,TUR,2023-2024,datafc_sofascore,2026-08-09T01:36:50.770462
52,53190,Brayan Riascos,537040,Gaziantep FK,5138,1,0,6.62,1.46,0.21,12,4,4,7,12,2,0,469,17,accurateLongBallsPercentage,TUR,2023-2024,datafc_sofascore,2026-08-09T01:36:50.770462
52,53190,Emrehan Gedikli,997130,İstanbulspor,3066,1,0,6.61,1.41,0.23,11,4,5,2,8,0,0,450,12,accurateLongBallsPercentage,TUR,2023-2024,datafc_sofascore,2026-08-09T01:36:50.770462
52,53190,Yunus Akgün,857738,Galatasaray,3061,0,0,6.6,0.37,0.02,1,1,0,1,1,0,0,26,1,accurateLongBallsPercentage,TUR,2023-2024,datafc_sofascore,2026-08-09T01:36:50.770462
52,53190,Jean Onana,978301,Beşiktaş JK,3050,0,0,6.6,0.0,0.01,0,0,0,0,2,0,0,32,4,accurateLongBallsPercentage,TUR,2023-2024,datafc_sofascore,2026-08-09T01:36:50.770462
52,53190,Gerrit Holtmann,253517,Antalyaspor,3056,0,1,6.59,0.1,0.44,4,1,1,5,4,1,0,196,7,accurateLongBallsPercentage,TUR,2023-2024,datafc_sofascore,2026-08-09T01:36:50.770462
52,53190,Talha Sariarslan,1088715,Kayserispor,3072,0,1,6.58,0.0,0.04,0,0,2,0,0,0,0,131,13,accurateLongBallsPercentage,TUR,2023-2024,datafc_sofascore,2026-08-09T01:36:50.770462
52,53190,Giannelli Imbula,96702,İstanbulspor,3066,0,0,6.58,0.0,0.05,0,0,0,2,2,0,0,59,4,accurateLongBallsPercentage,TUR,2023-2024,datafc_sofascore,2026-08-09T01:36:50.770462
52,53190,Bertuğ Yıldırım,1382235,Hatayspor,3091,1,0,6.57,1.71,0.12,8,4,3,2,2,1,0,260,3,accurateLongBallsPercentage,TUR,2023-2024,datafc_sofascore,2026-08-09T01:36:50.770462
52,53190,Yakup Arda Kılıç,1639816,Beşiktaş JK,3050,0,0,6.55,,0.01,0,0,1,1,0,1,0,91,2,accurateLongBallsPercentage,TUR,2023-2024,datafc_sofascore,2026-08-09T01:36:50.770462
52,53190,Valmir Veliu,1014717,Gaziantep FK,5138,0,0,6.55,0.0,0.03,0,0,0,2,1,0,0,35,3,accurateLongBallsPercentage,TUR,2023-2024,datafc_sofascore,2026-08-09T01:36:50.770462
52,53190,Motez Nourani,1640310,Adana Demirspor,3101,0,0,6.55,0.0,0.04,0,0,1,3,3,0,0,166,4,accurateLongBallsPercentage,TUR,2023-2024,datafc_sofascore,2026-08-09T01:36:50.770462
52,53190,Görkem Bitin,952897,Pendikspor,7032,0,0,6.53,2.84,0.19,13,5,4,0,1,1,0,341,10,accurateLongBallsPercentage,TUR,2023-2024,datafc_sofascore,2026-08-09T01:36:50.770462
52,53190,Arda Ünyay,1464636,MKE Ankaragücü,3103,0,0,6.5,,0.0,0,0,0,0,0,0,0,11,1,accurateLongBallsPercentage,TUR,2023-2024,datafc_sofascore,2026-08-09T01:36:50.770462
52,53190,Breyton Fougeu,1545020,Adana Demirspor,3101,0,0,6.5,,0.03,0,0,0,0,0,0,0,10,1,accurateLongBallsPercentage,TUR,2023-2024,datafc_sofascore,2026-08-09T01:36:50.770462
52,53190,Yiğit Emre Çeltik,1035954,Kayserispor,3072,0,0,6.4,,0.0,0,0,0,0,0,0,0,8,1,accurateLongBallsPercentage,TUR,2023-2024,datafc_sofascore,2026-08-09T01:36:50.770462
52,53190,Aias Aosman,157871,Pendikspor,7032,0,0,6.4,0.0,0.02,0,0,0,0,3,0,0,72,1,accurateLongBallsPercentage,TUR,2023-2024,datafc_sofascore,2026-08-09T01:36:50.770462
52,53190,Ahmet Kağan Malatyalı,1096284,Kayserispor,3072,0,0,6.4,0.0,0.0,0,0,0,1,1,0,0,15,1,accurateLongBallsPercentage,TUR,2023-2024,datafc_sofascore,2026-08-09T01:36:50.770462
52,53190,Musa Çağıran,60363,Hatayspor,3091,0,0,6.4,0.0,0.0,0,0,0,0,0,0,0,10,2,accurateLongBallsPercentage,TUR,2023-2024,datafc_sofascore,2026-08-09T01:36:50.770462
52,53190,Luka Stankovski,1063157,Gaziantep FK,5138,0,0,6.35,0.0,0.05,0,0,0,0,4,1,0,53,2,accurateLongBallsPercentage,TUR,2023-2024,datafc_sofascore,2026-08-09T01:36:50.770462
52,53190,Janne-Pekka Laine,961935,Çaykur Rizespor,3064,0,0,6.33,0.02,0.0,1,0,0,0,0,0,0,49,3,accurateLongBallsPercentage,TUR,2023-2024,datafc_sofascore,2026-08-09T01:36:50.770462
52,53190,Furkan Akyüz,1481736,Fenerbahçe,3052,0,0,0.0,,0.0,0,0,0,0,0,0,0,1,1,accurateLongBallsPercentage,TUR,2023-2024,datafc_sofascore,2026-08-09T01:36:50.770462
52,53190,Emmanuel Dennis,844424,Başakşehir FK,3086,0,0,6.63,0.55,1.0,7,1,2,12,8,2,0,337,8,accurateLongBallsPercentage,TUR,2023-2024,datafc_sofascore,2026-08-09T01:36:50.770462
52,53190,Samuel Bastien,352964,Kasımpaşa,6063,0,0,6.62,0.11,0.14,1,0,3,1,5,0,0,216,7,accurateLongBallsPercentage,TUR,2023-2024,datafc_sofascore,2026-08-09T01:36:50.770462
52,53190,Pione Sisto,287943,Alanyaspor,6362,1,0,6.76,1.42,0.65,19,7,7,20,10,1,0,686,20,accurateLongBallsPercentage,TUR,2023-2024,datafc_sofascore,2026-08-09T01:36:50.770462
52,53190,Yunus Konak,1518589,Sivasspor,3076,0,1,6.83,0.21,0.21,4,2,6,10,38,2,0,1245,16,accurateLongBallsPercentage,TUR,2023-2024,datafc_sofascore,2026-08-09T01:36:50.770462
52,53190,Şener Özbayraklı,129992,Başakşehir FK,3086,0,0,6.75,0.0,0.01,0,0,1,2,4,0,0,127,2,accurateLongBallsPercentage,TUR,2023-2024,datafc_sofascore,2026-08-09T01:36:50.770462
52,53190,Kerem Kesgin,857745,Sivasspor,3076,0,0,6.6,0.09,0.56,4,1,7,2,3,2,0,226,9,accurateLongBallsPercentage,TUR,2023-2024,datafc_sofascore,2026-08-09T01:36:50.770462
52,53190,Alex Oxlade-Chamberlain,10577,Beşiktaş JK,3050,4,1,6.97,3.21,1.02,26,11,17,24,9,0,0,994,20,accurateLongBallsPercentage,TUR,2023-2024,datafc_sofascore,2026-08-09T01:36:50.770462
52,53190,Naoufel Khacef,945279,Gaziantep FK,5138,0,0,6.43,0.09,0.14,2,0,1,2,2,1,0,270,3,accurateLongBallsPercentage,TUR,2023-2024,datafc_sofascore,2026-08-09T01:36:50.770462
52,53190,Janio Bikel,581606,Gaziantep FK,5138,0,0,6.64,0.04,0.12,1,1,5,7,12,3,0,497,16,accurateLongBallsPercentage,TUR,2023-2024,datafc_sofascore,2026-08-09T01:36:50.770462
52,53190,Maestro,1002146,Adana Demirspor,3101,0,1,7.03,0.06,0.68,2,0,12,22,40,3,0,1123,13,accurateLongBallsPercentage,TUR,2023-2024,datafc_sofascore,2026-08-09T01:36:50.770462
52,53190,Tasos Chatzigiovanis,850770,MKE Ankaragücü,3103,2,1,6.87,3.04,1.23,38,19,15,55,9,1,0,1375,33,accurateLongBallsPercentage,TUR,2023-2024,datafc_sofascore,2026-08-09T01:36:50.770462
52,53190,Ahmed Hassan,1143587,Alanyaspor,6362,6,2,6.93,6.56,0.17,30,10,6,3,7,1,0,993,16,accurateLongBallsPercentage,TUR,2023-2024,datafc_sofascore,2026-08-09T01:36:50.770462
52,53190,Garry Rodrigues,787429,MKE Ankaragücü,3103,2,4,6.93,1.5,1.96,20,8,17,10,8,3,0,815,19,accurateLongBallsPercentage,TUR,2023-2024,datafc_sofascore,2026-08-09T01:36:50.770462
52,53190,Robert Murić,283853,Konyaspor,3085,2,0,6.78,0.7,0.57,9,4,11,7,4,0,0,685,16,accurateLongBallsPercentage,TUR,2023-2024,datafc_sofascore,2026-08-09T01:36:50.770462
52,53190,Nabil Alioui,873049,Adana Demirspor,3101,0,0,6.6,0.32,0.55,3,1,4,2,3,0,0,187,6,accurateLongBallsPercentage,TUR,2023-2024,datafc_sofascore,2026-08-09T01:36:50.770462
52,53190,Nélson Oliveira,42898,Konyaspor,3085,0,1,6.54,0.93,0.77,9,3,3,5,2,2,0,473,15,accurateLongBallsPercentage,TUR,2023-2024,datafc_sofascore,2026-08-09T01:36:50.770462
52,53190,Duckens Nazon,796023,Kayserispor,3072,2,1,6.44,2.1,0.21,24,9,3,15,4,2,1,845,13,accurateLongBallsPercentage,TUR,2023-2024,datafc_sofascore,2026-08-09T01:36:50.770462
52,53190,Didier Lamkel Zé,845272,Hatayspor,3091,3,2,7.05,2.98,2.28,22,7,14,26,10,3,0,947,15,accurateLongBallsPercentage,TUR,2023-2024,datafc_sofascore,2026-08-09T01:36:50.770462
52,53190,Taxiarchis Fountas,204562,Trabzonspor,3051,2,1,6.8,2.0,1.32,21,8,11,10,32,1,0,1175,29,accurateLongBallsPercentage,TUR,2023-2024,datafc_sofascore,2026-08-09T01:36:50.770462
52,53190,Umut Güneş,876782,Trabzonspor,3051,0,0,6.64,0.73,0.28,11,4,3,5,31,0,0,980,22,accurateLongBallsPercentage,TUR,2023-2024,datafc_sofascore,2026-08-09T01:36:50.770462
52,53190,Flavien Tait,312388,Samsunspor,3053,0,2,6.86,0.63,1.16,13,4,30,14,25,3,0,1706,28,accurateLongBallsPercentage,TUR,2023-2024,datafc_sofascore,2026-08-09T01:36:50.770462
52,53190,Andrej Đokanović,985366,MKE Ankaragücü,3103,0,0,6.73,0.28,0.17,6,0,6,6,12,1,0,633,12,accurateLongBallsPercentage,TUR,2023-2024,datafc_sofascore,2026-08-09T01:36:50.770462
52,53190,Nani,17740,Adana Demirspor,3101,4,2,6.83,2.22,1.37,29,15,17,13,13,5,0,975,28,accurateLongBallsPercentage,TUR,2023-2024,datafc_sofascore,2026-08-09T01:36:50.770462
52,53190,Miha Zajc,139256,Fenerbahçe,3052,0,0,6.75,1.46,0.51,12,2,9,1,11,1,0,534,11,accurateLongBallsPercentage,TUR,2023-2024,datafc_sofascore,2026-08-09T01:36:50.770462
52,53190,Moatasem Al-Musrati,868958,Beşiktaş JK,3050,0,0,6.8,0.12,0.33,4,1,6,3,15,0,1,546,9,accurateLongBallsPercentage,TUR,2023-2024,datafc_sofascore,2026-08-09T01:36:50.770462
52,53190,Rey Manaj,587882,Sivasspor,3076,18,3,7.31,14.34,1.48,104,40,17,20,13,10,0,2423,32,accurateLongBallsPercentage,TUR,2023-2024,datafc_sofascore,2026-08-09T01:36:50.770462
52,53190,Ali Sowe,238394,MKE Ankaragücü,3103,6,3,6.84,5.43,1.21,48,21,17,20,10,3,1,2136,27,accurateLongBallsPercentage,TUR,2023-2024,datafc_sofascore,2026-08-09T01:36:50.770462
52,53190,Adnan Uğur,987539,Fatih Karagümrük,4954,0,0,6.51,0.06,0.13,3,2,4,4,7,1,0,557,13,accurateLongBallsPercentage,TUR,2023-2024,datafc_sofascore,2026-08-09T01:36:50.770462
52,53190,Édouard Michut,1048011,Adana Demirspor,3101,0,1,6.9,0.78,1.7,17,6,20,22,36,6,0,1734,24,accurateLongBallsPercentage,TUR,2023-2024,datafc_sofascore,2026-08-09T01:36:50.770462
52,53190,Eduard Rroca,938181,İstanbulspor,3066,1,1,6.8,0.56,0.75,11,3,15,8,15,4,0,813,15,accurateLongBallsPercentage,TUR,2023-2024,datafc_sofascore,2026-08-09T01:36:50.770462
52,53190,Kader Keïta,991653,Sivasspor,3076,0,0,6.65,0.01,0.02,1,0,0,0,2,0,0,68,6,accurateLongBallsPercentage,TUR,2023-2024,datafc_sofascore,2026-08-09T01:36:50.770462
52,53190,Adam Buksa,1138856,Antalyaspor,3056,16,2,7.19,12.27,0.84,93,39,21,27,17,8,0,2925,33,accurateLongBallsPercentage,TUR,2023-2024,datafc_sofascore,2026-08-09T01:36:50.770462
52,53190,Lucas Torreira,754794,Galatasaray,3061,1,2,7.2,2.08,2.97,31,4,29,9,80,7,0,2993,35,accurateLongBallsPercentage,TUR,2023-2024,datafc_sofascore,2026-08-09T01:36:50.770462
52,53190,Yusuf Sarı,896364,Adana Demirspor,3101,3,7,7.3,2.92,5.46,59,24,48,45,22,1,0,1790,24,accurateLongBallsPercentage,TUR,2023-2024,datafc_sofascore,2026-08-09T01:36:50.770462
52,53190,Serdar Dursun,123917,Fenerbahçe,3052,6,2,6.87,7.17,0.82,39,17,12,3,4,0,0,1052,31,accurateLongBallsPercentage,TUR,2023-2024,datafc_sofascore,2026-08-09T01:36:50.770462
52,53190,Kevin Lasagna,587962,Fatih Karagümrük,4954,2,2,6.71,4.37,0.66,35,11,9,10,7,3,0,1199,28,accurateLongBallsPercentage,TUR,2023-2024,datafc_sofascore,2026-08-09T01:36:50.770462
52,53190,Amir Hadžiahmetović,795421,Beşiktaş JK,3050,0,4,7.06,0.3,2.46,3,1,22,8,19,2,1,1341,18,accurateLongBallsPercentage,TUR,2023-2024,datafc_sofascore,2026-08-09T01:36:50.770462
52,53190,Nicolas Janvier,802150,Alanyaspor,6362,4,2,7.04,2.42,3.0,35,9,33,24,30,3,0,1655,34,accurateLongBallsPercentage,TUR,2023-2024,datafc_sofascore,2026-08-09T01:36:50.770462
52,53190,Bartuğ Elmaz,997165,Sivasspor,3076,0,1,6.72,0.18,0.77,6,2,8,2,12,3,0,765,17,accurateLongBallsPercentage,TUR,2023-2024,datafc_sofascore,2026-08-09T01:36:50.770462
52,53190,Gedson Fernandes,862055,Beşiktaş JK,3050,3,3,7.19,2.94,1.74,36,9,29,46,99,8,0,2457,29,accurateLongBallsPercentage,TUR,2023-2024,datafc_sofascore,2026-08-09T01:36:50.770462
52,53190,Paul Onuachu,295123,Trabzonspor,3051,14,4,7.52,8.11,0.47,57,23,13,11,6,3,0,1438,20,accurateLongBallsPercentage,TUR,2023-2024,datafc_sofascore,2026-08-09T01:36:50.770462
52,53190,M'Baye Niang,139228,Adana Demirspor,3101,8,1,7.08,5.93,0.47,30,15,9,6,3,2,0,993,16,accurateLongBallsPercentage,TUR,2023-2024,datafc_sofascore,2026-08-09T01:36:50.770462
52,53190,Rogerio Thuram,329255,Pendikspor,7032,3,0,7.02,3.22,1.1,25,9,12,19,20,1,0,869,18,accurateLongBallsPercentage,TUR,2023-2024,datafc_sofascore,2026-08-09T01:36:50.770462
52,53190,Nicolas Pépé,593526,Trabzonspor,3051,5,2,6.99,2.97,1.67,24,11,17,20,8,0,0,1127,19,accurateLongBallsPercentage,TUR,2023-2024,datafc_sofascore,2026-08-09T01:36:50.770462
52,53190,Emrah Başsan,174141,Sivasspor,3076,0,3,6.9,1.86,2.09,29,11,25,25,18,2,0,1445,24,accurateLongBallsPercentage,TUR,2023-2024,datafc_sofascore,2026-08-09T01:36:50.770462
52,53190,João Figueiredo,841012,Başakşehir FK,3086,8,2,6.88,5.93,3.46,47,20,32,19,24,4,2,2036,34,accurateLongBallsPercentage,TUR,2023-2024,datafc_sofascore,2026-08-09T01:36:50.770462
52,53190,Adolfo Gaich,940692,Çaykur Rizespor,3064,8,1,6.86,6.09,0.36,44,22,11,19,10,2,0,1624,32,accurateLongBallsPercentage,TUR,2023-2024,datafc_sofascore,2026-08-09T01:36:50.770462
52,53190,Ege Bilsel,1011244,Antalyaspor,3056,0,0,6.85,0.05,0.0,1,1,1,4,3,1,0,59,3,accurateLongBallsPercentage,TUR,2023-2024,datafc_sofascore,2026-08-09T01:36:50.770462
52,53190,Emre Mor,826258,Fatih Karagümrük,4954,1,0,6.84,2.52,1.69,21,8,16,30,13,4,0,752,15,accurateLongBallsPercentage,TUR,2023-2024,datafc_sofascore,2026-08-09T01:36:50.770462
52,53190,John Mary,795913,Çaykur Rizespor,3064,1,0,6.8,0.39,0.02,2,1,1,0,2,0,0,135,2,accurateLongBallsPercentage,TUR,2023-2024,datafc_sofascore,2026-08-09T01:36:50.770462
52,53190,Riccardo Saponara,126236,MKE Ankaragücü,3103,0,0,6.8,0.21,0.16,6,3,5,6,3,1,0,271,8,accurateLongBallsPercentage,TUR,2023-2024,datafc_sofascore,2026-08-09T01:36:50.770462
52,53190,Queensy Menig,232318,Sivasspor,3076,2,1,6.78,1.2,0.66,8,3,10,8,3,0,0,544,11,accurateLongBallsPercentage,TUR,2023-2024,datafc_sofascore,2026-08-09T01:36:50.770462
52,53190,Erencan Yardımcı,989168,Pendikspor,7032,6,2,6.7,8.09,0.94,36,17,8,16,11,0,0,1409,28,accurateLongBallsPercentage,TUR,2023-2024,datafc_sofascore,2026-08-09T01:36:50.770462
52,53190,Bryan Acosta,797162,Gaziantep FK,5138,0,0,6.7,0.0,0.01,0,0,0,0,0,0,0,41,1,accurateLongBallsPercentage,TUR,2023-2024,datafc_sofascore,2026-08-09T01:36:50.770462
52,53190,Rochinha,352874,Kasımpaşa,6063,0,0,6.67,0.27,0.33,3,1,3,7,5,1,0,191,7,accurateLongBallsPercentage,TUR,2023-2024,datafc_sofascore,2026-08-09T01:36:50.770462
52,53190,Arbër Zeneli,227892,Adana Demirspor,3101,0,1,6.65,0.32,0.85,5,1,5,5,2,0,0,354,12,accurateLongBallsPercentage,TUR,2023-2024,datafc_sofascore,2026-08-09T01:36:50.770462
52,53190,Clinton N'Jie,291665,Sivasspor,3076,2,2,6.64,2.04,1.56,23,13,19,25,13,2,1,1289,28,accurateLongBallsPercentage,TUR,2023-2024,datafc_sofascore,2026-08-09T01:36:50.770462
52,53190,Kerem Şen,1085376,Trabzonspor,3051,0,0,6.63,0.0,0.03,0,0,0,0,5,0,0,103,7,accurateLongBallsPercentage,TUR,2023-2024,datafc_sofascore,2026-08-09T01:36:50.770462
52,53190,Fredy,845281,Antalyaspor,3056,0,0,6.6,0.08,0.02,1,0,0,2,3,0,0,141,3,accurateLongBallsPercentage,TUR,2023-2024,datafc_sofascore,2026-08-09T01:36:50.770462
52,53190,Mislav Oršić,88645,Trabzonspor,3051,0,0,6.5,0.04,0.02,2,0,0,0,2,0,0,57,6,accurateLongBallsPercentage,TUR,2023-2024,datafc_sofascore,2026-08-09T01:36:50.770462
52,53190,Berat Özdemir,876857,Trabzonspor,3051,1,1,7.12,0.52,0.97,15,4,15,15,70,4,0,2304,31,accurateLongBallsPercentage,TUR,2023-2024,datafc_sofascore,2026-08-09T01:36:50.770462
52,53190,Alexandru Maxim,180511,Gaziantep FK,5138,3,8,7.16,5.85,7.47,43,16,80,36,38,4,2,2674,34,accurateLongBallsPercentage,TUR,2023-2024,datafc_sofascore,2026-08-09T01:36:50.770462
52,53190,Dario Šarić,848385,Antalyaspor,3056,3,0,6.85,2.65,0.77,47,11,21,33,44,2,0,2563,32,accurateLongBallsPercentage,TUR,2023-2024,datafc_sofascore,2026-08-09T01:36:50.770462
52,53190,Valentin Eysseric,139798,Fatih Karagümrük,4954,5,7,7.46,4.48,7.64,54,18,74,27,42,7,1,2420,31,accurateLongBallsPercentage,TUR,2023-2024,datafc_sofascore,2026-08-09T01:36:50.770462
52,53190,Yaw Ackah,984096,Kayserispor,3072,0,0,6.69,0.1,0.17,3,0,2,10,23,2,0,850,19,accurateLongBallsPercentage,TUR,2023-2024,datafc_sofascore,2026-08-09T01:36:50.770462
52,53190,Marlos Moreno,818942,Konyaspor,3085,2,1,6.84,1.47,2.36,33,7,18,50,45,4,0,1914,29,accurateLongBallsPercentage,TUR,2023-2024,datafc_sofascore,2026-08-09T01:36:50.770462
52,53190,Ali Karimi,803869,Kayserispor,3072,3,0,6.98,3.23,3.2,32,7,31,18,48,4,0,2040,27,accurateLongBallsPercentage,TUR,2023-2024,datafc_sofascore,2026-08-09T01:36:50.770462
52,53190,Samu Sáiz,99527,Sivasspor,3076,4,3,7.25,2.05,2.29,29,15,33,26,8,3,0,1357,17,accurateLongBallsPercentage,TUR,2023-2024,datafc_sofascore,2026-08-09T01:36:50.770462
52,53190,Ryan Mendes,52797,Fatih Karagümrük,4954,4,4,6.96,2.1,3.44,33,15,26,29,32,5,2,1508,23,accurateLongBallsPercentage,TUR,2023-2024,datafc_sofascore,2026-08-09T01:36:50.770462
52,53190,Jakub Kałuziński,1019026,Antalyaspor,3056,0,2,6.88,0.74,1.46,20,2,18,7,30,3,0,2344,31,accurateLongBallsPercentage,TUR,2023-2024,datafc_sofascore,2026-08-09T01:36:50.770462
52,53190,Rachid Ghezzal,123228,Beşiktaş JK,3050,1,3,6.92,3.28,3.99,32,10,37,18,21,6,0,1173,27,accurateLongBallsPercentage,TUR,2023-2024,datafc_sofascore,2026-08-09T01:36:50.770462
52,53190,Hwang Ui-Jo,791314,Alanyaspor,6362,1,0,6.91,1.65,0.59,9,6,6,3,3,0,0,257,8,accurateLongBallsPercentage,TUR,2023-2024,datafc_sofascore,2026-08-09T01:36:50.770462
52,53190,Umut Bozok,869839,Trabzonspor,3051,1,0,6.8,0.99,0.22,10,1,4,4,3,1,0,432,13,accurateLongBallsPercentage,TUR,2023-2024,datafc_sofascore,2026-08-09T01:36:50.770462
52,53190,Gökhan Töre,88125,Konyaspor,3085,0,0,6.8,0.06,0.17,1,0,3,1,3,0,0,45,3,accurateLongBallsPercentage,TUR,2023-2024,datafc_sofascore,2026-08-09T01:36:50.770462
52,53190,Vincent Aboubakar,116869,Beşiktaş JK,3050,5,1,6.78,3.75,1.11,27,11,7,11,1,2,0,1081,22,accurateLongBallsPercentage,TUR,2023-2024,datafc_sofascore,2026-08-09T01:36:50.770462
52,53190,İzzet Çelik,826836,Adana Demirspor,3101,0,0,6.73,0.0,0.04,0,0,3,0,4,0,0,53,5,accurateLongBallsPercentage,TUR,2023-2024,datafc_sofascore,2026-08-09T01:36:50.770462
52,53190,Hasan Kılıç,893368,Pendikspor,7032,0,0,6.7,0.06,0.0,1,0,0,0,0,0,0,29,1,accurateLongBallsPercentage,TUR,2023-2024,datafc_sofascore,2026-08-09T01:36:50.770462
52,53190,Berkay Aydoğmuş,1430763,Başakşehir FK,3086,0,0,6.7,0.02,0.02,1,0,1,3,5,0,0,64,4,accurateLongBallsPercentage,TUR,2023-2024,datafc_sofascore,2026-08-09T01:36:50.770462
52,53190,Mustafa Hekimoğlu,1524303,Beşiktaş JK,3050,0,0,6.66,0.03,0.09,1,0,2,0,5,0,0,146,6,accurateLongBallsPercentage,TUR,2023-2024,datafc_sofascore,2026-08-09T01:36:50.770462
52,53190,Brayan Riascos,537040,Gaziantep FK,5138,1,0,6.62,1.46,0.21,12,4,4,7,12,2,0,469,17,accurateLongBallsPercentage,TUR,2023-2024,datafc_sofascore,2026-08-09T01:36:50.770462
52,53190,Emrehan Gedikli,997130,İstanbulspor,3066,1,0,6.61,1.41,0.23,11,4,5,2,8,0,0,450,12,accurateLongBallsPercentage,TUR,2023-2024,datafc_sofascore,2026-08-09T01:36:50.770462
52,53190,Yunus Akgün,857738,Galatasaray,3061,0,0,6.6,0.37,0.02,1,1,0,1,1,0,0,26,1,accurateLongBallsPercentage,TUR,2023-2024,datafc_sofascore,2026-08-09T01:36:50.770462
52,53190,Jean Onana,978301,Beşiktaş JK,3050,0,0,6.6,0.0,0.01,0,0,0,0,2,0,0,32,4,accurateLongBallsPercentage,TUR,2023-2024,datafc_sofascore,2026-08-09T01:36:50.770462
52,53190,Gerrit Holtmann,253517,Antalyaspor,3056,0,1,6.59,0.1,0.44,4,1,1,5,4,1,0,196,7,accurateLongBallsPercentage,TUR,2023-2024,datafc_sofascore,2026-08-09T01:36:50.770462
52,53190,Talha Sariarslan,1088715,Kayserispor,3072,0,1,6.58,0.0,0.04,0,0,2,0,0,0,0,131,13,accurateLongBallsPercentage,TUR,2023-2024,datafc_sofascore,2026-08-09T01:36:50.770462
52,53190,Giannelli Imbula,96702,İstanbulspor,3066,0,0,6.58,0.0,0.05,0,0,0,2,2,0,0,59,4,accurateLongBallsPercentage,TUR,2023-2024,datafc_sofascore,2026-08-09T01:36:50.770462
52,53190,Bertuğ Yıldırım,1382235,Hatayspor,3091,1,0,6.57,1.71,0.12,8,4,3,2,2,1,0,260,3,accurateLongBallsPercentage,TUR,2023-2024,datafc_sofascore,2026-08-09T01:36:50.770462
52,53190,Yakup Arda Kılıç,1639816,Beşiktaş JK,3050,0,0,6.55,,0.01,0,0,1,1,0,1,0,91,2,accurateLongBallsPercentage,TUR,2023-2024,datafc_sofascore,2026-08-09T01:36:50.770462
52,53190,Valmir Veliu,1014717,Gaziantep FK,5138,0,0,6.55,0.0,0.03,0,0,0,2,1,0,0,35,3,accurateLongBallsPercentage,TUR,2023-2024,datafc_sofascore,2026-08-09T01:36:50.770462
52,53190,Motez Nourani,1640310,Adana Demirspor,3101,0,0,6.55,0.0,0.04,0,0,1,3,3,0,0,166,4,accurateLongBallsPercentage,TUR,2023-2024,datafc_sofascore,2026-08-09T01:36:50.770462
52,53190,Görkem Bitin,952897,Pendikspor,7032,0,0,6.53,2.84,0.19,13,5,4,0,1,1,0,341,10,accurateLongBallsPercentage,TUR,2023-2024,datafc_sofascore,2026-08-09T01:36:50.770462
52,53190,Arda Ünyay,1464636,MKE Ankaragücü,3103,0,0,6.5,,0.0,0,0,0,0,0,0,0,11,1,accurateLongBallsPercentage,TUR,2023-2024,datafc_sofascore,2026-08-09T01:36:50.770462
52,53190,Breyton Fougeu,1545020,Adana Demirspor,3101,0,0,6.5,,0.03,0,0,0,0,0,0,0,10,1,accurateLongBallsPercentage,TUR,2023-2024,datafc_sofascore,2026-08-09T01:36:50.770462
52,53190,Yiğit Emre Çeltik,1035954,Kayserispor,3072,0,0,6.4,,0.0,0,0,0,0,0,0,0,8,1,accurateLongBallsPercentage,TUR,2023-2024,datafc_sofascore,2026-08-09T01:36:50.770462
52,53190,Aias Aosman,157871,Pendikspor,7032,0,0,6.4,0.0,0.02,0,0,0,0,3,0,0,72,1,accurateLongBallsPercentage,TUR,2023-2024,datafc_sofascore,2026-08-09T01:36:50.770462
52,53190,Ahmet Kağan Malatyalı,1096284,Kayserispor,3072,0,0,6.4,0.0,0.0,0,0,0,1,1,0,0,15,1,accurateLongBallsPercentage,TUR,2023-2024,datafc_sofascore,2026-08-09T01:36:50.770462
52,53190,Musa Çağıran,60363,Hatayspor,3091,0,0,6.4,0.0,0.0,0,0,0,0,0,0,0,10,2,accurateLongBallsPercentage,TUR,2023-2024,datafc_sofascore,2026-08-09T01:36:50.770462
52,53190,Luka Stankovski,1063157,Gaziantep FK,5138,0,0,6.35,0.0,0.05,0,0,0,0,4,1,0,53,2,accurateLongBallsPercentage,TUR,2023-2024,datafc_sofascore,2026-08-09T01:36:50.770462
52,53190,Janne-Pekka Laine,961935,Çaykur Rizespor,3064,0,0,6.33,0.02,0.0,1,0,0,0,0,0,0,49,3,accurateLongBallsPercentage,TUR,2023-2024,datafc_sofascore,2026-08-09T01:36:50.770462
52,53190,Furkan Akyüz,1481736,Fenerbahçe,3052,0,0,0.0,,0.0,0,0,0,0,0,0,0,1,1,accurateLongBallsPercentage,TUR,2023-2024,datafc_sofascore,2026-08-09T01:36:50.770462
52,53190,Emmanuel Dennis,844424,Başakşehir FK,3086,0,0,6.63,0.55,1.0,7,1,2,12,8,2,0,337,8,accurateLongBallsPercentage,TUR,2023-2024,datafc_sofascore,2026-08-09T01:36:50.770462
52,53190,Samuel Bastien,352964,Kasımpaşa,6063,0,0,6.62,0.11,0.14,1,0,3,1,5,0,0,216,7,accurateLongBallsPercentage,TUR,2023-2024,datafc_sofascore,2026-08-09T01:36:50.770462
52,53190,Pione Sisto,287943,Alanyaspor,6362,1,0,6.76,1.42,0.65,19,7,7,20,10,1,0,686,20,accurateLongBallsPercentage,TUR,2023-2024,datafc_sofascore,2026-08-09T01:36:50.770462
52,53190,Yunus Konak,1518589,Sivasspor,3076,0,1,6.83,0.21,0.21,4,2,6,10,38,2,0,1245,16,accurateLongBallsPercentage,TUR,2023-2024,datafc_sofascore,2026-08-09T01:36:50.770462
52,53190,Şener Özbayraklı,129992,Başakşehir FK,3086,0,0,6.75,0.0,0.01,0,0,1,2,4,0,0,127,2,accurateLongBallsPercentage,TUR,2023-2024,datafc_sofascore,2026-08-09T01:36:50.770462
52,53190,Kerem Kesgin,857745,Sivasspor,3076,0,0,6.6,0.09,0.56,4,1,7,2,3,2,0,226,9,accurateLongBallsPercentage,TUR,2023-2024,datafc_sofascore,2026-08-09T01:36:50.770462
52,53190,Alex Oxlade-Chamberlain,10577,Beşiktaş JK,3050,4,1,6.97,3.21,1.02,26,11,17,24,9,0,0,994,20,accurateLongBallsPercentage,TUR,2023-2024,datafc_sofascore,2026-08-09T01:36:50.770462
52,53190,Naoufel Khacef,945279,Gaziantep FK,5138,0,0,6.43,0.09,0.14,2,0,1,2,2,1,0,270,3,accurateLongBallsPercentage,TUR,2023-2024,datafc_sofascore,2026-08-09T01:36:50.770462
52,53190,Janio Bikel,581606,Gaziantep FK,5138,0,0,6.64,0.04,0.12,1,1,5,7,12,3,0,497,16,accurateLongBallsPercentage,TUR,2023-2024,datafc_sofascore,2026-08-09T01:36:50.770462
52,53190,Maestro,1002146,Adana Demirspor,3101,0,1,7.03,0.06,0.68,2,0,12,22,40,3,0,1123,13,accurateLongBallsPercentage,TUR,2023-2024,datafc_sofascore,2026-08-09T01:36:50.770462
52,53190,Tasos Chatzigiovanis,850770,MKE Ankaragücü,3103,2,1,6.87,3.04,1.23,38,19,15,55,9,1,0,1375,33,accurateLongBallsPercentage,TUR,2023-2024,datafc_sofascore,2026-08-09T01:36:50.770462
52,53190,Ahmed Hassan,1143587,Alanyaspor,6362,6,2,6.93,6.56,0.17,30,10,6,3,7,1,0,993,16,accurateLongBallsPercentage,TUR,2023-2024,datafc_sofascore,2026-08-09T01:36:50.770462
52,53190,Garry Rodrigues,787429,MKE Ankaragücü,3103,2,4,6.93,1.5,1.96,20,8,17,10,8,3,0,815,19,accurateLongBallsPercentage,TUR,2023-2024,datafc_sofascore,2026-08-09T01:36:50.770462
52,53190,Robert Murić,283853,Konyaspor,3085,2,0,6.78,0.7,0.57,9,4,11,7,4,0,0,685,16,accurateLongBallsPercentage,TUR,2023-2024,datafc_sofascore,2026-08-09T01:36:50.770462
52,53190,Nabil Alioui,873049,Adana Demirspor,3101,0,0,6.6,0.32,0.55,3,1,4,2,3,0,0,187,6,accurateLongBallsPercentage,TUR,2023-2024,datafc_sofascore,2026-08-09T01:36:50.770462
52,53190,Nélson Oliveira,42898,Konyaspor,3085,0,1,6.54,0.93,0.77,9,3,3,5,2,2,0,473,15,accurateLongBallsPercentage,TUR,2023-2024,datafc_sofascore,2026-08-09T01:36:50.770462
52,53190,Duckens Nazon,796023,Kayserispor,3072,2,1,6.44,2.1,0.21,24,9,3,15,4,2,1,845,13,accurateLongBallsPercentage,TUR,2023-2024,datafc_sofascore,2026-08-09T01:36:50.770462
52,53190,Didier Lamkel Zé,845272,Hatayspor,3091,3,2,7.05,2.98,2.28,22,7,14,26,10,3,0,947,15,accurateLongBallsPercentage,TUR,2023-2024,datafc_sofascore,2026-08-09T01:36:50.770462
52,53190,Taxiarchis Fountas,204562,Trabzonspor,3051,2,1,6.8,2.0,1.32,21,8,11,10,32,1,0,1175,29,accurateLongBallsPercentage,TUR,2023-2024,datafc_sofascore,2026-08-09T01:36:50.770462
52,53190,Umut Güneş,876782,Trabzonspor,3051,0,0,6.64,0.73,0.28,11,4,3,5,31,0,0,980,22,accurateLongBallsPercentage,TUR,2023-2024,datafc_sofascore,2026-08-09T01:36:50.770462
52,53190,Flavien Tait,312388,Samsunspor,3053,0,2,6.86,0.63,1.16,13,4,30,14,25,3,0,1706,28,accurateLongBallsPercentage,TUR,2023-2024,datafc_sofascore,2026-08-09T01:36:50.770462
52,53190,Andrej Đokanović,985366,MKE Ankaragücü,3103,0,0,6.73,0.28,0.17,6,0,6,6,12,1,0,633,12,accurateLongBallsPercentage,TUR,2023-2024,datafc_sofascore,2026-08-09T01:36:50.770462
52,53190,Nani,17740,Adana Demirspor,3101,4,2,6.83,2.22,1.37,29,15,17,13,13,5,0,975,28,accurateLongBallsPercentage,TUR,2023-2024,datafc_sofascore,2026-08-09T01:36:50.770462
52,53190,Miha Zajc,139256,Fenerbahçe,3052,0,0,6.75,1.46,0.51,12,2,9,1,11,1,0,534,11,accurateLongBallsPercentage,TUR,2023-2024,datafc_sofascore,2026-08-09T01:36:50.770462
52,53190,Moatasem Al-Musrati,868958,Beşiktaş JK,3050,0,0,6.8,0.12,0.33,4,1,6,3,15,0,1,546,9,accurateLongBallsPercentage,TUR,2023-2024,datafc_sofascore,2026-08-09T01:36:50.770462
52,53190,Rey Manaj,587882,Sivasspor,3076,18,3,7.31,14.34,1.48,104,40,17,20,13,10,0,2423,32,accurateLongBallsPercentage,TUR,2023-2024,datafc_sofascore,2026-08-09T01:36:50.770462
52,53190,Ali Sowe,238394,MKE Ankaragücü,3103,6,3,6.84,5.43,1.21,48,21,17,20,10,3,1,2136,27,accurateLongBallsPercentage,TUR,2023-2024,datafc_sofascore,2026-08-09T01:36:50.770462
52,53190,Adnan Uğur,987539,Fatih Karagümrük,4954,0,0,6.51,0.06,0.13,3,2,4,4,7,1,0,557,13,accurateLongBallsPercentage,TUR,2023-2024,datafc_sofascore,2026-08-09T01:36:50.770462
52,53190,Édouard Michut,1048011,Adana Demirspor,3101,0,1,6.9,0.78,1.7,17,6,20,22,36,6,0,1734,24,accurateLongBallsPercentage,TUR,2023-2024,datafc_sofascore,2026-08-09T01:36:50.770462
52,53190,Eduard Rroca,938181,İstanbulspor,3066,1,1,6.8,0.56,0.75,11,3,15,8,15,4,0,813,15,accurateLongBallsPercentage,TUR,2023-2024,datafc_sofascore,2026-08-09T01:36:50.770462
52,53190,Kader Keïta,991653,Sivasspor,3076,0,0,6.65,0.01,0.02,1,0,0,0,2,0,0,68,6,accurateLongBallsPercentage,TUR,2023-2024,datafc_sofascore,2026-08-09T01:36:50.770462
52,53190,Adam Buksa,1138856,Antalyaspor,3056,16,2,7.19,12.27,0.84,93,39,21,27,17,8,0,2925,33,accurateLongBallsPercentage,TUR,2023-2024,datafc_sofascore,2026-08-09T01:36:50.770462
52,53190,Lucas Torreira,754794,Galatasaray,3061,1,2,7.2,2.08,2.97,31,4,29,9,80,7,0,2993,35,accurateLongBallsPercentage,TUR,2023-2024,datafc_sofascore,2026-08-09T01:36:50.770462
52,53190,Yusuf Sarı,896364,Adana Demirspor,3101,3,7,7.3,2.92,5.46,59,24,48,45,22,1,0,1790,24,accurateLongBallsPercentage,TUR,2023-2024,datafc_sofascore,2026-08-09T01:36:50.770462
52,53190,Serdar Dursun,123917,Fenerbahçe,3052,6,2,6.87,7.17,0.82,39,17,12,3,4,0,0,1052,31,accurateLongBallsPercentage,TUR,2023-2024,datafc_sofascore,2026-08-09T01:36:50.770462
52,53190,Kevin Lasagna,587962,Fatih Karagümrük,4954,2,2,6.71,4.37,0.66,35,11,9,10,7,3,0,1199,28,accurateLongBallsPercentage,TUR,2023-2024,datafc_sofascore,2026-08-09T01:36:50.770462
52,53190,Amir Hadžiahmetović,795421,Beşiktaş JK,3050,0,4,7.06,0.3,2.46,3,1,22,8,19,2,1,1341,18,accurateLongBallsPercentage,TUR,2023-2024,datafc_sofascore,2026-08-09T01:36:50.770462
52,53190,Nicolas Janvier,802150,Alanyaspor,6362,4,2,7.04,2.42,3.0,35,9,33,24,30,3,0,1655,34,accurateLongBallsPercentage,TUR,2023-2024,datafc_sofascore,2026-08-09T01:36:50.770462
52,53190,Bartuğ Elmaz,997165,Sivasspor,3076,0,1,6.72,0.18,0.77,6,2,8,2,12,3,0,765,17,accurateLongBallsPercentage,TUR,2023-2024,datafc_sofascore,2026-08-09T01:36:50.770462
52,53190,Gedson Fernandes,862055,Beşiktaş JK,3050,3,3,7.19,2.94,1.74,36,9,29,46,99,8,0,2457,29,accurateLongBallsPercentage,TUR,2023-2024,datafc_sofascore,2026-08-09T01:36:50.770462
52,53190,Paul Onuachu,295123,Trabzonspor,3051,14,4,7.52,8.11,0.47,57,23,13,11,6,3,0,1438,20,accurateLongBallsPercentage,TUR,2023-2024,datafc_sofascore,2026-08-09T01:36:50.770462
52,53190,M'Baye Niang,139228,Adana Demirspor,3101,8,1,7.08,5.93,0.47,30,15,9,6,3,2,0,993,16,accurateLongBallsPercentage,TUR,2023-2024,datafc_sofascore,2026-08-09T01:36:50.770462
52,53190,Rogerio Thuram,329255,Pendikspor,7032,3,0,7.02,3.22,1.1,25,9,12,19,20,1,0,869,18,accurateLongBallsPercentage,TUR,2023-2024,datafc_sofascore,2026-08-09T01:36:50.770462
52,53190,Nicolas Pépé,593526,Trabzonspor,3051,5,2,6.99,2.97,1.67,24,11,17,20,8,0,0,1127,19,accurateLongBallsPercentage,TUR,2023-2024,datafc_sofascore,2026-08-09T01:36:50.770462
52,53190,Emrah Başsan,174141,Sivasspor,3076,0,3,6.9,1.86,2.09,29,11,25,25,18,2,0,1445,24,accurateLongBallsPercentage,TUR,2023-2024,datafc_sofascore,2026-08-09T01:36:50.770462
52,53190,João Figueiredo,841012,Başakşehir FK,3086,8,2,6.88,5.93,3.46,47,20,32,19,24,4,2,2036,34,accurateLongBallsPercentage,TUR,2023-2024,datafc_sofascore,2026-08-09T01:36:50.770462
52,53190,Adolfo Gaich,940692,Çaykur Rizespor,3064,8,1,6.86,6.09,0.36,44,22,11,19,10,2,0,1624,32,accurateLongBallsPercentage,TUR,2023-2024,datafc_sofascore,2026-08-09T01:36:50.770462
52,53190,Ege Bilsel,1011244,Antalyaspor,3056,0,0,6.85,0.05,0.0,1,1,1,4,3,1,0,59,3,accurateLongBallsPercentage,TUR,2023-2024,datafc_sofascore,2026-08-09T01:36:50.770462
52,53190,Emre Mor,826258,Fatih Karagümrük,4954,1,0,6.84,2.52,1.69,21,8,16,30,13,4,0,752,15,accurateLongBallsPercentage,TUR,2023-2024,datafc_sofascore,2026-08-09T01:36:50.770462
52,53190,John Mary,795913,Çaykur Rizespor,3064,1,0,6.8,0.39,0.02,2,1,1,0,2,0,0,135,2,accurateLongBallsPercentage,TUR,2023-2024,datafc_sofascore,2026-08-09T01:36:50.770462
52,53190,Riccardo Saponara,126236,MKE Ankaragücü,3103,0,0,6.8,0.21,0.16,6,3,5,6,3,1,0,271,8,accurateLongBallsPercentage,TUR,2023-2024,datafc_sofascore,2026-08-09T01:36:50.770462
52,53190,Queensy Menig,232318,Sivasspor,3076,2,1,6.78,1.2,0.66,8,3,10,8,3,0,0,544,11,accurateLongBallsPercentage,TUR,2023-2024,datafc_sofascore,2026-08-09T01:36:50.770462
52,53190,Erencan Yardımcı,989168,Pendikspor,7032,6,2,6.7,8.09,0.94,36,17,8,16,11,0,0,1409,28,accurateLongBallsPercentage,TUR,2023-2024,datafc_sofascore,2026-08-09T01:36:50.770462
52,53190,Bryan Acosta,797162,Gaziantep FK,5138,0,0,6.7,0.0,0.01,0,0,0,0,0,0,0,41,1,accurateLongBallsPercentage,TUR,2023-2024,datafc_sofascore,2026-08-09T01:36:50.770462
52,53190,Rochinha,352874,Kasımpaşa,6063,0,0,6.67,0.27,0.33,3,1,3,7,5,1,0,191,7,accurateLongBallsPercentage,TUR,2023-2024,datafc_sofascore,2026-08-09T01:36:50.770462
52,53190,Arbër Zeneli,227892,Adana Demirspor,3101,0,1,6.65,0.32,0.85,5,1,5,5,2,0,0,354,12,accurateLongBallsPercentage,TUR,2023-2024,datafc_sofascore,2026-08-09T01:36:50.770462
52,53190,Clinton N'Jie,291665,Sivasspor,3076,2,2,6.64,2.04,1.56,23,13,19,25,13,2,1,1289,28,accurateLongBallsPercentage,TUR,2023-2024,datafc_sofascore,2026-08-09T01:36:50.770462
52,53190,Kerem Şen,1085376,Trabzonspor,3051,0,0,6.63,0.0,0.03,0,0,0,0,5,0,0,103,7,accurateLongBallsPercentage,TUR,2023-2024,datafc_sofascore,2026-08-09T01:36:50.770462
52,53190,Fredy,845281,Antalyaspor,3056,0,0,6.6,0.08,0.02,1,0,0,2,3,0,0,141,3,accurateLongBallsPercentage,TUR,2023-2024,datafc_sofascore,2026-08-09T01:36:50.770462
52,53190,Mislav Oršić,88645,Trabzonspor,3051,0,0,6.5,0.04,0.02,2,0,0,0,2,0,0,57,6,accurateLongBallsPercentage,TUR,2023-2024,datafc_sofascore,2026-08-09T01:36:50.770462
52,53190,Berat Özdemir,876857,Trabzonspor,3051,1,1,7.12,0.52,0.97,15,4,15,15,70,4,0,2304,31,accurateLongBallsPercentage,TUR,2023-2024,datafc_sofascore,2026-08-09T01:36:50.770462
52,53190,Alexandru Maxim,180511,Gaziantep FK,5138,3,8,7.16,5.85,7.47,43,16,80,36,38,4,2,2674,34,accurateLongBallsPercentage,TUR,2023-2024,datafc_sofascore,2026-08-09T01:36:50.770462
52,53190,Dario Šarić,848385,Antalyaspor,3056,3,0,6.85,2.65,0.77,47,11,21,33,44,2,0,2563,32,accurateLongBallsPercentage,TUR,2023-2024,datafc_sofascore,2026-08-09T01:36:50.770462
52,53190,Valentin Eysseric,139798,Fatih Karagümrük,4954,5,7,7.46,4.48,7.64,54,18,74,27,42,7,1,2420,31,accurateLongBallsPercentage,TUR,2023-2024,datafc_sofascore,2026-08-09T01:36:50.770462
52,53190,Yaw Ackah,984096,Kayserispor,3072,0,0,6.69,0.1,0.17,3,0,2,10,23,2,0,850,19,accurateLongBallsPercentage,TUR,2023-2024,datafc_sofascore,2026-08-09T01:36:50.770462
52,53190,Marlos Moreno,818942,Konyaspor,3085,2,1,6.84,1.47,2.36,33,7,18,50,45,4,0,1914,29,accurateLongBallsPercentage,TUR,2023-2024,datafc_sofascore,2026-08-09T01:36:50.770462
52,53190,Ali Karimi,803869,Kayserispor,3072,3,0,6.98,3.23,3.2,32,7,31,18,48,4,0,2040,27,accurateLongBallsPercentage,TUR,2023-2024,datafc_sofascore,2026-08-09T01:36:50.770462
52,53190,Samu Sáiz,99527,Sivasspor,3076,4,3,7.25,2.05,2.29,29,15,33,26,8,3,0,1357,17,accurateLongBallsPercentage,TUR,2023-2024,datafc_sofascore,2026-08-09T01:36:50.770462
52,53190,Ryan Mendes,52797,Fatih Karagümrük,4954,4,4,6.96,2.1,3.44,33,15,26,29,32,5,2,1508,23,accurateLongBallsPercentage,TUR,2023-2024,datafc_sofascore,2026-08-09T01:36:50.770462
52,53190,Jakub Kałuziński,1019026,Antalyaspor,3056,0,2,6.88,0.74,1.46,20,2,18,7,30,3,0,2344,31,accurateLongBallsPercentage,TUR,2023-2024,datafc_sofascore,2026-08-09T01:36:50.770462
52,53190,Rachid Ghezzal,123228,Beşiktaş JK,3050,1,3,6.92,3.28,3.99,32,10,37,18,21,6,0,1173,27,accurateLongBallsPercentage,TUR,2023-2024,datafc_sofascore,2026-08-09T01:36:50.770462
52,53190,Denis Drăguş,841199,Gaziantep FK,5138,14,1,7.22,13.78,2.44,106,40,38,85,54,8,0,2751,32,successfulDribbles,TUR,2023-2024,datafc_sofascore,2026-08-09T01:36:50.770462
52,53190,Fisayo Dele-Bashiru,910121,Hatayspor,3091,8,3,7.01,5.58,2.31,45,18,40,71,33,6,0,3039,36,successfulDribbles,TUR,2023-2024,datafc_sofascore,2026-08-09T01:36:50.770462
52,53190,Aylton Boa Morte,883918,Kayserispor,3072,8,2,6.8,9.83,2.51,70,29,29,70,39,7,0,2628,32,successfulDribbles,TUR,2023-2024,datafc_sofascore,2026-08-09T01:36:50.770462
52,53190,Barış Alper Yılmaz,904096,Galatasaray,3061,6,6,7.15,4.08,5.51,61,18,43,67,60,8,0,2550,37,successfulDribbles,TUR,2023-2024,datafc_sofascore,2026-08-09T01:36:50.770462
52,53190,Ibrahim Olawoyin,1008173,Çaykur Rizespor,3064,8,2,7.12,5.84,2.99,64,25,39,65,63,6,0,2970,35,successfulDribbles,TUR,2023-2024,datafc_sofascore,2026-08-09T01:36:50.770462
52,53190,Ferdi Kadıoğlu,825844,Fenerbahçe,3052,1,4,7.44,2.5,6.69,33,14,51,57,75,3,0,3327,37,successfulDribbles,TUR,2023-2024,datafc_sofascore,2026-08-09T01:36:50.770462
52,53190,Halil Akbunar,217782,Pendikspor,7032,5,3,6.98,4.09,5.67,54,20,37,57,63,3,1,2808,37,successfulDribbles,TUR,2023-2024,datafc_sofascore,2026-08-09T01:36:50.770462
52,53190,Tasos Chatzigiovanis,850770,MKE Ankaragücü,3103,2,1,6.87,3.04,1.23,38,19,15,55,9,1,0,1375,33,successfulDribbles,TUR,2023-2024,datafc_sofascore,2026-08-09T01:36:50.770462
52,53190,Oğuz Aydın,999396,Alanyaspor,6362,13,8,7.28,9.34,8.32,58,25,64,54,25,3,1,2587,35,successfulDribbles,TUR,2023-2024,datafc_sofascore,2026-08-09T01:36:50.770462
52,53190,Loide Augusto,1110708,Alanyaspor,6362,3,2,6.92,1.07,1.97,21,4,13,54,40,6,0,1797,26,successfulDribbles,TUR,2023-2024,datafc_sofascore,2026-08-09T01:36:50.770462
52,53190,Sam Larsson,229800,Antalyaspor,3056,5,1,6.97,2.83,5.32,43,12,61,52,31,1,0,2568,35,successfulDribbles,TUR,2023-2024,datafc_sofascore,2026-08-09T01:36:50.770462
52,53190,Marlos Moreno,818942,Konyaspor,3085,2,1,6.84,1.47,2.36,33,7,18,50,45,4,0,1914,29,successfulDribbles,TUR,2023-2024,datafc_sofascore,2026-08-09T01:36:50.770462
52,53190,Nuno Da Costa,209374,Kasımpaşa,6063,14,4,7.28,10.67,2.41,67,24,26,49,23,1,0,2339,29,successfulDribbles,TUR,2023-2024,datafc_sofascore,2026-08-09T01:36:50.770462
52,53190,Altin Zeqiri,991742,Çaykur Rizespor,3064,5,5,6.88,6.68,3.34,47,20,36,47,23,4,0,2241,34,successfulDribbles,TUR,2023-2024,datafc_sofascore,2026-08-09T01:36:50.770462
52,53190,Gedson Fernandes,862055,Beşiktaş JK,3050,3,3,7.19,2.94,1.74,36,9,29,46,99,8,0,2457,29,successfulDribbles,TUR,2023-2024,datafc_sofascore,2026-08-09T01:36:50.770462
52,53190,Olimpiu Moruțan,833613,MKE Ankaragücü,3103,2,3,6.9,2.86,3.43,47,13,34,46,40,3,0,2128,30,successfulDribbles,TUR,2023-2024,datafc_sofascore,2026-08-09T01:36:50.770462
52,53190,Moryke Fofana,269199,Samsunspor,3053,0,4,6.82,1.3,3.6,16,5,27,46,15,4,0,1060,27,successfulDribbles,TUR,2023-2024,datafc_sofascore,2026-08-09T01:36:50.770462
52,53190,Yusuf Sarı,896364,Adana Demirspor,3101,3,7,7.3,2.92,5.46,59,24,48,45,22,1,0,1790,24,successfulDribbles,TUR,2023-2024,datafc_sofascore,2026-08-09T01:36:50.770462
52,53190,Jackson,911351,İstanbulspor,3066,1,4,6.77,4.47,3.63,48,19,31,45,38,2,0,2201,35,successfulDribbles,TUR,2023-2024,datafc_sofascore,2026-08-09T01:36:50.770462
52,53190,Wilfried Zaha,111850,Galatasaray,3061,9,3,7.18,4.15,2.63,48,19,23,43,29,2,0,1433,30,successfulDribbles,TUR,2023-2024,datafc_sofascore,2026-08-09T01:36:50.770462
52,53190,David Akintola,798676,Çaykur Rizespor,3064,3,3,6.77,6.51,1.75,39,10,24,43,26,4,0,1942,25,successfulDribbles,TUR,2023-2024,datafc_sofascore,2026-08-09T01:36:50.770462
52,53190,Mustafa Eskihellaç,899069,Gaziantep FK,5138,2,3,6.93,1.29,2.92,25,5,29,41,66,5,0,3067,35,successfulDribbles,TUR,2023-2024,datafc_sofascore,2026-08-09T01:36:50.770462
52,53190,Renaldo Cephas,1384968,MKE Ankaragücü,3103,3,1,6.83,4.71,1.91,43,19,15,41,28,5,0,1626,31,successfulDribbles,TUR,2023-2024,datafc_sofascore,2026-08-09T01:36:50.770462
52,53190,Semih Kılıçsoy,1142606,Beşiktaş JK,3050,11,4,7.13,5.59,1.48,57,24,16,40,16,5,0,1695,23,successfulDribbles,TUR,2023-2024,datafc_sofascore,2026-08-09T01:36:50.770462
52,53190,Güven Yalçın,826162,Fatih Karagümrük,4954,9,4,6.91,5.75,1.33,58,21,28,39,15,5,0,2136,32,successfulDribbles,TUR,2023-2024,datafc_sofascore,2026-08-09T01:36:50.770462
52,53190,Alassane Ndao,1016033,Konyaspor,3085,3,2,6.88,3.74,4.83,40,9,41,38,35,3,0,2771,36,successfulDribbles,TUR,2023-2024,datafc_sofascore,2026-08-09T01:36:50.770462
52,53190,Fredrik Midtsjø,98198,Pendikspor,7032,1,2,6.91,1.15,3.14,16,5,34,37,28,4,0,1928,26,successfulDribbles,TUR,2023-2024,datafc_sofascore,2026-08-09T01:36:50.770462
52,53190,Levent Mercan,1085938,Fatih Karagümrük,4954,1,5,6.9,0.7,2.51,14,1,33,37,82,8,0,3113,36,successfulDribbles,TUR,2023-2024,datafc_sofascore,2026-08-09T01:36:50.770462
52,53190,Cláudio Winck,155998,Kasımpaşa,6063,3,1,6.82,3.38,2.58,31,8,22,37,72,7,1,2862,32,successfulDribbles,TUR,2023-2024,datafc_sofascore,2026-08-09T01:36:50.770462
52,53190,İrfan Can Kahveci,226986,Fenerbahçe,3052,12,7,7.39,3.98,7.71,40,21,52,36,33,5,0,2027,31,successfulDribbles,TUR,2023-2024,datafc_sofascore,2026-08-09T01:36:50.770462
52,53190,Alexandru Maxim,180511,Gaziantep FK,5138,3,8,7.16,5.85,7.47,43,16,80,36,38,4,2,2674,34,successfulDribbles,TUR,2023-2024,datafc_sofascore,2026-08-09T01:36:50.770462
52,53190,Florian Loshaj,831407,İstanbulspor,3066,5,0,6.98,4.81,2.98,56,18,34,35,66,8,1,2705,32,successfulDribbles,TUR,2023-2024,datafc_sofascore,2026-08-09T01:36:50.770462
52,53190,Jackson Muleka,927649,Beşiktaş JK,3050,4,1,6.9,4.52,1.43,53,18,19,35,33,1,0,1640,30,successfulDribbles,TUR,2023-2024,datafc_sofascore,2026-08-09T01:36:50.770462
52,53190,Gökhan Sazdağı,595396,Kayserispor,3072,0,5,6.79,1.56,2.92,25,7,26,35,92,9,0,2905,34,successfulDribbles,TUR,2023-2024,datafc_sofascore,2026-08-09T01:36:50.770462
52,53190,Youcef Atal,894238,Adana Demirspor,3101,1,2,7.09,0.62,1.13,12,5,11,34,28,2,1,818,11,successfulDribbles,TUR,2023-2024,datafc_sofascore,2026-08-09T01:36:50.770462
52,53190,Arthur Masuaku,174975,Beşiktaş JK,3050,0,0,6.82,0.17,1.15,7,3,14,34,29,5,0,1451,18,successfulDribbles,TUR,2023-2024,datafc_sofascore,2026-08-09T01:36:50.770462
52,53190,Dario Šarić,848385,Antalyaspor,3056,3,0,6.85,2.65,0.77,47,11,21,33,44,2,0,2563,32,successfulDribbles,TUR,2023-2024,datafc_sofascore,2026-08-09T01:36:50.770462
52,53190,David Sambissa,280459,İstanbulspor,3066,1,3,6.72,0.72,3.04,17,10,17,33,26,1,0,1564,25,successfulDribbles,TUR,2023-2024,datafc_sofascore,2026-08-09T01:36:50.770462
52,53190,Dušan Tadić,38560,Fenerbahçe,3052,10,14,7.42,14.9,14.16,53,28,88,32,33,3,0,3157,38,successfulDribbles,TUR,2023-2024,datafc_sofascore,2026-08-09T01:36:50.770462
52,53190,Kerem Aktürkoğlu,903324,Galatasaray,3061,12,6,7.33,12.89,8.17,79,29,73,32,28,3,1,2479,37,successfulDribbles,TUR,2023-2024,datafc_sofascore,2026-08-09T01:36:50.770462
52,53190,Emre Akbaba,343527,Adana Demirspor,3101,7,2,7.19,7.41,3.26,64,20,43,32,65,5,0,2682,32,successfulDribbles,TUR,2023-2024,datafc_sofascore,2026-08-09T01:36:50.770462
52,53190,Arnaud Lusamba,361342,Pendikspor,7032,0,3,6.93,0.31,1.96,9,4,24,32,48,5,1,2024,27,successfulDribbles,TUR,2023-2024,datafc_sofascore,2026-08-09T01:36:50.770462
52,53190,Ömer Faruk Beyaz,1022881,Hatayspor,3091,0,0,6.74,1.52,1.8,18,9,15,32,49,6,0,1390,27,successfulDribbles,TUR,2023-2024,datafc_sofascore,2026-08-09T01:36:50.770462
52,53190,Mithat Pala,1016393,Çaykur Rizespor,3064,0,2,6.62,0.35,0.69,13,3,13,32,50,6,1,1551,25,successfulDribbles,TUR,2023-2024,datafc_sofascore,2026-08-09T01:36:50.770462
52,53190,Emre Kılınç,202032,Samsunspor,3053,4,4,7.12,2.09,4.63,31,5,53,31,62,4,0,2574,33,successfulDribbles,TUR,2023-2024,datafc_sofascore,2026-08-09T01:36:50.770462
52,53190,Miguel Cardoso,344009,Kayserispor,3072,1,7,7.08,5.41,7.21,65,18,66,31,39,4,0,2524,30,successfulDribbles,TUR,2023-2024,datafc_sofascore,2026-08-09T01:36:50.770462
52,53190,Enis Bardhi,355024,Trabzonspor,3051,6,4,7.06,3.19,3.28,56,20,37,31,34,3,0,2342,34,successfulDribbles,TUR,2023-2024,datafc_sofascore,2026-08-09T01:36:50.770462
52,53190,Efkan Bekiroğlu,800458,MKE Ankaragücü,3103,9,4,7.04,4.65,3.74,52,16,39,31,20,2,1,2139,30,successfulDribbles,TUR,2023-2024,datafc_sofascore,2026-08-09T01:36:50.770462
52,53190,Ramzi Safouri,186949,Antalyaspor,3056,0,7,7.04,2.16,5.15,39,15,56,31,17,3,1,1803,30,successfulDribbles,TUR,2023-2024,datafc_sofascore,2026-08-09T01:36:50.770462
52,53190,Efecan Karaca,60510,Alanyaspor,6362,2,3,7.02,3.18,4.83,21,9,50,31,57,5,0,2753,37,successfulDribbles,TUR,2023-2024,datafc_sofascore,2026-08-09T01:36:50.770462
52,53190,Mortadha Ben Ouanes,919225,Kasımpaşa,6063,7,5,7.01,3.26,4.88,36,15,45,31,41,8,0,2999,36,successfulDribbles,TUR,2023-2024,datafc_sofascore,2026-08-09T01:36:50.770462
52,53190,Dal Varešanović,979109,Çaykur Rizespor,3064,8,2,6.76,7.09,2.96,51,16,20,31,13,5,0,2017,32,successfulDribbles,TUR,2023-2024,datafc_sofascore,2026-08-09T01:36:50.770462
52,53190,Guilherme Haubert Sityá,224112,Konyaspor,3085,5,7,7.35,1.62,6.83,18,6,88,30,87,1,0,3267,37,successfulDribbles,TUR,2023-2024,datafc_sofascore,2026-08-09T01:36:50.770462
52,53190,Deniz Türüç,252207,Başakşehir FK,3086,2,12,7.15,2.26,5.68,39,17,60,30,31,11,0,2678,34,successfulDribbles,TUR,2023-2024,datafc_sofascore,2026-08-09T01:36:50.770462
52,53190,Emre Mor,826258,Fatih Karagümrük,4954,1,0,6.84,2.52,1.69,21,8,16,30,13,4,0,752,15,successfulDribbles,TUR,2023-2024,datafc_sofascore,2026-08-09T01:36:50.770462
52,53190,İsmail Yüksek,952600,Fenerbahçe,3052,0,4,7.15,2.24,2.28,26,4,29,29,73,5,2,2319,30,successfulDribbles,TUR,2023-2024,datafc_sofascore,2026-08-09T01:36:50.770462
52,53190,Ryan Mendes,52797,Fatih Karagümrük,4954,4,4,6.96,2.1,3.44,33,15,26,29,32,5,2,1508,23,successfulDribbles,TUR,2023-2024,datafc_sofascore,2026-08-09T01:36:50.770462
52,53190,Taha Şahin,1394729,Çaykur Rizespor,3064,0,4,6.87,0.65,2.84,8,0,27,29,58,5,0,2854,34,successfulDribbles,TUR,2023-2024,datafc_sofascore,2026-08-09T01:36:50.770462
52,53190,Batista Mendy,859021,Trabzonspor,3051,1,0,6.85,0.67,1.17,19,4,7,29,45,8,1,2682,30,successfulDribbles,TUR,2023-2024,datafc_sofascore,2026-08-09T01:36:50.770462
52,53190,Berkay Özcan,806964,Başakşehir FK,3086,2,2,6.84,2.66,1.41,26,8,21,29,36,2,0,2820,34,successfulDribbles,TUR,2023-2024,datafc_sofascore,2026-08-09T01:36:50.770462
52,53190,Edin Višća,109779,Trabzonspor,3051,5,9,7.28,4.34,8.93,63,16,91,28,34,1,0,2762,36,successfulDribbles,TUR,2023-2024,datafc_sofascore,2026-08-09T01:36:50.770462
52,53190,Mamadou Fall,822228,Kasımpaşa,6063,8,2,6.94,6.19,3.57,49,17,54,28,22,4,0,2854,34,successfulDribbles,TUR,2023-2024,datafc_sofascore,2026-08-09T01:36:50.770462
52,53190,Can Keleş,918408,Fatih Karagümrük,4954,5,3,6.82,4.65,3.61,56,24,27,28,18,3,0,2272,35,successfulDribbles,TUR,2023-2024,datafc_sofascore,2026-08-09T01:36:50.770462
52,53190,Halil Dervişoğlu,930775,Hatayspor,3091,0,1,6.8,3.07,1.31,35,11,18,28,25,0,0,957,25,successfulDribbles,TUR,2023-2024,datafc_sofascore,2026-08-09T01:36:50.770462
52,53190,Valentin Eysseric,139798,Fatih Karagümrük,4954,5,7,7.46,4.48,7.64,54,18,74,27,42,7,1,2420,31,successfulDribbles,TUR,2023-2024,datafc_sofascore,2026-08-09T01:36:50.770462
52,53190,Adam Buksa,1138856,Antalyaspor,3056,16,2,7.19,12.27,0.84,93,39,21,27,17,8,0,2925,33,successfulDribbles,TUR,2023-2024,datafc_sofascore,2026-08-09T01:36:50.770462
52,53190,Sagiv Jehezkel,1513792,Antalyaspor,3056,6,2,7.09,3.27,1.33,22,11,14,27,17,4,0,918,13,successfulDribbles,TUR,2023-2024,datafc_sofascore,2026-08-09T01:36:50.770462
52,53190,Sokol Cikalleshi,81138,Konyaspor,3085,12,5,6.94,10.96,1.11,64,21,27,27,23,3,0,2364,33,successfulDribbles,TUR,2023-2024,datafc_sofascore,2026-08-09T01:36:50.770462
52,53190,Charis Charisis,317297,Sivasspor,3076,1,4,6.91,1.06,1.29,19,5,29,27,70,8,0,2424,30,successfulDribbles,TUR,2023-2024,datafc_sofascore,2026-08-09T01:36:50.770462
52,53190,Valon Ethemi,904945,Konyaspor,3085,2,4,6.75,3.04,3.08,37,10,31,27,18,4,0,1919,30,successfulDribbles,TUR,2023-2024,datafc_sofascore,2026-08-09T01:36:50.770462
52,53190,Haris Hajradinović,254979,Kasımpaşa,6063,5,14,7.39,6.16,9.69,69,21,104,26,63,3,0,3307,38,successfulDribbles,TUR,2023-2024,datafc_sofascore,2026-08-09T01:36:50.770462
52,53190,Samu Sáiz,99527,Sivasspor,3076,4,3,7.25,2.05,2.29,29,15,33,26,8,3,0,1357,17,successfulDribbles,TUR,2023-2024,datafc_sofascore,2026-08-09T01:36:50.770462
52,53190,Didier Lamkel Zé,845272,Hatayspor,3091,3,2,7.05,2.98,2.28,22,7,14,26,10,3,0,947,15,successfulDribbles,TUR,2023-2024,datafc_sofascore,2026-08-09T01:36:50.770462
52,53190,Bright Osayi-Samuel,791616,Fenerbahçe,3052,4,1,7.0,1.01,1.01,5,4,9,26,41,11,0,1743,23,successfulDribbles,TUR,2023-2024,datafc_sofascore,2026-08-09T01:36:50.770462
52,53190,Erdoğan Yeşilyurt,142541,Antalyaspor,3056,3,3,6.89,1.78,2.25,31,7,31,26,41,8,1,2485,34,successfulDribbles,TUR,2023-2024,datafc_sofascore,2026-08-09T01:36:50.770462
52,53190,Yusuf Erdoğan,256663,Adana Demirspor,3101,5,2,6.8,4.08,2.0,43,15,23,26,32,4,0,2594,35,successfulDribbles,TUR,2023-2024,datafc_sofascore,2026-08-09T01:36:50.770462
52,53190,Fred,243623,Fenerbahçe,3052,3,4,7.34,3.99,4.93,50,15,31,25,51,5,1,2051,25,successfulDribbles,TUR,2023-2024,datafc_sofascore,2026-08-09T01:36:50.770462
52,53190,Badou Ndiaye,228342,Pendikspor,7032,1,0,7.07,1.71,1.22,25,7,15,25,39,3,0,1518,20,successfulDribbles,TUR,2023-2024,datafc_sofascore,2026-08-09T01:36:50.770462
52,53190,Rigoberto Rivas,837742,Hatayspor,3091,5,4,6.92,3.4,3.2,31,12,29,25,47,6,0,2431,29,successfulDribbles,TUR,2023-2024,datafc_sofascore,2026-08-09T01:36:50.770462
52,53190,João Novais,233370,Alanyaspor,6362,5,2,6.9,5.14,4.58,46,17,33,25,22,7,0,2075,32,successfulDribbles,TUR,2023-2024,datafc_sofascore,2026-08-09T01:36:50.770462
52,53190,Emrah Başsan,174141,Sivasspor,3076,0,3,6.9,1.86,2.09,29,11,25,25,18,2,0,1445,24,successfulDribbles,TUR,2023-2024,datafc_sofascore,2026-08-09T01:36:50.770462
52,53190,Lazar Marković,98461,Gaziantep FK,5138,3,5,6.82,2.25,2.02,22,10,23,25,18,7,0,1561,30,successfulDribbles,TUR,2023-2024,datafc_sofascore,2026-08-09T01:36:50.770462
52,53190,Clinton N'Jie,291665,Sivasspor,3076,2,2,6.64,2.04,1.56,23,13,19,25,13,2,1,1289,28,successfulDribbles,TUR,2023-2024,datafc_sofascore,2026-08-09T01:36:50.770462
52,53190,Davidson,814334,Başakşehir FK,3086,4,0,7.11,4.1,1.3,22,7,12,24,19,2,0,980,14,successfulDribbles,TUR,2023-2024,datafc_sofascore,2026-08-09T01:36:50.770462
52,53190,Nicolas Janvier,802150,Alanyaspor,6362,4,2,7.04,2.42,3.0,35,9,33,24,30,3,0,1655,34,successfulDribbles,TUR,2023-2024,datafc_sofascore,2026-08-09T01:36:50.770462
52,53190,Alex Oxlade-Chamberlain,10577,Beşiktaş JK,3050,4,1,6.97,3.21,1.02,26,11,17,24,9,0,0,994,20,successfulDribbles,TUR,2023-2024,datafc_sofascore,2026-08-09T01:36:50.770462
52,53190,Léo Dubois,552680,Başakşehir FK,3086,1,4,6.9,0.68,3.23,12,4,29,24,29,3,0,2315,31,successfulDribbles,TUR,2023-2024,datafc_sofascore,2026-08-09T01:36:50.770462
52,53190,Carlos Eduardo,795295,Alanyaspor,6362,4,1,6.8,4.66,1.91,34,12,16,24,33,3,0,1532,29,successfulDribbles,TUR,2023-2024,datafc_sofascore,2026-08-09T01:36:50.770462
52,53190,Louka Prip,976127,Konyaspor,3085,6,0,6.73,2.61,0.93,29,17,11,24,19,1,0,1633,35,successfulDribbles,TUR,2023-2024,datafc_sofascore,2026-08-09T01:36:50.770462
52,53190,Mahmoud Trézéguet,295361,Trabzonspor,3051,9,5,7.17,6.45,3.71,57,20,29,23,17,2,0,1529,24,successfulDribbles,TUR,2023-2024,datafc_sofascore,2026-08-09T01:36:50.770462
52,53190,Gustavo Sauer,904505,Çaykur Rizespor,3064,1,1,6.89,0.92,2.52,27,8,35,23,54,4,0,1449,32,successfulDribbles,TUR,2023-2024,datafc_sofascore,2026-08-09T01:36:50.770462
52,53190,Olivier Ntcham,352676,Samsunspor,3053,6,0,6.75,6.23,1.94,50,15,14,23,14,5,0,1872,27,successfulDribbles,TUR,2023-2024,datafc_sofascore,2026-08-09T01:36:50.770462
52,53190,Edin Džeko,14990,Fenerbahçe,3052,21,3,7.39,21.64,5.15,147,64,37,22,19,3,0,2741,36,successfulDribbles,TUR,2023-2024,datafc_sofascore,2026-08-09T01:36:50.770462
52,53190,Salih Uçan,135695,Beşiktaş JK,3050,1,3,7.11,1.52,4.11,20,4,20,22,41,6,0,1579,23,successfulDribbles,TUR,2023-2024,datafc_sofascore,2026-08-09T01:36:50.770462
52,53190,Maestro,1002146,Adana Demirspor,3101,0,1,7.03,0.06,0.68,2,0,12,22,40,3,0,1123,13,successfulDribbles,TUR,2023-2024,datafc_sofascore,2026-08-09T01:36:50.770462
52,53190,Olivier Kemen,280447,Başakşehir FK,3086,3,3,6.94,2.83,2.42,23,9,28,22,21,3,0,1751,27,successfulDribbles,TUR,2023-2024,datafc_sofascore,2026-08-09T01:36:50.770462
52,53190,Édouard Michut,1048011,Adana Demirspor,3101,0,1,6.9,0.78,1.7,17,6,20,22,36,6,0,1734,24,successfulDribbles,TUR,2023-2024,datafc_sofascore,2026-08-09T01:36:50.770462
52,53190,Jayden Oosterwolde,1048324,Fenerbahçe,3052,0,0,6.85,0.65,2.19,7,2,9,22,42,8,0,1925,27,successfulDribbles,TUR,2023-2024,datafc_sofascore,2026-08-09T01:36:50.770462
52,53190,Ali Kaan Güneren,867848,MKE Ankaragücü,3103,1,1,6.8,2.9,0.84,23,7,14,22,44,1,0,1934,33,successfulDribbles,TUR,2023-2024,datafc_sofascore,2026-08-09T01:36:50.770462
52,53190,Tetê,980327,Galatasaray,3061,0,3,6.8,3.8,2.97,37,14,27,22,10,1,0,1136,33,successfulDribbles,TUR,2023-2024,datafc_sofascore,2026-08-09T01:36:50.770462
52,53190,Denis Drăguş,841199,Gaziantep FK,5138,14,1,7.22,13.78,2.44,106,40,38,85,54,8,0,2751,32,successfulDribbles,TUR,2023-2024,datafc_sofascore,2026-08-09T01:36:50.770462
52,53190,Fisayo Dele-Bashiru,910121,Hatayspor,3091,8,3,7.01,5.58,2.31,45,18,40,71,33,6,0,3039,36,successfulDribbles,TUR,2023-2024,datafc_sofascore,2026-08-09T01:36:50.770462
52,53190,Aylton Boa Morte,883918,Kayserispor,3072,8,2,6.8,9.83,2.51,70,29,29,70,39,7,0,2628,32,successfulDribbles,TUR,2023-2024,datafc_sofascore,2026-08-09T01:36:50.770462
52,53190,Barış Alper Yılmaz,904096,Galatasaray,3061,6,6,7.15,4.08,5.51,61,18,43,67,60,8,0,2550,37,successfulDribbles,TUR,2023-2024,datafc_sofascore,2026-08-09T01:36:50.770462
52,53190,Ibrahim Olawoyin,1008173,Çaykur Rizespor,3064,8,2,7.12,5.84,2.99,64,25,39,65,63,6,0,2970,35,successfulDribbles,TUR,2023-2024,datafc_sofascore,2026-08-09T01:36:50.770462
52,53190,Ferdi Kadıoğlu,825844,Fenerbahçe,3052,1,4,7.44,2.5,6.69,33,14,51,57,75,3,0,3327,37,successfulDribbles,TUR,2023-2024,datafc_sofascore,2026-08-09T01:36:50.770462
52,53190,Halil Akbunar,217782,Pendikspor,7032,5,3,6.98,4.09,5.67,54,20,37,57,63,3,1,2808,37,successfulDribbles,TUR,2023-2024,datafc_sofascore,2026-08-09T01:36:50.770462
52,53190,Tasos Chatzigiovanis,850770,MKE Ankaragücü,3103,2,1,6.87,3.04,1.23,38,19,15,55,9,1,0,1375,33,successfulDribbles,TUR,2023-2024,datafc_sofascore,2026-08-09T01:36:50.770462
52,53190,Oğuz Aydın,999396,Alanyaspor,6362,13,8,7.28,9.34,8.32,58,25,64,54,25,3,1,2587,35,successfulDribbles,TUR,2023-2024,datafc_sofascore,2026-08-09T01:36:50.770462
52,53190,Loide Augusto,1110708,Alanyaspor,6362,3,2,6.92,1.07,1.97,21,4,13,54,40,6,0,1797,26,successfulDribbles,TUR,2023-2024,datafc_sofascore,2026-08-09T01:36:50.770462
52,53190,Sam Larsson,229800,Antalyaspor,3056,5,1,6.97,2.83,5.32,43,12,61,52,31,1,0,2568,35,successfulDribbles,TUR,2023-2024,datafc_sofascore,2026-08-09T01:36:50.770462
52,53190,Marlos Moreno,818942,Konyaspor,3085,2,1,6.84,1.47,2.36,33,7,18,50,45,4,0,1914,29,successfulDribbles,TUR,2023-2024,datafc_sofascore,2026-08-09T01:36:50.770462
52,53190,Nuno Da Costa,209374,Kasımpaşa,6063,14,4,7.28,10.67,2.41,67,24,26,49,23,1,0,2339,29,successfulDribbles,TUR,2023-2024,datafc_sofascore,2026-08-09T01:36:50.770462
52,53190,Altin Zeqiri,991742,Çaykur Rizespor,3064,5,5,6.88,6.68,3.34,47,20,36,47,23,4,0,2241,34,successfulDribbles,TUR,2023-2024,datafc_sofascore,2026-08-09T01:36:50.770462
52,53190,Gedson Fernandes,862055,Beşiktaş JK,3050,3,3,7.19,2.94,1.74,36,9,29,46,99,8,0,2457,29,successfulDribbles,TUR,2023-2024,datafc_sofascore,2026-08-09T01:36:50.770462
52,53190,Olimpiu Moruțan,833613,MKE Ankaragücü,3103,2,3,6.9,2.86,3.43,47,13,34,46,40,3,0,2128,30,successfulDribbles,TUR,2023-2024,datafc_sofascore,2026-08-09T01:36:50.770462
52,53190,Moryke Fofana,269199,Samsunspor,3053,0,4,6.82,1.3,3.6,16,5,27,46,15,4,0,1060,27,successfulDribbles,TUR,2023-2024,datafc_sofascore,2026-08-09T01:36:50.770462
52,53190,Yusuf Sarı,896364,Adana Demirspor,3101,3,7,7.3,2.92,5.46,59,24,48,45,22,1,0,1790,24,successfulDribbles,TUR,2023-2024,datafc_sofascore,2026-08-09T01:36:50.770462
52,53190,Jackson,911351,İstanbulspor,3066,1,4,6.77,4.47,3.63,48,19,31,45,38,2,0,2201,35,successfulDribbles,TUR,2023-2024,datafc_sofascore,2026-08-09T01:36:50.770462
52,53190,Wilfried Zaha,111850,Galatasaray,3061,9,3,7.18,4.15,2.63,48,19,23,43,29,2,0,1433,30,successfulDribbles,TUR,2023-2024,datafc_sofascore,2026-08-09T01:36:50.770462
52,53190,David Akintola,798676,Çaykur Rizespor,3064,3,3,6.77,6.51,1.75,39,10,24,43,26,4,0,1942,25,successfulDribbles,TUR,2023-2024,datafc_sofascore,2026-08-09T01:36:50.770462
52,53190,Mustafa Eskihellaç,899069,Gaziantep FK,5138,2,3,6.93,1.29,2.92,25,5,29,41,66,5,0,3067,35,successfulDribbles,TUR,2023-2024,datafc_sofascore,2026-08-09T01:36:50.770462
52,53190,Renaldo Cephas,1384968,MKE Ankaragücü,3103,3,1,6.83,4.71,1.91,43,19,15,41,28,5,0,1626,31,successfulDribbles,TUR,2023-2024,datafc_sofascore,2026-08-09T01:36:50.770462
52,53190,Semih Kılıçsoy,1142606,Beşiktaş JK,3050,11,4,7.13,5.59,1.48,57,24,16,40,16,5,0,1695,23,successfulDribbles,TUR,2023-2024,datafc_sofascore,2026-08-09T01:36:50.770462
52,53190,Güven Yalçın,826162,Fatih Karagümrük,4954,9,4,6.91,5.75,1.33,58,21,28,39,15,5,0,2136,32,successfulDribbles,TUR,2023-2024,datafc_sofascore,2026-08-09T01:36:50.770462
52,53190,Alassane Ndao,1016033,Konyaspor,3085,3,2,6.88,3.74,4.83,40,9,41,38,35,3,0,2771,36,successfulDribbles,TUR,2023-2024,datafc_sofascore,2026-08-09T01:36:50.770462
52,53190,Fredrik Midtsjø,98198,Pendikspor,7032,1,2,6.91,1.15,3.14,16,5,34,37,28,4,0,1928,26,successfulDribbles,TUR,2023-2024,datafc_sofascore,2026-08-09T01:36:50.770462
52,53190,Levent Mercan,1085938,Fatih Karagümrük,4954,1,5,6.9,0.7,2.51,14,1,33,37,82,8,0,3113,36,successfulDribbles,TUR,2023-2024,datafc_sofascore,2026-08-09T01:36:50.770462
52,53190,Cláudio Winck,155998,Kasımpaşa,6063,3,1,6.82,3.38,2.58,31,8,22,37,72,7,1,2862,32,successfulDribbles,TUR,2023-2024,datafc_sofascore,2026-08-09T01:36:50.770462
52,53190,İrfan Can Kahveci,226986,Fenerbahçe,3052,12,7,7.39,3.98,7.71,40,21,52,36,33,5,0,2027,31,successfulDribbles,TUR,2023-2024,datafc_sofascore,2026-08-09T01:36:50.770462
52,53190,Alexandru Maxim,180511,Gaziantep FK,5138,3,8,7.16,5.85,7.47,43,16,80,36,38,4,2,2674,34,successfulDribbles,TUR,2023-2024,datafc_sofascore,2026-08-09T01:36:50.770462
52,53190,Florian Loshaj,831407,İstanbulspor,3066,5,0,6.98,4.81,2.98,56,18,34,35,66,8,1,2705,32,successfulDribbles,TUR,2023-2024,datafc_sofascore,2026-08-09T01:36:50.770462
52,53190,Jackson Muleka,927649,Beşiktaş JK,3050,4,1,6.9,4.52,1.43,53,18,19,35,33,1,0,1640,30,successfulDribbles,TUR,2023-2024,datafc_sofascore,2026-08-09T01:36:50.770462
52,53190,Gökhan Sazdağı,595396,Kayserispor,3072,0,5,6.79,1.56,2.92,25,7,26,35,92,9,0,2905,34,successfulDribbles,TUR,2023-2024,datafc_sofascore,2026-08-09T01:36:50.770462
52,53190,Youcef Atal,894238,Adana Demirspor,3101,1,2,7.09,0.62,1.13,12,5,11,34,28,2,1,818,11,successfulDribbles,TUR,2023-2024,datafc_sofascore,2026-08-09T01:36:50.770462
52,53190,Arthur Masuaku,174975,Beşiktaş JK,3050,0,0,6.82,0.17,1.15,7,3,14,34,29,5,0,1451,18,successfulDribbles,TUR,2023-2024,datafc_sofascore,2026-08-09T01:36:50.770462
52,53190,Dario Šarić,848385,Antalyaspor,3056,3,0,6.85,2.65,0.77,47,11,21,33,44,2,0,2563,32,successfulDribbles,TUR,2023-2024,datafc_sofascore,2026-08-09T01:36:50.770462
52,53190,David Sambissa,280459,İstanbulspor,3066,1,3,6.72,0.72,3.04,17,10,17,33,26,1,0,1564,25,successfulDribbles,TUR,2023-2024,datafc_sofascore,2026-08-09T01:36:50.770462
52,53190,Dušan Tadić,38560,Fenerbahçe,3052,10,14,7.42,14.9,14.16,53,28,88,32,33,3,0,3157,38,successfulDribbles,TUR,2023-2024,datafc_sofascore,2026-08-09T01:36:50.770462
52,53190,Kerem Aktürkoğlu,903324,Galatasaray,3061,12,6,7.33,12.89,8.17,79,29,73,32,28,3,1,2479,37,successfulDribbles,TUR,2023-2024,datafc_sofascore,2026-08-09T01:36:50.770462
52,53190,Emre Akbaba,343527,Adana Demirspor,3101,7,2,7.19,7.41,3.26,64,20,43,32,65,5,0,2682,32,successfulDribbles,TUR,2023-2024,datafc_sofascore,2026-08-09T01:36:50.770462
52,53190,Arnaud Lusamba,361342,Pendikspor,7032,0,3,6.93,0.31,1.96,9,4,24,32,48,5,1,2024,27,successfulDribbles,TUR,2023-2024,datafc_sofascore,2026-08-09T01:36:50.770462
52,53190,Ömer Faruk Beyaz,1022881,Hatayspor,3091,0,0,6.74,1.52,1.8,18,9,15,32,49,6,0,1390,27,successfulDribbles,TUR,2023-2024,datafc_sofascore,2026-08-09T01:36:50.770462
52,53190,Mithat Pala,1016393,Çaykur Rizespor,3064,0,2,6.62,0.35,0.69,13,3,13,32,50,6,1,1551,25,successfulDribbles,TUR,2023-2024,datafc_sofascore,2026-08-09T01:36:50.770462
52,53190,Emre Kılınç,202032,Samsunspor,3053,4,4,7.12,2.09,4.63,31,5,53,31,62,4,0,2574,33,successfulDribbles,TUR,2023-2024,datafc_sofascore,2026-08-09T01:36:50.770462
52,53190,Miguel Cardoso,344009,Kayserispor,3072,1,7,7.08,5.41,7.21,65,18,66,31,39,4,0,2524,30,successfulDribbles,TUR,2023-2024,datafc_sofascore,2026-08-09T01:36:50.770462
52,53190,Enis Bardhi,355024,Trabzonspor,3051,6,4,7.06,3.19,3.28,56,20,37,31,34,3,0,2342,34,successfulDribbles,TUR,2023-2024,datafc_sofascore,2026-08-09T01:36:50.770462
52,53190,Efkan Bekiroğlu,800458,MKE Ankaragücü,3103,9,4,7.04,4.65,3.74,52,16,39,31,20,2,1,2139,30,successfulDribbles,TUR,2023-2024,datafc_sofascore,2026-08-09T01:36:50.770462
52,53190,Ramzi Safouri,186949,Antalyaspor,3056,0,7,7.04,2.16,5.15,39,15,56,31,17,3,1,1803,30,successfulDribbles,TUR,2023-2024,datafc_sofascore,2026-08-09T01:36:50.770462
52,53190,Efecan Karaca,60510,Alanyaspor,6362,2,3,7.02,3.18,4.83,21,9,50,31,57,5,0,2753,37,successfulDribbles,TUR,2023-2024,datafc_sofascore,2026-08-09T01:36:50.770462
52,53190,Mortadha Ben Ouanes,919225,Kasımpaşa,6063,7,5,7.01,3.26,4.88,36,15,45,31,41,8,0,2999,36,successfulDribbles,TUR,2023-2024,datafc_sofascore,2026-08-09T01:36:50.770462
52,53190,Dal Varešanović,979109,Çaykur Rizespor,3064,8,2,6.76,7.09,2.96,51,16,20,31,13,5,0,2017,32,successfulDribbles,TUR,2023-2024,datafc_sofascore,2026-08-09T01:36:50.770462
52,53190,Guilherme Haubert Sityá,224112,Konyaspor,3085,5,7,7.35,1.62,6.83,18,6,88,30,87,1,0,3267,37,successfulDribbles,TUR,2023-2024,datafc_sofascore,2026-08-09T01:36:50.770462
52,53190,Deniz Türüç,252207,Başakşehir FK,3086,2,12,7.15,2.26,5.68,39,17,60,30,31,11,0,2678,34,successfulDribbles,TUR,2023-2024,datafc_sofascore,2026-08-09T01:36:50.770462
52,53190,Emre Mor,826258,Fatih Karagümrük,4954,1,0,6.84,2.52,1.69,21,8,16,30,13,4,0,752,15,successfulDribbles,TUR,2023-2024,datafc_sofascore,2026-08-09T01:36:50.770462
52,53190,İsmail Yüksek,952600,Fenerbahçe,3052,0,4,7.15,2.24,2.28,26,4,29,29,73,5,2,2319,30,successfulDribbles,TUR,2023-2024,datafc_sofascore,2026-08-09T01:36:50.770462
52,53190,Ryan Mendes,52797,Fatih Karagümrük,4954,4,4,6.96,2.1,3.44,33,15,26,29,32,5,2,1508,23,successfulDribbles,TUR,2023-2024,datafc_sofascore,2026-08-09T01:36:50.770462
52,53190,Taha Şahin,1394729,Çaykur Rizespor,3064,0,4,6.87,0.65,2.84,8,0,27,29,58,5,0,2854,34,successfulDribbles,TUR,2023-2024,datafc_sofascore,2026-08-09T01:36:50.770462
52,53190,Batista Mendy,859021,Trabzonspor,3051,1,0,6.85,0.67,1.17,19,4,7,29,45,8,1,2682,30,successfulDribbles,TUR,2023-2024,datafc_sofascore,2026-08-09T01:36:50.770462
52,53190,Berkay Özcan,806964,Başakşehir FK,3086,2,2,6.84,2.66,1.41,26,8,21,29,36,2,0,2820,34,successfulDribbles,TUR,2023-2024,datafc_sofascore,2026-08-09T01:36:50.770462
52,53190,Edin Višća,109779,Trabzonspor,3051,5,9,7.28,4.34,8.93,63,16,91,28,34,1,0,2762,36,successfulDribbles,TUR,2023-2024,datafc_sofascore,2026-08-09T01:36:50.770462
52,53190,Mamadou Fall,822228,Kasımpaşa,6063,8,2,6.94,6.19,3.57,49,17,54,28,22,4,0,2854,34,successfulDribbles,TUR,2023-2024,datafc_sofascore,2026-08-09T01:36:50.770462
52,53190,Can Keleş,918408,Fatih Karagümrük,4954,5,3,6.82,4.65,3.61,56,24,27,28,18,3,0,2272,35,successfulDribbles,TUR,2023-2024,datafc_sofascore,2026-08-09T01:36:50.770462
52,53190,Halil Dervişoğlu,930775,Hatayspor,3091,0,1,6.8,3.07,1.31,35,11,18,28,25,0,0,957,25,successfulDribbles,TUR,2023-2024,datafc_sofascore,2026-08-09T01:36:50.770462
52,53190,Valentin Eysseric,139798,Fatih Karagümrük,4954,5,7,7.46,4.48,7.64,54,18,74,27,42,7,1,2420,31,successfulDribbles,TUR,2023-2024,datafc_sofascore,2026-08-09T01:36:50.770462
52,53190,Adam Buksa,1138856,Antalyaspor,3056,16,2,7.19,12.27,0.84,93,39,21,27,17,8,0,2925,33,successfulDribbles,TUR,2023-2024,datafc_sofascore,2026-08-09T01:36:50.770462
52,53190,Sagiv Jehezkel,1513792,Antalyaspor,3056,6,2,7.09,3.27,1.33,22,11,14,27,17,4,0,918,13,successfulDribbles,TUR,2023-2024,datafc_sofascore,2026-08-09T01:36:50.770462
52,53190,Sokol Cikalleshi,81138,Konyaspor,3085,12,5,6.94,10.96,1.11,64,21,27,27,23,3,0,2364,33,successfulDribbles,TUR,2023-2024,datafc_sofascore,2026-08-09T01:36:50.770462
52,53190,Charis Charisis,317297,Sivasspor,3076,1,4,6.91,1.06,1.29,19,5,29,27,70,8,0,2424,30,successfulDribbles,TUR,2023-2024,datafc_sofascore,2026-08-09T01:36:50.770462
52,53190,Valon Ethemi,904945,Konyaspor,3085,2,4,6.75,3.04,3.08,37,10,31,27,18,4,0,1919,30,successfulDribbles,TUR,2023-2024,datafc_sofascore,2026-08-09T01:36:50.770462
52,53190,Haris Hajradinović,254979,Kasımpaşa,6063,5,14,7.39,6.16,9.69,69,21,104,26,63,3,0,3307,38,successfulDribbles,TUR,2023-2024,datafc_sofascore,2026-08-09T01:36:50.770462
52,53190,Samu Sáiz,99527,Sivasspor,3076,4,3,7.25,2.05,2.29,29,15,33,26,8,3,0,1357,17,successfulDribbles,TUR,2023-2024,datafc_sofascore,2026-08-09T01:36:50.770462
52,53190,Didier Lamkel Zé,845272,Hatayspor,3091,3,2,7.05,2.98,2.28,22,7,14,26,10,3,0,947,15,successfulDribbles,TUR,2023-2024,datafc_sofascore,2026-08-09T01:36:50.770462
52,53190,Bright Osayi-Samuel,791616,Fenerbahçe,3052,4,1,7.0,1.01,1.01,5,4,9,26,41,11,0,1743,23,successfulDribbles,TUR,2023-2024,datafc_sofascore,2026-08-09T01:36:50.770462
52,53190,Erdoğan Yeşilyurt,142541,Antalyaspor,3056,3,3,6.89,1.78,2.25,31,7,31,26,41,8,1,2485,34,successfulDribbles,TUR,2023-2024,datafc_sofascore,2026-08-09T01:36:50.770462
52,53190,Yusuf Erdoğan,256663,Adana Demirspor,3101,5,2,6.8,4.08,2.0,43,15,23,26,32,4,0,2594,35,successfulDribbles,TUR,2023-2024,datafc_sofascore,2026-08-09T01:36:50.770462
52,53190,Fred,243623,Fenerbahçe,3052,3,4,7.34,3.99,4.93,50,15,31,25,51,5,1,2051,25,successfulDribbles,TUR,2023-2024,datafc_sofascore,2026-08-09T01:36:50.770462
52,53190,Badou Ndiaye,228342,Pendikspor,7032,1,0,7.07,1.71,1.22,25,7,15,25,39,3,0,1518,20,successfulDribbles,TUR,2023-2024,datafc_sofascore,2026-08-09T01:36:50.770462
52,53190,Rigoberto Rivas,837742,Hatayspor,3091,5,4,6.92,3.4,3.2,31,12,29,25,47,6,0,2431,29,successfulDribbles,TUR,2023-2024,datafc_sofascore,2026-08-09T01:36:50.770462
52,53190,João Novais,233370,Alanyaspor,6362,5,2,6.9,5.14,4.58,46,17,33,25,22,7,0,2075,32,successfulDribbles,TUR,2023-2024,datafc_sofascore,2026-08-09T01:36:50.770462
52,53190,Emrah Başsan,174141,Sivasspor,3076,0,3,6.9,1.86,2.09,29,11,25,25,18,2,0,1445,24,successfulDribbles,TUR,2023-2024,datafc_sofascore,2026-08-09T01:36:50.770462
52,53190,Lazar Marković,98461,Gaziantep FK,5138,3,5,6.82,2.25,2.02,22,10,23,25,18,7,0,1561,30,successfulDribbles,TUR,2023-2024,datafc_sofascore,2026-08-09T01:36:50.770462
52,53190,Clinton N'Jie,291665,Sivasspor,3076,2,2,6.64,2.04,1.56,23,13,19,25,13,2,1,1289,28,successfulDribbles,TUR,2023-2024,datafc_sofascore,2026-08-09T01:36:50.770462
52,53190,Davidson,814334,Başakşehir FK,3086,4,0,7.11,4.1,1.3,22,7,12,24,19,2,0,980,14,successfulDribbles,TUR,2023-2024,datafc_sofascore,2026-08-09T01:36:50.770462
52,53190,Nicolas Janvier,802150,Alanyaspor,6362,4,2,7.04,2.42,3.0,35,9,33,24,30,3,0,1655,34,successfulDribbles,TUR,2023-2024,datafc_sofascore,2026-08-09T01:36:50.770462
52,53190,Alex Oxlade-Chamberlain,10577,Beşiktaş JK,3050,4,1,6.97,3.21,1.02,26,11,17,24,9,0,0,994,20,successfulDribbles,TUR,2023-2024,datafc_sofascore,2026-08-09T01:36:50.770462
52,53190,Léo Dubois,552680,Başakşehir FK,3086,1,4,6.9,0.68,3.23,12,4,29,24,29,3,0,2315,31,successfulDribbles,TUR,2023-2024,datafc_sofascore,2026-08-09T01:36:50.770462
52,53190,Carlos Eduardo,795295,Alanyaspor,6362,4,1,6.8,4.66,1.91,34,12,16,24,33,3,0,1532,29,successfulDribbles,TUR,2023-2024,datafc_sofascore,2026-08-09T01:36:50.770462
52,53190,Louka Prip,976127,Konyaspor,3085,6,0,6.73,2.61,0.93,29,17,11,24,19,1,0,1633,35,successfulDribbles,TUR,2023-2024,datafc_sofascore,2026-08-09T01:36:50.770462
52,53190,Mahmoud Trézéguet,295361,Trabzonspor,3051,9,5,7.17,6.45,3.71,57,20,29,23,17,2,0,1529,24,successfulDribbles,TUR,2023-2024,datafc_sofascore,2026-08-09T01:36:50.770462
52,53190,Gustavo Sauer,904505,Çaykur Rizespor,3064,1,1,6.89,0.92,2.52,27,8,35,23,54,4,0,1449,32,successfulDribbles,TUR,2023-2024,datafc_sofascore,2026-08-09T01:36:50.770462
52,53190,Olivier Ntcham,352676,Samsunspor,3053,6,0,6.75,6.23,1.94,50,15,14,23,14,5,0,1872,27,successfulDribbles,TUR,2023-2024,datafc_sofascore,2026-08-09T01:36:50.770462
52,53190,Edin Džeko,14990,Fenerbahçe,3052,21,3,7.39,21.64,5.15,147,64,37,22,19,3,0,2741,36,successfulDribbles,TUR,2023-2024,datafc_sofascore,2026-08-09T01:36:50.770462
52,53190,Salih Uçan,135695,Beşiktaş JK,3050,1,3,7.11,1.52,4.11,20,4,20,22,41,6,0,1579,23,successfulDribbles,TUR,2023-2024,datafc_sofascore,2026-08-09T01:36:50.770462
52,53190,Maestro,1002146,Adana Demirspor,3101,0,1,7.03,0.06,0.68,2,0,12,22,40,3,0,1123,13,successfulDribbles,TUR,2023-2024,datafc_sofascore,2026-08-09T01:36:50.770462
52,53190,Olivier Kemen,280447,Başakşehir FK,3086,3,3,6.94,2.83,2.42,23,9,28,22,21,3,0,1751,27,successfulDribbles,TUR,2023-2024,datafc_sofascore,2026-08-09T01:36:50.770462
52,53190,Édouard Michut,1048011,Adana Demirspor,3101,0,1,6.9,0.78,1.7,17,6,20,22,36,6,0,1734,24,successfulDribbles,TUR,2023-2024,datafc_sofascore,2026-08-09T01:36:50.770462
52,53190,Jayden Oosterwolde,1048324,Fenerbahçe,3052,0,0,6.85,0.65,2.19,7,2,9,22,42,8,0,1925,27,successfulDribbles,TUR,2023-2024,datafc_sofascore,2026-08-09T01:36:50.770462
52,53190,Ali Kaan Güneren,867848,MKE Ankaragücü,3103,1,1,6.8,2.9,0.84,23,7,14,22,44,1,0,1934,33,successfulDribbles,TUR,2023-2024,datafc_sofascore,2026-08-09T01:36:50.770462
52,53190,Tetê,980327,Galatasaray,3061,0,3,6.8,3.8,2.97,37,14,27,22,10,1,0,1136,33,successfulDribbles,TUR,2023-2024,datafc_sofascore,2026-08-09T01:36:50.770462
52,53190,Fernando Muslera,28381,Galatasaray,3061,0,0,7.2,0.0,0.32,0,0,2,1,1,4,0,3300,37,successfulDribblesPercentage,TUR,2023-2024,datafc_sofascore,2026-08-09T01:36:50.770462
52,53190,Ertaç Özbir,126077,MKE Ankaragücü,3103,0,0,7.19,0.0,0.01,0,0,0,1,1,3,2,1137,14,successfulDribblesPercentage,TUR,2023-2024,datafc_sofascore,2026-08-09T01:36:50.770462
52,53190,Gökhan Akkan,225012,Çaykur Rizespor,3064,0,1,7.17,0.0,0.04,0,0,2,1,1,2,0,2640,30,successfulDribblesPercentage,TUR,2023-2024,datafc_sofascore,2026-08-09T01:36:50.770462
52,53190,Omar Colley,238408,Beşiktaş JK,3050,7,0,7.14,3.23,0.36,13,9,6,2,27,4,1,1935,22,successfulDribblesPercentage,TUR,2023-2024,datafc_sofascore,2026-08-09T01:36:50.770462
52,53190,Victor Nelsson,846148,Galatasaray,3061,2,0,7.12,1.56,0.89,19,6,5,1,22,3,0,2570,32,successfulDribblesPercentage,TUR,2023-2024,datafc_sofascore,2026-08-09T01:36:50.770462
52,53190,Joe Worrall,838399,Beşiktaş JK,3050,1,0,7.08,0.26,0.06,3,1,1,1,11,1,0,495,6,successfulDribblesPercentage,TUR,2023-2024,datafc_sofascore,2026-08-09T01:36:50.770462
52,53190,Uğurcan Çakır,754330,Trabzonspor,3051,0,0,7.04,0.0,0.12,0,0,1,1,1,4,0,3060,34,successfulDribblesPercentage,TUR,2023-2024,datafc_sofascore,2026-08-09T01:36:50.770462
52,53190,Umut Meraş,609746,Beşiktaş JK,3050,0,0,7.0,0.07,0.23,2,0,1,2,17,1,0,494,7,successfulDribblesPercentage,TUR,2023-2024,datafc_sofascore,2026-08-09T01:36:50.770462
52,53190,Filip Damjanović,851666,Konyaspor,3085,0,0,6.99,0.99,0.09,13,2,0,1,4,2,0,888,13,successfulDribblesPercentage,TUR,2023-2024,datafc_sofascore,2026-08-09T01:36:50.770462
52,53190,Ibrahim Drešević,817987,Fatih Karagümrük,4954,0,1,6.99,0.31,0.57,3,0,3,4,28,4,0,1365,16,successfulDribblesPercentage,TUR,2023-2024,datafc_sofascore,2026-08-09T01:36:50.770462
52,53190,Erce Kardeşler,758606,Hatayspor,3091,0,0,6.98,0.0,0.09,0,0,0,1,1,8,0,3109,35,successfulDribblesPercentage,TUR,2023-2024,datafc_sofascore,2026-08-09T01:36:50.770462
52,53190,Andreas Gianniotis,236746,Kasımpaşa,6063,0,0,6.95,0.0,0.04,0,0,2,1,3,3,0,2790,31,successfulDribblesPercentage,TUR,2023-2024,datafc_sofascore,2026-08-09T01:36:50.770462
52,53190,Nuno Lima,1133301,Alanyaspor,6362,0,0,6.93,0.6,0.52,8,1,4,3,11,2,0,1179,19,successfulDribblesPercentage,TUR,2023-2024,datafc_sofascore,2026-08-09T01:36:50.770462
52,53190,Nikola Maksimović,68076,Hatayspor,3091,0,0,6.92,0.71,0.3,6,2,3,3,15,2,0,1381,18,successfulDribblesPercentage,TUR,2023-2024,datafc_sofascore,2026-08-09T01:36:50.770462
52,53190,Alp Arda,999485,İstanbulspor,3066,0,0,6.92,,0.06,0,0,0,2,0,3,0,1693,19,successfulDribblesPercentage,TUR,2023-2024,datafc_sofascore,2026-08-09T01:36:50.770462
52,53190,Anderson Niangbo,359224,Konyaspor,3085,0,0,6.9,,0.01,0,0,0,1,1,0,0,9,1,successfulDribblesPercentage,TUR,2023-2024,datafc_sofascore,2026-08-09T01:36:50.770462
52,53190,Rodrigo Becão,880207,Fenerbahçe,3052,0,0,6.9,0.28,0.16,6,0,2,2,10,4,0,1123,16,successfulDribblesPercentage,TUR,2023-2024,datafc_sofascore,2026-08-09T01:36:50.770462
52,53190,Uroš Radaković,151900,MKE Ankaragücü,3103,1,1,6.89,1.52,0.41,17,4,7,4,42,8,0,3070,35,successfulDribblesPercentage,TUR,2023-2024,datafc_sofascore,2026-08-09T01:36:50.770462
52,53190,Dominik Livaković,190419,Fenerbahçe,3052,0,0,6.89,0.0,0.04,0,0,2,1,2,1,0,3059,34,successfulDribblesPercentage,TUR,2023-2024,datafc_sofascore,2026-08-09T01:36:50.770462
52,53190,Mert Günok,39573,Beşiktaş JK,3050,0,0,6.89,0.02,0.1,1,0,3,2,0,4,1,2543,30,successfulDribblesPercentage,TUR,2023-2024,datafc_sofascore,2026-08-09T01:36:50.770462
52,53190,Alim Öztürk,151074,Samsunspor,3053,0,2,6.86,0.6,1.35,7,3,4,1,29,6,0,1927,25,successfulDribblesPercentage,TUR,2023-2024,datafc_sofascore,2026-08-09T01:36:50.770462
52,53190,Pape Abou Cissé,790198,Adana Demirspor,3101,0,0,6.8,0.43,0.1,6,1,1,5,6,1,0,733,13,successfulDribblesPercentage,TUR,2023-2024,datafc_sofascore,2026-08-09T01:36:50.770462
52,53190,Gökhan Töre,88125,Konyaspor,3085,0,0,6.8,0.06,0.17,1,0,3,1,3,0,0,45,3,successfulDribblesPercentage,TUR,2023-2024,datafc_sofascore,2026-08-09T01:36:50.770462
52,53190,Hakan Arslan,60646,Sivasspor,3076,0,0,6.78,1.26,0.12,8,2,2,5,21,1,0,564,16,successfulDribblesPercentage,TUR,2023-2024,datafc_sofascore,2026-08-09T01:36:50.770462
52,53190,Husniddin Aliqulov,1121174,Çaykur Rizespor,3064,0,0,6.75,1.18,0.16,14,4,6,1,16,4,0,1326,21,successfulDribblesPercentage,TUR,2023-2024,datafc_sofascore,2026-08-09T01:36:50.770462
52,53190,Metehan Mert,962535,Konyaspor,3085,0,0,6.75,0.27,0.03,6,1,1,2,1,0,0,360,4,successfulDribblesPercentage,TUR,2023-2024,datafc_sofascore,2026-08-09T01:36:50.770462
52,53190,Şener Özbayraklı,129992,Başakşehir FK,3086,0,0,6.75,0.0,0.01,0,0,1,2,4,0,0,127,2,successfulDribblesPercentage,TUR,2023-2024,datafc_sofascore,2026-08-09T01:36:50.770462
52,53190,Jens Stryger Larsen,44848,Trabzonspor,3051,0,0,6.74,0.1,0.52,2,0,6,1,9,2,0,937,15,successfulDribblesPercentage,TUR,2023-2024,datafc_sofascore,2026-08-09T01:36:50.770462
52,53190,Leonardo Bonucci,15444,Fenerbahçe,3052,0,1,6.73,,0.04,0,0,1,1,2,1,0,212,8,successfulDribblesPercentage,TUR,2023-2024,datafc_sofascore,2026-08-09T01:36:50.770462
52,53190,Bartuğ Elmaz,997165,Sivasspor,3076,0,1,6.72,0.18,0.77,6,2,8,2,12,3,0,765,17,successfulDribblesPercentage,TUR,2023-2024,datafc_sofascore,2026-08-09T01:36:50.770462
52,53190,Mehdi Boudjemaa,960088,Hatayspor,3091,1,0,6.7,0.27,0.24,9,1,3,3,14,3,0,643,16,successfulDribblesPercentage,TUR,2023-2024,datafc_sofascore,2026-08-09T01:36:50.770462
52,53190,Cem Türkmen,997127,MKE Ankaragücü,3103,0,1,6.69,0.0,0.12,0,0,3,2,4,0,0,179,10,successfulDribblesPercentage,TUR,2023-2024,datafc_sofascore,2026-08-09T01:36:50.770462
52,53190,Berkay Sülüngöz,839895,Pendikspor,7032,1,0,6.67,0.47,0.11,7,1,0,1,18,1,0,1332,19,successfulDribblesPercentage,TUR,2023-2024,datafc_sofascore,2026-08-09T01:36:50.770462
52,53190,Onurcan Piri,213542,Kayserispor,3072,0,0,6.67,,0.0,0,0,0,1,0,1,0,269,3,successfulDribblesPercentage,TUR,2023-2024,datafc_sofascore,2026-08-09T01:36:50.770462
52,53190,Adem Ljajić,39587,Fatih Karagümrük,4954,0,0,6.65,0.0,0.01,0,0,1,1,0,0,0,83,2,successfulDribblesPercentage,TUR,2023-2024,datafc_sofascore,2026-08-09T01:36:50.770462
52,53190,Joaquín Fernández,822923,Trabzonspor,3051,0,0,6.64,0.13,0.04,1,0,0,1,9,1,0,394,13,successfulDribblesPercentage,TUR,2023-2024,datafc_sofascore,2026-08-09T01:36:50.770462
52,53190,Trazie Thomas Zai,1083235,Kasımpaşa,6063,0,0,6.63,0.04,0.14,1,0,2,1,0,1,0,127,7,successfulDribblesPercentage,TUR,2023-2024,datafc_sofascore,2026-08-09T01:36:50.770462
52,53190,Fredy,845281,Antalyaspor,3056,0,0,6.6,0.08,0.02,1,0,0,2,3,0,0,141,3,successfulDribblesPercentage,TUR,2023-2024,datafc_sofascore,2026-08-09T01:36:50.770462
52,53190,Abdulsamet Burak,900798,Adana Demirspor,3101,0,0,6.59,0.0,0.05,0,0,3,4,10,0,0,449,7,successfulDribblesPercentage,TUR,2023-2024,datafc_sofascore,2026-08-09T01:36:50.770462
52,53190,Dimitris Kolovetsios,68228,Kayserispor,3072,0,0,6.58,0.36,0.12,8,4,2,2,14,1,0,1500,23,successfulDribblesPercentage,TUR,2023-2024,datafc_sofascore,2026-08-09T01:36:50.770462
52,53190,José Rodríguez,138394,Adana Demirspor,3101,0,0,6.56,0.03,0.03,1,1,0,3,0,0,1,147,5,successfulDribblesPercentage,TUR,2023-2024,datafc_sofascore,2026-08-09T01:36:50.770462
52,53190,Valmir Veliu,1014717,Gaziantep FK,5138,0,0,6.55,0.0,0.03,0,0,0,2,1,0,0,35,3,successfulDribblesPercentage,TUR,2023-2024,datafc_sofascore,2026-08-09T01:36:50.770462
52,53190,Hayrullah Erkip,1177165,Kayserispor,3072,0,0,6.53,0.42,0.15,1,0,1,6,1,0,0,61,4,successfulDribblesPercentage,TUR,2023-2024,datafc_sofascore,2026-08-09T01:36:50.770462
52,53190,Kubilay Koylu,1084572,İstanbulspor,3066,0,1,6.52,0.0,0.12,0,0,1,2,0,0,0,53,5,successfulDribblesPercentage,TUR,2023-2024,datafc_sofascore,2026-08-09T01:36:50.770462
52,53190,Fahri Ay,1195756,Beşiktaş JK,3050,0,0,6.4,0.41,0.01,1,1,0,2,0,1,0,91,2,successfulDribblesPercentage,TUR,2023-2024,datafc_sofascore,2026-08-09T01:36:50.770462
52,53190,Ahmet Kağan Malatyalı,1096284,Kayserispor,3072,0,0,6.4,0.0,0.0,0,0,0,1,1,0,0,15,1,successfulDribblesPercentage,TUR,2023-2024,datafc_sofascore,2026-08-09T01:36:50.770462
52,53190,Nicolas Janvier,802150,Alanyaspor,6362,4,2,7.04,2.42,3.0,35,9,33,24,30,3,0,1655,34,successfulDribblesPercentage,TUR,2023-2024,datafc_sofascore,2026-08-09T01:36:50.770462
52,53190,Yaw Ackah,984096,Kayserispor,3072,0,0,6.69,0.1,0.17,3,0,2,10,23,2,0,850,19,successfulDribblesPercentage,TUR,2023-2024,datafc_sofascore,2026-08-09T01:36:50.770462
52,53190,Davinson Sánchez,566102,Galatasaray,3061,2,0,7.05,3.71,0.58,17,4,4,7,39,4,0,1602,23,successfulDribblesPercentage,TUR,2023-2024,datafc_sofascore,2026-08-09T01:36:50.770462
52,53190,Simon Deli,326419,İstanbulspor,3066,0,0,6.87,0.85,0.73,9,2,7,6,23,7,0,2167,27,successfulDribblesPercentage,TUR,2023-2024,datafc_sofascore,2026-08-09T01:36:50.770462
52,53190,Arif Kocaman,1173638,Kayserispor,3072,0,1,6.7,1.32,0.09,8,2,2,6,16,5,1,1742,25,successfulDribblesPercentage,TUR,2023-2024,datafc_sofascore,2026-08-09T01:36:50.770462
52,53190,Francisco Calvo,156400,Konyaspor,3085,0,0,6.99,1.86,0.24,14,3,5,15,31,4,0,1449,17,successfulDribblesPercentage,TUR,2023-2024,datafc_sofascore,2026-08-09T01:36:50.770462
52,53190,Faouzi Ghoulam,133236,Hatayspor,3091,1,2,6.95,0.67,3.16,14,6,29,5,19,8,0,1427,21,successfulDribblesPercentage,TUR,2023-2024,datafc_sofascore,2026-08-09T01:36:50.770462
52,53190,Bahadır Öztürk,790783,Antalyaspor,3056,1,0,6.95,0.75,0.08,6,1,1,5,28,3,0,1493,25,successfulDribblesPercentage,TUR,2023-2024,datafc_sofascore,2026-08-09T01:36:50.770462
52,53190,Soner Gönül,867727,Samsunspor,3053,0,1,6.77,0.21,0.9,14,2,8,5,45,2,0,1930,24,successfulDribblesPercentage,TUR,2023-2024,datafc_sofascore,2026-08-09T01:36:50.770462
52,53190,Guy-Marcelin Kilama,944222,Hatayspor,3091,2,1,6.9,1.1,0.38,9,2,11,14,44,4,0,3136,35,successfulDribblesPercentage,TUR,2023-2024,datafc_sofascore,2026-08-09T01:36:50.770462
52,53190,Jerome Opoku,920514,Başakşehir FK,3086,4,1,7.06,1.9,0.74,11,5,9,18,26,6,1,2481,28,successfulDribblesPercentage,TUR,2023-2024,datafc_sofascore,2026-08-09T01:36:50.770462
52,53190,Semih Güler,325155,Adana Demirspor,3101,0,1,7.09,1.18,0.93,24,6,8,4,52,4,1,2801,32,successfulDribblesPercentage,TUR,2023-2024,datafc_sofascore,2026-08-09T01:36:50.770462
52,53190,Alexander Djiku,289977,Fenerbahçe,3052,3,1,7.01,2.27,0.38,12,3,7,4,39,5,1,2032,25,successfulDribblesPercentage,TUR,2023-2024,datafc_sofascore,2026-08-09T01:36:50.770462
52,53190,Rade Krunić,155449,Fenerbahçe,3052,0,0,6.91,1.37,0.65,12,3,9,4,15,0,0,779,12,successfulDribblesPercentage,TUR,2023-2024,datafc_sofascore,2026-08-09T01:36:50.770462
52,53190,Ertuğrul Ersoy,355004,Gaziantep FK,5138,1,0,6.9,0.92,0.13,11,3,4,4,35,3,0,1470,17,successfulDribblesPercentage,TUR,2023-2024,datafc_sofascore,2026-08-09T01:36:50.770462
52,53190,Hayrullah Bilazer,852161,MKE Ankaragücü,3103,0,0,6.89,0.02,0.29,1,0,6,8,24,1,0,708,9,successfulDribblesPercentage,TUR,2023-2024,datafc_sofascore,2026-08-09T01:36:50.770462
52,53190,Ege Bilsel,1011244,Antalyaspor,3056,0,0,6.85,0.05,0.0,1,1,1,4,3,1,0,59,3,successfulDribblesPercentage,TUR,2023-2024,datafc_sofascore,2026-08-09T01:36:50.770462
52,53190,Koray Günter,138165,Fatih Karagümrük,4954,0,0,6.81,0.23,0.46,5,1,1,4,10,3,0,691,10,successfulDribblesPercentage,TUR,2023-2024,datafc_sofascore,2026-08-09T01:36:50.770462
52,53190,Okan Erdoğan,881213,İstanbulspor,3066,0,0,6.63,0.33,1.04,6,1,7,16,51,7,1,2460,30,successfulDribblesPercentage,TUR,2023-2024,datafc_sofascore,2026-08-09T01:36:50.770462
52,53190,Erdal Rakip,319871,Antalyaspor,3056,0,1,6.78,0.7,0.5,13,3,11,19,46,5,1,1329,28,successfulDribblesPercentage,TUR,2023-2024,datafc_sofascore,2026-08-09T01:36:50.770462
52,53190,Ľubomír Šatka,187231,Samsunspor,3053,1,1,6.79,0.57,0.45,3,1,6,7,24,2,0,2208,26,successfulDribblesPercentage,TUR,2023-2024,datafc_sofascore,2026-08-09T01:36:50.770462
52,53190,Janio Bikel,581606,Gaziantep FK,5138,0,0,6.64,0.04,0.12,1,1,5,7,12,3,0,497,16,successfulDribblesPercentage,TUR,2023-2024,datafc_sofascore,2026-08-09T01:36:50.770462
52,53190,Jonas Svensson,98199,Beşiktaş JK,3050,0,3,7.1,0.13,2.29,4,0,23,10,50,4,0,2065,24,successfulDribblesPercentage,TUR,2023-2024,datafc_sofascore,2026-08-09T01:36:50.770462
52,53190,Nuno Sequeira,170117,Pendikspor,7032,1,3,6.89,0.98,3.7,15,4,40,20,85,10,0,3066,35,successfulDribblesPercentage,TUR,2023-2024,datafc_sofascore,2026-08-09T01:36:50.770462
52,53190,İsmail Yüksek,952600,Fenerbahçe,3052,0,4,7.15,2.24,2.28,26,4,29,29,73,5,2,2319,30,successfulDribblesPercentage,TUR,2023-2024,datafc_sofascore,2026-08-09T01:36:50.770462
52,53190,Andreaw Gravillon,827934,Adana Demirspor,3101,2,0,6.85,0.97,0.36,27,3,10,19,39,4,0,2766,33,successfulDribblesPercentage,TUR,2023-2024,datafc_sofascore,2026-08-09T01:36:50.770462
52,53190,Engin Aksoy,1166884,Hatayspor,3091,0,0,6.88,0.02,0.11,1,0,5,3,12,1,0,360,5,successfulDribblesPercentage,TUR,2023-2024,datafc_sofascore,2026-08-09T01:36:50.770462
52,53190,Nazım Sangaré,169425,Fatih Karagümrük,4954,1,1,6.83,1.43,0.86,10,3,13,9,38,0,0,1299,25,successfulDribblesPercentage,TUR,2023-2024,datafc_sofascore,2026-08-09T01:36:50.770462
52,53190,Moatasem Al-Musrati,868958,Beşiktaş JK,3050,0,0,6.8,0.12,0.33,4,1,6,3,15,0,1,546,9,successfulDribblesPercentage,TUR,2023-2024,datafc_sofascore,2026-08-09T01:36:50.770462
52,53190,Leandro Kappel,136269,Pendikspor,7032,1,0,6.77,0.82,1.13,9,3,4,9,5,0,0,388,18,successfulDribblesPercentage,TUR,2023-2024,datafc_sofascore,2026-08-09T01:36:50.770462
52,53190,Nihad Mujakić,858004,MKE Ankaragücü,3103,1,1,6.77,0.33,0.71,5,1,7,6,46,4,0,3202,36,successfulDribblesPercentage,TUR,2023-2024,datafc_sofascore,2026-08-09T01:36:50.770462
52,53190,Brahim Darri,164581,Fatih Karagümrük,4954,0,0,6.73,0.05,0.14,1,1,2,3,0,0,0,51,4,successfulDribblesPercentage,TUR,2023-2024,datafc_sofascore,2026-08-09T01:36:50.770462
52,53190,Berkay Aydoğmuş,1430763,Başakşehir FK,3086,0,0,6.7,0.02,0.02,1,0,1,3,5,0,0,64,4,successfulDribblesPercentage,TUR,2023-2024,datafc_sofascore,2026-08-09T01:36:50.770462
52,53190,Otabek Shukurov,358890,Kayserispor,3072,0,1,6.67,0.54,0.41,9,3,14,9,16,6,0,1083,27,successfulDribblesPercentage,TUR,2023-2024,datafc_sofascore,2026-08-09T01:36:50.770462
52,53190,Eden Karzev,921169,Başakşehir FK,3086,0,0,6.64,0.12,0.06,5,1,0,3,11,1,0,510,11,successfulDribblesPercentage,TUR,2023-2024,datafc_sofascore,2026-08-09T01:36:50.770462
52,53190,Mijo Caktaš,152887,Sivasspor,3076,1,0,6.59,0.45,0.12,6,1,0,3,9,1,0,456,13,successfulDribblesPercentage,TUR,2023-2024,datafc_sofascore,2026-08-09T01:36:50.770462
52,53190,Taylan Utku Aydın,1498789,Kasımpaşa,6063,0,0,6.56,,0.06,0,0,2,3,14,3,0,568,8,successfulDribblesPercentage,TUR,2023-2024,datafc_sofascore,2026-08-09T01:36:50.770462
52,53190,Duhan Aksu,893007,Kasımpaşa,6063,0,0,6.53,0.05,0.39,2,0,2,9,16,0,0,692,13,successfulDribblesPercentage,TUR,2023-2024,datafc_sofascore,2026-08-09T01:36:50.770462
52,53190,Eslem Öztürk,788975,İstanbulspor,3066,0,0,6.5,0.05,0.09,2,0,0,3,2,0,0,161,8,successfulDribblesPercentage,TUR,2023-2024,datafc_sofascore,2026-08-09T01:36:50.770462
52,53190,Yunus Emre Çift,1063325,Samsunspor,3053,0,0,6.47,0.08,0.06,3,0,0,3,15,3,1,647,10,successfulDribblesPercentage,TUR,2023-2024,datafc_sofascore,2026-08-09T01:36:50.770462
52,53190,Batista Mendy,859021,Trabzonspor,3051,1,0,6.85,0.67,1.17,19,4,7,29,45,8,1,2682,30,successfulDribblesPercentage,TUR,2023-2024,datafc_sofascore,2026-08-09T01:36:50.770462
52,53190,Maestro,1002146,Adana Demirspor,3101,0,1,7.03,0.06,0.68,2,0,12,22,40,3,0,1123,13,successfulDribblesPercentage,TUR,2023-2024,datafc_sofascore,2026-08-09T01:36:50.770462
52,53190,Rogerio Thuram,329255,Pendikspor,7032,3,0,7.02,3.22,1.1,25,9,12,19,20,1,0,869,18,successfulDribblesPercentage,TUR,2023-2024,datafc_sofascore,2026-08-09T01:36:50.770462
52,53190,Gedson Fernandes,862055,Beşiktaş JK,3050,3,3,7.19,2.94,1.74,36,9,29,46,99,8,0,2457,29,successfulDribblesPercentage,TUR,2023-2024,datafc_sofascore,2026-08-09T01:36:50.770462
52,53190,Emre Akbaba,343527,Adana Demirspor,3101,7,2,7.19,7.41,3.26,64,20,43,32,65,5,0,2682,32,successfulDribblesPercentage,TUR,2023-2024,datafc_sofascore,2026-08-09T01:36:50.770462
52,53190,Berkay Özcan,806964,Başakşehir FK,3086,2,2,6.84,2.66,1.41,26,8,21,29,36,2,0,2820,34,successfulDribblesPercentage,TUR,2023-2024,datafc_sofascore,2026-08-09T01:36:50.770462
52,53190,Mehdi Bourabia,98003,Kayserispor,3072,3,0,6.94,1.93,0.59,22,5,13,15,12,3,1,1159,13,successfulDribblesPercentage,TUR,2023-2024,datafc_sofascore,2026-08-09T01:36:50.770462
52,53190,Papy Djilobodji,106661,Gaziantep FK,5138,3,1,6.94,2.83,2.05,20,5,17,5,36,5,1,3007,34,successfulDribblesPercentage,TUR,2023-2024,datafc_sofascore,2026-08-09T01:36:50.770462
52,53190,Achilleas Poungouras,783466,Sivasspor,3076,0,0,6.66,0.63,0.1,3,2,1,5,19,4,0,1207,18,successfulDribblesPercentage,TUR,2023-2024,datafc_sofascore,2026-08-09T01:36:50.770462
52,53190,Arnaud Lusamba,361342,Pendikspor,7032,0,3,6.93,0.31,1.96,9,4,24,32,48,5,1,2024,27,successfulDribblesPercentage,TUR,2023-2024,datafc_sofascore,2026-08-09T01:36:50.770462
52,53190,Olivier Kemen,280447,Başakşehir FK,3086,3,3,6.94,2.83,2.42,23,9,28,22,21,3,0,1751,27,successfulDribblesPercentage,TUR,2023-2024,datafc_sofascore,2026-08-09T01:36:50.770462
52,53190,Pedrinho,182385,MKE Ankaragücü,3103,3,2,7.01,1.17,2.48,30,6,37,12,55,4,0,2199,32,successfulDribblesPercentage,TUR,2023-2024,datafc_sofascore,2026-08-09T01:36:50.770462
52,53190,Tasos Chatzigiovanis,850770,MKE Ankaragücü,3103,2,1,6.87,3.04,1.23,38,19,15,55,9,1,0,1375,33,successfulDribblesPercentage,TUR,2023-2024,datafc_sofascore,2026-08-09T01:36:50.770462
52,53190,Bünyamin Balcı,967214,Antalyaspor,3056,1,3,7.0,0.58,2.6,6,2,23,14,48,3,0,1865,23,successfulDribblesPercentage,TUR,2023-2024,datafc_sofascore,2026-08-09T01:36:50.770462
52,53190,Fernando Muslera,28381,Galatasaray,3061,0,0,7.2,0.0,0.32,0,0,2,1,1,4,0,3300,37,successfulDribblesPercentage,TUR,2023-2024,datafc_sofascore,2026-08-09T01:36:50.770462
52,53190,Ertaç Özbir,126077,MKE Ankaragücü,3103,0,0,7.19,0.0,0.01,0,0,0,1,1,3,2,1137,14,successfulDribblesPercentage,TUR,2023-2024,datafc_sofascore,2026-08-09T01:36:50.770462
52,53190,Gökhan Akkan,225012,Çaykur Rizespor,3064,0,1,7.17,0.0,0.04,0,0,2,1,1,2,0,2640,30,successfulDribblesPercentage,TUR,2023-2024,datafc_sofascore,2026-08-09T01:36:50.770462
52,53190,Omar Colley,238408,Beşiktaş JK,3050,7,0,7.14,3.23,0.36,13,9,6,2,27,4,1,1935,22,successfulDribblesPercentage,TUR,2023-2024,datafc_sofascore,2026-08-09T01:36:50.770462
52,53190,Victor Nelsson,846148,Galatasaray,3061,2,0,7.12,1.56,0.89,19,6,5,1,22,3,0,2570,32,successfulDribblesPercentage,TUR,2023-2024,datafc_sofascore,2026-08-09T01:36:50.770462
52,53190,Joe Worrall,838399,Beşiktaş JK,3050,1,0,7.08,0.26,0.06,3,1,1,1,11,1,0,495,6,successfulDribblesPercentage,TUR,2023-2024,datafc_sofascore,2026-08-09T01:36:50.770462
52,53190,Uğurcan Çakır,754330,Trabzonspor,3051,0,0,7.04,0.0,0.12,0,0,1,1,1,4,0,3060,34,successfulDribblesPercentage,TUR,2023-2024,datafc_sofascore,2026-08-09T01:36:50.770462
52,53190,Umut Meraş,609746,Beşiktaş JK,3050,0,0,7.0,0.07,0.23,2,0,1,2,17,1,0,494,7,successfulDribblesPercentage,TUR,2023-2024,datafc_sofascore,2026-08-09T01:36:50.770462
52,53190,Filip Damjanović,851666,Konyaspor,3085,0,0,6.99,0.99,0.09,13,2,0,1,4,2,0,888,13,successfulDribblesPercentage,TUR,2023-2024,datafc_sofascore,2026-08-09T01:36:50.770462
52,53190,Ibrahim Drešević,817987,Fatih Karagümrük,4954,0,1,6.99,0.31,0.57,3,0,3,4,28,4,0,1365,16,successfulDribblesPercentage,TUR,2023-2024,datafc_sofascore,2026-08-09T01:36:50.770462
52,53190,Erce Kardeşler,758606,Hatayspor,3091,0,0,6.98,0.0,0.09,0,0,0,1,1,8,0,3109,35,successfulDribblesPercentage,TUR,2023-2024,datafc_sofascore,2026-08-09T01:36:50.770462
52,53190,Andreas Gianniotis,236746,Kasımpaşa,6063,0,0,6.95,0.0,0.04,0,0,2,1,3,3,0,2790,31,successfulDribblesPercentage,TUR,2023-2024,datafc_sofascore,2026-08-09T01:36:50.770462
52,53190,Nuno Lima,1133301,Alanyaspor,6362,0,0,6.93,0.6,0.52,8,1,4,3,11,2,0,1179,19,successfulDribblesPercentage,TUR,2023-2024,datafc_sofascore,2026-08-09T01:36:50.770462
52,53190,Nikola Maksimović,68076,Hatayspor,3091,0,0,6.92,0.71,0.3,6,2,3,3,15,2,0,1381,18,successfulDribblesPercentage,TUR,2023-2024,datafc_sofascore,2026-08-09T01:36:50.770462
52,53190,Alp Arda,999485,İstanbulspor,3066,0,0,6.92,,0.06,0,0,0,2,0,3,0,1693,19,successfulDribblesPercentage,TUR,2023-2024,datafc_sofascore,2026-08-09T01:36:50.770462
52,53190,Anderson Niangbo,359224,Konyaspor,3085,0,0,6.9,,0.01,0,0,0,1,1,0,0,9,1,successfulDribblesPercentage,TUR,2023-2024,datafc_sofascore,2026-08-09T01:36:50.770462
52,53190,Rodrigo Becão,880207,Fenerbahçe,3052,0,0,6.9,0.28,0.16,6,0,2,2,10,4,0,1123,16,successfulDribblesPercentage,TUR,2023-2024,datafc_sofascore,2026-08-09T01:36:50.770462
52,53190,Uroš Radaković,151900,MKE Ankaragücü,3103,1,1,6.89,1.52,0.41,17,4,7,4,42,8,0,3070,35,successfulDribblesPercentage,TUR,2023-2024,datafc_sofascore,2026-08-09T01:36:50.770462
52,53190,Dominik Livaković,190419,Fenerbahçe,3052,0,0,6.89,0.0,0.04,0,0,2,1,2,1,0,3059,34,successfulDribblesPercentage,TUR,2023-2024,datafc_sofascore,2026-08-09T01:36:50.770462
52,53190,Mert Günok,39573,Beşiktaş JK,3050,0,0,6.89,0.02,0.1,1,0,3,2,0,4,1,2543,30,successfulDribblesPercentage,TUR,2023-2024,datafc_sofascore,2026-08-09T01:36:50.770462
52,53190,Alim Öztürk,151074,Samsunspor,3053,0,2,6.86,0.6,1.35,7,3,4,1,29,6,0,1927,25,successfulDribblesPercentage,TUR,2023-2024,datafc_sofascore,2026-08-09T01:36:50.770462
52,53190,Pape Abou Cissé,790198,Adana Demirspor,3101,0,0,6.8,0.43,0.1,6,1,1,5,6,1,0,733,13,successfulDribblesPercentage,TUR,2023-2024,datafc_sofascore,2026-08-09T01:36:50.770462
52,53190,Gökhan Töre,88125,Konyaspor,3085,0,0,6.8,0.06,0.17,1,0,3,1,3,0,0,45,3,successfulDribblesPercentage,TUR,2023-2024,datafc_sofascore,2026-08-09T01:36:50.770462
52,53190,Hakan Arslan,60646,Sivasspor,3076,0,0,6.78,1.26,0.12,8,2,2,5,21,1,0,564,16,successfulDribblesPercentage,TUR,2023-2024,datafc_sofascore,2026-08-09T01:36:50.770462
52,53190,Husniddin Aliqulov,1121174,Çaykur Rizespor,3064,0,0,6.75,1.18,0.16,14,4,6,1,16,4,0,1326,21,successfulDribblesPercentage,TUR,2023-2024,datafc_sofascore,2026-08-09T01:36:50.770462
52,53190,Metehan Mert,962535,Konyaspor,3085,0,0,6.75,0.27,0.03,6,1,1,2,1,0,0,360,4,successfulDribblesPercentage,TUR,2023-2024,datafc_sofascore,2026-08-09T01:36:50.770462
52,53190,Şener Özbayraklı,129992,Başakşehir FK,3086,0,0,6.75,0.0,0.01,0,0,1,2,4,0,0,127,2,successfulDribblesPercentage,TUR,2023-2024,datafc_sofascore,2026-08-09T01:36:50.770462
52,53190,Jens Stryger Larsen,44848,Trabzonspor,3051,0,0,6.74,0.1,0.52,2,0,6,1,9,2,0,937,15,successfulDribblesPercentage,TUR,2023-2024,datafc_sofascore,2026-08-09T01:36:50.770462
52,53190,Leonardo Bonucci,15444,Fenerbahçe,3052,0,1,6.73,,0.04,0,0,1,1,2,1,0,212,8,successfulDribblesPercentage,TUR,2023-2024,datafc_sofascore,2026-08-09T01:36:50.770462
52,53190,Bartuğ Elmaz,997165,Sivasspor,3076,0,1,6.72,0.18,0.77,6,2,8,2,12,3,0,765,17,successfulDribblesPercentage,TUR,2023-2024,datafc_sofascore,2026-08-09T01:36:50.770462
52,53190,Mehdi Boudjemaa,960088,Hatayspor,3091,1,0,6.7,0.27,0.24,9,1,3,3,14,3,0,643,16,successfulDribblesPercentage,TUR,2023-2024,datafc_sofascore,2026-08-09T01:36:50.770462
52,53190,Cem Türkmen,997127,MKE Ankaragücü,3103,0,1,6.69,0.0,0.12,0,0,3,2,4,0,0,179,10,successfulDribblesPercentage,TUR,2023-2024,datafc_sofascore,2026-08-09T01:36:50.770462
52,53190,Berkay Sülüngöz,839895,Pendikspor,7032,1,0,6.67,0.47,0.11,7,1,0,1,18,1,0,1332,19,successfulDribblesPercentage,TUR,2023-2024,datafc_sofascore,2026-08-09T01:36:50.770462
52,53190,Onurcan Piri,213542,Kayserispor,3072,0,0,6.67,,0.0,0,0,0,1,0,1,0,269,3,successfulDribblesPercentage,TUR,2023-2024,datafc_sofascore,2026-08-09T01:36:50.770462
52,53190,Adem Ljajić,39587,Fatih Karagümrük,4954,0,0,6.65,0.0,0.01,0,0,1,1,0,0,0,83,2,successfulDribblesPercentage,TUR,2023-2024,datafc_sofascore,2026-08-09T01:36:50.770462
52,53190,Joaquín Fernández,822923,Trabzonspor,3051,0,0,6.64,0.13,0.04,1,0,0,1,9,1,0,394,13,successfulDribblesPercentage,TUR,2023-2024,datafc_sofascore,2026-08-09T01:36:50.770462
52,53190,Trazie Thomas Zai,1083235,Kasımpaşa,6063,0,0,6.63,0.04,0.14,1,0,2,1,0,1,0,127,7,successfulDribblesPercentage,TUR,2023-2024,datafc_sofascore,2026-08-09T01:36:50.770462
52,53190,Fredy,845281,Antalyaspor,3056,0,0,6.6,0.08,0.02,1,0,0,2,3,0,0,141,3,successfulDribblesPercentage,TUR,2023-2024,datafc_sofascore,2026-08-09T01:36:50.770462
52,53190,Abdulsamet Burak,900798,Adana Demirspor,3101,0,0,6.59,0.0,0.05,0,0,3,4,10,0,0,449,7,successfulDribblesPercentage,TUR,2023-2024,datafc_sofascore,2026-08-09T01:36:50.770462
52,53190,Dimitris Kolovetsios,68228,Kayserispor,3072,0,0,6.58,0.36,0.12,8,4,2,2,14,1,0,1500,23,successfulDribblesPercentage,TUR,2023-2024,datafc_sofascore,2026-08-09T01:36:50.770462
52,53190,José Rodríguez,138394,Adana Demirspor,3101,0,0,6.56,0.03,0.03,1,1,0,3,0,0,1,147,5,successfulDribblesPercentage,TUR,2023-2024,datafc_sofascore,2026-08-09T01:36:50.770462
52,53190,Valmir Veliu,1014717,Gaziantep FK,5138,0,0,6.55,0.0,0.03,0,0,0,2,1,0,0,35,3,successfulDribblesPercentage,TUR,2023-2024,datafc_sofascore,2026-08-09T01:36:50.770462
52,53190,Hayrullah Erkip,1177165,Kayserispor,3072,0,0,6.53,0.42,0.15,1,0,1,6,1,0,0,61,4,successfulDribblesPercentage,TUR,2023-2024,datafc_sofascore,2026-08-09T01:36:50.770462
52,53190,Kubilay Koylu,1084572,İstanbulspor,3066,0,1,6.52,0.0,0.12,0,0,1,2,0,0,0,53,5,successfulDribblesPercentage,TUR,2023-2024,datafc_sofascore,2026-08-09T01:36:50.770462
52,53190,Fahri Ay,1195756,Beşiktaş JK,3050,0,0,6.4,0.41,0.01,1,1,0,2,0,1,0,91,2,successfulDribblesPercentage,TUR,2023-2024,datafc_sofascore,2026-08-09T01:36:50.770462
52,53190,Ahmet Kağan Malatyalı,1096284,Kayserispor,3072,0,0,6.4,0.0,0.0,0,0,0,1,1,0,0,15,1,successfulDribblesPercentage,TUR,2023-2024,datafc_sofascore,2026-08-09T01:36:50.770462
52,53190,Nicolas Janvier,802150,Alanyaspor,6362,4,2,7.04,2.42,3.0,35,9,33,24,30,3,0,1655,34,successfulDribblesPercentage,TUR,2023-2024,datafc_sofascore,2026-08-09T01:36:50.770462
52,53190,Yaw Ackah,984096,Kayserispor,3072,0,0,6.69,0.1,0.17,3,0,2,10,23,2,0,850,19,successfulDribblesPercentage,TUR,2023-2024,datafc_sofascore,2026-08-09T01:36:50.770462
52,53190,Davinson Sánchez,566102,Galatasaray,3061,2,0,7.05,3.71,0.58,17,4,4,7,39,4,0,1602,23,successfulDribblesPercentage,TUR,2023-2024,datafc_sofascore,2026-08-09T01:36:50.770462
52,53190,Simon Deli,326419,İstanbulspor,3066,0,0,6.87,0.85,0.73,9,2,7,6,23,7,0,2167,27,successfulDribblesPercentage,TUR,2023-2024,datafc_sofascore,2026-08-09T01:36:50.770462
52,53190,Arif Kocaman,1173638,Kayserispor,3072,0,1,6.7,1.32,0.09,8,2,2,6,16,5,1,1742,25,successfulDribblesPercentage,TUR,2023-2024,datafc_sofascore,2026-08-09T01:36:50.770462
52,53190,Francisco Calvo,156400,Konyaspor,3085,0,0,6.99,1.86,0.24,14,3,5,15,31,4,0,1449,17,successfulDribblesPercentage,TUR,2023-2024,datafc_sofascore,2026-08-09T01:36:50.770462
52,53190,Faouzi Ghoulam,133236,Hatayspor,3091,1,2,6.95,0.67,3.16,14,6,29,5,19,8,0,1427,21,successfulDribblesPercentage,TUR,2023-2024,datafc_sofascore,2026-08-09T01:36:50.770462
52,53190,Bahadır Öztürk,790783,Antalyaspor,3056,1,0,6.95,0.75,0.08,6,1,1,5,28,3,0,1493,25,successfulDribblesPercentage,TUR,2023-2024,datafc_sofascore,2026-08-09T01:36:50.770462
52,53190,Soner Gönül,867727,Samsunspor,3053,0,1,6.77,0.21,0.9,14,2,8,5,45,2,0,1930,24,successfulDribblesPercentage,TUR,2023-2024,datafc_sofascore,2026-08-09T01:36:50.770462
52,53190,Guy-Marcelin Kilama,944222,Hatayspor,3091,2,1,6.9,1.1,0.38,9,2,11,14,44,4,0,3136,35,successfulDribblesPercentage,TUR,2023-2024,datafc_sofascore,2026-08-09T01:36:50.770462
52,53190,Jerome Opoku,920514,Başakşehir FK,3086,4,1,7.06,1.9,0.74,11,5,9,18,26,6,1,2481,28,successfulDribblesPercentage,TUR,2023-2024,datafc_sofascore,2026-08-09T01:36:50.770462
52,53190,Semih Güler,325155,Adana Demirspor,3101,0,1,7.09,1.18,0.93,24,6,8,4,52,4,1,2801,32,successfulDribblesPercentage,TUR,2023-2024,datafc_sofascore,2026-08-09T01:36:50.770462
52,53190,Alexander Djiku,289977,Fenerbahçe,3052,3,1,7.01,2.27,0.38,12,3,7,4,39,5,1,2032,25,successfulDribblesPercentage,TUR,2023-2024,datafc_sofascore,2026-08-09T01:36:50.770462
52,53190,Rade Krunić,155449,Fenerbahçe,3052,0,0,6.91,1.37,0.65,12,3,9,4,15,0,0,779,12,successfulDribblesPercentage,TUR,2023-2024,datafc_sofascore,2026-08-09T01:36:50.770462
52,53190,Ertuğrul Ersoy,355004,Gaziantep FK,5138,1,0,6.9,0.92,0.13,11,3,4,4,35,3,0,1470,17,successfulDribblesPercentage,TUR,2023-2024,datafc_sofascore,2026-08-09T01:36:50.770462
52,53190,Hayrullah Bilazer,852161,MKE Ankaragücü,3103,0,0,6.89,0.02,0.29,1,0,6,8,24,1,0,708,9,successfulDribblesPercentage,TUR,2023-2024,datafc_sofascore,2026-08-09T01:36:50.770462
52,53190,Ege Bilsel,1011244,Antalyaspor,3056,0,0,6.85,0.05,0.0,1,1,1,4,3,1,0,59,3,successfulDribblesPercentage,TUR,2023-2024,datafc_sofascore,2026-08-09T01:36:50.770462
52,53190,Koray Günter,138165,Fatih Karagümrük,4954,0,0,6.81,0.23,0.46,5,1,1,4,10,3,0,691,10,successfulDribblesPercentage,TUR,2023-2024,datafc_sofascore,2026-08-09T01:36:50.770462
52,53190,Okan Erdoğan,881213,İstanbulspor,3066,0,0,6.63,0.33,1.04,6,1,7,16,51,7,1,2460,30,successfulDribblesPercentage,TUR,2023-2024,datafc_sofascore,2026-08-09T01:36:50.770462
52,53190,Erdal Rakip,319871,Antalyaspor,3056,0,1,6.78,0.7,0.5,13,3,11,19,46,5,1,1329,28,successfulDribblesPercentage,TUR,2023-2024,datafc_sofascore,2026-08-09T01:36:50.770462
52,53190,Ľubomír Šatka,187231,Samsunspor,3053,1,1,6.79,0.57,0.45,3,1,6,7,24,2,0,2208,26,successfulDribblesPercentage,TUR,2023-2024,datafc_sofascore,2026-08-09T01:36:50.770462
52,53190,Janio Bikel,581606,Gaziantep FK,5138,0,0,6.64,0.04,0.12,1,1,5,7,12,3,0,497,16,successfulDribblesPercentage,TUR,2023-2024,datafc_sofascore,2026-08-09T01:36:50.770462
52,53190,Jonas Svensson,98199,Beşiktaş JK,3050,0,3,7.1,0.13,2.29,4,0,23,10,50,4,0,2065,24,successfulDribblesPercentage,TUR,2023-2024,datafc_sofascore,2026-08-09T01:36:50.770462
52,53190,Nuno Sequeira,170117,Pendikspor,7032,1,3,6.89,0.98,3.7,15,4,40,20,85,10,0,3066,35,successfulDribblesPercentage,TUR,2023-2024,datafc_sofascore,2026-08-09T01:36:50.770462
52,53190,İsmail Yüksek,952600,Fenerbahçe,3052,0,4,7.15,2.24,2.28,26,4,29,29,73,5,2,2319,30,successfulDribblesPercentage,TUR,2023-2024,datafc_sofascore,2026-08-09T01:36:50.770462
52,53190,Andreaw Gravillon,827934,Adana Demirspor,3101,2,0,6.85,0.97,0.36,27,3,10,19,39,4,0,2766,33,successfulDribblesPercentage,TUR,2023-2024,datafc_sofascore,2026-08-09T01:36:50.770462
52,53190,Engin Aksoy,1166884,Hatayspor,3091,0,0,6.88,0.02,0.11,1,0,5,3,12,1,0,360,5,successfulDribblesPercentage,TUR,2023-2024,datafc_sofascore,2026-08-09T01:36:50.770462
52,53190,Nazım Sangaré,169425,Fatih Karagümrük,4954,1,1,6.83,1.43,0.86,10,3,13,9,38,0,0,1299,25,successfulDribblesPercentage,TUR,2023-2024,datafc_sofascore,2026-08-09T01:36:50.770462
52,53190,Moatasem Al-Musrati,868958,Beşiktaş JK,3050,0,0,6.8,0.12,0.33,4,1,6,3,15,0,1,546,9,successfulDribblesPercentage,TUR,2023-2024,datafc_sofascore,2026-08-09T01:36:50.770462
52,53190,Leandro Kappel,136269,Pendikspor,7032,1,0,6.77,0.82,1.13,9,3,4,9,5,0,0,388,18,successfulDribblesPercentage,TUR,2023-2024,datafc_sofascore,2026-08-09T01:36:50.770462
52,53190,Nihad Mujakić,858004,MKE Ankaragücü,3103,1,1,6.77,0.33,0.71,5,1,7,6,46,4,0,3202,36,successfulDribblesPercentage,TUR,2023-2024,datafc_sofascore,2026-08-09T01:36:50.770462
52,53190,Brahim Darri,164581,Fatih Karagümrük,4954,0,0,6.73,0.05,0.14,1,1,2,3,0,0,0,51,4,successfulDribblesPercentage,TUR,2023-2024,datafc_sofascore,2026-08-09T01:36:50.770462
52,53190,Berkay Aydoğmuş,1430763,Başakşehir FK,3086,0,0,6.7,0.02,0.02,1,0,1,3,5,0,0,64,4,successfulDribblesPercentage,TUR,2023-2024,datafc_sofascore,2026-08-09T01:36:50.770462
52,53190,Otabek Shukurov,358890,Kayserispor,3072,0,1,6.67,0.54,0.41,9,3,14,9,16,6,0,1083,27,successfulDribblesPercentage,TUR,2023-2024,datafc_sofascore,2026-08-09T01:36:50.770462
52,53190,Eden Karzev,921169,Başakşehir FK,3086,0,0,6.64,0.12,0.06,5,1,0,3,11,1,0,510,11,successfulDribblesPercentage,TUR,2023-2024,datafc_sofascore,2026-08-09T01:36:50.770462
52,53190,Mijo Caktaš,152887,Sivasspor,3076,1,0,6.59,0.45,0.12,6,1,0,3,9,1,0,456,13,successfulDribblesPercentage,TUR,2023-2024,datafc_sofascore,2026-08-09T01:36:50.770462
52,53190,Taylan Utku Aydın,1498789,Kasımpaşa,6063,0,0,6.56,,0.06,0,0,2,3,14,3,0,568,8,successfulDribblesPercentage,TUR,2023-2024,datafc_sofascore,2026-08-09T01:36:50.770462
52,53190,Duhan Aksu,893007,Kasımpaşa,6063,0,0,6.53,0.05,0.39,2,0,2,9,16,0,0,692,13,successfulDribblesPercentage,TUR,2023-2024,datafc_sofascore,2026-08-09T01:36:50.770462
52,53190,Eslem Öztürk,788975,İstanbulspor,3066,0,0,6.5,0.05,0.09,2,0,0,3,2,0,0,161,8,successfulDribblesPercentage,TUR,2023-2024,datafc_sofascore,2026-08-09T01:36:50.770462
52,53190,Yunus Emre Çift,1063325,Samsunspor,3053,0,0,6.47,0.08,0.06,3,0,0,3,15,3,1,647,10,successfulDribblesPercentage,TUR,2023-2024,datafc_sofascore,2026-08-09T01:36:50.770462
52,53190,Batista Mendy,859021,Trabzonspor,3051,1,0,6.85,0.67,1.17,19,4,7,29,45,8,1,2682,30,successfulDribblesPercentage,TUR,2023-2024,datafc_sofascore,2026-08-09T01:36:50.770462
52,53190,Maestro,1002146,Adana Demirspor,3101,0,1,7.03,0.06,0.68,2,0,12,22,40,3,0,1123,13,successfulDribblesPercentage,TUR,2023-2024,datafc_sofascore,2026-08-09T01:36:50.770462
52,53190,Rogerio Thuram,329255,Pendikspor,7032,3,0,7.02,3.22,1.1,25,9,12,19,20,1,0,869,18,successfulDribblesPercentage,TUR,2023-2024,datafc_sofascore,2026-08-09T01:36:50.770462
52,53190,Gedson Fernandes,862055,Beşiktaş JK,3050,3,3,7.19,2.94,1.74,36,9,29,46,99,8,0,2457,29,successfulDribblesPercentage,TUR,2023-2024,datafc_sofascore,2026-08-09T01:36:50.770462
52,53190,Emre Akbaba,343527,Adana Demirspor,3101,7,2,7.19,7.41,3.26,64,20,43,32,65,5,0,2682,32,successfulDribblesPercentage,TUR,2023-2024,datafc_sofascore,2026-08-09T01:36:50.770462
52,53190,Berkay Özcan,806964,Başakşehir FK,3086,2,2,6.84,2.66,1.41,26,8,21,29,36,2,0,2820,34,successfulDribblesPercentage,TUR,2023-2024,datafc_sofascore,2026-08-09T01:36:50.770462
52,53190,Mehdi Bourabia,98003,Kayserispor,3072,3,0,6.94,1.93,0.59,22,5,13,15,12,3,1,1159,13,successfulDribblesPercentage,TUR,2023-2024,datafc_sofascore,2026-08-09T01:36:50.770462
52,53190,Papy Djilobodji,106661,Gaziantep FK,5138,3,1,6.94,2.83,2.05,20,5,17,5,36,5,1,3007,34,successfulDribblesPercentage,TUR,2023-2024,datafc_sofascore,2026-08-09T01:36:50.770462
52,53190,Achilleas Poungouras,783466,Sivasspor,3076,0,0,6.66,0.63,0.1,3,2,1,5,19,4,0,1207,18,successfulDribblesPercentage,TUR,2023-2024,datafc_sofascore,2026-08-09T01:36:50.770462
52,53190,Arnaud Lusamba,361342,Pendikspor,7032,0,3,6.93,0.31,1.96,9,4,24,32,48,5,1,2024,27,successfulDribblesPercentage,TUR,2023-2024,datafc_sofascore,2026-08-09T01:36:50.770462
52,53190,Olivier Kemen,280447,Başakşehir FK,3086,3,3,6.94,2.83,2.42,23,9,28,22,21,3,0,1751,27,successfulDribblesPercentage,TUR,2023-2024,datafc_sofascore,2026-08-09T01:36:50.770462
52,53190,Pedrinho,182385,MKE Ankaragücü,3103,3,2,7.01,1.17,2.48,30,6,37,12,55,4,0,2199,32,successfulDribblesPercentage,TUR,2023-2024,datafc_sofascore,2026-08-09T01:36:50.770462
52,53190,Tasos Chatzigiovanis,850770,MKE Ankaragücü,3103,2,1,6.87,3.04,1.23,38,19,15,55,9,1,0,1375,33,successfulDribblesPercentage,TUR,2023-2024,datafc_sofascore,2026-08-09T01:36:50.770462
52,53190,Bünyamin Balcı,967214,Antalyaspor,3056,1,3,7.0,0.58,2.6,6,2,23,14,48,3,0,1865,23,successfulDribblesPercentage,TUR,2023-2024,datafc_sofascore,2026-08-09T01:36:50.770462
52,53190,Gedson Fernandes,862055,Beşiktaş JK,3050,3,3,7.19,2.94,1.74,36,9,29,46,99,8,0,2457,29,tackles,TUR,2023-2024,datafc_sofascore,2026-08-09T01:36:50.770462
52,53190,Gökhan Sazdağı,595396,Kayserispor,3072,0,5,6.79,1.56,2.92,25,7,26,35,92,9,0,2905,34,tackles,TUR,2023-2024,datafc_sofascore,2026-08-09T01:36:50.770462
52,53190,Guilherme Haubert Sityá,224112,Konyaspor,3085,5,7,7.35,1.62,6.83,18,6,88,30,87,1,0,3267,37,tackles,TUR,2023-2024,datafc_sofascore,2026-08-09T01:36:50.770462
52,53190,Sebastian Szymański,847983,Fenerbahçe,3052,10,11,7.55,9.31,9.69,87,31,77,10,85,4,0,2916,37,tackles,TUR,2023-2024,datafc_sofascore,2026-08-09T01:36:50.770462
52,53190,Nuno Sequeira,170117,Pendikspor,7032,1,3,6.89,0.98,3.7,15,4,40,20,85,10,0,3066,35,tackles,TUR,2023-2024,datafc_sofascore,2026-08-09T01:36:50.770462
52,53190,Levent Mercan,1085938,Fatih Karagümrük,4954,1,5,6.9,0.7,2.51,14,1,33,37,82,8,0,3113,36,tackles,TUR,2023-2024,datafc_sofascore,2026-08-09T01:36:50.770462
52,53190,Lucas Torreira,754794,Galatasaray,3061,1,2,7.2,2.08,2.97,31,4,29,9,80,7,0,2993,35,tackles,TUR,2023-2024,datafc_sofascore,2026-08-09T01:36:50.770462
52,53190,Muammer Sarıkaya,816571,Çaykur Rizespor,3064,1,1,6.81,3.87,2.27,37,8,18,16,76,9,0,2275,35,tackles,TUR,2023-2024,datafc_sofascore,2026-08-09T01:36:50.770462
52,53190,Ferdi Kadıoğlu,825844,Fenerbahçe,3052,1,4,7.44,2.5,6.69,33,14,51,57,75,3,0,3327,37,tackles,TUR,2023-2024,datafc_sofascore,2026-08-09T01:36:50.770462
52,53190,Richard,897617,Alanyaspor,6362,1,1,7.16,1.3,1.31,25,7,17,16,74,11,0,2913,34,tackles,TUR,2023-2024,datafc_sofascore,2026-08-09T01:36:50.770462
52,53190,Aytaç Kara,128196,Kasımpaşa,6063,13,5,7.41,9.16,3.01,101,36,40,19,73,4,0,3248,37,tackles,TUR,2023-2024,datafc_sofascore,2026-08-09T01:36:50.770462
52,53190,İsmail Yüksek,952600,Fenerbahçe,3052,0,4,7.15,2.24,2.28,26,4,29,29,73,5,2,2319,30,tackles,TUR,2023-2024,datafc_sofascore,2026-08-09T01:36:50.770462
52,53190,Veysel Sarı,98276,Antalyaspor,3056,1,0,6.93,2.25,0.42,29,6,6,4,72,11,0,3013,35,tackles,TUR,2023-2024,datafc_sofascore,2026-08-09T01:36:50.770462
52,53190,Cláudio Winck,155998,Kasımpaşa,6063,3,1,6.82,3.38,2.58,31,8,22,37,72,7,1,2862,32,tackles,TUR,2023-2024,datafc_sofascore,2026-08-09T01:36:50.770462
52,53190,Uğur Çiftçi,142850,Sivasspor,3076,0,2,6.8,0.47,3.69,15,5,31,21,71,10,0,3118,35,tackles,TUR,2023-2024,datafc_sofascore,2026-08-09T01:36:50.770462
52,53190,Berat Özdemir,876857,Trabzonspor,3051,1,1,7.12,0.52,0.97,15,4,15,15,70,4,0,2304,31,tackles,TUR,2023-2024,datafc_sofascore,2026-08-09T01:36:50.770462
52,53190,Charis Charisis,317297,Sivasspor,3076,1,4,6.91,1.06,1.29,19,5,29,27,70,8,0,2424,30,tackles,TUR,2023-2024,datafc_sofascore,2026-08-09T01:36:50.770462
52,53190,Uğurcan Yazğılı,904303,Konyaspor,3085,2,0,6.95,1.03,0.62,13,2,14,6,68,5,0,2718,35,tackles,TUR,2023-2024,datafc_sofascore,2026-08-09T01:36:50.770462
52,53190,Carlo Holse,837012,Samsunspor,3053,5,3,6.9,5.31,2.53,59,24,43,14,68,4,0,2787,33,tackles,TUR,2023-2024,datafc_sofascore,2026-08-09T01:36:50.770462
52,53190,Yasin Özcan,1392102,Kasımpaşa,6063,2,1,6.78,1.06,0.69,19,4,13,11,68,4,0,2962,37,tackles,TUR,2023-2024,datafc_sofascore,2026-08-09T01:36:50.770462
52,53190,Kerem Demirbay,142619,Galatasaray,3061,6,3,7.2,3.03,3.76,52,17,42,19,66,2,0,2227,34,tackles,TUR,2023-2024,datafc_sofascore,2026-08-09T01:36:50.770462
52,53190,Florian Loshaj,831407,İstanbulspor,3066,5,0,6.98,4.81,2.98,56,18,34,35,66,8,1,2705,32,tackles,TUR,2023-2024,datafc_sofascore,2026-08-09T01:36:50.770462
52,53190,Mustafa Eskihellaç,899069,Gaziantep FK,5138,2,3,6.93,1.29,2.92,25,5,29,41,66,5,0,3067,35,tackles,TUR,2023-2024,datafc_sofascore,2026-08-09T01:36:50.770462
52,53190,Emirhan Topçu,895009,Çaykur Rizespor,3064,1,4,7.26,2.0,1.84,25,8,19,6,65,10,1,2702,31,tackles,TUR,2023-2024,datafc_sofascore,2026-08-09T01:36:50.770462
52,53190,Emre Akbaba,343527,Adana Demirspor,3101,7,2,7.19,7.41,3.26,64,20,43,32,65,5,0,2682,32,tackles,TUR,2023-2024,datafc_sofascore,2026-08-09T01:36:50.770462
52,53190,Ahmet Oğuz,603902,Konyaspor,3085,1,1,6.96,0.32,1.29,10,2,20,15,65,7,0,2113,31,tackles,TUR,2023-2024,datafc_sofascore,2026-08-09T01:36:50.770462
52,53190,Stelios Kitsiou,189627,MKE Ankaragücü,3103,0,1,6.84,0.77,1.13,14,0,19,21,65,7,0,2135,28,tackles,TUR,2023-2024,datafc_sofascore,2026-08-09T01:36:50.770462
52,53190,Haris Hajradinović,254979,Kasımpaşa,6063,5,14,7.39,6.16,9.69,69,21,104,26,63,3,0,3307,38,tackles,TUR,2023-2024,datafc_sofascore,2026-08-09T01:36:50.770462
52,53190,Ibrahim Olawoyin,1008173,Çaykur Rizespor,3064,8,2,7.12,5.84,2.99,64,25,39,65,63,6,0,2970,35,tackles,TUR,2023-2024,datafc_sofascore,2026-08-09T01:36:50.770462
52,53190,Halil Akbunar,217782,Pendikspor,7032,5,3,6.98,4.09,5.67,54,20,37,57,63,3,1,2808,37,tackles,TUR,2023-2024,datafc_sofascore,2026-08-09T01:36:50.770462
52,53190,Emre Kılınç,202032,Samsunspor,3053,4,4,7.12,2.09,4.63,31,5,53,31,62,4,0,2574,33,tackles,TUR,2023-2024,datafc_sofascore,2026-08-09T01:36:50.770462
52,53190,Eren Elmalı,981483,Trabzonspor,3051,0,0,6.87,1.19,1.89,17,3,29,21,61,9,0,3022,34,tackles,TUR,2023-2024,datafc_sofascore,2026-08-09T01:36:50.770462
52,53190,Barış Alper Yılmaz,904096,Galatasaray,3061,6,6,7.15,4.08,5.51,61,18,43,67,60,8,0,2550,37,tackles,TUR,2023-2024,datafc_sofascore,2026-08-09T01:36:50.770462
52,53190,Taha Şahin,1394729,Çaykur Rizespor,3064,0,4,6.87,0.65,2.84,8,0,27,29,58,5,0,2854,34,tackles,TUR,2023-2024,datafc_sofascore,2026-08-09T01:36:50.770462
52,53190,Efecan Karaca,60510,Alanyaspor,6362,2,3,7.02,3.18,4.83,21,9,50,31,57,5,0,2753,37,tackles,TUR,2023-2024,datafc_sofascore,2026-08-09T01:36:50.770462
52,53190,Youssef Aït Bennasser,802850,Samsunspor,3053,1,0,6.8,1.08,0.74,19,2,9,7,57,4,0,1915,28,tackles,TUR,2023-2024,datafc_sofascore,2026-08-09T01:36:50.770462
52,53190,Pedrinho,182385,MKE Ankaragücü,3103,3,2,7.01,1.17,2.48,30,6,37,12,55,4,0,2199,32,tackles,TUR,2023-2024,datafc_sofascore,2026-08-09T01:36:50.770462
52,53190,Denis Drăguş,841199,Gaziantep FK,5138,14,1,7.22,13.78,2.44,106,40,38,85,54,8,0,2751,32,tackles,TUR,2023-2024,datafc_sofascore,2026-08-09T01:36:50.770462
52,53190,Güray Vural,43559,Antalyaspor,3056,1,3,6.9,1.13,2.92,25,4,26,8,54,7,0,2568,30,tackles,TUR,2023-2024,datafc_sofascore,2026-08-09T01:36:50.770462
52,53190,Gustavo Sauer,904505,Çaykur Rizespor,3064,1,1,6.89,0.92,2.52,27,8,35,23,54,4,0,1449,32,tackles,TUR,2023-2024,datafc_sofascore,2026-08-09T01:36:50.770462
52,53190,Gökhan Gül,797820,Kasımpaşa,6063,2,0,6.97,1.82,1.39,54,17,20,6,53,3,0,2928,38,tackles,TUR,2023-2024,datafc_sofascore,2026-08-09T01:36:50.770462
52,53190,Welinton,76529,Pendikspor,7032,2,1,6.88,1.23,0.77,21,6,10,4,53,4,3,2015,24,tackles,TUR,2023-2024,datafc_sofascore,2026-08-09T01:36:50.770462
52,53190,Soner Dikmen,847782,Konyaspor,3085,1,0,6.76,3.18,1.09,38,9,6,13,53,7,0,3217,37,tackles,TUR,2023-2024,datafc_sofascore,2026-08-09T01:36:50.770462
52,53190,Semih Güler,325155,Adana Demirspor,3101,0,1,7.09,1.18,0.93,24,6,8,4,52,4,1,2801,32,tackles,TUR,2023-2024,datafc_sofascore,2026-08-09T01:36:50.770462
52,53190,Fred,243623,Fenerbahçe,3052,3,4,7.34,3.99,4.93,50,15,31,25,51,5,1,2051,25,tackles,TUR,2023-2024,datafc_sofascore,2026-08-09T01:36:50.770462
52,53190,Kamil Ahmet Çörekçi,124728,Hatayspor,3091,0,0,6.85,0.23,0.96,6,1,7,8,51,3,0,1734,24,tackles,TUR,2023-2024,datafc_sofascore,2026-08-09T01:36:50.770462
52,53190,Yusuf Özdemir,1084884,Alanyaspor,6362,2,4,6.78,3.51,2.15,25,10,22,8,51,7,0,2481,34,tackles,TUR,2023-2024,datafc_sofascore,2026-08-09T01:36:50.770462
52,53190,Okan Erdoğan,881213,İstanbulspor,3066,0,0,6.63,0.33,1.04,6,1,7,16,51,7,1,2460,30,tackles,TUR,2023-2024,datafc_sofascore,2026-08-09T01:36:50.770462
52,53190,Jonas Svensson,98199,Beşiktaş JK,3050,0,3,7.1,0.13,2.29,4,0,23,10,50,4,0,2065,24,tackles,TUR,2023-2024,datafc_sofascore,2026-08-09T01:36:50.770462
52,53190,Chandrel Massanga,1083138,Hatayspor,3091,3,0,6.92,1.99,0.99,24,7,18,8,50,4,0,2294,30,tackles,TUR,2023-2024,datafc_sofascore,2026-08-09T01:36:50.770462
52,53190,Mithat Pala,1016393,Çaykur Rizespor,3064,0,2,6.62,0.35,0.69,13,3,13,32,50,6,1,1551,25,tackles,TUR,2023-2024,datafc_sofascore,2026-08-09T01:36:50.770462
52,53190,Mehmet Aydın,980632,Trabzonspor,3051,0,0,6.87,0.37,0.29,9,0,6,11,49,2,0,1295,20,tackles,TUR,2023-2024,datafc_sofascore,2026-08-09T01:36:50.770462
52,53190,Furkan Soyalp,226992,Gaziantep FK,5138,1,3,6.77,1.91,1.09,18,9,17,12,49,6,1,1615,30,tackles,TUR,2023-2024,datafc_sofascore,2026-08-09T01:36:50.770462
52,53190,Ömer Faruk Beyaz,1022881,Hatayspor,3091,0,0,6.74,1.52,1.8,18,9,15,32,49,6,0,1390,27,tackles,TUR,2023-2024,datafc_sofascore,2026-08-09T01:36:50.770462
52,53190,Ousseynou Ba,889430,Başakşehir FK,3086,0,1,7.16,0.43,0.1,6,0,2,2,48,9,1,1765,22,tackles,TUR,2023-2024,datafc_sofascore,2026-08-09T01:36:50.770462
52,53190,Bünyamin Balcı,967214,Antalyaspor,3056,1,3,7.0,0.58,2.6,6,2,23,14,48,3,0,1865,23,tackles,TUR,2023-2024,datafc_sofascore,2026-08-09T01:36:50.770462
52,53190,Ali Karimi,803869,Kayserispor,3072,3,0,6.98,3.23,3.2,32,7,31,18,48,4,0,2040,27,tackles,TUR,2023-2024,datafc_sofascore,2026-08-09T01:36:50.770462
52,53190,Arnaud Lusamba,361342,Pendikspor,7032,0,3,6.93,0.31,1.96,9,4,24,32,48,5,1,2024,27,tackles,TUR,2023-2024,datafc_sofascore,2026-08-09T01:36:50.770462
52,53190,Kazımcan Karataş,1008884,MKE Ankaragücü,3103,0,0,6.68,0.16,0.57,11,3,7,7,48,1,0,1027,19,tackles,TUR,2023-2024,datafc_sofascore,2026-08-09T01:36:50.770462
52,53190,Mame Thiam,180981,Pendikspor,7032,18,7,7.26,13.28,3.36,85,36,34,18,47,4,0,3161,36,tackles,TUR,2023-2024,datafc_sofascore,2026-08-09T01:36:50.770462
52,53190,Zeki Yavru,140735,Samsunspor,3053,1,2,7.02,0.32,2.91,12,4,28,8,47,4,0,2026,28,tackles,TUR,2023-2024,datafc_sofascore,2026-08-09T01:36:50.770462
52,53190,Rigoberto Rivas,837742,Hatayspor,3091,5,4,6.92,3.4,3.2,31,12,29,25,47,6,0,2431,29,tackles,TUR,2023-2024,datafc_sofascore,2026-08-09T01:36:50.770462
52,53190,Davide Biraschi,233252,Fatih Karagümrük,4954,0,1,6.8,0.62,0.85,5,0,5,9,47,6,1,2575,30,tackles,TUR,2023-2024,datafc_sofascore,2026-08-09T01:36:50.770462
52,53190,Modestas Vorobjovas,319751,İstanbulspor,3066,1,0,6.68,0.28,0.62,6,3,16,2,47,4,1,2148,28,tackles,TUR,2023-2024,datafc_sofascore,2026-08-09T01:36:50.770462
52,53190,Necip Uysal,43394,Beşiktaş JK,3050,0,1,6.96,0.74,0.53,11,3,6,7,46,5,0,2359,30,tackles,TUR,2023-2024,datafc_sofascore,2026-08-09T01:36:50.770462
52,53190,Júnior Morais,79056,Gaziantep FK,5138,0,0,6.93,0.1,0.17,6,1,4,5,46,1,0,1318,15,tackles,TUR,2023-2024,datafc_sofascore,2026-08-09T01:36:50.770462
52,53190,Kartal Kayra Yılmaz,966811,Kayserispor,3072,0,2,6.85,0.4,2.12,19,1,25,11,46,6,1,2409,29,tackles,TUR,2023-2024,datafc_sofascore,2026-08-09T01:36:50.770462
52,53190,Erdal Rakip,319871,Antalyaspor,3056,0,1,6.78,0.7,0.5,13,3,11,19,46,5,1,1329,28,tackles,TUR,2023-2024,datafc_sofascore,2026-08-09T01:36:50.770462
52,53190,Nihad Mujakić,858004,MKE Ankaragücü,3103,1,1,6.77,0.33,0.71,5,1,7,6,46,4,0,3202,36,tackles,TUR,2023-2024,datafc_sofascore,2026-08-09T01:36:50.770462
52,53190,Tolga Ciğerci,120298,MKE Ankaragücü,3103,5,3,7.15,3.47,1.48,38,11,22,13,45,4,0,2050,27,tackles,TUR,2023-2024,datafc_sofascore,2026-08-09T01:36:50.770462
52,53190,Batista Mendy,859021,Trabzonspor,3051,1,0,6.85,0.67,1.17,19,4,7,29,45,8,1,2682,30,tackles,TUR,2023-2024,datafc_sofascore,2026-08-09T01:36:50.770462
52,53190,Marlos Moreno,818942,Konyaspor,3085,2,1,6.84,1.47,2.36,33,7,18,50,45,4,0,1914,29,tackles,TUR,2023-2024,datafc_sofascore,2026-08-09T01:36:50.770462
52,53190,Soner Gönül,867727,Samsunspor,3053,0,1,6.77,0.21,0.9,14,2,8,5,45,2,0,1930,24,tackles,TUR,2023-2024,datafc_sofascore,2026-08-09T01:36:50.770462
52,53190,Guy-Marcelin Kilama,944222,Hatayspor,3091,2,1,6.9,1.1,0.38,9,2,11,14,44,4,0,3136,35,tackles,TUR,2023-2024,datafc_sofascore,2026-08-09T01:36:50.770462
52,53190,Dario Šarić,848385,Antalyaspor,3056,3,0,6.85,2.65,0.77,47,11,21,33,44,2,0,2563,32,tackles,TUR,2023-2024,datafc_sofascore,2026-08-09T01:36:50.770462
52,53190,Ali Kaan Güneren,867848,MKE Ankaragücü,3103,1,1,6.8,2.9,0.84,23,7,14,22,44,1,0,1934,33,tackles,TUR,2023-2024,datafc_sofascore,2026-08-09T01:36:50.770462
52,53190,Dries Mertens,32493,Galatasaray,3061,9,16,7.61,8.12,10.57,88,35,93,15,43,3,0,2487,36,tackles,TUR,2023-2024,datafc_sofascore,2026-08-09T01:36:50.770462
52,53190,Léo Duarte,839982,Başakşehir FK,3086,0,1,7.12,0.96,0.79,11,4,16,18,43,1,0,2700,30,tackles,TUR,2023-2024,datafc_sofascore,2026-08-09T01:36:50.770462
52,53190,Florent Hadergjonaj,354860,Alanyaspor,6362,2,3,6.93,1.15,2.69,17,4,23,11,43,3,0,2318,31,tackles,TUR,2023-2024,datafc_sofascore,2026-08-09T01:36:50.770462
52,53190,Nicolas N'Koulou,38533,Gaziantep FK,5138,2,0,6.82,2.22,0.11,15,3,4,4,43,2,0,2841,32,tackles,TUR,2023-2024,datafc_sofascore,2026-08-09T01:36:50.770462
52,53190,Valentin Eysseric,139798,Fatih Karagümrük,4954,5,7,7.46,4.48,7.64,54,18,74,27,42,7,1,2420,31,tackles,TUR,2023-2024,datafc_sofascore,2026-08-09T01:36:50.770462
52,53190,Gökcan Kaya,342437,Pendikspor,7032,2,3,6.9,1.71,2.11,32,8,24,18,42,3,0,2116,34,tackles,TUR,2023-2024,datafc_sofascore,2026-08-09T01:36:50.770462
52,53190,Uroš Radaković,151900,MKE Ankaragücü,3103,1,1,6.89,1.52,0.41,17,4,7,4,42,8,0,3070,35,tackles,TUR,2023-2024,datafc_sofascore,2026-08-09T01:36:50.770462
52,53190,Jayden Oosterwolde,1048324,Fenerbahçe,3052,0,0,6.85,0.65,2.19,7,2,9,22,42,8,0,1925,27,tackles,TUR,2023-2024,datafc_sofascore,2026-08-09T01:36:50.770462
52,53190,Salih Uçan,135695,Beşiktaş JK,3050,1,3,7.11,1.52,4.11,20,4,20,22,41,6,0,1579,23,tackles,TUR,2023-2024,datafc_sofascore,2026-08-09T01:36:50.770462
52,53190,Mortadha Ben Ouanes,919225,Kasımpaşa,6063,7,5,7.01,3.26,4.88,36,15,45,31,41,8,0,2999,36,tackles,TUR,2023-2024,datafc_sofascore,2026-08-09T01:36:50.770462
52,53190,Bright Osayi-Samuel,791616,Fenerbahçe,3052,4,1,7.0,1.01,1.01,5,4,9,26,41,11,0,1743,23,tackles,TUR,2023-2024,datafc_sofascore,2026-08-09T01:36:50.770462
52,53190,Erdoğan Yeşilyurt,142541,Antalyaspor,3056,3,3,6.89,1.78,2.25,31,7,31,26,41,8,1,2485,34,tackles,TUR,2023-2024,datafc_sofascore,2026-08-09T01:36:50.770462
52,53190,Casper Højer,281233,Çaykur Rizespor,3064,1,2,6.79,0.72,3.51,17,6,38,8,41,5,0,2060,27,tackles,TUR,2023-2024,datafc_sofascore,2026-08-09T01:36:50.770462
52,53190,Max Gradel,16590,Gaziantep FK,5138,1,4,6.73,2.55,3.11,28,11,28,20,41,5,0,1712,29,tackles,TUR,2023-2024,datafc_sofascore,2026-08-09T01:36:50.770462
52,53190,Maestro,1002146,Adana Demirspor,3101,0,1,7.03,0.06,0.68,2,0,12,22,40,3,0,1123,13,tackles,TUR,2023-2024,datafc_sofascore,2026-08-09T01:36:50.770462
52,53190,Loide Augusto,1110708,Alanyaspor,6362,3,2,6.92,1.07,1.97,21,4,13,54,40,6,0,1797,26,tackles,TUR,2023-2024,datafc_sofascore,2026-08-09T01:36:50.770462
52,53190,Olimpiu Moruțan,833613,MKE Ankaragücü,3103,2,3,6.9,2.86,3.43,47,13,34,46,40,3,0,2128,30,tackles,TUR,2023-2024,datafc_sofascore,2026-08-09T01:36:50.770462
52,53190,Mehmet Yeşil,840639,İstanbulspor,3066,0,0,6.8,0.61,0.39,12,3,1,11,40,9,0,2807,34,tackles,TUR,2023-2024,datafc_sofascore,2026-08-09T01:36:50.770462
52,53190,Atakan Çankaya,1066338,MKE Ankaragücü,3103,0,0,6.72,0.72,0.29,9,4,4,2,40,4,0,1421,24,tackles,TUR,2023-2024,datafc_sofascore,2026-08-09T01:36:50.770462
52,53190,Miguel Cardoso,344009,Kayserispor,3072,1,7,7.08,5.41,7.21,65,18,66,31,39,4,0,2524,30,tackles,TUR,2023-2024,datafc_sofascore,2026-08-09T01:36:50.770462
52,53190,Badou Ndiaye,228342,Pendikspor,7032,1,0,7.07,1.71,1.22,25,7,15,25,39,3,0,1518,20,tackles,TUR,2023-2024,datafc_sofascore,2026-08-09T01:36:50.770462
52,53190,Davinson Sánchez,566102,Galatasaray,3061,2,0,7.05,3.71,0.58,17,4,4,7,39,4,0,1602,23,tackles,TUR,2023-2024,datafc_sofascore,2026-08-09T01:36:50.770462
52,53190,Alexander Djiku,289977,Fenerbahçe,3052,3,1,7.01,2.27,0.38,12,3,7,4,39,5,1,2032,25,tackles,TUR,2023-2024,datafc_sofascore,2026-08-09T01:36:50.770462
52,53190,Arda Kızıldağ,904228,Gaziantep FK,5138,4,0,6.9,2.2,0.4,21,6,5,0,39,4,0,2330,29,tackles,TUR,2023-2024,datafc_sofascore,2026-08-09T01:36:50.770462
52,53190,Gedson Fernandes,862055,Beşiktaş JK,3050,3,3,7.19,2.94,1.74,36,9,29,46,99,8,0,2457,29,tackles,TUR,2023-2024,datafc_sofascore,2026-08-09T01:36:50.770462
52,53190,Gökhan Sazdağı,595396,Kayserispor,3072,0,5,6.79,1.56,2.92,25,7,26,35,92,9,0,2905,34,tackles,TUR,2023-2024,datafc_sofascore,2026-08-09T01:36:50.770462
52,53190,Guilherme Haubert Sityá,224112,Konyaspor,3085,5,7,7.35,1.62,6.83,18,6,88,30,87,1,0,3267,37,tackles,TUR,2023-2024,datafc_sofascore,2026-08-09T01:36:50.770462
52,53190,Sebastian Szymański,847983,Fenerbahçe,3052,10,11,7.55,9.31,9.69,87,31,77,10,85,4,0,2916,37,tackles,TUR,2023-2024,datafc_sofascore,2026-08-09T01:36:50.770462
52,53190,Nuno Sequeira,170117,Pendikspor,7032,1,3,6.89,0.98,3.7,15,4,40,20,85,10,0,3066,35,tackles,TUR,2023-2024,datafc_sofascore,2026-08-09T01:36:50.770462
52,53190,Levent Mercan,1085938,Fatih Karagümrük,4954,1,5,6.9,0.7,2.51,14,1,33,37,82,8,0,3113,36,tackles,TUR,2023-2024,datafc_sofascore,2026-08-09T01:36:50.770462
52,53190,Lucas Torreira,754794,Galatasaray,3061,1,2,7.2,2.08,2.97,31,4,29,9,80,7,0,2993,35,tackles,TUR,2023-2024,datafc_sofascore,2026-08-09T01:36:50.770462
52,53190,Muammer Sarıkaya,816571,Çaykur Rizespor,3064,1,1,6.81,3.87,2.27,37,8,18,16,76,9,0,2275,35,tackles,TUR,2023-2024,datafc_sofascore,2026-08-09T01:36:50.770462
52,53190,Ferdi Kadıoğlu,825844,Fenerbahçe,3052,1,4,7.44,2.5,6.69,33,14,51,57,75,3,0,3327,37,tackles,TUR,2023-2024,datafc_sofascore,2026-08-09T01:36:50.770462
52,53190,Richard,897617,Alanyaspor,6362,1,1,7.16,1.3,1.31,25,7,17,16,74,11,0,2913,34,tackles,TUR,2023-2024,datafc_sofascore,2026-08-09T01:36:50.770462
52,53190,Aytaç Kara,128196,Kasımpaşa,6063,13,5,7.41,9.16,3.01,101,36,40,19,73,4,0,3248,37,tackles,TUR,2023-2024,datafc_sofascore,2026-08-09T01:36:50.770462
52,53190,İsmail Yüksek,952600,Fenerbahçe,3052,0,4,7.15,2.24,2.28,26,4,29,29,73,5,2,2319,30,tackles,TUR,2023-2024,datafc_sofascore,2026-08-09T01:36:50.770462
52,53190,Veysel Sarı,98276,Antalyaspor,3056,1,0,6.93,2.25,0.42,29,6,6,4,72,11,0,3013,35,tackles,TUR,2023-2024,datafc_sofascore,2026-08-09T01:36:50.770462
52,53190,Cláudio Winck,155998,Kasımpaşa,6063,3,1,6.82,3.38,2.58,31,8,22,37,72,7,1,2862,32,tackles,TUR,2023-2024,datafc_sofascore,2026-08-09T01:36:50.770462
52,53190,Uğur Çiftçi,142850,Sivasspor,3076,0,2,6.8,0.47,3.69,15,5,31,21,71,10,0,3118,35,tackles,TUR,2023-2024,datafc_sofascore,2026-08-09T01:36:50.770462
52,53190,Berat Özdemir,876857,Trabzonspor,3051,1,1,7.12,0.52,0.97,15,4,15,15,70,4,0,2304,31,tackles,TUR,2023-2024,datafc_sofascore,2026-08-09T01:36:50.770462
52,53190,Charis Charisis,317297,Sivasspor,3076,1,4,6.91,1.06,1.29,19,5,29,27,70,8,0,2424,30,tackles,TUR,2023-2024,datafc_sofascore,2026-08-09T01:36:50.770462
52,53190,Uğurcan Yazğılı,904303,Konyaspor,3085,2,0,6.95,1.03,0.62,13,2,14,6,68,5,0,2718,35,tackles,TUR,2023-2024,datafc_sofascore,2026-08-09T01:36:50.770462
52,53190,Carlo Holse,837012,Samsunspor,3053,5,3,6.9,5.31,2.53,59,24,43,14,68,4,0,2787,33,tackles,TUR,2023-2024,datafc_sofascore,2026-08-09T01:36:50.770462
52,53190,Yasin Özcan,1392102,Kasımpaşa,6063,2,1,6.78,1.06,0.69,19,4,13,11,68,4,0,2962,37,tackles,TUR,2023-2024,datafc_sofascore,2026-08-09T01:36:50.770462
52,53190,Kerem Demirbay,142619,Galatasaray,3061,6,3,7.2,3.03,3.76,52,17,42,19,66,2,0,2227,34,tackles,TUR,2023-2024,datafc_sofascore,2026-08-09T01:36:50.770462
52,53190,Florian Loshaj,831407,İstanbulspor,3066,5,0,6.98,4.81,2.98,56,18,34,35,66,8,1,2705,32,tackles,TUR,2023-2024,datafc_sofascore,2026-08-09T01:36:50.770462
52,53190,Mustafa Eskihellaç,899069,Gaziantep FK,5138,2,3,6.93,1.29,2.92,25,5,29,41,66,5,0,3067,35,tackles,TUR,2023-2024,datafc_sofascore,2026-08-09T01:36:50.770462
52,53190,Emirhan Topçu,895009,Çaykur Rizespor,3064,1,4,7.26,2.0,1.84,25,8,19,6,65,10,1,2702,31,tackles,TUR,2023-2024,datafc_sofascore,2026-08-09T01:36:50.770462
52,53190,Emre Akbaba,343527,Adana Demirspor,3101,7,2,7.19,7.41,3.26,64,20,43,32,65,5,0,2682,32,tackles,TUR,2023-2024,datafc_sofascore,2026-08-09T01:36:50.770462
52,53190,Ahmet Oğuz,603902,Konyaspor,3085,1,1,6.96,0.32,1.29,10,2,20,15,65,7,0,2113,31,tackles,TUR,2023-2024,datafc_sofascore,2026-08-09T01:36:50.770462
52,53190,Stelios Kitsiou,189627,MKE Ankaragücü,3103,0,1,6.84,0.77,1.13,14,0,19,21,65,7,0,2135,28,tackles,TUR,2023-2024,datafc_sofascore,2026-08-09T01:36:50.770462
52,53190,Haris Hajradinović,254979,Kasımpaşa,6063,5,14,7.39,6.16,9.69,69,21,104,26,63,3,0,3307,38,tackles,TUR,2023-2024,datafc_sofascore,2026-08-09T01:36:50.770462
52,53190,Ibrahim Olawoyin,1008173,Çaykur Rizespor,3064,8,2,7.12,5.84,2.99,64,25,39,65,63,6,0,2970,35,tackles,TUR,2023-2024,datafc_sofascore,2026-08-09T01:36:50.770462
52,53190,Halil Akbunar,217782,Pendikspor,7032,5,3,6.98,4.09,5.67,54,20,37,57,63,3,1,2808,37,tackles,TUR,2023-2024,datafc_sofascore,2026-08-09T01:36:50.770462
52,53190,Emre Kılınç,202032,Samsunspor,3053,4,4,7.12,2.09,4.63,31,5,53,31,62,4,0,2574,33,tackles,TUR,2023-2024,datafc_sofascore,2026-08-09T01:36:50.770462
52,53190,Eren Elmalı,981483,Trabzonspor,3051,0,0,6.87,1.19,1.89,17,3,29,21,61,9,0,3022,34,tackles,TUR,2023-2024,datafc_sofascore,2026-08-09T01:36:50.770462
52,53190,Barış Alper Yılmaz,904096,Galatasaray,3061,6,6,7.15,4.08,5.51,61,18,43,67,60,8,0,2550,37,tackles,TUR,2023-2024,datafc_sofascore,2026-08-09T01:36:50.770462
52,53190,Taha Şahin,1394729,Çaykur Rizespor,3064,0,4,6.87,0.65,2.84,8,0,27,29,58,5,0,2854,34,tackles,TUR,2023-2024,datafc_sofascore,2026-08-09T01:36:50.770462
52,53190,Efecan Karaca,60510,Alanyaspor,6362,2,3,7.02,3.18,4.83,21,9,50,31,57,5,0,2753,37,tackles,TUR,2023-2024,datafc_sofascore,2026-08-09T01:36:50.770462
52,53190,Youssef Aït Bennasser,802850,Samsunspor,3053,1,0,6.8,1.08,0.74,19,2,9,7,57,4,0,1915,28,tackles,TUR,2023-2024,datafc_sofascore,2026-08-09T01:36:50.770462
52,53190,Pedrinho,182385,MKE Ankaragücü,3103,3,2,7.01,1.17,2.48,30,6,37,12,55,4,0,2199,32,tackles,TUR,2023-2024,datafc_sofascore,2026-08-09T01:36:50.770462
52,53190,Denis Drăguş,841199,Gaziantep FK,5138,14,1,7.22,13.78,2.44,106,40,38,85,54,8,0,2751,32,tackles,TUR,2023-2024,datafc_sofascore,2026-08-09T01:36:50.770462
52,53190,Güray Vural,43559,Antalyaspor,3056,1,3,6.9,1.13,2.92,25,4,26,8,54,7,0,2568,30,tackles,TUR,2023-2024,datafc_sofascore,2026-08-09T01:36:50.770462
52,53190,Gustavo Sauer,904505,Çaykur Rizespor,3064,1,1,6.89,0.92,2.52,27,8,35,23,54,4,0,1449,32,tackles,TUR,2023-2024,datafc_sofascore,2026-08-09T01:36:50.770462
52,53190,Gökhan Gül,797820,Kasımpaşa,6063,2,0,6.97,1.82,1.39,54,17,20,6,53,3,0,2928,38,tackles,TUR,2023-2024,datafc_sofascore,2026-08-09T01:36:50.770462
52,53190,Welinton,76529,Pendikspor,7032,2,1,6.88,1.23,0.77,21,6,10,4,53,4,3,2015,24,tackles,TUR,2023-2024,datafc_sofascore,2026-08-09T01:36:50.770462
52,53190,Soner Dikmen,847782,Konyaspor,3085,1,0,6.76,3.18,1.09,38,9,6,13,53,7,0,3217,37,tackles,TUR,2023-2024,datafc_sofascore,2026-08-09T01:36:50.770462
52,53190,Semih Güler,325155,Adana Demirspor,3101,0,1,7.09,1.18,0.93,24,6,8,4,52,4,1,2801,32,tackles,TUR,2023-2024,datafc_sofascore,2026-08-09T01:36:50.770462
52,53190,Fred,243623,Fenerbahçe,3052,3,4,7.34,3.99,4.93,50,15,31,25,51,5,1,2051,25,tackles,TUR,2023-2024,datafc_sofascore,2026-08-09T01:36:50.770462
52,53190,Kamil Ahmet Çörekçi,124728,Hatayspor,3091,0,0,6.85,0.23,0.96,6,1,7,8,51,3,0,1734,24,tackles,TUR,2023-2024,datafc_sofascore,2026-08-09T01:36:50.770462
52,53190,Yusuf Özdemir,1084884,Alanyaspor,6362,2,4,6.78,3.51,2.15,25,10,22,8,51,7,0,2481,34,tackles,TUR,2023-2024,datafc_sofascore,2026-08-09T01:36:50.770462
52,53190,Okan Erdoğan,881213,İstanbulspor,3066,0,0,6.63,0.33,1.04,6,1,7,16,51,7,1,2460,30,tackles,TUR,2023-2024,datafc_sofascore,2026-08-09T01:36:50.770462
52,53190,Jonas Svensson,98199,Beşiktaş JK,3050,0,3,7.1,0.13,2.29,4,0,23,10,50,4,0,2065,24,tackles,TUR,2023-2024,datafc_sofascore,2026-08-09T01:36:50.770462
52,53190,Chandrel Massanga,1083138,Hatayspor,3091,3,0,6.92,1.99,0.99,24,7,18,8,50,4,0,2294,30,tackles,TUR,2023-2024,datafc_sofascore,2026-08-09T01:36:50.770462
52,53190,Mithat Pala,1016393,Çaykur Rizespor,3064,0,2,6.62,0.35,0.69,13,3,13,32,50,6,1,1551,25,tackles,TUR,2023-2024,datafc_sofascore,2026-08-09T01:36:50.770462
52,53190,Mehmet Aydın,980632,Trabzonspor,3051,0,0,6.87,0.37,0.29,9,0,6,11,49,2,0,1295,20,tackles,TUR,2023-2024,datafc_sofascore,2026-08-09T01:36:50.770462
52,53190,Furkan Soyalp,226992,Gaziantep FK,5138,1,3,6.77,1.91,1.09,18,9,17,12,49,6,1,1615,30,tackles,TUR,2023-2024,datafc_sofascore,2026-08-09T01:36:50.770462
52,53190,Ömer Faruk Beyaz,1022881,Hatayspor,3091,0,0,6.74,1.52,1.8,18,9,15,32,49,6,0,1390,27,tackles,TUR,2023-2024,datafc_sofascore,2026-08-09T01:36:50.770462
52,53190,Ousseynou Ba,889430,Başakşehir FK,3086,0,1,7.16,0.43,0.1,6,0,2,2,48,9,1,1765,22,tackles,TUR,2023-2024,datafc_sofascore,2026-08-09T01:36:50.770462
52,53190,Bünyamin Balcı,967214,Antalyaspor,3056,1,3,7.0,0.58,2.6,6,2,23,14,48,3,0,1865,23,tackles,TUR,2023-2024,datafc_sofascore,2026-08-09T01:36:50.770462
52,53190,Ali Karimi,803869,Kayserispor,3072,3,0,6.98,3.23,3.2,32,7,31,18,48,4,0,2040,27,tackles,TUR,2023-2024,datafc_sofascore,2026-08-09T01:36:50.770462
52,53190,Arnaud Lusamba,361342,Pendikspor,7032,0,3,6.93,0.31,1.96,9,4,24,32,48,5,1,2024,27,tackles,TUR,2023-2024,datafc_sofascore,2026-08-09T01:36:50.770462
52,53190,Kazımcan Karataş,1008884,MKE Ankaragücü,3103,0,0,6.68,0.16,0.57,11,3,7,7,48,1,0,1027,19,tackles,TUR,2023-2024,datafc_sofascore,2026-08-09T01:36:50.770462
52,53190,Mame Thiam,180981,Pendikspor,7032,18,7,7.26,13.28,3.36,85,36,34,18,47,4,0,3161,36,tackles,TUR,2023-2024,datafc_sofascore,2026-08-09T01:36:50.770462
52,53190,Zeki Yavru,140735,Samsunspor,3053,1,2,7.02,0.32,2.91,12,4,28,8,47,4,0,2026,28,tackles,TUR,2023-2024,datafc_sofascore,2026-08-09T01:36:50.770462
52,53190,Rigoberto Rivas,837742,Hatayspor,3091,5,4,6.92,3.4,3.2,31,12,29,25,47,6,0,2431,29,tackles,TUR,2023-2024,datafc_sofascore,2026-08-09T01:36:50.770462
52,53190,Davide Biraschi,233252,Fatih Karagümrük,4954,0,1,6.8,0.62,0.85,5,0,5,9,47,6,1,2575,30,tackles,TUR,2023-2024,datafc_sofascore,2026-08-09T01:36:50.770462
52,53190,Modestas Vorobjovas,319751,İstanbulspor,3066,1,0,6.68,0.28,0.62,6,3,16,2,47,4,1,2148,28,tackles,TUR,2023-2024,datafc_sofascore,2026-08-09T01:36:50.770462
52,53190,Necip Uysal,43394,Beşiktaş JK,3050,0,1,6.96,0.74,0.53,11,3,6,7,46,5,0,2359,30,tackles,TUR,2023-2024,datafc_sofascore,2026-08-09T01:36:50.770462
52,53190,Júnior Morais,79056,Gaziantep FK,5138,0,0,6.93,0.1,0.17,6,1,4,5,46,1,0,1318,15,tackles,TUR,2023-2024,datafc_sofascore,2026-08-09T01:36:50.770462
52,53190,Kartal Kayra Yılmaz,966811,Kayserispor,3072,0,2,6.85,0.4,2.12,19,1,25,11,46,6,1,2409,29,tackles,TUR,2023-2024,datafc_sofascore,2026-08-09T01:36:50.770462
52,53190,Erdal Rakip,319871,Antalyaspor,3056,0,1,6.78,0.7,0.5,13,3,11,19,46,5,1,1329,28,tackles,TUR,2023-2024,datafc_sofascore,2026-08-09T01:36:50.770462
52,53190,Nihad Mujakić,858004,MKE Ankaragücü,3103,1,1,6.77,0.33,0.71,5,1,7,6,46,4,0,3202,36,tackles,TUR,2023-2024,datafc_sofascore,2026-08-09T01:36:50.770462
52,53190,Tolga Ciğerci,120298,MKE Ankaragücü,3103,5,3,7.15,3.47,1.48,38,11,22,13,45,4,0,2050,27,tackles,TUR,2023-2024,datafc_sofascore,2026-08-09T01:36:50.770462
52,53190,Batista Mendy,859021,Trabzonspor,3051,1,0,6.85,0.67,1.17,19,4,7,29,45,8,1,2682,30,tackles,TUR,2023-2024,datafc_sofascore,2026-08-09T01:36:50.770462
52,53190,Marlos Moreno,818942,Konyaspor,3085,2,1,6.84,1.47,2.36,33,7,18,50,45,4,0,1914,29,tackles,TUR,2023-2024,datafc_sofascore,2026-08-09T01:36:50.770462
52,53190,Soner Gönül,867727,Samsunspor,3053,0,1,6.77,0.21,0.9,14,2,8,5,45,2,0,1930,24,tackles,TUR,2023-2024,datafc_sofascore,2026-08-09T01:36:50.770462
52,53190,Guy-Marcelin Kilama,944222,Hatayspor,3091,2,1,6.9,1.1,0.38,9,2,11,14,44,4,0,3136,35,tackles,TUR,2023-2024,datafc_sofascore,2026-08-09T01:36:50.770462
52,53190,Dario Šarić,848385,Antalyaspor,3056,3,0,6.85,2.65,0.77,47,11,21,33,44,2,0,2563,32,tackles,TUR,2023-2024,datafc_sofascore,2026-08-09T01:36:50.770462
52,53190,Ali Kaan Güneren,867848,MKE Ankaragücü,3103,1,1,6.8,2.9,0.84,23,7,14,22,44,1,0,1934,33,tackles,TUR,2023-2024,datafc_sofascore,2026-08-09T01:36:50.770462
52,53190,Dries Mertens,32493,Galatasaray,3061,9,16,7.61,8.12,10.57,88,35,93,15,43,3,0,2487,36,tackles,TUR,2023-2024,datafc_sofascore,2026-08-09T01:36:50.770462
52,53190,Léo Duarte,839982,Başakşehir FK,3086,0,1,7.12,0.96,0.79,11,4,16,18,43,1,0,2700,30,tackles,TUR,2023-2024,datafc_sofascore,2026-08-09T01:36:50.770462
52,53190,Florent Hadergjonaj,354860,Alanyaspor,6362,2,3,6.93,1.15,2.69,17,4,23,11,43,3,0,2318,31,tackles,TUR,2023-2024,datafc_sofascore,2026-08-09T01:36:50.770462
52,53190,Nicolas N'Koulou,38533,Gaziantep FK,5138,2,0,6.82,2.22,0.11,15,3,4,4,43,2,0,2841,32,tackles,TUR,2023-2024,datafc_sofascore,2026-08-09T01:36:50.770462
52,53190,Valentin Eysseric,139798,Fatih Karagümrük,4954,5,7,7.46,4.48,7.64,54,18,74,27,42,7,1,2420,31,tackles,TUR,2023-2024,datafc_sofascore,2026-08-09T01:36:50.770462
52,53190,Gökcan Kaya,342437,Pendikspor,7032,2,3,6.9,1.71,2.11,32,8,24,18,42,3,0,2116,34,tackles,TUR,2023-2024,datafc_sofascore,2026-08-09T01:36:50.770462
52,53190,Uroš Radaković,151900,MKE Ankaragücü,3103,1,1,6.89,1.52,0.41,17,4,7,4,42,8,0,3070,35,tackles,TUR,2023-2024,datafc_sofascore,2026-08-09T01:36:50.770462
52,53190,Jayden Oosterwolde,1048324,Fenerbahçe,3052,0,0,6.85,0.65,2.19,7,2,9,22,42,8,0,1925,27,tackles,TUR,2023-2024,datafc_sofascore,2026-08-09T01:36:50.770462
52,53190,Salih Uçan,135695,Beşiktaş JK,3050,1,3,7.11,1.52,4.11,20,4,20,22,41,6,0,1579,23,tackles,TUR,2023-2024,datafc_sofascore,2026-08-09T01:36:50.770462
52,53190,Mortadha Ben Ouanes,919225,Kasımpaşa,6063,7,5,7.01,3.26,4.88,36,15,45,31,41,8,0,2999,36,tackles,TUR,2023-2024,datafc_sofascore,2026-08-09T01:36:50.770462
52,53190,Bright Osayi-Samuel,791616,Fenerbahçe,3052,4,1,7.0,1.01,1.01,5,4,9,26,41,11,0,1743,23,tackles,TUR,2023-2024,datafc_sofascore,2026-08-09T01:36:50.770462
52,53190,Erdoğan Yeşilyurt,142541,Antalyaspor,3056,3,3,6.89,1.78,2.25,31,7,31,26,41,8,1,2485,34,tackles,TUR,2023-2024,datafc_sofascore,2026-08-09T01:36:50.770462
52,53190,Casper Højer,281233,Çaykur Rizespor,3064,1,2,6.79,0.72,3.51,17,6,38,8,41,5,0,2060,27,tackles,TUR,2023-2024,datafc_sofascore,2026-08-09T01:36:50.770462
52,53190,Max Gradel,16590,Gaziantep FK,5138,1,4,6.73,2.55,3.11,28,11,28,20,41,5,0,1712,29,tackles,TUR,2023-2024,datafc_sofascore,2026-08-09T01:36:50.770462
52,53190,Maestro,1002146,Adana Demirspor,3101,0,1,7.03,0.06,0.68,2,0,12,22,40,3,0,1123,13,tackles,TUR,2023-2024,datafc_sofascore,2026-08-09T01:36:50.770462
52,53190,Loide Augusto,1110708,Alanyaspor,6362,3,2,6.92,1.07,1.97,21,4,13,54,40,6,0,1797,26,tackles,TUR,2023-2024,datafc_sofascore,2026-08-09T01:36:50.770462
52,53190,Olimpiu Moruțan,833613,MKE Ankaragücü,3103,2,3,6.9,2.86,3.43,47,13,34,46,40,3,0,2128,30,tackles,TUR,2023-2024,datafc_sofascore,2026-08-09T01:36:50.770462
52,53190,Mehmet Yeşil,840639,İstanbulspor,3066,0,0,6.8,0.61,0.39,12,3,1,11,40,9,0,2807,34,tackles,TUR,2023-2024,datafc_sofascore,2026-08-09T01:36:50.770462
52,53190,Atakan Çankaya,1066338,MKE Ankaragücü,3103,0,0,6.72,0.72,0.29,9,4,4,2,40,4,0,1421,24,tackles,TUR,2023-2024,datafc_sofascore,2026-08-09T01:36:50.770462
52,53190,Miguel Cardoso,344009,Kayserispor,3072,1,7,7.08,5.41,7.21,65,18,66,31,39,4,0,2524,30,tackles,TUR,2023-2024,datafc_sofascore,2026-08-09T01:36:50.770462
52,53190,Badou Ndiaye,228342,Pendikspor,7032,1,0,7.07,1.71,1.22,25,7,15,25,39,3,0,1518,20,tackles,TUR,2023-2024,datafc_sofascore,2026-08-09T01:36:50.770462
52,53190,Davinson Sánchez,566102,Galatasaray,3061,2,0,7.05,3.71,0.58,17,4,4,7,39,4,0,1602,23,tackles,TUR,2023-2024,datafc_sofascore,2026-08-09T01:36:50.770462
52,53190,Alexander Djiku,289977,Fenerbahçe,3052,3,1,7.01,2.27,0.38,12,3,7,4,39,5,1,2032,25,tackles,TUR,2023-2024,datafc_sofascore,2026-08-09T01:36:50.770462
52,53190,Arda Kızıldağ,904228,Gaziantep FK,5138,4,0,6.9,2.2,0.4,21,6,5,0,39,4,0,2330,29,tackles,TUR,2023-2024,datafc_sofascore,2026-08-09T01:36:50.770462
52,53190,Papy Djilobodji,106661,Gaziantep FK,5138,3,1,6.94,2.83,2.05,20,5,17,5,36,5,1,3007,34,interceptions,TUR,2023-2024,datafc_sofascore,2026-08-09T01:36:50.770462
52,53190,Richard,897617,Alanyaspor,6362,1,1,7.16,1.3,1.31,25,7,17,16,74,11,0,2913,34,interceptions,TUR,2023-2024,datafc_sofascore,2026-08-09T01:36:50.770462
52,53190,Emirhan Topçu,895009,Çaykur Rizespor,3064,1,4,7.26,2.0,1.84,25,8,19,6,65,10,1,2702,31,interceptions,TUR,2023-2024,datafc_sofascore,2026-08-09T01:36:50.770462
52,53190,Gökhan Gül,797820,Kasımpaşa,6063,2,0,6.97,1.82,1.39,54,17,20,6,53,3,0,2928,38,interceptions,TUR,2023-2024,datafc_sofascore,2026-08-09T01:36:50.770462
52,53190,Alexander Djiku,289977,Fenerbahçe,3052,3,1,7.01,2.27,0.38,12,3,7,4,39,5,1,2032,25,interceptions,TUR,2023-2024,datafc_sofascore,2026-08-09T01:36:50.770462
52,53190,Mustafa Eskihellaç,899069,Gaziantep FK,5138,2,3,6.93,1.29,2.92,25,5,29,41,66,5,0,3067,35,interceptions,TUR,2023-2024,datafc_sofascore,2026-08-09T01:36:50.770462
52,53190,Guilherme Haubert Sityá,224112,Konyaspor,3085,5,7,7.35,1.62,6.83,18,6,88,30,87,1,0,3267,37,interceptions,TUR,2023-2024,datafc_sofascore,2026-08-09T01:36:50.770462
52,53190,Veysel Sarı,98276,Antalyaspor,3056,1,0,6.93,2.25,0.42,29,6,6,4,72,11,0,3013,35,interceptions,TUR,2023-2024,datafc_sofascore,2026-08-09T01:36:50.770462
52,53190,Taha Şahin,1394729,Çaykur Rizespor,3064,0,4,6.87,0.65,2.84,8,0,27,29,58,5,0,2854,34,interceptions,TUR,2023-2024,datafc_sofascore,2026-08-09T01:36:50.770462
52,53190,Uğurcan Yazğılı,904303,Konyaspor,3085,2,0,6.95,1.03,0.62,13,2,14,6,68,5,0,2718,35,interceptions,TUR,2023-2024,datafc_sofascore,2026-08-09T01:36:50.770462
52,53190,Eren Elmalı,981483,Trabzonspor,3051,0,0,6.87,1.19,1.89,17,3,29,21,61,9,0,3022,34,interceptions,TUR,2023-2024,datafc_sofascore,2026-08-09T01:36:50.770462
52,53190,Caner Osmanpaşa,135941,Sivasspor,3076,3,0,6.98,2.17,0.07,18,6,0,6,28,2,0,2264,27,interceptions,TUR,2023-2024,datafc_sofascore,2026-08-09T01:36:50.770462
52,53190,Victor Nelsson,846148,Galatasaray,3061,2,0,7.12,1.56,0.89,19,6,5,1,22,3,0,2570,32,interceptions,TUR,2023-2024,datafc_sofascore,2026-08-09T01:36:50.770462
52,53190,Ousseynou Ba,889430,Başakşehir FK,3086,0,1,7.16,0.43,0.1,6,0,2,2,48,9,1,1765,22,interceptions,TUR,2023-2024,datafc_sofascore,2026-08-09T01:36:50.770462
52,53190,İsmail Yüksek,952600,Fenerbahçe,3052,0,4,7.15,2.24,2.28,26,4,29,29,73,5,2,2319,30,interceptions,TUR,2023-2024,datafc_sofascore,2026-08-09T01:36:50.770462
52,53190,Uroš Radaković,151900,MKE Ankaragücü,3103,1,1,6.89,1.52,0.41,17,4,7,4,42,8,0,3070,35,interceptions,TUR,2023-2024,datafc_sofascore,2026-08-09T01:36:50.770462
52,53190,Yasin Özcan,1392102,Kasımpaşa,6063,2,1,6.78,1.06,0.69,19,4,13,11,68,4,0,2962,37,interceptions,TUR,2023-2024,datafc_sofascore,2026-08-09T01:36:50.770462
52,53190,Jerome Opoku,920514,Başakşehir FK,3086,4,1,7.06,1.9,0.74,11,5,9,18,26,6,1,2481,28,interceptions,TUR,2023-2024,datafc_sofascore,2026-08-09T01:36:50.770462
52,53190,Levent Mercan,1085938,Fatih Karagümrük,4954,1,5,6.9,0.7,2.51,14,1,33,37,82,8,0,3113,36,interceptions,TUR,2023-2024,datafc_sofascore,2026-08-09T01:36:50.770462
52,53190,Welinton,76529,Pendikspor,7032,2,1,6.88,1.23,0.77,21,6,10,4,53,4,3,2015,24,interceptions,TUR,2023-2024,datafc_sofascore,2026-08-09T01:36:50.770462
52,53190,Kartal Kayra Yılmaz,966811,Kayserispor,3072,0,2,6.85,0.4,2.12,19,1,25,11,46,6,1,2409,29,interceptions,TUR,2023-2024,datafc_sofascore,2026-08-09T01:36:50.770462
52,53190,Davide Biraschi,233252,Fatih Karagümrük,4954,0,1,6.8,0.62,0.85,5,0,5,9,47,6,1,2575,30,interceptions,TUR,2023-2024,datafc_sofascore,2026-08-09T01:36:50.770462
52,53190,Lucas Torreira,754794,Galatasaray,3061,1,2,7.2,2.08,2.97,31,4,29,9,80,7,0,2993,35,interceptions,TUR,2023-2024,datafc_sofascore,2026-08-09T01:36:50.770462
52,53190,Chandrel Massanga,1083138,Hatayspor,3091,3,0,6.92,1.99,0.99,24,7,18,8,50,4,0,2294,30,interceptions,TUR,2023-2024,datafc_sofascore,2026-08-09T01:36:50.770462
52,53190,Güray Vural,43559,Antalyaspor,3056,1,3,6.9,1.13,2.92,25,4,26,8,54,7,0,2568,30,interceptions,TUR,2023-2024,datafc_sofascore,2026-08-09T01:36:50.770462
52,53190,Nihad Mujakić,858004,MKE Ankaragücü,3103,1,1,6.77,0.33,0.71,5,1,7,6,46,4,0,3202,36,interceptions,TUR,2023-2024,datafc_sofascore,2026-08-09T01:36:50.770462
52,53190,Tolga Ciğerci,120298,MKE Ankaragücü,3103,5,3,7.15,3.47,1.48,38,11,22,13,45,4,0,2050,27,interceptions,TUR,2023-2024,datafc_sofascore,2026-08-09T01:36:50.770462
52,53190,Berat Özdemir,876857,Trabzonspor,3051,1,1,7.12,0.52,0.97,15,4,15,15,70,4,0,2304,31,interceptions,TUR,2023-2024,datafc_sofascore,2026-08-09T01:36:50.770462
52,53190,Semih Güler,325155,Adana Demirspor,3101,0,1,7.09,1.18,0.93,24,6,8,4,52,4,1,2801,32,interceptions,TUR,2023-2024,datafc_sofascore,2026-08-09T01:36:50.770462
52,53190,Gökhan Sazdağı,595396,Kayserispor,3072,0,5,6.79,1.56,2.92,25,7,26,35,92,9,0,2905,34,interceptions,TUR,2023-2024,datafc_sofascore,2026-08-09T01:36:50.770462
52,53190,Soner Dikmen,847782,Konyaspor,3085,1,0,6.76,3.18,1.09,38,9,6,13,53,7,0,3217,37,interceptions,TUR,2023-2024,datafc_sofascore,2026-08-09T01:36:50.770462
52,53190,Gedson Fernandes,862055,Beşiktaş JK,3050,3,3,7.19,2.94,1.74,36,9,29,46,99,8,0,2457,29,interceptions,TUR,2023-2024,datafc_sofascore,2026-08-09T01:36:50.770462
52,53190,Zeki Yavru,140735,Samsunspor,3053,1,2,7.02,0.32,2.91,12,4,28,8,47,4,0,2026,28,interceptions,TUR,2023-2024,datafc_sofascore,2026-08-09T01:36:50.770462
52,53190,Erdoğan Yeşilyurt,142541,Antalyaspor,3056,3,3,6.89,1.78,2.25,31,7,31,26,41,8,1,2485,34,interceptions,TUR,2023-2024,datafc_sofascore,2026-08-09T01:36:50.770462
52,53190,Cláudio Winck,155998,Kasımpaşa,6063,3,1,6.82,3.38,2.58,31,8,22,37,72,7,1,2862,32,interceptions,TUR,2023-2024,datafc_sofascore,2026-08-09T01:36:50.770462
52,53190,Ali Yaşar,190815,İstanbulspor,3066,1,2,6.68,1.06,1.91,24,8,22,7,36,3,1,2450,33,interceptions,TUR,2023-2024,datafc_sofascore,2026-08-09T01:36:50.770462
52,53190,Ibrahim Olawoyin,1008173,Çaykur Rizespor,3064,8,2,7.12,5.84,2.99,64,25,39,65,63,6,0,2970,35,interceptions,TUR,2023-2024,datafc_sofascore,2026-08-09T01:36:50.770462
52,53190,Sam Larsson,229800,Antalyaspor,3056,5,1,6.97,2.83,5.32,43,12,61,52,31,1,0,2568,35,interceptions,TUR,2023-2024,datafc_sofascore,2026-08-09T01:36:50.770462
52,53190,Mehmet Yeşil,840639,İstanbulspor,3066,0,0,6.8,0.61,0.39,12,3,1,11,40,9,0,2807,34,interceptions,TUR,2023-2024,datafc_sofascore,2026-08-09T01:36:50.770462
52,53190,Lionel Carole,122922,Kayserispor,3072,0,1,6.78,0.08,1.23,4,1,12,8,23,2,0,2199,28,interceptions,TUR,2023-2024,datafc_sofascore,2026-08-09T01:36:50.770462
52,53190,Ahmet Oğuz,603902,Konyaspor,3085,1,1,6.96,0.32,1.29,10,2,20,15,65,7,0,2113,31,interceptions,TUR,2023-2024,datafc_sofascore,2026-08-09T01:36:50.770462
52,53190,Kenneth Omeruo,158293,Kasımpaşa,6063,1,1,6.93,1.01,0.68,12,6,10,4,32,5,1,2081,24,interceptions,TUR,2023-2024,datafc_sofascore,2026-08-09T01:36:50.770462
52,53190,Ferdi Kadıoğlu,825844,Fenerbahçe,3052,1,4,7.44,2.5,6.69,33,14,51,57,75,3,0,3327,37,interceptions,TUR,2023-2024,datafc_sofascore,2026-08-09T01:36:50.770462
52,53190,Nuno Sequeira,170117,Pendikspor,7032,1,3,6.89,0.98,3.7,15,4,40,20,85,10,0,3066,35,interceptions,TUR,2023-2024,datafc_sofascore,2026-08-09T01:36:50.770462
52,53190,Kaan Ayhan,138152,Galatasaray,3061,1,2,7.07,1.11,2.96,22,6,29,6,33,3,0,2111,35,interceptions,TUR,2023-2024,datafc_sofascore,2026-08-09T01:36:50.770462
52,53190,Simon Deli,326419,İstanbulspor,3066,0,0,6.87,0.85,0.73,9,2,7,6,23,7,0,2167,27,interceptions,TUR,2023-2024,datafc_sofascore,2026-08-09T01:36:50.770462
52,53190,Nazım Sangaré,169425,Fatih Karagümrük,4954,1,1,6.83,1.43,0.86,10,3,13,9,38,0,0,1299,25,interceptions,TUR,2023-2024,datafc_sofascore,2026-08-09T01:36:50.770462
52,53190,Omar Colley,238408,Beşiktaş JK,3050,7,0,7.14,3.23,0.36,13,9,6,2,27,4,1,1935,22,interceptions,TUR,2023-2024,datafc_sofascore,2026-08-09T01:36:50.770462
52,53190,Léo Duarte,839982,Başakşehir FK,3086,0,1,7.12,0.96,0.79,11,4,16,18,43,1,0,2700,30,interceptions,TUR,2023-2024,datafc_sofascore,2026-08-09T01:36:50.770462
52,53190,Mortadha Ben Ouanes,919225,Kasımpaşa,6063,7,5,7.01,3.26,4.88,36,15,45,31,41,8,0,2999,36,interceptions,TUR,2023-2024,datafc_sofascore,2026-08-09T01:36:50.770462
52,53190,Nicolas N'Koulou,38533,Gaziantep FK,5138,2,0,6.82,2.22,0.11,15,3,4,4,43,2,0,2841,32,interceptions,TUR,2023-2024,datafc_sofascore,2026-08-09T01:36:50.770462
52,53190,Ľubomír Šatka,187231,Samsunspor,3053,1,1,6.79,0.57,0.45,3,1,6,7,24,2,0,2208,26,interceptions,TUR,2023-2024,datafc_sofascore,2026-08-09T01:36:50.770462
52,53190,Abdülkerim Bardakcı,178963,Galatasaray,3061,4,0,7.23,3.21,1.03,33,8,10,11,25,4,0,2218,27,interceptions,TUR,2023-2024,datafc_sofascore,2026-08-09T01:36:50.770462
52,53190,Andreaw Gravillon,827934,Adana Demirspor,3101,2,0,6.85,0.97,0.36,27,3,10,19,39,4,0,2766,33,interceptions,TUR,2023-2024,datafc_sofascore,2026-08-09T01:36:50.770462
52,53190,Soner Gönül,867727,Samsunspor,3053,0,1,6.77,0.21,0.9,14,2,8,5,45,2,0,1930,24,interceptions,TUR,2023-2024,datafc_sofascore,2026-08-09T01:36:50.770462
52,53190,Serkan Asan,952726,Pendikspor,7032,0,0,6.68,0.31,0.71,7,0,10,4,21,1,1,1522,22,interceptions,TUR,2023-2024,datafc_sofascore,2026-08-09T01:36:50.770462
52,53190,Yunus Konak,1518589,Sivasspor,3076,0,1,6.83,0.21,0.21,4,2,6,10,38,2,0,1245,16,interceptions,TUR,2023-2024,datafc_sofascore,2026-08-09T01:36:50.770462
52,53190,Marko Jevtović,310068,Gaziantep FK,5138,3,0,6.79,1.01,0.56,18,5,5,3,30,6,0,1736,30,interceptions,TUR,2023-2024,datafc_sofascore,2026-08-09T01:36:50.770462
52,53190,Salem M'Bakata,940367,Gaziantep FK,5138,0,1,6.71,0.38,0.95,7,1,9,11,33,4,0,1910,28,interceptions,TUR,2023-2024,datafc_sofascore,2026-08-09T01:36:50.770462
52,53190,Ogün Özçiçek,859783,Gaziantep FK,5138,3,2,6.88,1.46,1.22,29,10,15,19,38,7,0,2014,29,interceptions,TUR,2023-2024,datafc_sofascore,2026-08-09T01:36:50.770462
52,53190,Fidan Aliti,385296,Alanyaspor,6362,0,2,6.87,2.24,0.49,14,3,8,4,38,7,0,3047,35,interceptions,TUR,2023-2024,datafc_sofascore,2026-08-09T01:36:50.770462
52,53190,Alim Öztürk,151074,Samsunspor,3053,0,2,6.86,0.6,1.35,7,3,4,1,29,6,0,1927,25,interceptions,TUR,2023-2024,datafc_sofascore,2026-08-09T01:36:50.770462
52,53190,Youssef Aït Bennasser,802850,Samsunspor,3053,1,0,6.8,1.08,0.74,19,2,9,7,57,4,0,1915,28,interceptions,TUR,2023-2024,datafc_sofascore,2026-08-09T01:36:50.770462
52,53190,Arif Kocaman,1173638,Kayserispor,3072,0,1,6.7,1.32,0.09,8,2,2,6,16,5,1,1742,25,interceptions,TUR,2023-2024,datafc_sofascore,2026-08-09T01:36:50.770462
52,53190,Aytaç Kara,128196,Kasımpaşa,6063,13,5,7.41,9.16,3.01,101,36,40,19,73,4,0,3248,37,interceptions,TUR,2023-2024,datafc_sofascore,2026-08-09T01:36:50.770462
52,53190,Edin Višća,109779,Trabzonspor,3051,5,9,7.28,4.34,8.93,63,16,91,28,34,1,0,2762,36,interceptions,TUR,2023-2024,datafc_sofascore,2026-08-09T01:36:50.770462
52,53190,Jonas Svensson,98199,Beşiktaş JK,3050,0,3,7.1,0.13,2.29,4,0,23,10,50,4,0,2065,24,interceptions,TUR,2023-2024,datafc_sofascore,2026-08-09T01:36:50.770462
52,53190,Necip Uysal,43394,Beşiktaş JK,3050,0,1,6.96,0.74,0.53,11,3,6,7,46,5,0,2359,30,interceptions,TUR,2023-2024,datafc_sofascore,2026-08-09T01:36:50.770462
52,53190,Alpaslan Öztürk,148857,Pendikspor,7032,2,0,6.92,2.18,0.64,12,5,3,3,24,7,0,1866,22,interceptions,TUR,2023-2024,datafc_sofascore,2026-08-09T01:36:50.770462
52,53190,Arda Kızıldağ,904228,Gaziantep FK,5138,4,0,6.9,2.2,0.4,21,6,5,0,39,4,0,2330,29,interceptions,TUR,2023-2024,datafc_sofascore,2026-08-09T01:36:50.770462
52,53190,Okan Erdoğan,881213,İstanbulspor,3066,0,0,6.63,0.33,1.04,6,1,7,16,51,7,1,2460,30,interceptions,TUR,2023-2024,datafc_sofascore,2026-08-09T01:36:50.770462
52,53190,Francisco Calvo,156400,Konyaspor,3085,0,0,6.99,1.86,0.24,14,3,5,15,31,4,0,1449,17,interceptions,TUR,2023-2024,datafc_sofascore,2026-08-09T01:36:50.770462
52,53190,Modestas Vorobjovas,319751,İstanbulspor,3066,1,0,6.68,0.28,0.62,6,3,16,2,47,4,1,2148,28,interceptions,TUR,2023-2024,datafc_sofascore,2026-08-09T01:36:50.770462
52,53190,Sacha Boey,980418,Galatasaray,3061,1,0,7.11,1.19,1.62,11,4,18,17,35,4,0,1710,19,interceptions,TUR,2023-2024,datafc_sofascore,2026-08-09T01:36:50.770462
52,53190,Guy-Marcelin Kilama,944222,Hatayspor,3091,2,1,6.9,1.1,0.38,9,2,11,14,44,4,0,3136,35,interceptions,TUR,2023-2024,datafc_sofascore,2026-08-09T01:36:50.770462
52,53190,Baktiyor Zaynutdinov,887382,Beşiktaş JK,3050,0,0,6.82,1.4,0.66,21,8,10,4,23,4,0,1634,27,interceptions,TUR,2023-2024,datafc_sofascore,2026-08-09T01:36:50.770462
52,53190,Erdal Rakip,319871,Antalyaspor,3056,0,1,6.78,0.7,0.5,13,3,11,19,46,5,1,1329,28,interceptions,TUR,2023-2024,datafc_sofascore,2026-08-09T01:36:50.770462
52,53190,Adil Demirbağ,787949,Konyaspor,3085,0,0,6.67,0.42,0.14,11,1,1,1,24,4,1,1965,23,interceptions,TUR,2023-2024,datafc_sofascore,2026-08-09T01:36:50.770462
52,53190,Racine Coly,553454,İstanbulspor,3066,1,0,6.59,1.36,0.37,13,5,6,17,20,9,0,1171,22,interceptions,TUR,2023-2024,datafc_sofascore,2026-08-09T01:36:50.770462
52,53190,Bünyamin Balcı,967214,Antalyaspor,3056,1,3,7.0,0.58,2.6,6,2,23,14,48,3,0,1865,23,interceptions,TUR,2023-2024,datafc_sofascore,2026-08-09T01:36:50.770462
52,53190,Stelios Kitsiou,189627,MKE Ankaragücü,3103,0,1,6.84,0.77,1.13,14,0,19,21,65,7,0,2135,28,interceptions,TUR,2023-2024,datafc_sofascore,2026-08-09T01:36:50.770462
52,53190,Furkan Bayır,1003161,Alanyaspor,6362,0,0,6.79,1.34,0.2,10,2,1,0,38,7,1,2042,31,interceptions,TUR,2023-2024,datafc_sofascore,2026-08-09T01:36:50.770462
52,53190,Rayyan Baniya,929739,Trabzonspor,3051,0,0,6.73,0.49,0.13,6,3,4,1,19,4,0,1885,23,interceptions,TUR,2023-2024,datafc_sofascore,2026-08-09T01:36:50.770462
52,53190,Atakan Çankaya,1066338,MKE Ankaragücü,3103,0,0,6.72,0.72,0.29,9,4,4,2,40,4,0,1421,24,interceptions,TUR,2023-2024,datafc_sofascore,2026-08-09T01:36:50.770462
52,53190,Jackson Porozo,978518,Kasımpaşa,6063,1,0,7.03,1.93,0.08,11,2,2,1,24,4,0,1183,14,interceptions,TUR,2023-2024,datafc_sofascore,2026-08-09T01:36:50.770462
52,53190,Júnior Morais,79056,Gaziantep FK,5138,0,0,6.93,0.1,0.17,6,1,4,5,46,1,0,1318,15,interceptions,TUR,2023-2024,datafc_sofascore,2026-08-09T01:36:50.770462
52,53190,Aaron Appindangoyé,785850,Sivasspor,3076,1,1,6.87,0.57,0.41,9,4,5,2,11,1,0,2598,30,interceptions,TUR,2023-2024,datafc_sofascore,2026-08-09T01:36:50.770462
52,53190,Federico Ceccherini,139410,Fatih Karagümrük,4954,1,0,6.68,1.0,0.25,10,1,2,4,23,9,2,2064,27,interceptions,TUR,2023-2024,datafc_sofascore,2026-08-09T01:36:50.770462
52,53190,Emre Akbaba,343527,Adana Demirspor,3101,7,2,7.19,7.41,3.26,64,20,43,32,65,5,0,2682,32,interceptions,TUR,2023-2024,datafc_sofascore,2026-08-09T01:36:50.770462
52,53190,Rick Van Drongelen,803023,Samsunspor,3053,3,0,6.89,1.59,0.68,22,6,6,4,39,6,0,2395,30,interceptions,TUR,2023-2024,datafc_sofascore,2026-08-09T01:36:50.770462
52,53190,Uğur Çiftçi,142850,Sivasspor,3076,0,2,6.8,0.47,3.69,15,5,31,21,71,10,0,3118,35,interceptions,TUR,2023-2024,datafc_sofascore,2026-08-09T01:36:50.770462
52,53190,Fred,243623,Fenerbahçe,3052,3,4,7.34,3.99,4.93,50,15,31,25,51,5,1,2051,25,interceptions,TUR,2023-2024,datafc_sofascore,2026-08-09T01:36:50.770462
52,53190,İrfan Can Kahveci,226986,Fenerbahçe,3052,12,7,7.39,3.98,7.71,40,21,52,36,33,5,0,2027,31,interceptions,TUR,2023-2024,datafc_sofascore,2026-08-09T01:36:50.770462
52,53190,Emre Kılınç,202032,Samsunspor,3053,4,4,7.12,2.09,4.63,31,5,53,31,62,4,0,2574,33,interceptions,TUR,2023-2024,datafc_sofascore,2026-08-09T01:36:50.770462
52,53190,Majid Hosseini,359332,Kayserispor,3072,0,0,7.12,0.38,0.18,6,1,0,2,18,1,0,867,10,interceptions,TUR,2023-2024,datafc_sofascore,2026-08-09T01:36:50.770462
52,53190,Davinson Sánchez,566102,Galatasaray,3061,2,0,7.05,3.71,0.58,17,4,4,7,39,4,0,1602,23,interceptions,TUR,2023-2024,datafc_sofascore,2026-08-09T01:36:50.770462
52,53190,Mickael Tirpan,800340,Samsunspor,3053,0,0,6.96,0.12,0.18,4,0,4,2,13,4,0,568,7,interceptions,TUR,2023-2024,datafc_sofascore,2026-08-09T01:36:50.770462
52,53190,Florent Hadergjonaj,354860,Alanyaspor,6362,2,3,6.93,1.15,2.69,17,4,23,11,43,3,0,2318,31,interceptions,TUR,2023-2024,datafc_sofascore,2026-08-09T01:36:50.770462
52,53190,Ömer Toprak,39015,Antalyaspor,3056,0,2,6.92,0.57,0.41,6,2,6,4,27,1,0,1815,22,interceptions,TUR,2023-2024,datafc_sofascore,2026-08-09T01:36:50.770462
52,53190,Marcus Rohdén,209082,Fatih Karagümrük,4954,4,4,6.91,2.44,1.87,36,11,29,13,32,4,0,2426,34,interceptions,TUR,2023-2024,datafc_sofascore,2026-08-09T01:36:50.770462
52,53190,Papy Djilobodji,106661,Gaziantep FK,5138,3,1,6.94,2.83,2.05,20,5,17,5,36,5,1,3007,34,interceptions,TUR,2023-2024,datafc_sofascore,2026-08-09T01:36:50.770462
52,53190,Richard,897617,Alanyaspor,6362,1,1,7.16,1.3,1.31,25,7,17,16,74,11,0,2913,34,interceptions,TUR,2023-2024,datafc_sofascore,2026-08-09T01:36:50.770462
52,53190,Emirhan Topçu,895009,Çaykur Rizespor,3064,1,4,7.26,2.0,1.84,25,8,19,6,65,10,1,2702,31,interceptions,TUR,2023-2024,datafc_sofascore,2026-08-09T01:36:50.770462
52,53190,Gökhan Gül,797820,Kasımpaşa,6063,2,0,6.97,1.82,1.39,54,17,20,6,53,3,0,2928,38,interceptions,TUR,2023-2024,datafc_sofascore,2026-08-09T01:36:50.770462
52,53190,Alexander Djiku,289977,Fenerbahçe,3052,3,1,7.01,2.27,0.38,12,3,7,4,39,5,1,2032,25,interceptions,TUR,2023-2024,datafc_sofascore,2026-08-09T01:36:50.770462
52,53190,Mustafa Eskihellaç,899069,Gaziantep FK,5138,2,3,6.93,1.29,2.92,25,5,29,41,66,5,0,3067,35,interceptions,TUR,2023-2024,datafc_sofascore,2026-08-09T01:36:50.770462
52,53190,Guilherme Haubert Sityá,224112,Konyaspor,3085,5,7,7.35,1.62,6.83,18,6,88,30,87,1,0,3267,37,interceptions,TUR,2023-2024,datafc_sofascore,2026-08-09T01:36:50.770462
52,53190,Veysel Sarı,98276,Antalyaspor,3056,1,0,6.93,2.25,0.42,29,6,6,4,72,11,0,3013,35,interceptions,TUR,2023-2024,datafc_sofascore,2026-08-09T01:36:50.770462
52,53190,Taha Şahin,1394729,Çaykur Rizespor,3064,0,4,6.87,0.65,2.84,8,0,27,29,58,5,0,2854,34,interceptions,TUR,2023-2024,datafc_sofascore,2026-08-09T01:36:50.770462
52,53190,Uğurcan Yazğılı,904303,Konyaspor,3085,2,0,6.95,1.03,0.62,13,2,14,6,68,5,0,2718,35,interceptions,TUR,2023-2024,datafc_sofascore,2026-08-09T01:36:50.770462
52,53190,Eren Elmalı,981483,Trabzonspor,3051,0,0,6.87,1.19,1.89,17,3,29,21,61,9,0,3022,34,interceptions,TUR,2023-2024,datafc_sofascore,2026-08-09T01:36:50.770462
52,53190,Caner Osmanpaşa,135941,Sivasspor,3076,3,0,6.98,2.17,0.07,18,6,0,6,28,2,0,2264,27,interceptions,TUR,2023-2024,datafc_sofascore,2026-08-09T01:36:50.770462
52,53190,Victor Nelsson,846148,Galatasaray,3061,2,0,7.12,1.56,0.89,19,6,5,1,22,3,0,2570,32,interceptions,TUR,2023-2024,datafc_sofascore,2026-08-09T01:36:50.770462
52,53190,Ousseynou Ba,889430,Başakşehir FK,3086,0,1,7.16,0.43,0.1,6,0,2,2,48,9,1,1765,22,interceptions,TUR,2023-2024,datafc_sofascore,2026-08-09T01:36:50.770462
52,53190,İsmail Yüksek,952600,Fenerbahçe,3052,0,4,7.15,2.24,2.28,26,4,29,29,73,5,2,2319,30,interceptions,TUR,2023-2024,datafc_sofascore,2026-08-09T01:36:50.770462
52,53190,Uroš Radaković,151900,MKE Ankaragücü,3103,1,1,6.89,1.52,0.41,17,4,7,4,42,8,0,3070,35,interceptions,TUR,2023-2024,datafc_sofascore,2026-08-09T01:36:50.770462
52,53190,Yasin Özcan,1392102,Kasımpaşa,6063,2,1,6.78,1.06,0.69,19,4,13,11,68,4,0,2962,37,interceptions,TUR,2023-2024,datafc_sofascore,2026-08-09T01:36:50.770462
52,53190,Jerome Opoku,920514,Başakşehir FK,3086,4,1,7.06,1.9,0.74,11,5,9,18,26,6,1,2481,28,interceptions,TUR,2023-2024,datafc_sofascore,2026-08-09T01:36:50.770462
52,53190,Levent Mercan,1085938,Fatih Karagümrük,4954,1,5,6.9,0.7,2.51,14,1,33,37,82,8,0,3113,36,interceptions,TUR,2023-2024,datafc_sofascore,2026-08-09T01:36:50.770462
52,53190,Welinton,76529,Pendikspor,7032,2,1,6.88,1.23,0.77,21,6,10,4,53,4,3,2015,24,interceptions,TUR,2023-2024,datafc_sofascore,2026-08-09T01:36:50.770462
52,53190,Kartal Kayra Yılmaz,966811,Kayserispor,3072,0,2,6.85,0.4,2.12,19,1,25,11,46,6,1,2409,29,interceptions,TUR,2023-2024,datafc_sofascore,2026-08-09T01:36:50.770462
52,53190,Davide Biraschi,233252,Fatih Karagümrük,4954,0,1,6.8,0.62,0.85,5,0,5,9,47,6,1,2575,30,interceptions,TUR,2023-2024,datafc_sofascore,2026-08-09T01:36:50.770462
52,53190,Lucas Torreira,754794,Galatasaray,3061,1,2,7.2,2.08,2.97,31,4,29,9,80,7,0,2993,35,interceptions,TUR,2023-2024,datafc_sofascore,2026-08-09T01:36:50.770462
52,53190,Chandrel Massanga,1083138,Hatayspor,3091,3,0,6.92,1.99,0.99,24,7,18,8,50,4,0,2294,30,interceptions,TUR,2023-2024,datafc_sofascore,2026-08-09T01:36:50.770462
52,53190,Güray Vural,43559,Antalyaspor,3056,1,3,6.9,1.13,2.92,25,4,26,8,54,7,0,2568,30,interceptions,TUR,2023-2024,datafc_sofascore,2026-08-09T01:36:50.770462
52,53190,Nihad Mujakić,858004,MKE Ankaragücü,3103,1,1,6.77,0.33,0.71,5,1,7,6,46,4,0,3202,36,interceptions,TUR,2023-2024,datafc_sofascore,2026-08-09T01:36:50.770462
52,53190,Tolga Ciğerci,120298,MKE Ankaragücü,3103,5,3,7.15,3.47,1.48,38,11,22,13,45,4,0,2050,27,interceptions,TUR,2023-2024,datafc_sofascore,2026-08-09T01:36:50.770462
52,53190,Berat Özdemir,876857,Trabzonspor,3051,1,1,7.12,0.52,0.97,15,4,15,15,70,4,0,2304,31,interceptions,TUR,2023-2024,datafc_sofascore,2026-08-09T01:36:50.770462
52,53190,Semih Güler,325155,Adana Demirspor,3101,0,1,7.09,1.18,0.93,24,6,8,4,52,4,1,2801,32,interceptions,TUR,2023-2024,datafc_sofascore,2026-08-09T01:36:50.770462
52,53190,Gökhan Sazdağı,595396,Kayserispor,3072,0,5,6.79,1.56,2.92,25,7,26,35,92,9,0,2905,34,interceptions,TUR,2023-2024,datafc_sofascore,2026-08-09T01:36:50.770462
52,53190,Soner Dikmen,847782,Konyaspor,3085,1,0,6.76,3.18,1.09,38,9,6,13,53,7,0,3217,37,interceptions,TUR,2023-2024,datafc_sofascore,2026-08-09T01:36:50.770462
52,53190,Gedson Fernandes,862055,Beşiktaş JK,3050,3,3,7.19,2.94,1.74,36,9,29,46,99,8,0,2457,29,interceptions,TUR,2023-2024,datafc_sofascore,2026-08-09T01:36:50.770462
52,53190,Zeki Yavru,140735,Samsunspor,3053,1,2,7.02,0.32,2.91,12,4,28,8,47,4,0,2026,28,interceptions,TUR,2023-2024,datafc_sofascore,2026-08-09T01:36:50.770462
52,53190,Erdoğan Yeşilyurt,142541,Antalyaspor,3056,3,3,6.89,1.78,2.25,31,7,31,26,41,8,1,2485,34,interceptions,TUR,2023-2024,datafc_sofascore,2026-08-09T01:36:50.770462
52,53190,Cláudio Winck,155998,Kasımpaşa,6063,3,1,6.82,3.38,2.58,31,8,22,37,72,7,1,2862,32,interceptions,TUR,2023-2024,datafc_sofascore,2026-08-09T01:36:50.770462
52,53190,Ali Yaşar,190815,İstanbulspor,3066,1,2,6.68,1.06,1.91,24,8,22,7,36,3,1,2450,33,interceptions,TUR,2023-2024,datafc_sofascore,2026-08-09T01:36:50.770462
52,53190,Ibrahim Olawoyin,1008173,Çaykur Rizespor,3064,8,2,7.12,5.84,2.99,64,25,39,65,63,6,0,2970,35,interceptions,TUR,2023-2024,datafc_sofascore,2026-08-09T01:36:50.770462
52,53190,Sam Larsson,229800,Antalyaspor,3056,5,1,6.97,2.83,5.32,43,12,61,52,31,1,0,2568,35,interceptions,TUR,2023-2024,datafc_sofascore,2026-08-09T01:36:50.770462
52,53190,Mehmet Yeşil,840639,İstanbulspor,3066,0,0,6.8,0.61,0.39,12,3,1,11,40,9,0,2807,34,interceptions,TUR,2023-2024,datafc_sofascore,2026-08-09T01:36:50.770462
52,53190,Lionel Carole,122922,Kayserispor,3072,0,1,6.78,0.08,1.23,4,1,12,8,23,2,0,2199,28,interceptions,TUR,2023-2024,datafc_sofascore,2026-08-09T01:36:50.770462
52,53190,Ahmet Oğuz,603902,Konyaspor,3085,1,1,6.96,0.32,1.29,10,2,20,15,65,7,0,2113,31,interceptions,TUR,2023-2024,datafc_sofascore,2026-08-09T01:36:50.770462
52,53190,Kenneth Omeruo,158293,Kasımpaşa,6063,1,1,6.93,1.01,0.68,12,6,10,4,32,5,1,2081,24,interceptions,TUR,2023-2024,datafc_sofascore,2026-08-09T01:36:50.770462
52,53190,Ferdi Kadıoğlu,825844,Fenerbahçe,3052,1,4,7.44,2.5,6.69,33,14,51,57,75,3,0,3327,37,interceptions,TUR,2023-2024,datafc_sofascore,2026-08-09T01:36:50.770462
52,53190,Nuno Sequeira,170117,Pendikspor,7032,1,3,6.89,0.98,3.7,15,4,40,20,85,10,0,3066,35,interceptions,TUR,2023-2024,datafc_sofascore,2026-08-09T01:36:50.770462
52,53190,Kaan Ayhan,138152,Galatasaray,3061,1,2,7.07,1.11,2.96,22,6,29,6,33,3,0,2111,35,interceptions,TUR,2023-2024,datafc_sofascore,2026-08-09T01:36:50.770462
52,53190,Simon Deli,326419,İstanbulspor,3066,0,0,6.87,0.85,0.73,9,2,7,6,23,7,0,2167,27,interceptions,TUR,2023-2024,datafc_sofascore,2026-08-09T01:36:50.770462
52,53190,Nazım Sangaré,169425,Fatih Karagümrük,4954,1,1,6.83,1.43,0.86,10,3,13,9,38,0,0,1299,25,interceptions,TUR,2023-2024,datafc_sofascore,2026-08-09T01:36:50.770462
52,53190,Omar Colley,238408,Beşiktaş JK,3050,7,0,7.14,3.23,0.36,13,9,6,2,27,4,1,1935,22,interceptions,TUR,2023-2024,datafc_sofascore,2026-08-09T01:36:50.770462
52,53190,Léo Duarte,839982,Başakşehir FK,3086,0,1,7.12,0.96,0.79,11,4,16,18,43,1,0,2700,30,interceptions,TUR,2023-2024,datafc_sofascore,2026-08-09T01:36:50.770462
52,53190,Mortadha Ben Ouanes,919225,Kasımpaşa,6063,7,5,7.01,3.26,4.88,36,15,45,31,41,8,0,2999,36,interceptions,TUR,2023-2024,datafc_sofascore,2026-08-09T01:36:50.770462
52,53190,Nicolas N'Koulou,38533,Gaziantep FK,5138,2,0,6.82,2.22,0.11,15,3,4,4,43,2,0,2841,32,interceptions,TUR,2023-2024,datafc_sofascore,2026-08-09T01:36:50.770462
52,53190,Ľubomír Šatka,187231,Samsunspor,3053,1,1,6.79,0.57,0.45,3,1,6,7,24,2,0,2208,26,interceptions,TUR,2023-2024,datafc_sofascore,2026-08-09T01:36:50.770462
52,53190,Abdülkerim Bardakcı,178963,Galatasaray,3061,4,0,7.23,3.21,1.03,33,8,10,11,25,4,0,2218,27,interceptions,TUR,2023-2024,datafc_sofascore,2026-08-09T01:36:50.770462
52,53190,Andreaw Gravillon,827934,Adana Demirspor,3101,2,0,6.85,0.97,0.36,27,3,10,19,39,4,0,2766,33,interceptions,TUR,2023-2024,datafc_sofascore,2026-08-09T01:36:50.770462
52,53190,Soner Gönül,867727,Samsunspor,3053,0,1,6.77,0.21,0.9,14,2,8,5,45,2,0,1930,24,interceptions,TUR,2023-2024,datafc_sofascore,2026-08-09T01:36:50.770462
52,53190,Serkan Asan,952726,Pendikspor,7032,0,0,6.68,0.31,0.71,7,0,10,4,21,1,1,1522,22,interceptions,TUR,2023-2024,datafc_sofascore,2026-08-09T01:36:50.770462
52,53190,Yunus Konak,1518589,Sivasspor,3076,0,1,6.83,0.21,0.21,4,2,6,10,38,2,0,1245,16,interceptions,TUR,2023-2024,datafc_sofascore,2026-08-09T01:36:50.770462
52,53190,Marko Jevtović,310068,Gaziantep FK,5138,3,0,6.79,1.01,0.56,18,5,5,3,30,6,0,1736,30,interceptions,TUR,2023-2024,datafc_sofascore,2026-08-09T01:36:50.770462
52,53190,Salem M'Bakata,940367,Gaziantep FK,5138,0,1,6.71,0.38,0.95,7,1,9,11,33,4,0,1910,28,interceptions,TUR,2023-2024,datafc_sofascore,2026-08-09T01:36:50.770462
52,53190,Ogün Özçiçek,859783,Gaziantep FK,5138,3,2,6.88,1.46,1.22,29,10,15,19,38,7,0,2014,29,interceptions,TUR,2023-2024,datafc_sofascore,2026-08-09T01:36:50.770462
52,53190,Fidan Aliti,385296,Alanyaspor,6362,0,2,6.87,2.24,0.49,14,3,8,4,38,7,0,3047,35,interceptions,TUR,2023-2024,datafc_sofascore,2026-08-09T01:36:50.770462
52,53190,Alim Öztürk,151074,Samsunspor,3053,0,2,6.86,0.6,1.35,7,3,4,1,29,6,0,1927,25,interceptions,TUR,2023-2024,datafc_sofascore,2026-08-09T01:36:50.770462
52,53190,Youssef Aït Bennasser,802850,Samsunspor,3053,1,0,6.8,1.08,0.74,19,2,9,7,57,4,0,1915,28,interceptions,TUR,2023-2024,datafc_sofascore,2026-08-09T01:36:50.770462
52,53190,Arif Kocaman,1173638,Kayserispor,3072,0,1,6.7,1.32,0.09,8,2,2,6,16,5,1,1742,25,interceptions,TUR,2023-2024,datafc_sofascore,2026-08-09T01:36:50.770462
52,53190,Aytaç Kara,128196,Kasımpaşa,6063,13,5,7.41,9.16,3.01,101,36,40,19,73,4,0,3248,37,interceptions,TUR,2023-2024,datafc_sofascore,2026-08-09T01:36:50.770462
52,53190,Edin Višća,109779,Trabzonspor,3051,5,9,7.28,4.34,8.93,63,16,91,28,34,1,0,2762,36,interceptions,TUR,2023-2024,datafc_sofascore,2026-08-09T01:36:50.770462
52,53190,Jonas Svensson,98199,Beşiktaş JK,3050,0,3,7.1,0.13,2.29,4,0,23,10,50,4,0,2065,24,interceptions,TUR,2023-2024,datafc_sofascore,2026-08-09T01:36:50.770462
52,53190,Necip Uysal,43394,Beşiktaş JK,3050,0,1,6.96,0.74,0.53,11,3,6,7,46,5,0,2359,30,interceptions,TUR,2023-2024,datafc_sofascore,2026-08-09T01:36:50.770462
52,53190,Alpaslan Öztürk,148857,Pendikspor,7032,2,0,6.92,2.18,0.64,12,5,3,3,24,7,0,1866,22,interceptions,TUR,2023-2024,datafc_sofascore,2026-08-09T01:36:50.770462
52,53190,Arda Kızıldağ,904228,Gaziantep FK,5138,4,0,6.9,2.2,0.4,21,6,5,0,39,4,0,2330,29,interceptions,TUR,2023-2024,datafc_sofascore,2026-08-09T01:36:50.770462
52,53190,Okan Erdoğan,881213,İstanbulspor,3066,0,0,6.63,0.33,1.04,6,1,7,16,51,7,1,2460,30,interceptions,TUR,2023-2024,datafc_sofascore,2026-08-09T01:36:50.770462
52,53190,Francisco Calvo,156400,Konyaspor,3085,0,0,6.99,1.86,0.24,14,3,5,15,31,4,0,1449,17,interceptions,TUR,2023-2024,datafc_sofascore,2026-08-09T01:36:50.770462
52,53190,Modestas Vorobjovas,319751,İstanbulspor,3066,1,0,6.68,0.28,0.62,6,3,16,2,47,4,1,2148,28,interceptions,TUR,2023-2024,datafc_sofascore,2026-08-09T01:36:50.770462
52,53190,Sacha Boey,980418,Galatasaray,3061,1,0,7.11,1.19,1.62,11,4,18,17,35,4,0,1710,19,interceptions,TUR,2023-2024,datafc_sofascore,2026-08-09T01:36:50.770462
52,53190,Guy-Marcelin Kilama,944222,Hatayspor,3091,2,1,6.9,1.1,0.38,9,2,11,14,44,4,0,3136,35,interceptions,TUR,2023-2024,datafc_sofascore,2026-08-09T01:36:50.770462
52,53190,Baktiyor Zaynutdinov,887382,Beşiktaş JK,3050,0,0,6.82,1.4,0.66,21,8,10,4,23,4,0,1634,27,interceptions,TUR,2023-2024,datafc_sofascore,2026-08-09T01:36:50.770462
52,53190,Erdal Rakip,319871,Antalyaspor,3056,0,1,6.78,0.7,0.5,13,3,11,19,46,5,1,1329,28,interceptions,TUR,2023-2024,datafc_sofascore,2026-08-09T01:36:50.770462
52,53190,Adil Demirbağ,787949,Konyaspor,3085,0,0,6.67,0.42,0.14,11,1,1,1,24,4,1,1965,23,interceptions,TUR,2023-2024,datafc_sofascore,2026-08-09T01:36:50.770462
52,53190,Racine Coly,553454,İstanbulspor,3066,1,0,6.59,1.36,0.37,13,5,6,17,20,9,0,1171,22,interceptions,TUR,2023-2024,datafc_sofascore,2026-08-09T01:36:50.770462
52,53190,Bünyamin Balcı,967214,Antalyaspor,3056,1,3,7.0,0.58,2.6,6,2,23,14,48,3,0,1865,23,interceptions,TUR,2023-2024,datafc_sofascore,2026-08-09T01:36:50.770462
52,53190,Stelios Kitsiou,189627,MKE Ankaragücü,3103,0,1,6.84,0.77,1.13,14,0,19,21,65,7,0,2135,28,interceptions,TUR,2023-2024,datafc_sofascore,2026-08-09T01:36:50.770462
52,53190,Furkan Bayır,1003161,Alanyaspor,6362,0,0,6.79,1.34,0.2,10,2,1,0,38,7,1,2042,31,interceptions,TUR,2023-2024,datafc_sofascore,2026-08-09T01:36:50.770462
52,53190,Rayyan Baniya,929739,Trabzonspor,3051,0,0,6.73,0.49,0.13,6,3,4,1,19,4,0,1885,23,interceptions,TUR,2023-2024,datafc_sofascore,2026-08-09T01:36:50.770462
52,53190,Atakan Çankaya,1066338,MKE Ankaragücü,3103,0,0,6.72,0.72,0.29,9,4,4,2,40,4,0,1421,24,interceptions,TUR,2023-2024,datafc_sofascore,2026-08-09T01:36:50.770462
52,53190,Jackson Porozo,978518,Kasımpaşa,6063,1,0,7.03,1.93,0.08,11,2,2,1,24,4,0,1183,14,interceptions,TUR,2023-2024,datafc_sofascore,2026-08-09T01:36:50.770462
52,53190,Júnior Morais,79056,Gaziantep FK,5138,0,0,6.93,0.1,0.17,6,1,4,5,46,1,0,1318,15,interceptions,TUR,2023-2024,datafc_sofascore,2026-08-09T01:36:50.770462
52,53190,Aaron Appindangoyé,785850,Sivasspor,3076,1,1,6.87,0.57,0.41,9,4,5,2,11,1,0,2598,30,interceptions,TUR,2023-2024,datafc_sofascore,2026-08-09T01:36:50.770462
52,53190,Federico Ceccherini,139410,Fatih Karagümrük,4954,1,0,6.68,1.0,0.25,10,1,2,4,23,9,2,2064,27,interceptions,TUR,2023-2024,datafc_sofascore,2026-08-09T01:36:50.770462
52,53190,Emre Akbaba,343527,Adana Demirspor,3101,7,2,7.19,7.41,3.26,64,20,43,32,65,5,0,2682,32,interceptions,TUR,2023-2024,datafc_sofascore,2026-08-09T01:36:50.770462
52,53190,Rick Van Drongelen,803023,Samsunspor,3053,3,0,6.89,1.59,0.68,22,6,6,4,39,6,0,2395,30,interceptions,TUR,2023-2024,datafc_sofascore,2026-08-09T01:36:50.770462
52,53190,Uğur Çiftçi,142850,Sivasspor,3076,0,2,6.8,0.47,3.69,15,5,31,21,71,10,0,3118,35,interceptions,TUR,2023-2024,datafc_sofascore,2026-08-09T01:36:50.770462
52,53190,Fred,243623,Fenerbahçe,3052,3,4,7.34,3.99,4.93,50,15,31,25,51,5,1,2051,25,interceptions,TUR,2023-2024,datafc_sofascore,2026-08-09T01:36:50.770462
52,53190,İrfan Can Kahveci,226986,Fenerbahçe,3052,12,7,7.39,3.98,7.71,40,21,52,36,33,5,0,2027,31,interceptions,TUR,2023-2024,datafc_sofascore,2026-08-09T01:36:50.770462
52,53190,Emre Kılınç,202032,Samsunspor,3053,4,4,7.12,2.09,4.63,31,5,53,31,62,4,0,2574,33,interceptions,TUR,2023-2024,datafc_sofascore,2026-08-09T01:36:50.770462
52,53190,Majid Hosseini,359332,Kayserispor,3072,0,0,7.12,0.38,0.18,6,1,0,2,18,1,0,867,10,interceptions,TUR,2023-2024,datafc_sofascore,2026-08-09T01:36:50.770462
52,53190,Davinson Sánchez,566102,Galatasaray,3061,2,0,7.05,3.71,0.58,17,4,4,7,39,4,0,1602,23,interceptions,TUR,2023-2024,datafc_sofascore,2026-08-09T01:36:50.770462
52,53190,Mickael Tirpan,800340,Samsunspor,3053,0,0,6.96,0.12,0.18,4,0,4,2,13,4,0,568,7,interceptions,TUR,2023-2024,datafc_sofascore,2026-08-09T01:36:50.770462
52,53190,Florent Hadergjonaj,354860,Alanyaspor,6362,2,3,6.93,1.15,2.69,17,4,23,11,43,3,0,2318,31,interceptions,TUR,2023-2024,datafc_sofascore,2026-08-09T01:36:50.770462
52,53190,Ömer Toprak,39015,Antalyaspor,3056,0,2,6.92,0.57,0.41,6,2,6,4,27,1,0,1815,22,interceptions,TUR,2023-2024,datafc_sofascore,2026-08-09T01:36:50.770462
52,53190,Marcus Rohdén,209082,Fatih Karagümrük,4954,4,4,6.91,2.44,1.87,36,11,29,13,32,4,0,2426,34,interceptions,TUR,2023-2024,datafc_sofascore,2026-08-09T01:36:50.770462
52,53190,Mehmet Yeşil,840639,İstanbulspor,3066,0,0,6.8,0.61,0.39,12,3,1,11,40,9,0,2807,34,clearances,TUR,2023-2024,datafc_sofascore,2026-08-09T01:36:50.770462
52,53190,Aaron Appindangoyé,785850,Sivasspor,3076,1,1,6.87,0.57,0.41,9,4,5,2,11,1,0,2598,30,clearances,TUR,2023-2024,datafc_sofascore,2026-08-09T01:36:50.770462
52,53190,Papy Djilobodji,106661,Gaziantep FK,5138,3,1,6.94,2.83,2.05,20,5,17,5,36,5,1,3007,34,clearances,TUR,2023-2024,datafc_sofascore,2026-08-09T01:36:50.770462
52,53190,Uroš Radaković,151900,MKE Ankaragücü,3103,1,1,6.89,1.52,0.41,17,4,7,4,42,8,0,3070,35,clearances,TUR,2023-2024,datafc_sofascore,2026-08-09T01:36:50.770462
52,53190,Emirhan Topçu,895009,Çaykur Rizespor,3064,1,4,7.26,2.0,1.84,25,8,19,6,65,10,1,2702,31,clearances,TUR,2023-2024,datafc_sofascore,2026-08-09T01:36:50.770462
52,53190,Guy-Marcelin Kilama,944222,Hatayspor,3091,2,1,6.9,1.1,0.38,9,2,11,14,44,4,0,3136,35,clearances,TUR,2023-2024,datafc_sofascore,2026-08-09T01:36:50.770462
52,53190,Veysel Sarı,98276,Antalyaspor,3056,1,0,6.93,2.25,0.42,29,6,6,4,72,11,0,3013,35,clearances,TUR,2023-2024,datafc_sofascore,2026-08-09T01:36:50.770462
52,53190,Arda Kızıldağ,904228,Gaziantep FK,5138,4,0,6.9,2.2,0.4,21,6,5,0,39,4,0,2330,29,clearances,TUR,2023-2024,datafc_sofascore,2026-08-09T01:36:50.770462
52,53190,Fidan Aliti,385296,Alanyaspor,6362,0,2,6.87,2.24,0.49,14,3,8,4,38,7,0,3047,35,clearances,TUR,2023-2024,datafc_sofascore,2026-08-09T01:36:50.770462
52,53190,Caner Osmanpaşa,135941,Sivasspor,3076,3,0,6.98,2.17,0.07,18,6,0,6,28,2,0,2264,27,clearances,TUR,2023-2024,datafc_sofascore,2026-08-09T01:36:50.770462
52,53190,Simon Deli,326419,İstanbulspor,3066,0,0,6.87,0.85,0.73,9,2,7,6,23,7,0,2167,27,clearances,TUR,2023-2024,datafc_sofascore,2026-08-09T01:36:50.770462
52,53190,Nicolas N'Koulou,38533,Gaziantep FK,5138,2,0,6.82,2.22,0.11,15,3,4,4,43,2,0,2841,32,clearances,TUR,2023-2024,datafc_sofascore,2026-08-09T01:36:50.770462
52,53190,Uğurcan Yazğılı,904303,Konyaspor,3085,2,0,6.95,1.03,0.62,13,2,14,6,68,5,0,2718,35,clearances,TUR,2023-2024,datafc_sofascore,2026-08-09T01:36:50.770462
52,53190,Furkan Bayır,1003161,Alanyaspor,6362,0,0,6.79,1.34,0.2,10,2,1,0,38,7,1,2042,31,clearances,TUR,2023-2024,datafc_sofascore,2026-08-09T01:36:50.770462
52,53190,Victor Nelsson,846148,Galatasaray,3061,2,0,7.12,1.56,0.89,19,6,5,1,22,3,0,2570,32,clearances,TUR,2023-2024,datafc_sofascore,2026-08-09T01:36:50.770462
52,53190,Yasin Özcan,1392102,Kasımpaşa,6063,2,1,6.78,1.06,0.69,19,4,13,11,68,4,0,2962,37,clearances,TUR,2023-2024,datafc_sofascore,2026-08-09T01:36:50.770462
52,53190,Kenneth Omeruo,158293,Kasımpaşa,6063,1,1,6.93,1.01,0.68,12,6,10,4,32,5,1,2081,24,clearances,TUR,2023-2024,datafc_sofascore,2026-08-09T01:36:50.770462
52,53190,Ousseynou Ba,889430,Başakşehir FK,3086,0,1,7.16,0.43,0.1,6,0,2,2,48,9,1,1765,22,clearances,TUR,2023-2024,datafc_sofascore,2026-08-09T01:36:50.770462
52,53190,Samba Camara,837301,Sivasspor,3076,0,0,6.94,0.37,0.12,8,3,1,6,35,2,0,1880,26,clearances,TUR,2023-2024,datafc_sofascore,2026-08-09T01:36:50.770462
52,53190,Joseph Attamah,332963,Kayserispor,3072,1,0,6.75,0.73,0.56,8,2,4,2,22,3,0,2171,30,clearances,TUR,2023-2024,datafc_sofascore,2026-08-09T01:36:50.770462
52,53190,Andreaw Gravillon,827934,Adana Demirspor,3101,2,0,6.85,0.97,0.36,27,3,10,19,39,4,0,2766,33,clearances,TUR,2023-2024,datafc_sofascore,2026-08-09T01:36:50.770462
52,53190,Taha Şahin,1394729,Çaykur Rizespor,3064,0,4,6.87,0.65,2.84,8,0,27,29,58,5,0,2854,34,clearances,TUR,2023-2024,datafc_sofascore,2026-08-09T01:36:50.770462
52,53190,Okan Erdoğan,881213,İstanbulspor,3066,0,0,6.63,0.33,1.04,6,1,7,16,51,7,1,2460,30,clearances,TUR,2023-2024,datafc_sofascore,2026-08-09T01:36:50.770462
52,53190,Rick Van Drongelen,803023,Samsunspor,3053,3,0,6.89,1.59,0.68,22,6,6,4,39,6,0,2395,30,clearances,TUR,2023-2024,datafc_sofascore,2026-08-09T01:36:50.770462
52,53190,Léo Duarte,839982,Başakşehir FK,3086,0,1,7.12,0.96,0.79,11,4,16,18,43,1,0,2700,30,clearances,TUR,2023-2024,datafc_sofascore,2026-08-09T01:36:50.770462
52,53190,Nihad Mujakić,858004,MKE Ankaragücü,3103,1,1,6.77,0.33,0.71,5,1,7,6,46,4,0,3202,36,clearances,TUR,2023-2024,datafc_sofascore,2026-08-09T01:36:50.770462
52,53190,Nuno Sequeira,170117,Pendikspor,7032,1,3,6.89,0.98,3.7,15,4,40,20,85,10,0,3066,35,clearances,TUR,2023-2024,datafc_sofascore,2026-08-09T01:36:50.770462
52,53190,Semih Güler,325155,Adana Demirspor,3101,0,1,7.09,1.18,0.93,24,6,8,4,52,4,1,2801,32,clearances,TUR,2023-2024,datafc_sofascore,2026-08-09T01:36:50.770462
52,53190,Necip Uysal,43394,Beşiktaş JK,3050,0,1,6.96,0.74,0.53,11,3,6,7,46,5,0,2359,30,clearances,TUR,2023-2024,datafc_sofascore,2026-08-09T01:36:50.770462
52,53190,Davide Biraschi,233252,Fatih Karagümrük,4954,0,1,6.8,0.62,0.85,5,0,5,9,47,6,1,2575,30,clearances,TUR,2023-2024,datafc_sofascore,2026-08-09T01:36:50.770462
52,53190,Ľubomír Šatka,187231,Samsunspor,3053,1,1,6.79,0.57,0.45,3,1,6,7,24,2,0,2208,26,clearances,TUR,2023-2024,datafc_sofascore,2026-08-09T01:36:50.770462
52,53190,Richard,897617,Alanyaspor,6362,1,1,7.16,1.3,1.31,25,7,17,16,74,11,0,2913,34,clearances,TUR,2023-2024,datafc_sofascore,2026-08-09T01:36:50.770462
52,53190,Alim Öztürk,151074,Samsunspor,3053,0,2,6.86,0.6,1.35,7,3,4,1,29,6,0,1927,25,clearances,TUR,2023-2024,datafc_sofascore,2026-08-09T01:36:50.770462
52,53190,Arif Kocaman,1173638,Kayserispor,3072,0,1,6.7,1.32,0.09,8,2,2,6,16,5,1,1742,25,clearances,TUR,2023-2024,datafc_sofascore,2026-08-09T01:36:50.770462
52,53190,Federico Ceccherini,139410,Fatih Karagümrük,4954,1,0,6.68,1.0,0.25,10,1,2,4,23,9,2,2064,27,clearances,TUR,2023-2024,datafc_sofascore,2026-08-09T01:36:50.770462
52,53190,Ertuğrul Ersoy,355004,Gaziantep FK,5138,1,0,6.9,0.92,0.13,11,3,4,4,35,3,0,1470,17,clearances,TUR,2023-2024,datafc_sofascore,2026-08-09T01:36:50.770462
52,53190,Attila Mocsi,889382,Çaykur Rizespor,3064,2,0,6.88,2.0,0.29,14,3,3,5,22,2,1,1963,28,clearances,TUR,2023-2024,datafc_sofascore,2026-08-09T01:36:50.770462
52,53190,Bahadır Öztürk,790783,Antalyaspor,3056,1,0,6.95,0.75,0.08,6,1,1,5,28,3,0,1493,25,clearances,TUR,2023-2024,datafc_sofascore,2026-08-09T01:36:50.770462
52,53190,Welinton,76529,Pendikspor,7032,2,1,6.88,1.23,0.77,21,6,10,4,53,4,3,2015,24,clearances,TUR,2023-2024,datafc_sofascore,2026-08-09T01:36:50.770462
52,53190,Guilherme Haubert Sityá,224112,Konyaspor,3085,5,7,7.35,1.62,6.83,18,6,88,30,87,1,0,3267,37,clearances,TUR,2023-2024,datafc_sofascore,2026-08-09T01:36:50.770462
52,53190,Omar Colley,238408,Beşiktaş JK,3050,7,0,7.14,3.23,0.36,13,9,6,2,27,4,1,1935,22,clearances,TUR,2023-2024,datafc_sofascore,2026-08-09T01:36:50.770462
52,53190,Alpaslan Öztürk,148857,Pendikspor,7032,2,0,6.92,2.18,0.64,12,5,3,3,24,7,0,1866,22,clearances,TUR,2023-2024,datafc_sofascore,2026-08-09T01:36:50.770462
52,53190,Rayyan Baniya,929739,Trabzonspor,3051,0,0,6.73,0.49,0.13,6,3,4,1,19,4,0,1885,23,clearances,TUR,2023-2024,datafc_sofascore,2026-08-09T01:36:50.770462
52,53190,Alexander Djiku,289977,Fenerbahçe,3052,3,1,7.01,2.27,0.38,12,3,7,4,39,5,1,2032,25,clearances,TUR,2023-2024,datafc_sofascore,2026-08-09T01:36:50.770462
52,53190,Eren Elmalı,981483,Trabzonspor,3051,0,0,6.87,1.19,1.89,17,3,29,21,61,9,0,3022,34,clearances,TUR,2023-2024,datafc_sofascore,2026-08-09T01:36:50.770462
52,53190,Husniddin Aliqulov,1121174,Çaykur Rizespor,3064,0,0,6.75,1.18,0.16,14,4,6,1,16,4,0,1326,21,clearances,TUR,2023-2024,datafc_sofascore,2026-08-09T01:36:50.770462
52,53190,Abdülkerim Bardakcı,178963,Galatasaray,3061,4,0,7.23,3.21,1.03,33,8,10,11,25,4,0,2218,27,clearances,TUR,2023-2024,datafc_sofascore,2026-08-09T01:36:50.770462
52,53190,Adil Demirbağ,787949,Konyaspor,3085,0,0,6.67,0.42,0.14,11,1,1,1,24,4,1,1965,23,clearances,TUR,2023-2024,datafc_sofascore,2026-08-09T01:36:50.770462
52,53190,Uğur Çiftçi,142850,Sivasspor,3076,0,2,6.8,0.47,3.69,15,5,31,21,71,10,0,3118,35,clearances,TUR,2023-2024,datafc_sofascore,2026-08-09T01:36:50.770462
52,53190,Gökhan Sazdağı,595396,Kayserispor,3072,0,5,6.79,1.56,2.92,25,7,26,35,92,9,0,2905,34,clearances,TUR,2023-2024,datafc_sofascore,2026-08-09T01:36:50.770462
52,53190,Cláudio Winck,155998,Kasımpaşa,6063,3,1,6.82,3.38,2.58,31,8,22,37,72,7,1,2862,32,clearances,TUR,2023-2024,datafc_sofascore,2026-08-09T01:36:50.770462
52,53190,Stefano Denswil,97404,Trabzonspor,3051,1,0,7.02,0.67,0.48,13,2,5,2,16,1,0,2173,25,clearances,TUR,2023-2024,datafc_sofascore,2026-08-09T01:36:50.770462
52,53190,Levent Mercan,1085938,Fatih Karagümrük,4954,1,5,6.9,0.7,2.51,14,1,33,37,82,8,0,3113,36,clearances,TUR,2023-2024,datafc_sofascore,2026-08-09T01:36:50.770462
52,53190,Berkay Sülüngöz,839895,Pendikspor,7032,1,0,6.67,0.47,0.11,7,1,0,1,18,1,0,1332,19,clearances,TUR,2023-2024,datafc_sofascore,2026-08-09T01:36:50.770462
52,53190,Ömer Toprak,39015,Antalyaspor,3056,0,2,6.92,0.57,0.41,6,2,6,4,27,1,0,1815,22,clearances,TUR,2023-2024,datafc_sofascore,2026-08-09T01:36:50.770462
52,53190,Ali Yaşar,190815,İstanbulspor,3066,1,2,6.68,1.06,1.91,24,8,22,7,36,3,1,2450,33,clearances,TUR,2023-2024,datafc_sofascore,2026-08-09T01:36:50.770462
52,53190,Jerome Opoku,920514,Başakşehir FK,3086,4,1,7.06,1.9,0.74,11,5,9,18,26,6,1,2481,28,clearances,TUR,2023-2024,datafc_sofascore,2026-08-09T01:36:50.770462
52,53190,Sadık Çiftpınar,111811,Kasımpaşa,6063,0,0,6.75,0.7,0.1,9,4,0,0,15,6,0,1299,21,clearances,TUR,2023-2024,datafc_sofascore,2026-08-09T01:36:50.770462
52,53190,Nikola Maksimović,68076,Hatayspor,3091,0,0,6.92,0.71,0.3,6,2,3,3,15,2,0,1381,18,clearances,TUR,2023-2024,datafc_sofascore,2026-08-09T01:36:50.770462
52,53190,Ibrahim Drešević,817987,Fatih Karagümrük,4954,0,1,6.99,0.31,0.57,3,0,3,4,28,4,0,1365,16,clearances,TUR,2023-2024,datafc_sofascore,2026-08-09T01:36:50.770462
52,53190,Baktiyor Zaynutdinov,887382,Beşiktaş JK,3050,0,0,6.82,1.4,0.66,21,8,10,4,23,4,0,1634,27,clearances,TUR,2023-2024,datafc_sofascore,2026-08-09T01:36:50.770462
52,53190,Lionel Carole,122922,Kayserispor,3072,0,1,6.78,0.08,1.23,4,1,12,8,23,2,0,2199,28,clearances,TUR,2023-2024,datafc_sofascore,2026-08-09T01:36:50.770462
52,53190,Salih Dursun,179189,Fatih Karagümrük,4954,1,0,6.72,0.92,0.52,9,3,2,2,19,4,0,1277,21,clearances,TUR,2023-2024,datafc_sofascore,2026-08-09T01:36:50.770462
52,53190,Ferdi Kadıoğlu,825844,Fenerbahçe,3052,1,4,7.44,2.5,6.69,33,14,51,57,75,3,0,3327,37,clearances,TUR,2023-2024,datafc_sofascore,2026-08-09T01:36:50.770462
52,53190,Aytaç Kara,128196,Kasımpaşa,6063,13,5,7.41,9.16,3.01,101,36,40,19,73,4,0,3248,37,clearances,TUR,2023-2024,datafc_sofascore,2026-08-09T01:36:50.770462
52,53190,Filip Damjanović,851666,Konyaspor,3085,0,0,6.99,0.99,0.09,13,2,0,1,4,2,0,888,13,clearances,TUR,2023-2024,datafc_sofascore,2026-08-09T01:36:50.770462
52,53190,Soner Gönül,867727,Samsunspor,3053,0,1,6.77,0.21,0.9,14,2,8,5,45,2,0,1930,24,clearances,TUR,2023-2024,datafc_sofascore,2026-08-09T01:36:50.770462
52,53190,Francisco Calvo,156400,Konyaspor,3085,0,0,6.99,1.86,0.24,14,3,5,15,31,4,0,1449,17,clearances,TUR,2023-2024,datafc_sofascore,2026-08-09T01:36:50.770462
52,53190,Chandrel Massanga,1083138,Hatayspor,3091,3,0,6.92,1.99,0.99,24,7,18,8,50,4,0,2294,30,clearances,TUR,2023-2024,datafc_sofascore,2026-08-09T01:36:50.770462
52,53190,Jayden Oosterwolde,1048324,Fenerbahçe,3052,0,0,6.85,0.65,2.19,7,2,9,22,42,8,0,1925,27,clearances,TUR,2023-2024,datafc_sofascore,2026-08-09T01:36:50.770462
52,53190,Atakan Çankaya,1066338,MKE Ankaragücü,3103,0,0,6.72,0.72,0.29,9,4,4,2,40,4,0,1421,24,clearances,TUR,2023-2024,datafc_sofascore,2026-08-09T01:36:50.770462
52,53190,Jackson Porozo,978518,Kasımpaşa,6063,1,0,7.03,1.93,0.08,11,2,2,1,24,4,0,1183,14,clearances,TUR,2023-2024,datafc_sofascore,2026-08-09T01:36:50.770462
52,53190,Pape Abou Cissé,790198,Adana Demirspor,3101,0,0,6.8,0.43,0.1,6,1,1,5,6,1,0,733,13,clearances,TUR,2023-2024,datafc_sofascore,2026-08-09T01:36:50.770462
52,53190,Serkan Asan,952726,Pendikspor,7032,0,0,6.68,0.31,0.71,7,0,10,4,21,1,1,1522,22,clearances,TUR,2023-2024,datafc_sofascore,2026-08-09T01:36:50.770462
52,53190,Steven​ N'Zonzi,51652,Konyaspor,3085,4,0,7.03,1.12,1.2,19,10,16,6,26,2,0,2334,33,clearances,TUR,2023-2024,datafc_sofascore,2026-08-09T01:36:50.770462
52,53190,Ahmet Oğuz,603902,Konyaspor,3085,1,1,6.96,0.32,1.29,10,2,20,15,65,7,0,2113,31,clearances,TUR,2023-2024,datafc_sofascore,2026-08-09T01:36:50.770462
52,53190,Güray Vural,43559,Antalyaspor,3056,1,3,6.9,1.13,2.92,25,4,26,8,54,7,0,2568,30,clearances,TUR,2023-2024,datafc_sofascore,2026-08-09T01:36:50.770462
52,53190,Gökhan Gül,797820,Kasımpaşa,6063,2,0,6.97,1.82,1.39,54,17,20,6,53,3,0,2928,38,clearances,TUR,2023-2024,datafc_sofascore,2026-08-09T01:36:50.770462
52,53190,Filip Benković,357588,Trabzonspor,3051,2,0,6.9,0.56,0.03,6,3,0,0,4,2,0,1114,14,clearances,TUR,2023-2024,datafc_sofascore,2026-08-09T01:36:50.770462
52,53190,Demeaco Duhaney,851095,İstanbulspor,3066,1,0,6.54,0.37,1.47,5,2,13,10,17,5,1,2114,26,clearances,TUR,2023-2024,datafc_sofascore,2026-08-09T01:36:50.770462
52,53190,Nuno Lima,1133301,Alanyaspor,6362,0,0,6.93,0.6,0.52,8,1,4,3,11,2,0,1179,19,clearances,TUR,2023-2024,datafc_sofascore,2026-08-09T01:36:50.770462
52,53190,Fatih Aksoy,827922,Alanyaspor,6362,1,0,6.77,1.29,0.27,4,3,2,3,21,0,0,961,21,clearances,TUR,2023-2024,datafc_sofascore,2026-08-09T01:36:50.770462
52,53190,Joher Khadim Rassoul,800344,Pendikspor,7032,0,0,6.63,0.24,0.07,2,0,0,2,14,3,0,1022,13,clearances,TUR,2023-2024,datafc_sofascore,2026-08-09T01:36:50.770462
52,53190,Andreas Gianniotis,236746,Kasımpaşa,6063,0,0,6.95,0.0,0.04,0,0,2,1,3,3,0,2790,31,clearances,TUR,2023-2024,datafc_sofascore,2026-08-09T01:36:50.770462
52,53190,Teenage Hadebe,864666,Konyaspor,3085,0,1,6.89,0.43,0.47,6,1,5,1,10,5,0,907,11,clearances,TUR,2023-2024,datafc_sofascore,2026-08-09T01:36:50.770462
52,53190,Daniel Amartey,308526,Beşiktaş JK,3050,0,0,6.79,0.17,0.16,1,0,4,2,7,3,0,1077,18,clearances,TUR,2023-2024,datafc_sofascore,2026-08-09T01:36:50.770462
52,53190,Dimitris Kolovetsios,68228,Kayserispor,3072,0,0,6.58,0.36,0.12,8,4,2,2,14,1,0,1500,23,clearances,TUR,2023-2024,datafc_sofascore,2026-08-09T01:36:50.770462
52,53190,Lucas Torreira,754794,Galatasaray,3061,1,2,7.2,2.08,2.97,31,4,29,9,80,7,0,2993,35,clearances,TUR,2023-2024,datafc_sofascore,2026-08-09T01:36:50.770462
52,53190,Çağlar Söyüncü,758608,Fenerbahçe,3052,2,0,7.19,1.6,0.23,6,2,1,1,14,1,0,914,12,clearances,TUR,2023-2024,datafc_sofascore,2026-08-09T01:36:50.770462
52,53190,Jure Balkovec,171625,Alanyaspor,6362,3,0,6.94,0.57,3.07,21,7,26,7,33,7,0,2141,28,clearances,TUR,2023-2024,datafc_sofascore,2026-08-09T01:36:50.770462
52,53190,Recep Burak Yılmaz,904172,Hatayspor,3091,0,0,6.87,,0.03,0,0,1,0,8,4,0,900,11,clearances,TUR,2023-2024,datafc_sofascore,2026-08-09T01:36:50.770462
52,53190,Lucas Lima,248529,Başakşehir FK,3086,1,2,6.79,0.28,1.35,10,1,14,8,31,4,0,1906,32,clearances,TUR,2023-2024,datafc_sofascore,2026-08-09T01:36:50.770462
52,53190,Murat Paluli,893014,Sivasspor,3076,0,2,6.7,0.54,0.71,9,0,13,14,24,1,0,1529,20,clearances,TUR,2023-2024,datafc_sofascore,2026-08-09T01:36:50.770462
52,53190,Berat Özdemir,876857,Trabzonspor,3051,1,1,7.12,0.52,0.97,15,4,15,15,70,4,0,2304,31,clearances,TUR,2023-2024,datafc_sofascore,2026-08-09T01:36:50.770462
52,53190,Zeki Yavru,140735,Samsunspor,3053,1,2,7.02,0.32,2.91,12,4,28,8,47,4,0,2026,28,clearances,TUR,2023-2024,datafc_sofascore,2026-08-09T01:36:50.770462
52,53190,Kaan Ayhan,138152,Galatasaray,3061,1,2,7.07,1.11,2.96,22,6,29,6,33,3,0,2111,35,clearances,TUR,2023-2024,datafc_sofascore,2026-08-09T01:36:50.770462
52,53190,Ertuğrul Taşkıran,105974,Alanyaspor,6362,0,0,7.01,0.0,0.08,0,0,2,0,0,3,0,3060,34,clearances,TUR,2023-2024,datafc_sofascore,2026-08-09T01:36:50.770462
52,53190,Casper Højer,281233,Çaykur Rizespor,3064,1,2,6.79,0.72,3.51,17,6,38,8,41,5,0,2060,27,clearances,TUR,2023-2024,datafc_sofascore,2026-08-09T01:36:50.770462
52,53190,Burak Bekaroğlu,802645,Hatayspor,3091,0,0,6.71,0.58,0.37,6,0,3,2,21,3,0,1131,15,clearances,TUR,2023-2024,datafc_sofascore,2026-08-09T01:36:50.770462
52,53190,Naldo,243719,Antalyaspor,3056,0,0,6.63,0.29,0.03,3,0,0,0,4,1,0,514,11,clearances,TUR,2023-2024,datafc_sofascore,2026-08-09T01:36:50.770462
52,53190,Mehmet Yeşil,840639,İstanbulspor,3066,0,0,6.8,0.61,0.39,12,3,1,11,40,9,0,2807,34,clearances,TUR,2023-2024,datafc_sofascore,2026-08-09T01:36:50.770462
52,53190,Aaron Appindangoyé,785850,Sivasspor,3076,1,1,6.87,0.57,0.41,9,4,5,2,11,1,0,2598,30,clearances,TUR,2023-2024,datafc_sofascore,2026-08-09T01:36:50.770462
52,53190,Papy Djilobodji,106661,Gaziantep FK,5138,3,1,6.94,2.83,2.05,20,5,17,5,36,5,1,3007,34,clearances,TUR,2023-2024,datafc_sofascore,2026-08-09T01:36:50.770462
52,53190,Uroš Radaković,151900,MKE Ankaragücü,3103,1,1,6.89,1.52,0.41,17,4,7,4,42,8,0,3070,35,clearances,TUR,2023-2024,datafc_sofascore,2026-08-09T01:36:50.770462
52,53190,Emirhan Topçu,895009,Çaykur Rizespor,3064,1,4,7.26,2.0,1.84,25,8,19,6,65,10,1,2702,31,clearances,TUR,2023-2024,datafc_sofascore,2026-08-09T01:36:50.770462
52,53190,Guy-Marcelin Kilama,944222,Hatayspor,3091,2,1,6.9,1.1,0.38,9,2,11,14,44,4,0,3136,35,clearances,TUR,2023-2024,datafc_sofascore,2026-08-09T01:36:50.770462
52,53190,Veysel Sarı,98276,Antalyaspor,3056,1,0,6.93,2.25,0.42,29,6,6,4,72,11,0,3013,35,clearances,TUR,2023-2024,datafc_sofascore,2026-08-09T01:36:50.770462
52,53190,Arda Kızıldağ,904228,Gaziantep FK,5138,4,0,6.9,2.2,0.4,21,6,5,0,39,4,0,2330,29,clearances,TUR,2023-2024,datafc_sofascore,2026-08-09T01:36:50.770462
52,53190,Fidan Aliti,385296,Alanyaspor,6362,0,2,6.87,2.24,0.49,14,3,8,4,38,7,0,3047,35,clearances,TUR,2023-2024,datafc_sofascore,2026-08-09T01:36:50.770462
52,53190,Caner Osmanpaşa,135941,Sivasspor,3076,3,0,6.98,2.17,0.07,18,6,0,6,28,2,0,2264,27,clearances,TUR,2023-2024,datafc_sofascore,2026-08-09T01:36:50.770462
52,53190,Simon Deli,326419,İstanbulspor,3066,0,0,6.87,0.85,0.73,9,2,7,6,23,7,0,2167,27,clearances,TUR,2023-2024,datafc_sofascore,2026-08-09T01:36:50.770462
52,53190,Nicolas N'Koulou,38533,Gaziantep FK,5138,2,0,6.82,2.22,0.11,15,3,4,4,43,2,0,2841,32,clearances,TUR,2023-2024,datafc_sofascore,2026-08-09T01:36:50.770462
52,53190,Uğurcan Yazğılı,904303,Konyaspor,3085,2,0,6.95,1.03,0.62,13,2,14,6,68,5,0,2718,35,clearances,TUR,2023-2024,datafc_sofascore,2026-08-09T01:36:50.770462
52,53190,Furkan Bayır,1003161,Alanyaspor,6362,0,0,6.79,1.34,0.2,10,2,1,0,38,7,1,2042,31,clearances,TUR,2023-2024,datafc_sofascore,2026-08-09T01:36:50.770462
52,53190,Victor Nelsson,846148,Galatasaray,3061,2,0,7.12,1.56,0.89,19,6,5,1,22,3,0,2570,32,clearances,TUR,2023-2024,datafc_sofascore,2026-08-09T01:36:50.770462
52,53190,Yasin Özcan,1392102,Kasımpaşa,6063,2,1,6.78,1.06,0.69,19,4,13,11,68,4,0,2962,37,clearances,TUR,2023-2024,datafc_sofascore,2026-08-09T01:36:50.770462
52,53190,Kenneth Omeruo,158293,Kasımpaşa,6063,1,1,6.93,1.01,0.68,12,6,10,4,32,5,1,2081,24,clearances,TUR,2023-2024,datafc_sofascore,2026-08-09T01:36:50.770462
52,53190,Ousseynou Ba,889430,Başakşehir FK,3086,0,1,7.16,0.43,0.1,6,0,2,2,48,9,1,1765,22,clearances,TUR,2023-2024,datafc_sofascore,2026-08-09T01:36:50.770462
52,53190,Samba Camara,837301,Sivasspor,3076,0,0,6.94,0.37,0.12,8,3,1,6,35,2,0,1880,26,clearances,TUR,2023-2024,datafc_sofascore,2026-08-09T01:36:50.770462
52,53190,Joseph Attamah,332963,Kayserispor,3072,1,0,6.75,0.73,0.56,8,2,4,2,22,3,0,2171,30,clearances,TUR,2023-2024,datafc_sofascore,2026-08-09T01:36:50.770462
52,53190,Andreaw Gravillon,827934,Adana Demirspor,3101,2,0,6.85,0.97,0.36,27,3,10,19,39,4,0,2766,33,clearances,TUR,2023-2024,datafc_sofascore,2026-08-09T01:36:50.770462
52,53190,Taha Şahin,1394729,Çaykur Rizespor,3064,0,4,6.87,0.65,2.84,8,0,27,29,58,5,0,2854,34,clearances,TUR,2023-2024,datafc_sofascore,2026-08-09T01:36:50.770462
52,53190,Okan Erdoğan,881213,İstanbulspor,3066,0,0,6.63,0.33,1.04,6,1,7,16,51,7,1,2460,30,clearances,TUR,2023-2024,datafc_sofascore,2026-08-09T01:36:50.770462
52,53190,Rick Van Drongelen,803023,Samsunspor,3053,3,0,6.89,1.59,0.68,22,6,6,4,39,6,0,2395,30,clearances,TUR,2023-2024,datafc_sofascore,2026-08-09T01:36:50.770462
52,53190,Léo Duarte,839982,Başakşehir FK,3086,0,1,7.12,0.96,0.79,11,4,16,18,43,1,0,2700,30,clearances,TUR,2023-2024,datafc_sofascore,2026-08-09T01:36:50.770462
52,53190,Nihad Mujakić,858004,MKE Ankaragücü,3103,1,1,6.77,0.33,0.71,5,1,7,6,46,4,0,3202,36,clearances,TUR,2023-2024,datafc_sofascore,2026-08-09T01:36:50.770462
52,53190,Nuno Sequeira,170117,Pendikspor,7032,1,3,6.89,0.98,3.7,15,4,40,20,85,10,0,3066,35,clearances,TUR,2023-2024,datafc_sofascore,2026-08-09T01:36:50.770462
52,53190,Semih Güler,325155,Adana Demirspor,3101,0,1,7.09,1.18,0.93,24,6,8,4,52,4,1,2801,32,clearances,TUR,2023-2024,datafc_sofascore,2026-08-09T01:36:50.770462
52,53190,Necip Uysal,43394,Beşiktaş JK,3050,0,1,6.96,0.74,0.53,11,3,6,7,46,5,0,2359,30,clearances,TUR,2023-2024,datafc_sofascore,2026-08-09T01:36:50.770462
52,53190,Davide Biraschi,233252,Fatih Karagümrük,4954,0,1,6.8,0.62,0.85,5,0,5,9,47,6,1,2575,30,clearances,TUR,2023-2024,datafc_sofascore,2026-08-09T01:36:50.770462
52,53190,Ľubomír Šatka,187231,Samsunspor,3053,1,1,6.79,0.57,0.45,3,1,6,7,24,2,0,2208,26,clearances,TUR,2023-2024,datafc_sofascore,2026-08-09T01:36:50.770462
52,53190,Richard,897617,Alanyaspor,6362,1,1,7.16,1.3,1.31,25,7,17,16,74,11,0,2913,34,clearances,TUR,2023-2024,datafc_sofascore,2026-08-09T01:36:50.770462
52,53190,Alim Öztürk,151074,Samsunspor,3053,0,2,6.86,0.6,1.35,7,3,4,1,29,6,0,1927,25,clearances,TUR,2023-2024,datafc_sofascore,2026-08-09T01:36:50.770462
52,53190,Arif Kocaman,1173638,Kayserispor,3072,0,1,6.7,1.32,0.09,8,2,2,6,16,5,1,1742,25,clearances,TUR,2023-2024,datafc_sofascore,2026-08-09T01:36:50.770462
52,53190,Federico Ceccherini,139410,Fatih Karagümrük,4954,1,0,6.68,1.0,0.25,10,1,2,4,23,9,2,2064,27,clearances,TUR,2023-2024,datafc_sofascore,2026-08-09T01:36:50.770462
52,53190,Ertuğrul Ersoy,355004,Gaziantep FK,5138,1,0,6.9,0.92,0.13,11,3,4,4,35,3,0,1470,17,clearances,TUR,2023-2024,datafc_sofascore,2026-08-09T01:36:50.770462
52,53190,Attila Mocsi,889382,Çaykur Rizespor,3064,2,0,6.88,2.0,0.29,14,3,3,5,22,2,1,1963,28,clearances,TUR,2023-2024,datafc_sofascore,2026-08-09T01:36:50.770462
52,53190,Bahadır Öztürk,790783,Antalyaspor,3056,1,0,6.95,0.75,0.08,6,1,1,5,28,3,0,1493,25,clearances,TUR,2023-2024,datafc_sofascore,2026-08-09T01:36:50.770462
52,53190,Welinton,76529,Pendikspor,7032,2,1,6.88,1.23,0.77,21,6,10,4,53,4,3,2015,24,clearances,TUR,2023-2024,datafc_sofascore,2026-08-09T01:36:50.770462
52,53190,Guilherme Haubert Sityá,224112,Konyaspor,3085,5,7,7.35,1.62,6.83,18,6,88,30,87,1,0,3267,37,clearances,TUR,2023-2024,datafc_sofascore,2026-08-09T01:36:50.770462
52,53190,Omar Colley,238408,Beşiktaş JK,3050,7,0,7.14,3.23,0.36,13,9,6,2,27,4,1,1935,22,clearances,TUR,2023-2024,datafc_sofascore,2026-08-09T01:36:50.770462
52,53190,Alpaslan Öztürk,148857,Pendikspor,7032,2,0,6.92,2.18,0.64,12,5,3,3,24,7,0,1866,22,clearances,TUR,2023-2024,datafc_sofascore,2026-08-09T01:36:50.770462
52,53190,Rayyan Baniya,929739,Trabzonspor,3051,0,0,6.73,0.49,0.13,6,3,4,1,19,4,0,1885,23,clearances,TUR,2023-2024,datafc_sofascore,2026-08-09T01:36:50.770462
52,53190,Alexander Djiku,289977,Fenerbahçe,3052,3,1,7.01,2.27,0.38,12,3,7,4,39,5,1,2032,25,clearances,TUR,2023-2024,datafc_sofascore,2026-08-09T01:36:50.770462
52,53190,Eren Elmalı,981483,Trabzonspor,3051,0,0,6.87,1.19,1.89,17,3,29,21,61,9,0,3022,34,clearances,TUR,2023-2024,datafc_sofascore,2026-08-09T01:36:50.770462
52,53190,Husniddin Aliqulov,1121174,Çaykur Rizespor,3064,0,0,6.75,1.18,0.16,14,4,6,1,16,4,0,1326,21,clearances,TUR,2023-2024,datafc_sofascore,2026-08-09T01:36:50.770462
52,53190,Abdülkerim Bardakcı,178963,Galatasaray,3061,4,0,7.23,3.21,1.03,33,8,10,11,25,4,0,2218,27,clearances,TUR,2023-2024,datafc_sofascore,2026-08-09T01:36:50.770462
52,53190,Adil Demirbağ,787949,Konyaspor,3085,0,0,6.67,0.42,0.14,11,1,1,1,24,4,1,1965,23,clearances,TUR,2023-2024,datafc_sofascore,2026-08-09T01:36:50.770462
52,53190,Uğur Çiftçi,142850,Sivasspor,3076,0,2,6.8,0.47,3.69,15,5,31,21,71,10,0,3118,35,clearances,TUR,2023-2024,datafc_sofascore,2026-08-09T01:36:50.770462
52,53190,Gökhan Sazdağı,595396,Kayserispor,3072,0,5,6.79,1.56,2.92,25,7,26,35,92,9,0,2905,34,clearances,TUR,2023-2024,datafc_sofascore,2026-08-09T01:36:50.770462
52,53190,Cláudio Winck,155998,Kasımpaşa,6063,3,1,6.82,3.38,2.58,31,8,22,37,72,7,1,2862,32,clearances,TUR,2023-2024,datafc_sofascore,2026-08-09T01:36:50.770462
52,53190,Stefano Denswil,97404,Trabzonspor,3051,1,0,7.02,0.67,0.48,13,2,5,2,16,1,0,2173,25,clearances,TUR,2023-2024,datafc_sofascore,2026-08-09T01:36:50.770462
52,53190,Levent Mercan,1085938,Fatih Karagümrük,4954,1,5,6.9,0.7,2.51,14,1,33,37,82,8,0,3113,36,clearances,TUR,2023-2024,datafc_sofascore,2026-08-09T01:36:50.770462
52,53190,Berkay Sülüngöz,839895,Pendikspor,7032,1,0,6.67,0.47,0.11,7,1,0,1,18,1,0,1332,19,clearances,TUR,2023-2024,datafc_sofascore,2026-08-09T01:36:50.770462
52,53190,Ömer Toprak,39015,Antalyaspor,3056,0,2,6.92,0.57,0.41,6,2,6,4,27,1,0,1815,22,clearances,TUR,2023-2024,datafc_sofascore,2026-08-09T01:36:50.770462
52,53190,Ali Yaşar,190815,İstanbulspor,3066,1,2,6.68,1.06,1.91,24,8,22,7,36,3,1,2450,33,clearances,TUR,2023-2024,datafc_sofascore,2026-08-09T01:36:50.770462
52,53190,Jerome Opoku,920514,Başakşehir FK,3086,4,1,7.06,1.9,0.74,11,5,9,18,26,6,1,2481,28,clearances,TUR,2023-2024,datafc_sofascore,2026-08-09T01:36:50.770462
52,53190,Sadık Çiftpınar,111811,Kasımpaşa,6063,0,0,6.75,0.7,0.1,9,4,0,0,15,6,0,1299,21,clearances,TUR,2023-2024,datafc_sofascore,2026-08-09T01:36:50.770462
52,53190,Nikola Maksimović,68076,Hatayspor,3091,0,0,6.92,0.71,0.3,6,2,3,3,15,2,0,1381,18,clearances,TUR,2023-2024,datafc_sofascore,2026-08-09T01:36:50.770462
52,53190,Ibrahim Drešević,817987,Fatih Karagümrük,4954,0,1,6.99,0.31,0.57,3,0,3,4,28,4,0,1365,16,clearances,TUR,2023-2024,datafc_sofascore,2026-08-09T01:36:50.770462
52,53190,Baktiyor Zaynutdinov,887382,Beşiktaş JK,3050,0,0,6.82,1.4,0.66,21,8,10,4,23,4,0,1634,27,clearances,TUR,2023-2024,datafc_sofascore,2026-08-09T01:36:50.770462
52,53190,Lionel Carole,122922,Kayserispor,3072,0,1,6.78,0.08,1.23,4,1,12,8,23,2,0,2199,28,clearances,TUR,2023-2024,datafc_sofascore,2026-08-09T01:36:50.770462
52,53190,Salih Dursun,179189,Fatih Karagümrük,4954,1,0,6.72,0.92,0.52,9,3,2,2,19,4,0,1277,21,clearances,TUR,2023-2024,datafc_sofascore,2026-08-09T01:36:50.770462
52,53190,Ferdi Kadıoğlu,825844,Fenerbahçe,3052,1,4,7.44,2.5,6.69,33,14,51,57,75,3,0,3327,37,clearances,TUR,2023-2024,datafc_sofascore,2026-08-09T01:36:50.770462
52,53190,Aytaç Kara,128196,Kasımpaşa,6063,13,5,7.41,9.16,3.01,101,36,40,19,73,4,0,3248,37,clearances,TUR,2023-2024,datafc_sofascore,2026-08-09T01:36:50.770462
52,53190,Filip Damjanović,851666,Konyaspor,3085,0,0,6.99,0.99,0.09,13,2,0,1,4,2,0,888,13,clearances,TUR,2023-2024,datafc_sofascore,2026-08-09T01:36:50.770462
52,53190,Soner Gönül,867727,Samsunspor,3053,0,1,6.77,0.21,0.9,14,2,8,5,45,2,0,1930,24,clearances,TUR,2023-2024,datafc_sofascore,2026-08-09T01:36:50.770462
52,53190,Francisco Calvo,156400,Konyaspor,3085,0,0,6.99,1.86,0.24,14,3,5,15,31,4,0,1449,17,clearances,TUR,2023-2024,datafc_sofascore,2026-08-09T01:36:50.770462
52,53190,Chandrel Massanga,1083138,Hatayspor,3091,3,0,6.92,1.99,0.99,24,7,18,8,50,4,0,2294,30,clearances,TUR,2023-2024,datafc_sofascore,2026-08-09T01:36:50.770462
52,53190,Jayden Oosterwolde,1048324,Fenerbahçe,3052,0,0,6.85,0.65,2.19,7,2,9,22,42,8,0,1925,27,clearances,TUR,2023-2024,datafc_sofascore,2026-08-09T01:36:50.770462
52,53190,Atakan Çankaya,1066338,MKE Ankaragücü,3103,0,0,6.72,0.72,0.29,9,4,4,2,40,4,0,1421,24,clearances,TUR,2023-2024,datafc_sofascore,2026-08-09T01:36:50.770462
52,53190,Jackson Porozo,978518,Kasımpaşa,6063,1,0,7.03,1.93,0.08,11,2,2,1,24,4,0,1183,14,clearances,TUR,2023-2024,datafc_sofascore,2026-08-09T01:36:50.770462
52,53190,Pape Abou Cissé,790198,Adana Demirspor,3101,0,0,6.8,0.43,0.1,6,1,1,5,6,1,0,733,13,clearances,TUR,2023-2024,datafc_sofascore,2026-08-09T01:36:50.770462
52,53190,Serkan Asan,952726,Pendikspor,7032,0,0,6.68,0.31,0.71,7,0,10,4,21,1,1,1522,22,clearances,TUR,2023-2024,datafc_sofascore,2026-08-09T01:36:50.770462
52,53190,Steven​ N'Zonzi,51652,Konyaspor,3085,4,0,7.03,1.12,1.2,19,10,16,6,26,2,0,2334,33,clearances,TUR,2023-2024,datafc_sofascore,2026-08-09T01:36:50.770462
52,53190,Ahmet Oğuz,603902,Konyaspor,3085,1,1,6.96,0.32,1.29,10,2,20,15,65,7,0,2113,31,clearances,TUR,2023-2024,datafc_sofascore,2026-08-09T01:36:50.770462
52,53190,Güray Vural,43559,Antalyaspor,3056,1,3,6.9,1.13,2.92,25,4,26,8,54,7,0,2568,30,clearances,TUR,2023-2024,datafc_sofascore,2026-08-09T01:36:50.770462
52,53190,Gökhan Gül,797820,Kasımpaşa,6063,2,0,6.97,1.82,1.39,54,17,20,6,53,3,0,2928,38,clearances,TUR,2023-2024,datafc_sofascore,2026-08-09T01:36:50.770462
52,53190,Filip Benković,357588,Trabzonspor,3051,2,0,6.9,0.56,0.03,6,3,0,0,4,2,0,1114,14,clearances,TUR,2023-2024,datafc_sofascore,2026-08-09T01:36:50.770462
52,53190,Demeaco Duhaney,851095,İstanbulspor,3066,1,0,6.54,0.37,1.47,5,2,13,10,17,5,1,2114,26,clearances,TUR,2023-2024,datafc_sofascore,2026-08-09T01:36:50.770462
52,53190,Nuno Lima,1133301,Alanyaspor,6362,0,0,6.93,0.6,0.52,8,1,4,3,11,2,0,1179,19,clearances,TUR,2023-2024,datafc_sofascore,2026-08-09T01:36:50.770462
52,53190,Fatih Aksoy,827922,Alanyaspor,6362,1,0,6.77,1.29,0.27,4,3,2,3,21,0,0,961,21,clearances,TUR,2023-2024,datafc_sofascore,2026-08-09T01:36:50.770462
52,53190,Joher Khadim Rassoul,800344,Pendikspor,7032,0,0,6.63,0.24,0.07,2,0,0,2,14,3,0,1022,13,clearances,TUR,2023-2024,datafc_sofascore,2026-08-09T01:36:50.770462
52,53190,Andreas Gianniotis,236746,Kasımpaşa,6063,0,0,6.95,0.0,0.04,0,0,2,1,3,3,0,2790,31,clearances,TUR,2023-2024,datafc_sofascore,2026-08-09T01:36:50.770462
52,53190,Teenage Hadebe,864666,Konyaspor,3085,0,1,6.89,0.43,0.47,6,1,5,1,10,5,0,907,11,clearances,TUR,2023-2024,datafc_sofascore,2026-08-09T01:36:50.770462
52,53190,Daniel Amartey,308526,Beşiktaş JK,3050,0,0,6.79,0.17,0.16,1,0,4,2,7,3,0,1077,18,clearances,TUR,2023-2024,datafc_sofascore,2026-08-09T01:36:50.770462
52,53190,Dimitris Kolovetsios,68228,Kayserispor,3072,0,0,6.58,0.36,0.12,8,4,2,2,14,1,0,1500,23,clearances,TUR,2023-2024,datafc_sofascore,2026-08-09T01:36:50.770462
52,53190,Lucas Torreira,754794,Galatasaray,3061,1,2,7.2,2.08,2.97,31,4,29,9,80,7,0,2993,35,clearances,TUR,2023-2024,datafc_sofascore,2026-08-09T01:36:50.770462
52,53190,Çağlar Söyüncü,758608,Fenerbahçe,3052,2,0,7.19,1.6,0.23,6,2,1,1,14,1,0,914,12,clearances,TUR,2023-2024,datafc_sofascore,2026-08-09T01:36:50.770462
52,53190,Jure Balkovec,171625,Alanyaspor,6362,3,0,6.94,0.57,3.07,21,7,26,7,33,7,0,2141,28,clearances,TUR,2023-2024,datafc_sofascore,2026-08-09T01:36:50.770462
52,53190,Recep Burak Yılmaz,904172,Hatayspor,3091,0,0,6.87,,0.03,0,0,1,0,8,4,0,900,11,clearances,TUR,2023-2024,datafc_sofascore,2026-08-09T01:36:50.770462
52,53190,Lucas Lima,248529,Başakşehir FK,3086,1,2,6.79,0.28,1.35,10,1,14,8,31,4,0,1906,32,clearances,TUR,2023-2024,datafc_sofascore,2026-08-09T01:36:50.770462
52,53190,Murat Paluli,893014,Sivasspor,3076,0,2,6.7,0.54,0.71,9,0,13,14,24,1,0,1529,20,clearances,TUR,2023-2024,datafc_sofascore,2026-08-09T01:36:50.770462
52,53190,Berat Özdemir,876857,Trabzonspor,3051,1,1,7.12,0.52,0.97,15,4,15,15,70,4,0,2304,31,clearances,TUR,2023-2024,datafc_sofascore,2026-08-09T01:36:50.770462
52,53190,Zeki Yavru,140735,Samsunspor,3053,1,2,7.02,0.32,2.91,12,4,28,8,47,4,0,2026,28,clearances,TUR,2023-2024,datafc_sofascore,2026-08-09T01:36:50.770462
52,53190,Kaan Ayhan,138152,Galatasaray,3061,1,2,7.07,1.11,2.96,22,6,29,6,33,3,0,2111,35,clearances,TUR,2023-2024,datafc_sofascore,2026-08-09T01:36:50.770462
52,53190,Ertuğrul Taşkıran,105974,Alanyaspor,6362,0,0,7.01,0.0,0.08,0,0,2,0,0,3,0,3060,34,clearances,TUR,2023-2024,datafc_sofascore,2026-08-09T01:36:50.770462
52,53190,Casper Højer,281233,Çaykur Rizespor,3064,1,2,6.79,0.72,3.51,17,6,38,8,41,5,0,2060,27,clearances,TUR,2023-2024,datafc_sofascore,2026-08-09T01:36:50.770462
52,53190,Burak Bekaroğlu,802645,Hatayspor,3091,0,0,6.71,0.58,0.37,6,0,3,2,21,3,0,1131,15,clearances,TUR,2023-2024,datafc_sofascore,2026-08-09T01:36:50.770462
52,53190,Naldo,243719,Antalyaspor,3056,0,0,6.63,0.29,0.03,3,0,0,0,4,1,0,514,11,clearances,TUR,2023-2024,datafc_sofascore,2026-08-09T01:36:50.770462
52,53190,Haris Hajradinović,254979,Kasımpaşa,6063,5,14,7.39,6.16,9.69,69,21,104,26,63,3,0,3307,38,possessionLost,TUR,2023-2024,datafc_sofascore,2026-08-09T01:36:50.770462
52,53190,Guilherme Haubert Sityá,224112,Konyaspor,3085,5,7,7.35,1.62,6.83,18,6,88,30,87,1,0,3267,37,possessionLost,TUR,2023-2024,datafc_sofascore,2026-08-09T01:36:50.770462
52,53190,Dušan Tadić,38560,Fenerbahçe,3052,10,14,7.42,14.9,14.16,53,28,88,32,33,3,0,3157,38,possessionLost,TUR,2023-2024,datafc_sofascore,2026-08-09T01:36:50.770462
52,53190,Nuno Sequeira,170117,Pendikspor,7032,1,3,6.89,0.98,3.7,15,4,40,20,85,10,0,3066,35,possessionLost,TUR,2023-2024,datafc_sofascore,2026-08-09T01:36:50.770462
52,53190,Edin Višća,109779,Trabzonspor,3051,5,9,7.28,4.34,8.93,63,16,91,28,34,1,0,2762,36,possessionLost,TUR,2023-2024,datafc_sofascore,2026-08-09T01:36:50.770462
52,53190,Oğuz Aydın,999396,Alanyaspor,6362,13,8,7.28,9.34,8.32,58,25,64,54,25,3,1,2587,35,possessionLost,TUR,2023-2024,datafc_sofascore,2026-08-09T01:36:50.770462
52,53190,Mortadha Ben Ouanes,919225,Kasımpaşa,6063,7,5,7.01,3.26,4.88,36,15,45,31,41,8,0,2999,36,possessionLost,TUR,2023-2024,datafc_sofascore,2026-08-09T01:36:50.770462
52,53190,Kerem Aktürkoğlu,903324,Galatasaray,3061,12,6,7.33,12.89,8.17,79,29,73,32,28,3,1,2479,37,possessionLost,TUR,2023-2024,datafc_sofascore,2026-08-09T01:36:50.770462
52,53190,Gökhan Sazdağı,595396,Kayserispor,3072,0,5,6.79,1.56,2.92,25,7,26,35,92,9,0,2905,34,possessionLost,TUR,2023-2024,datafc_sofascore,2026-08-09T01:36:50.770462
52,53190,Denis Drăguş,841199,Gaziantep FK,5138,14,1,7.22,13.78,2.44,106,40,38,85,54,8,0,2751,32,possessionLost,TUR,2023-2024,datafc_sofascore,2026-08-09T01:36:50.770462
52,53190,Levent Mercan,1085938,Fatih Karagümrük,4954,1,5,6.9,0.7,2.51,14,1,33,37,82,8,0,3113,36,possessionLost,TUR,2023-2024,datafc_sofascore,2026-08-09T01:36:50.770462
52,53190,Barış Alper Yılmaz,904096,Galatasaray,3061,6,6,7.15,4.08,5.51,61,18,43,67,60,8,0,2550,37,possessionLost,TUR,2023-2024,datafc_sofascore,2026-08-09T01:36:50.770462
52,53190,Cláudio Winck,155998,Kasımpaşa,6063,3,1,6.82,3.38,2.58,31,8,22,37,72,7,1,2862,32,possessionLost,TUR,2023-2024,datafc_sofascore,2026-08-09T01:36:50.770462
52,53190,Ferdi Kadıoğlu,825844,Fenerbahçe,3052,1,4,7.44,2.5,6.69,33,14,51,57,75,3,0,3327,37,possessionLost,TUR,2023-2024,datafc_sofascore,2026-08-09T01:36:50.770462
52,53190,Valentin Eysseric,139798,Fatih Karagümrük,4954,5,7,7.46,4.48,7.64,54,18,74,27,42,7,1,2420,31,possessionLost,TUR,2023-2024,datafc_sofascore,2026-08-09T01:36:50.770462
52,53190,Jonjo Shelvey,36465,Çaykur Rizespor,3064,3,6,7.15,2.58,3.71,55,16,48,17,36,6,0,2604,31,possessionLost,TUR,2023-2024,datafc_sofascore,2026-08-09T01:36:50.770462
52,53190,Uğur Çiftçi,142850,Sivasspor,3076,0,2,6.8,0.47,3.69,15,5,31,21,71,10,0,3118,35,possessionLost,TUR,2023-2024,datafc_sofascore,2026-08-09T01:36:50.770462
52,53190,Mustafa Eskihellaç,899069,Gaziantep FK,5138,2,3,6.93,1.29,2.92,25,5,29,41,66,5,0,3067,35,possessionLost,TUR,2023-2024,datafc_sofascore,2026-08-09T01:36:50.770462
52,53190,Halil Akbunar,217782,Pendikspor,7032,5,3,6.98,4.09,5.67,54,20,37,57,63,3,1,2808,37,possessionLost,TUR,2023-2024,datafc_sofascore,2026-08-09T01:36:50.770462
52,53190,Dries Mertens,32493,Galatasaray,3061,9,16,7.61,8.12,10.57,88,35,93,15,43,3,0,2487,36,possessionLost,TUR,2023-2024,datafc_sofascore,2026-08-09T01:36:50.770462
52,53190,Emre Akbaba,343527,Adana Demirspor,3101,7,2,7.19,7.41,3.26,64,20,43,32,65,5,0,2682,32,possessionLost,TUR,2023-2024,datafc_sofascore,2026-08-09T01:36:50.770462
52,53190,Yusuf Erdoğan,256663,Adana Demirspor,3101,5,2,6.8,4.08,2.0,43,15,23,26,32,4,0,2594,35,possessionLost,TUR,2023-2024,datafc_sofascore,2026-08-09T01:36:50.770462
52,53190,Florin Niță,83551,Gaziantep FK,5138,0,0,7.07,0.02,0.04,1,0,1,0,2,3,0,3060,34,possessionLost,TUR,2023-2024,datafc_sofascore,2026-08-09T01:36:50.770462
52,53190,Bahadır Han Güngördü,807289,MKE Ankaragücü,3103,0,1,7.04,0.0,0.1,0,0,3,0,0,2,0,2837,32,possessionLost,TUR,2023-2024,datafc_sofascore,2026-08-09T01:36:50.770462
52,53190,Deniz Türüç,252207,Başakşehir FK,3086,2,12,7.15,2.26,5.68,39,17,60,30,31,11,0,2678,34,possessionLost,TUR,2023-2024,datafc_sofascore,2026-08-09T01:36:50.770462
52,53190,Edin Džeko,14990,Fenerbahçe,3052,21,3,7.39,21.64,5.15,147,64,37,22,19,3,0,2741,36,possessionLost,TUR,2023-2024,datafc_sofascore,2026-08-09T01:36:50.770462
52,53190,Aylton Boa Morte,883918,Kayserispor,3072,8,2,6.8,9.83,2.51,70,29,29,70,39,7,0,2628,32,possessionLost,TUR,2023-2024,datafc_sofascore,2026-08-09T01:36:50.770462
52,53190,Florian Loshaj,831407,İstanbulspor,3066,5,0,6.98,4.81,2.98,56,18,34,35,66,8,1,2705,32,possessionLost,TUR,2023-2024,datafc_sofascore,2026-08-09T01:36:50.770462
52,53190,Uğurcan Çakır,754330,Trabzonspor,3051,0,0,7.04,0.0,0.12,0,0,1,1,1,4,0,3060,34,possessionLost,TUR,2023-2024,datafc_sofascore,2026-08-09T01:36:50.770462
52,53190,Rigoberto Rivas,837742,Hatayspor,3091,5,4,6.92,3.4,3.2,31,12,29,25,47,6,0,2431,29,possessionLost,TUR,2023-2024,datafc_sofascore,2026-08-09T01:36:50.770462
52,53190,Taha Şahin,1394729,Çaykur Rizespor,3064,0,4,6.87,0.65,2.84,8,0,27,29,58,5,0,2854,34,possessionLost,TUR,2023-2024,datafc_sofascore,2026-08-09T01:36:50.770462
52,53190,Aytaç Kara,128196,Kasımpaşa,6063,13,5,7.41,9.16,3.01,101,36,40,19,73,4,0,3248,37,possessionLost,TUR,2023-2024,datafc_sofascore,2026-08-09T01:36:50.770462
52,53190,Güray Vural,43559,Antalyaspor,3056,1,3,6.9,1.13,2.92,25,4,26,8,54,7,0,2568,30,possessionLost,TUR,2023-2024,datafc_sofascore,2026-08-09T01:36:50.770462
52,53190,Sam Larsson,229800,Antalyaspor,3056,5,1,6.97,2.83,5.32,43,12,61,52,31,1,0,2568,35,possessionLost,TUR,2023-2024,datafc_sofascore,2026-08-09T01:36:50.770462
52,53190,Sebastian Szymański,847983,Fenerbahçe,3052,10,11,7.55,9.31,9.69,87,31,77,10,85,4,0,2916,37,possessionLost,TUR,2023-2024,datafc_sofascore,2026-08-09T01:36:50.770462
52,53190,Miguel Cardoso,344009,Kayserispor,3072,1,7,7.08,5.41,7.21,65,18,66,31,39,4,0,2524,30,possessionLost,TUR,2023-2024,datafc_sofascore,2026-08-09T01:36:50.770462
52,53190,Emre Kılınç,202032,Samsunspor,3053,4,4,7.12,2.09,4.63,31,5,53,31,62,4,0,2574,33,possessionLost,TUR,2023-2024,datafc_sofascore,2026-08-09T01:36:50.770462
52,53190,Mame Thiam,180981,Pendikspor,7032,18,7,7.26,13.28,3.36,85,36,34,18,47,4,0,3161,36,possessionLost,TUR,2023-2024,datafc_sofascore,2026-08-09T01:36:50.770462
52,53190,Ibrahim Olawoyin,1008173,Çaykur Rizespor,3064,8,2,7.12,5.84,2.99,64,25,39,65,63,6,0,2970,35,possessionLost,TUR,2023-2024,datafc_sofascore,2026-08-09T01:36:50.770462
52,53190,Erdoğan Yeşilyurt,142541,Antalyaspor,3056,3,3,6.89,1.78,2.25,31,7,31,26,41,8,1,2485,34,possessionLost,TUR,2023-2024,datafc_sofascore,2026-08-09T01:36:50.770462
52,53190,Yasin Özcan,1392102,Kasımpaşa,6063,2,1,6.78,1.06,0.69,19,4,13,11,68,4,0,2962,37,possessionLost,TUR,2023-2024,datafc_sofascore,2026-08-09T01:36:50.770462
52,53190,Soner Gönül,867727,Samsunspor,3053,0,1,6.77,0.21,0.9,14,2,8,5,45,2,0,1930,24,possessionLost,TUR,2023-2024,datafc_sofascore,2026-08-09T01:36:50.770462
52,53190,Alexandru Maxim,180511,Gaziantep FK,5138,3,8,7.16,5.85,7.47,43,16,80,36,38,4,2,2674,34,possessionLost,TUR,2023-2024,datafc_sofascore,2026-08-09T01:36:50.770462
52,53190,Zeki Yavru,140735,Samsunspor,3053,1,2,7.02,0.32,2.91,12,4,28,8,47,4,0,2026,28,possessionLost,TUR,2023-2024,datafc_sofascore,2026-08-09T01:36:50.770462
52,53190,Ahmet Oğuz,603902,Konyaspor,3085,1,1,6.96,0.32,1.29,10,2,20,15,65,7,0,2113,31,possessionLost,TUR,2023-2024,datafc_sofascore,2026-08-09T01:36:50.770462
52,53190,Papy Djilobodji,106661,Gaziantep FK,5138,3,1,6.94,2.83,2.05,20,5,17,5,36,5,1,3007,34,possessionLost,TUR,2023-2024,datafc_sofascore,2026-08-09T01:36:50.770462
52,53190,Léo Dubois,552680,Başakşehir FK,3086,1,4,6.9,0.68,3.23,12,4,29,24,29,3,0,2315,31,possessionLost,TUR,2023-2024,datafc_sofascore,2026-08-09T01:36:50.770462
52,53190,Olimpiu Moruțan,833613,MKE Ankaragücü,3103,2,3,6.9,2.86,3.43,47,13,34,46,40,3,0,2128,30,possessionLost,TUR,2023-2024,datafc_sofascore,2026-08-09T01:36:50.770462
52,53190,Jackson,911351,İstanbulspor,3066,1,4,6.77,4.47,3.63,48,19,31,45,38,2,0,2201,35,possessionLost,TUR,2023-2024,datafc_sofascore,2026-08-09T01:36:50.770462
52,53190,Bilal Bayazit,825850,Kayserispor,3072,0,0,7.22,0.0,0.07,0,0,3,0,3,5,0,3150,35,possessionLost,TUR,2023-2024,datafc_sofascore,2026-08-09T01:36:50.770462
52,53190,Milot Rashica,800411,Beşiktaş JK,3050,5,4,7.03,4.39,4.64,56,20,43,21,25,2,0,2037,29,possessionLost,TUR,2023-2024,datafc_sofascore,2026-08-09T01:36:50.770462
52,53190,Alassane Ndao,1016033,Konyaspor,3085,3,2,6.88,3.74,4.83,40,9,41,38,35,3,0,2771,36,possessionLost,TUR,2023-2024,datafc_sofascore,2026-08-09T01:36:50.770462
52,53190,Carlo Holse,837012,Samsunspor,3053,5,3,6.9,5.31,2.53,59,24,43,14,68,4,0,2787,33,possessionLost,TUR,2023-2024,datafc_sofascore,2026-08-09T01:36:50.770462
52,53190,Kerem Demirbay,142619,Galatasaray,3061,6,3,7.2,3.03,3.76,52,17,42,19,66,2,0,2227,34,possessionLost,TUR,2023-2024,datafc_sofascore,2026-08-09T01:36:50.770462
52,53190,Erce Kardeşler,758606,Hatayspor,3091,0,0,6.98,0.0,0.09,0,0,0,1,1,8,0,3109,35,possessionLost,TUR,2023-2024,datafc_sofascore,2026-08-09T01:36:50.770462
52,53190,Mamadou Fall,822228,Kasımpaşa,6063,8,2,6.94,6.19,3.57,49,17,54,28,22,4,0,2854,34,possessionLost,TUR,2023-2024,datafc_sofascore,2026-08-09T01:36:50.770462
52,53190,Emirhan Topçu,895009,Çaykur Rizespor,3064,1,4,7.26,2.0,1.84,25,8,19,6,65,10,1,2702,31,possessionLost,TUR,2023-2024,datafc_sofascore,2026-08-09T01:36:50.770462
52,53190,Efecan Karaca,60510,Alanyaspor,6362,2,3,7.02,3.18,4.83,21,9,50,31,57,5,0,2753,37,possessionLost,TUR,2023-2024,datafc_sofascore,2026-08-09T01:36:50.770462
52,53190,Andreas Gianniotis,236746,Kasımpaşa,6063,0,0,6.95,0.0,0.04,0,0,2,1,3,3,0,2790,31,possessionLost,TUR,2023-2024,datafc_sofascore,2026-08-09T01:36:50.770462
52,53190,Güven Yalçın,826162,Fatih Karagümrük,4954,9,4,6.91,5.75,1.33,58,21,28,39,15,5,0,2136,32,possessionLost,TUR,2023-2024,datafc_sofascore,2026-08-09T01:36:50.770462
52,53190,Adam Buksa,1138856,Antalyaspor,3056,16,2,7.19,12.27,0.84,93,39,21,27,17,8,0,2925,33,possessionLost,TUR,2023-2024,datafc_sofascore,2026-08-09T01:36:50.770462
52,53190,Enis Bardhi,355024,Trabzonspor,3051,6,4,7.06,3.19,3.28,56,20,37,31,34,3,0,2342,34,possessionLost,TUR,2023-2024,datafc_sofascore,2026-08-09T01:36:50.770462
52,53190,Nuno Da Costa,209374,Kasımpaşa,6063,14,4,7.28,10.67,2.41,67,24,26,49,23,1,0,2339,29,possessionLost,TUR,2023-2024,datafc_sofascore,2026-08-09T01:36:50.770462
52,53190,Lucas Lima,248529,Başakşehir FK,3086,1,2,6.79,0.28,1.35,10,1,14,8,31,4,0,1906,32,possessionLost,TUR,2023-2024,datafc_sofascore,2026-08-09T01:36:50.770462
52,53190,Eren Elmalı,981483,Trabzonspor,3051,0,0,6.87,1.19,1.89,17,3,29,21,61,9,0,3022,34,possessionLost,TUR,2023-2024,datafc_sofascore,2026-08-09T01:36:50.770462
52,53190,Okan Kocuk,190179,Samsunspor,3053,0,0,6.8,0.0,0.05,0,0,0,0,1,2,0,3240,36,possessionLost,TUR,2023-2024,datafc_sofascore,2026-08-09T01:36:50.770462
52,53190,Florent Hadergjonaj,354860,Alanyaspor,6362,2,3,6.93,1.15,2.69,17,4,23,11,43,3,0,2318,31,possessionLost,TUR,2023-2024,datafc_sofascore,2026-08-09T01:36:50.770462
52,53190,Jure Balkovec,171625,Alanyaspor,6362,3,0,6.94,0.57,3.07,21,7,26,7,33,7,0,2141,28,possessionLost,TUR,2023-2024,datafc_sofascore,2026-08-09T01:36:50.770462
52,53190,Mehmet Yeşil,840639,İstanbulspor,3066,0,0,6.8,0.61,0.39,12,3,1,11,40,9,0,2807,34,possessionLost,TUR,2023-2024,datafc_sofascore,2026-08-09T01:36:50.770462
52,53190,Dario Šarić,848385,Antalyaspor,3056,3,0,6.85,2.65,0.77,47,11,21,33,44,2,0,2563,32,possessionLost,TUR,2023-2024,datafc_sofascore,2026-08-09T01:36:50.770462
52,53190,İrfan Can Kahveci,226986,Fenerbahçe,3052,12,7,7.39,3.98,7.71,40,21,52,36,33,5,0,2027,31,possessionLost,TUR,2023-2024,datafc_sofascore,2026-08-09T01:36:50.770462
52,53190,Fredrik Midtsjø,98198,Pendikspor,7032,1,2,6.91,1.15,3.14,16,5,34,37,28,4,0,1928,26,possessionLost,TUR,2023-2024,datafc_sofascore,2026-08-09T01:36:50.770462
52,53190,Ali Şaşal Vural,94540,Sivasspor,3076,0,0,7.23,0.0,0.27,0,0,3,2,2,3,0,2880,32,possessionLost,TUR,2023-2024,datafc_sofascore,2026-08-09T01:36:50.770462
52,53190,Soner Dikmen,847782,Konyaspor,3085,1,0,6.76,3.18,1.09,38,9,6,13,53,7,0,3217,37,possessionLost,TUR,2023-2024,datafc_sofascore,2026-08-09T01:36:50.770462
52,53190,Gedson Fernandes,862055,Beşiktaş JK,3050,3,3,7.19,2.94,1.74,36,9,29,46,99,8,0,2457,29,possessionLost,TUR,2023-2024,datafc_sofascore,2026-08-09T01:36:50.770462
52,53190,Yusuf Özdemir,1084884,Alanyaspor,6362,2,4,6.78,3.51,2.15,25,10,22,8,51,7,0,2481,34,possessionLost,TUR,2023-2024,datafc_sofascore,2026-08-09T01:36:50.770462
52,53190,Gökhan Gül,797820,Kasımpaşa,6063,2,0,6.97,1.82,1.39,54,17,20,6,53,3,0,2928,38,possessionLost,TUR,2023-2024,datafc_sofascore,2026-08-09T01:36:50.770462
52,53190,Pedrinho,182385,MKE Ankaragücü,3103,3,2,7.01,1.17,2.48,30,6,37,12,55,4,0,2199,32,possessionLost,TUR,2023-2024,datafc_sofascore,2026-08-09T01:36:50.770462
52,53190,Can Keleş,918408,Fatih Karagümrük,4954,5,3,6.82,4.65,3.61,56,24,27,28,18,3,0,2272,35,possessionLost,TUR,2023-2024,datafc_sofascore,2026-08-09T01:36:50.770462
52,53190,Ali Karimi,803869,Kayserispor,3072,3,0,6.98,3.23,3.2,32,7,31,18,48,4,0,2040,27,possessionLost,TUR,2023-2024,datafc_sofascore,2026-08-09T01:36:50.770462
52,53190,Okan Erdoğan,881213,İstanbulspor,3066,0,0,6.63,0.33,1.04,6,1,7,16,51,7,1,2460,30,possessionLost,TUR,2023-2024,datafc_sofascore,2026-08-09T01:36:50.770462
52,53190,Faouzi Ghoulam,133236,Hatayspor,3091,1,2,6.95,0.67,3.16,14,6,29,5,19,8,0,1427,21,possessionLost,TUR,2023-2024,datafc_sofascore,2026-08-09T01:36:50.770462
52,53190,Veysel Sarı,98276,Antalyaspor,3056,1,0,6.93,2.25,0.42,29,6,6,4,72,11,0,3013,35,possessionLost,TUR,2023-2024,datafc_sofascore,2026-08-09T01:36:50.770462
52,53190,Casper Højer,281233,Çaykur Rizespor,3064,1,2,6.79,0.72,3.51,17,6,38,8,41,5,0,2060,27,possessionLost,TUR,2023-2024,datafc_sofascore,2026-08-09T01:36:50.770462
52,53190,Tolga Ciğerci,120298,MKE Ankaragücü,3103,5,3,7.15,3.47,1.48,38,11,22,13,45,4,0,2050,27,possessionLost,TUR,2023-2024,datafc_sofascore,2026-08-09T01:36:50.770462
52,53190,Davide Biraschi,233252,Fatih Karagümrük,4954,0,1,6.8,0.62,0.85,5,0,5,9,47,6,1,2575,30,possessionLost,TUR,2023-2024,datafc_sofascore,2026-08-09T01:36:50.770462
52,53190,Ramzi Safouri,186949,Antalyaspor,3056,0,7,7.04,2.16,5.15,39,15,56,31,17,3,1,1803,30,possessionLost,TUR,2023-2024,datafc_sofascore,2026-08-09T01:36:50.770462
52,53190,Altin Zeqiri,991742,Çaykur Rizespor,3064,5,5,6.88,6.68,3.34,47,20,36,47,23,4,0,2241,34,possessionLost,TUR,2023-2024,datafc_sofascore,2026-08-09T01:36:50.770462
52,53190,Nihad Mujakić,858004,MKE Ankaragücü,3103,1,1,6.77,0.33,0.71,5,1,7,6,46,4,0,3202,36,possessionLost,TUR,2023-2024,datafc_sofascore,2026-08-09T01:36:50.770462
52,53190,Kartal Kayra Yılmaz,966811,Kayserispor,3072,0,2,6.85,0.4,2.12,19,1,25,11,46,6,1,2409,29,possessionLost,TUR,2023-2024,datafc_sofascore,2026-08-09T01:36:50.770462
52,53190,Rick Van Drongelen,803023,Samsunspor,3053,3,0,6.89,1.59,0.68,22,6,6,4,39,6,0,2395,30,possessionLost,TUR,2023-2024,datafc_sofascore,2026-08-09T01:36:50.770462
52,53190,Lionel Carole,122922,Kayserispor,3072,0,1,6.78,0.08,1.23,4,1,12,8,23,2,0,2199,28,possessionLost,TUR,2023-2024,datafc_sofascore,2026-08-09T01:36:50.770462
52,53190,Fred,243623,Fenerbahçe,3052,3,4,7.34,3.99,4.93,50,15,31,25,51,5,1,2051,25,possessionLost,TUR,2023-2024,datafc_sofascore,2026-08-09T01:36:50.770462
52,53190,Marius Mouandilmadji,943593,Samsunspor,3053,9,1,6.88,10.59,0.73,70,27,10,14,6,5,1,2080,30,possessionLost,TUR,2023-2024,datafc_sofascore,2026-08-09T01:36:50.770462
52,53190,Marcus Rohdén,209082,Fatih Karagümrük,4954,4,4,6.91,2.44,1.87,36,11,29,13,32,4,0,2426,34,possessionLost,TUR,2023-2024,datafc_sofascore,2026-08-09T01:36:50.770462
52,53190,Demeaco Duhaney,851095,İstanbulspor,3066,1,0,6.54,0.37,1.47,5,2,13,10,17,5,1,2114,26,possessionLost,TUR,2023-2024,datafc_sofascore,2026-08-09T01:36:50.770462
52,53190,Sokol Cikalleshi,81138,Konyaspor,3085,12,5,6.94,10.96,1.11,64,21,27,27,23,3,0,2364,33,possessionLost,TUR,2023-2024,datafc_sofascore,2026-08-09T01:36:50.770462
52,53190,Loide Augusto,1110708,Alanyaspor,6362,3,2,6.92,1.07,1.97,21,4,13,54,40,6,0,1797,26,possessionLost,TUR,2023-2024,datafc_sofascore,2026-08-09T01:36:50.770462
52,53190,Olivier Ntcham,352676,Samsunspor,3053,6,0,6.75,6.23,1.94,50,15,14,23,14,5,0,1872,27,possessionLost,TUR,2023-2024,datafc_sofascore,2026-08-09T01:36:50.770462
52,53190,David Akintola,798676,Çaykur Rizespor,3064,3,3,6.77,6.51,1.75,39,10,24,43,26,4,0,1942,25,possessionLost,TUR,2023-2024,datafc_sofascore,2026-08-09T01:36:50.770462
52,53190,Haris Hajradinović,254979,Kasımpaşa,6063,5,14,7.39,6.16,9.69,69,21,104,26,63,3,0,3307,38,possessionLost,TUR,2023-2024,datafc_sofascore,2026-08-09T01:36:50.770462
52,53190,Guilherme Haubert Sityá,224112,Konyaspor,3085,5,7,7.35,1.62,6.83,18,6,88,30,87,1,0,3267,37,possessionLost,TUR,2023-2024,datafc_sofascore,2026-08-09T01:36:50.770462
52,53190,Dušan Tadić,38560,Fenerbahçe,3052,10,14,7.42,14.9,14.16,53,28,88,32,33,3,0,3157,38,possessionLost,TUR,2023-2024,datafc_sofascore,2026-08-09T01:36:50.770462
52,53190,Nuno Sequeira,170117,Pendikspor,7032,1,3,6.89,0.98,3.7,15,4,40,20,85,10,0,3066,35,possessionLost,TUR,2023-2024,datafc_sofascore,2026-08-09T01:36:50.770462
52,53190,Edin Višća,109779,Trabzonspor,3051,5,9,7.28,4.34,8.93,63,16,91,28,34,1,0,2762,36,possessionLost,TUR,2023-2024,datafc_sofascore,2026-08-09T01:36:50.770462
52,53190,Oğuz Aydın,999396,Alanyaspor,6362,13,8,7.28,9.34,8.32,58,25,64,54,25,3,1,2587,35,possessionLost,TUR,2023-2024,datafc_sofascore,2026-08-09T01:36:50.770462
52,53190,Mortadha Ben Ouanes,919225,Kasımpaşa,6063,7,5,7.01,3.26,4.88,36,15,45,31,41,8,0,2999,36,possessionLost,TUR,2023-2024,datafc_sofascore,2026-08-09T01:36:50.770462
52,53190,Kerem Aktürkoğlu,903324,Galatasaray,3061,12,6,7.33,12.89,8.17,79,29,73,32,28,3,1,2479,37,possessionLost,TUR,2023-2024,datafc_sofascore,2026-08-09T01:36:50.770462
52,53190,Gökhan Sazdağı,595396,Kayserispor,3072,0,5,6.79,1.56,2.92,25,7,26,35,92,9,0,2905,34,possessionLost,TUR,2023-2024,datafc_sofascore,2026-08-09T01:36:50.770462
52,53190,Denis Drăguş,841199,Gaziantep FK,5138,14,1,7.22,13.78,2.44,106,40,38,85,54,8,0,2751,32,possessionLost,TUR,2023-2024,datafc_sofascore,2026-08-09T01:36:50.770462
52,53190,Levent Mercan,1085938,Fatih Karagümrük,4954,1,5,6.9,0.7,2.51,14,1,33,37,82,8,0,3113,36,possessionLost,TUR,2023-2024,datafc_sofascore,2026-08-09T01:36:50.770462
52,53190,Barış Alper Yılmaz,904096,Galatasaray,3061,6,6,7.15,4.08,5.51,61,18,43,67,60,8,0,2550,37,possessionLost,TUR,2023-2024,datafc_sofascore,2026-08-09T01:36:50.770462
52,53190,Cláudio Winck,155998,Kasımpaşa,6063,3,1,6.82,3.38,2.58,31,8,22,37,72,7,1,2862,32,possessionLost,TUR,2023-2024,datafc_sofascore,2026-08-09T01:36:50.770462
52,53190,Ferdi Kadıoğlu,825844,Fenerbahçe,3052,1,4,7.44,2.5,6.69,33,14,51,57,75,3,0,3327,37,possessionLost,TUR,2023-2024,datafc_sofascore,2026-08-09T01:36:50.770462
52,53190,Valentin Eysseric,139798,Fatih Karagümrük,4954,5,7,7.46,4.48,7.64,54,18,74,27,42,7,1,2420,31,possessionLost,TUR,2023-2024,datafc_sofascore,2026-08-09T01:36:50.770462
52,53190,Jonjo Shelvey,36465,Çaykur Rizespor,3064,3,6,7.15,2.58,3.71,55,16,48,17,36,6,0,2604,31,possessionLost,TUR,2023-2024,datafc_sofascore,2026-08-09T01:36:50.770462
52,53190,Uğur Çiftçi,142850,Sivasspor,3076,0,2,6.8,0.47,3.69,15,5,31,21,71,10,0,3118,35,possessionLost,TUR,2023-2024,datafc_sofascore,2026-08-09T01:36:50.770462
52,53190,Mustafa Eskihellaç,899069,Gaziantep FK,5138,2,3,6.93,1.29,2.92,25,5,29,41,66,5,0,3067,35,possessionLost,TUR,2023-2024,datafc_sofascore,2026-08-09T01:36:50.770462
52,53190,Halil Akbunar,217782,Pendikspor,7032,5,3,6.98,4.09,5.67,54,20,37,57,63,3,1,2808,37,possessionLost,TUR,2023-2024,datafc_sofascore,2026-08-09T01:36:50.770462
52,53190,Dries Mertens,32493,Galatasaray,3061,9,16,7.61,8.12,10.57,88,35,93,15,43,3,0,2487,36,possessionLost,TUR,2023-2024,datafc_sofascore,2026-08-09T01:36:50.770462
52,53190,Emre Akbaba,343527,Adana Demirspor,3101,7,2,7.19,7.41,3.26,64,20,43,32,65,5,0,2682,32,possessionLost,TUR,2023-2024,datafc_sofascore,2026-08-09T01:36:50.770462
52,53190,Yusuf Erdoğan,256663,Adana Demirspor,3101,5,2,6.8,4.08,2.0,43,15,23,26,32,4,0,2594,35,possessionLost,TUR,2023-2024,datafc_sofascore,2026-08-09T01:36:50.770462
52,53190,Florin Niță,83551,Gaziantep FK,5138,0,0,7.07,0.02,0.04,1,0,1,0,2,3,0,3060,34,possessionLost,TUR,2023-2024,datafc_sofascore,2026-08-09T01:36:50.770462
52,53190,Bahadır Han Güngördü,807289,MKE Ankaragücü,3103,0,1,7.04,0.0,0.1,0,0,3,0,0,2,0,2837,32,possessionLost,TUR,2023-2024,datafc_sofascore,2026-08-09T01:36:50.770462
52,53190,Deniz Türüç,252207,Başakşehir FK,3086,2,12,7.15,2.26,5.68,39,17,60,30,31,11,0,2678,34,possessionLost,TUR,2023-2024,datafc_sofascore,2026-08-09T01:36:50.770462
52,53190,Edin Džeko,14990,Fenerbahçe,3052,21,3,7.39,21.64,5.15,147,64,37,22,19,3,0,2741,36,possessionLost,TUR,2023-2024,datafc_sofascore,2026-08-09T01:36:50.770462
52,53190,Aylton Boa Morte,883918,Kayserispor,3072,8,2,6.8,9.83,2.51,70,29,29,70,39,7,0,2628,32,possessionLost,TUR,2023-2024,datafc_sofascore,2026-08-09T01:36:50.770462
52,53190,Florian Loshaj,831407,İstanbulspor,3066,5,0,6.98,4.81,2.98,56,18,34,35,66,8,1,2705,32,possessionLost,TUR,2023-2024,datafc_sofascore,2026-08-09T01:36:50.770462
52,53190,Uğurcan Çakır,754330,Trabzonspor,3051,0,0,7.04,0.0,0.12,0,0,1,1,1,4,0,3060,34,possessionLost,TUR,2023-2024,datafc_sofascore,2026-08-09T01:36:50.770462
52,53190,Rigoberto Rivas,837742,Hatayspor,3091,5,4,6.92,3.4,3.2,31,12,29,25,47,6,0,2431,29,possessionLost,TUR,2023-2024,datafc_sofascore,2026-08-09T01:36:50.770462
52,53190,Taha Şahin,1394729,Çaykur Rizespor,3064,0,4,6.87,0.65,2.84,8,0,27,29,58,5,0,2854,34,possessionLost,TUR,2023-2024,datafc_sofascore,2026-08-09T01:36:50.770462
52,53190,Aytaç Kara,128196,Kasımpaşa,6063,13,5,7.41,9.16,3.01,101,36,40,19,73,4,0,3248,37,possessionLost,TUR,2023-2024,datafc_sofascore,2026-08-09T01:36:50.770462
52,53190,Güray Vural,43559,Antalyaspor,3056,1,3,6.9,1.13,2.92,25,4,26,8,54,7,0,2568,30,possessionLost,TUR,2023-2024,datafc_sofascore,2026-08-09T01:36:50.770462
52,53190,Sam Larsson,229800,Antalyaspor,3056,5,1,6.97,2.83,5.32,43,12,61,52,31,1,0,2568,35,possessionLost,TUR,2023-2024,datafc_sofascore,2026-08-09T01:36:50.770462
52,53190,Sebastian Szymański,847983,Fenerbahçe,3052,10,11,7.55,9.31,9.69,87,31,77,10,85,4,0,2916,37,possessionLost,TUR,2023-2024,datafc_sofascore,2026-08-09T01:36:50.770462
52,53190,Miguel Cardoso,344009,Kayserispor,3072,1,7,7.08,5.41,7.21,65,18,66,31,39,4,0,2524,30,possessionLost,TUR,2023-2024,datafc_sofascore,2026-08-09T01:36:50.770462
52,53190,Emre Kılınç,202032,Samsunspor,3053,4,4,7.12,2.09,4.63,31,5,53,31,62,4,0,2574,33,possessionLost,TUR,2023-2024,datafc_sofascore,2026-08-09T01:36:50.770462
52,53190,Mame Thiam,180981,Pendikspor,7032,18,7,7.26,13.28,3.36,85,36,34,18,47,4,0,3161,36,possessionLost,TUR,2023-2024,datafc_sofascore,2026-08-09T01:36:50.770462
52,53190,Ibrahim Olawoyin,1008173,Çaykur Rizespor,3064,8,2,7.12,5.84,2.99,64,25,39,65,63,6,0,2970,35,possessionLost,TUR,2023-2024,datafc_sofascore,2026-08-09T01:36:50.770462
52,53190,Erdoğan Yeşilyurt,142541,Antalyaspor,3056,3,3,6.89,1.78,2.25,31,7,31,26,41,8,1,2485,34,possessionLost,TUR,2023-2024,datafc_sofascore,2026-08-09T01:36:50.770462
52,53190,Yasin Özcan,1392102,Kasımpaşa,6063,2,1,6.78,1.06,0.69,19,4,13,11,68,4,0,2962,37,possessionLost,TUR,2023-2024,datafc_sofascore,2026-08-09T01:36:50.770462
52,53190,Soner Gönül,867727,Samsunspor,3053,0,1,6.77,0.21,0.9,14,2,8,5,45,2,0,1930,24,possessionLost,TUR,2023-2024,datafc_sofascore,2026-08-09T01:36:50.770462
52,53190,Alexandru Maxim,180511,Gaziantep FK,5138,3,8,7.16,5.85,7.47,43,16,80,36,38,4,2,2674,34,possessionLost,TUR,2023-2024,datafc_sofascore,2026-08-09T01:36:50.770462
52,53190,Zeki Yavru,140735,Samsunspor,3053,1,2,7.02,0.32,2.91,12,4,28,8,47,4,0,2026,28,possessionLost,TUR,2023-2024,datafc_sofascore,2026-08-09T01:36:50.770462
52,53190,Ahmet Oğuz,603902,Konyaspor,3085,1,1,6.96,0.32,1.29,10,2,20,15,65,7,0,2113,31,possessionLost,TUR,2023-2024,datafc_sofascore,2026-08-09T01:36:50.770462
52,53190,Papy Djilobodji,106661,Gaziantep FK,5138,3,1,6.94,2.83,2.05,20,5,17,5,36,5,1,3007,34,possessionLost,TUR,2023-2024,datafc_sofascore,2026-08-09T01:36:50.770462
52,53190,Léo Dubois,552680,Başakşehir FK,3086,1,4,6.9,0.68,3.23,12,4,29,24,29,3,0,2315,31,possessionLost,TUR,2023-2024,datafc_sofascore,2026-08-09T01:36:50.770462
52,53190,Olimpiu Moruțan,833613,MKE Ankaragücü,3103,2,3,6.9,2.86,3.43,47,13,34,46,40,3,0,2128,30,possessionLost,TUR,2023-2024,datafc_sofascore,2026-08-09T01:36:50.770462
52,53190,Jackson,911351,İstanbulspor,3066,1,4,6.77,4.47,3.63,48,19,31,45,38,2,0,2201,35,possessionLost,TUR,2023-2024,datafc_sofascore,2026-08-09T01:36:50.770462
52,53190,Bilal Bayazit,825850,Kayserispor,3072,0,0,7.22,0.0,0.07,0,0,3,0,3,5,0,3150,35,possessionLost,TUR,2023-2024,datafc_sofascore,2026-08-09T01:36:50.770462
52,53190,Milot Rashica,800411,Beşiktaş JK,3050,5,4,7.03,4.39,4.64,56,20,43,21,25,2,0,2037,29,possessionLost,TUR,2023-2024,datafc_sofascore,2026-08-09T01:36:50.770462
52,53190,Alassane Ndao,1016033,Konyaspor,3085,3,2,6.88,3.74,4.83,40,9,41,38,35,3,0,2771,36,possessionLost,TUR,2023-2024,datafc_sofascore,2026-08-09T01:36:50.770462
52,53190,Carlo Holse,837012,Samsunspor,3053,5,3,6.9,5.31,2.53,59,24,43,14,68,4,0,2787,33,possessionLost,TUR,2023-2024,datafc_sofascore,2026-08-09T01:36:50.770462
52,53190,Kerem Demirbay,142619,Galatasaray,3061,6,3,7.2,3.03,3.76,52,17,42,19,66,2,0,2227,34,possessionLost,TUR,2023-2024,datafc_sofascore,2026-08-09T01:36:50.770462
52,53190,Erce Kardeşler,758606,Hatayspor,3091,0,0,6.98,0.0,0.09,0,0,0,1,1,8,0,3109,35,possessionLost,TUR,2023-2024,datafc_sofascore,2026-08-09T01:36:50.770462
52,53190,Mamadou Fall,822228,Kasımpaşa,6063,8,2,6.94,6.19,3.57,49,17,54,28,22,4,0,2854,34,possessionLost,TUR,2023-2024,datafc_sofascore,2026-08-09T01:36:50.770462
52,53190,Emirhan Topçu,895009,Çaykur Rizespor,3064,1,4,7.26,2.0,1.84,25,8,19,6,65,10,1,2702,31,possessionLost,TUR,2023-2024,datafc_sofascore,2026-08-09T01:36:50.770462
52,53190,Efecan Karaca,60510,Alanyaspor,6362,2,3,7.02,3.18,4.83,21,9,50,31,57,5,0,2753,37,possessionLost,TUR,2023-2024,datafc_sofascore,2026-08-09T01:36:50.770462
52,53190,Andreas Gianniotis,236746,Kasımpaşa,6063,0,0,6.95,0.0,0.04,0,0,2,1,3,3,0,2790,31,possessionLost,TUR,2023-2024,datafc_sofascore,2026-08-09T01:36:50.770462
52,53190,Güven Yalçın,826162,Fatih Karagümrük,4954,9,4,6.91,5.75,1.33,58,21,28,39,15,5,0,2136,32,possessionLost,TUR,2023-2024,datafc_sofascore,2026-08-09T01:36:50.770462
52,53190,Adam Buksa,1138856,Antalyaspor,3056,16,2,7.19,12.27,0.84,93,39,21,27,17,8,0,2925,33,possessionLost,TUR,2023-2024,datafc_sofascore,2026-08-09T01:36:50.770462
52,53190,Enis Bardhi,355024,Trabzonspor,3051,6,4,7.06,3.19,3.28,56,20,37,31,34,3,0,2342,34,possessionLost,TUR,2023-2024,datafc_sofascore,2026-08-09T01:36:50.770462
52,53190,Nuno Da Costa,209374,Kasımpaşa,6063,14,4,7.28,10.67,2.41,67,24,26,49,23,1,0,2339,29,possessionLost,TUR,2023-2024,datafc_sofascore,2026-08-09T01:36:50.770462
52,53190,Lucas Lima,248529,Başakşehir FK,3086,1,2,6.79,0.28,1.35,10,1,14,8,31,4,0,1906,32,possessionLost,TUR,2023-2024,datafc_sofascore,2026-08-09T01:36:50.770462
52,53190,Eren Elmalı,981483,Trabzonspor,3051,0,0,6.87,1.19,1.89,17,3,29,21,61,9,0,3022,34,possessionLost,TUR,2023-2024,datafc_sofascore,2026-08-09T01:36:50.770462
52,53190,Okan Kocuk,190179,Samsunspor,3053,0,0,6.8,0.0,0.05,0,0,0,0,1,2,0,3240,36,possessionLost,TUR,2023-2024,datafc_sofascore,2026-08-09T01:36:50.770462
52,53190,Florent Hadergjonaj,354860,Alanyaspor,6362,2,3,6.93,1.15,2.69,17,4,23,11,43,3,0,2318,31,possessionLost,TUR,2023-2024,datafc_sofascore,2026-08-09T01:36:50.770462
52,53190,Jure Balkovec,171625,Alanyaspor,6362,3,0,6.94,0.57,3.07,21,7,26,7,33,7,0,2141,28,possessionLost,TUR,2023-2024,datafc_sofascore,2026-08-09T01:36:50.770462
52,53190,Mehmet Yeşil,840639,İstanbulspor,3066,0,0,6.8,0.61,0.39,12,3,1,11,40,9,0,2807,34,possessionLost,TUR,2023-2024,datafc_sofascore,2026-08-09T01:36:50.770462
52,53190,Dario Šarić,848385,Antalyaspor,3056,3,0,6.85,2.65,0.77,47,11,21,33,44,2,0,2563,32,possessionLost,TUR,2023-2024,datafc_sofascore,2026-08-09T01:36:50.770462
52,53190,İrfan Can Kahveci,226986,Fenerbahçe,3052,12,7,7.39,3.98,7.71,40,21,52,36,33,5,0,2027,31,possessionLost,TUR,2023-2024,datafc_sofascore,2026-08-09T01:36:50.770462
52,53190,Fredrik Midtsjø,98198,Pendikspor,7032,1,2,6.91,1.15,3.14,16,5,34,37,28,4,0,1928,26,possessionLost,TUR,2023-2024,datafc_sofascore,2026-08-09T01:36:50.770462
52,53190,Ali Şaşal Vural,94540,Sivasspor,3076,0,0,7.23,0.0,0.27,0,0,3,2,2,3,0,2880,32,possessionLost,TUR,2023-2024,datafc_sofascore,2026-08-09T01:36:50.770462
52,53190,Soner Dikmen,847782,Konyaspor,3085,1,0,6.76,3.18,1.09,38,9,6,13,53,7,0,3217,37,possessionLost,TUR,2023-2024,datafc_sofascore,2026-08-09T01:36:50.770462
52,53190,Gedson Fernandes,862055,Beşiktaş JK,3050,3,3,7.19,2.94,1.74,36,9,29,46,99,8,0,2457,29,possessionLost,TUR,2023-2024,datafc_sofascore,2026-08-09T01:36:50.770462
52,53190,Yusuf Özdemir,1084884,Alanyaspor,6362,2,4,6.78,3.51,2.15,25,10,22,8,51,7,0,2481,34,possessionLost,TUR,2023-2024,datafc_sofascore,2026-08-09T01:36:50.770462
52,53190,Gökhan Gül,797820,Kasımpaşa,6063,2,0,6.97,1.82,1.39,54,17,20,6,53,3,0,2928,38,possessionLost,TUR,2023-2024,datafc_sofascore,2026-08-09T01:36:50.770462
52,53190,Pedrinho,182385,MKE Ankaragücü,3103,3,2,7.01,1.17,2.48,30,6,37,12,55,4,0,2199,32,possessionLost,TUR,2023-2024,datafc_sofascore,2026-08-09T01:36:50.770462
52,53190,Can Keleş,918408,Fatih Karagümrük,4954,5,3,6.82,4.65,3.61,56,24,27,28,18,3,0,2272,35,possessionLost,TUR,2023-2024,datafc_sofascore,2026-08-09T01:36:50.770462
52,53190,Ali Karimi,803869,Kayserispor,3072,3,0,6.98,3.23,3.2,32,7,31,18,48,4,0,2040,27,possessionLost,TUR,2023-2024,datafc_sofascore,2026-08-09T01:36:50.770462
52,53190,Okan Erdoğan,881213,İstanbulspor,3066,0,0,6.63,0.33,1.04,6,1,7,16,51,7,1,2460,30,possessionLost,TUR,2023-2024,datafc_sofascore,2026-08-09T01:36:50.770462
52,53190,Faouzi Ghoulam,133236,Hatayspor,3091,1,2,6.95,0.67,3.16,14,6,29,5,19,8,0,1427,21,possessionLost,TUR,2023-2024,datafc_sofascore,2026-08-09T01:36:50.770462
52,53190,Veysel Sarı,98276,Antalyaspor,3056,1,0,6.93,2.25,0.42,29,6,6,4,72,11,0,3013,35,possessionLost,TUR,2023-2024,datafc_sofascore,2026-08-09T01:36:50.770462
52,53190,Casper Højer,281233,Çaykur Rizespor,3064,1,2,6.79,0.72,3.51,17,6,38,8,41,5,0,2060,27,possessionLost,TUR,2023-2024,datafc_sofascore,2026-08-09T01:36:50.770462
52,53190,Tolga Ciğerci,120298,MKE Ankaragücü,3103,5,3,7.15,3.47,1.48,38,11,22,13,45,4,0,2050,27,possessionLost,TUR,2023-2024,datafc_sofascore,2026-08-09T01:36:50.770462
52,53190,Davide Biraschi,233252,Fatih Karagümrük,4954,0,1,6.8,0.62,0.85,5,0,5,9,47,6,1,2575,30,possessionLost,TUR,2023-2024,datafc_sofascore,2026-08-09T01:36:50.770462
52,53190,Ramzi Safouri,186949,Antalyaspor,3056,0,7,7.04,2.16,5.15,39,15,56,31,17,3,1,1803,30,possessionLost,TUR,2023-2024,datafc_sofascore,2026-08-09T01:36:50.770462
52,53190,Altin Zeqiri,991742,Çaykur Rizespor,3064,5,5,6.88,6.68,3.34,47,20,36,47,23,4,0,2241,34,possessionLost,TUR,2023-2024,datafc_sofascore,2026-08-09T01:36:50.770462
52,53190,Nihad Mujakić,858004,MKE Ankaragücü,3103,1,1,6.77,0.33,0.71,5,1,7,6,46,4,0,3202,36,possessionLost,TUR,2023-2024,datafc_sofascore,2026-08-09T01:36:50.770462
52,53190,Kartal Kayra Yılmaz,966811,Kayserispor,3072,0,2,6.85,0.4,2.12,19,1,25,11,46,6,1,2409,29,possessionLost,TUR,2023-2024,datafc_sofascore,2026-08-09T01:36:50.770462
52,53190,Rick Van Drongelen,803023,Samsunspor,3053,3,0,6.89,1.59,0.68,22,6,6,4,39,6,0,2395,30,possessionLost,TUR,2023-2024,datafc_sofascore,2026-08-09T01:36:50.770462
52,53190,Lionel Carole,122922,Kayserispor,3072,0,1,6.78,0.08,1.23,4,1,12,8,23,2,0,2199,28,possessionLost,TUR,2023-2024,datafc_sofascore,2026-08-09T01:36:50.770462
52,53190,Fred,243623,Fenerbahçe,3052,3,4,7.34,3.99,4.93,50,15,31,25,51,5,1,2051,25,possessionLost,TUR,2023-2024,datafc_sofascore,2026-08-09T01:36:50.770462
52,53190,Marius Mouandilmadji,943593,Samsunspor,3053,9,1,6.88,10.59,0.73,70,27,10,14,6,5,1,2080,30,possessionLost,TUR,2023-2024,datafc_sofascore,2026-08-09T01:36:50.770462
52,53190,Marcus Rohdén,209082,Fatih Karagümrük,4954,4,4,6.91,2.44,1.87,36,11,29,13,32,4,0,2426,34,possessionLost,TUR,2023-2024,datafc_sofascore,2026-08-09T01:36:50.770462
52,53190,Demeaco Duhaney,851095,İstanbulspor,3066,1,0,6.54,0.37,1.47,5,2,13,10,17,5,1,2114,26,possessionLost,TUR,2023-2024,datafc_sofascore,2026-08-09T01:36:50.770462
52,53190,Sokol Cikalleshi,81138,Konyaspor,3085,12,5,6.94,10.96,1.11,64,21,27,27,23,3,0,2364,33,possessionLost,TUR,2023-2024,datafc_sofascore,2026-08-09T01:36:50.770462
52,53190,Loide Augusto,1110708,Alanyaspor,6362,3,2,6.92,1.07,1.97,21,4,13,54,40,6,0,1797,26,possessionLost,TUR,2023-2024,datafc_sofascore,2026-08-09T01:36:50.770462
52,53190,Olivier Ntcham,352676,Samsunspor,3053,6,0,6.75,6.23,1.94,50,15,14,23,14,5,0,1872,27,possessionLost,TUR,2023-2024,datafc_sofascore,2026-08-09T01:36:50.770462
52,53190,David Akintola,798676,Çaykur Rizespor,3064,3,3,6.77,6.51,1.75,39,10,24,43,26,4,0,1942,25,possessionLost,TUR,2023-2024,datafc_sofascore,2026-08-09T01:36:50.770462
52,53190,Ferdi Kadıoğlu,825844,Fenerbahçe,3052,1,4,7.44,2.5,6.69,33,14,51,57,75,3,0,3327,37,minutesPlayed,TUR,2023-2024,datafc_sofascore,2026-08-09T01:36:50.770462
52,53190,Haris Hajradinović,254979,Kasımpaşa,6063,5,14,7.39,6.16,9.69,69,21,104,26,63,3,0,3307,38,minutesPlayed,TUR,2023-2024,datafc_sofascore,2026-08-09T01:36:50.770462
52,53190,Fernando Muslera,28381,Galatasaray,3061,0,0,7.2,0.0,0.32,0,0,2,1,1,4,0,3300,37,minutesPlayed,TUR,2023-2024,datafc_sofascore,2026-08-09T01:36:50.770462
52,53190,Guilherme Haubert Sityá,224112,Konyaspor,3085,5,7,7.35,1.62,6.83,18,6,88,30,87,1,0,3267,37,minutesPlayed,TUR,2023-2024,datafc_sofascore,2026-08-09T01:36:50.770462
52,53190,Aytaç Kara,128196,Kasımpaşa,6063,13,5,7.41,9.16,3.01,101,36,40,19,73,4,0,3248,37,minutesPlayed,TUR,2023-2024,datafc_sofascore,2026-08-09T01:36:50.770462
52,53190,Okan Kocuk,190179,Samsunspor,3053,0,0,6.8,0.0,0.05,0,0,0,0,1,2,0,3240,36,minutesPlayed,TUR,2023-2024,datafc_sofascore,2026-08-09T01:36:50.770462
52,53190,Soner Dikmen,847782,Konyaspor,3085,1,0,6.76,3.18,1.09,38,9,6,13,53,7,0,3217,37,minutesPlayed,TUR,2023-2024,datafc_sofascore,2026-08-09T01:36:50.770462
52,53190,Nihad Mujakić,858004,MKE Ankaragücü,3103,1,1,6.77,0.33,0.71,5,1,7,6,46,4,0,3202,36,minutesPlayed,TUR,2023-2024,datafc_sofascore,2026-08-09T01:36:50.770462
52,53190,Mame Thiam,180981,Pendikspor,7032,18,7,7.26,13.28,3.36,85,36,34,18,47,4,0,3161,36,minutesPlayed,TUR,2023-2024,datafc_sofascore,2026-08-09T01:36:50.770462
52,53190,Dušan Tadić,38560,Fenerbahçe,3052,10,14,7.42,14.9,14.16,53,28,88,32,33,3,0,3157,38,minutesPlayed,TUR,2023-2024,datafc_sofascore,2026-08-09T01:36:50.770462
52,53190,Bilal Bayazit,825850,Kayserispor,3072,0,0,7.22,0.0,0.07,0,0,3,0,3,5,0,3150,35,minutesPlayed,TUR,2023-2024,datafc_sofascore,2026-08-09T01:36:50.770462
52,53190,Guy-Marcelin Kilama,944222,Hatayspor,3091,2,1,6.9,1.1,0.38,9,2,11,14,44,4,0,3136,35,minutesPlayed,TUR,2023-2024,datafc_sofascore,2026-08-09T01:36:50.770462
52,53190,Uğur Çiftçi,142850,Sivasspor,3076,0,2,6.8,0.47,3.69,15,5,31,21,71,10,0,3118,35,minutesPlayed,TUR,2023-2024,datafc_sofascore,2026-08-09T01:36:50.770462
52,53190,Levent Mercan,1085938,Fatih Karagümrük,4954,1,5,6.9,0.7,2.51,14,1,33,37,82,8,0,3113,36,minutesPlayed,TUR,2023-2024,datafc_sofascore,2026-08-09T01:36:50.770462
52,53190,Erce Kardeşler,758606,Hatayspor,3091,0,0,6.98,0.0,0.09,0,0,0,1,1,8,0,3109,35,minutesPlayed,TUR,2023-2024,datafc_sofascore,2026-08-09T01:36:50.770462
52,53190,Uroš Radaković,151900,MKE Ankaragücü,3103,1,1,6.89,1.52,0.41,17,4,7,4,42,8,0,3070,35,minutesPlayed,TUR,2023-2024,datafc_sofascore,2026-08-09T01:36:50.770462
52,53190,Mustafa Eskihellaç,899069,Gaziantep FK,5138,2,3,6.93,1.29,2.92,25,5,29,41,66,5,0,3067,35,minutesPlayed,TUR,2023-2024,datafc_sofascore,2026-08-09T01:36:50.770462
52,53190,Nuno Sequeira,170117,Pendikspor,7032,1,3,6.89,0.98,3.7,15,4,40,20,85,10,0,3066,35,minutesPlayed,TUR,2023-2024,datafc_sofascore,2026-08-09T01:36:50.770462
52,53190,Florin Niță,83551,Gaziantep FK,5138,0,0,7.07,0.02,0.04,1,0,1,0,2,3,0,3060,34,minutesPlayed,TUR,2023-2024,datafc_sofascore,2026-08-09T01:36:50.770462
52,53190,Uğurcan Çakır,754330,Trabzonspor,3051,0,0,7.04,0.0,0.12,0,0,1,1,1,4,0,3060,34,minutesPlayed,TUR,2023-2024,datafc_sofascore,2026-08-09T01:36:50.770462
52,53190,Ertuğrul Taşkıran,105974,Alanyaspor,6362,0,0,7.01,0.0,0.08,0,0,2,0,0,3,0,3060,34,minutesPlayed,TUR,2023-2024,datafc_sofascore,2026-08-09T01:36:50.770462
52,53190,Erdem Canpolat,1066726,Pendikspor,7032,0,0,6.95,0.0,0.08,0,0,1,0,2,6,0,3060,34,minutesPlayed,TUR,2023-2024,datafc_sofascore,2026-08-09T01:36:50.770462
52,53190,Helton Leite,329081,Antalyaspor,3056,0,0,7.2,0.0,0.02,0,0,0,0,1,1,0,3059,34,minutesPlayed,TUR,2023-2024,datafc_sofascore,2026-08-09T01:36:50.770462
52,53190,Dominik Livaković,190419,Fenerbahçe,3052,0,0,6.89,0.0,0.04,0,0,2,1,2,1,0,3059,34,minutesPlayed,TUR,2023-2024,datafc_sofascore,2026-08-09T01:36:50.770462
52,53190,Fidan Aliti,385296,Alanyaspor,6362,0,2,6.87,2.24,0.49,14,3,8,4,38,7,0,3047,35,minutesPlayed,TUR,2023-2024,datafc_sofascore,2026-08-09T01:36:50.770462
52,53190,Fisayo Dele-Bashiru,910121,Hatayspor,3091,8,3,7.01,5.58,2.31,45,18,40,71,33,6,0,3039,36,minutesPlayed,TUR,2023-2024,datafc_sofascore,2026-08-09T01:36:50.770462
52,53190,Eren Elmalı,981483,Trabzonspor,3051,0,0,6.87,1.19,1.89,17,3,29,21,61,9,0,3022,34,minutesPlayed,TUR,2023-2024,datafc_sofascore,2026-08-09T01:36:50.770462
52,53190,Veysel Sarı,98276,Antalyaspor,3056,1,0,6.93,2.25,0.42,29,6,6,4,72,11,0,3013,35,minutesPlayed,TUR,2023-2024,datafc_sofascore,2026-08-09T01:36:50.770462
52,53190,Papy Djilobodji,106661,Gaziantep FK,5138,3,1,6.94,2.83,2.05,20,5,17,5,36,5,1,3007,34,minutesPlayed,TUR,2023-2024,datafc_sofascore,2026-08-09T01:36:50.770462
52,53190,Mortadha Ben Ouanes,919225,Kasımpaşa,6063,7,5,7.01,3.26,4.88,36,15,45,31,41,8,0,2999,36,minutesPlayed,TUR,2023-2024,datafc_sofascore,2026-08-09T01:36:50.770462
52,53190,Lucas Torreira,754794,Galatasaray,3061,1,2,7.2,2.08,2.97,31,4,29,9,80,7,0,2993,35,minutesPlayed,TUR,2023-2024,datafc_sofascore,2026-08-09T01:36:50.770462
52,53190,Ibrahim Olawoyin,1008173,Çaykur Rizespor,3064,8,2,7.12,5.84,2.99,64,25,39,65,63,6,0,2970,35,minutesPlayed,TUR,2023-2024,datafc_sofascore,2026-08-09T01:36:50.770462
52,53190,Yasin Özcan,1392102,Kasımpaşa,6063,2,1,6.78,1.06,0.69,19,4,13,11,68,4,0,2962,37,minutesPlayed,TUR,2023-2024,datafc_sofascore,2026-08-09T01:36:50.770462
52,53190,Gökhan Gül,797820,Kasımpaşa,6063,2,0,6.97,1.82,1.39,54,17,20,6,53,3,0,2928,38,minutesPlayed,TUR,2023-2024,datafc_sofascore,2026-08-09T01:36:50.770462
52,53190,Adam Buksa,1138856,Antalyaspor,3056,16,2,7.19,12.27,0.84,93,39,21,27,17,8,0,2925,33,minutesPlayed,TUR,2023-2024,datafc_sofascore,2026-08-09T01:36:50.770462
52,53190,Sebastian Szymański,847983,Fenerbahçe,3052,10,11,7.55,9.31,9.69,87,31,77,10,85,4,0,2916,37,minutesPlayed,TUR,2023-2024,datafc_sofascore,2026-08-09T01:36:50.770462
52,53190,Richard,897617,Alanyaspor,6362,1,1,7.16,1.3,1.31,25,7,17,16,74,11,0,2913,34,minutesPlayed,TUR,2023-2024,datafc_sofascore,2026-08-09T01:36:50.770462
52,53190,Gökhan Sazdağı,595396,Kayserispor,3072,0,5,6.79,1.56,2.92,25,7,26,35,92,9,0,2905,34,minutesPlayed,TUR,2023-2024,datafc_sofascore,2026-08-09T01:36:50.770462
52,53190,Ali Şaşal Vural,94540,Sivasspor,3076,0,0,7.23,0.0,0.27,0,0,3,2,2,3,0,2880,32,minutesPlayed,TUR,2023-2024,datafc_sofascore,2026-08-09T01:36:50.770462
52,53190,Cláudio Winck,155998,Kasımpaşa,6063,3,1,6.82,3.38,2.58,31,8,22,37,72,7,1,2862,32,minutesPlayed,TUR,2023-2024,datafc_sofascore,2026-08-09T01:36:50.770462
52,53190,Mauro Icardi,233114,Galatasaray,3061,25,8,7.51,21.23,3.77,111,49,49,7,6,2,0,2856,34,minutesPlayed,TUR,2023-2024,datafc_sofascore,2026-08-09T01:36:50.770462
52,53190,Mamadou Fall,822228,Kasımpaşa,6063,8,2,6.94,6.19,3.57,49,17,54,28,22,4,0,2854,34,minutesPlayed,TUR,2023-2024,datafc_sofascore,2026-08-09T01:36:50.770462
52,53190,Taha Şahin,1394729,Çaykur Rizespor,3064,0,4,6.87,0.65,2.84,8,0,27,29,58,5,0,2854,34,minutesPlayed,TUR,2023-2024,datafc_sofascore,2026-08-09T01:36:50.770462
52,53190,Nicolas N'Koulou,38533,Gaziantep FK,5138,2,0,6.82,2.22,0.11,15,3,4,4,43,2,0,2841,32,minutesPlayed,TUR,2023-2024,datafc_sofascore,2026-08-09T01:36:50.770462
52,53190,Bahadır Han Güngördü,807289,MKE Ankaragücü,3103,0,1,7.04,0.0,0.1,0,0,3,0,0,2,0,2837,32,minutesPlayed,TUR,2023-2024,datafc_sofascore,2026-08-09T01:36:50.770462
52,53190,Berkay Özcan,806964,Başakşehir FK,3086,2,2,6.84,2.66,1.41,26,8,21,29,36,2,0,2820,34,minutesPlayed,TUR,2023-2024,datafc_sofascore,2026-08-09T01:36:50.770462
52,53190,Halil Akbunar,217782,Pendikspor,7032,5,3,6.98,4.09,5.67,54,20,37,57,63,3,1,2808,37,minutesPlayed,TUR,2023-2024,datafc_sofascore,2026-08-09T01:36:50.770462
52,53190,Mehmet Yeşil,840639,İstanbulspor,3066,0,0,6.8,0.61,0.39,12,3,1,11,40,9,0,2807,34,minutesPlayed,TUR,2023-2024,datafc_sofascore,2026-08-09T01:36:50.770462
52,53190,Semih Güler,325155,Adana Demirspor,3101,0,1,7.09,1.18,0.93,24,6,8,4,52,4,1,2801,32,minutesPlayed,TUR,2023-2024,datafc_sofascore,2026-08-09T01:36:50.770462
52,53190,Andreas Gianniotis,236746,Kasımpaşa,6063,0,0,6.95,0.0,0.04,0,0,2,1,3,3,0,2790,31,minutesPlayed,TUR,2023-2024,datafc_sofascore,2026-08-09T01:36:50.770462
52,53190,Carlo Holse,837012,Samsunspor,3053,5,3,6.9,5.31,2.53,59,24,43,14,68,4,0,2787,33,minutesPlayed,TUR,2023-2024,datafc_sofascore,2026-08-09T01:36:50.770462
52,53190,Alassane Ndao,1016033,Konyaspor,3085,3,2,6.88,3.74,4.83,40,9,41,38,35,3,0,2771,36,minutesPlayed,TUR,2023-2024,datafc_sofascore,2026-08-09T01:36:50.770462
52,53190,Andreaw Gravillon,827934,Adana Demirspor,3101,2,0,6.85,0.97,0.36,27,3,10,19,39,4,0,2766,33,minutesPlayed,TUR,2023-2024,datafc_sofascore,2026-08-09T01:36:50.770462
52,53190,Edin Višća,109779,Trabzonspor,3051,5,9,7.28,4.34,8.93,63,16,91,28,34,1,0,2762,36,minutesPlayed,TUR,2023-2024,datafc_sofascore,2026-08-09T01:36:50.770462
52,53190,Efecan Karaca,60510,Alanyaspor,6362,2,3,7.02,3.18,4.83,21,9,50,31,57,5,0,2753,37,minutesPlayed,TUR,2023-2024,datafc_sofascore,2026-08-09T01:36:50.770462
52,53190,Denis Drăguş,841199,Gaziantep FK,5138,14,1,7.22,13.78,2.44,106,40,38,85,54,8,0,2751,32,minutesPlayed,TUR,2023-2024,datafc_sofascore,2026-08-09T01:36:50.770462
52,53190,Edin Džeko,14990,Fenerbahçe,3052,21,3,7.39,21.64,5.15,147,64,37,22,19,3,0,2741,36,minutesPlayed,TUR,2023-2024,datafc_sofascore,2026-08-09T01:36:50.770462
52,53190,Uğurcan Yazğılı,904303,Konyaspor,3085,2,0,6.95,1.03,0.62,13,2,14,6,68,5,0,2718,35,minutesPlayed,TUR,2023-2024,datafc_sofascore,2026-08-09T01:36:50.770462
52,53190,Florian Loshaj,831407,İstanbulspor,3066,5,0,6.98,4.81,2.98,56,18,34,35,66,8,1,2705,32,minutesPlayed,TUR,2023-2024,datafc_sofascore,2026-08-09T01:36:50.770462
52,53190,Krzysztof Piątek,558738,Başakşehir FK,3086,17,1,7.2,14.78,1.82,101,44,18,17,14,4,0,2703,34,minutesPlayed,TUR,2023-2024,datafc_sofascore,2026-08-09T01:36:50.770462
52,53190,Emirhan Topçu,895009,Çaykur Rizespor,3064,1,4,7.26,2.0,1.84,25,8,19,6,65,10,1,2702,31,minutesPlayed,TUR,2023-2024,datafc_sofascore,2026-08-09T01:36:50.770462
52,53190,Léo Duarte,839982,Başakşehir FK,3086,0,1,7.12,0.96,0.79,11,4,16,18,43,1,0,2700,30,minutesPlayed,TUR,2023-2024,datafc_sofascore,2026-08-09T01:36:50.770462
52,53190,Emre Akbaba,343527,Adana Demirspor,3101,7,2,7.19,7.41,3.26,64,20,43,32,65,5,0,2682,32,minutesPlayed,TUR,2023-2024,datafc_sofascore,2026-08-09T01:36:50.770462
52,53190,Batista Mendy,859021,Trabzonspor,3051,1,0,6.85,0.67,1.17,19,4,7,29,45,8,1,2682,30,minutesPlayed,TUR,2023-2024,datafc_sofascore,2026-08-09T01:36:50.770462
52,53190,Deniz Türüç,252207,Başakşehir FK,3086,2,12,7.15,2.26,5.68,39,17,60,30,31,11,0,2678,34,minutesPlayed,TUR,2023-2024,datafc_sofascore,2026-08-09T01:36:50.770462
52,53190,Alexandru Maxim,180511,Gaziantep FK,5138,3,8,7.16,5.85,7.47,43,16,80,36,38,4,2,2674,34,minutesPlayed,TUR,2023-2024,datafc_sofascore,2026-08-09T01:36:50.770462
52,53190,Gökhan Akkan,225012,Çaykur Rizespor,3064,0,1,7.17,0.0,0.04,0,0,2,1,1,2,0,2640,30,minutesPlayed,TUR,2023-2024,datafc_sofascore,2026-08-09T01:36:50.770462
52,53190,Aylton Boa Morte,883918,Kayserispor,3072,8,2,6.8,9.83,2.51,70,29,29,70,39,7,0,2628,32,minutesPlayed,TUR,2023-2024,datafc_sofascore,2026-08-09T01:36:50.770462
52,53190,Jonjo Shelvey,36465,Çaykur Rizespor,3064,3,6,7.15,2.58,3.71,55,16,48,17,36,6,0,2604,31,minutesPlayed,TUR,2023-2024,datafc_sofascore,2026-08-09T01:36:50.770462
52,53190,Aaron Appindangoyé,785850,Sivasspor,3076,1,1,6.87,0.57,0.41,9,4,5,2,11,1,0,2598,30,minutesPlayed,TUR,2023-2024,datafc_sofascore,2026-08-09T01:36:50.770462
52,53190,Yusuf Erdoğan,256663,Adana Demirspor,3101,5,2,6.8,4.08,2.0,43,15,23,26,32,4,0,2594,35,minutesPlayed,TUR,2023-2024,datafc_sofascore,2026-08-09T01:36:50.770462
52,53190,Oğuz Aydın,999396,Alanyaspor,6362,13,8,7.28,9.34,8.32,58,25,64,54,25,3,1,2587,35,minutesPlayed,TUR,2023-2024,datafc_sofascore,2026-08-09T01:36:50.770462
52,53190,Davide Biraschi,233252,Fatih Karagümrük,4954,0,1,6.8,0.62,0.85,5,0,5,9,47,6,1,2575,30,minutesPlayed,TUR,2023-2024,datafc_sofascore,2026-08-09T01:36:50.770462
52,53190,Emre Kılınç,202032,Samsunspor,3053,4,4,7.12,2.09,4.63,31,5,53,31,62,4,0,2574,33,minutesPlayed,TUR,2023-2024,datafc_sofascore,2026-08-09T01:36:50.770462
52,53190,Victor Nelsson,846148,Galatasaray,3061,2,0,7.12,1.56,0.89,19,6,5,1,22,3,0,2570,32,minutesPlayed,TUR,2023-2024,datafc_sofascore,2026-08-09T01:36:50.770462
52,53190,Sam Larsson,229800,Antalyaspor,3056,5,1,6.97,2.83,5.32,43,12,61,52,31,1,0,2568,35,minutesPlayed,TUR,2023-2024,datafc_sofascore,2026-08-09T01:36:50.770462
52,53190,Güray Vural,43559,Antalyaspor,3056,1,3,6.9,1.13,2.92,25,4,26,8,54,7,0,2568,30,minutesPlayed,TUR,2023-2024,datafc_sofascore,2026-08-09T01:36:50.770462
52,53190,Dario Šarić,848385,Antalyaspor,3056,3,0,6.85,2.65,0.77,47,11,21,33,44,2,0,2563,32,minutesPlayed,TUR,2023-2024,datafc_sofascore,2026-08-09T01:36:50.770462
52,53190,Barış Alper Yılmaz,904096,Galatasaray,3061,6,6,7.15,4.08,5.51,61,18,43,67,60,8,0,2550,37,minutesPlayed,TUR,2023-2024,datafc_sofascore,2026-08-09T01:36:50.770462
52,53190,Mert Günok,39573,Beşiktaş JK,3050,0,0,6.89,0.02,0.1,1,0,3,2,0,4,1,2543,30,minutesPlayed,TUR,2023-2024,datafc_sofascore,2026-08-09T01:36:50.770462
52,53190,Miguel Cardoso,344009,Kayserispor,3072,1,7,7.08,5.41,7.21,65,18,66,31,39,4,0,2524,30,minutesPlayed,TUR,2023-2024,datafc_sofascore,2026-08-09T01:36:50.770462
52,53190,Dries Mertens,32493,Galatasaray,3061,9,16,7.61,8.12,10.57,88,35,93,15,43,3,0,2487,36,minutesPlayed,TUR,2023-2024,datafc_sofascore,2026-08-09T01:36:50.770462
52,53190,Erdoğan Yeşilyurt,142541,Antalyaspor,3056,3,3,6.89,1.78,2.25,31,7,31,26,41,8,1,2485,34,minutesPlayed,TUR,2023-2024,datafc_sofascore,2026-08-09T01:36:50.770462
52,53190,Jerome Opoku,920514,Başakşehir FK,3086,4,1,7.06,1.9,0.74,11,5,9,18,26,6,1,2481,28,minutesPlayed,TUR,2023-2024,datafc_sofascore,2026-08-09T01:36:50.770462
52,53190,Yusuf Özdemir,1084884,Alanyaspor,6362,2,4,6.78,3.51,2.15,25,10,22,8,51,7,0,2481,34,minutesPlayed,TUR,2023-2024,datafc_sofascore,2026-08-09T01:36:50.770462
52,53190,Kerem Aktürkoğlu,903324,Galatasaray,3061,12,6,7.33,12.89,8.17,79,29,73,32,28,3,1,2479,37,minutesPlayed,TUR,2023-2024,datafc_sofascore,2026-08-09T01:36:50.770462
52,53190,Okan Erdoğan,881213,İstanbulspor,3066,0,0,6.63,0.33,1.04,6,1,7,16,51,7,1,2460,30,minutesPlayed,TUR,2023-2024,datafc_sofascore,2026-08-09T01:36:50.770462
52,53190,Gedson Fernandes,862055,Beşiktaş JK,3050,3,3,7.19,2.94,1.74,36,9,29,46,99,8,0,2457,29,minutesPlayed,TUR,2023-2024,datafc_sofascore,2026-08-09T01:36:50.770462
52,53190,Ali Yaşar,190815,İstanbulspor,3066,1,2,6.68,1.06,1.91,24,8,22,7,36,3,1,2450,33,minutesPlayed,TUR,2023-2024,datafc_sofascore,2026-08-09T01:36:50.770462
52,53190,Rigoberto Rivas,837742,Hatayspor,3091,5,4,6.92,3.4,3.2,31,12,29,25,47,6,0,2431,29,minutesPlayed,TUR,2023-2024,datafc_sofascore,2026-08-09T01:36:50.770462
52,53190,Marcus Rohdén,209082,Fatih Karagümrük,4954,4,4,6.91,2.44,1.87,36,11,29,13,32,4,0,2426,34,minutesPlayed,TUR,2023-2024,datafc_sofascore,2026-08-09T01:36:50.770462
52,53190,Charis Charisis,317297,Sivasspor,3076,1,4,6.91,1.06,1.29,19,5,29,27,70,8,0,2424,30,minutesPlayed,TUR,2023-2024,datafc_sofascore,2026-08-09T01:36:50.770462
52,53190,Rey Manaj,587882,Sivasspor,3076,18,3,7.31,14.34,1.48,104,40,17,20,13,10,0,2423,32,minutesPlayed,TUR,2023-2024,datafc_sofascore,2026-08-09T01:36:50.770462
52,53190,Valentin Eysseric,139798,Fatih Karagümrük,4954,5,7,7.46,4.48,7.64,54,18,74,27,42,7,1,2420,31,minutesPlayed,TUR,2023-2024,datafc_sofascore,2026-08-09T01:36:50.770462
52,53190,Kartal Kayra Yılmaz,966811,Kayserispor,3072,0,2,6.85,0.4,2.12,19,1,25,11,46,6,1,2409,29,minutesPlayed,TUR,2023-2024,datafc_sofascore,2026-08-09T01:36:50.770462
52,53190,Rick Van Drongelen,803023,Samsunspor,3053,3,0,6.89,1.59,0.68,22,6,6,4,39,6,0,2395,30,minutesPlayed,TUR,2023-2024,datafc_sofascore,2026-08-09T01:36:50.770462
52,53190,Sokol Cikalleshi,81138,Konyaspor,3085,12,5,6.94,10.96,1.11,64,21,27,27,23,3,0,2364,33,minutesPlayed,TUR,2023-2024,datafc_sofascore,2026-08-09T01:36:50.770462
52,53190,Necip Uysal,43394,Beşiktaş JK,3050,0,1,6.96,0.74,0.53,11,3,6,7,46,5,0,2359,30,minutesPlayed,TUR,2023-2024,datafc_sofascore,2026-08-09T01:36:50.770462
52,53190,Jakub Kałuziński,1019026,Antalyaspor,3056,0,2,6.88,0.74,1.46,20,2,18,7,30,3,0,2344,31,minutesPlayed,TUR,2023-2024,datafc_sofascore,2026-08-09T01:36:50.770462
52,53190,Enis Bardhi,355024,Trabzonspor,3051,6,4,7.06,3.19,3.28,56,20,37,31,34,3,0,2342,34,minutesPlayed,TUR,2023-2024,datafc_sofascore,2026-08-09T01:36:50.770462
52,53190,Ferdi Kadıoğlu,825844,Fenerbahçe,3052,1,4,7.44,2.5,6.69,33,14,51,57,75,3,0,3327,37,minutesPlayed,TUR,2023-2024,datafc_sofascore,2026-08-09T01:36:50.770462
52,53190,Haris Hajradinović,254979,Kasımpaşa,6063,5,14,7.39,6.16,9.69,69,21,104,26,63,3,0,3307,38,minutesPlayed,TUR,2023-2024,datafc_sofascore,2026-08-09T01:36:50.770462
52,53190,Fernando Muslera,28381,Galatasaray,3061,0,0,7.2,0.0,0.32,0,0,2,1,1,4,0,3300,37,minutesPlayed,TUR,2023-2024,datafc_sofascore,2026-08-09T01:36:50.770462
52,53190,Guilherme Haubert Sityá,224112,Konyaspor,3085,5,7,7.35,1.62,6.83,18,6,88,30,87,1,0,3267,37,minutesPlayed,TUR,2023-2024,datafc_sofascore,2026-08-09T01:36:50.770462
52,53190,Aytaç Kara,128196,Kasımpaşa,6063,13,5,7.41,9.16,3.01,101,36,40,19,73,4,0,3248,37,minutesPlayed,TUR,2023-2024,datafc_sofascore,2026-08-09T01:36:50.770462
52,53190,Okan Kocuk,190179,Samsunspor,3053,0,0,6.8,0.0,0.05,0,0,0,0,1,2,0,3240,36,minutesPlayed,TUR,2023-2024,datafc_sofascore,2026-08-09T01:36:50.770462
52,53190,Soner Dikmen,847782,Konyaspor,3085,1,0,6.76,3.18,1.09,38,9,6,13,53,7,0,3217,37,minutesPlayed,TUR,2023-2024,datafc_sofascore,2026-08-09T01:36:50.770462
52,53190,Nihad Mujakić,858004,MKE Ankaragücü,3103,1,1,6.77,0.33,0.71,5,1,7,6,46,4,0,3202,36,minutesPlayed,TUR,2023-2024,datafc_sofascore,2026-08-09T01:36:50.770462
52,53190,Mame Thiam,180981,Pendikspor,7032,18,7,7.26,13.28,3.36,85,36,34,18,47,4,0,3161,36,minutesPlayed,TUR,2023-2024,datafc_sofascore,2026-08-09T01:36:50.770462
52,53190,Dušan Tadić,38560,Fenerbahçe,3052,10,14,7.42,14.9,14.16,53,28,88,32,33,3,0,3157,38,minutesPlayed,TUR,2023-2024,datafc_sofascore,2026-08-09T01:36:50.770462
52,53190,Bilal Bayazit,825850,Kayserispor,3072,0,0,7.22,0.0,0.07,0,0,3,0,3,5,0,3150,35,minutesPlayed,TUR,2023-2024,datafc_sofascore,2026-08-09T01:36:50.770462
52,53190,Guy-Marcelin Kilama,944222,Hatayspor,3091,2,1,6.9,1.1,0.38,9,2,11,14,44,4,0,3136,35,minutesPlayed,TUR,2023-2024,datafc_sofascore,2026-08-09T01:36:50.770462
52,53190,Uğur Çiftçi,142850,Sivasspor,3076,0,2,6.8,0.47,3.69,15,5,31,21,71,10,0,3118,35,minutesPlayed,TUR,2023-2024,datafc_sofascore,2026-08-09T01:36:50.770462
52,53190,Levent Mercan,1085938,Fatih Karagümrük,4954,1,5,6.9,0.7,2.51,14,1,33,37,82,8,0,3113,36,minutesPlayed,TUR,2023-2024,datafc_sofascore,2026-08-09T01:36:50.770462
52,53190,Erce Kardeşler,758606,Hatayspor,3091,0,0,6.98,0.0,0.09,0,0,0,1,1,8,0,3109,35,minutesPlayed,TUR,2023-2024,datafc_sofascore,2026-08-09T01:36:50.770462
52,53190,Uroš Radaković,151900,MKE Ankaragücü,3103,1,1,6.89,1.52,0.41,17,4,7,4,42,8,0,3070,35,minutesPlayed,TUR,2023-2024,datafc_sofascore,2026-08-09T01:36:50.770462
52,53190,Mustafa Eskihellaç,899069,Gaziantep FK,5138,2,3,6.93,1.29,2.92,25,5,29,41,66,5,0,3067,35,minutesPlayed,TUR,2023-2024,datafc_sofascore,2026-08-09T01:36:50.770462
52,53190,Nuno Sequeira,170117,Pendikspor,7032,1,3,6.89,0.98,3.7,15,4,40,20,85,10,0,3066,35,minutesPlayed,TUR,2023-2024,datafc_sofascore,2026-08-09T01:36:50.770462
52,53190,Florin Niță,83551,Gaziantep FK,5138,0,0,7.07,0.02,0.04,1,0,1,0,2,3,0,3060,34,minutesPlayed,TUR,2023-2024,datafc_sofascore,2026-08-09T01:36:50.770462
52,53190,Uğurcan Çakır,754330,Trabzonspor,3051,0,0,7.04,0.0,0.12,0,0,1,1,1,4,0,3060,34,minutesPlayed,TUR,2023-2024,datafc_sofascore,2026-08-09T01:36:50.770462
52,53190,Ertuğrul Taşkıran,105974,Alanyaspor,6362,0,0,7.01,0.0,0.08,0,0,2,0,0,3,0,3060,34,minutesPlayed,TUR,2023-2024,datafc_sofascore,2026-08-09T01:36:50.770462
52,53190,Erdem Canpolat,1066726,Pendikspor,7032,0,0,6.95,0.0,0.08,0,0,1,0,2,6,0,3060,34,minutesPlayed,TUR,2023-2024,datafc_sofascore,2026-08-09T01:36:50.770462
52,53190,Helton Leite,329081,Antalyaspor,3056,0,0,7.2,0.0,0.02,0,0,0,0,1,1,0,3059,34,minutesPlayed,TUR,2023-2024,datafc_sofascore,2026-08-09T01:36:50.770462
52,53190,Dominik Livaković,190419,Fenerbahçe,3052,0,0,6.89,0.0,0.04,0,0,2,1,2,1,0,3059,34,minutesPlayed,TUR,2023-2024,datafc_sofascore,2026-08-09T01:36:50.770462
52,53190,Fidan Aliti,385296,Alanyaspor,6362,0,2,6.87,2.24,0.49,14,3,8,4,38,7,0,3047,35,minutesPlayed,TUR,2023-2024,datafc_sofascore,2026-08-09T01:36:50.770462
52,53190,Fisayo Dele-Bashiru,910121,Hatayspor,3091,8,3,7.01,5.58,2.31,45,18,40,71,33,6,0,3039,36,minutesPlayed,TUR,2023-2024,datafc_sofascore,2026-08-09T01:36:50.770462
52,53190,Eren Elmalı,981483,Trabzonspor,3051,0,0,6.87,1.19,1.89,17,3,29,21,61,9,0,3022,34,minutesPlayed,TUR,2023-2024,datafc_sofascore,2026-08-09T01:36:50.770462
52,53190,Veysel Sarı,98276,Antalyaspor,3056,1,0,6.93,2.25,0.42,29,6,6,4,72,11,0,3013,35,minutesPlayed,TUR,2023-2024,datafc_sofascore,2026-08-09T01:36:50.770462
52,53190,Papy Djilobodji,106661,Gaziantep FK,5138,3,1,6.94,2.83,2.05,20,5,17,5,36,5,1,3007,34,minutesPlayed,TUR,2023-2024,datafc_sofascore,2026-08-09T01:36:50.770462
52,53190,Mortadha Ben Ouanes,919225,Kasımpaşa,6063,7,5,7.01,3.26,4.88,36,15,45,31,41,8,0,2999,36,minutesPlayed,TUR,2023-2024,datafc_sofascore,2026-08-09T01:36:50.770462
52,53190,Lucas Torreira,754794,Galatasaray,3061,1,2,7.2,2.08,2.97,31,4,29,9,80,7,0,2993,35,minutesPlayed,TUR,2023-2024,datafc_sofascore,2026-08-09T01:36:50.770462
52,53190,Ibrahim Olawoyin,1008173,Çaykur Rizespor,3064,8,2,7.12,5.84,2.99,64,25,39,65,63,6,0,2970,35,minutesPlayed,TUR,2023-2024,datafc_sofascore,2026-08-09T01:36:50.770462
52,53190,Yasin Özcan,1392102,Kasımpaşa,6063,2,1,6.78,1.06,0.69,19,4,13,11,68,4,0,2962,37,minutesPlayed,TUR,2023-2024,datafc_sofascore,2026-08-09T01:36:50.770462
52,53190,Gökhan Gül,797820,Kasımpaşa,6063,2,0,6.97,1.82,1.39,54,17,20,6,53,3,0,2928,38,minutesPlayed,TUR,2023-2024,datafc_sofascore,2026-08-09T01:36:50.770462
52,53190,Adam Buksa,1138856,Antalyaspor,3056,16,2,7.19,12.27,0.84,93,39,21,27,17,8,0,2925,33,minutesPlayed,TUR,2023-2024,datafc_sofascore,2026-08-09T01:36:50.770462
52,53190,Sebastian Szymański,847983,Fenerbahçe,3052,10,11,7.55,9.31,9.69,87,31,77,10,85,4,0,2916,37,minutesPlayed,TUR,2023-2024,datafc_sofascore,2026-08-09T01:36:50.770462
52,53190,Richard,897617,Alanyaspor,6362,1,1,7.16,1.3,1.31,25,7,17,16,74,11,0,2913,34,minutesPlayed,TUR,2023-2024,datafc_sofascore,2026-08-09T01:36:50.770462
52,53190,Gökhan Sazdağı,595396,Kayserispor,3072,0,5,6.79,1.56,2.92,25,7,26,35,92,9,0,2905,34,minutesPlayed,TUR,2023-2024,datafc_sofascore,2026-08-09T01:36:50.770462
52,53190,Ali Şaşal Vural,94540,Sivasspor,3076,0,0,7.23,0.0,0.27,0,0,3,2,2,3,0,2880,32,minutesPlayed,TUR,2023-2024,datafc_sofascore,2026-08-09T01:36:50.770462
52,53190,Cláudio Winck,155998,Kasımpaşa,6063,3,1,6.82,3.38,2.58,31,8,22,37,72,7,1,2862,32,minutesPlayed,TUR,2023-2024,datafc_sofascore,2026-08-09T01:36:50.770462
52,53190,Mauro Icardi,233114,Galatasaray,3061,25,8,7.51,21.23,3.77,111,49,49,7,6,2,0,2856,34,minutesPlayed,TUR,2023-2024,datafc_sofascore,2026-08-09T01:36:50.770462
52,53190,Mamadou Fall,822228,Kasımpaşa,6063,8,2,6.94,6.19,3.57,49,17,54,28,22,4,0,2854,34,minutesPlayed,TUR,2023-2024,datafc_sofascore,2026-08-09T01:36:50.770462
52,53190,Taha Şahin,1394729,Çaykur Rizespor,3064,0,4,6.87,0.65,2.84,8,0,27,29,58,5,0,2854,34,minutesPlayed,TUR,2023-2024,datafc_sofascore,2026-08-09T01:36:50.770462
52,53190,Nicolas N'Koulou,38533,Gaziantep FK,5138,2,0,6.82,2.22,0.11,15,3,4,4,43,2,0,2841,32,minutesPlayed,TUR,2023-2024,datafc_sofascore,2026-08-09T01:36:50.770462
52,53190,Bahadır Han Güngördü,807289,MKE Ankaragücü,3103,0,1,7.04,0.0,0.1,0,0,3,0,0,2,0,2837,32,minutesPlayed,TUR,2023-2024,datafc_sofascore,2026-08-09T01:36:50.770462
52,53190,Berkay Özcan,806964,Başakşehir FK,3086,2,2,6.84,2.66,1.41,26,8,21,29,36,2,0,2820,34,minutesPlayed,TUR,2023-2024,datafc_sofascore,2026-08-09T01:36:50.770462
52,53190,Halil Akbunar,217782,Pendikspor,7032,5,3,6.98,4.09,5.67,54,20,37,57,63,3,1,2808,37,minutesPlayed,TUR,2023-2024,datafc_sofascore,2026-08-09T01:36:50.770462
52,53190,Mehmet Yeşil,840639,İstanbulspor,3066,0,0,6.8,0.61,0.39,12,3,1,11,40,9,0,2807,34,minutesPlayed,TUR,2023-2024,datafc_sofascore,2026-08-09T01:36:50.770462
52,53190,Semih Güler,325155,Adana Demirspor,3101,0,1,7.09,1.18,0.93,24,6,8,4,52,4,1,2801,32,minutesPlayed,TUR,2023-2024,datafc_sofascore,2026-08-09T01:36:50.770462
52,53190,Andreas Gianniotis,236746,Kasımpaşa,6063,0,0,6.95,0.0,0.04,0,0,2,1,3,3,0,2790,31,minutesPlayed,TUR,2023-2024,datafc_sofascore,2026-08-09T01:36:50.770462
52,53190,Carlo Holse,837012,Samsunspor,3053,5,3,6.9,5.31,2.53,59,24,43,14,68,4,0,2787,33,minutesPlayed,TUR,2023-2024,datafc_sofascore,2026-08-09T01:36:50.770462
52,53190,Alassane Ndao,1016033,Konyaspor,3085,3,2,6.88,3.74,4.83,40,9,41,38,35,3,0,2771,36,minutesPlayed,TUR,2023-2024,datafc_sofascore,2026-08-09T01:36:50.770462
52,53190,Andreaw Gravillon,827934,Adana Demirspor,3101,2,0,6.85,0.97,0.36,27,3,10,19,39,4,0,2766,33,minutesPlayed,TUR,2023-2024,datafc_sofascore,2026-08-09T01:36:50.770462
52,53190,Edin Višća,109779,Trabzonspor,3051,5,9,7.28,4.34,8.93,63,16,91,28,34,1,0,2762,36,minutesPlayed,TUR,2023-2024,datafc_sofascore,2026-08-09T01:36:50.770462
52,53190,Efecan Karaca,60510,Alanyaspor,6362,2,3,7.02,3.18,4.83,21,9,50,31,57,5,0,2753,37,minutesPlayed,TUR,2023-2024,datafc_sofascore,2026-08-09T01:36:50.770462
52,53190,Denis Drăguş,841199,Gaziantep FK,5138,14,1,7.22,13.78,2.44,106,40,38,85,54,8,0,2751,32,minutesPlayed,TUR,2023-2024,datafc_sofascore,2026-08-09T01:36:50.770462
52,53190,Edin Džeko,14990,Fenerbahçe,3052,21,3,7.39,21.64,5.15,147,64,37,22,19,3,0,2741,36,minutesPlayed,TUR,2023-2024,datafc_sofascore,2026-08-09T01:36:50.770462
52,53190,Uğurcan Yazğılı,904303,Konyaspor,3085,2,0,6.95,1.03,0.62,13,2,14,6,68,5,0,2718,35,minutesPlayed,TUR,2023-2024,datafc_sofascore,2026-08-09T01:36:50.770462
52,53190,Florian Loshaj,831407,İstanbulspor,3066,5,0,6.98,4.81,2.98,56,18,34,35,66,8,1,2705,32,minutesPlayed,TUR,2023-2024,datafc_sofascore,2026-08-09T01:36:50.770462
52,53190,Krzysztof Piątek,558738,Başakşehir FK,3086,17,1,7.2,14.78,1.82,101,44,18,17,14,4,0,2703,34,minutesPlayed,TUR,2023-2024,datafc_sofascore,2026-08-09T01:36:50.770462
52,53190,Emirhan Topçu,895009,Çaykur Rizespor,3064,1,4,7.26,2.0,1.84,25,8,19,6,65,10,1,2702,31,minutesPlayed,TUR,2023-2024,datafc_sofascore,2026-08-09T01:36:50.770462
52,53190,Léo Duarte,839982,Başakşehir FK,3086,0,1,7.12,0.96,0.79,11,4,16,18,43,1,0,2700,30,minutesPlayed,TUR,2023-2024,datafc_sofascore,2026-08-09T01:36:50.770462
52,53190,Emre Akbaba,343527,Adana Demirspor,3101,7,2,7.19,7.41,3.26,64,20,43,32,65,5,0,2682,32,minutesPlayed,TUR,2023-2024,datafc_sofascore,2026-08-09T01:36:50.770462
52,53190,Batista Mendy,859021,Trabzonspor,3051,1,0,6.85,0.67,1.17,19,4,7,29,45,8,1,2682,30,minutesPlayed,TUR,2023-2024,datafc_sofascore,2026-08-09T01:36:50.770462
52,53190,Deniz Türüç,252207,Başakşehir FK,3086,2,12,7.15,2.26,5.68,39,17,60,30,31,11,0,2678,34,minutesPlayed,TUR,2023-2024,datafc_sofascore,2026-08-09T01:36:50.770462
52,53190,Alexandru Maxim,180511,Gaziantep FK,5138,3,8,7.16,5.85,7.47,43,16,80,36,38,4,2,2674,34,minutesPlayed,TUR,2023-2024,datafc_sofascore,2026-08-09T01:36:50.770462
52,53190,Gökhan Akkan,225012,Çaykur Rizespor,3064,0,1,7.17,0.0,0.04,0,0,2,1,1,2,0,2640,30,minutesPlayed,TUR,2023-2024,datafc_sofascore,2026-08-09T01:36:50.770462
52,53190,Aylton Boa Morte,883918,Kayserispor,3072,8,2,6.8,9.83,2.51,70,29,29,70,39,7,0,2628,32,minutesPlayed,TUR,2023-2024,datafc_sofascore,2026-08-09T01:36:50.770462
52,53190,Jonjo Shelvey,36465,Çaykur Rizespor,3064,3,6,7.15,2.58,3.71,55,16,48,17,36,6,0,2604,31,minutesPlayed,TUR,2023-2024,datafc_sofascore,2026-08-09T01:36:50.770462
52,53190,Aaron Appindangoyé,785850,Sivasspor,3076,1,1,6.87,0.57,0.41,9,4,5,2,11,1,0,2598,30,minutesPlayed,TUR,2023-2024,datafc_sofascore,2026-08-09T01:36:50.770462
52,53190,Yusuf Erdoğan,256663,Adana Demirspor,3101,5,2,6.8,4.08,2.0,43,15,23,26,32,4,0,2594,35,minutesPlayed,TUR,2023-2024,datafc_sofascore,2026-08-09T01:36:50.770462
52,53190,Oğuz Aydın,999396,Alanyaspor,6362,13,8,7.28,9.34,8.32,58,25,64,54,25,3,1,2587,35,minutesPlayed,TUR,2023-2024,datafc_sofascore,2026-08-09T01:36:50.770462
52,53190,Davide Biraschi,233252,Fatih Karagümrük,4954,0,1,6.8,0.62,0.85,5,0,5,9,47,6,1,2575,30,minutesPlayed,TUR,2023-2024,datafc_sofascore,2026-08-09T01:36:50.770462
52,53190,Emre Kılınç,202032,Samsunspor,3053,4,4,7.12,2.09,4.63,31,5,53,31,62,4,0,2574,33,minutesPlayed,TUR,2023-2024,datafc_sofascore,2026-08-09T01:36:50.770462
52,53190,Victor Nelsson,846148,Galatasaray,3061,2,0,7.12,1.56,0.89,19,6,5,1,22,3,0,2570,32,minutesPlayed,TUR,2023-2024,datafc_sofascore,2026-08-09T01:36:50.770462
52,53190,Sam Larsson,229800,Antalyaspor,3056,5,1,6.97,2.83,5.32,43,12,61,52,31,1,0,2568,35,minutesPlayed,TUR,2023-2024,datafc_sofascore,2026-08-09T01:36:50.770462
52,53190,Güray Vural,43559,Antalyaspor,3056,1,3,6.9,1.13,2.92,25,4,26,8,54,7,0,2568,30,minutesPlayed,TUR,2023-2024,datafc_sofascore,2026-08-09T01:36:50.770462
52,53190,Dario Šarić,848385,Antalyaspor,3056,3,0,6.85,2.65,0.77,47,11,21,33,44,2,0,2563,32,minutesPlayed,TUR,2023-2024,datafc_sofascore,2026-08-09T01:36:50.770462
52,53190,Barış Alper Yılmaz,904096,Galatasaray,3061,6,6,7.15,4.08,5.51,61,18,43,67,60,8,0,2550,37,minutesPlayed,TUR,2023-2024,datafc_sofascore,2026-08-09T01:36:50.770462
52,53190,Mert Günok,39573,Beşiktaş JK,3050,0,0,6.89,0.02,0.1,1,0,3,2,0,4,1,2543,30,minutesPlayed,TUR,2023-2024,datafc_sofascore,2026-08-09T01:36:50.770462
52,53190,Miguel Cardoso,344009,Kayserispor,3072,1,7,7.08,5.41,7.21,65,18,66,31,39,4,0,2524,30,minutesPlayed,TUR,2023-2024,datafc_sofascore,2026-08-09T01:36:50.770462
52,53190,Dries Mertens,32493,Galatasaray,3061,9,16,7.61,8.12,10.57,88,35,93,15,43,3,0,2487,36,minutesPlayed,TUR,2023-2024,datafc_sofascore,2026-08-09T01:36:50.770462
52,53190,Erdoğan Yeşilyurt,142541,Antalyaspor,3056,3,3,6.89,1.78,2.25,31,7,31,26,41,8,1,2485,34,minutesPlayed,TUR,2023-2024,datafc_sofascore,2026-08-09T01:36:50.770462
52,53190,Jerome Opoku,920514,Başakşehir FK,3086,4,1,7.06,1.9,0.74,11,5,9,18,26,6,1,2481,28,minutesPlayed,TUR,2023-2024,datafc_sofascore,2026-08-09T01:36:50.770462
52,53190,Yusuf Özdemir,1084884,Alanyaspor,6362,2,4,6.78,3.51,2.15,25,10,22,8,51,7,0,2481,34,minutesPlayed,TUR,2023-2024,datafc_sofascore,2026-08-09T01:36:50.770462
52,53190,Kerem Aktürkoğlu,903324,Galatasaray,3061,12,6,7.33,12.89,8.17,79,29,73,32,28,3,1,2479,37,minutesPlayed,TUR,2023-2024,datafc_sofascore,2026-08-09T01:36:50.770462
52,53190,Okan Erdoğan,881213,İstanbulspor,3066,0,0,6.63,0.33,1.04,6,1,7,16,51,7,1,2460,30,minutesPlayed,TUR,2023-2024,datafc_sofascore,2026-08-09T01:36:50.770462
52,53190,Gedson Fernandes,862055,Beşiktaş JK,3050,3,3,7.19,2.94,1.74,36,9,29,46,99,8,0,2457,29,minutesPlayed,TUR,2023-2024,datafc_sofascore,2026-08-09T01:36:50.770462
52,53190,Ali Yaşar,190815,İstanbulspor,3066,1,2,6.68,1.06,1.91,24,8,22,7,36,3,1,2450,33,minutesPlayed,TUR,2023-2024,datafc_sofascore,2026-08-09T01:36:50.770462
52,53190,Rigoberto Rivas,837742,Hatayspor,3091,5,4,6.92,3.4,3.2,31,12,29,25,47,6,0,2431,29,minutesPlayed,TUR,2023-2024,datafc_sofascore,2026-08-09T01:36:50.770462
52,53190,Marcus Rohdén,209082,Fatih Karagümrük,4954,4,4,6.91,2.44,1.87,36,11,29,13,32,4,0,2426,34,minutesPlayed,TUR,2023-2024,datafc_sofascore,2026-08-09T01:36:50.770462
52,53190,Charis Charisis,317297,Sivasspor,3076,1,4,6.91,1.06,1.29,19,5,29,27,70,8,0,2424,30,minutesPlayed,TUR,2023-2024,datafc_sofascore,2026-08-09T01:36:50.770462
52,53190,Rey Manaj,587882,Sivasspor,3076,18,3,7.31,14.34,1.48,104,40,17,20,13,10,0,2423,32,minutesPlayed,TUR,2023-2024,datafc_sofascore,2026-08-09T01:36:50.770462
52,53190,Valentin Eysseric,139798,Fatih Karagümrük,4954,5,7,7.46,4.48,7.64,54,18,74,27,42,7,1,2420,31,minutesPlayed,TUR,2023-2024,datafc_sofascore,2026-08-09T01:36:50.770462
52,53190,Kartal Kayra Yılmaz,966811,Kayserispor,3072,0,2,6.85,0.4,2.12,19,1,25,11,46,6,1,2409,29,minutesPlayed,TUR,2023-2024,datafc_sofascore,2026-08-09T01:36:50.770462
52,53190,Rick Van Drongelen,803023,Samsunspor,3053,3,0,6.89,1.59,0.68,22,6,6,4,39,6,0,2395,30,minutesPlayed,TUR,2023-2024,datafc_sofascore,2026-08-09T01:36:50.770462
52,53190,Sokol Cikalleshi,81138,Konyaspor,3085,12,5,6.94,10.96,1.11,64,21,27,27,23,3,0,2364,33,minutesPlayed,TUR,2023-2024,datafc_sofascore,2026-08-09T01:36:50.770462
52,53190,Necip Uysal,43394,Beşiktaş JK,3050,0,1,6.96,0.74,0.53,11,3,6,7,46,5,0,2359,30,minutesPlayed,TUR,2023-2024,datafc_sofascore,2026-08-09T01:36:50.770462
52,53190,Jakub Kałuziński,1019026,Antalyaspor,3056,0,2,6.88,0.74,1.46,20,2,18,7,30,3,0,2344,31,minutesPlayed,TUR,2023-2024,datafc_sofascore,2026-08-09T01:36:50.770462
52,53190,Enis Bardhi,355024,Trabzonspor,3051,6,4,7.06,3.19,3.28,56,20,37,31,34,3,0,2342,34,minutesPlayed,TUR,2023-2024,datafc_sofascore,2026-08-09T01:36:50.770462
52,53190,Dušan Tadić,38560,Fenerbahçe,3052,10,14,7.42,14.9,14.16,53,28,88,32,33,3,0,3157,38,appearances,TUR,2023-2024,datafc_sofascore,2026-08-09T01:36:50.770462
52,53190,Haris Hajradinović,254979,Kasımpaşa,6063,5,14,7.39,6.16,9.69,69,21,104,26,63,3,0,3307,38,appearances,TUR,2023-2024,datafc_sofascore,2026-08-09T01:36:50.770462
52,53190,Gökhan Gül,797820,Kasımpaşa,6063,2,0,6.97,1.82,1.39,54,17,20,6,53,3,0,2928,38,appearances,TUR,2023-2024,datafc_sofascore,2026-08-09T01:36:50.770462
52,53190,Sebastian Szymański,847983,Fenerbahçe,3052,10,11,7.55,9.31,9.69,87,31,77,10,85,4,0,2916,37,appearances,TUR,2023-2024,datafc_sofascore,2026-08-09T01:36:50.770462
52,53190,Ferdi Kadıoğlu,825844,Fenerbahçe,3052,1,4,7.44,2.5,6.69,33,14,51,57,75,3,0,3327,37,appearances,TUR,2023-2024,datafc_sofascore,2026-08-09T01:36:50.770462
52,53190,Aytaç Kara,128196,Kasımpaşa,6063,13,5,7.41,9.16,3.01,101,36,40,19,73,4,0,3248,37,appearances,TUR,2023-2024,datafc_sofascore,2026-08-09T01:36:50.770462
52,53190,Guilherme Haubert Sityá,224112,Konyaspor,3085,5,7,7.35,1.62,6.83,18,6,88,30,87,1,0,3267,37,appearances,TUR,2023-2024,datafc_sofascore,2026-08-09T01:36:50.770462
52,53190,Kerem Aktürkoğlu,903324,Galatasaray,3061,12,6,7.33,12.89,8.17,79,29,73,32,28,3,1,2479,37,appearances,TUR,2023-2024,datafc_sofascore,2026-08-09T01:36:50.770462
52,53190,Fernando Muslera,28381,Galatasaray,3061,0,0,7.2,0.0,0.32,0,0,2,1,1,4,0,3300,37,appearances,TUR,2023-2024,datafc_sofascore,2026-08-09T01:36:50.770462
52,53190,Barış Alper Yılmaz,904096,Galatasaray,3061,6,6,7.15,4.08,5.51,61,18,43,67,60,8,0,2550,37,appearances,TUR,2023-2024,datafc_sofascore,2026-08-09T01:36:50.770462
52,53190,Efecan Karaca,60510,Alanyaspor,6362,2,3,7.02,3.18,4.83,21,9,50,31,57,5,0,2753,37,appearances,TUR,2023-2024,datafc_sofascore,2026-08-09T01:36:50.770462
52,53190,Halil Akbunar,217782,Pendikspor,7032,5,3,6.98,4.09,5.67,54,20,37,57,63,3,1,2808,37,appearances,TUR,2023-2024,datafc_sofascore,2026-08-09T01:36:50.770462
52,53190,Yasin Özcan,1392102,Kasımpaşa,6063,2,1,6.78,1.06,0.69,19,4,13,11,68,4,0,2962,37,appearances,TUR,2023-2024,datafc_sofascore,2026-08-09T01:36:50.770462
52,53190,Soner Dikmen,847782,Konyaspor,3085,1,0,6.76,3.18,1.09,38,9,6,13,53,7,0,3217,37,appearances,TUR,2023-2024,datafc_sofascore,2026-08-09T01:36:50.770462
52,53190,Dries Mertens,32493,Galatasaray,3061,9,16,7.61,8.12,10.57,88,35,93,15,43,3,0,2487,36,appearances,TUR,2023-2024,datafc_sofascore,2026-08-09T01:36:50.770462
52,53190,Edin Džeko,14990,Fenerbahçe,3052,21,3,7.39,21.64,5.15,147,64,37,22,19,3,0,2741,36,appearances,TUR,2023-2024,datafc_sofascore,2026-08-09T01:36:50.770462
52,53190,Edin Višća,109779,Trabzonspor,3051,5,9,7.28,4.34,8.93,63,16,91,28,34,1,0,2762,36,appearances,TUR,2023-2024,datafc_sofascore,2026-08-09T01:36:50.770462
52,53190,Mame Thiam,180981,Pendikspor,7032,18,7,7.26,13.28,3.36,85,36,34,18,47,4,0,3161,36,appearances,TUR,2023-2024,datafc_sofascore,2026-08-09T01:36:50.770462
52,53190,Fisayo Dele-Bashiru,910121,Hatayspor,3091,8,3,7.01,5.58,2.31,45,18,40,71,33,6,0,3039,36,appearances,TUR,2023-2024,datafc_sofascore,2026-08-09T01:36:50.770462
52,53190,Mortadha Ben Ouanes,919225,Kasımpaşa,6063,7,5,7.01,3.26,4.88,36,15,45,31,41,8,0,2999,36,appearances,TUR,2023-2024,datafc_sofascore,2026-08-09T01:36:50.770462
52,53190,Levent Mercan,1085938,Fatih Karagümrük,4954,1,5,6.9,0.7,2.51,14,1,33,37,82,8,0,3113,36,appearances,TUR,2023-2024,datafc_sofascore,2026-08-09T01:36:50.770462
52,53190,Alassane Ndao,1016033,Konyaspor,3085,3,2,6.88,3.74,4.83,40,9,41,38,35,3,0,2771,36,appearances,TUR,2023-2024,datafc_sofascore,2026-08-09T01:36:50.770462
52,53190,Okan Kocuk,190179,Samsunspor,3053,0,0,6.8,0.0,0.05,0,0,0,0,1,2,0,3240,36,appearances,TUR,2023-2024,datafc_sofascore,2026-08-09T01:36:50.770462
52,53190,Carlos Strandberg,333423,Hatayspor,3091,8,2,6.79,9.64,2.5,64,21,20,14,16,2,0,2274,36,appearances,TUR,2023-2024,datafc_sofascore,2026-08-09T01:36:50.770462
52,53190,Nihad Mujakić,858004,MKE Ankaragücü,3103,1,1,6.77,0.33,0.71,5,1,7,6,46,4,0,3202,36,appearances,TUR,2023-2024,datafc_sofascore,2026-08-09T01:36:50.770462
52,53190,Oğuz Aydın,999396,Alanyaspor,6362,13,8,7.28,9.34,8.32,58,25,64,54,25,3,1,2587,35,appearances,TUR,2023-2024,datafc_sofascore,2026-08-09T01:36:50.770462
52,53190,Bilal Bayazit,825850,Kayserispor,3072,0,0,7.22,0.0,0.07,0,0,3,0,3,5,0,3150,35,appearances,TUR,2023-2024,datafc_sofascore,2026-08-09T01:36:50.770462
52,53190,Lucas Torreira,754794,Galatasaray,3061,1,2,7.2,2.08,2.97,31,4,29,9,80,7,0,2993,35,appearances,TUR,2023-2024,datafc_sofascore,2026-08-09T01:36:50.770462
52,53190,Ibrahim Olawoyin,1008173,Çaykur Rizespor,3064,8,2,7.12,5.84,2.99,64,25,39,65,63,6,0,2970,35,appearances,TUR,2023-2024,datafc_sofascore,2026-08-09T01:36:50.770462
52,53190,Kaan Ayhan,138152,Galatasaray,3061,1,2,7.07,1.11,2.96,22,6,29,6,33,3,0,2111,35,appearances,TUR,2023-2024,datafc_sofascore,2026-08-09T01:36:50.770462
52,53190,Erce Kardeşler,758606,Hatayspor,3091,0,0,6.98,0.0,0.09,0,0,0,1,1,8,0,3109,35,appearances,TUR,2023-2024,datafc_sofascore,2026-08-09T01:36:50.770462
52,53190,Sam Larsson,229800,Antalyaspor,3056,5,1,6.97,2.83,5.32,43,12,61,52,31,1,0,2568,35,appearances,TUR,2023-2024,datafc_sofascore,2026-08-09T01:36:50.770462
52,53190,Uğurcan Yazğılı,904303,Konyaspor,3085,2,0,6.95,1.03,0.62,13,2,14,6,68,5,0,2718,35,appearances,TUR,2023-2024,datafc_sofascore,2026-08-09T01:36:50.770462
52,53190,Mustafa Eskihellaç,899069,Gaziantep FK,5138,2,3,6.93,1.29,2.92,25,5,29,41,66,5,0,3067,35,appearances,TUR,2023-2024,datafc_sofascore,2026-08-09T01:36:50.770462
52,53190,Veysel Sarı,98276,Antalyaspor,3056,1,0,6.93,2.25,0.42,29,6,6,4,72,11,0,3013,35,appearances,TUR,2023-2024,datafc_sofascore,2026-08-09T01:36:50.770462
52,53190,Guy-Marcelin Kilama,944222,Hatayspor,3091,2,1,6.9,1.1,0.38,9,2,11,14,44,4,0,3136,35,appearances,TUR,2023-2024,datafc_sofascore,2026-08-09T01:36:50.770462
52,53190,Uroš Radaković,151900,MKE Ankaragücü,3103,1,1,6.89,1.52,0.41,17,4,7,4,42,8,0,3070,35,appearances,TUR,2023-2024,datafc_sofascore,2026-08-09T01:36:50.770462
52,53190,Nuno Sequeira,170117,Pendikspor,7032,1,3,6.89,0.98,3.7,15,4,40,20,85,10,0,3066,35,appearances,TUR,2023-2024,datafc_sofascore,2026-08-09T01:36:50.770462
52,53190,Fidan Aliti,385296,Alanyaspor,6362,0,2,6.87,2.24,0.49,14,3,8,4,38,7,0,3047,35,appearances,TUR,2023-2024,datafc_sofascore,2026-08-09T01:36:50.770462
52,53190,Can Keleş,918408,Fatih Karagümrük,4954,5,3,6.82,4.65,3.61,56,24,27,28,18,3,0,2272,35,appearances,TUR,2023-2024,datafc_sofascore,2026-08-09T01:36:50.770462
52,53190,Muammer Sarıkaya,816571,Çaykur Rizespor,3064,1,1,6.81,3.87,2.27,37,8,18,16,76,9,0,2275,35,appearances,TUR,2023-2024,datafc_sofascore,2026-08-09T01:36:50.770462
52,53190,Yusuf Erdoğan,256663,Adana Demirspor,3101,5,2,6.8,4.08,2.0,43,15,23,26,32,4,0,2594,35,appearances,TUR,2023-2024,datafc_sofascore,2026-08-09T01:36:50.770462
52,53190,Uğur Çiftçi,142850,Sivasspor,3076,0,2,6.8,0.47,3.69,15,5,31,21,71,10,0,3118,35,appearances,TUR,2023-2024,datafc_sofascore,2026-08-09T01:36:50.770462
52,53190,Jackson,911351,İstanbulspor,3066,1,4,6.77,4.47,3.63,48,19,31,45,38,2,0,2201,35,appearances,TUR,2023-2024,datafc_sofascore,2026-08-09T01:36:50.770462
52,53190,Louka Prip,976127,Konyaspor,3085,6,0,6.73,2.61,0.93,29,17,11,24,19,1,0,1633,35,appearances,TUR,2023-2024,datafc_sofascore,2026-08-09T01:36:50.770462
52,53190,Ramazan Civelek,781408,Kayserispor,3072,0,2,6.71,1.48,2.6,16,7,25,12,27,4,0,1750,35,appearances,TUR,2023-2024,datafc_sofascore,2026-08-09T01:36:50.770462
52,53190,Mauro Icardi,233114,Galatasaray,3061,25,8,7.51,21.23,3.77,111,49,49,7,6,2,0,2856,34,appearances,TUR,2023-2024,datafc_sofascore,2026-08-09T01:36:50.770462
52,53190,Kerem Demirbay,142619,Galatasaray,3061,6,3,7.2,3.03,3.76,52,17,42,19,66,2,0,2227,34,appearances,TUR,2023-2024,datafc_sofascore,2026-08-09T01:36:50.770462
52,53190,Helton Leite,329081,Antalyaspor,3056,0,0,7.2,0.0,0.02,0,0,0,0,1,1,0,3059,34,appearances,TUR,2023-2024,datafc_sofascore,2026-08-09T01:36:50.770462
52,53190,Krzysztof Piątek,558738,Başakşehir FK,3086,17,1,7.2,14.78,1.82,101,44,18,17,14,4,0,2703,34,appearances,TUR,2023-2024,datafc_sofascore,2026-08-09T01:36:50.770462
52,53190,Richard,897617,Alanyaspor,6362,1,1,7.16,1.3,1.31,25,7,17,16,74,11,0,2913,34,appearances,TUR,2023-2024,datafc_sofascore,2026-08-09T01:36:50.770462
52,53190,Alexandru Maxim,180511,Gaziantep FK,5138,3,8,7.16,5.85,7.47,43,16,80,36,38,4,2,2674,34,appearances,TUR,2023-2024,datafc_sofascore,2026-08-09T01:36:50.770462
52,53190,Deniz Türüç,252207,Başakşehir FK,3086,2,12,7.15,2.26,5.68,39,17,60,30,31,11,0,2678,34,appearances,TUR,2023-2024,datafc_sofascore,2026-08-09T01:36:50.770462
52,53190,Florin Niță,83551,Gaziantep FK,5138,0,0,7.07,0.02,0.04,1,0,1,0,2,3,0,3060,34,appearances,TUR,2023-2024,datafc_sofascore,2026-08-09T01:36:50.770462
52,53190,Enis Bardhi,355024,Trabzonspor,3051,6,4,7.06,3.19,3.28,56,20,37,31,34,3,0,2342,34,appearances,TUR,2023-2024,datafc_sofascore,2026-08-09T01:36:50.770462
52,53190,Nicolas Janvier,802150,Alanyaspor,6362,4,2,7.04,2.42,3.0,35,9,33,24,30,3,0,1655,34,appearances,TUR,2023-2024,datafc_sofascore,2026-08-09T01:36:50.770462
52,53190,Uğurcan Çakır,754330,Trabzonspor,3051,0,0,7.04,0.0,0.12,0,0,1,1,1,4,0,3060,34,appearances,TUR,2023-2024,datafc_sofascore,2026-08-09T01:36:50.770462
52,53190,Ertuğrul Taşkıran,105974,Alanyaspor,6362,0,0,7.01,0.0,0.08,0,0,2,0,0,3,0,3060,34,appearances,TUR,2023-2024,datafc_sofascore,2026-08-09T01:36:50.770462
52,53190,Erdem Canpolat,1066726,Pendikspor,7032,0,0,6.95,0.0,0.08,0,0,1,0,2,6,0,3060,34,appearances,TUR,2023-2024,datafc_sofascore,2026-08-09T01:36:50.770462
52,53190,Mamadou Fall,822228,Kasımpaşa,6063,8,2,6.94,6.19,3.57,49,17,54,28,22,4,0,2854,34,appearances,TUR,2023-2024,datafc_sofascore,2026-08-09T01:36:50.770462
52,53190,Papy Djilobodji,106661,Gaziantep FK,5138,3,1,6.94,2.83,2.05,20,5,17,5,36,5,1,3007,34,appearances,TUR,2023-2024,datafc_sofascore,2026-08-09T01:36:50.770462
52,53190,Marcus Rohdén,209082,Fatih Karagümrük,4954,4,4,6.91,2.44,1.87,36,11,29,13,32,4,0,2426,34,appearances,TUR,2023-2024,datafc_sofascore,2026-08-09T01:36:50.770462
52,53190,Gökcan Kaya,342437,Pendikspor,7032,2,3,6.9,1.71,2.11,32,8,24,18,42,3,0,2116,34,appearances,TUR,2023-2024,datafc_sofascore,2026-08-09T01:36:50.770462
52,53190,Erdoğan Yeşilyurt,142541,Antalyaspor,3056,3,3,6.89,1.78,2.25,31,7,31,26,41,8,1,2485,34,appearances,TUR,2023-2024,datafc_sofascore,2026-08-09T01:36:50.770462
52,53190,Dominik Livaković,190419,Fenerbahçe,3052,0,0,6.89,0.0,0.04,0,0,2,1,2,1,0,3059,34,appearances,TUR,2023-2024,datafc_sofascore,2026-08-09T01:36:50.770462
52,53190,Altin Zeqiri,991742,Çaykur Rizespor,3064,5,5,6.88,6.68,3.34,47,20,36,47,23,4,0,2241,34,appearances,TUR,2023-2024,datafc_sofascore,2026-08-09T01:36:50.770462
52,53190,João Figueiredo,841012,Başakşehir FK,3086,8,2,6.88,5.93,3.46,47,20,32,19,24,4,2,2036,34,appearances,TUR,2023-2024,datafc_sofascore,2026-08-09T01:36:50.770462
52,53190,Taha Şahin,1394729,Çaykur Rizespor,3064,0,4,6.87,0.65,2.84,8,0,27,29,58,5,0,2854,34,appearances,TUR,2023-2024,datafc_sofascore,2026-08-09T01:36:50.770462
52,53190,Eren Elmalı,981483,Trabzonspor,3051,0,0,6.87,1.19,1.89,17,3,29,21,61,9,0,3022,34,appearances,TUR,2023-2024,datafc_sofascore,2026-08-09T01:36:50.770462
52,53190,Cenk Tosun,72127,Beşiktaş JK,3050,6,4,6.86,8.64,1.15,55,14,21,9,14,2,0,1962,34,appearances,TUR,2023-2024,datafc_sofascore,2026-08-09T01:36:50.770462
52,53190,Berkay Özcan,806964,Başakşehir FK,3086,2,2,6.84,2.66,1.41,26,8,21,29,36,2,0,2820,34,appearances,TUR,2023-2024,datafc_sofascore,2026-08-09T01:36:50.770462
52,53190,Mehmet Yeşil,840639,İstanbulspor,3066,0,0,6.8,0.61,0.39,12,3,1,11,40,9,0,2807,34,appearances,TUR,2023-2024,datafc_sofascore,2026-08-09T01:36:50.770462
52,53190,Gökhan Sazdağı,595396,Kayserispor,3072,0,5,6.79,1.56,2.92,25,7,26,35,92,9,0,2905,34,appearances,TUR,2023-2024,datafc_sofascore,2026-08-09T01:36:50.770462
52,53190,Yusuf Özdemir,1084884,Alanyaspor,6362,2,4,6.78,3.51,2.15,25,10,22,8,51,7,0,2481,34,appearances,TUR,2023-2024,datafc_sofascore,2026-08-09T01:36:50.770462
52,53190,Adam Buksa,1138856,Antalyaspor,3056,16,2,7.19,12.27,0.84,93,39,21,27,17,8,0,2925,33,appearances,TUR,2023-2024,datafc_sofascore,2026-08-09T01:36:50.770462
52,53190,Emre Kılınç,202032,Samsunspor,3053,4,4,7.12,2.09,4.63,31,5,53,31,62,4,0,2574,33,appearances,TUR,2023-2024,datafc_sofascore,2026-08-09T01:36:50.770462
52,53190,Steven​ N'Zonzi,51652,Konyaspor,3085,4,0,7.03,1.12,1.2,19,10,16,6,26,2,0,2334,33,appearances,TUR,2023-2024,datafc_sofascore,2026-08-09T01:36:50.770462
52,53190,Enis Destan,1012480,Trabzonspor,3051,9,4,6.97,6.44,0.85,42,23,16,8,20,4,0,1379,33,appearances,TUR,2023-2024,datafc_sofascore,2026-08-09T01:36:50.770462
52,53190,Sokol Cikalleshi,81138,Konyaspor,3085,12,5,6.94,10.96,1.11,64,21,27,27,23,3,0,2364,33,appearances,TUR,2023-2024,datafc_sofascore,2026-08-09T01:36:50.770462
52,53190,Carlo Holse,837012,Samsunspor,3053,5,3,6.9,5.31,2.53,59,24,43,14,68,4,0,2787,33,appearances,TUR,2023-2024,datafc_sofascore,2026-08-09T01:36:50.770462
52,53190,Tasos Chatzigiovanis,850770,MKE Ankaragücü,3103,2,1,6.87,3.04,1.23,38,19,15,55,9,1,0,1375,33,appearances,TUR,2023-2024,datafc_sofascore,2026-08-09T01:36:50.770462
52,53190,Andreaw Gravillon,827934,Adana Demirspor,3101,2,0,6.85,0.97,0.36,27,3,10,19,39,4,0,2766,33,appearances,TUR,2023-2024,datafc_sofascore,2026-08-09T01:36:50.770462
52,53190,Ali Kaan Güneren,867848,MKE Ankaragücü,3103,1,1,6.8,2.9,0.84,23,7,14,22,44,1,0,1934,33,appearances,TUR,2023-2024,datafc_sofascore,2026-08-09T01:36:50.770462
52,53190,Tetê,980327,Galatasaray,3061,0,3,6.8,3.8,2.97,37,14,27,22,10,1,0,1136,33,appearances,TUR,2023-2024,datafc_sofascore,2026-08-09T01:36:50.770462
52,53190,Oğulcan Ülgün,1063942,Konyaspor,3085,1,1,6.75,2.05,1.04,23,9,19,4,34,7,1,1761,33,appearances,TUR,2023-2024,datafc_sofascore,2026-08-09T01:36:50.770462
52,53190,Ali Yaşar,190815,İstanbulspor,3066,1,2,6.68,1.06,1.91,24,8,22,7,36,3,1,2450,33,appearances,TUR,2023-2024,datafc_sofascore,2026-08-09T01:36:50.770462
52,53190,Rey Manaj,587882,Sivasspor,3076,18,3,7.31,14.34,1.48,104,40,17,20,13,10,0,2423,32,appearances,TUR,2023-2024,datafc_sofascore,2026-08-09T01:36:50.770462
52,53190,Ali Şaşal Vural,94540,Sivasspor,3076,0,0,7.23,0.0,0.27,0,0,3,2,2,3,0,2880,32,appearances,TUR,2023-2024,datafc_sofascore,2026-08-09T01:36:50.770462
52,53190,Denis Drăguş,841199,Gaziantep FK,5138,14,1,7.22,13.78,2.44,106,40,38,85,54,8,0,2751,32,appearances,TUR,2023-2024,datafc_sofascore,2026-08-09T01:36:50.770462
52,53190,Emre Akbaba,343527,Adana Demirspor,3101,7,2,7.19,7.41,3.26,64,20,43,32,65,5,0,2682,32,appearances,TUR,2023-2024,datafc_sofascore,2026-08-09T01:36:50.770462
52,53190,Victor Nelsson,846148,Galatasaray,3061,2,0,7.12,1.56,0.89,19,6,5,1,22,3,0,2570,32,appearances,TUR,2023-2024,datafc_sofascore,2026-08-09T01:36:50.770462
52,53190,Semih Güler,325155,Adana Demirspor,3101,0,1,7.09,1.18,0.93,24,6,8,4,52,4,1,2801,32,appearances,TUR,2023-2024,datafc_sofascore,2026-08-09T01:36:50.770462
52,53190,Bahadır Han Güngördü,807289,MKE Ankaragücü,3103,0,1,7.04,0.0,0.1,0,0,3,0,0,2,0,2837,32,appearances,TUR,2023-2024,datafc_sofascore,2026-08-09T01:36:50.770462
52,53190,Pedrinho,182385,MKE Ankaragücü,3103,3,2,7.01,1.17,2.48,30,6,37,12,55,4,0,2199,32,appearances,TUR,2023-2024,datafc_sofascore,2026-08-09T01:36:50.770462
52,53190,Florian Loshaj,831407,İstanbulspor,3066,5,0,6.98,4.81,2.98,56,18,34,35,66,8,1,2705,32,appearances,TUR,2023-2024,datafc_sofascore,2026-08-09T01:36:50.770462
52,53190,Güven Yalçın,826162,Fatih Karagümrük,4954,9,4,6.91,5.75,1.33,58,21,28,39,15,5,0,2136,32,appearances,TUR,2023-2024,datafc_sofascore,2026-08-09T01:36:50.770462
52,53190,João Novais,233370,Alanyaspor,6362,5,2,6.9,5.14,4.58,46,17,33,25,22,7,0,2075,32,appearances,TUR,2023-2024,datafc_sofascore,2026-08-09T01:36:50.770462
52,53190,Gustavo Sauer,904505,Çaykur Rizespor,3064,1,1,6.89,0.92,2.52,27,8,35,23,54,4,0,1449,32,appearances,TUR,2023-2024,datafc_sofascore,2026-08-09T01:36:50.770462
52,53190,Adolfo Gaich,940692,Çaykur Rizespor,3064,8,1,6.86,6.09,0.36,44,22,11,19,10,2,0,1624,32,appearances,TUR,2023-2024,datafc_sofascore,2026-08-09T01:36:50.770462
52,53190,Dario Šarić,848385,Antalyaspor,3056,3,0,6.85,2.65,0.77,47,11,21,33,44,2,0,2563,32,appearances,TUR,2023-2024,datafc_sofascore,2026-08-09T01:36:50.770462
52,53190,Dušan Tadić,38560,Fenerbahçe,3052,10,14,7.42,14.9,14.16,53,28,88,32,33,3,0,3157,38,appearances,TUR,2023-2024,datafc_sofascore,2026-08-09T01:36:50.770462
52,53190,Haris Hajradinović,254979,Kasımpaşa,6063,5,14,7.39,6.16,9.69,69,21,104,26,63,3,0,3307,38,appearances,TUR,2023-2024,datafc_sofascore,2026-08-09T01:36:50.770462
52,53190,Gökhan Gül,797820,Kasımpaşa,6063,2,0,6.97,1.82,1.39,54,17,20,6,53,3,0,2928,38,appearances,TUR,2023-2024,datafc_sofascore,2026-08-09T01:36:50.770462
52,53190,Sebastian Szymański,847983,Fenerbahçe,3052,10,11,7.55,9.31,9.69,87,31,77,10,85,4,0,2916,37,appearances,TUR,2023-2024,datafc_sofascore,2026-08-09T01:36:50.770462
52,53190,Ferdi Kadıoğlu,825844,Fenerbahçe,3052,1,4,7.44,2.5,6.69,33,14,51,57,75,3,0,3327,37,appearances,TUR,2023-2024,datafc_sofascore,2026-08-09T01:36:50.770462
52,53190,Aytaç Kara,128196,Kasımpaşa,6063,13,5,7.41,9.16,3.01,101,36,40,19,73,4,0,3248,37,appearances,TUR,2023-2024,datafc_sofascore,2026-08-09T01:36:50.770462
52,53190,Guilherme Haubert Sityá,224112,Konyaspor,3085,5,7,7.35,1.62,6.83,18,6,88,30,87,1,0,3267,37,appearances,TUR,2023-2024,datafc_sofascore,2026-08-09T01:36:50.770462
52,53190,Kerem Aktürkoğlu,903324,Galatasaray,3061,12,6,7.33,12.89,8.17,79,29,73,32,28,3,1,2479,37,appearances,TUR,2023-2024,datafc_sofascore,2026-08-09T01:36:50.770462
52,53190,Fernando Muslera,28381,Galatasaray,3061,0,0,7.2,0.0,0.32,0,0,2,1,1,4,0,3300,37,appearances,TUR,2023-2024,datafc_sofascore,2026-08-09T01:36:50.770462
52,53190,Barış Alper Yılmaz,904096,Galatasaray,3061,6,6,7.15,4.08,5.51,61,18,43,67,60,8,0,2550,37,appearances,TUR,2023-2024,datafc_sofascore,2026-08-09T01:36:50.770462
52,53190,Efecan Karaca,60510,Alanyaspor,6362,2,3,7.02,3.18,4.83,21,9,50,31,57,5,0,2753,37,appearances,TUR,2023-2024,datafc_sofascore,2026-08-09T01:36:50.770462
52,53190,Halil Akbunar,217782,Pendikspor,7032,5,3,6.98,4.09,5.67,54,20,37,57,63,3,1,2808,37,appearances,TUR,2023-2024,datafc_sofascore,2026-08-09T01:36:50.770462
52,53190,Yasin Özcan,1392102,Kasımpaşa,6063,2,1,6.78,1.06,0.69,19,4,13,11,68,4,0,2962,37,appearances,TUR,2023-2024,datafc_sofascore,2026-08-09T01:36:50.770462
52,53190,Soner Dikmen,847782,Konyaspor,3085,1,0,6.76,3.18,1.09,38,9,6,13,53,7,0,3217,37,appearances,TUR,2023-2024,datafc_sofascore,2026-08-09T01:36:50.770462
52,53190,Dries Mertens,32493,Galatasaray,3061,9,16,7.61,8.12,10.57,88,35,93,15,43,3,0,2487,36,appearances,TUR,2023-2024,datafc_sofascore,2026-08-09T01:36:50.770462
52,53190,Edin Džeko,14990,Fenerbahçe,3052,21,3,7.39,21.64,5.15,147,64,37,22,19,3,0,2741,36,appearances,TUR,2023-2024,datafc_sofascore,2026-08-09T01:36:50.770462
52,53190,Edin Višća,109779,Trabzonspor,3051,5,9,7.28,4.34,8.93,63,16,91,28,34,1,0,2762,36,appearances,TUR,2023-2024,datafc_sofascore,2026-08-09T01:36:50.770462
52,53190,Mame Thiam,180981,Pendikspor,7032,18,7,7.26,13.28,3.36,85,36,34,18,47,4,0,3161,36,appearances,TUR,2023-2024,datafc_sofascore,2026-08-09T01:36:50.770462
52,53190,Fisayo Dele-Bashiru,910121,Hatayspor,3091,8,3,7.01,5.58,2.31,45,18,40,71,33,6,0,3039,36,appearances,TUR,2023-2024,datafc_sofascore,2026-08-09T01:36:50.770462
52,53190,Mortadha Ben Ouanes,919225,Kasımpaşa,6063,7,5,7.01,3.26,4.88,36,15,45,31,41,8,0,2999,36,appearances,TUR,2023-2024,datafc_sofascore,2026-08-09T01:36:50.770462
52,53190,Levent Mercan,1085938,Fatih Karagümrük,4954,1,5,6.9,0.7,2.51,14,1,33,37,82,8,0,3113,36,appearances,TUR,2023-2024,datafc_sofascore,2026-08-09T01:36:50.770462
52,53190,Alassane Ndao,1016033,Konyaspor,3085,3,2,6.88,3.74,4.83,40,9,41,38,35,3,0,2771,36,appearances,TUR,2023-2024,datafc_sofascore,2026-08-09T01:36:50.770462
52,53190,Okan Kocuk,190179,Samsunspor,3053,0,0,6.8,0.0,0.05,0,0,0,0,1,2,0,3240,36,appearances,TUR,2023-2024,datafc_sofascore,2026-08-09T01:36:50.770462
52,53190,Carlos Strandberg,333423,Hatayspor,3091,8,2,6.79,9.64,2.5,64,21,20,14,16,2,0,2274,36,appearances,TUR,2023-2024,datafc_sofascore,2026-08-09T01:36:50.770462
52,53190,Nihad Mujakić,858004,MKE Ankaragücü,3103,1,1,6.77,0.33,0.71,5,1,7,6,46,4,0,3202,36,appearances,TUR,2023-2024,datafc_sofascore,2026-08-09T01:36:50.770462
52,53190,Oğuz Aydın,999396,Alanyaspor,6362,13,8,7.28,9.34,8.32,58,25,64,54,25,3,1,2587,35,appearances,TUR,2023-2024,datafc_sofascore,2026-08-09T01:36:50.770462
52,53190,Bilal Bayazit,825850,Kayserispor,3072,0,0,7.22,0.0,0.07,0,0,3,0,3,5,0,3150,35,appearances,TUR,2023-2024,datafc_sofascore,2026-08-09T01:36:50.770462
52,53190,Lucas Torreira,754794,Galatasaray,3061,1,2,7.2,2.08,2.97,31,4,29,9,80,7,0,2993,35,appearances,TUR,2023-2024,datafc_sofascore,2026-08-09T01:36:50.770462
52,53190,Ibrahim Olawoyin,1008173,Çaykur Rizespor,3064,8,2,7.12,5.84,2.99,64,25,39,65,63,6,0,2970,35,appearances,TUR,2023-2024,datafc_sofascore,2026-08-09T01:36:50.770462
52,53190,Kaan Ayhan,138152,Galatasaray,3061,1,2,7.07,1.11,2.96,22,6,29,6,33,3,0,2111,35,appearances,TUR,2023-2024,datafc_sofascore,2026-08-09T01:36:50.770462
52,53190,Erce Kardeşler,758606,Hatayspor,3091,0,0,6.98,0.0,0.09,0,0,0,1,1,8,0,3109,35,appearances,TUR,2023-2024,datafc_sofascore,2026-08-09T01:36:50.770462
52,53190,Sam Larsson,229800,Antalyaspor,3056,5,1,6.97,2.83,5.32,43,12,61,52,31,1,0,2568,35,appearances,TUR,2023-2024,datafc_sofascore,2026-08-09T01:36:50.770462
52,53190,Uğurcan Yazğılı,904303,Konyaspor,3085,2,0,6.95,1.03,0.62,13,2,14,6,68,5,0,2718,35,appearances,TUR,2023-2024,datafc_sofascore,2026-08-09T01:36:50.770462
52,53190,Mustafa Eskihellaç,899069,Gaziantep FK,5138,2,3,6.93,1.29,2.92,25,5,29,41,66,5,0,3067,35,appearances,TUR,2023-2024,datafc_sofascore,2026-08-09T01:36:50.770462
52,53190,Veysel Sarı,98276,Antalyaspor,3056,1,0,6.93,2.25,0.42,29,6,6,4,72,11,0,3013,35,appearances,TUR,2023-2024,datafc_sofascore,2026-08-09T01:36:50.770462
52,53190,Guy-Marcelin Kilama,944222,Hatayspor,3091,2,1,6.9,1.1,0.38,9,2,11,14,44,4,0,3136,35,appearances,TUR,2023-2024,datafc_sofascore,2026-08-09T01:36:50.770462
52,53190,Uroš Radaković,151900,MKE Ankaragücü,3103,1,1,6.89,1.52,0.41,17,4,7,4,42,8,0,3070,35,appearances,TUR,2023-2024,datafc_sofascore,2026-08-09T01:36:50.770462
52,53190,Nuno Sequeira,170117,Pendikspor,7032,1,3,6.89,0.98,3.7,15,4,40,20,85,10,0,3066,35,appearances,TUR,2023-2024,datafc_sofascore,2026-08-09T01:36:50.770462
52,53190,Fidan Aliti,385296,Alanyaspor,6362,0,2,6.87,2.24,0.49,14,3,8,4,38,7,0,3047,35,appearances,TUR,2023-2024,datafc_sofascore,2026-08-09T01:36:50.770462
52,53190,Can Keleş,918408,Fatih Karagümrük,4954,5,3,6.82,4.65,3.61,56,24,27,28,18,3,0,2272,35,appearances,TUR,2023-2024,datafc_sofascore,2026-08-09T01:36:50.770462
52,53190,Muammer Sarıkaya,816571,Çaykur Rizespor,3064,1,1,6.81,3.87,2.27,37,8,18,16,76,9,0,2275,35,appearances,TUR,2023-2024,datafc_sofascore,2026-08-09T01:36:50.770462
52,53190,Yusuf Erdoğan,256663,Adana Demirspor,3101,5,2,6.8,4.08,2.0,43,15,23,26,32,4,0,2594,35,appearances,TUR,2023-2024,datafc_sofascore,2026-08-09T01:36:50.770462
52,53190,Uğur Çiftçi,142850,Sivasspor,3076,0,2,6.8,0.47,3.69,15,5,31,21,71,10,0,3118,35,appearances,TUR,2023-2024,datafc_sofascore,2026-08-09T01:36:50.770462
52,53190,Jackson,911351,İstanbulspor,3066,1,4,6.77,4.47,3.63,48,19,31,45,38,2,0,2201,35,appearances,TUR,2023-2024,datafc_sofascore,2026-08-09T01:36:50.770462
52,53190,Louka Prip,976127,Konyaspor,3085,6,0,6.73,2.61,0.93,29,17,11,24,19,1,0,1633,35,appearances,TUR,2023-2024,datafc_sofascore,2026-08-09T01:36:50.770462
52,53190,Ramazan Civelek,781408,Kayserispor,3072,0,2,6.71,1.48,2.6,16,7,25,12,27,4,0,1750,35,appearances,TUR,2023-2024,datafc_sofascore,2026-08-09T01:36:50.770462
52,53190,Mauro Icardi,233114,Galatasaray,3061,25,8,7.51,21.23,3.77,111,49,49,7,6,2,0,2856,34,appearances,TUR,2023-2024,datafc_sofascore,2026-08-09T01:36:50.770462
52,53190,Kerem Demirbay,142619,Galatasaray,3061,6,3,7.2,3.03,3.76,52,17,42,19,66,2,0,2227,34,appearances,TUR,2023-2024,datafc_sofascore,2026-08-09T01:36:50.770462
52,53190,Helton Leite,329081,Antalyaspor,3056,0,0,7.2,0.0,0.02,0,0,0,0,1,1,0,3059,34,appearances,TUR,2023-2024,datafc_sofascore,2026-08-09T01:36:50.770462
52,53190,Krzysztof Piątek,558738,Başakşehir FK,3086,17,1,7.2,14.78,1.82,101,44,18,17,14,4,0,2703,34,appearances,TUR,2023-2024,datafc_sofascore,2026-08-09T01:36:50.770462
52,53190,Richard,897617,Alanyaspor,6362,1,1,7.16,1.3,1.31,25,7,17,16,74,11,0,2913,34,appearances,TUR,2023-2024,datafc_sofascore,2026-08-09T01:36:50.770462
52,53190,Alexandru Maxim,180511,Gaziantep FK,5138,3,8,7.16,5.85,7.47,43,16,80,36,38,4,2,2674,34,appearances,TUR,2023-2024,datafc_sofascore,2026-08-09T01:36:50.770462
52,53190,Deniz Türüç,252207,Başakşehir FK,3086,2,12,7.15,2.26,5.68,39,17,60,30,31,11,0,2678,34,appearances,TUR,2023-2024,datafc_sofascore,2026-08-09T01:36:50.770462
52,53190,Florin Niță,83551,Gaziantep FK,5138,0,0,7.07,0.02,0.04,1,0,1,0,2,3,0,3060,34,appearances,TUR,2023-2024,datafc_sofascore,2026-08-09T01:36:50.770462
52,53190,Enis Bardhi,355024,Trabzonspor,3051,6,4,7.06,3.19,3.28,56,20,37,31,34,3,0,2342,34,appearances,TUR,2023-2024,datafc_sofascore,2026-08-09T01:36:50.770462
52,53190,Nicolas Janvier,802150,Alanyaspor,6362,4,2,7.04,2.42,3.0,35,9,33,24,30,3,0,1655,34,appearances,TUR,2023-2024,datafc_sofascore,2026-08-09T01:36:50.770462
52,53190,Uğurcan Çakır,754330,Trabzonspor,3051,0,0,7.04,0.0,0.12,0,0,1,1,1,4,0,3060,34,appearances,TUR,2023-2024,datafc_sofascore,2026-08-09T01:36:50.770462
52,53190,Ertuğrul Taşkıran,105974,Alanyaspor,6362,0,0,7.01,0.0,0.08,0,0,2,0,0,3,0,3060,34,appearances,TUR,2023-2024,datafc_sofascore,2026-08-09T01:36:50.770462
52,53190,Erdem Canpolat,1066726,Pendikspor,7032,0,0,6.95,0.0,0.08,0,0,1,0,2,6,0,3060,34,appearances,TUR,2023-2024,datafc_sofascore,2026-08-09T01:36:50.770462
52,53190,Mamadou Fall,822228,Kasımpaşa,6063,8,2,6.94,6.19,3.57,49,17,54,28,22,4,0,2854,34,appearances,TUR,2023-2024,datafc_sofascore,2026-08-09T01:36:50.770462
52,53190,Papy Djilobodji,106661,Gaziantep FK,5138,3,1,6.94,2.83,2.05,20,5,17,5,36,5,1,3007,34,appearances,TUR,2023-2024,datafc_sofascore,2026-08-09T01:36:50.770462
52,53190,Marcus Rohdén,209082,Fatih Karagümrük,4954,4,4,6.91,2.44,1.87,36,11,29,13,32,4,0,2426,34,appearances,TUR,2023-2024,datafc_sofascore,2026-08-09T01:36:50.770462
52,53190,Gökcan Kaya,342437,Pendikspor,7032,2,3,6.9,1.71,2.11,32,8,24,18,42,3,0,2116,34,appearances,TUR,2023-2024,datafc_sofascore,2026-08-09T01:36:50.770462
52,53190,Erdoğan Yeşilyurt,142541,Antalyaspor,3056,3,3,6.89,1.78,2.25,31,7,31,26,41,8,1,2485,34,appearances,TUR,2023-2024,datafc_sofascore,2026-08-09T01:36:50.770462
52,53190,Dominik Livaković,190419,Fenerbahçe,3052,0,0,6.89,0.0,0.04,0,0,2,1,2,1,0,3059,34,appearances,TUR,2023-2024,datafc_sofascore,2026-08-09T01:36:50.770462
52,53190,Altin Zeqiri,991742,Çaykur Rizespor,3064,5,5,6.88,6.68,3.34,47,20,36,47,23,4,0,2241,34,appearances,TUR,2023-2024,datafc_sofascore,2026-08-09T01:36:50.770462
52,53190,João Figueiredo,841012,Başakşehir FK,3086,8,2,6.88,5.93,3.46,47,20,32,19,24,4,2,2036,34,appearances,TUR,2023-2024,datafc_sofascore,2026-08-09T01:36:50.770462
52,53190,Taha Şahin,1394729,Çaykur Rizespor,3064,0,4,6.87,0.65,2.84,8,0,27,29,58,5,0,2854,34,appearances,TUR,2023-2024,datafc_sofascore,2026-08-09T01:36:50.770462
52,53190,Eren Elmalı,981483,Trabzonspor,3051,0,0,6.87,1.19,1.89,17,3,29,21,61,9,0,3022,34,appearances,TUR,2023-2024,datafc_sofascore,2026-08-09T01:36:50.770462
52,53190,Cenk Tosun,72127,Beşiktaş JK,3050,6,4,6.86,8.64,1.15,55,14,21,9,14,2,0,1962,34,appearances,TUR,2023-2024,datafc_sofascore,2026-08-09T01:36:50.770462
52,53190,Berkay Özcan,806964,Başakşehir FK,3086,2,2,6.84,2.66,1.41,26,8,21,29,36,2,0,2820,34,appearances,TUR,2023-2024,datafc_sofascore,2026-08-09T01:36:50.770462
52,53190,Mehmet Yeşil,840639,İstanbulspor,3066,0,0,6.8,0.61,0.39,12,3,1,11,40,9,0,2807,34,appearances,TUR,2023-2024,datafc_sofascore,2026-08-09T01:36:50.770462
52,53190,Gökhan Sazdağı,595396,Kayserispor,3072,0,5,6.79,1.56,2.92,25,7,26,35,92,9,0,2905,34,appearances,TUR,2023-2024,datafc_sofascore,2026-08-09T01:36:50.770462
52,53190,Yusuf Özdemir,1084884,Alanyaspor,6362,2,4,6.78,3.51,2.15,25,10,22,8,51,7,0,2481,34,appearances,TUR,2023-2024,datafc_sofascore,2026-08-09T01:36:50.770462
52,53190,Adam Buksa,1138856,Antalyaspor,3056,16,2,7.19,12.27,0.84,93,39,21,27,17,8,0,2925,33,appearances,TUR,2023-2024,datafc_sofascore,2026-08-09T01:36:50.770462
52,53190,Emre Kılınç,202032,Samsunspor,3053,4,4,7.12,2.09,4.63,31,5,53,31,62,4,0,2574,33,appearances,TUR,2023-2024,datafc_sofascore,2026-08-09T01:36:50.770462
52,53190,Steven​ N'Zonzi,51652,Konyaspor,3085,4,0,7.03,1.12,1.2,19,10,16,6,26,2,0,2334,33,appearances,TUR,2023-2024,datafc_sofascore,2026-08-09T01:36:50.770462
52,53190,Enis Destan,1012480,Trabzonspor,3051,9,4,6.97,6.44,0.85,42,23,16,8,20,4,0,1379,33,appearances,TUR,2023-2024,datafc_sofascore,2026-08-09T01:36:50.770462
52,53190,Sokol Cikalleshi,81138,Konyaspor,3085,12,5,6.94,10.96,1.11,64,21,27,27,23,3,0,2364,33,appearances,TUR,2023-2024,datafc_sofascore,2026-08-09T01:36:50.770462
52,53190,Carlo Holse,837012,Samsunspor,3053,5,3,6.9,5.31,2.53,59,24,43,14,68,4,0,2787,33,appearances,TUR,2023-2024,datafc_sofascore,2026-08-09T01:36:50.770462
52,53190,Tasos Chatzigiovanis,850770,MKE Ankaragücü,3103,2,1,6.87,3.04,1.23,38,19,15,55,9,1,0,1375,33,appearances,TUR,2023-2024,datafc_sofascore,2026-08-09T01:36:50.770462
52,53190,Andreaw Gravillon,827934,Adana Demirspor,3101,2,0,6.85,0.97,0.36,27,3,10,19,39,4,0,2766,33,appearances,TUR,2023-2024,datafc_sofascore,2026-08-09T01:36:50.770462
52,53190,Ali Kaan Güneren,867848,MKE Ankaragücü,3103,1,1,6.8,2.9,0.84,23,7,14,22,44,1,0,1934,33,appearances,TUR,2023-2024,datafc_sofascore,2026-08-09T01:36:50.770462
52,53190,Tetê,980327,Galatasaray,3061,0,3,6.8,3.8,2.97,37,14,27,22,10,1,0,1136,33,appearances,TUR,2023-2024,datafc_sofascore,2026-08-09T01:36:50.770462
52,53190,Oğulcan Ülgün,1063942,Konyaspor,3085,1,1,6.75,2.05,1.04,23,9,19,4,34,7,1,1761,33,appearances,TUR,2023-2024,datafc_sofascore,2026-08-09T01:36:50.770462
52,53190,Ali Yaşar,190815,İstanbulspor,3066,1,2,6.68,1.06,1.91,24,8,22,7,36,3,1,2450,33,appearances,TUR,2023-2024,datafc_sofascore,2026-08-09T01:36:50.770462
52,53190,Rey Manaj,587882,Sivasspor,3076,18,3,7.31,14.34,1.48,104,40,17,20,13,10,0,2423,32,appearances,TUR,2023-2024,datafc_sofascore,2026-08-09T01:36:50.770462
52,53190,Ali Şaşal Vural,94540,Sivasspor,3076,0,0,7.23,0.0,0.27,0,0,3,2,2,3,0,2880,32,appearances,TUR,2023-2024,datafc_sofascore,2026-08-09T01:36:50.770462
52,53190,Denis Drăguş,841199,Gaziantep FK,5138,14,1,7.22,13.78,2.44,106,40,38,85,54,8,0,2751,32,appearances,TUR,2023-2024,datafc_sofascore,2026-08-09T01:36:50.770462
52,53190,Emre Akbaba,343527,Adana Demirspor,3101,7,2,7.19,7.41,3.26,64,20,43,32,65,5,0,2682,32,appearances,TUR,2023-2024,datafc_sofascore,2026-08-09T01:36:50.770462
52,53190,Victor Nelsson,846148,Galatasaray,3061,2,0,7.12,1.56,0.89,19,6,5,1,22,3,0,2570,32,appearances,TUR,2023-2024,datafc_sofascore,2026-08-09T01:36:50.770462
52,53190,Semih Güler,325155,Adana Demirspor,3101,0,1,7.09,1.18,0.93,24,6,8,4,52,4,1,2801,32,appearances,TUR,2023-2024,datafc_sofascore,2026-08-09T01:36:50.770462
52,53190,Bahadır Han Güngördü,807289,MKE Ankaragücü,3103,0,1,7.04,0.0,0.1,0,0,3,0,0,2,0,2837,32,appearances,TUR,2023-2024,datafc_sofascore,2026-08-09T01:36:50.770462
52,53190,Pedrinho,182385,MKE Ankaragücü,3103,3,2,7.01,1.17,2.48,30,6,37,12,55,4,0,2199,32,appearances,TUR,2023-2024,datafc_sofascore,2026-08-09T01:36:50.770462
52,53190,Florian Loshaj,831407,İstanbulspor,3066,5,0,6.98,4.81,2.98,56,18,34,35,66,8,1,2705,32,appearances,TUR,2023-2024,datafc_sofascore,2026-08-09T01:36:50.770462
52,53190,Güven Yalçın,826162,Fatih Karagümrük,4954,9,4,6.91,5.75,1.33,58,21,28,39,15,5,0,2136,32,appearances,TUR,2023-2024,datafc_sofascore,2026-08-09T01:36:50.770462
52,53190,João Novais,233370,Alanyaspor,6362,5,2,6.9,5.14,4.58,46,17,33,25,22,7,0,2075,32,appearances,TUR,2023-2024,datafc_sofascore,2026-08-09T01:36:50.770462
52,53190,Gustavo Sauer,904505,Çaykur Rizespor,3064,1,1,6.89,0.92,2.52,27,8,35,23,54,4,0,1449,32,appearances,TUR,2023-2024,datafc_sofascore,2026-08-09T01:36:50.770462
52,53190,Adolfo Gaich,940692,Çaykur Rizespor,3064,8,1,6.86,6.09,0.36,44,22,11,19,10,2,0,1624,32,appearances,TUR,2023-2024,datafc_sofascore,2026-08-09T01:36:50.770462
52,53190,Dario Šarić,848385,Antalyaspor,3056,3,0,6.85,2.65,0.77,47,11,21,33,44,2,0,2563,32,appearances,TUR,2023-2024,datafc_sofascore,2026-08-09T01:36:50.770462
52,53190,Richard,897617,Alanyaspor,6362,1,1,7.16,1.3,1.31,25,7,17,16,74,11,0,2913,34,yellowCards,TUR,2023-2024,datafc_sofascore,2026-08-09T01:36:50.770462
52,53190,Deniz Türüç,252207,Başakşehir FK,3086,2,12,7.15,2.26,5.68,39,17,60,30,31,11,0,2678,34,yellowCards,TUR,2023-2024,datafc_sofascore,2026-08-09T01:36:50.770462
52,53190,Bright Osayi-Samuel,791616,Fenerbahçe,3052,4,1,7.0,1.01,1.01,5,4,9,26,41,11,0,1743,23,yellowCards,TUR,2023-2024,datafc_sofascore,2026-08-09T01:36:50.770462
52,53190,Veysel Sarı,98276,Antalyaspor,3056,1,0,6.93,2.25,0.42,29,6,6,4,72,11,0,3013,35,yellowCards,TUR,2023-2024,datafc_sofascore,2026-08-09T01:36:50.770462
52,53190,Rey Manaj,587882,Sivasspor,3076,18,3,7.31,14.34,1.48,104,40,17,20,13,10,0,2423,32,yellowCards,TUR,2023-2024,datafc_sofascore,2026-08-09T01:36:50.770462
52,53190,Emirhan Topçu,895009,Çaykur Rizespor,3064,1,4,7.26,2.0,1.84,25,8,19,6,65,10,1,2702,31,yellowCards,TUR,2023-2024,datafc_sofascore,2026-08-09T01:36:50.770462
52,53190,Nuno Sequeira,170117,Pendikspor,7032,1,3,6.89,0.98,3.7,15,4,40,20,85,10,0,3066,35,yellowCards,TUR,2023-2024,datafc_sofascore,2026-08-09T01:36:50.770462
52,53190,Uğur Çiftçi,142850,Sivasspor,3076,0,2,6.8,0.47,3.69,15,5,31,21,71,10,0,3118,35,yellowCards,TUR,2023-2024,datafc_sofascore,2026-08-09T01:36:50.770462
52,53190,Ousseynou Ba,889430,Başakşehir FK,3086,0,1,7.16,0.43,0.1,6,0,2,2,48,9,1,1765,22,yellowCards,TUR,2023-2024,datafc_sofascore,2026-08-09T01:36:50.770462
52,53190,Eren Elmalı,981483,Trabzonspor,3051,0,0,6.87,1.19,1.89,17,3,29,21,61,9,0,3022,34,yellowCards,TUR,2023-2024,datafc_sofascore,2026-08-09T01:36:50.770462
52,53190,Muammer Sarıkaya,816571,Çaykur Rizespor,3064,1,1,6.81,3.87,2.27,37,8,18,16,76,9,0,2275,35,yellowCards,TUR,2023-2024,datafc_sofascore,2026-08-09T01:36:50.770462
52,53190,Mehmet Yeşil,840639,İstanbulspor,3066,0,0,6.8,0.61,0.39,12,3,1,11,40,9,0,2807,34,yellowCards,TUR,2023-2024,datafc_sofascore,2026-08-09T01:36:50.770462
52,53190,Gökhan Sazdağı,595396,Kayserispor,3072,0,5,6.79,1.56,2.92,25,7,26,35,92,9,0,2905,34,yellowCards,TUR,2023-2024,datafc_sofascore,2026-08-09T01:36:50.770462
52,53190,Federico Ceccherini,139410,Fatih Karagümrük,4954,1,0,6.68,1.0,0.25,10,1,2,4,23,9,2,2064,27,yellowCards,TUR,2023-2024,datafc_sofascore,2026-08-09T01:36:50.770462
52,53190,Racine Coly,553454,İstanbulspor,3066,1,0,6.59,1.36,0.37,13,5,6,17,20,9,0,1171,22,yellowCards,TUR,2023-2024,datafc_sofascore,2026-08-09T01:36:50.770462
52,53190,Denis Drăguş,841199,Gaziantep FK,5138,14,1,7.22,13.78,2.44,106,40,38,85,54,8,0,2751,32,yellowCards,TUR,2023-2024,datafc_sofascore,2026-08-09T01:36:50.770462
52,53190,Gedson Fernandes,862055,Beşiktaş JK,3050,3,3,7.19,2.94,1.74,36,9,29,46,99,8,0,2457,29,yellowCards,TUR,2023-2024,datafc_sofascore,2026-08-09T01:36:50.770462
52,53190,Adam Buksa,1138856,Antalyaspor,3056,16,2,7.19,12.27,0.84,93,39,21,27,17,8,0,2925,33,yellowCards,TUR,2023-2024,datafc_sofascore,2026-08-09T01:36:50.770462
52,53190,Barış Alper Yılmaz,904096,Galatasaray,3061,6,6,7.15,4.08,5.51,61,18,43,67,60,8,0,2550,37,yellowCards,TUR,2023-2024,datafc_sofascore,2026-08-09T01:36:50.770462
52,53190,Mortadha Ben Ouanes,919225,Kasımpaşa,6063,7,5,7.01,3.26,4.88,36,15,45,31,41,8,0,2999,36,yellowCards,TUR,2023-2024,datafc_sofascore,2026-08-09T01:36:50.770462
52,53190,Erce Kardeşler,758606,Hatayspor,3091,0,0,6.98,0.0,0.09,0,0,0,1,1,8,0,3109,35,yellowCards,TUR,2023-2024,datafc_sofascore,2026-08-09T01:36:50.770462
52,53190,Florian Loshaj,831407,İstanbulspor,3066,5,0,6.98,4.81,2.98,56,18,34,35,66,8,1,2705,32,yellowCards,TUR,2023-2024,datafc_sofascore,2026-08-09T01:36:50.770462
52,53190,Faouzi Ghoulam,133236,Hatayspor,3091,1,2,6.95,0.67,3.16,14,6,29,5,19,8,0,1427,21,yellowCards,TUR,2023-2024,datafc_sofascore,2026-08-09T01:36:50.770462
52,53190,Charis Charisis,317297,Sivasspor,3076,1,4,6.91,1.06,1.29,19,5,29,27,70,8,0,2424,30,yellowCards,TUR,2023-2024,datafc_sofascore,2026-08-09T01:36:50.770462
52,53190,Levent Mercan,1085938,Fatih Karagümrük,4954,1,5,6.9,0.7,2.51,14,1,33,37,82,8,0,3113,36,yellowCards,TUR,2023-2024,datafc_sofascore,2026-08-09T01:36:50.770462
52,53190,Uroš Radaković,151900,MKE Ankaragücü,3103,1,1,6.89,1.52,0.41,17,4,7,4,42,8,0,3070,35,yellowCards,TUR,2023-2024,datafc_sofascore,2026-08-09T01:36:50.770462
52,53190,Erdoğan Yeşilyurt,142541,Antalyaspor,3056,3,3,6.89,1.78,2.25,31,7,31,26,41,8,1,2485,34,yellowCards,TUR,2023-2024,datafc_sofascore,2026-08-09T01:36:50.770462
52,53190,Jayden Oosterwolde,1048324,Fenerbahçe,3052,0,0,6.85,0.65,2.19,7,2,9,22,42,8,0,1925,27,yellowCards,TUR,2023-2024,datafc_sofascore,2026-08-09T01:36:50.770462
52,53190,Batista Mendy,859021,Trabzonspor,3051,1,0,6.85,0.67,1.17,19,4,7,29,45,8,1,2682,30,yellowCards,TUR,2023-2024,datafc_sofascore,2026-08-09T01:36:50.770462
52,53190,Valentin Eysseric,139798,Fatih Karagümrük,4954,5,7,7.46,4.48,7.64,54,18,74,27,42,7,1,2420,31,yellowCards,TUR,2023-2024,datafc_sofascore,2026-08-09T01:36:50.770462
52,53190,Lucas Torreira,754794,Galatasaray,3061,1,2,7.2,2.08,2.97,31,4,29,9,80,7,0,2993,35,yellowCards,TUR,2023-2024,datafc_sofascore,2026-08-09T01:36:50.770462
52,53190,Mario Balotelli,25530,Adana Demirspor,3101,7,1,7.09,5.46,0.98,51,17,16,8,4,7,1,938,16,yellowCards,TUR,2023-2024,datafc_sofascore,2026-08-09T01:36:50.770462
52,53190,Ahmet Oğuz,603902,Konyaspor,3085,1,1,6.96,0.32,1.29,10,2,20,15,65,7,0,2113,31,yellowCards,TUR,2023-2024,datafc_sofascore,2026-08-09T01:36:50.770462
52,53190,Jure Balkovec,171625,Alanyaspor,6362,3,0,6.94,0.57,3.07,21,7,26,7,33,7,0,2141,28,yellowCards,TUR,2023-2024,datafc_sofascore,2026-08-09T01:36:50.770462
52,53190,Alpaslan Öztürk,148857,Pendikspor,7032,2,0,6.92,2.18,0.64,12,5,3,3,24,7,0,1866,22,yellowCards,TUR,2023-2024,datafc_sofascore,2026-08-09T01:36:50.770462
52,53190,João Novais,233370,Alanyaspor,6362,5,2,6.9,5.14,4.58,46,17,33,25,22,7,0,2075,32,yellowCards,TUR,2023-2024,datafc_sofascore,2026-08-09T01:36:50.770462
52,53190,Güray Vural,43559,Antalyaspor,3056,1,3,6.9,1.13,2.92,25,4,26,8,54,7,0,2568,30,yellowCards,TUR,2023-2024,datafc_sofascore,2026-08-09T01:36:50.770462
52,53190,Ogün Özçiçek,859783,Gaziantep FK,5138,3,2,6.88,1.46,1.22,29,10,15,19,38,7,0,2014,29,yellowCards,TUR,2023-2024,datafc_sofascore,2026-08-09T01:36:50.770462
52,53190,Simon Deli,326419,İstanbulspor,3066,0,0,6.87,0.85,0.73,9,2,7,6,23,7,0,2167,27,yellowCards,TUR,2023-2024,datafc_sofascore,2026-08-09T01:36:50.770462
52,53190,Fidan Aliti,385296,Alanyaspor,6362,0,2,6.87,2.24,0.49,14,3,8,4,38,7,0,3047,35,yellowCards,TUR,2023-2024,datafc_sofascore,2026-08-09T01:36:50.770462
52,53190,Stelios Kitsiou,189627,MKE Ankaragücü,3103,0,1,6.84,0.77,1.13,14,0,19,21,65,7,0,2135,28,yellowCards,TUR,2023-2024,datafc_sofascore,2026-08-09T01:36:50.770462
52,53190,Lazar Marković,98461,Gaziantep FK,5138,3,5,6.82,2.25,2.02,22,10,23,25,18,7,0,1561,30,yellowCards,TUR,2023-2024,datafc_sofascore,2026-08-09T01:36:50.770462
52,53190,Cláudio Winck,155998,Kasımpaşa,6063,3,1,6.82,3.38,2.58,31,8,22,37,72,7,1,2862,32,yellowCards,TUR,2023-2024,datafc_sofascore,2026-08-09T01:36:50.770462
52,53190,Aylton Boa Morte,883918,Kayserispor,3072,8,2,6.8,9.83,2.51,70,29,29,70,39,7,0,2628,32,yellowCards,TUR,2023-2024,datafc_sofascore,2026-08-09T01:36:50.770462
52,53190,Renat Dadaşov,836941,Hatayspor,3091,6,0,6.79,5.98,0.76,27,15,14,14,8,7,0,1411,31,yellowCards,TUR,2023-2024,datafc_sofascore,2026-08-09T01:36:50.770462
52,53190,Furkan Bayır,1003161,Alanyaspor,6362,0,0,6.79,1.34,0.2,10,2,1,0,38,7,1,2042,31,yellowCards,TUR,2023-2024,datafc_sofascore,2026-08-09T01:36:50.770462
52,53190,Yusuf Özdemir,1084884,Alanyaspor,6362,2,4,6.78,3.51,2.15,25,10,22,8,51,7,0,2481,34,yellowCards,TUR,2023-2024,datafc_sofascore,2026-08-09T01:36:50.770462
52,53190,Soner Dikmen,847782,Konyaspor,3085,1,0,6.76,3.18,1.09,38,9,6,13,53,7,0,3217,37,yellowCards,TUR,2023-2024,datafc_sofascore,2026-08-09T01:36:50.770462
52,53190,Oğulcan Ülgün,1063942,Konyaspor,3085,1,1,6.75,2.05,1.04,23,9,19,4,34,7,1,1761,33,yellowCards,TUR,2023-2024,datafc_sofascore,2026-08-09T01:36:50.770462
52,53190,Okan Erdoğan,881213,İstanbulspor,3066,0,0,6.63,0.33,1.04,6,1,7,16,51,7,1,2460,30,yellowCards,TUR,2023-2024,datafc_sofascore,2026-08-09T01:36:50.770462
52,53190,Jonjo Shelvey,36465,Çaykur Rizespor,3064,3,6,7.15,2.58,3.71,55,16,48,17,36,6,0,2604,31,yellowCards,TUR,2023-2024,datafc_sofascore,2026-08-09T01:36:50.770462
52,53190,Ibrahim Olawoyin,1008173,Çaykur Rizespor,3064,8,2,7.12,5.84,2.99,64,25,39,65,63,6,0,2970,35,yellowCards,TUR,2023-2024,datafc_sofascore,2026-08-09T01:36:50.770462
52,53190,Salih Uçan,135695,Beşiktaş JK,3050,1,3,7.11,1.52,4.11,20,4,20,22,41,6,0,1579,23,yellowCards,TUR,2023-2024,datafc_sofascore,2026-08-09T01:36:50.770462
52,53190,Jerome Opoku,920514,Başakşehir FK,3086,4,1,7.06,1.9,0.74,11,5,9,18,26,6,1,2481,28,yellowCards,TUR,2023-2024,datafc_sofascore,2026-08-09T01:36:50.770462
52,53190,Dimitrios Pelkas,139304,Başakşehir FK,3086,6,5,7.04,4.7,2.2,30,17,24,18,20,6,0,1245,23,yellowCards,TUR,2023-2024,datafc_sofascore,2026-08-09T01:36:50.770462
52,53190,Fisayo Dele-Bashiru,910121,Hatayspor,3091,8,3,7.01,5.58,2.31,45,18,40,71,33,6,0,3039,36,yellowCards,TUR,2023-2024,datafc_sofascore,2026-08-09T01:36:50.770462
52,53190,Erdem Canpolat,1066726,Pendikspor,7032,0,0,6.95,0.0,0.08,0,0,1,0,2,6,0,3060,34,yellowCards,TUR,2023-2024,datafc_sofascore,2026-08-09T01:36:50.770462
52,53190,Loide Augusto,1110708,Alanyaspor,6362,3,2,6.92,1.07,1.97,21,4,13,54,40,6,0,1797,26,yellowCards,TUR,2023-2024,datafc_sofascore,2026-08-09T01:36:50.770462
52,53190,Rigoberto Rivas,837742,Hatayspor,3091,5,4,6.92,3.4,3.2,31,12,29,25,47,6,0,2431,29,yellowCards,TUR,2023-2024,datafc_sofascore,2026-08-09T01:36:50.770462
52,53190,Rachid Ghezzal,123228,Beşiktaş JK,3050,1,3,6.92,3.28,3.99,32,10,37,18,21,6,0,1173,27,yellowCards,TUR,2023-2024,datafc_sofascore,2026-08-09T01:36:50.770462
52,53190,Édouard Michut,1048011,Adana Demirspor,3101,0,1,6.9,0.78,1.7,17,6,20,22,36,6,0,1734,24,yellowCards,TUR,2023-2024,datafc_sofascore,2026-08-09T01:36:50.770462
52,53190,Rick Van Drongelen,803023,Samsunspor,3053,3,0,6.89,1.59,0.68,22,6,6,4,39,6,0,2395,30,yellowCards,TUR,2023-2024,datafc_sofascore,2026-08-09T01:36:50.770462
52,53190,Alim Öztürk,151074,Samsunspor,3053,0,2,6.86,0.6,1.35,7,3,4,1,29,6,0,1927,25,yellowCards,TUR,2023-2024,datafc_sofascore,2026-08-09T01:36:50.770462
52,53190,Kartal Kayra Yılmaz,966811,Kayserispor,3072,0,2,6.85,0.4,2.12,19,1,25,11,46,6,1,2409,29,yellowCards,TUR,2023-2024,datafc_sofascore,2026-08-09T01:36:50.770462
52,53190,Davide Biraschi,233252,Fatih Karagümrük,4954,0,1,6.8,0.62,0.85,5,0,5,9,47,6,1,2575,30,yellowCards,TUR,2023-2024,datafc_sofascore,2026-08-09T01:36:50.770462
52,53190,Marko Jevtović,310068,Gaziantep FK,5138,3,0,6.79,1.01,0.56,18,5,5,3,30,6,0,1736,30,yellowCards,TUR,2023-2024,datafc_sofascore,2026-08-09T01:36:50.770462
52,53190,Furkan Soyalp,226992,Gaziantep FK,5138,1,3,6.77,1.91,1.09,18,9,17,12,49,6,1,1615,30,yellowCards,TUR,2023-2024,datafc_sofascore,2026-08-09T01:36:50.770462
52,53190,Ante Rebić,152769,Beşiktaş JK,3050,0,3,6.77,0.27,2.0,7,2,20,6,4,6,0,394,15,yellowCards,TUR,2023-2024,datafc_sofascore,2026-08-09T01:36:50.770462
52,53190,Dimitris Kourbelis,128089,Fatih Karagümrük,4954,0,0,6.76,0.07,0.28,5,0,3,3,29,6,0,1174,18,yellowCards,TUR,2023-2024,datafc_sofascore,2026-08-09T01:36:50.770462
52,53190,Sadık Çiftpınar,111811,Kasımpaşa,6063,0,0,6.75,0.7,0.1,9,4,0,0,15,6,0,1299,21,yellowCards,TUR,2023-2024,datafc_sofascore,2026-08-09T01:36:50.770462
52,53190,Ömer Faruk Beyaz,1022881,Hatayspor,3091,0,0,6.74,1.52,1.8,18,9,15,32,49,6,0,1390,27,yellowCards,TUR,2023-2024,datafc_sofascore,2026-08-09T01:36:50.770462
52,53190,Otabek Shukurov,358890,Kayserispor,3072,0,1,6.67,0.54,0.41,9,3,14,9,16,6,0,1083,27,yellowCards,TUR,2023-2024,datafc_sofascore,2026-08-09T01:36:50.770462
52,53190,Mithat Pala,1016393,Çaykur Rizespor,3064,0,2,6.62,0.35,0.69,13,3,13,32,50,6,1,1551,25,yellowCards,TUR,2023-2024,datafc_sofascore,2026-08-09T01:36:50.770462
52,53190,İrfan Can Kahveci,226986,Fenerbahçe,3052,12,7,7.39,3.98,7.71,40,21,52,36,33,5,0,2027,31,yellowCards,TUR,2023-2024,datafc_sofascore,2026-08-09T01:36:50.770462
52,53190,Fred,243623,Fenerbahçe,3052,3,4,7.34,3.99,4.93,50,15,31,25,51,5,1,2051,25,yellowCards,TUR,2023-2024,datafc_sofascore,2026-08-09T01:36:50.770462
52,53190,Bilal Bayazit,825850,Kayserispor,3072,0,0,7.22,0.0,0.07,0,0,3,0,3,5,0,3150,35,yellowCards,TUR,2023-2024,datafc_sofascore,2026-08-09T01:36:50.770462
52,53190,Emre Akbaba,343527,Adana Demirspor,3101,7,2,7.19,7.41,3.26,64,20,43,32,65,5,0,2682,32,yellowCards,TUR,2023-2024,datafc_sofascore,2026-08-09T01:36:50.770462
52,53190,İsmail Yüksek,952600,Fenerbahçe,3052,0,4,7.15,2.24,2.28,26,4,29,29,73,5,2,2319,30,yellowCards,TUR,2023-2024,datafc_sofascore,2026-08-09T01:36:50.770462
52,53190,Semih Kılıçsoy,1142606,Beşiktaş JK,3050,11,4,7.13,5.59,1.48,57,24,16,40,16,5,0,1695,23,yellowCards,TUR,2023-2024,datafc_sofascore,2026-08-09T01:36:50.770462
52,53190,Efecan Karaca,60510,Alanyaspor,6362,2,3,7.02,3.18,4.83,21,9,50,31,57,5,0,2753,37,yellowCards,TUR,2023-2024,datafc_sofascore,2026-08-09T01:36:50.770462
52,53190,Alexander Djiku,289977,Fenerbahçe,3052,3,1,7.01,2.27,0.38,12,3,7,4,39,5,1,2032,25,yellowCards,TUR,2023-2024,datafc_sofascore,2026-08-09T01:36:50.770462
52,53190,Necip Uysal,43394,Beşiktaş JK,3050,0,1,6.96,0.74,0.53,11,3,6,7,46,5,0,2359,30,yellowCards,TUR,2023-2024,datafc_sofascore,2026-08-09T01:36:50.770462
52,53190,Bengali-Fodé Koita,51407,Sivasspor,3076,8,0,6.96,5.64,1.35,40,25,20,18,12,5,1,1307,24,yellowCards,TUR,2023-2024,datafc_sofascore,2026-08-09T01:36:50.770462
52,53190,Ryan Mendes,52797,Fatih Karagümrük,4954,4,4,6.96,2.1,3.44,33,15,26,29,32,5,2,1508,23,yellowCards,TUR,2023-2024,datafc_sofascore,2026-08-09T01:36:50.770462
52,53190,Uğurcan Yazğılı,904303,Konyaspor,3085,2,0,6.95,1.03,0.62,13,2,14,6,68,5,0,2718,35,yellowCards,TUR,2023-2024,datafc_sofascore,2026-08-09T01:36:50.770462
52,53190,Papy Djilobodji,106661,Gaziantep FK,5138,3,1,6.94,2.83,2.05,20,5,17,5,36,5,1,3007,34,yellowCards,TUR,2023-2024,datafc_sofascore,2026-08-09T01:36:50.770462
52,53190,Kenneth Omeruo,158293,Kasımpaşa,6063,1,1,6.93,1.01,0.68,12,6,10,4,32,5,1,2081,24,yellowCards,TUR,2023-2024,datafc_sofascore,2026-08-09T01:36:50.770462
52,53190,Mustafa Eskihellaç,899069,Gaziantep FK,5138,2,3,6.93,1.29,2.92,25,5,29,41,66,5,0,3067,35,yellowCards,TUR,2023-2024,datafc_sofascore,2026-08-09T01:36:50.770462
52,53190,Arnaud Lusamba,361342,Pendikspor,7032,0,3,6.93,0.31,1.96,9,4,24,32,48,5,1,2024,27,yellowCards,TUR,2023-2024,datafc_sofascore,2026-08-09T01:36:50.770462
52,53190,Güven Yalçın,826162,Fatih Karagümrük,4954,9,4,6.91,5.75,1.33,58,21,28,39,15,5,0,2136,32,yellowCards,TUR,2023-2024,datafc_sofascore,2026-08-09T01:36:50.770462
52,53190,Teenage Hadebe,864666,Konyaspor,3085,0,1,6.89,0.43,0.47,6,1,5,1,10,5,0,907,11,yellowCards,TUR,2023-2024,datafc_sofascore,2026-08-09T01:36:50.770462
52,53190,Marius Mouandilmadji,943593,Samsunspor,3053,9,1,6.88,10.59,0.73,70,27,10,14,6,5,1,2080,30,yellowCards,TUR,2023-2024,datafc_sofascore,2026-08-09T01:36:50.770462
52,53190,Taha Şahin,1394729,Çaykur Rizespor,3064,0,4,6.87,0.65,2.84,8,0,27,29,58,5,0,2854,34,yellowCards,TUR,2023-2024,datafc_sofascore,2026-08-09T01:36:50.770462
52,53190,Renaldo Cephas,1384968,MKE Ankaragücü,3103,3,1,6.83,4.71,1.91,43,19,15,41,28,5,0,1626,31,yellowCards,TUR,2023-2024,datafc_sofascore,2026-08-09T01:36:50.770462
52,53190,Nani,17740,Adana Demirspor,3101,4,2,6.83,2.22,1.37,29,15,17,13,13,5,0,975,28,yellowCards,TUR,2023-2024,datafc_sofascore,2026-08-09T01:36:50.770462
52,53190,Arthur Masuaku,174975,Beşiktaş JK,3050,0,0,6.82,0.17,1.15,7,3,14,34,29,5,0,1451,18,yellowCards,TUR,2023-2024,datafc_sofascore,2026-08-09T01:36:50.770462
52,53190,Endri Çekiçi,187153,Pendikspor,7032,1,2,6.82,1.01,1.38,22,3,13,5,20,5,0,853,24,yellowCards,TUR,2023-2024,datafc_sofascore,2026-08-09T01:36:50.770462
52,53190,Casper Højer,281233,Çaykur Rizespor,3064,1,2,6.79,0.72,3.51,17,6,38,8,41,5,0,2060,27,yellowCards,TUR,2023-2024,datafc_sofascore,2026-08-09T01:36:50.770462
52,53190,Erdal Rakip,319871,Antalyaspor,3056,0,1,6.78,0.7,0.5,13,3,11,19,46,5,1,1329,28,yellowCards,TUR,2023-2024,datafc_sofascore,2026-08-09T01:36:50.770462
52,53190,Leroy Fer,31821,Alanyaspor,6362,1,0,6.77,2.85,1.41,26,7,10,10,39,5,2,1805,31,yellowCards,TUR,2023-2024,datafc_sofascore,2026-08-09T01:36:50.770462
52,53190,Richard,897617,Alanyaspor,6362,1,1,7.16,1.3,1.31,25,7,17,16,74,11,0,2913,34,yellowCards,TUR,2023-2024,datafc_sofascore,2026-08-09T01:36:50.770462
52,53190,Deniz Türüç,252207,Başakşehir FK,3086,2,12,7.15,2.26,5.68,39,17,60,30,31,11,0,2678,34,yellowCards,TUR,2023-2024,datafc_sofascore,2026-08-09T01:36:50.770462
52,53190,Bright Osayi-Samuel,791616,Fenerbahçe,3052,4,1,7.0,1.01,1.01,5,4,9,26,41,11,0,1743,23,yellowCards,TUR,2023-2024,datafc_sofascore,2026-08-09T01:36:50.770462
52,53190,Veysel Sarı,98276,Antalyaspor,3056,1,0,6.93,2.25,0.42,29,6,6,4,72,11,0,3013,35,yellowCards,TUR,2023-2024,datafc_sofascore,2026-08-09T01:36:50.770462
52,53190,Rey Manaj,587882,Sivasspor,3076,18,3,7.31,14.34,1.48,104,40,17,20,13,10,0,2423,32,yellowCards,TUR,2023-2024,datafc_sofascore,2026-08-09T01:36:50.770462
52,53190,Emirhan Topçu,895009,Çaykur Rizespor,3064,1,4,7.26,2.0,1.84,25,8,19,6,65,10,1,2702,31,yellowCards,TUR,2023-2024,datafc_sofascore,2026-08-09T01:36:50.770462
52,53190,Nuno Sequeira,170117,Pendikspor,7032,1,3,6.89,0.98,3.7,15,4,40,20,85,10,0,3066,35,yellowCards,TUR,2023-2024,datafc_sofascore,2026-08-09T01:36:50.770462
52,53190,Uğur Çiftçi,142850,Sivasspor,3076,0,2,6.8,0.47,3.69,15,5,31,21,71,10,0,3118,35,yellowCards,TUR,2023-2024,datafc_sofascore,2026-08-09T01:36:50.770462
52,53190,Ousseynou Ba,889430,Başakşehir FK,3086,0,1,7.16,0.43,0.1,6,0,2,2,48,9,1,1765,22,yellowCards,TUR,2023-2024,datafc_sofascore,2026-08-09T01:36:50.770462
52,53190,Eren Elmalı,981483,Trabzonspor,3051,0,0,6.87,1.19,1.89,17,3,29,21,61,9,0,3022,34,yellowCards,TUR,2023-2024,datafc_sofascore,2026-08-09T01:36:50.770462
52,53190,Muammer Sarıkaya,816571,Çaykur Rizespor,3064,1,1,6.81,3.87,2.27,37,8,18,16,76,9,0,2275,35,yellowCards,TUR,2023-2024,datafc_sofascore,2026-08-09T01:36:50.770462
52,53190,Mehmet Yeşil,840639,İstanbulspor,3066,0,0,6.8,0.61,0.39,12,3,1,11,40,9,0,2807,34,yellowCards,TUR,2023-2024,datafc_sofascore,2026-08-09T01:36:50.770462
52,53190,Gökhan Sazdağı,595396,Kayserispor,3072,0,5,6.79,1.56,2.92,25,7,26,35,92,9,0,2905,34,yellowCards,TUR,2023-2024,datafc_sofascore,2026-08-09T01:36:50.770462
52,53190,Federico Ceccherini,139410,Fatih Karagümrük,4954,1,0,6.68,1.0,0.25,10,1,2,4,23,9,2,2064,27,yellowCards,TUR,2023-2024,datafc_sofascore,2026-08-09T01:36:50.770462
52,53190,Racine Coly,553454,İstanbulspor,3066,1,0,6.59,1.36,0.37,13,5,6,17,20,9,0,1171,22,yellowCards,TUR,2023-2024,datafc_sofascore,2026-08-09T01:36:50.770462
52,53190,Denis Drăguş,841199,Gaziantep FK,5138,14,1,7.22,13.78,2.44,106,40,38,85,54,8,0,2751,32,yellowCards,TUR,2023-2024,datafc_sofascore,2026-08-09T01:36:50.770462
52,53190,Gedson Fernandes,862055,Beşiktaş JK,3050,3,3,7.19,2.94,1.74,36,9,29,46,99,8,0,2457,29,yellowCards,TUR,2023-2024,datafc_sofascore,2026-08-09T01:36:50.770462
52,53190,Adam Buksa,1138856,Antalyaspor,3056,16,2,7.19,12.27,0.84,93,39,21,27,17,8,0,2925,33,yellowCards,TUR,2023-2024,datafc_sofascore,2026-08-09T01:36:50.770462
52,53190,Barış Alper Yılmaz,904096,Galatasaray,3061,6,6,7.15,4.08,5.51,61,18,43,67,60,8,0,2550,37,yellowCards,TUR,2023-2024,datafc_sofascore,2026-08-09T01:36:50.770462
52,53190,Mortadha Ben Ouanes,919225,Kasımpaşa,6063,7,5,7.01,3.26,4.88,36,15,45,31,41,8,0,2999,36,yellowCards,TUR,2023-2024,datafc_sofascore,2026-08-09T01:36:50.770462
52,53190,Erce Kardeşler,758606,Hatayspor,3091,0,0,6.98,0.0,0.09,0,0,0,1,1,8,0,3109,35,yellowCards,TUR,2023-2024,datafc_sofascore,2026-08-09T01:36:50.770462
52,53190,Florian Loshaj,831407,İstanbulspor,3066,5,0,6.98,4.81,2.98,56,18,34,35,66,8,1,2705,32,yellowCards,TUR,2023-2024,datafc_sofascore,2026-08-09T01:36:50.770462
52,53190,Faouzi Ghoulam,133236,Hatayspor,3091,1,2,6.95,0.67,3.16,14,6,29,5,19,8,0,1427,21,yellowCards,TUR,2023-2024,datafc_sofascore,2026-08-09T01:36:50.770462
52,53190,Charis Charisis,317297,Sivasspor,3076,1,4,6.91,1.06,1.29,19,5,29,27,70,8,0,2424,30,yellowCards,TUR,2023-2024,datafc_sofascore,2026-08-09T01:36:50.770462
52,53190,Levent Mercan,1085938,Fatih Karagümrük,4954,1,5,6.9,0.7,2.51,14,1,33,37,82,8,0,3113,36,yellowCards,TUR,2023-2024,datafc_sofascore,2026-08-09T01:36:50.770462
52,53190,Uroš Radaković,151900,MKE Ankaragücü,3103,1,1,6.89,1.52,0.41,17,4,7,4,42,8,0,3070,35,yellowCards,TUR,2023-2024,datafc_sofascore,2026-08-09T01:36:50.770462
52,53190,Erdoğan Yeşilyurt,142541,Antalyaspor,3056,3,3,6.89,1.78,2.25,31,7,31,26,41,8,1,2485,34,yellowCards,TUR,2023-2024,datafc_sofascore,2026-08-09T01:36:50.770462
52,53190,Jayden Oosterwolde,1048324,Fenerbahçe,3052,0,0,6.85,0.65,2.19,7,2,9,22,42,8,0,1925,27,yellowCards,TUR,2023-2024,datafc_sofascore,2026-08-09T01:36:50.770462
52,53190,Batista Mendy,859021,Trabzonspor,3051,1,0,6.85,0.67,1.17,19,4,7,29,45,8,1,2682,30,yellowCards,TUR,2023-2024,datafc_sofascore,2026-08-09T01:36:50.770462
52,53190,Valentin Eysseric,139798,Fatih Karagümrük,4954,5,7,7.46,4.48,7.64,54,18,74,27,42,7,1,2420,31,yellowCards,TUR,2023-2024,datafc_sofascore,2026-08-09T01:36:50.770462
52,53190,Lucas Torreira,754794,Galatasaray,3061,1,2,7.2,2.08,2.97,31,4,29,9,80,7,0,2993,35,yellowCards,TUR,2023-2024,datafc_sofascore,2026-08-09T01:36:50.770462
52,53190,Mario Balotelli,25530,Adana Demirspor,3101,7,1,7.09,5.46,0.98,51,17,16,8,4,7,1,938,16,yellowCards,TUR,2023-2024,datafc_sofascore,2026-08-09T01:36:50.770462
52,53190,Ahmet Oğuz,603902,Konyaspor,3085,1,1,6.96,0.32,1.29,10,2,20,15,65,7,0,2113,31,yellowCards,TUR,2023-2024,datafc_sofascore,2026-08-09T01:36:50.770462
52,53190,Jure Balkovec,171625,Alanyaspor,6362,3,0,6.94,0.57,3.07,21,7,26,7,33,7,0,2141,28,yellowCards,TUR,2023-2024,datafc_sofascore,2026-08-09T01:36:50.770462
52,53190,Alpaslan Öztürk,148857,Pendikspor,7032,2,0,6.92,2.18,0.64,12,5,3,3,24,7,0,1866,22,yellowCards,TUR,2023-2024,datafc_sofascore,2026-08-09T01:36:50.770462
52,53190,João Novais,233370,Alanyaspor,6362,5,2,6.9,5.14,4.58,46,17,33,25,22,7,0,2075,32,yellowCards,TUR,2023-2024,datafc_sofascore,2026-08-09T01:36:50.770462
52,53190,Güray Vural,43559,Antalyaspor,3056,1,3,6.9,1.13,2.92,25,4,26,8,54,7,0,2568,30,yellowCards,TUR,2023-2024,datafc_sofascore,2026-08-09T01:36:50.770462
52,53190,Ogün Özçiçek,859783,Gaziantep FK,5138,3,2,6.88,1.46,1.22,29,10,15,19,38,7,0,2014,29,yellowCards,TUR,2023-2024,datafc_sofascore,2026-08-09T01:36:50.770462
52,53190,Simon Deli,326419,İstanbulspor,3066,0,0,6.87,0.85,0.73,9,2,7,6,23,7,0,2167,27,yellowCards,TUR,2023-2024,datafc_sofascore,2026-08-09T01:36:50.770462
52,53190,Fidan Aliti,385296,Alanyaspor,6362,0,2,6.87,2.24,0.49,14,3,8,4,38,7,0,3047,35,yellowCards,TUR,2023-2024,datafc_sofascore,2026-08-09T01:36:50.770462
52,53190,Stelios Kitsiou,189627,MKE Ankaragücü,3103,0,1,6.84,0.77,1.13,14,0,19,21,65,7,0,2135,28,yellowCards,TUR,2023-2024,datafc_sofascore,2026-08-09T01:36:50.770462
52,53190,Lazar Marković,98461,Gaziantep FK,5138,3,5,6.82,2.25,2.02,22,10,23,25,18,7,0,1561,30,yellowCards,TUR,2023-2024,datafc_sofascore,2026-08-09T01:36:50.770462
52,53190,Cláudio Winck,155998,Kasımpaşa,6063,3,1,6.82,3.38,2.58,31,8,22,37,72,7,1,2862,32,yellowCards,TUR,2023-2024,datafc_sofascore,2026-08-09T01:36:50.770462
52,53190,Aylton Boa Morte,883918,Kayserispor,3072,8,2,6.8,9.83,2.51,70,29,29,70,39,7,0,2628,32,yellowCards,TUR,2023-2024,datafc_sofascore,2026-08-09T01:36:50.770462
52,53190,Renat Dadaşov,836941,Hatayspor,3091,6,0,6.79,5.98,0.76,27,15,14,14,8,7,0,1411,31,yellowCards,TUR,2023-2024,datafc_sofascore,2026-08-09T01:36:50.770462
52,53190,Furkan Bayır,1003161,Alanyaspor,6362,0,0,6.79,1.34,0.2,10,2,1,0,38,7,1,2042,31,yellowCards,TUR,2023-2024,datafc_sofascore,2026-08-09T01:36:50.770462
52,53190,Yusuf Özdemir,1084884,Alanyaspor,6362,2,4,6.78,3.51,2.15,25,10,22,8,51,7,0,2481,34,yellowCards,TUR,2023-2024,datafc_sofascore,2026-08-09T01:36:50.770462
52,53190,Soner Dikmen,847782,Konyaspor,3085,1,0,6.76,3.18,1.09,38,9,6,13,53,7,0,3217,37,yellowCards,TUR,2023-2024,datafc_sofascore,2026-08-09T01:36:50.770462
52,53190,Oğulcan Ülgün,1063942,Konyaspor,3085,1,1,6.75,2.05,1.04,23,9,19,4,34,7,1,1761,33,yellowCards,TUR,2023-2024,datafc_sofascore,2026-08-09T01:36:50.770462
52,53190,Okan Erdoğan,881213,İstanbulspor,3066,0,0,6.63,0.33,1.04,6,1,7,16,51,7,1,2460,30,yellowCards,TUR,2023-2024,datafc_sofascore,2026-08-09T01:36:50.770462
52,53190,Jonjo Shelvey,36465,Çaykur Rizespor,3064,3,6,7.15,2.58,3.71,55,16,48,17,36,6,0,2604,31,yellowCards,TUR,2023-2024,datafc_sofascore,2026-08-09T01:36:50.770462
52,53190,Ibrahim Olawoyin,1008173,Çaykur Rizespor,3064,8,2,7.12,5.84,2.99,64,25,39,65,63,6,0,2970,35,yellowCards,TUR,2023-2024,datafc_sofascore,2026-08-09T01:36:50.770462
52,53190,Salih Uçan,135695,Beşiktaş JK,3050,1,3,7.11,1.52,4.11,20,4,20,22,41,6,0,1579,23,yellowCards,TUR,2023-2024,datafc_sofascore,2026-08-09T01:36:50.770462
52,53190,Jerome Opoku,920514,Başakşehir FK,3086,4,1,7.06,1.9,0.74,11,5,9,18,26,6,1,2481,28,yellowCards,TUR,2023-2024,datafc_sofascore,2026-08-09T01:36:50.770462
52,53190,Dimitrios Pelkas,139304,Başakşehir FK,3086,6,5,7.04,4.7,2.2,30,17,24,18,20,6,0,1245,23,yellowCards,TUR,2023-2024,datafc_sofascore,2026-08-09T01:36:50.770462
52,53190,Fisayo Dele-Bashiru,910121,Hatayspor,3091,8,3,7.01,5.58,2.31,45,18,40,71,33,6,0,3039,36,yellowCards,TUR,2023-2024,datafc_sofascore,2026-08-09T01:36:50.770462
52,53190,Erdem Canpolat,1066726,Pendikspor,7032,0,0,6.95,0.0,0.08,0,0,1,0,2,6,0,3060,34,yellowCards,TUR,2023-2024,datafc_sofascore,2026-08-09T01:36:50.770462
52,53190,Loide Augusto,1110708,Alanyaspor,6362,3,2,6.92,1.07,1.97,21,4,13,54,40,6,0,1797,26,yellowCards,TUR,2023-2024,datafc_sofascore,2026-08-09T01:36:50.770462
52,53190,Rigoberto Rivas,837742,Hatayspor,3091,5,4,6.92,3.4,3.2,31,12,29,25,47,6,0,2431,29,yellowCards,TUR,2023-2024,datafc_sofascore,2026-08-09T01:36:50.770462
52,53190,Rachid Ghezzal,123228,Beşiktaş JK,3050,1,3,6.92,3.28,3.99,32,10,37,18,21,6,0,1173,27,yellowCards,TUR,2023-2024,datafc_sofascore,2026-08-09T01:36:50.770462
52,53190,Édouard Michut,1048011,Adana Demirspor,3101,0,1,6.9,0.78,1.7,17,6,20,22,36,6,0,1734,24,yellowCards,TUR,2023-2024,datafc_sofascore,2026-08-09T01:36:50.770462
52,53190,Rick Van Drongelen,803023,Samsunspor,3053,3,0,6.89,1.59,0.68,22,6,6,4,39,6,0,2395,30,yellowCards,TUR,2023-2024,datafc_sofascore,2026-08-09T01:36:50.770462
52,53190,Alim Öztürk,151074,Samsunspor,3053,0,2,6.86,0.6,1.35,7,3,4,1,29,6,0,1927,25,yellowCards,TUR,2023-2024,datafc_sofascore,2026-08-09T01:36:50.770462
52,53190,Kartal Kayra Yılmaz,966811,Kayserispor,3072,0,2,6.85,0.4,2.12,19,1,25,11,46,6,1,2409,29,yellowCards,TUR,2023-2024,datafc_sofascore,2026-08-09T01:36:50.770462
52,53190,Davide Biraschi,233252,Fatih Karagümrük,4954,0,1,6.8,0.62,0.85,5,0,5,9,47,6,1,2575,30,yellowCards,TUR,2023-2024,datafc_sofascore,2026-08-09T01:36:50.770462
52,53190,Marko Jevtović,310068,Gaziantep FK,5138,3,0,6.79,1.01,0.56,18,5,5,3,30,6,0,1736,30,yellowCards,TUR,2023-2024,datafc_sofascore,2026-08-09T01:36:50.770462
52,53190,Furkan Soyalp,226992,Gaziantep FK,5138,1,3,6.77,1.91,1.09,18,9,17,12,49,6,1,1615,30,yellowCards,TUR,2023-2024,datafc_sofascore,2026-08-09T01:36:50.770462
52,53190,Ante Rebić,152769,Beşiktaş JK,3050,0,3,6.77,0.27,2.0,7,2,20,6,4,6,0,394,15,yellowCards,TUR,2023-2024,datafc_sofascore,2026-08-09T01:36:50.770462
52,53190,Dimitris Kourbelis,128089,Fatih Karagümrük,4954,0,0,6.76,0.07,0.28,5,0,3,3,29,6,0,1174,18,yellowCards,TUR,2023-2024,datafc_sofascore,2026-08-09T01:36:50.770462
52,53190,Sadık Çiftpınar,111811,Kasımpaşa,6063,0,0,6.75,0.7,0.1,9,4,0,0,15,6,0,1299,21,yellowCards,TUR,2023-2024,datafc_sofascore,2026-08-09T01:36:50.770462
52,53190,Ömer Faruk Beyaz,1022881,Hatayspor,3091,0,0,6.74,1.52,1.8,18,9,15,32,49,6,0,1390,27,yellowCards,TUR,2023-2024,datafc_sofascore,2026-08-09T01:36:50.770462
52,53190,Otabek Shukurov,358890,Kayserispor,3072,0,1,6.67,0.54,0.41,9,3,14,9,16,6,0,1083,27,yellowCards,TUR,2023-2024,datafc_sofascore,2026-08-09T01:36:50.770462
52,53190,Mithat Pala,1016393,Çaykur Rizespor,3064,0,2,6.62,0.35,0.69,13,3,13,32,50,6,1,1551,25,yellowCards,TUR,2023-2024,datafc_sofascore,2026-08-09T01:36:50.770462
52,53190,İrfan Can Kahveci,226986,Fenerbahçe,3052,12,7,7.39,3.98,7.71,40,21,52,36,33,5,0,2027,31,yellowCards,TUR,2023-2024,datafc_sofascore,2026-08-09T01:36:50.770462
52,53190,Fred,243623,Fenerbahçe,3052,3,4,7.34,3.99,4.93,50,15,31,25,51,5,1,2051,25,yellowCards,TUR,2023-2024,datafc_sofascore,2026-08-09T01:36:50.770462
52,53190,Bilal Bayazit,825850,Kayserispor,3072,0,0,7.22,0.0,0.07,0,0,3,0,3,5,0,3150,35,yellowCards,TUR,2023-2024,datafc_sofascore,2026-08-09T01:36:50.770462
52,53190,Emre Akbaba,343527,Adana Demirspor,3101,7,2,7.19,7.41,3.26,64,20,43,32,65,5,0,2682,32,yellowCards,TUR,2023-2024,datafc_sofascore,2026-08-09T01:36:50.770462
52,53190,İsmail Yüksek,952600,Fenerbahçe,3052,0,4,7.15,2.24,2.28,26,4,29,29,73,5,2,2319,30,yellowCards,TUR,2023-2024,datafc_sofascore,2026-08-09T01:36:50.770462
52,53190,Semih Kılıçsoy,1142606,Beşiktaş JK,3050,11,4,7.13,5.59,1.48,57,24,16,40,16,5,0,1695,23,yellowCards,TUR,2023-2024,datafc_sofascore,2026-08-09T01:36:50.770462
52,53190,Efecan Karaca,60510,Alanyaspor,6362,2,3,7.02,3.18,4.83,21,9,50,31,57,5,0,2753,37,yellowCards,TUR,2023-2024,datafc_sofascore,2026-08-09T01:36:50.770462
52,53190,Alexander Djiku,289977,Fenerbahçe,3052,3,1,7.01,2.27,0.38,12,3,7,4,39,5,1,2032,25,yellowCards,TUR,2023-2024,datafc_sofascore,2026-08-09T01:36:50.770462
52,53190,Necip Uysal,43394,Beşiktaş JK,3050,0,1,6.96,0.74,0.53,11,3,6,7,46,5,0,2359,30,yellowCards,TUR,2023-2024,datafc_sofascore,2026-08-09T01:36:50.770462
52,53190,Bengali-Fodé Koita,51407,Sivasspor,3076,8,0,6.96,5.64,1.35,40,25,20,18,12,5,1,1307,24,yellowCards,TUR,2023-2024,datafc_sofascore,2026-08-09T01:36:50.770462
52,53190,Ryan Mendes,52797,Fatih Karagümrük,4954,4,4,6.96,2.1,3.44,33,15,26,29,32,5,2,1508,23,yellowCards,TUR,2023-2024,datafc_sofascore,2026-08-09T01:36:50.770462
52,53190,Uğurcan Yazğılı,904303,Konyaspor,3085,2,0,6.95,1.03,0.62,13,2,14,6,68,5,0,2718,35,yellowCards,TUR,2023-2024,datafc_sofascore,2026-08-09T01:36:50.770462
52,53190,Papy Djilobodji,106661,Gaziantep FK,5138,3,1,6.94,2.83,2.05,20,5,17,5,36,5,1,3007,34,yellowCards,TUR,2023-2024,datafc_sofascore,2026-08-09T01:36:50.770462
52,53190,Kenneth Omeruo,158293,Kasımpaşa,6063,1,1,6.93,1.01,0.68,12,6,10,4,32,5,1,2081,24,yellowCards,TUR,2023-2024,datafc_sofascore,2026-08-09T01:36:50.770462
52,53190,Mustafa Eskihellaç,899069,Gaziantep FK,5138,2,3,6.93,1.29,2.92,25,5,29,41,66,5,0,3067,35,yellowCards,TUR,2023-2024,datafc_sofascore,2026-08-09T01:36:50.770462
52,53190,Arnaud Lusamba,361342,Pendikspor,7032,0,3,6.93,0.31,1.96,9,4,24,32,48,5,1,2024,27,yellowCards,TUR,2023-2024,datafc_sofascore,2026-08-09T01:36:50.770462
52,53190,Güven Yalçın,826162,Fatih Karagümrük,4954,9,4,6.91,5.75,1.33,58,21,28,39,15,5,0,2136,32,yellowCards,TUR,2023-2024,datafc_sofascore,2026-08-09T01:36:50.770462
52,53190,Teenage Hadebe,864666,Konyaspor,3085,0,1,6.89,0.43,0.47,6,1,5,1,10,5,0,907,11,yellowCards,TUR,2023-2024,datafc_sofascore,2026-08-09T01:36:50.770462
52,53190,Marius Mouandilmadji,943593,Samsunspor,3053,9,1,6.88,10.59,0.73,70,27,10,14,6,5,1,2080,30,yellowCards,TUR,2023-2024,datafc_sofascore,2026-08-09T01:36:50.770462
52,53190,Taha Şahin,1394729,Çaykur Rizespor,3064,0,4,6.87,0.65,2.84,8,0,27,29,58,5,0,2854,34,yellowCards,TUR,2023-2024,datafc_sofascore,2026-08-09T01:36:50.770462
52,53190,Renaldo Cephas,1384968,MKE Ankaragücü,3103,3,1,6.83,4.71,1.91,43,19,15,41,28,5,0,1626,31,yellowCards,TUR,2023-2024,datafc_sofascore,2026-08-09T01:36:50.770462
52,53190,Nani,17740,Adana Demirspor,3101,4,2,6.83,2.22,1.37,29,15,17,13,13,5,0,975,28,yellowCards,TUR,2023-2024,datafc_sofascore,2026-08-09T01:36:50.770462
52,53190,Arthur Masuaku,174975,Beşiktaş JK,3050,0,0,6.82,0.17,1.15,7,3,14,34,29,5,0,1451,18,yellowCards,TUR,2023-2024,datafc_sofascore,2026-08-09T01:36:50.770462
52,53190,Endri Çekiçi,187153,Pendikspor,7032,1,2,6.82,1.01,1.38,22,3,13,5,20,5,0,853,24,yellowCards,TUR,2023-2024,datafc_sofascore,2026-08-09T01:36:50.770462
52,53190,Casper Højer,281233,Çaykur Rizespor,3064,1,2,6.79,0.72,3.51,17,6,38,8,41,5,0,2060,27,yellowCards,TUR,2023-2024,datafc_sofascore,2026-08-09T01:36:50.770462
52,53190,Erdal Rakip,319871,Antalyaspor,3056,0,1,6.78,0.7,0.5,13,3,11,19,46,5,1,1329,28,yellowCards,TUR,2023-2024,datafc_sofascore,2026-08-09T01:36:50.770462
52,53190,Leroy Fer,31821,Alanyaspor,6362,1,0,6.77,2.85,1.41,26,7,10,10,39,5,2,1805,31,yellowCards,TUR,2023-2024,datafc_sofascore,2026-08-09T01:36:50.770462
52,53190,Welinton,76529,Pendikspor,7032,2,1,6.88,1.23,0.77,21,6,10,4,53,4,3,2015,24,redCards,TUR,2023-2024,datafc_sofascore,2026-08-09T01:36:50.770462
52,53190,Ertaç Özbir,126077,MKE Ankaragücü,3103,0,0,7.19,0.0,0.01,0,0,0,1,1,3,2,1137,14,redCards,TUR,2023-2024,datafc_sofascore,2026-08-09T01:36:50.770462
52,53190,Alexandru Maxim,180511,Gaziantep FK,5138,3,8,7.16,5.85,7.47,43,16,80,36,38,4,2,2674,34,redCards,TUR,2023-2024,datafc_sofascore,2026-08-09T01:36:50.770462
52,53190,İsmail Yüksek,952600,Fenerbahçe,3052,0,4,7.15,2.24,2.28,26,4,29,29,73,5,2,2319,30,redCards,TUR,2023-2024,datafc_sofascore,2026-08-09T01:36:50.770462
52,53190,Ryan Mendes,52797,Fatih Karagümrük,4954,4,4,6.96,2.1,3.44,33,15,26,29,32,5,2,1508,23,redCards,TUR,2023-2024,datafc_sofascore,2026-08-09T01:36:50.770462
52,53190,João Figueiredo,841012,Başakşehir FK,3086,8,2,6.88,5.93,3.46,47,20,32,19,24,4,2,2036,34,redCards,TUR,2023-2024,datafc_sofascore,2026-08-09T01:36:50.770462
52,53190,Leroy Fer,31821,Alanyaspor,6362,1,0,6.77,2.85,1.41,26,7,10,10,39,5,2,1805,31,redCards,TUR,2023-2024,datafc_sofascore,2026-08-09T01:36:50.770462
52,53190,Federico Ceccherini,139410,Fatih Karagümrük,4954,1,0,6.68,1.0,0.25,10,1,2,4,23,9,2,2064,27,redCards,TUR,2023-2024,datafc_sofascore,2026-08-09T01:36:50.770462
52,53190,Valentin Eysseric,139798,Fatih Karagümrük,4954,5,7,7.46,4.48,7.64,54,18,74,27,42,7,1,2420,31,redCards,TUR,2023-2024,datafc_sofascore,2026-08-09T01:36:50.770462
52,53190,Fred,243623,Fenerbahçe,3052,3,4,7.34,3.99,4.93,50,15,31,25,51,5,1,2051,25,redCards,TUR,2023-2024,datafc_sofascore,2026-08-09T01:36:50.770462
52,53190,Kerem Aktürkoğlu,903324,Galatasaray,3061,12,6,7.33,12.89,8.17,79,29,73,32,28,3,1,2479,37,redCards,TUR,2023-2024,datafc_sofascore,2026-08-09T01:36:50.770462
52,53190,Oğuz Aydın,999396,Alanyaspor,6362,13,8,7.28,9.34,8.32,58,25,64,54,25,3,1,2587,35,redCards,TUR,2023-2024,datafc_sofascore,2026-08-09T01:36:50.770462
52,53190,Emirhan Topçu,895009,Çaykur Rizespor,3064,1,4,7.26,2.0,1.84,25,8,19,6,65,10,1,2702,31,redCards,TUR,2023-2024,datafc_sofascore,2026-08-09T01:36:50.770462
52,53190,Ousseynou Ba,889430,Başakşehir FK,3086,0,1,7.16,0.43,0.1,6,0,2,2,48,9,1,1765,22,redCards,TUR,2023-2024,datafc_sofascore,2026-08-09T01:36:50.770462
52,53190,Omar Colley,238408,Beşiktaş JK,3050,7,0,7.14,3.23,0.36,13,9,6,2,27,4,1,1935,22,redCards,TUR,2023-2024,datafc_sofascore,2026-08-09T01:36:50.770462
52,53190,Mert Hakan Yandaş,856849,Fenerbahçe,3052,2,2,7.1,0.97,1.71,15,6,21,6,8,3,1,618,16,redCards,TUR,2023-2024,datafc_sofascore,2026-08-09T01:36:50.770462
52,53190,Youcef Atal,894238,Adana Demirspor,3101,1,2,7.09,0.62,1.13,12,5,11,34,28,2,1,818,11,redCards,TUR,2023-2024,datafc_sofascore,2026-08-09T01:36:50.770462
52,53190,Kévin Rodrigues,234232,Adana Demirspor,3101,0,1,7.09,0.14,1.01,6,2,13,7,21,4,1,921,11,redCards,TUR,2023-2024,datafc_sofascore,2026-08-09T01:36:50.770462
52,53190,Mario Balotelli,25530,Adana Demirspor,3101,7,1,7.09,5.46,0.98,51,17,16,8,4,7,1,938,16,redCards,TUR,2023-2024,datafc_sofascore,2026-08-09T01:36:50.770462
52,53190,Semih Güler,325155,Adana Demirspor,3101,0,1,7.09,1.18,0.93,24,6,8,4,52,4,1,2801,32,redCards,TUR,2023-2024,datafc_sofascore,2026-08-09T01:36:50.770462
52,53190,Amir Hadžiahmetović,795421,Beşiktaş JK,3050,0,4,7.06,0.3,2.46,3,1,22,8,19,2,1,1341,18,redCards,TUR,2023-2024,datafc_sofascore,2026-08-09T01:36:50.770462
52,53190,Jerome Opoku,920514,Başakşehir FK,3086,4,1,7.06,1.9,0.74,11,5,9,18,26,6,1,2481,28,redCards,TUR,2023-2024,datafc_sofascore,2026-08-09T01:36:50.770462
52,53190,Efkan Bekiroğlu,800458,MKE Ankaragücü,3103,9,4,7.04,4.65,3.74,52,16,39,31,20,2,1,2139,30,redCards,TUR,2023-2024,datafc_sofascore,2026-08-09T01:36:50.770462
52,53190,Ramzi Safouri,186949,Antalyaspor,3056,0,7,7.04,2.16,5.15,39,15,56,31,17,3,1,1803,30,redCards,TUR,2023-2024,datafc_sofascore,2026-08-09T01:36:50.770462
52,53190,Alexander Djiku,289977,Fenerbahçe,3052,3,1,7.01,2.27,0.38,12,3,7,4,39,5,1,2032,25,redCards,TUR,2023-2024,datafc_sofascore,2026-08-09T01:36:50.770462
52,53190,Halil Akbunar,217782,Pendikspor,7032,5,3,6.98,4.09,5.67,54,20,37,57,63,3,1,2808,37,redCards,TUR,2023-2024,datafc_sofascore,2026-08-09T01:36:50.770462
52,53190,Florian Loshaj,831407,İstanbulspor,3066,5,0,6.98,4.81,2.98,56,18,34,35,66,8,1,2705,32,redCards,TUR,2023-2024,datafc_sofascore,2026-08-09T01:36:50.770462
52,53190,Bengali-Fodé Koita,51407,Sivasspor,3076,8,0,6.96,5.64,1.35,40,25,20,18,12,5,1,1307,24,redCards,TUR,2023-2024,datafc_sofascore,2026-08-09T01:36:50.770462
52,53190,Mehdi Bourabia,98003,Kayserispor,3072,3,0,6.94,1.93,0.59,22,5,13,15,12,3,1,1159,13,redCards,TUR,2023-2024,datafc_sofascore,2026-08-09T01:36:50.770462
52,53190,Papy Djilobodji,106661,Gaziantep FK,5138,3,1,6.94,2.83,2.05,20,5,17,5,36,5,1,3007,34,redCards,TUR,2023-2024,datafc_sofascore,2026-08-09T01:36:50.770462
52,53190,Kenneth Omeruo,158293,Kasımpaşa,6063,1,1,6.93,1.01,0.68,12,6,10,4,32,5,1,2081,24,redCards,TUR,2023-2024,datafc_sofascore,2026-08-09T01:36:50.770462
52,53190,Arnaud Lusamba,361342,Pendikspor,7032,0,3,6.93,0.31,1.96,9,4,24,32,48,5,1,2024,27,redCards,TUR,2023-2024,datafc_sofascore,2026-08-09T01:36:50.770462
52,53190,Erdoğan Yeşilyurt,142541,Antalyaspor,3056,3,3,6.89,1.78,2.25,31,7,31,26,41,8,1,2485,34,redCards,TUR,2023-2024,datafc_sofascore,2026-08-09T01:36:50.770462
52,53190,Mert Günok,39573,Beşiktaş JK,3050,0,0,6.89,0.02,0.1,1,0,3,2,0,4,1,2543,30,redCards,TUR,2023-2024,datafc_sofascore,2026-08-09T01:36:50.770462
52,53190,Attila Mocsi,889382,Çaykur Rizespor,3064,2,0,6.88,2.0,0.29,14,3,3,5,22,2,1,1963,28,redCards,TUR,2023-2024,datafc_sofascore,2026-08-09T01:36:50.770462
52,53190,Marius Mouandilmadji,943593,Samsunspor,3053,9,1,6.88,10.59,0.73,70,27,10,14,6,5,1,2080,30,redCards,TUR,2023-2024,datafc_sofascore,2026-08-09T01:36:50.770462
52,53190,Batista Mendy,859021,Trabzonspor,3051,1,0,6.85,0.67,1.17,19,4,7,29,45,8,1,2682,30,redCards,TUR,2023-2024,datafc_sofascore,2026-08-09T01:36:50.770462
52,53190,Kartal Kayra Yılmaz,966811,Kayserispor,3072,0,2,6.85,0.4,2.12,19,1,25,11,46,6,1,2409,29,redCards,TUR,2023-2024,datafc_sofascore,2026-08-09T01:36:50.770462
52,53190,Ali Sowe,238394,MKE Ankaragücü,3103,6,3,6.84,5.43,1.21,48,21,17,20,10,3,1,2136,27,redCards,TUR,2023-2024,datafc_sofascore,2026-08-09T01:36:50.770462
52,53190,Sofiane Feghouli,37240,Fatih Karagümrük,4954,2,1,6.82,1.13,1.17,10,3,20,13,23,4,1,1471,25,redCards,TUR,2023-2024,datafc_sofascore,2026-08-09T01:36:50.770462
52,53190,Cláudio Winck,155998,Kasımpaşa,6063,3,1,6.82,3.38,2.58,31,8,22,37,72,7,1,2862,32,redCards,TUR,2023-2024,datafc_sofascore,2026-08-09T01:36:50.770462
52,53190,Benjamin Stambouli,105951,Adana Demirspor,3101,1,0,6.81,0.41,1.11,9,3,10,14,27,1,1,1390,20,redCards,TUR,2023-2024,datafc_sofascore,2026-08-09T01:36:50.770462
52,53190,Davide Biraschi,233252,Fatih Karagümrük,4954,0,1,6.8,0.62,0.85,5,0,5,9,47,6,1,2575,30,redCards,TUR,2023-2024,datafc_sofascore,2026-08-09T01:36:50.770462
52,53190,Moatasem Al-Musrati,868958,Beşiktaş JK,3050,0,0,6.8,0.12,0.33,4,1,6,3,15,0,1,546,9,redCards,TUR,2023-2024,datafc_sofascore,2026-08-09T01:36:50.770462
52,53190,Furkan Bayır,1003161,Alanyaspor,6362,0,0,6.79,1.34,0.2,10,2,1,0,38,7,1,2042,31,redCards,TUR,2023-2024,datafc_sofascore,2026-08-09T01:36:50.770462
52,53190,Erdal Rakip,319871,Antalyaspor,3056,0,1,6.78,0.7,0.5,13,3,11,19,46,5,1,1329,28,redCards,TUR,2023-2024,datafc_sofascore,2026-08-09T01:36:50.770462
52,53190,Furkan Soyalp,226992,Gaziantep FK,5138,1,3,6.77,1.91,1.09,18,9,17,12,49,6,1,1615,30,redCards,TUR,2023-2024,datafc_sofascore,2026-08-09T01:36:50.770462
52,53190,Joelson Fernandes,1032547,Hatayspor,3091,0,3,6.75,1.63,1.77,33,9,27,17,16,4,1,1423,31,redCards,TUR,2023-2024,datafc_sofascore,2026-08-09T01:36:50.770462
52,53190,Oğulcan Ülgün,1063942,Konyaspor,3085,1,1,6.75,2.05,1.04,23,9,19,4,34,7,1,1761,33,redCards,TUR,2023-2024,datafc_sofascore,2026-08-09T01:36:50.770462
52,53190,Yusuf Barası,1000187,Adana Demirspor,3101,4,2,6.72,3.23,0.83,19,11,12,12,13,0,1,894,28,redCards,TUR,2023-2024,datafc_sofascore,2026-08-09T01:36:50.770462
52,53190,Arif Kocaman,1173638,Kayserispor,3072,0,1,6.7,1.32,0.09,8,2,2,6,16,5,1,1742,25,redCards,TUR,2023-2024,datafc_sofascore,2026-08-09T01:36:50.770462
52,53190,İbrahim Akdağ,847053,Sivasspor,3076,0,1,6.69,0.4,0.57,13,1,15,14,31,5,1,1673,25,redCards,TUR,2023-2024,datafc_sofascore,2026-08-09T01:36:50.770462
52,53190,Mendy Mamadou,929718,İstanbulspor,3066,2,3,6.69,4.22,1.07,31,10,15,15,32,0,1,1762,32,redCards,TUR,2023-2024,datafc_sofascore,2026-08-09T01:36:50.770462
52,53190,Ali Yaşar,190815,İstanbulspor,3066,1,2,6.68,1.06,1.91,24,8,22,7,36,3,1,2450,33,redCards,TUR,2023-2024,datafc_sofascore,2026-08-09T01:36:50.770462
52,53190,Sander van de Streek,220155,Antalyaspor,3056,2,2,6.68,5.01,1.02,49,19,17,18,36,3,1,1882,32,redCards,TUR,2023-2024,datafc_sofascore,2026-08-09T01:36:50.770462
52,53190,Modestas Vorobjovas,319751,İstanbulspor,3066,1,0,6.68,0.28,0.62,6,3,16,2,47,4,1,2148,28,redCards,TUR,2023-2024,datafc_sofascore,2026-08-09T01:36:50.770462
52,53190,Serkan Asan,952726,Pendikspor,7032,0,0,6.68,0.31,0.71,7,0,10,4,21,1,1,1522,22,redCards,TUR,2023-2024,datafc_sofascore,2026-08-09T01:36:50.770462
52,53190,Adil Demirbağ,787949,Konyaspor,3085,0,0,6.67,0.42,0.14,11,1,1,1,24,4,1,1965,23,redCards,TUR,2023-2024,datafc_sofascore,2026-08-09T01:36:50.770462
52,53190,Philippe Keny,988909,Başakşehir FK,3086,1,0,6.65,2.07,0.37,13,4,5,14,7,0,1,676,29,redCards,TUR,2023-2024,datafc_sofascore,2026-08-09T01:36:50.770462
52,53190,Clinton N'Jie,291665,Sivasspor,3076,2,2,6.64,2.04,1.56,23,13,19,25,13,2,1,1289,28,redCards,TUR,2023-2024,datafc_sofascore,2026-08-09T01:36:50.770462
52,53190,Okan Erdoğan,881213,İstanbulspor,3066,0,0,6.63,0.33,1.04,6,1,7,16,51,7,1,2460,30,redCards,TUR,2023-2024,datafc_sofascore,2026-08-09T01:36:50.770462
52,53190,Mithat Pala,1016393,Çaykur Rizespor,3064,0,2,6.62,0.35,0.69,13,3,13,32,50,6,1,1551,25,redCards,TUR,2023-2024,datafc_sofascore,2026-08-09T01:36:50.770462
52,53190,Nany Dimata,826944,Samsunspor,3053,2,0,6.61,2.66,0.23,14,5,4,3,2,4,1,675,19,redCards,TUR,2023-2024,datafc_sofascore,2026-08-09T01:36:50.770462
52,53190,José Rodríguez,138394,Adana Demirspor,3101,0,0,6.56,0.03,0.03,1,1,0,3,0,0,1,147,5,redCards,TUR,2023-2024,datafc_sofascore,2026-08-09T01:36:50.770462
52,53190,Demeaco Duhaney,851095,İstanbulspor,3066,1,0,6.54,0.37,1.47,5,2,13,10,17,5,1,2114,26,redCards,TUR,2023-2024,datafc_sofascore,2026-08-09T01:36:50.770462
52,53190,Yunus Emre Çift,1063325,Samsunspor,3053,0,0,6.47,0.08,0.06,3,0,0,3,15,3,1,647,10,redCards,TUR,2023-2024,datafc_sofascore,2026-08-09T01:36:50.770462
52,53190,Duckens Nazon,796023,Kayserispor,3072,2,1,6.44,2.1,0.21,24,9,3,15,4,2,1,845,13,redCards,TUR,2023-2024,datafc_sofascore,2026-08-09T01:36:50.770462
52,53190,Dries Mertens,32493,Galatasaray,3061,9,16,7.61,8.12,10.57,88,35,93,15,43,3,0,2487,36,redCards,TUR,2023-2024,datafc_sofascore,2026-08-09T01:36:50.770462
52,53190,Sebastian Szymański,847983,Fenerbahçe,3052,10,11,7.55,9.31,9.69,87,31,77,10,85,4,0,2916,37,redCards,TUR,2023-2024,datafc_sofascore,2026-08-09T01:36:50.770462
52,53190,Paul Onuachu,295123,Trabzonspor,3051,14,4,7.52,8.11,0.47,57,23,13,11,6,3,0,1438,20,redCards,TUR,2023-2024,datafc_sofascore,2026-08-09T01:36:50.770462
52,53190,Mauro Icardi,233114,Galatasaray,3061,25,8,7.51,21.23,3.77,111,49,49,7,6,2,0,2856,34,redCards,TUR,2023-2024,datafc_sofascore,2026-08-09T01:36:50.770462
52,53190,Đorđe Nikolić,797144,Sivasspor,3076,0,0,7.5,,0.01,0,0,0,0,0,0,0,450,5,redCards,TUR,2023-2024,datafc_sofascore,2026-08-09T01:36:50.770462
52,53190,Ferdi Kadıoğlu,825844,Fenerbahçe,3052,1,4,7.44,2.5,6.69,33,14,51,57,75,3,0,3327,37,redCards,TUR,2023-2024,datafc_sofascore,2026-08-09T01:36:50.770462
52,53190,Dušan Tadić,38560,Fenerbahçe,3052,10,14,7.42,14.9,14.16,53,28,88,32,33,3,0,3157,38,redCards,TUR,2023-2024,datafc_sofascore,2026-08-09T01:36:50.770462
52,53190,Aytaç Kara,128196,Kasımpaşa,6063,13,5,7.41,9.16,3.01,101,36,40,19,73,4,0,3248,37,redCards,TUR,2023-2024,datafc_sofascore,2026-08-09T01:36:50.770462
52,53190,Poyraz Efe Yıldırım,1195797,Trabzonspor,3051,1,0,7.4,0.96,0.0,1,1,0,0,0,0,0,9,2,redCards,TUR,2023-2024,datafc_sofascore,2026-08-09T01:36:50.770462
52,53190,Haris Hajradinović,254979,Kasımpaşa,6063,5,14,7.39,6.16,9.69,69,21,104,26,63,3,0,3307,38,redCards,TUR,2023-2024,datafc_sofascore,2026-08-09T01:36:50.770462
52,53190,İrfan Can Kahveci,226986,Fenerbahçe,3052,12,7,7.39,3.98,7.71,40,21,52,36,33,5,0,2027,31,redCards,TUR,2023-2024,datafc_sofascore,2026-08-09T01:36:50.770462
52,53190,Edin Džeko,14990,Fenerbahçe,3052,21,3,7.39,21.64,5.15,147,64,37,22,19,3,0,2741,36,redCards,TUR,2023-2024,datafc_sofascore,2026-08-09T01:36:50.770462
52,53190,Guilherme Haubert Sityá,224112,Konyaspor,3085,5,7,7.35,1.62,6.83,18,6,88,30,87,1,0,3267,37,redCards,TUR,2023-2024,datafc_sofascore,2026-08-09T01:36:50.770462
52,53190,Rey Manaj,587882,Sivasspor,3076,18,3,7.31,14.34,1.48,104,40,17,20,13,10,0,2423,32,redCards,TUR,2023-2024,datafc_sofascore,2026-08-09T01:36:50.770462
52,53190,Yusuf Sarı,896364,Adana Demirspor,3101,3,7,7.3,2.92,5.46,59,24,48,45,22,1,0,1790,24,redCards,TUR,2023-2024,datafc_sofascore,2026-08-09T01:36:50.770462
52,53190,Nuno Da Costa,209374,Kasımpaşa,6063,14,4,7.28,10.67,2.41,67,24,26,49,23,1,0,2339,29,redCards,TUR,2023-2024,datafc_sofascore,2026-08-09T01:36:50.770462
52,53190,Edin Višća,109779,Trabzonspor,3051,5,9,7.28,4.34,8.93,63,16,91,28,34,1,0,2762,36,redCards,TUR,2023-2024,datafc_sofascore,2026-08-09T01:36:50.770462
52,53190,Hakim Ziyech,249437,Galatasaray,3061,6,3,7.26,2.01,4.28,43,14,35,15,18,4,0,1077,18,redCards,TUR,2023-2024,datafc_sofascore,2026-08-09T01:36:50.770462
52,53190,Tasos Bakasetas,114076,Trabzonspor,3051,4,2,7.26,2.71,1.72,41,12,25,8,27,3,0,1321,17,redCards,TUR,2023-2024,datafc_sofascore,2026-08-09T01:36:50.770462
52,53190,Mame Thiam,180981,Pendikspor,7032,18,7,7.26,13.28,3.36,85,36,34,18,47,4,0,3161,36,redCards,TUR,2023-2024,datafc_sofascore,2026-08-09T01:36:50.770462
52,53190,Samu Sáiz,99527,Sivasspor,3076,4,3,7.25,2.05,2.29,29,15,33,26,8,3,0,1357,17,redCards,TUR,2023-2024,datafc_sofascore,2026-08-09T01:36:50.770462
52,53190,Thomas Meunier,128587,Trabzonspor,3051,1,5,7.24,0.58,2.7,12,4,18,4,24,2,0,1245,14,redCards,TUR,2023-2024,datafc_sofascore,2026-08-09T01:36:50.770462
52,53190,Ali Şaşal Vural,94540,Sivasspor,3076,0,0,7.23,0.0,0.27,0,0,3,2,2,3,0,2880,32,redCards,TUR,2023-2024,datafc_sofascore,2026-08-09T01:36:50.770462
52,53190,Abdülkerim Bardakcı,178963,Galatasaray,3061,4,0,7.23,3.21,1.03,33,8,10,11,25,4,0,2218,27,redCards,TUR,2023-2024,datafc_sofascore,2026-08-09T01:36:50.770462
52,53190,Denis Drăguş,841199,Gaziantep FK,5138,14,1,7.22,13.78,2.44,106,40,38,85,54,8,0,2751,32,redCards,TUR,2023-2024,datafc_sofascore,2026-08-09T01:36:50.770462
52,53190,Bilal Bayazit,825850,Kayserispor,3072,0,0,7.22,0.0,0.07,0,0,3,0,3,5,0,3150,35,redCards,TUR,2023-2024,datafc_sofascore,2026-08-09T01:36:50.770462
52,53190,Fernando Muslera,28381,Galatasaray,3061,0,0,7.2,0.0,0.32,0,0,2,1,1,4,0,3300,37,redCards,TUR,2023-2024,datafc_sofascore,2026-08-09T01:36:50.770462
52,53190,Kerem Demirbay,142619,Galatasaray,3061,6,3,7.2,3.03,3.76,52,17,42,19,66,2,0,2227,34,redCards,TUR,2023-2024,datafc_sofascore,2026-08-09T01:36:50.770462
52,53190,Taha Tepe,910094,Trabzonspor,3051,0,0,7.2,,0.01,0,0,0,0,0,1,0,270,3,redCards,TUR,2023-2024,datafc_sofascore,2026-08-09T01:36:50.770462
52,53190,Helton Leite,329081,Antalyaspor,3056,0,0,7.2,0.0,0.02,0,0,0,0,1,1,0,3059,34,redCards,TUR,2023-2024,datafc_sofascore,2026-08-09T01:36:50.770462
52,53190,Lucas Torreira,754794,Galatasaray,3061,1,2,7.2,2.08,2.97,31,4,29,9,80,7,0,2993,35,redCards,TUR,2023-2024,datafc_sofascore,2026-08-09T01:36:50.770462
52,53190,Krzysztof Piątek,558738,Başakşehir FK,3086,17,1,7.2,14.78,1.82,101,44,18,17,14,4,0,2703,34,redCards,TUR,2023-2024,datafc_sofascore,2026-08-09T01:36:50.770462
52,53190,Çağlar Söyüncü,758608,Fenerbahçe,3052,2,0,7.19,1.6,0.23,6,2,1,1,14,1,0,914,12,redCards,TUR,2023-2024,datafc_sofascore,2026-08-09T01:36:50.770462
52,53190,Welinton,76529,Pendikspor,7032,2,1,6.88,1.23,0.77,21,6,10,4,53,4,3,2015,24,redCards,TUR,2023-2024,datafc_sofascore,2026-08-09T01:36:50.770462
52,53190,Ertaç Özbir,126077,MKE Ankaragücü,3103,0,0,7.19,0.0,0.01,0,0,0,1,1,3,2,1137,14,redCards,TUR,2023-2024,datafc_sofascore,2026-08-09T01:36:50.770462
52,53190,Alexandru Maxim,180511,Gaziantep FK,5138,3,8,7.16,5.85,7.47,43,16,80,36,38,4,2,2674,34,redCards,TUR,2023-2024,datafc_sofascore,2026-08-09T01:36:50.770462
52,53190,İsmail Yüksek,952600,Fenerbahçe,3052,0,4,7.15,2.24,2.28,26,4,29,29,73,5,2,2319,30,redCards,TUR,2023-2024,datafc_sofascore,2026-08-09T01:36:50.770462
52,53190,Ryan Mendes,52797,Fatih Karagümrük,4954,4,4,6.96,2.1,3.44,33,15,26,29,32,5,2,1508,23,redCards,TUR,2023-2024,datafc_sofascore,2026-08-09T01:36:50.770462
52,53190,João Figueiredo,841012,Başakşehir FK,3086,8,2,6.88,5.93,3.46,47,20,32,19,24,4,2,2036,34,redCards,TUR,2023-2024,datafc_sofascore,2026-08-09T01:36:50.770462
52,53190,Leroy Fer,31821,Alanyaspor,6362,1,0,6.77,2.85,1.41,26,7,10,10,39,5,2,1805,31,redCards,TUR,2023-2024,datafc_sofascore,2026-08-09T01:36:50.770462
52,53190,Federico Ceccherini,139410,Fatih Karagümrük,4954,1,0,6.68,1.0,0.25,10,1,2,4,23,9,2,2064,27,redCards,TUR,2023-2024,datafc_sofascore,2026-08-09T01:36:50.770462
52,53190,Valentin Eysseric,139798,Fatih Karagümrük,4954,5,7,7.46,4.48,7.64,54,18,74,27,42,7,1,2420,31,redCards,TUR,2023-2024,datafc_sofascore,2026-08-09T01:36:50.770462
52,53190,Fred,243623,Fenerbahçe,3052,3,4,7.34,3.99,4.93,50,15,31,25,51,5,1,2051,25,redCards,TUR,2023-2024,datafc_sofascore,2026-08-09T01:36:50.770462
52,53190,Kerem Aktürkoğlu,903324,Galatasaray,3061,12,6,7.33,12.89,8.17,79,29,73,32,28,3,1,2479,37,redCards,TUR,2023-2024,datafc_sofascore,2026-08-09T01:36:50.770462
52,53190,Oğuz Aydın,999396,Alanyaspor,6362,13,8,7.28,9.34,8.32,58,25,64,54,25,3,1,2587,35,redCards,TUR,2023-2024,datafc_sofascore,2026-08-09T01:36:50.770462
52,53190,Emirhan Topçu,895009,Çaykur Rizespor,3064,1,4,7.26,2.0,1.84,25,8,19,6,65,10,1,2702,31,redCards,TUR,2023-2024,datafc_sofascore,2026-08-09T01:36:50.770462
52,53190,Ousseynou Ba,889430,Başakşehir FK,3086,0,1,7.16,0.43,0.1,6,0,2,2,48,9,1,1765,22,redCards,TUR,2023-2024,datafc_sofascore,2026-08-09T01:36:50.770462
52,53190,Omar Colley,238408,Beşiktaş JK,3050,7,0,7.14,3.23,0.36,13,9,6,2,27,4,1,1935,22,redCards,TUR,2023-2024,datafc_sofascore,2026-08-09T01:36:50.770462
52,53190,Mert Hakan Yandaş,856849,Fenerbahçe,3052,2,2,7.1,0.97,1.71,15,6,21,6,8,3,1,618,16,redCards,TUR,2023-2024,datafc_sofascore,2026-08-09T01:36:50.770462
52,53190,Youcef Atal,894238,Adana Demirspor,3101,1,2,7.09,0.62,1.13,12,5,11,34,28,2,1,818,11,redCards,TUR,2023-2024,datafc_sofascore,2026-08-09T01:36:50.770462
52,53190,Kévin Rodrigues,234232,Adana Demirspor,3101,0,1,7.09,0.14,1.01,6,2,13,7,21,4,1,921,11,redCards,TUR,2023-2024,datafc_sofascore,2026-08-09T01:36:50.770462
52,53190,Mario Balotelli,25530,Adana Demirspor,3101,7,1,7.09,5.46,0.98,51,17,16,8,4,7,1,938,16,redCards,TUR,2023-2024,datafc_sofascore,2026-08-09T01:36:50.770462
52,53190,Semih Güler,325155,Adana Demirspor,3101,0,1,7.09,1.18,0.93,24,6,8,4,52,4,1,2801,32,redCards,TUR,2023-2024,datafc_sofascore,2026-08-09T01:36:50.770462
52,53190,Amir Hadžiahmetović,795421,Beşiktaş JK,3050,0,4,7.06,0.3,2.46,3,1,22,8,19,2,1,1341,18,redCards,TUR,2023-2024,datafc_sofascore,2026-08-09T01:36:50.770462
52,53190,Jerome Opoku,920514,Başakşehir FK,3086,4,1,7.06,1.9,0.74,11,5,9,18,26,6,1,2481,28,redCards,TUR,2023-2024,datafc_sofascore,2026-08-09T01:36:50.770462
52,53190,Efkan Bekiroğlu,800458,MKE Ankaragücü,3103,9,4,7.04,4.65,3.74,52,16,39,31,20,2,1,2139,30,redCards,TUR,2023-2024,datafc_sofascore,2026-08-09T01:36:50.770462
52,53190,Ramzi Safouri,186949,Antalyaspor,3056,0,7,7.04,2.16,5.15,39,15,56,31,17,3,1,1803,30,redCards,TUR,2023-2024,datafc_sofascore,2026-08-09T01:36:50.770462
52,53190,Alexander Djiku,289977,Fenerbahçe,3052,3,1,7.01,2.27,0.38,12,3,7,4,39,5,1,2032,25,redCards,TUR,2023-2024,datafc_sofascore,2026-08-09T01:36:50.770462
52,53190,Halil Akbunar,217782,Pendikspor,7032,5,3,6.98,4.09,5.67,54,20,37,57,63,3,1,2808,37,redCards,TUR,2023-2024,datafc_sofascore,2026-08-09T01:36:50.770462
52,53190,Florian Loshaj,831407,İstanbulspor,3066,5,0,6.98,4.81,2.98,56,18,34,35,66,8,1,2705,32,redCards,TUR,2023-2024,datafc_sofascore,2026-08-09T01:36:50.770462
52,53190,Bengali-Fodé Koita,51407,Sivasspor,3076,8,0,6.96,5.64,1.35,40,25,20,18,12,5,1,1307,24,redCards,TUR,2023-2024,datafc_sofascore,2026-08-09T01:36:50.770462
52,53190,Mehdi Bourabia,98003,Kayserispor,3072,3,0,6.94,1.93,0.59,22,5,13,15,12,3,1,1159,13,redCards,TUR,2023-2024,datafc_sofascore,2026-08-09T01:36:50.770462
52,53190,Papy Djilobodji,106661,Gaziantep FK,5138,3,1,6.94,2.83,2.05,20,5,17,5,36,5,1,3007,34,redCards,TUR,2023-2024,datafc_sofascore,2026-08-09T01:36:50.770462
52,53190,Kenneth Omeruo,158293,Kasımpaşa,6063,1,1,6.93,1.01,0.68,12,6,10,4,32,5,1,2081,24,redCards,TUR,2023-2024,datafc_sofascore,2026-08-09T01:36:50.770462
52,53190,Arnaud Lusamba,361342,Pendikspor,7032,0,3,6.93,0.31,1.96,9,4,24,32,48,5,1,2024,27,redCards,TUR,2023-2024,datafc_sofascore,2026-08-09T01:36:50.770462
52,53190,Erdoğan Yeşilyurt,142541,Antalyaspor,3056,3,3,6.89,1.78,2.25,31,7,31,26,41,8,1,2485,34,redCards,TUR,2023-2024,datafc_sofascore,2026-08-09T01:36:50.770462
52,53190,Mert Günok,39573,Beşiktaş JK,3050,0,0,6.89,0.02,0.1,1,0,3,2,0,4,1,2543,30,redCards,TUR,2023-2024,datafc_sofascore,2026-08-09T01:36:50.770462
52,53190,Attila Mocsi,889382,Çaykur Rizespor,3064,2,0,6.88,2.0,0.29,14,3,3,5,22,2,1,1963,28,redCards,TUR,2023-2024,datafc_sofascore,2026-08-09T01:36:50.770462
52,53190,Marius Mouandilmadji,943593,Samsunspor,3053,9,1,6.88,10.59,0.73,70,27,10,14,6,5,1,2080,30,redCards,TUR,2023-2024,datafc_sofascore,2026-08-09T01:36:50.770462
52,53190,Batista Mendy,859021,Trabzonspor,3051,1,0,6.85,0.67,1.17,19,4,7,29,45,8,1,2682,30,redCards,TUR,2023-2024,datafc_sofascore,2026-08-09T01:36:50.770462
52,53190,Kartal Kayra Yılmaz,966811,Kayserispor,3072,0,2,6.85,0.4,2.12,19,1,25,11,46,6,1,2409,29,redCards,TUR,2023-2024,datafc_sofascore,2026-08-09T01:36:50.770462
52,53190,Ali Sowe,238394,MKE Ankaragücü,3103,6,3,6.84,5.43,1.21,48,21,17,20,10,3,1,2136,27,redCards,TUR,2023-2024,datafc_sofascore,2026-08-09T01:36:50.770462
52,53190,Sofiane Feghouli,37240,Fatih Karagümrük,4954,2,1,6.82,1.13,1.17,10,3,20,13,23,4,1,1471,25,redCards,TUR,2023-2024,datafc_sofascore,2026-08-09T01:36:50.770462
52,53190,Cláudio Winck,155998,Kasımpaşa,6063,3,1,6.82,3.38,2.58,31,8,22,37,72,7,1,2862,32,redCards,TUR,2023-2024,datafc_sofascore,2026-08-09T01:36:50.770462
52,53190,Benjamin Stambouli,105951,Adana Demirspor,3101,1,0,6.81,0.41,1.11,9,3,10,14,27,1,1,1390,20,redCards,TUR,2023-2024,datafc_sofascore,2026-08-09T01:36:50.770462
52,53190,Davide Biraschi,233252,Fatih Karagümrük,4954,0,1,6.8,0.62,0.85,5,0,5,9,47,6,1,2575,30,redCards,TUR,2023-2024,datafc_sofascore,2026-08-09T01:36:50.770462
52,53190,Moatasem Al-Musrati,868958,Beşiktaş JK,3050,0,0,6.8,0.12,0.33,4,1,6,3,15,0,1,546,9,redCards,TUR,2023-2024,datafc_sofascore,2026-08-09T01:36:50.770462
52,53190,Furkan Bayır,1003161,Alanyaspor,6362,0,0,6.79,1.34,0.2,10,2,1,0,38,7,1,2042,31,redCards,TUR,2023-2024,datafc_sofascore,2026-08-09T01:36:50.770462
52,53190,Erdal Rakip,319871,Antalyaspor,3056,0,1,6.78,0.7,0.5,13,3,11,19,46,5,1,1329,28,redCards,TUR,2023-2024,datafc_sofascore,2026-08-09T01:36:50.770462
52,53190,Furkan Soyalp,226992,Gaziantep FK,5138,1,3,6.77,1.91,1.09,18,9,17,12,49,6,1,1615,30,redCards,TUR,2023-2024,datafc_sofascore,2026-08-09T01:36:50.770462
52,53190,Joelson Fernandes,1032547,Hatayspor,3091,0,3,6.75,1.63,1.77,33,9,27,17,16,4,1,1423,31,redCards,TUR,2023-2024,datafc_sofascore,2026-08-09T01:36:50.770462
52,53190,Oğulcan Ülgün,1063942,Konyaspor,3085,1,1,6.75,2.05,1.04,23,9,19,4,34,7,1,1761,33,redCards,TUR,2023-2024,datafc_sofascore,2026-08-09T01:36:50.770462
52,53190,Yusuf Barası,1000187,Adana Demirspor,3101,4,2,6.72,3.23,0.83,19,11,12,12,13,0,1,894,28,redCards,TUR,2023-2024,datafc_sofascore,2026-08-09T01:36:50.770462
52,53190,Arif Kocaman,1173638,Kayserispor,3072,0,1,6.7,1.32,0.09,8,2,2,6,16,5,1,1742,25,redCards,TUR,2023-2024,datafc_sofascore,2026-08-09T01:36:50.770462
52,53190,İbrahim Akdağ,847053,Sivasspor,3076,0,1,6.69,0.4,0.57,13,1,15,14,31,5,1,1673,25,redCards,TUR,2023-2024,datafc_sofascore,2026-08-09T01:36:50.770462
52,53190,Mendy Mamadou,929718,İstanbulspor,3066,2,3,6.69,4.22,1.07,31,10,15,15,32,0,1,1762,32,redCards,TUR,2023-2024,datafc_sofascore,2026-08-09T01:36:50.770462
52,53190,Ali Yaşar,190815,İstanbulspor,3066,1,2,6.68,1.06,1.91,24,8,22,7,36,3,1,2450,33,redCards,TUR,2023-2024,datafc_sofascore,2026-08-09T01:36:50.770462
52,53190,Sander van de Streek,220155,Antalyaspor,3056,2,2,6.68,5.01,1.02,49,19,17,18,36,3,1,1882,32,redCards,TUR,2023-2024,datafc_sofascore,2026-08-09T01:36:50.770462
52,53190,Modestas Vorobjovas,319751,İstanbulspor,3066,1,0,6.68,0.28,0.62,6,3,16,2,47,4,1,2148,28,redCards,TUR,2023-2024,datafc_sofascore,2026-08-09T01:36:50.770462
52,53190,Serkan Asan,952726,Pendikspor,7032,0,0,6.68,0.31,0.71,7,0,10,4,21,1,1,1522,22,redCards,TUR,2023-2024,datafc_sofascore,2026-08-09T01:36:50.770462
52,53190,Adil Demirbağ,787949,Konyaspor,3085,0,0,6.67,0.42,0.14,11,1,1,1,24,4,1,1965,23,redCards,TUR,2023-2024,datafc_sofascore,2026-08-09T01:36:50.770462
52,53190,Philippe Keny,988909,Başakşehir FK,3086,1,0,6.65,2.07,0.37,13,4,5,14,7,0,1,676,29,redCards,TUR,2023-2024,datafc_sofascore,2026-08-09T01:36:50.770462
52,53190,Clinton N'Jie,291665,Sivasspor,3076,2,2,6.64,2.04,1.56,23,13,19,25,13,2,1,1289,28,redCards,TUR,2023-2024,datafc_sofascore,2026-08-09T01:36:50.770462
52,53190,Okan Erdoğan,881213,İstanbulspor,3066,0,0,6.63,0.33,1.04,6,1,7,16,51,7,1,2460,30,redCards,TUR,2023-2024,datafc_sofascore,2026-08-09T01:36:50.770462
52,53190,Mithat Pala,1016393,Çaykur Rizespor,3064,0,2,6.62,0.35,0.69,13,3,13,32,50,6,1,1551,25,redCards,TUR,2023-2024,datafc_sofascore,2026-08-09T01:36:50.770462
52,53190,Nany Dimata,826944,Samsunspor,3053,2,0,6.61,2.66,0.23,14,5,4,3,2,4,1,675,19,redCards,TUR,2023-2024,datafc_sofascore,2026-08-09T01:36:50.770462
52,53190,José Rodríguez,138394,Adana Demirspor,3101,0,0,6.56,0.03,0.03,1,1,0,3,0,0,1,147,5,redCards,TUR,2023-2024,datafc_sofascore,2026-08-09T01:36:50.770462
52,53190,Demeaco Duhaney,851095,İstanbulspor,3066,1,0,6.54,0.37,1.47,5,2,13,10,17,5,1,2114,26,redCards,TUR,2023-2024,datafc_sofascore,2026-08-09T01:36:50.770462
52,53190,Yunus Emre Çift,1063325,Samsunspor,3053,0,0,6.47,0.08,0.06,3,0,0,3,15,3,1,647,10,redCards,TUR,2023-2024,datafc_sofascore,2026-08-09T01:36:50.770462
52,53190,Duckens Nazon,796023,Kayserispor,3072,2,1,6.44,2.1,0.21,24,9,3,15,4,2,1,845,13,redCards,TUR,2023-2024,datafc_sofascore,2026-08-09T01:36:50.770462
52,53190,Dries Mertens,32493,Galatasaray,3061,9,16,7.61,8.12,10.57,88,35,93,15,43,3,0,2487,36,redCards,TUR,2023-2024,datafc_sofascore,2026-08-09T01:36:50.770462
52,53190,Sebastian Szymański,847983,Fenerbahçe,3052,10,11,7.55,9.31,9.69,87,31,77,10,85,4,0,2916,37,redCards,TUR,2023-2024,datafc_sofascore,2026-08-09T01:36:50.770462
52,53190,Paul Onuachu,295123,Trabzonspor,3051,14,4,7.52,8.11,0.47,57,23,13,11,6,3,0,1438,20,redCards,TUR,2023-2024,datafc_sofascore,2026-08-09T01:36:50.770462
52,53190,Mauro Icardi,233114,Galatasaray,3061,25,8,7.51,21.23,3.77,111,49,49,7,6,2,0,2856,34,redCards,TUR,2023-2024,datafc_sofascore,2026-08-09T01:36:50.770462
52,53190,Đorđe Nikolić,797144,Sivasspor,3076,0,0,7.5,,0.01,0,0,0,0,0,0,0,450,5,redCards,TUR,2023-2024,datafc_sofascore,2026-08-09T01:36:50.770462
52,53190,Ferdi Kadıoğlu,825844,Fenerbahçe,3052,1,4,7.44,2.5,6.69,33,14,51,57,75,3,0,3327,37,redCards,TUR,2023-2024,datafc_sofascore,2026-08-09T01:36:50.770462
52,53190,Dušan Tadić,38560,Fenerbahçe,3052,10,14,7.42,14.9,14.16,53,28,88,32,33,3,0,3157,38,redCards,TUR,2023-2024,datafc_sofascore,2026-08-09T01:36:50.770462
52,53190,Aytaç Kara,128196,Kasımpaşa,6063,13,5,7.41,9.16,3.01,101,36,40,19,73,4,0,3248,37,redCards,TUR,2023-2024,datafc_sofascore,2026-08-09T01:36:50.770462
52,53190,Poyraz Efe Yıldırım,1195797,Trabzonspor,3051,1,0,7.4,0.96,0.0,1,1,0,0,0,0,0,9,2,redCards,TUR,2023-2024,datafc_sofascore,2026-08-09T01:36:50.770462
52,53190,Haris Hajradinović,254979,Kasımpaşa,6063,5,14,7.39,6.16,9.69,69,21,104,26,63,3,0,3307,38,redCards,TUR,2023-2024,datafc_sofascore,2026-08-09T01:36:50.770462
52,53190,İrfan Can Kahveci,226986,Fenerbahçe,3052,12,7,7.39,3.98,7.71,40,21,52,36,33,5,0,2027,31,redCards,TUR,2023-2024,datafc_sofascore,2026-08-09T01:36:50.770462
52,53190,Edin Džeko,14990,Fenerbahçe,3052,21,3,7.39,21.64,5.15,147,64,37,22,19,3,0,2741,36,redCards,TUR,2023-2024,datafc_sofascore,2026-08-09T01:36:50.770462
52,53190,Guilherme Haubert Sityá,224112,Konyaspor,3085,5,7,7.35,1.62,6.83,18,6,88,30,87,1,0,3267,37,redCards,TUR,2023-2024,datafc_sofascore,2026-08-09T01:36:50.770462
52,53190,Rey Manaj,587882,Sivasspor,3076,18,3,7.31,14.34,1.48,104,40,17,20,13,10,0,2423,32,redCards,TUR,2023-2024,datafc_sofascore,2026-08-09T01:36:50.770462
52,53190,Yusuf Sarı,896364,Adana Demirspor,3101,3,7,7.3,2.92,5.46,59,24,48,45,22,1,0,1790,24,redCards,TUR,2023-2024,datafc_sofascore,2026-08-09T01:36:50.770462
52,53190,Nuno Da Costa,209374,Kasımpaşa,6063,14,4,7.28,10.67,2.41,67,24,26,49,23,1,0,2339,29,redCards,TUR,2023-2024,datafc_sofascore,2026-08-09T01:36:50.770462
52,53190,Edin Višća,109779,Trabzonspor,3051,5,9,7.28,4.34,8.93,63,16,91,28,34,1,0,2762,36,redCards,TUR,2023-2024,datafc_sofascore,2026-08-09T01:36:50.770462
52,53190,Hakim Ziyech,249437,Galatasaray,3061,6,3,7.26,2.01,4.28,43,14,35,15,18,4,0,1077,18,redCards,TUR,2023-2024,datafc_sofascore,2026-08-09T01:36:50.770462
52,53190,Tasos Bakasetas,114076,Trabzonspor,3051,4,2,7.26,2.71,1.72,41,12,25,8,27,3,0,1321,17,redCards,TUR,2023-2024,datafc_sofascore,2026-08-09T01:36:50.770462
52,53190,Mame Thiam,180981,Pendikspor,7032,18,7,7.26,13.28,3.36,85,36,34,18,47,4,0,3161,36,redCards,TUR,2023-2024,datafc_sofascore,2026-08-09T01:36:50.770462
52,53190,Samu Sáiz,99527,Sivasspor,3076,4,3,7.25,2.05,2.29,29,15,33,26,8,3,0,1357,17,redCards,TUR,2023-2024,datafc_sofascore,2026-08-09T01:36:50.770462
52,53190,Thomas Meunier,128587,Trabzonspor,3051,1,5,7.24,0.58,2.7,12,4,18,4,24,2,0,1245,14,redCards,TUR,2023-2024,datafc_sofascore,2026-08-09T01:36:50.770462
52,53190,Ali Şaşal Vural,94540,Sivasspor,3076,0,0,7.23,0.0,0.27,0,0,3,2,2,3,0,2880,32,redCards,TUR,2023-2024,datafc_sofascore,2026-08-09T01:36:50.770462
52,53190,Abdülkerim Bardakcı,178963,Galatasaray,3061,4,0,7.23,3.21,1.03,33,8,10,11,25,4,0,2218,27,redCards,TUR,2023-2024,datafc_sofascore,2026-08-09T01:36:50.770462
52,53190,Denis Drăguş,841199,Gaziantep FK,5138,14,1,7.22,13.78,2.44,106,40,38,85,54,8,0,2751,32,redCards,TUR,2023-2024,datafc_sofascore,2026-08-09T01:36:50.770462
52,53190,Bilal Bayazit,825850,Kayserispor,3072,0,0,7.22,0.0,0.07,0,0,3,0,3,5,0,3150,35,redCards,TUR,2023-2024,datafc_sofascore,2026-08-09T01:36:50.770462
52,53190,Fernando Muslera,28381,Galatasaray,3061,0,0,7.2,0.0,0.32,0,0,2,1,1,4,0,3300,37,redCards,TUR,2023-2024,datafc_sofascore,2026-08-09T01:36:50.770462
52,53190,Kerem Demirbay,142619,Galatasaray,3061,6,3,7.2,3.03,3.76,52,17,42,19,66,2,0,2227,34,redCards,TUR,2023-2024,datafc_sofascore,2026-08-09T01:36:50.770462
52,53190,Taha Tepe,910094,Trabzonspor,3051,0,0,7.2,,0.01,0,0,0,0,0,1,0,270,3,redCards,TUR,2023-2024,datafc_sofascore,2026-08-09T01:36:50.770462
52,53190,Helton Leite,329081,Antalyaspor,3056,0,0,7.2,0.0,0.02,0,0,0,0,1,1,0,3059,34,redCards,TUR,2023-2024,datafc_sofascore,2026-08-09T01:36:50.770462
52,53190,Lucas Torreira,754794,Galatasaray,3061,1,2,7.2,2.08,2.97,31,4,29,9,80,7,0,2993,35,redCards,TUR,2023-2024,datafc_sofascore,2026-08-09T01:36:50.770462
52,53190,Krzysztof Piątek,558738,Başakşehir FK,3086,17,1,7.2,14.78,1.82,101,44,18,17,14,4,0,2703,34,redCards,TUR,2023-2024,datafc_sofascore,2026-08-09T01:36:50.770462
52,53190,Çağlar Söyüncü,758608,Fenerbahçe,3052,2,0,7.19,1.6,0.23,6,2,1,1,14,1,0,914,12,redCards,TUR,2023-2024,datafc_sofascore,2026-08-09T01:36:50.770462
52,53190,Bilal Bayazit,825850,Kayserispor,3072,0,0,7.22,0.0,0.07,0,0,3,0,3,5,0,3150,35,saves,TUR,2023-2024,datafc_sofascore,2026-08-09T01:36:50.770462
52,53190,Helton Leite,329081,Antalyaspor,3056,0,0,7.2,0.0,0.02,0,0,0,0,1,1,0,3059,34,saves,TUR,2023-2024,datafc_sofascore,2026-08-09T01:36:50.770462
52,53190,Ali Şaşal Vural,94540,Sivasspor,3076,0,0,7.23,0.0,0.27,0,0,3,2,2,3,0,2880,32,saves,TUR,2023-2024,datafc_sofascore,2026-08-09T01:36:50.770462
52,53190,Florin Niță,83551,Gaziantep FK,5138,0,0,7.07,0.02,0.04,1,0,1,0,2,3,0,3060,34,saves,TUR,2023-2024,datafc_sofascore,2026-08-09T01:36:50.770462
52,53190,Gökhan Akkan,225012,Çaykur Rizespor,3064,0,1,7.17,0.0,0.04,0,0,2,1,1,2,0,2640,30,saves,TUR,2023-2024,datafc_sofascore,2026-08-09T01:36:50.770462
52,53190,Erce Kardeşler,758606,Hatayspor,3091,0,0,6.98,0.0,0.09,0,0,0,1,1,8,0,3109,35,saves,TUR,2023-2024,datafc_sofascore,2026-08-09T01:36:50.770462
52,53190,Erdem Canpolat,1066726,Pendikspor,7032,0,0,6.95,0.0,0.08,0,0,1,0,2,6,0,3060,34,saves,TUR,2023-2024,datafc_sofascore,2026-08-09T01:36:50.770462
52,53190,Ertuğrul Taşkıran,105974,Alanyaspor,6362,0,0,7.01,0.0,0.08,0,0,2,0,0,3,0,3060,34,saves,TUR,2023-2024,datafc_sofascore,2026-08-09T01:36:50.770462
52,53190,Fernando Muslera,28381,Galatasaray,3061,0,0,7.2,0.0,0.32,0,0,2,1,1,4,0,3300,37,saves,TUR,2023-2024,datafc_sofascore,2026-08-09T01:36:50.770462
52,53190,Uğurcan Çakır,754330,Trabzonspor,3051,0,0,7.04,0.0,0.12,0,0,1,1,1,4,0,3060,34,saves,TUR,2023-2024,datafc_sofascore,2026-08-09T01:36:50.770462
52,53190,Bahadır Han Güngördü,807289,MKE Ankaragücü,3103,0,1,7.04,0.0,0.1,0,0,3,0,0,2,0,2837,32,saves,TUR,2023-2024,datafc_sofascore,2026-08-09T01:36:50.770462
52,53190,Okan Kocuk,190179,Samsunspor,3053,0,0,6.8,0.0,0.05,0,0,0,0,1,2,0,3240,36,saves,TUR,2023-2024,datafc_sofascore,2026-08-09T01:36:50.770462
52,53190,Andreas Gianniotis,236746,Kasımpaşa,6063,0,0,6.95,0.0,0.04,0,0,2,1,3,3,0,2790,31,saves,TUR,2023-2024,datafc_sofascore,2026-08-09T01:36:50.770462
52,53190,Shakhrudin Magomedaliyev,813105,Adana Demirspor,3101,0,0,7.0,0.0,0.03,0,0,1,0,2,3,0,2136,25,saves,TUR,2023-2024,datafc_sofascore,2026-08-09T01:36:50.770462
52,53190,Alp Arda,999485,İstanbulspor,3066,0,0,6.92,,0.06,0,0,0,2,0,3,0,1693,19,saves,TUR,2023-2024,datafc_sofascore,2026-08-09T01:36:50.770462
52,53190,Mert Günok,39573,Beşiktaş JK,3050,0,0,6.89,0.02,0.1,1,0,3,2,0,4,1,2543,30,saves,TUR,2023-2024,datafc_sofascore,2026-08-09T01:36:50.770462
52,53190,Dominik Livaković,190419,Fenerbahçe,3052,0,0,6.89,0.0,0.04,0,0,2,1,2,1,0,3059,34,saves,TUR,2023-2024,datafc_sofascore,2026-08-09T01:36:50.770462
52,53190,Volkan Babacan,30143,Başakşehir FK,3086,0,0,6.98,0.0,0.03,0,0,1,0,0,1,0,2070,23,saves,TUR,2023-2024,datafc_sofascore,2026-08-09T01:36:50.770462
52,53190,Salvatore Sirigu,18954,Fatih Karagümrük,4954,0,0,6.98,,0.02,0,0,1,0,1,0,0,1530,17,saves,TUR,2023-2024,datafc_sofascore,2026-08-09T01:36:50.770462
52,53190,Ertaç Özbir,126077,MKE Ankaragücü,3103,0,0,7.19,0.0,0.01,0,0,0,1,1,3,2,1137,14,saves,TUR,2023-2024,datafc_sofascore,2026-08-09T01:36:50.770462
52,53190,David Jensen,47860,İstanbulspor,3066,0,0,6.91,0.0,0.04,0,0,1,0,1,0,0,1260,14,saves,TUR,2023-2024,datafc_sofascore,2026-08-09T01:36:50.770462
52,53190,Muhammed Şengezer,827418,Başakşehir FK,3086,0,0,7.11,0.0,0.05,0,0,0,0,0,0,0,1260,14,saves,TUR,2023-2024,datafc_sofascore,2026-08-09T01:36:50.770462
52,53190,Ersin Destanoğlu,913656,Beşiktaş JK,3050,0,0,7.0,0.0,0.01,0,0,0,0,0,1,0,875,11,saves,TUR,2023-2024,datafc_sofascore,2026-08-09T01:36:50.770462
52,53190,Jakub Słowik,95437,Konyaspor,3085,0,0,6.99,,0.11,0,0,0,0,3,3,0,1260,14,saves,TUR,2023-2024,datafc_sofascore,2026-08-09T01:36:50.770462
52,53190,Emre Bilgin,1050730,Fatih Karagümrük,4954,0,0,6.97,,0.01,0,0,0,0,0,0,0,900,10,saves,TUR,2023-2024,datafc_sofascore,2026-08-09T01:36:50.770462
52,53190,Tarık Çetin,913985,Çaykur Rizespor,3064,0,0,7.02,,0.0,0,0,0,0,1,1,0,690,9,saves,TUR,2023-2024,datafc_sofascore,2026-08-09T01:36:50.770462
52,53190,Paul Bernardoni,361314,Konyaspor,3085,0,0,6.78,0.0,0.02,0,0,0,0,1,0,0,1530,17,saves,TUR,2023-2024,datafc_sofascore,2026-08-09T01:36:50.770462
52,53190,Matías Dituro,556884,Fatih Karagümrük,4954,0,0,7.04,0.0,0.01,0,0,0,0,0,1,0,990,11,saves,TUR,2023-2024,datafc_sofascore,2026-08-09T01:36:50.770462
52,53190,Ali Emre Yanar,840297,Kasımpaşa,6063,0,0,6.8,0.0,0.0,0,0,0,0,0,2,0,630,7,saves,TUR,2023-2024,datafc_sofascore,2026-08-09T01:36:50.770462
52,53190,Đorđe Nikolić,797144,Sivasspor,3076,0,0,7.5,,0.01,0,0,0,0,0,0,0,450,5,saves,TUR,2023-2024,datafc_sofascore,2026-08-09T01:36:50.770462
52,53190,Deniz Ertaş,1195772,Konyaspor,3085,0,0,6.67,,0.01,0,0,0,0,0,2,0,630,7,saves,TUR,2023-2024,datafc_sofascore,2026-08-09T01:36:50.770462
52,53190,Mücahit Serbest,1174228,İstanbulspor,3066,0,0,6.96,,0.0,0,0,0,0,0,0,0,377,5,saves,TUR,2023-2024,datafc_sofascore,2026-08-09T01:36:50.770462
52,53190,Rafał Gikiewicz,44938,MKE Ankaragücü,3103,0,0,6.9,0.0,0.0,0,0,0,0,1,0,0,450,5,saves,TUR,2023-2024,datafc_sofascore,2026-08-09T01:36:50.770462
52,53190,Yusuf Karagöz,1133582,Alanyaspor,6362,0,0,6.83,0.0,0.0,0,0,0,0,0,0,0,360,4,saves,TUR,2023-2024,datafc_sofascore,2026-08-09T01:36:50.770462
52,53190,Taha Tepe,910094,Trabzonspor,3051,0,0,7.2,,0.01,0,0,0,0,0,1,0,270,3,saves,TUR,2023-2024,datafc_sofascore,2026-08-09T01:36:50.770462
52,53190,Batuhan Şen,867595,Gaziantep FK,5138,0,0,6.48,0.0,0.0,0,0,1,0,0,0,0,360,4,saves,TUR,2023-2024,datafc_sofascore,2026-08-09T01:36:50.770462
52,53190,Visar Bekaj,890652,Hatayspor,3091,0,0,6.73,,0.0,0,0,0,0,0,2,0,311,4,saves,TUR,2023-2024,datafc_sofascore,2026-08-09T01:36:50.770462
52,53190,İrfan Can Eğribayat,594618,Fenerbahçe,3052,0,0,6.9,0.0,0.0,0,0,1,0,0,2,0,270,3,saves,TUR,2023-2024,datafc_sofascore,2026-08-09T01:36:50.770462
52,53190,Ataberk Dadakdeniz,840605,Antalyaspor,3056,0,0,6.85,,0.0,0,0,0,0,0,1,0,360,4,saves,TUR,2023-2024,datafc_sofascore,2026-08-09T01:36:50.770462
52,53190,Onurcan Piri,213542,Kayserispor,3072,0,0,6.67,,0.0,0,0,0,1,0,1,0,269,3,saves,TUR,2023-2024,datafc_sofascore,2026-08-09T01:36:50.770462
52,53190,Jakub Szumski,153038,Samsunspor,3053,0,0,6.6,0.0,0.0,0,0,0,0,0,0,0,180,2,saves,TUR,2023-2024,datafc_sofascore,2026-08-09T01:36:50.770462
52,53190,Deniz Dilmen,1065508,Başakşehir FK,3086,0,0,7.1,,0.0,0,0,0,0,0,0,0,90,1,saves,TUR,2023-2024,datafc_sofascore,2026-08-09T01:36:50.770462
52,53190,Vedat Karakuş,847353,Adana Demirspor,3101,0,0,6.07,0.0,0.0,0,0,0,0,0,1,0,180,3,saves,TUR,2023-2024,datafc_sofascore,2026-08-09T01:36:50.770462
52,53190,Burak Öğür,847060,Pendikspor,7032,0,0,6.03,0.0,0.0,0,0,0,0,1,1,0,360,4,saves,TUR,2023-2024,datafc_sofascore,2026-08-09T01:36:50.770462
52,53190,Günay Güvenç,103457,Galatasaray,3061,0,0,7.05,,0.0,0,0,0,0,0,1,0,120,2,saves,TUR,2023-2024,datafc_sofascore,2026-08-09T01:36:50.770462
52,53190,Ramzi Safouri,186949,Antalyaspor,3056,0,7,7.04,2.16,5.15,39,15,56,31,17,3,1,1803,30,saves,TUR,2023-2024,datafc_sofascore,2026-08-09T01:36:50.770462
52,53190,Yılmaz Aktaş,1550939,Adana Demirspor,3101,0,0,5.8,,0.0,0,0,0,0,2,0,0,90,1,saves,TUR,2023-2024,datafc_sofascore,2026-08-09T01:36:50.770462
52,53190,Dries Mertens,32493,Galatasaray,3061,9,16,7.61,8.12,10.57,88,35,93,15,43,3,0,2487,36,saves,TUR,2023-2024,datafc_sofascore,2026-08-09T01:36:50.770462
52,53190,Sebastian Szymański,847983,Fenerbahçe,3052,10,11,7.55,9.31,9.69,87,31,77,10,85,4,0,2916,37,saves,TUR,2023-2024,datafc_sofascore,2026-08-09T01:36:50.770462
52,53190,Paul Onuachu,295123,Trabzonspor,3051,14,4,7.52,8.11,0.47,57,23,13,11,6,3,0,1438,20,saves,TUR,2023-2024,datafc_sofascore,2026-08-09T01:36:50.770462
52,53190,Mauro Icardi,233114,Galatasaray,3061,25,8,7.51,21.23,3.77,111,49,49,7,6,2,0,2856,34,saves,TUR,2023-2024,datafc_sofascore,2026-08-09T01:36:50.770462
52,53190,Valentin Eysseric,139798,Fatih Karagümrük,4954,5,7,7.46,4.48,7.64,54,18,74,27,42,7,1,2420,31,saves,TUR,2023-2024,datafc_sofascore,2026-08-09T01:36:50.770462
52,53190,Ferdi Kadıoğlu,825844,Fenerbahçe,3052,1,4,7.44,2.5,6.69,33,14,51,57,75,3,0,3327,37,saves,TUR,2023-2024,datafc_sofascore,2026-08-09T01:36:50.770462
52,53190,Dušan Tadić,38560,Fenerbahçe,3052,10,14,7.42,14.9,14.16,53,28,88,32,33,3,0,3157,38,saves,TUR,2023-2024,datafc_sofascore,2026-08-09T01:36:50.770462
52,53190,Aytaç Kara,128196,Kasımpaşa,6063,13,5,7.41,9.16,3.01,101,36,40,19,73,4,0,3248,37,saves,TUR,2023-2024,datafc_sofascore,2026-08-09T01:36:50.770462
52,53190,Poyraz Efe Yıldırım,1195797,Trabzonspor,3051,1,0,7.4,0.96,0.0,1,1,0,0,0,0,0,9,2,saves,TUR,2023-2024,datafc_sofascore,2026-08-09T01:36:50.770462
52,53190,Haris Hajradinović,254979,Kasımpaşa,6063,5,14,7.39,6.16,9.69,69,21,104,26,63,3,0,3307,38,saves,TUR,2023-2024,datafc_sofascore,2026-08-09T01:36:50.770462
52,53190,İrfan Can Kahveci,226986,Fenerbahçe,3052,12,7,7.39,3.98,7.71,40,21,52,36,33,5,0,2027,31,saves,TUR,2023-2024,datafc_sofascore,2026-08-09T01:36:50.770462
52,53190,Edin Džeko,14990,Fenerbahçe,3052,21,3,7.39,21.64,5.15,147,64,37,22,19,3,0,2741,36,saves,TUR,2023-2024,datafc_sofascore,2026-08-09T01:36:50.770462
52,53190,Guilherme Haubert Sityá,224112,Konyaspor,3085,5,7,7.35,1.62,6.83,18,6,88,30,87,1,0,3267,37,saves,TUR,2023-2024,datafc_sofascore,2026-08-09T01:36:50.770462
52,53190,Fred,243623,Fenerbahçe,3052,3,4,7.34,3.99,4.93,50,15,31,25,51,5,1,2051,25,saves,TUR,2023-2024,datafc_sofascore,2026-08-09T01:36:50.770462
52,53190,Kerem Aktürkoğlu,903324,Galatasaray,3061,12,6,7.33,12.89,8.17,79,29,73,32,28,3,1,2479,37,saves,TUR,2023-2024,datafc_sofascore,2026-08-09T01:36:50.770462
52,53190,Rey Manaj,587882,Sivasspor,3076,18,3,7.31,14.34,1.48,104,40,17,20,13,10,0,2423,32,saves,TUR,2023-2024,datafc_sofascore,2026-08-09T01:36:50.770462
52,53190,Yusuf Sarı,896364,Adana Demirspor,3101,3,7,7.3,2.92,5.46,59,24,48,45,22,1,0,1790,24,saves,TUR,2023-2024,datafc_sofascore,2026-08-09T01:36:50.770462
52,53190,Oğuz Aydın,999396,Alanyaspor,6362,13,8,7.28,9.34,8.32,58,25,64,54,25,3,1,2587,35,saves,TUR,2023-2024,datafc_sofascore,2026-08-09T01:36:50.770462
52,53190,Nuno Da Costa,209374,Kasımpaşa,6063,14,4,7.28,10.67,2.41,67,24,26,49,23,1,0,2339,29,saves,TUR,2023-2024,datafc_sofascore,2026-08-09T01:36:50.770462
52,53190,Edin Višća,109779,Trabzonspor,3051,5,9,7.28,4.34,8.93,63,16,91,28,34,1,0,2762,36,saves,TUR,2023-2024,datafc_sofascore,2026-08-09T01:36:50.770462
52,53190,Hakim Ziyech,249437,Galatasaray,3061,6,3,7.26,2.01,4.28,43,14,35,15,18,4,0,1077,18,saves,TUR,2023-2024,datafc_sofascore,2026-08-09T01:36:50.770462
52,53190,Tasos Bakasetas,114076,Trabzonspor,3051,4,2,7.26,2.71,1.72,41,12,25,8,27,3,0,1321,17,saves,TUR,2023-2024,datafc_sofascore,2026-08-09T01:36:50.770462
52,53190,Emirhan Topçu,895009,Çaykur Rizespor,3064,1,4,7.26,2.0,1.84,25,8,19,6,65,10,1,2702,31,saves,TUR,2023-2024,datafc_sofascore,2026-08-09T01:36:50.770462
52,53190,Mame Thiam,180981,Pendikspor,7032,18,7,7.26,13.28,3.36,85,36,34,18,47,4,0,3161,36,saves,TUR,2023-2024,datafc_sofascore,2026-08-09T01:36:50.770462
52,53190,Samu Sáiz,99527,Sivasspor,3076,4,3,7.25,2.05,2.29,29,15,33,26,8,3,0,1357,17,saves,TUR,2023-2024,datafc_sofascore,2026-08-09T01:36:50.770462
52,53190,Thomas Meunier,128587,Trabzonspor,3051,1,5,7.24,0.58,2.7,12,4,18,4,24,2,0,1245,14,saves,TUR,2023-2024,datafc_sofascore,2026-08-09T01:36:50.770462
52,53190,Abdülkerim Bardakcı,178963,Galatasaray,3061,4,0,7.23,3.21,1.03,33,8,10,11,25,4,0,2218,27,saves,TUR,2023-2024,datafc_sofascore,2026-08-09T01:36:50.770462
52,53190,Denis Drăguş,841199,Gaziantep FK,5138,14,1,7.22,13.78,2.44,106,40,38,85,54,8,0,2751,32,saves,TUR,2023-2024,datafc_sofascore,2026-08-09T01:36:50.770462
52,53190,Kerem Demirbay,142619,Galatasaray,3061,6,3,7.2,3.03,3.76,52,17,42,19,66,2,0,2227,34,saves,TUR,2023-2024,datafc_sofascore,2026-08-09T01:36:50.770462
52,53190,Lucas Torreira,754794,Galatasaray,3061,1,2,7.2,2.08,2.97,31,4,29,9,80,7,0,2993,35,saves,TUR,2023-2024,datafc_sofascore,2026-08-09T01:36:50.770462
52,53190,Krzysztof Piątek,558738,Başakşehir FK,3086,17,1,7.2,14.78,1.82,101,44,18,17,14,4,0,2703,34,saves,TUR,2023-2024,datafc_sofascore,2026-08-09T01:36:50.770462
52,53190,Çağlar Söyüncü,758608,Fenerbahçe,3052,2,0,7.19,1.6,0.23,6,2,1,1,14,1,0,914,12,saves,TUR,2023-2024,datafc_sofascore,2026-08-09T01:36:50.770462
52,53190,Emre Akbaba,343527,Adana Demirspor,3101,7,2,7.19,7.41,3.26,64,20,43,32,65,5,0,2682,32,saves,TUR,2023-2024,datafc_sofascore,2026-08-09T01:36:50.770462
52,53190,Gedson Fernandes,862055,Beşiktaş JK,3050,3,3,7.19,2.94,1.74,36,9,29,46,99,8,0,2457,29,saves,TUR,2023-2024,datafc_sofascore,2026-08-09T01:36:50.770462
52,53190,Adam Buksa,1138856,Antalyaspor,3056,16,2,7.19,12.27,0.84,93,39,21,27,17,8,0,2925,33,saves,TUR,2023-2024,datafc_sofascore,2026-08-09T01:36:50.770462
52,53190,Wilfried Zaha,111850,Galatasaray,3061,9,3,7.18,4.15,2.63,48,19,23,43,29,2,0,1433,30,saves,TUR,2023-2024,datafc_sofascore,2026-08-09T01:36:50.770462
52,53190,Mahmoud Trézéguet,295361,Trabzonspor,3051,9,5,7.17,6.45,3.71,57,20,29,23,17,2,0,1529,24,saves,TUR,2023-2024,datafc_sofascore,2026-08-09T01:36:50.770462
52,53190,Richard,897617,Alanyaspor,6362,1,1,7.16,1.3,1.31,25,7,17,16,74,11,0,2913,34,saves,TUR,2023-2024,datafc_sofascore,2026-08-09T01:36:50.770462
52,53190,Ousseynou Ba,889430,Başakşehir FK,3086,0,1,7.16,0.43,0.1,6,0,2,2,48,9,1,1765,22,saves,TUR,2023-2024,datafc_sofascore,2026-08-09T01:36:50.770462
52,53190,Alexandru Maxim,180511,Gaziantep FK,5138,3,8,7.16,5.85,7.47,43,16,80,36,38,4,2,2674,34,saves,TUR,2023-2024,datafc_sofascore,2026-08-09T01:36:50.770462
52,53190,Tolga Ciğerci,120298,MKE Ankaragücü,3103,5,3,7.15,3.47,1.48,38,11,22,13,45,4,0,2050,27,saves,TUR,2023-2024,datafc_sofascore,2026-08-09T01:36:50.770462
52,53190,Jonjo Shelvey,36465,Çaykur Rizespor,3064,3,6,7.15,2.58,3.71,55,16,48,17,36,6,0,2604,31,saves,TUR,2023-2024,datafc_sofascore,2026-08-09T01:36:50.770462
52,53190,Deniz Türüç,252207,Başakşehir FK,3086,2,12,7.15,2.26,5.68,39,17,60,30,31,11,0,2678,34,saves,TUR,2023-2024,datafc_sofascore,2026-08-09T01:36:50.770462
52,53190,Valentin Rosier,842419,Beşiktaş JK,3050,0,1,7.15,0.25,1.06,4,1,9,21,23,3,0,907,12,saves,TUR,2023-2024,datafc_sofascore,2026-08-09T01:36:50.770462
52,53190,İsmail Yüksek,952600,Fenerbahçe,3052,0,4,7.15,2.24,2.28,26,4,29,29,73,5,2,2319,30,saves,TUR,2023-2024,datafc_sofascore,2026-08-09T01:36:50.770462
52,53190,Barış Alper Yılmaz,904096,Galatasaray,3061,6,6,7.15,4.08,5.51,61,18,43,67,60,8,0,2550,37,saves,TUR,2023-2024,datafc_sofascore,2026-08-09T01:36:50.770462
52,53190,Omar Colley,238408,Beşiktaş JK,3050,7,0,7.14,3.23,0.36,13,9,6,2,27,4,1,1935,22,saves,TUR,2023-2024,datafc_sofascore,2026-08-09T01:36:50.770462
52,53190,Marcão,870717,Fatih Karagümrük,4954,6,1,7.14,4.7,0.41,35,14,6,8,4,1,0,680,11,saves,TUR,2023-2024,datafc_sofascore,2026-08-09T01:36:50.770462
52,53190,Ernest Muçi,924670,Beşiktaş JK,3050,3,0,7.13,2.25,1.71,41,15,16,18,12,3,0,1040,13,saves,TUR,2023-2024,datafc_sofascore,2026-08-09T01:36:50.770462
52,53190,Semih Kılıçsoy,1142606,Beşiktaş JK,3050,11,4,7.13,5.59,1.48,57,24,16,40,16,5,0,1695,23,saves,TUR,2023-2024,datafc_sofascore,2026-08-09T01:36:50.770462
52,53190,Emre Kılınç,202032,Samsunspor,3053,4,4,7.12,2.09,4.63,31,5,53,31,62,4,0,2574,33,saves,TUR,2023-2024,datafc_sofascore,2026-08-09T01:36:50.770462
52,53190,Ibrahim Olawoyin,1008173,Çaykur Rizespor,3064,8,2,7.12,5.84,2.99,64,25,39,65,63,6,0,2970,35,saves,TUR,2023-2024,datafc_sofascore,2026-08-09T01:36:50.770462
52,53190,Majid Hosseini,359332,Kayserispor,3072,0,0,7.12,0.38,0.18,6,1,0,2,18,1,0,867,10,saves,TUR,2023-2024,datafc_sofascore,2026-08-09T01:36:50.770462
52,53190,Bilal Bayazit,825850,Kayserispor,3072,0,0,7.22,0.0,0.07,0,0,3,0,3,5,0,3150,35,saves,TUR,2023-2024,datafc_sofascore,2026-08-09T01:36:50.770462
52,53190,Helton Leite,329081,Antalyaspor,3056,0,0,7.2,0.0,0.02,0,0,0,0,1,1,0,3059,34,saves,TUR,2023-2024,datafc_sofascore,2026-08-09T01:36:50.770462
52,53190,Ali Şaşal Vural,94540,Sivasspor,3076,0,0,7.23,0.0,0.27,0,0,3,2,2,3,0,2880,32,saves,TUR,2023-2024,datafc_sofascore,2026-08-09T01:36:50.770462
52,53190,Florin Niță,83551,Gaziantep FK,5138,0,0,7.07,0.02,0.04,1,0,1,0,2,3,0,3060,34,saves,TUR,2023-2024,datafc_sofascore,2026-08-09T01:36:50.770462
52,53190,Gökhan Akkan,225012,Çaykur Rizespor,3064,0,1,7.17,0.0,0.04,0,0,2,1,1,2,0,2640,30,saves,TUR,2023-2024,datafc_sofascore,2026-08-09T01:36:50.770462
52,53190,Erce Kardeşler,758606,Hatayspor,3091,0,0,6.98,0.0,0.09,0,0,0,1,1,8,0,3109,35,saves,TUR,2023-2024,datafc_sofascore,2026-08-09T01:36:50.770462
52,53190,Erdem Canpolat,1066726,Pendikspor,7032,0,0,6.95,0.0,0.08,0,0,1,0,2,6,0,3060,34,saves,TUR,2023-2024,datafc_sofascore,2026-08-09T01:36:50.770462
52,53190,Ertuğrul Taşkıran,105974,Alanyaspor,6362,0,0,7.01,0.0,0.08,0,0,2,0,0,3,0,3060,34,saves,TUR,2023-2024,datafc_sofascore,2026-08-09T01:36:50.770462
52,53190,Fernando Muslera,28381,Galatasaray,3061,0,0,7.2,0.0,0.32,0,0,2,1,1,4,0,3300,37,saves,TUR,2023-2024,datafc_sofascore,2026-08-09T01:36:50.770462
52,53190,Uğurcan Çakır,754330,Trabzonspor,3051,0,0,7.04,0.0,0.12,0,0,1,1,1,4,0,3060,34,saves,TUR,2023-2024,datafc_sofascore,2026-08-09T01:36:50.770462
52,53190,Bahadır Han Güngördü,807289,MKE Ankaragücü,3103,0,1,7.04,0.0,0.1,0,0,3,0,0,2,0,2837,32,saves,TUR,2023-2024,datafc_sofascore,2026-08-09T01:36:50.770462
52,53190,Okan Kocuk,190179,Samsunspor,3053,0,0,6.8,0.0,0.05,0,0,0,0,1,2,0,3240,36,saves,TUR,2023-2024,datafc_sofascore,2026-08-09T01:36:50.770462
52,53190,Andreas Gianniotis,236746,Kasımpaşa,6063,0,0,6.95,0.0,0.04,0,0,2,1,3,3,0,2790,31,saves,TUR,2023-2024,datafc_sofascore,2026-08-09T01:36:50.770462
52,53190,Shakhrudin Magomedaliyev,813105,Adana Demirspor,3101,0,0,7.0,0.0,0.03,0,0,1,0,2,3,0,2136,25,saves,TUR,2023-2024,datafc_sofascore,2026-08-09T01:36:50.770462
52,53190,Alp Arda,999485,İstanbulspor,3066,0,0,6.92,,0.06,0,0,0,2,0,3,0,1693,19,saves,TUR,2023-2024,datafc_sofascore,2026-08-09T01:36:50.770462
52,53190,Mert Günok,39573,Beşiktaş JK,3050,0,0,6.89,0.02,0.1,1,0,3,2,0,4,1,2543,30,saves,TUR,2023-2024,datafc_sofascore,2026-08-09T01:36:50.770462
52,53190,Dominik Livaković,190419,Fenerbahçe,3052,0,0,6.89,0.0,0.04,0,0,2,1,2,1,0,3059,34,saves,TUR,2023-2024,datafc_sofascore,2026-08-09T01:36:50.770462
52,53190,Volkan Babacan,30143,Başakşehir FK,3086,0,0,6.98,0.0,0.03,0,0,1,0,0,1,0,2070,23,saves,TUR,2023-2024,datafc_sofascore,2026-08-09T01:36:50.770462
52,53190,Salvatore Sirigu,18954,Fatih Karagümrük,4954,0,0,6.98,,0.02,0,0,1,0,1,0,0,1530,17,saves,TUR,2023-2024,datafc_sofascore,2026-08-09T01:36:50.770462
52,53190,Ertaç Özbir,126077,MKE Ankaragücü,3103,0,0,7.19,0.0,0.01,0,0,0,1,1,3,2,1137,14,saves,TUR,2023-2024,datafc_sofascore,2026-08-09T01:36:50.770462
52,53190,David Jensen,47860,İstanbulspor,3066,0,0,6.91,0.0,0.04,0,0,1,0,1,0,0,1260,14,saves,TUR,2023-2024,datafc_sofascore,2026-08-09T01:36:50.770462
52,53190,Muhammed Şengezer,827418,Başakşehir FK,3086,0,0,7.11,0.0,0.05,0,0,0,0,0,0,0,1260,14,saves,TUR,2023-2024,datafc_sofascore,2026-08-09T01:36:50.770462
52,53190,Ersin Destanoğlu,913656,Beşiktaş JK,3050,0,0,7.0,0.0,0.01,0,0,0,0,0,1,0,875,11,saves,TUR,2023-2024,datafc_sofascore,2026-08-09T01:36:50.770462
52,53190,Jakub Słowik,95437,Konyaspor,3085,0,0,6.99,,0.11,0,0,0,0,3,3,0,1260,14,saves,TUR,2023-2024,datafc_sofascore,2026-08-09T01:36:50.770462
52,53190,Emre Bilgin,1050730,Fatih Karagümrük,4954,0,0,6.97,,0.01,0,0,0,0,0,0,0,900,10,saves,TUR,2023-2024,datafc_sofascore,2026-08-09T01:36:50.770462
52,53190,Tarık Çetin,913985,Çaykur Rizespor,3064,0,0,7.02,,0.0,0,0,0,0,1,1,0,690,9,saves,TUR,2023-2024,datafc_sofascore,2026-08-09T01:36:50.770462
52,53190,Paul Bernardoni,361314,Konyaspor,3085,0,0,6.78,0.0,0.02,0,0,0,0,1,0,0,1530,17,saves,TUR,2023-2024,datafc_sofascore,2026-08-09T01:36:50.770462
52,53190,Matías Dituro,556884,Fatih Karagümrük,4954,0,0,7.04,0.0,0.01,0,0,0,0,0,1,0,990,11,saves,TUR,2023-2024,datafc_sofascore,2026-08-09T01:36:50.770462
52,53190,Ali Emre Yanar,840297,Kasımpaşa,6063,0,0,6.8,0.0,0.0,0,0,0,0,0,2,0,630,7,saves,TUR,2023-2024,datafc_sofascore,2026-08-09T01:36:50.770462
52,53190,Đorđe Nikolić,797144,Sivasspor,3076,0,0,7.5,,0.01,0,0,0,0,0,0,0,450,5,saves,TUR,2023-2024,datafc_sofascore,2026-08-09T01:36:50.770462
52,53190,Deniz Ertaş,1195772,Konyaspor,3085,0,0,6.67,,0.01,0,0,0,0,0,2,0,630,7,saves,TUR,2023-2024,datafc_sofascore,2026-08-09T01:36:50.770462
52,53190,Mücahit Serbest,1174228,İstanbulspor,3066,0,0,6.96,,0.0,0,0,0,0,0,0,0,377,5,saves,TUR,2023-2024,datafc_sofascore,2026-08-09T01:36:50.770462
52,53190,Rafał Gikiewicz,44938,MKE Ankaragücü,3103,0,0,6.9,0.0,0.0,0,0,0,0,1,0,0,450,5,saves,TUR,2023-2024,datafc_sofascore,2026-08-09T01:36:50.770462
52,53190,Yusuf Karagöz,1133582,Alanyaspor,6362,0,0,6.83,0.0,0.0,0,0,0,0,0,0,0,360,4,saves,TUR,2023-2024,datafc_sofascore,2026-08-09T01:36:50.770462
52,53190,Taha Tepe,910094,Trabzonspor,3051,0,0,7.2,,0.01,0,0,0,0,0,1,0,270,3,saves,TUR,2023-2024,datafc_sofascore,2026-08-09T01:36:50.770462
52,53190,Batuhan Şen,867595,Gaziantep FK,5138,0,0,6.48,0.0,0.0,0,0,1,0,0,0,0,360,4,saves,TUR,2023-2024,datafc_sofascore,2026-08-09T01:36:50.770462
52,53190,Visar Bekaj,890652,Hatayspor,3091,0,0,6.73,,0.0,0,0,0,0,0,2,0,311,4,saves,TUR,2023-2024,datafc_sofascore,2026-08-09T01:36:50.770462
52,53190,İrfan Can Eğribayat,594618,Fenerbahçe,3052,0,0,6.9,0.0,0.0,0,0,1,0,0,2,0,270,3,saves,TUR,2023-2024,datafc_sofascore,2026-08-09T01:36:50.770462
52,53190,Ataberk Dadakdeniz,840605,Antalyaspor,3056,0,0,6.85,,0.0,0,0,0,0,0,1,0,360,4,saves,TUR,2023-2024,datafc_sofascore,2026-08-09T01:36:50.770462
52,53190,Onurcan Piri,213542,Kayserispor,3072,0,0,6.67,,0.0,0,0,0,1,0,1,0,269,3,saves,TUR,2023-2024,datafc_sofascore,2026-08-09T01:36:50.770462
52,53190,Jakub Szumski,153038,Samsunspor,3053,0,0,6.6,0.0,0.0,0,0,0,0,0,0,0,180,2,saves,TUR,2023-2024,datafc_sofascore,2026-08-09T01:36:50.770462
52,53190,Deniz Dilmen,1065508,Başakşehir FK,3086,0,0,7.1,,0.0,0,0,0,0,0,0,0,90,1,saves,TUR,2023-2024,datafc_sofascore,2026-08-09T01:36:50.770462
52,53190,Vedat Karakuş,847353,Adana Demirspor,3101,0,0,6.07,0.0,0.0,0,0,0,0,0,1,0,180,3,saves,TUR,2023-2024,datafc_sofascore,2026-08-09T01:36:50.770462
52,53190,Burak Öğür,847060,Pendikspor,7032,0,0,6.03,0.0,0.0,0,0,0,0,1,1,0,360,4,saves,TUR,2023-2024,datafc_sofascore,2026-08-09T01:36:50.770462
52,53190,Günay Güvenç,103457,Galatasaray,3061,0,0,7.05,,0.0,0,0,0,0,0,1,0,120,2,saves,TUR,2023-2024,datafc_sofascore,2026-08-09T01:36:50.770462
52,53190,Ramzi Safouri,186949,Antalyaspor,3056,0,7,7.04,2.16,5.15,39,15,56,31,17,3,1,1803,30,saves,TUR,2023-2024,datafc_sofascore,2026-08-09T01:36:50.770462
52,53190,Yılmaz Aktaş,1550939,Adana Demirspor,3101,0,0,5.8,,0.0,0,0,0,0,2,0,0,90,1,saves,TUR,2023-2024,datafc_sofascore,2026-08-09T01:36:50.770462
52,53190,Dries Mertens,32493,Galatasaray,3061,9,16,7.61,8.12,10.57,88,35,93,15,43,3,0,2487,36,saves,TUR,2023-2024,datafc_sofascore,2026-08-09T01:36:50.770462
52,53190,Sebastian Szymański,847983,Fenerbahçe,3052,10,11,7.55,9.31,9.69,87,31,77,10,85,4,0,2916,37,saves,TUR,2023-2024,datafc_sofascore,2026-08-09T01:36:50.770462
52,53190,Paul Onuachu,295123,Trabzonspor,3051,14,4,7.52,8.11,0.47,57,23,13,11,6,3,0,1438,20,saves,TUR,2023-2024,datafc_sofascore,2026-08-09T01:36:50.770462
52,53190,Mauro Icardi,233114,Galatasaray,3061,25,8,7.51,21.23,3.77,111,49,49,7,6,2,0,2856,34,saves,TUR,2023-2024,datafc_sofascore,2026-08-09T01:36:50.770462
52,53190,Valentin Eysseric,139798,Fatih Karagümrük,4954,5,7,7.46,4.48,7.64,54,18,74,27,42,7,1,2420,31,saves,TUR,2023-2024,datafc_sofascore,2026-08-09T01:36:50.770462
52,53190,Ferdi Kadıoğlu,825844,Fenerbahçe,3052,1,4,7.44,2.5,6.69,33,14,51,57,75,3,0,3327,37,saves,TUR,2023-2024,datafc_sofascore,2026-08-09T01:36:50.770462
52,53190,Dušan Tadić,38560,Fenerbahçe,3052,10,14,7.42,14.9,14.16,53,28,88,32,33,3,0,3157,38,saves,TUR,2023-2024,datafc_sofascore,2026-08-09T01:36:50.770462
52,53190,Aytaç Kara,128196,Kasımpaşa,6063,13,5,7.41,9.16,3.01,101,36,40,19,73,4,0,3248,37,saves,TUR,2023-2024,datafc_sofascore,2026-08-09T01:36:50.770462
52,53190,Poyraz Efe Yıldırım,1195797,Trabzonspor,3051,1,0,7.4,0.96,0.0,1,1,0,0,0,0,0,9,2,saves,TUR,2023-2024,datafc_sofascore,2026-08-09T01:36:50.770462
52,53190,Haris Hajradinović,254979,Kasımpaşa,6063,5,14,7.39,6.16,9.69,69,21,104,26,63,3,0,3307,38,saves,TUR,2023-2024,datafc_sofascore,2026-08-09T01:36:50.770462
52,53190,İrfan Can Kahveci,226986,Fenerbahçe,3052,12,7,7.39,3.98,7.71,40,21,52,36,33,5,0,2027,31,saves,TUR,2023-2024,datafc_sofascore,2026-08-09T01:36:50.770462
52,53190,Edin Džeko,14990,Fenerbahçe,3052,21,3,7.39,21.64,5.15,147,64,37,22,19,3,0,2741,36,saves,TUR,2023-2024,datafc_sofascore,2026-08-09T01:36:50.770462
52,53190,Guilherme Haubert Sityá,224112,Konyaspor,3085,5,7,7.35,1.62,6.83,18,6,88,30,87,1,0,3267,37,saves,TUR,2023-2024,datafc_sofascore,2026-08-09T01:36:50.770462
52,53190,Fred,243623,Fenerbahçe,3052,3,4,7.34,3.99,4.93,50,15,31,25,51,5,1,2051,25,saves,TUR,2023-2024,datafc_sofascore,2026-08-09T01:36:50.770462
52,53190,Kerem Aktürkoğlu,903324,Galatasaray,3061,12,6,7.33,12.89,8.17,79,29,73,32,28,3,1,2479,37,saves,TUR,2023-2024,datafc_sofascore,2026-08-09T01:36:50.770462
52,53190,Rey Manaj,587882,Sivasspor,3076,18,3,7.31,14.34,1.48,104,40,17,20,13,10,0,2423,32,saves,TUR,2023-2024,datafc_sofascore,2026-08-09T01:36:50.770462
52,53190,Yusuf Sarı,896364,Adana Demirspor,3101,3,7,7.3,2.92,5.46,59,24,48,45,22,1,0,1790,24,saves,TUR,2023-2024,datafc_sofascore,2026-08-09T01:36:50.770462
52,53190,Oğuz Aydın,999396,Alanyaspor,6362,13,8,7.28,9.34,8.32,58,25,64,54,25,3,1,2587,35,saves,TUR,2023-2024,datafc_sofascore,2026-08-09T01:36:50.770462
52,53190,Nuno Da Costa,209374,Kasımpaşa,6063,14,4,7.28,10.67,2.41,67,24,26,49,23,1,0,2339,29,saves,TUR,2023-2024,datafc_sofascore,2026-08-09T01:36:50.770462
52,53190,Edin Višća,109779,Trabzonspor,3051,5,9,7.28,4.34,8.93,63,16,91,28,34,1,0,2762,36,saves,TUR,2023-2024,datafc_sofascore,2026-08-09T01:36:50.770462
52,53190,Hakim Ziyech,249437,Galatasaray,3061,6,3,7.26,2.01,4.28,43,14,35,15,18,4,0,1077,18,saves,TUR,2023-2024,datafc_sofascore,2026-08-09T01:36:50.770462
52,53190,Tasos Bakasetas,114076,Trabzonspor,3051,4,2,7.26,2.71,1.72,41,12,25,8,27,3,0,1321,17,saves,TUR,2023-2024,datafc_sofascore,2026-08-09T01:36:50.770462
52,53190,Emirhan Topçu,895009,Çaykur Rizespor,3064,1,4,7.26,2.0,1.84,25,8,19,6,65,10,1,2702,31,saves,TUR,2023-2024,datafc_sofascore,2026-08-09T01:36:50.770462
52,53190,Mame Thiam,180981,Pendikspor,7032,18,7,7.26,13.28,3.36,85,36,34,18,47,4,0,3161,36,saves,TUR,2023-2024,datafc_sofascore,2026-08-09T01:36:50.770462
52,53190,Samu Sáiz,99527,Sivasspor,3076,4,3,7.25,2.05,2.29,29,15,33,26,8,3,0,1357,17,saves,TUR,2023-2024,datafc_sofascore,2026-08-09T01:36:50.770462
52,53190,Thomas Meunier,128587,Trabzonspor,3051,1,5,7.24,0.58,2.7,12,4,18,4,24,2,0,1245,14,saves,TUR,2023-2024,datafc_sofascore,2026-08-09T01:36:50.770462
52,53190,Abdülkerim Bardakcı,178963,Galatasaray,3061,4,0,7.23,3.21,1.03,33,8,10,11,25,4,0,2218,27,saves,TUR,2023-2024,datafc_sofascore,2026-08-09T01:36:50.770462
52,53190,Denis Drăguş,841199,Gaziantep FK,5138,14,1,7.22,13.78,2.44,106,40,38,85,54,8,0,2751,32,saves,TUR,2023-2024,datafc_sofascore,2026-08-09T01:36:50.770462
52,53190,Kerem Demirbay,142619,Galatasaray,3061,6,3,7.2,3.03,3.76,52,17,42,19,66,2,0,2227,34,saves,TUR,2023-2024,datafc_sofascore,2026-08-09T01:36:50.770462
52,53190,Lucas Torreira,754794,Galatasaray,3061,1,2,7.2,2.08,2.97,31,4,29,9,80,7,0,2993,35,saves,TUR,2023-2024,datafc_sofascore,2026-08-09T01:36:50.770462
52,53190,Krzysztof Piątek,558738,Başakşehir FK,3086,17,1,7.2,14.78,1.82,101,44,18,17,14,4,0,2703,34,saves,TUR,2023-2024,datafc_sofascore,2026-08-09T01:36:50.770462
52,53190,Çağlar Söyüncü,758608,Fenerbahçe,3052,2,0,7.19,1.6,0.23,6,2,1,1,14,1,0,914,12,saves,TUR,2023-2024,datafc_sofascore,2026-08-09T01:36:50.770462
52,53190,Emre Akbaba,343527,Adana Demirspor,3101,7,2,7.19,7.41,3.26,64,20,43,32,65,5,0,2682,32,saves,TUR,2023-2024,datafc_sofascore,2026-08-09T01:36:50.770462
52,53190,Gedson Fernandes,862055,Beşiktaş JK,3050,3,3,7.19,2.94,1.74,36,9,29,46,99,8,0,2457,29,saves,TUR,2023-2024,datafc_sofascore,2026-08-09T01:36:50.770462
52,53190,Adam Buksa,1138856,Antalyaspor,3056,16,2,7.19,12.27,0.84,93,39,21,27,17,8,0,2925,33,saves,TUR,2023-2024,datafc_sofascore,2026-08-09T01:36:50.770462
52,53190,Wilfried Zaha,111850,Galatasaray,3061,9,3,7.18,4.15,2.63,48,19,23,43,29,2,0,1433,30,saves,TUR,2023-2024,datafc_sofascore,2026-08-09T01:36:50.770462
52,53190,Mahmoud Trézéguet,295361,Trabzonspor,3051,9,5,7.17,6.45,3.71,57,20,29,23,17,2,0,1529,24,saves,TUR,2023-2024,datafc_sofascore,2026-08-09T01:36:50.770462
52,53190,Richard,897617,Alanyaspor,6362,1,1,7.16,1.3,1.31,25,7,17,16,74,11,0,2913,34,saves,TUR,2023-2024,datafc_sofascore,2026-08-09T01:36:50.770462
52,53190,Ousseynou Ba,889430,Başakşehir FK,3086,0,1,7.16,0.43,0.1,6,0,2,2,48,9,1,1765,22,saves,TUR,2023-2024,datafc_sofascore,2026-08-09T01:36:50.770462
52,53190,Alexandru Maxim,180511,Gaziantep FK,5138,3,8,7.16,5.85,7.47,43,16,80,36,38,4,2,2674,34,saves,TUR,2023-2024,datafc_sofascore,2026-08-09T01:36:50.770462
52,53190,Tolga Ciğerci,120298,MKE Ankaragücü,3103,5,3,7.15,3.47,1.48,38,11,22,13,45,4,0,2050,27,saves,TUR,2023-2024,datafc_sofascore,2026-08-09T01:36:50.770462
52,53190,Jonjo Shelvey,36465,Çaykur Rizespor,3064,3,6,7.15,2.58,3.71,55,16,48,17,36,6,0,2604,31,saves,TUR,2023-2024,datafc_sofascore,2026-08-09T01:36:50.770462
52,53190,Deniz Türüç,252207,Başakşehir FK,3086,2,12,7.15,2.26,5.68,39,17,60,30,31,11,0,2678,34,saves,TUR,2023-2024,datafc_sofascore,2026-08-09T01:36:50.770462
52,53190,Valentin Rosier,842419,Beşiktaş JK,3050,0,1,7.15,0.25,1.06,4,1,9,21,23,3,0,907,12,saves,TUR,2023-2024,datafc_sofascore,2026-08-09T01:36:50.770462
52,53190,İsmail Yüksek,952600,Fenerbahçe,3052,0,4,7.15,2.24,2.28,26,4,29,29,73,5,2,2319,30,saves,TUR,2023-2024,datafc_sofascore,2026-08-09T01:36:50.770462
52,53190,Barış Alper Yılmaz,904096,Galatasaray,3061,6,6,7.15,4.08,5.51,61,18,43,67,60,8,0,2550,37,saves,TUR,2023-2024,datafc_sofascore,2026-08-09T01:36:50.770462
52,53190,Omar Colley,238408,Beşiktaş JK,3050,7,0,7.14,3.23,0.36,13,9,6,2,27,4,1,1935,22,saves,TUR,2023-2024,datafc_sofascore,2026-08-09T01:36:50.770462
52,53190,Marcão,870717,Fatih Karagümrük,4954,6,1,7.14,4.7,0.41,35,14,6,8,4,1,0,680,11,saves,TUR,2023-2024,datafc_sofascore,2026-08-09T01:36:50.770462
52,53190,Ernest Muçi,924670,Beşiktaş JK,3050,3,0,7.13,2.25,1.71,41,15,16,18,12,3,0,1040,13,saves,TUR,2023-2024,datafc_sofascore,2026-08-09T01:36:50.770462
52,53190,Semih Kılıçsoy,1142606,Beşiktaş JK,3050,11,4,7.13,5.59,1.48,57,24,16,40,16,5,0,1695,23,saves,TUR,2023-2024,datafc_sofascore,2026-08-09T01:36:50.770462
52,53190,Emre Kılınç,202032,Samsunspor,3053,4,4,7.12,2.09,4.63,31,5,53,31,62,4,0,2574,33,saves,TUR,2023-2024,datafc_sofascore,2026-08-09T01:36:50.770462
52,53190,Ibrahim Olawoyin,1008173,Çaykur Rizespor,3064,8,2,7.12,5.84,2.99,64,25,39,65,63,6,0,2970,35,saves,TUR,2023-2024,datafc_sofascore,2026-08-09T01:36:50.770462
52,53190,Majid Hosseini,359332,Kayserispor,3072,0,0,7.12,0.38,0.18,6,1,0,2,18,1,0,867,10,saves,TUR,2023-2024,datafc_sofascore,2026-08-09T01:36:50.770462
52,53190,Bilal Bayazit,825850,Kayserispor,3072,0,0,7.22,0.0,0.07,0,0,3,0,3,5,0,3150,35,goalsPrevented,TUR,2023-2024,datafc_sofascore,2026-08-09T01:36:50.770462
52,53190,Helton Leite,329081,Antalyaspor,3056,0,0,7.2,0.0,0.02,0,0,0,0,1,1,0,3059,34,goalsPrevented,TUR,2023-2024,datafc_sofascore,2026-08-09T01:36:50.770462
52,53190,Ertaç Özbir,126077,MKE Ankaragücü,3103,0,0,7.19,0.0,0.01,0,0,0,1,1,3,2,1137,14,goalsPrevented,TUR,2023-2024,datafc_sofascore,2026-08-09T01:36:50.770462
52,53190,Gökhan Akkan,225012,Çaykur Rizespor,3064,0,1,7.17,0.0,0.04,0,0,2,1,1,2,0,2640,30,goalsPrevented,TUR,2023-2024,datafc_sofascore,2026-08-09T01:36:50.770462
52,53190,Florin Niță,83551,Gaziantep FK,5138,0,0,7.07,0.02,0.04,1,0,1,0,2,3,0,3060,34,goalsPrevented,TUR,2023-2024,datafc_sofascore,2026-08-09T01:36:50.770462
52,53190,Fernando Muslera,28381,Galatasaray,3061,0,0,7.2,0.0,0.32,0,0,2,1,1,4,0,3300,37,goalsPrevented,TUR,2023-2024,datafc_sofascore,2026-08-09T01:36:50.770462
52,53190,Đorđe Nikolić,797144,Sivasspor,3076,0,0,7.5,,0.01,0,0,0,0,0,0,0,450,5,goalsPrevented,TUR,2023-2024,datafc_sofascore,2026-08-09T01:36:50.770462
52,53190,Salvatore Sirigu,18954,Fatih Karagümrük,4954,0,0,6.98,,0.02,0,0,1,0,1,0,0,1530,17,goalsPrevented,TUR,2023-2024,datafc_sofascore,2026-08-09T01:36:50.770462
52,53190,Emre Bilgin,1050730,Fatih Karagümrük,4954,0,0,6.97,,0.01,0,0,0,0,0,0,0,900,10,goalsPrevented,TUR,2023-2024,datafc_sofascore,2026-08-09T01:36:50.770462
52,53190,İrfan Can Eğribayat,594618,Fenerbahçe,3052,0,0,6.9,0.0,0.0,0,0,1,0,0,2,0,270,3,goalsPrevented,TUR,2023-2024,datafc_sofascore,2026-08-09T01:36:50.770462
52,53190,Ersin Destanoğlu,913656,Beşiktaş JK,3050,0,0,7.0,0.0,0.01,0,0,0,0,0,1,0,875,11,goalsPrevented,TUR,2023-2024,datafc_sofascore,2026-08-09T01:36:50.770462
52,53190,Yusuf Karagöz,1133582,Alanyaspor,6362,0,0,6.83,0.0,0.0,0,0,0,0,0,0,0,360,4,goalsPrevented,TUR,2023-2024,datafc_sofascore,2026-08-09T01:36:50.770462
52,53190,Günay Güvenç,103457,Galatasaray,3061,0,0,7.05,,0.0,0,0,0,0,0,1,0,120,2,goalsPrevented,TUR,2023-2024,datafc_sofascore,2026-08-09T01:36:50.770462
52,53190,Jakub Słowik,95437,Konyaspor,3085,0,0,6.99,,0.11,0,0,0,0,3,3,0,1260,14,goalsPrevented,TUR,2023-2024,datafc_sofascore,2026-08-09T01:36:50.770462
52,53190,Deniz Dilmen,1065508,Başakşehir FK,3086,0,0,7.1,,0.0,0,0,0,0,0,0,0,90,1,goalsPrevented,TUR,2023-2024,datafc_sofascore,2026-08-09T01:36:50.770462
52,53190,Andreas Gianniotis,236746,Kasımpaşa,6063,0,0,6.95,0.0,0.04,0,0,2,1,3,3,0,2790,31,goalsPrevented,TUR,2023-2024,datafc_sofascore,2026-08-09T01:36:50.770462
52,53190,Ataberk Dadakdeniz,840605,Antalyaspor,3056,0,0,6.85,,0.0,0,0,0,0,0,1,0,360,4,goalsPrevented,TUR,2023-2024,datafc_sofascore,2026-08-09T01:36:50.770462
52,53190,Jakub Szumski,153038,Samsunspor,3053,0,0,6.6,0.0,0.0,0,0,0,0,0,0,0,180,2,goalsPrevented,TUR,2023-2024,datafc_sofascore,2026-08-09T01:36:50.770462
52,53190,Tarık Çetin,913985,Çaykur Rizespor,3064,0,0,7.02,,0.0,0,0,0,0,1,1,0,690,9,goalsPrevented,TUR,2023-2024,datafc_sofascore,2026-08-09T01:36:50.770462
52,53190,Dries Mertens,32493,Galatasaray,3061,9,16,7.61,8.12,10.57,88,35,93,15,43,3,0,2487,36,goalsPrevented,TUR,2023-2024,datafc_sofascore,2026-08-09T01:36:50.770462
52,53190,Sebastian Szymański,847983,Fenerbahçe,3052,10,11,7.55,9.31,9.69,87,31,77,10,85,4,0,2916,37,goalsPrevented,TUR,2023-2024,datafc_sofascore,2026-08-09T01:36:50.770462
52,53190,Paul Onuachu,295123,Trabzonspor,3051,14,4,7.52,8.11,0.47,57,23,13,11,6,3,0,1438,20,goalsPrevented,TUR,2023-2024,datafc_sofascore,2026-08-09T01:36:50.770462
52,53190,Mauro Icardi,233114,Galatasaray,3061,25,8,7.51,21.23,3.77,111,49,49,7,6,2,0,2856,34,goalsPrevented,TUR,2023-2024,datafc_sofascore,2026-08-09T01:36:50.770462
52,53190,Valentin Eysseric,139798,Fatih Karagümrük,4954,5,7,7.46,4.48,7.64,54,18,74,27,42,7,1,2420,31,goalsPrevented,TUR,2023-2024,datafc_sofascore,2026-08-09T01:36:50.770462
52,53190,Ferdi Kadıoğlu,825844,Fenerbahçe,3052,1,4,7.44,2.5,6.69,33,14,51,57,75,3,0,3327,37,goalsPrevented,TUR,2023-2024,datafc_sofascore,2026-08-09T01:36:50.770462
52,53190,Dušan Tadić,38560,Fenerbahçe,3052,10,14,7.42,14.9,14.16,53,28,88,32,33,3,0,3157,38,goalsPrevented,TUR,2023-2024,datafc_sofascore,2026-08-09T01:36:50.770462
52,53190,Aytaç Kara,128196,Kasımpaşa,6063,13,5,7.41,9.16,3.01,101,36,40,19,73,4,0,3248,37,goalsPrevented,TUR,2023-2024,datafc_sofascore,2026-08-09T01:36:50.770462
52,53190,Poyraz Efe Yıldırım,1195797,Trabzonspor,3051,1,0,7.4,0.96,0.0,1,1,0,0,0,0,0,9,2,goalsPrevented,TUR,2023-2024,datafc_sofascore,2026-08-09T01:36:50.770462
52,53190,Haris Hajradinović,254979,Kasımpaşa,6063,5,14,7.39,6.16,9.69,69,21,104,26,63,3,0,3307,38,goalsPrevented,TUR,2023-2024,datafc_sofascore,2026-08-09T01:36:50.770462
52,53190,İrfan Can Kahveci,226986,Fenerbahçe,3052,12,7,7.39,3.98,7.71,40,21,52,36,33,5,0,2027,31,goalsPrevented,TUR,2023-2024,datafc_sofascore,2026-08-09T01:36:50.770462
52,53190,Edin Džeko,14990,Fenerbahçe,3052,21,3,7.39,21.64,5.15,147,64,37,22,19,3,0,2741,36,goalsPrevented,TUR,2023-2024,datafc_sofascore,2026-08-09T01:36:50.770462
52,53190,Guilherme Haubert Sityá,224112,Konyaspor,3085,5,7,7.35,1.62,6.83,18,6,88,30,87,1,0,3267,37,goalsPrevented,TUR,2023-2024,datafc_sofascore,2026-08-09T01:36:50.770462
52,53190,Fred,243623,Fenerbahçe,3052,3,4,7.34,3.99,4.93,50,15,31,25,51,5,1,2051,25,goalsPrevented,TUR,2023-2024,datafc_sofascore,2026-08-09T01:36:50.770462
52,53190,Kerem Aktürkoğlu,903324,Galatasaray,3061,12,6,7.33,12.89,8.17,79,29,73,32,28,3,1,2479,37,goalsPrevented,TUR,2023-2024,datafc_sofascore,2026-08-09T01:36:50.770462
52,53190,Rey Manaj,587882,Sivasspor,3076,18,3,7.31,14.34,1.48,104,40,17,20,13,10,0,2423,32,goalsPrevented,TUR,2023-2024,datafc_sofascore,2026-08-09T01:36:50.770462
52,53190,Yusuf Sarı,896364,Adana Demirspor,3101,3,7,7.3,2.92,5.46,59,24,48,45,22,1,0,1790,24,goalsPrevented,TUR,2023-2024,datafc_sofascore,2026-08-09T01:36:50.770462
52,53190,Oğuz Aydın,999396,Alanyaspor,6362,13,8,7.28,9.34,8.32,58,25,64,54,25,3,1,2587,35,goalsPrevented,TUR,2023-2024,datafc_sofascore,2026-08-09T01:36:50.770462
52,53190,Nuno Da Costa,209374,Kasımpaşa,6063,14,4,7.28,10.67,2.41,67,24,26,49,23,1,0,2339,29,goalsPrevented,TUR,2023-2024,datafc_sofascore,2026-08-09T01:36:50.770462
52,53190,Edin Višća,109779,Trabzonspor,3051,5,9,7.28,4.34,8.93,63,16,91,28,34,1,0,2762,36,goalsPrevented,TUR,2023-2024,datafc_sofascore,2026-08-09T01:36:50.770462
52,53190,Hakim Ziyech,249437,Galatasaray,3061,6,3,7.26,2.01,4.28,43,14,35,15,18,4,0,1077,18,goalsPrevented,TUR,2023-2024,datafc_sofascore,2026-08-09T01:36:50.770462
52,53190,Tasos Bakasetas,114076,Trabzonspor,3051,4,2,7.26,2.71,1.72,41,12,25,8,27,3,0,1321,17,goalsPrevented,TUR,2023-2024,datafc_sofascore,2026-08-09T01:36:50.770462
52,53190,Emirhan Topçu,895009,Çaykur Rizespor,3064,1,4,7.26,2.0,1.84,25,8,19,6,65,10,1,2702,31,goalsPrevented,TUR,2023-2024,datafc_sofascore,2026-08-09T01:36:50.770462
52,53190,Mame Thiam,180981,Pendikspor,7032,18,7,7.26,13.28,3.36,85,36,34,18,47,4,0,3161,36,goalsPrevented,TUR,2023-2024,datafc_sofascore,2026-08-09T01:36:50.770462
52,53190,Samu Sáiz,99527,Sivasspor,3076,4,3,7.25,2.05,2.29,29,15,33,26,8,3,0,1357,17,goalsPrevented,TUR,2023-2024,datafc_sofascore,2026-08-09T01:36:50.770462
52,53190,Thomas Meunier,128587,Trabzonspor,3051,1,5,7.24,0.58,2.7,12,4,18,4,24,2,0,1245,14,goalsPrevented,TUR,2023-2024,datafc_sofascore,2026-08-09T01:36:50.770462
52,53190,Abdülkerim Bardakcı,178963,Galatasaray,3061,4,0,7.23,3.21,1.03,33,8,10,11,25,4,0,2218,27,goalsPrevented,TUR,2023-2024,datafc_sofascore,2026-08-09T01:36:50.770462
52,53190,Denis Drăguş,841199,Gaziantep FK,5138,14,1,7.22,13.78,2.44,106,40,38,85,54,8,0,2751,32,goalsPrevented,TUR,2023-2024,datafc_sofascore,2026-08-09T01:36:50.770462
52,53190,Kerem Demirbay,142619,Galatasaray,3061,6,3,7.2,3.03,3.76,52,17,42,19,66,2,0,2227,34,goalsPrevented,TUR,2023-2024,datafc_sofascore,2026-08-09T01:36:50.770462
52,53190,Lucas Torreira,754794,Galatasaray,3061,1,2,7.2,2.08,2.97,31,4,29,9,80,7,0,2993,35,goalsPrevented,TUR,2023-2024,datafc_sofascore,2026-08-09T01:36:50.770462
52,53190,Krzysztof Piątek,558738,Başakşehir FK,3086,17,1,7.2,14.78,1.82,101,44,18,17,14,4,0,2703,34,goalsPrevented,TUR,2023-2024,datafc_sofascore,2026-08-09T01:36:50.770462
52,53190,Çağlar Söyüncü,758608,Fenerbahçe,3052,2,0,7.19,1.6,0.23,6,2,1,1,14,1,0,914,12,goalsPrevented,TUR,2023-2024,datafc_sofascore,2026-08-09T01:36:50.770462
52,53190,Emre Akbaba,343527,Adana Demirspor,3101,7,2,7.19,7.41,3.26,64,20,43,32,65,5,0,2682,32,goalsPrevented,TUR,2023-2024,datafc_sofascore,2026-08-09T01:36:50.770462
52,53190,Gedson Fernandes,862055,Beşiktaş JK,3050,3,3,7.19,2.94,1.74,36,9,29,46,99,8,0,2457,29,goalsPrevented,TUR,2023-2024,datafc_sofascore,2026-08-09T01:36:50.770462
52,53190,Adam Buksa,1138856,Antalyaspor,3056,16,2,7.19,12.27,0.84,93,39,21,27,17,8,0,2925,33,goalsPrevented,TUR,2023-2024,datafc_sofascore,2026-08-09T01:36:50.770462
52,53190,Wilfried Zaha,111850,Galatasaray,3061,9,3,7.18,4.15,2.63,48,19,23,43,29,2,0,1433,30,goalsPrevented,TUR,2023-2024,datafc_sofascore,2026-08-09T01:36:50.770462
52,53190,Mahmoud Trézéguet,295361,Trabzonspor,3051,9,5,7.17,6.45,3.71,57,20,29,23,17,2,0,1529,24,goalsPrevented,TUR,2023-2024,datafc_sofascore,2026-08-09T01:36:50.770462
52,53190,Richard,897617,Alanyaspor,6362,1,1,7.16,1.3,1.31,25,7,17,16,74,11,0,2913,34,goalsPrevented,TUR,2023-2024,datafc_sofascore,2026-08-09T01:36:50.770462
52,53190,Ousseynou Ba,889430,Başakşehir FK,3086,0,1,7.16,0.43,0.1,6,0,2,2,48,9,1,1765,22,goalsPrevented,TUR,2023-2024,datafc_sofascore,2026-08-09T01:36:50.770462
52,53190,Alexandru Maxim,180511,Gaziantep FK,5138,3,8,7.16,5.85,7.47,43,16,80,36,38,4,2,2674,34,goalsPrevented,TUR,2023-2024,datafc_sofascore,2026-08-09T01:36:50.770462
52,53190,Tolga Ciğerci,120298,MKE Ankaragücü,3103,5,3,7.15,3.47,1.48,38,11,22,13,45,4,0,2050,27,goalsPrevented,TUR,2023-2024,datafc_sofascore,2026-08-09T01:36:50.770462
52,53190,Jonjo Shelvey,36465,Çaykur Rizespor,3064,3,6,7.15,2.58,3.71,55,16,48,17,36,6,0,2604,31,goalsPrevented,TUR,2023-2024,datafc_sofascore,2026-08-09T01:36:50.770462
52,53190,Deniz Türüç,252207,Başakşehir FK,3086,2,12,7.15,2.26,5.68,39,17,60,30,31,11,0,2678,34,goalsPrevented,TUR,2023-2024,datafc_sofascore,2026-08-09T01:36:50.770462
52,53190,Valentin Rosier,842419,Beşiktaş JK,3050,0,1,7.15,0.25,1.06,4,1,9,21,23,3,0,907,12,goalsPrevented,TUR,2023-2024,datafc_sofascore,2026-08-09T01:36:50.770462
52,53190,İsmail Yüksek,952600,Fenerbahçe,3052,0,4,7.15,2.24,2.28,26,4,29,29,73,5,2,2319,30,goalsPrevented,TUR,2023-2024,datafc_sofascore,2026-08-09T01:36:50.770462
52,53190,Barış Alper Yılmaz,904096,Galatasaray,3061,6,6,7.15,4.08,5.51,61,18,43,67,60,8,0,2550,37,goalsPrevented,TUR,2023-2024,datafc_sofascore,2026-08-09T01:36:50.770462
52,53190,Omar Colley,238408,Beşiktaş JK,3050,7,0,7.14,3.23,0.36,13,9,6,2,27,4,1,1935,22,goalsPrevented,TUR,2023-2024,datafc_sofascore,2026-08-09T01:36:50.770462
52,53190,Marcão,870717,Fatih Karagümrük,4954,6,1,7.14,4.7,0.41,35,14,6,8,4,1,0,680,11,goalsPrevented,TUR,2023-2024,datafc_sofascore,2026-08-09T01:36:50.770462
52,53190,Ernest Muçi,924670,Beşiktaş JK,3050,3,0,7.13,2.25,1.71,41,15,16,18,12,3,0,1040,13,goalsPrevented,TUR,2023-2024,datafc_sofascore,2026-08-09T01:36:50.770462
52,53190,Semih Kılıçsoy,1142606,Beşiktaş JK,3050,11,4,7.13,5.59,1.48,57,24,16,40,16,5,0,1695,23,goalsPrevented,TUR,2023-2024,datafc_sofascore,2026-08-09T01:36:50.770462
52,53190,Emre Kılınç,202032,Samsunspor,3053,4,4,7.12,2.09,4.63,31,5,53,31,62,4,0,2574,33,goalsPrevented,TUR,2023-2024,datafc_sofascore,2026-08-09T01:36:50.770462
52,53190,Ibrahim Olawoyin,1008173,Çaykur Rizespor,3064,8,2,7.12,5.84,2.99,64,25,39,65,63,6,0,2970,35,goalsPrevented,TUR,2023-2024,datafc_sofascore,2026-08-09T01:36:50.770462
52,53190,Majid Hosseini,359332,Kayserispor,3072,0,0,7.12,0.38,0.18,6,1,0,2,18,1,0,867,10,goalsPrevented,TUR,2023-2024,datafc_sofascore,2026-08-09T01:36:50.770462
52,53190,Berat Özdemir,876857,Trabzonspor,3051,1,1,7.12,0.52,0.97,15,4,15,15,70,4,0,2304,31,goalsPrevented,TUR,2023-2024,datafc_sofascore,2026-08-09T01:36:50.770462
52,53190,Léo Duarte,839982,Başakşehir FK,3086,0,1,7.12,0.96,0.79,11,4,16,18,43,1,0,2700,30,goalsPrevented,TUR,2023-2024,datafc_sofascore,2026-08-09T01:36:50.770462
52,53190,Victor Nelsson,846148,Galatasaray,3061,2,0,7.12,1.56,0.89,19,6,5,1,22,3,0,2570,32,goalsPrevented,TUR,2023-2024,datafc_sofascore,2026-08-09T01:36:50.770462
52,53190,Davidson,814334,Başakşehir FK,3086,4,0,7.11,4.1,1.3,22,7,12,24,19,2,0,980,14,goalsPrevented,TUR,2023-2024,datafc_sofascore,2026-08-09T01:36:50.770462
52,53190,Salih Uçan,135695,Beşiktaş JK,3050,1,3,7.11,1.52,4.11,20,4,20,22,41,6,0,1579,23,goalsPrevented,TUR,2023-2024,datafc_sofascore,2026-08-09T01:36:50.770462
52,53190,Sacha Boey,980418,Galatasaray,3061,1,0,7.11,1.19,1.62,11,4,18,17,35,4,0,1710,19,goalsPrevented,TUR,2023-2024,datafc_sofascore,2026-08-09T01:36:50.770462
52,53190,Jonas Svensson,98199,Beşiktaş JK,3050,0,3,7.1,0.13,2.29,4,0,23,10,50,4,0,2065,24,goalsPrevented,TUR,2023-2024,datafc_sofascore,2026-08-09T01:36:50.770462
52,53190,Mert Hakan Yandaş,856849,Fenerbahçe,3052,2,2,7.1,0.97,1.71,15,6,21,6,8,3,1,618,16,goalsPrevented,TUR,2023-2024,datafc_sofascore,2026-08-09T01:36:50.770462
52,53190,Sagiv Jehezkel,1513792,Antalyaspor,3056,6,2,7.09,3.27,1.33,22,11,14,27,17,4,0,918,13,goalsPrevented,TUR,2023-2024,datafc_sofascore,2026-08-09T01:36:50.770462
52,53190,Derrick Köhn,886737,Galatasaray,3061,1,2,7.09,0.45,1.3,15,3,12,13,30,1,0,1153,13,goalsPrevented,TUR,2023-2024,datafc_sofascore,2026-08-09T01:36:50.770462
52,53190,Youcef Atal,894238,Adana Demirspor,3101,1,2,7.09,0.62,1.13,12,5,11,34,28,2,1,818,11,goalsPrevented,TUR,2023-2024,datafc_sofascore,2026-08-09T01:36:50.770462
52,53190,Kévin Rodrigues,234232,Adana Demirspor,3101,0,1,7.09,0.14,1.01,6,2,13,7,21,4,1,921,11,goalsPrevented,TUR,2023-2024,datafc_sofascore,2026-08-09T01:36:50.770462
52,53190,Mario Balotelli,25530,Adana Demirspor,3101,7,1,7.09,5.46,0.98,51,17,16,8,4,7,1,938,16,goalsPrevented,TUR,2023-2024,datafc_sofascore,2026-08-09T01:36:50.770462
52,53190,Semih Güler,325155,Adana Demirspor,3101,0,1,7.09,1.18,0.93,24,6,8,4,52,4,1,2801,32,goalsPrevented,TUR,2023-2024,datafc_sofascore,2026-08-09T01:36:50.770462
52,53190,Miguel Cardoso,344009,Kayserispor,3072,1,7,7.08,5.41,7.21,65,18,66,31,39,4,0,2524,30,goalsPrevented,TUR,2023-2024,datafc_sofascore,2026-08-09T01:36:50.770462
52,53190,Joe Worrall,838399,Beşiktaş JK,3050,1,0,7.08,0.26,0.06,3,1,1,1,11,1,0,495,6,goalsPrevented,TUR,2023-2024,datafc_sofascore,2026-08-09T01:36:50.770462
52,53190,M'Baye Niang,139228,Adana Demirspor,3101,8,1,7.08,5.93,0.47,30,15,9,6,3,2,0,993,16,goalsPrevented,TUR,2023-2024,datafc_sofascore,2026-08-09T01:36:50.770462
52,53190,Badou Ndiaye,228342,Pendikspor,7032,1,0,7.07,1.71,1.22,25,7,15,25,39,3,0,1518,20,goalsPrevented,TUR,2023-2024,datafc_sofascore,2026-08-09T01:36:50.770462
52,53190,Kaan Ayhan,138152,Galatasaray,3061,1,2,7.07,1.11,2.96,22,6,29,6,33,3,0,2111,35,goalsPrevented,TUR,2023-2024,datafc_sofascore,2026-08-09T01:36:50.770462
52,53190,Angeliño,848355,Galatasaray,3061,0,1,7.06,0.19,2.1,5,1,14,2,10,1,0,604,8,goalsPrevented,TUR,2023-2024,datafc_sofascore,2026-08-09T01:36:50.770462
52,53190,Amir Hadžiahmetović,795421,Beşiktaş JK,3050,0,4,7.06,0.3,2.46,3,1,22,8,19,2,1,1341,18,goalsPrevented,TUR,2023-2024,datafc_sofascore,2026-08-09T01:36:50.770462
52,53190,Jerome Opoku,920514,Başakşehir FK,3086,4,1,7.06,1.9,0.74,11,5,9,18,26,6,1,2481,28,goalsPrevented,TUR,2023-2024,datafc_sofascore,2026-08-09T01:36:50.770462
52,53190,Enis Bardhi,355024,Trabzonspor,3051,6,4,7.06,3.19,3.28,56,20,37,31,34,3,0,2342,34,goalsPrevented,TUR,2023-2024,datafc_sofascore,2026-08-09T01:36:50.770462
52,53190,Didier Lamkel Zé,845272,Hatayspor,3091,3,2,7.05,2.98,2.28,22,7,14,26,10,3,0,947,15,goalsPrevented,TUR,2023-2024,datafc_sofascore,2026-08-09T01:36:50.770462
52,53190,Davinson Sánchez,566102,Galatasaray,3061,2,0,7.05,3.71,0.58,17,4,4,7,39,4,0,1602,23,goalsPrevented,TUR,2023-2024,datafc_sofascore,2026-08-09T01:36:50.770462
52,53190,Cherif Ndiaye,868268,Adana Demirspor,3101,1,1,7.05,0.98,0.43,1,1,2,0,1,1,0,167,2,goalsPrevented,TUR,2023-2024,datafc_sofascore,2026-08-09T01:36:50.770462
52,53190,Cengiz Ünder,758876,Fenerbahçe,3052,9,2,7.05,3.62,1.88,43,19,21,9,11,3,0,1046,24,goalsPrevented,TUR,2023-2024,datafc_sofascore,2026-08-09T01:36:50.770462
52,53190,Alexis Flips,879672,MKE Ankaragücü,3103,0,1,7.04,0.69,1.2,9,4,18,3,7,1,0,452,10,goalsPrevented,TUR,2023-2024,datafc_sofascore,2026-08-09T01:36:50.770462
52,53190,Bilal Bayazit,825850,Kayserispor,3072,0,0,7.22,0.0,0.07,0,0,3,0,3,5,0,3150,35,goalsPrevented,TUR,2023-2024,datafc_sofascore,2026-08-09T01:36:50.770462
52,53190,Helton Leite,329081,Antalyaspor,3056,0,0,7.2,0.0,0.02,0,0,0,0,1,1,0,3059,34,goalsPrevented,TUR,2023-2024,datafc_sofascore,2026-08-09T01:36:50.770462
52,53190,Ertaç Özbir,126077,MKE Ankaragücü,3103,0,0,7.19,0.0,0.01,0,0,0,1,1,3,2,1137,14,goalsPrevented,TUR,2023-2024,datafc_sofascore,2026-08-09T01:36:50.770462
52,53190,Gökhan Akkan,225012,Çaykur Rizespor,3064,0,1,7.17,0.0,0.04,0,0,2,1,1,2,0,2640,30,goalsPrevented,TUR,2023-2024,datafc_sofascore,2026-08-09T01:36:50.770462
52,53190,Florin Niță,83551,Gaziantep FK,5138,0,0,7.07,0.02,0.04,1,0,1,0,2,3,0,3060,34,goalsPrevented,TUR,2023-2024,datafc_sofascore,2026-08-09T01:36:50.770462
52,53190,Fernando Muslera,28381,Galatasaray,3061,0,0,7.2,0.0,0.32,0,0,2,1,1,4,0,3300,37,goalsPrevented,TUR,2023-2024,datafc_sofascore,2026-08-09T01:36:50.770462
52,53190,Đorđe Nikolić,797144,Sivasspor,3076,0,0,7.5,,0.01,0,0,0,0,0,0,0,450,5,goalsPrevented,TUR,2023-2024,datafc_sofascore,2026-08-09T01:36:50.770462
52,53190,Salvatore Sirigu,18954,Fatih Karagümrük,4954,0,0,6.98,,0.02,0,0,1,0,1,0,0,1530,17,goalsPrevented,TUR,2023-2024,datafc_sofascore,2026-08-09T01:36:50.770462
52,53190,Emre Bilgin,1050730,Fatih Karagümrük,4954,0,0,6.97,,0.01,0,0,0,0,0,0,0,900,10,goalsPrevented,TUR,2023-2024,datafc_sofascore,2026-08-09T01:36:50.770462
52,53190,İrfan Can Eğribayat,594618,Fenerbahçe,3052,0,0,6.9,0.0,0.0,0,0,1,0,0,2,0,270,3,goalsPrevented,TUR,2023-2024,datafc_sofascore,2026-08-09T01:36:50.770462
52,53190,Ersin Destanoğlu,913656,Beşiktaş JK,3050,0,0,7.0,0.0,0.01,0,0,0,0,0,1,0,875,11,goalsPrevented,TUR,2023-2024,datafc_sofascore,2026-08-09T01:36:50.770462
52,53190,Yusuf Karagöz,1133582,Alanyaspor,6362,0,0,6.83,0.0,0.0,0,0,0,0,0,0,0,360,4,goalsPrevented,TUR,2023-2024,datafc_sofascore,2026-08-09T01:36:50.770462
52,53190,Günay Güvenç,103457,Galatasaray,3061,0,0,7.05,,0.0,0,0,0,0,0,1,0,120,2,goalsPrevented,TUR,2023-2024,datafc_sofascore,2026-08-09T01:36:50.770462
52,53190,Jakub Słowik,95437,Konyaspor,3085,0,0,6.99,,0.11,0,0,0,0,3,3,0,1260,14,goalsPrevented,TUR,2023-2024,datafc_sofascore,2026-08-09T01:36:50.770462
52,53190,Deniz Dilmen,1065508,Başakşehir FK,3086,0,0,7.1,,0.0,0,0,0,0,0,0,0,90,1,goalsPrevented,TUR,2023-2024,datafc_sofascore,2026-08-09T01:36:50.770462
52,53190,Andreas Gianniotis,236746,Kasımpaşa,6063,0,0,6.95,0.0,0.04,0,0,2,1,3,3,0,2790,31,goalsPrevented,TUR,2023-2024,datafc_sofascore,2026-08-09T01:36:50.770462
52,53190,Ataberk Dadakdeniz,840605,Antalyaspor,3056,0,0,6.85,,0.0,0,0,0,0,0,1,0,360,4,goalsPrevented,TUR,2023-2024,datafc_sofascore,2026-08-09T01:36:50.770462
52,53190,Jakub Szumski,153038,Samsunspor,3053,0,0,6.6,0.0,0.0,0,0,0,0,0,0,0,180,2,goalsPrevented,TUR,2023-2024,datafc_sofascore,2026-08-09T01:36:50.770462
52,53190,Tarık Çetin,913985,Çaykur Rizespor,3064,0,0,7.02,,0.0,0,0,0,0,1,1,0,690,9,goalsPrevented,TUR,2023-2024,datafc_sofascore,2026-08-09T01:36:50.770462
52,53190,Dries Mertens,32493,Galatasaray,3061,9,16,7.61,8.12,10.57,88,35,93,15,43,3,0,2487,36,goalsPrevented,TUR,2023-2024,datafc_sofascore,2026-08-09T01:36:50.770462
52,53190,Sebastian Szymański,847983,Fenerbahçe,3052,10,11,7.55,9.31,9.69,87,31,77,10,85,4,0,2916,37,goalsPrevented,TUR,2023-2024,datafc_sofascore,2026-08-09T01:36:50.770462
52,53190,Paul Onuachu,295123,Trabzonspor,3051,14,4,7.52,8.11,0.47,57,23,13,11,6,3,0,1438,20,goalsPrevented,TUR,2023-2024,datafc_sofascore,2026-08-09T01:36:50.770462
52,53190,Mauro Icardi,233114,Galatasaray,3061,25,8,7.51,21.23,3.77,111,49,49,7,6,2,0,2856,34,goalsPrevented,TUR,2023-2024,datafc_sofascore,2026-08-09T01:36:50.770462
52,53190,Valentin Eysseric,139798,Fatih Karagümrük,4954,5,7,7.46,4.48,7.64,54,18,74,27,42,7,1,2420,31,goalsPrevented,TUR,2023-2024,datafc_sofascore,2026-08-09T01:36:50.770462
52,53190,Ferdi Kadıoğlu,825844,Fenerbahçe,3052,1,4,7.44,2.5,6.69,33,14,51,57,75,3,0,3327,37,goalsPrevented,TUR,2023-2024,datafc_sofascore,2026-08-09T01:36:50.770462
52,53190,Dušan Tadić,38560,Fenerbahçe,3052,10,14,7.42,14.9,14.16,53,28,88,32,33,3,0,3157,38,goalsPrevented,TUR,2023-2024,datafc_sofascore,2026-08-09T01:36:50.770462
52,53190,Aytaç Kara,128196,Kasımpaşa,6063,13,5,7.41,9.16,3.01,101,36,40,19,73,4,0,3248,37,goalsPrevented,TUR,2023-2024,datafc_sofascore,2026-08-09T01:36:50.770462
52,53190,Poyraz Efe Yıldırım,1195797,Trabzonspor,3051,1,0,7.4,0.96,0.0,1,1,0,0,0,0,0,9,2,goalsPrevented,TUR,2023-2024,datafc_sofascore,2026-08-09T01:36:50.770462
52,53190,Haris Hajradinović,254979,Kasımpaşa,6063,5,14,7.39,6.16,9.69,69,21,104,26,63,3,0,3307,38,goalsPrevented,TUR,2023-2024,datafc_sofascore,2026-08-09T01:36:50.770462
52,53190,İrfan Can Kahveci,226986,Fenerbahçe,3052,12,7,7.39,3.98,7.71,40,21,52,36,33,5,0,2027,31,goalsPrevented,TUR,2023-2024,datafc_sofascore,2026-08-09T01:36:50.770462
52,53190,Edin Džeko,14990,Fenerbahçe,3052,21,3,7.39,21.64,5.15,147,64,37,22,19,3,0,2741,36,goalsPrevented,TUR,2023-2024,datafc_sofascore,2026-08-09T01:36:50.770462
52,53190,Guilherme Haubert Sityá,224112,Konyaspor,3085,5,7,7.35,1.62,6.83,18,6,88,30,87,1,0,3267,37,goalsPrevented,TUR,2023-2024,datafc_sofascore,2026-08-09T01:36:50.770462
52,53190,Fred,243623,Fenerbahçe,3052,3,4,7.34,3.99,4.93,50,15,31,25,51,5,1,2051,25,goalsPrevented,TUR,2023-2024,datafc_sofascore,2026-08-09T01:36:50.770462
52,53190,Kerem Aktürkoğlu,903324,Galatasaray,3061,12,6,7.33,12.89,8.17,79,29,73,32,28,3,1,2479,37,goalsPrevented,TUR,2023-2024,datafc_sofascore,2026-08-09T01:36:50.770462
52,53190,Rey Manaj,587882,Sivasspor,3076,18,3,7.31,14.34,1.48,104,40,17,20,13,10,0,2423,32,goalsPrevented,TUR,2023-2024,datafc_sofascore,2026-08-09T01:36:50.770462
52,53190,Yusuf Sarı,896364,Adana Demirspor,3101,3,7,7.3,2.92,5.46,59,24,48,45,22,1,0,1790,24,goalsPrevented,TUR,2023-2024,datafc_sofascore,2026-08-09T01:36:50.770462
52,53190,Oğuz Aydın,999396,Alanyaspor,6362,13,8,7.28,9.34,8.32,58,25,64,54,25,3,1,2587,35,goalsPrevented,TUR,2023-2024,datafc_sofascore,2026-08-09T01:36:50.770462
52,53190,Nuno Da Costa,209374,Kasımpaşa,6063,14,4,7.28,10.67,2.41,67,24,26,49,23,1,0,2339,29,goalsPrevented,TUR,2023-2024,datafc_sofascore,2026-08-09T01:36:50.770462
52,53190,Edin Višća,109779,Trabzonspor,3051,5,9,7.28,4.34,8.93,63,16,91,28,34,1,0,2762,36,goalsPrevented,TUR,2023-2024,datafc_sofascore,2026-08-09T01:36:50.770462
52,53190,Hakim Ziyech,249437,Galatasaray,3061,6,3,7.26,2.01,4.28,43,14,35,15,18,4,0,1077,18,goalsPrevented,TUR,2023-2024,datafc_sofascore,2026-08-09T01:36:50.770462
52,53190,Tasos Bakasetas,114076,Trabzonspor,3051,4,2,7.26,2.71,1.72,41,12,25,8,27,3,0,1321,17,goalsPrevented,TUR,2023-2024,datafc_sofascore,2026-08-09T01:36:50.770462
52,53190,Emirhan Topçu,895009,Çaykur Rizespor,3064,1,4,7.26,2.0,1.84,25,8,19,6,65,10,1,2702,31,goalsPrevented,TUR,2023-2024,datafc_sofascore,2026-08-09T01:36:50.770462
52,53190,Mame Thiam,180981,Pendikspor,7032,18,7,7.26,13.28,3.36,85,36,34,18,47,4,0,3161,36,goalsPrevented,TUR,2023-2024,datafc_sofascore,2026-08-09T01:36:50.770462
52,53190,Samu Sáiz,99527,Sivasspor,3076,4,3,7.25,2.05,2.29,29,15,33,26,8,3,0,1357,17,goalsPrevented,TUR,2023-2024,datafc_sofascore,2026-08-09T01:36:50.770462
52,53190,Thomas Meunier,128587,Trabzonspor,3051,1,5,7.24,0.58,2.7,12,4,18,4,24,2,0,1245,14,goalsPrevented,TUR,2023-2024,datafc_sofascore,2026-08-09T01:36:50.770462
52,53190,Abdülkerim Bardakcı,178963,Galatasaray,3061,4,0,7.23,3.21,1.03,33,8,10,11,25,4,0,2218,27,goalsPrevented,TUR,2023-2024,datafc_sofascore,2026-08-09T01:36:50.770462
52,53190,Denis Drăguş,841199,Gaziantep FK,5138,14,1,7.22,13.78,2.44,106,40,38,85,54,8,0,2751,32,goalsPrevented,TUR,2023-2024,datafc_sofascore,2026-08-09T01:36:50.770462
52,53190,Kerem Demirbay,142619,Galatasaray,3061,6,3,7.2,3.03,3.76,52,17,42,19,66,2,0,2227,34,goalsPrevented,TUR,2023-2024,datafc_sofascore,2026-08-09T01:36:50.770462
52,53190,Lucas Torreira,754794,Galatasaray,3061,1,2,7.2,2.08,2.97,31,4,29,9,80,7,0,2993,35,goalsPrevented,TUR,2023-2024,datafc_sofascore,2026-08-09T01:36:50.770462
52,53190,Krzysztof Piątek,558738,Başakşehir FK,3086,17,1,7.2,14.78,1.82,101,44,18,17,14,4,0,2703,34,goalsPrevented,TUR,2023-2024,datafc_sofascore,2026-08-09T01:36:50.770462
52,53190,Çağlar Söyüncü,758608,Fenerbahçe,3052,2,0,7.19,1.6,0.23,6,2,1,1,14,1,0,914,12,goalsPrevented,TUR,2023-2024,datafc_sofascore,2026-08-09T01:36:50.770462
52,53190,Emre Akbaba,343527,Adana Demirspor,3101,7,2,7.19,7.41,3.26,64,20,43,32,65,5,0,2682,32,goalsPrevented,TUR,2023-2024,datafc_sofascore,2026-08-09T01:36:50.770462
52,53190,Gedson Fernandes,862055,Beşiktaş JK,3050,3,3,7.19,2.94,1.74,36,9,29,46,99,8,0,2457,29,goalsPrevented,TUR,2023-2024,datafc_sofascore,2026-08-09T01:36:50.770462
52,53190,Adam Buksa,1138856,Antalyaspor,3056,16,2,7.19,12.27,0.84,93,39,21,27,17,8,0,2925,33,goalsPrevented,TUR,2023-2024,datafc_sofascore,2026-08-09T01:36:50.770462
52,53190,Wilfried Zaha,111850,Galatasaray,3061,9,3,7.18,4.15,2.63,48,19,23,43,29,2,0,1433,30,goalsPrevented,TUR,2023-2024,datafc_sofascore,2026-08-09T01:36:50.770462
52,53190,Mahmoud Trézéguet,295361,Trabzonspor,3051,9,5,7.17,6.45,3.71,57,20,29,23,17,2,0,1529,24,goalsPrevented,TUR,2023-2024,datafc_sofascore,2026-08-09T01:36:50.770462
52,53190,Richard,897617,Alanyaspor,6362,1,1,7.16,1.3,1.31,25,7,17,16,74,11,0,2913,34,goalsPrevented,TUR,2023-2024,datafc_sofascore,2026-08-09T01:36:50.770462
52,53190,Ousseynou Ba,889430,Başakşehir FK,3086,0,1,7.16,0.43,0.1,6,0,2,2,48,9,1,1765,22,goalsPrevented,TUR,2023-2024,datafc_sofascore,2026-08-09T01:36:50.770462
52,53190,Alexandru Maxim,180511,Gaziantep FK,5138,3,8,7.16,5.85,7.47,43,16,80,36,38,4,2,2674,34,goalsPrevented,TUR,2023-2024,datafc_sofascore,2026-08-09T01:36:50.770462
52,53190,Tolga Ciğerci,120298,MKE Ankaragücü,3103,5,3,7.15,3.47,1.48,38,11,22,13,45,4,0,2050,27,goalsPrevented,TUR,2023-2024,datafc_sofascore,2026-08-09T01:36:50.770462
52,53190,Jonjo Shelvey,36465,Çaykur Rizespor,3064,3,6,7.15,2.58,3.71,55,16,48,17,36,6,0,2604,31,goalsPrevented,TUR,2023-2024,datafc_sofascore,2026-08-09T01:36:50.770462
52,53190,Deniz Türüç,252207,Başakşehir FK,3086,2,12,7.15,2.26,5.68,39,17,60,30,31,11,0,2678,34,goalsPrevented,TUR,2023-2024,datafc_sofascore,2026-08-09T01:36:50.770462
52,53190,Valentin Rosier,842419,Beşiktaş JK,3050,0,1,7.15,0.25,1.06,4,1,9,21,23,3,0,907,12,goalsPrevented,TUR,2023-2024,datafc_sofascore,2026-08-09T01:36:50.770462
52,53190,İsmail Yüksek,952600,Fenerbahçe,3052,0,4,7.15,2.24,2.28,26,4,29,29,73,5,2,2319,30,goalsPrevented,TUR,2023-2024,datafc_sofascore,2026-08-09T01:36:50.770462
52,53190,Barış Alper Yılmaz,904096,Galatasaray,3061,6,6,7.15,4.08,5.51,61,18,43,67,60,8,0,2550,37,goalsPrevented,TUR,2023-2024,datafc_sofascore,2026-08-09T01:36:50.770462
52,53190,Omar Colley,238408,Beşiktaş JK,3050,7,0,7.14,3.23,0.36,13,9,6,2,27,4,1,1935,22,goalsPrevented,TUR,2023-2024,datafc_sofascore,2026-08-09T01:36:50.770462
52,53190,Marcão,870717,Fatih Karagümrük,4954,6,1,7.14,4.7,0.41,35,14,6,8,4,1,0,680,11,goalsPrevented,TUR,2023-2024,datafc_sofascore,2026-08-09T01:36:50.770462
52,53190,Ernest Muçi,924670,Beşiktaş JK,3050,3,0,7.13,2.25,1.71,41,15,16,18,12,3,0,1040,13,goalsPrevented,TUR,2023-2024,datafc_sofascore,2026-08-09T01:36:50.770462
52,53190,Semih Kılıçsoy,1142606,Beşiktaş JK,3050,11,4,7.13,5.59,1.48,57,24,16,40,16,5,0,1695,23,goalsPrevented,TUR,2023-2024,datafc_sofascore,2026-08-09T01:36:50.770462
52,53190,Emre Kılınç,202032,Samsunspor,3053,4,4,7.12,2.09,4.63,31,5,53,31,62,4,0,2574,33,goalsPrevented,TUR,2023-2024,datafc_sofascore,2026-08-09T01:36:50.770462
52,53190,Ibrahim Olawoyin,1008173,Çaykur Rizespor,3064,8,2,7.12,5.84,2.99,64,25,39,65,63,6,0,2970,35,goalsPrevented,TUR,2023-2024,datafc_sofascore,2026-08-09T01:36:50.770462
52,53190,Majid Hosseini,359332,Kayserispor,3072,0,0,7.12,0.38,0.18,6,1,0,2,18,1,0,867,10,goalsPrevented,TUR,2023-2024,datafc_sofascore,2026-08-09T01:36:50.770462
52,53190,Berat Özdemir,876857,Trabzonspor,3051,1,1,7.12,0.52,0.97,15,4,15,15,70,4,0,2304,31,goalsPrevented,TUR,2023-2024,datafc_sofascore,2026-08-09T01:36:50.770462
52,53190,Léo Duarte,839982,Başakşehir FK,3086,0,1,7.12,0.96,0.79,11,4,16,18,43,1,0,2700,30,goalsPrevented,TUR,2023-2024,datafc_sofascore,2026-08-09T01:36:50.770462
52,53190,Victor Nelsson,846148,Galatasaray,3061,2,0,7.12,1.56,0.89,19,6,5,1,22,3,0,2570,32,goalsPrevented,TUR,2023-2024,datafc_sofascore,2026-08-09T01:36:50.770462
52,53190,Davidson,814334,Başakşehir FK,3086,4,0,7.11,4.1,1.3,22,7,12,24,19,2,0,980,14,goalsPrevented,TUR,2023-2024,datafc_sofascore,2026-08-09T01:36:50.770462
52,53190,Salih Uçan,135695,Beşiktaş JK,3050,1,3,7.11,1.52,4.11,20,4,20,22,41,6,0,1579,23,goalsPrevented,TUR,2023-2024,datafc_sofascore,2026-08-09T01:36:50.770462
52,53190,Sacha Boey,980418,Galatasaray,3061,1,0,7.11,1.19,1.62,11,4,18,17,35,4,0,1710,19,goalsPrevented,TUR,2023-2024,datafc_sofascore,2026-08-09T01:36:50.770462
52,53190,Jonas Svensson,98199,Beşiktaş JK,3050,0,3,7.1,0.13,2.29,4,0,23,10,50,4,0,2065,24,goalsPrevented,TUR,2023-2024,datafc_sofascore,2026-08-09T01:36:50.770462
52,53190,Mert Hakan Yandaş,856849,Fenerbahçe,3052,2,2,7.1,0.97,1.71,15,6,21,6,8,3,1,618,16,goalsPrevented,TUR,2023-2024,datafc_sofascore,2026-08-09T01:36:50.770462
52,53190,Sagiv Jehezkel,1513792,Antalyaspor,3056,6,2,7.09,3.27,1.33,22,11,14,27,17,4,0,918,13,goalsPrevented,TUR,2023-2024,datafc_sofascore,2026-08-09T01:36:50.770462
52,53190,Derrick Köhn,886737,Galatasaray,3061,1,2,7.09,0.45,1.3,15,3,12,13,30,1,0,1153,13,goalsPrevented,TUR,2023-2024,datafc_sofascore,2026-08-09T01:36:50.770462
52,53190,Youcef Atal,894238,Adana Demirspor,3101,1,2,7.09,0.62,1.13,12,5,11,34,28,2,1,818,11,goalsPrevented,TUR,2023-2024,datafc_sofascore,2026-08-09T01:36:50.770462
52,53190,Kévin Rodrigues,234232,Adana Demirspor,3101,0,1,7.09,0.14,1.01,6,2,13,7,21,4,1,921,11,goalsPrevented,TUR,2023-2024,datafc_sofascore,2026-08-09T01:36:50.770462
52,53190,Mario Balotelli,25530,Adana Demirspor,3101,7,1,7.09,5.46,0.98,51,17,16,8,4,7,1,938,16,goalsPrevented,TUR,2023-2024,datafc_sofascore,2026-08-09T01:36:50.770462
52,53190,Semih Güler,325155,Adana Demirspor,3101,0,1,7.09,1.18,0.93,24,6,8,4,52,4,1,2801,32,goalsPrevented,TUR,2023-2024,datafc_sofascore,2026-08-09T01:36:50.770462
52,53190,Miguel Cardoso,344009,Kayserispor,3072,1,7,7.08,5.41,7.21,65,18,66,31,39,4,0,2524,30,goalsPrevented,TUR,2023-2024,datafc_sofascore,2026-08-09T01:36:50.770462
52,53190,Joe Worrall,838399,Beşiktaş JK,3050,1,0,7.08,0.26,0.06,3,1,1,1,11,1,0,495,6,goalsPrevented,TUR,2023-2024,datafc_sofascore,2026-08-09T01:36:50.770462
52,53190,M'Baye Niang,139228,Adana Demirspor,3101,8,1,7.08,5.93,0.47,30,15,9,6,3,2,0,993,16,goalsPrevented,TUR,2023-2024,datafc_sofascore,2026-08-09T01:36:50.770462
52,53190,Badou Ndiaye,228342,Pendikspor,7032,1,0,7.07,1.71,1.22,25,7,15,25,39,3,0,1518,20,goalsPrevented,TUR,2023-2024,datafc_sofascore,2026-08-09T01:36:50.770462
52,53190,Kaan Ayhan,138152,Galatasaray,3061,1,2,7.07,1.11,2.96,22,6,29,6,33,3,0,2111,35,goalsPrevented,TUR,2023-2024,datafc_sofascore,2026-08-09T01:36:50.770462
52,53190,Angeliño,848355,Galatasaray,3061,0,1,7.06,0.19,2.1,5,1,14,2,10,1,0,604,8,goalsPrevented,TUR,2023-2024,datafc_sofascore,2026-08-09T01:36:50.770462
52,53190,Amir Hadžiahmetović,795421,Beşiktaş JK,3050,0,4,7.06,0.3,2.46,3,1,22,8,19,2,1,1341,18,goalsPrevented,TUR,2023-2024,datafc_sofascore,2026-08-09T01:36:50.770462
52,53190,Jerome Opoku,920514,Başakşehir FK,3086,4,1,7.06,1.9,0.74,11,5,9,18,26,6,1,2481,28,goalsPrevented,TUR,2023-2024,datafc_sofascore,2026-08-09T01:36:50.770462
52,53190,Enis Bardhi,355024,Trabzonspor,3051,6,4,7.06,3.19,3.28,56,20,37,31,34,3,0,2342,34,goalsPrevented,TUR,2023-2024,datafc_sofascore,2026-08-09T01:36:50.770462
52,53190,Didier Lamkel Zé,845272,Hatayspor,3091,3,2,7.05,2.98,2.28,22,7,14,26,10,3,0,947,15,goalsPrevented,TUR,2023-2024,datafc_sofascore,2026-08-09T01:36:50.770462
52,53190,Davinson Sánchez,566102,Galatasaray,3061,2,0,7.05,3.71,0.58,17,4,4,7,39,4,0,1602,23,goalsPrevented,TUR,2023-2024,datafc_sofascore,2026-08-09T01:36:50.770462
52,53190,Cherif Ndiaye,868268,Adana Demirspor,3101,1,1,7.05,0.98,0.43,1,1,2,0,1,1,0,167,2,goalsPrevented,TUR,2023-2024,datafc_sofascore,2026-08-09T01:36:50.770462
52,53190,Cengiz Ünder,758876,Fenerbahçe,3052,9,2,7.05,3.62,1.88,43,19,21,9,11,3,0,1046,24,goalsPrevented,TUR,2023-2024,datafc_sofascore,2026-08-09T01:36:50.770462
52,53190,Alexis Flips,879672,MKE Ankaragücü,3103,0,1,7.04,0.69,1.2,9,4,18,3,7,1,0,452,10,goalsPrevented,TUR,2023-2024,datafc_sofascore,2026-08-09T01:36:50.770462
