country,tournament,tournament_id,season_id,team_name,team_id,player_name,player_id,age,height,player_country,position,preferred_foot,contract_until,market_value,market_currency,_league_id,_season,_source,_scraped_at
Spain,LaLiga,8,77559,FC Barcelona,2817,Ferran Torres,855833,26.0,183.0,Spain,F,Right,1814313600.0,59000000.0,EUR,ESP,2025-2026,datafc_sofascore,2026-08-09T07:38:54.779315
Spain,LaLiga,8,77559,FC Barcelona,2817,Roony Bardghji,1162107,20.0,173.0,Sweden,F,Left,1877472000.0,15500000.0,EUR,ESP,2025-2026,datafc_sofascore,2026-08-09T07:38:54.779315
Spain,LaLiga,8,77559,FC Barcelona,2817,Anthony Gordon,914902,25.0,183.0,England,F,Right,1940544000.0,82000000.0,EUR,ESP,2025-2026,datafc_sofascore,2026-08-09T07:38:54.779315
Spain,LaLiga,8,77559,FC Barcelona,2817,Karim Adeyemi,940054,24.0,180.0,Germany,F,Left,1940544000.0,41000000.0,EUR,ESP,2025-2026,datafc_sofascore,2026-08-09T07:38:54.779315
Spain,LaLiga,8,77559,FC Barcelona,2817,Shane Patrick Kluivert,2677598,18.0,178.0,Netherlands,F,Right,,,,ESP,2025-2026,datafc_sofascore,2026-08-09T07:38:54.779315
Spain,LaLiga,8,77559,FC Barcelona,2817,Lamine Yamal,1402912,19.0,183.0,Spain,M,Left,1940544000.0,237000000.0,EUR,ESP,2025-2026,datafc_sofascore,2026-08-09T07:38:54.779315
Spain,LaLiga,8,77559,FC Barcelona,2817,Raphinha,831005,29.0,176.0,Brazil,M,Left,1845936000.0,63000000.0,EUR,ESP,2025-2026,datafc_sofascore,2026-08-09T07:38:54.779315
Spain,LaLiga,8,77559,FC Barcelona,2817,Pedri,992587,23.0,174.0,Spain,M,Right,1909008000.0,164000000.0,EUR,ESP,2025-2026,datafc_sofascore,2026-08-09T07:38:54.779315
Spain,LaLiga,8,77559,FC Barcelona,2817,Gavi,1103693,22.0,173.0,Spain,M,Right,1909008000.0,31000000.0,EUR,ESP,2025-2026,datafc_sofascore,2026-08-09T07:38:54.779315
Spain,LaLiga,8,77559,FC Barcelona,2817,Frenkie de Jong,795222,29.0,180.0,Netherlands,M,Right,1877472000.0,32000000.0,EUR,ESP,2025-2026,datafc_sofascore,2026-08-09T07:38:54.779315
Spain,LaLiga,8,77559,FC Barcelona,2817,Dani Olmo,789071,28.0,179.0,Spain,M,Right,1909008000.0,58000000.0,EUR,ESP,2025-2026,datafc_sofascore,2026-08-09T07:38:54.779315
Spain,LaLiga,8,77559,FC Barcelona,2817,Fermín López,1153270,23.0,176.0,Spain,M,Right,1940544000.0,103000000.0,EUR,ESP,2025-2026,datafc_sofascore,2026-08-09T07:38:54.779315
Spain,LaLiga,8,77559,FC Barcelona,2817,Marc Bernal,1526618,19.0,193.0,Spain,M,Left,1877472000.0,29000000.0,EUR,ESP,2025-2026,datafc_sofascore,2026-08-09T07:38:54.779315
Spain,LaLiga,8,77559,FC Barcelona,2817,Marc Casadó,1000483,22.0,172.0,Spain,M,Right,1845936000.0,17400000.0,EUR,ESP,2025-2026,datafc_sofascore,2026-08-09T07:38:54.779315
Spain,LaLiga,8,77559,FC Barcelona,2817,Toni Fernández,1590761,18.0,175.0,Spain,M,Left,1814313600.0,3100000.0,EUR,ESP,2025-2026,datafc_sofascore,2026-08-09T07:38:54.779315
Spain,LaLiga,8,77559,FC Barcelona,2817,Tomás Marqués,1939137,19.0,185.0,Spain,M,Right,1845936000.0,3100000.0,EUR,ESP,2025-2026,datafc_sofascore,2026-08-09T07:38:54.779315
Spain,LaLiga,8,77559,FC Barcelona,2817,Guillermo Fernández,1544614,18.0,181.0,Spain,M,Right,1814313600.0,3300000.0,EUR,ESP,2025-2026,datafc_sofascore,2026-08-09T07:38:54.779315
Spain,LaLiga,8,77559,FC Barcelona,2817,Ebrima Tunkara,2128084,16.0,178.0,Spain,M,Left,1877472000.0,5200000.0,EUR,ESP,2025-2026,datafc_sofascore,2026-08-09T07:38:54.779315
Spain,LaLiga,8,77559,FC Barcelona,2817,Jesse Bisiwu,1506988,18.0,182.0,Belgium,M,Right,1940544000.0,775000.0,EUR,ESP,2025-2026,datafc_sofascore,2026-08-09T07:38:54.779315
Spain,LaLiga,8,77559,FC Barcelona,2817,Brian Fariñas,1544613,20.0,180.0,Spain,M,Right,1845936000.0,2700000.0,EUR,ESP,2025-2026,datafc_sofascore,2026-08-09T07:38:54.779315
Spain,LaLiga,8,77559,FC Barcelona,2817,Orian Goren,1973312,17.0,178.0,Israel,M,Right,1845936000.0,,,ESP,2025-2026,datafc_sofascore,2026-08-09T07:38:54.779315
Spain,LaLiga,8,77559,FC Barcelona,2817,Pau Cubarsí,1402913,19.0,184.0,Spain,D,Right,1877472000.0,94000000.0,EUR,ESP,2025-2026,datafc_sofascore,2026-08-09T07:38:54.779315
Spain,LaLiga,8,77559,FC Barcelona,2817,Jules Koundé,827212,27.0,180.0,France,D,Right,1909008000.0,64000000.0,EUR,ESP,2025-2026,datafc_sofascore,2026-08-09T07:38:54.779315
Spain,LaLiga,8,77559,FC Barcelona,2817,Alejandro Balde,997035,22.0,177.0,Spain,D,Left,1845936000.0,55000000.0,EUR,ESP,2025-2026,datafc_sofascore,2026-08-09T07:38:54.779315
Spain,LaLiga,8,77559,FC Barcelona,2817,Ronald Araújo,925097,27.0,191.0,Uruguay,D,Right,1940544000.0,22000000.0,EUR,ESP,2025-2026,datafc_sofascore,2026-08-09T07:38:54.779315
Spain,LaLiga,8,77559,FC Barcelona,2817,Andreas Christensen,186795,30.0,188.0,Denmark,D,Right,1845936000.0,7700000.0,EUR,ESP,2025-2026,datafc_sofascore,2026-08-09T07:38:54.779315
Spain,LaLiga,8,77559,FC Barcelona,2817,Eric García,876214,25.0,182.0,Spain,D,Right,1940544000.0,39000000.0,EUR,ESP,2025-2026,datafc_sofascore,2026-08-09T07:38:54.779315
Spain,LaLiga,8,77559,FC Barcelona,2817,Gerard Martín,1094827,24.0,186.0,Spain,D,Left,1845936000.0,32000000.0,EUR,ESP,2025-2026,datafc_sofascore,2026-08-09T07:38:54.779315
Spain,LaLiga,8,77559,FC Barcelona,2817,Hector Fort,1402908,20.0,185.0,Spain,D,Right,1877472000.0,11600000.0,EUR,ESP,2025-2026,datafc_sofascore,2026-08-09T07:38:54.779315
Spain,LaLiga,8,77559,FC Barcelona,2817,Xavi Espart,1546073,19.0,175.0,Spain,D,Right,1845936000.0,5300000.0,EUR,ESP,2025-2026,datafc_sofascore,2026-08-09T07:38:54.779315
Spain,LaLiga,8,77559,FC Barcelona,2817,Álvaro Cortés,1464652,21.0,189.0,Spain,D,Left,1845936000.0,3600000.0,EUR,ESP,2025-2026,datafc_sofascore,2026-08-09T07:38:54.779315
Spain,LaLiga,8,77559,FC Barcelona,2817,Jofre Torrents ,1587196,19.0,187.0,Spain,D,Left,1845936000.0,970000.0,EUR,ESP,2025-2026,datafc_sofascore,2026-08-09T07:38:54.779315
Spain,LaLiga,8,77559,FC Barcelona,2817,Jordi Pesquer,2128094,17.0,,Spain,D,Left,1845936000.0,,,ESP,2025-2026,datafc_sofascore,2026-08-09T07:38:54.779315
Spain,LaLiga,8,77559,FC Barcelona,2817,Joan García,930267,25.0,193.0,Spain,G,Right,1940544000.0,46000000.0,EUR,ESP,2025-2026,datafc_sofascore,2026-08-09T07:38:54.779315
Spain,LaLiga,8,77559,FC Barcelona,2817,Wojciech Szczęsny,50490,36.0,196.0,Poland,G,Right,1814313600.0,730000.0,EUR,ESP,2025-2026,datafc_sofascore,2026-08-09T07:38:54.779315
Spain,LaLiga,8,77559,FC Barcelona,2817,Áron Yaakobishvili,1402902,20.0,185.0,Hungary,G,Both,1845936000.0,3200000.0,EUR,ESP,2025-2026,datafc_sofascore,2026-08-09T07:38:54.779315
Spain,LaLiga,8,77559,FC Barcelona,2817,Iker Rodríguez,1926093,18.0,187.0,Spain,G,Right,1814313600.0,,,ESP,2025-2026,datafc_sofascore,2026-08-09T07:38:54.779315
Spain,LaLiga,8,77559,Real Madrid,2829,Kylian Mbappé,826643,27.0,180.0,France,F,Right,1877472000.0,212000000.0,EUR,ESP,2025-2026,datafc_sofascore,2026-08-09T07:38:54.779315
Spain,LaLiga,8,77559,Real Madrid,2829,Vinícius Júnior,868812,26.0,176.0,Brazil,F,Right,1814313600.0,146000000.0,EUR,ESP,2025-2026,datafc_sofascore,2026-08-09T07:38:54.779315
Spain,LaLiga,8,77559,Real Madrid,2829,Rodrygo,910536,25.0,174.0,Brazil,F,Right,1845936000.0,48000000.0,EUR,ESP,2025-2026,datafc_sofascore,2026-08-09T07:38:54.779315
Spain,LaLiga,8,77559,Real Madrid,2829,Endrick,1174937,20.0,173.0,Brazil,F,Left,1909008000.0,42000000.0,EUR,ESP,2025-2026,datafc_sofascore,2026-08-09T07:38:54.779315
Spain,LaLiga,8,77559,Real Madrid,2829,Franco Mastantuono,1403559,18.0,177.0,Argentina,F,Left,1940544000.0,44000000.0,EUR,ESP,2025-2026,datafc_sofascore,2026-08-09T07:38:54.779315
Spain,LaLiga,8,77559,Real Madrid,2829,Yan Diomande,2087085,19.0,180.0,Côte d'Ivoire,F,Right,1972166400.0,99000000.0,EUR,ESP,2025-2026,datafc_sofascore,2026-08-09T07:38:54.779315
Spain,LaLiga,8,77559,Real Madrid,2829,Carlos Espí,1649918,21.0,194.0,Spain,F,Right,1940544000.0,22000000.0,EUR,ESP,2025-2026,datafc_sofascore,2026-08-09T07:38:54.779315
Spain,LaLiga,8,77559,Real Madrid,2829,Jude Bellingham,991011,23.0,188.0,England,M,Right,1877472000.0,151000000.0,EUR,ESP,2025-2026,datafc_sofascore,2026-08-09T07:38:54.779315
Spain,LaLiga,8,77559,Real Madrid,2829,Federico Valverde,831808,28.0,181.0,Uruguay,M,Right,1877472000.0,87000000.0,EUR,ESP,2025-2026,datafc_sofascore,2026-08-09T07:38:54.779315
Spain,LaLiga,8,77559,Real Madrid,2829,Arda Güler,1091116,21.0,176.0,Türkiye,M,Left,1877472000.0,87000000.0,EUR,ESP,2025-2026,datafc_sofascore,2026-08-09T07:38:54.779315
Spain,LaLiga,8,77559,Real Madrid,2829,Brahim Díaz,835485,27.0,170.0,Morocco,M,Both,1814313600.0,37000000.0,EUR,ESP,2025-2026,datafc_sofascore,2026-08-09T07:38:54.779315
Spain,LaLiga,8,77559,Real Madrid,2829,Eduardo Camavinga,973887,23.0,182.0,France,M,Left,1877472000.0,48000000.0,EUR,ESP,2025-2026,datafc_sofascore,2026-08-09T07:38:54.779315
Spain,LaLiga,8,77559,Real Madrid,2829,Aurélien Tchouaméni,859025,26.0,188.0,France,M,Right,1845936000.0,73000000.0,EUR,ESP,2025-2026,datafc_sofascore,2026-08-09T07:38:54.779315
Spain,LaLiga,8,77559,Real Madrid,2829,Bernardo Silva,331209,31.0,173.0,Portugal,M,Left,1845936000.0,21000000.0,EUR,ESP,2025-2026,datafc_sofascore,2026-08-09T07:38:54.779315
Spain,LaLiga,8,77559,Real Madrid,2829,Thiago Pitarch,2237795,19.0,179.0,Spain,M,Right,1814313600.0,18200000.0,EUR,ESP,2025-2026,datafc_sofascore,2026-08-09T07:38:54.779315
Spain,LaLiga,8,77559,Real Madrid,2829,Denzel Dumfries,759520,30.0,188.0,Netherlands,M,Right,1909008000.0,26000000.0,EUR,ESP,2025-2026,datafc_sofascore,2026-08-09T07:38:54.779315
Spain,LaLiga,8,77559,Real Madrid,2829,Manuel Ángel Morán,1142683,22.0,168.0,Spain,M,Right,1814313600.0,4600000.0,EUR,ESP,2025-2026,datafc_sofascore,2026-08-09T07:38:54.779315
Spain,LaLiga,8,77559,Real Madrid,2829,Daniel Yáñez,1546404,19.0,177.0,Spain,M,Left,1877472000.0,4300000.0,EUR,ESP,2025-2026,datafc_sofascore,2026-08-09T07:38:54.779315
Spain,LaLiga,8,77559,Real Madrid,2829,Jorge Cestero,1590121,20.0,178.0,Spain,M,Right,1845936000.0,8000000.0,EUR,ESP,2025-2026,datafc_sofascore,2026-08-09T07:38:54.779315
Spain,LaLiga,8,77559,Real Madrid,2829,Alexis Ciria,1859823,18.0,181.0,Spain,M,Right,1909008000.0,910000.0,EUR,ESP,2025-2026,datafc_sofascore,2026-08-09T07:38:54.779315
Spain,LaLiga,8,77559,Real Madrid,2829,Diego Lacosta,2049131,18.0,,Spain,M,Right,,,,ESP,2025-2026,datafc_sofascore,2026-08-09T07:38:54.779315
Spain,LaLiga,8,77559,Real Madrid,2829,Trent Alexander-Arnold,795064,27.0,180.0,England,D,Right,1940544000.0,62000000.0,EUR,ESP,2025-2026,datafc_sofascore,2026-08-09T07:38:54.779315
Spain,LaLiga,8,77559,Real Madrid,2829,Antonio Rüdiger,142622,33.0,191.0,Germany,D,Right,1814313600.0,6200000.0,EUR,ESP,2025-2026,datafc_sofascore,2026-08-09T07:38:54.779315
Spain,LaLiga,8,77559,Real Madrid,2829,Dean Huijsen,1176744,21.0,195.0,Spain,D,Both,1909008000.0,66000000.0,EUR,ESP,2025-2026,datafc_sofascore,2026-08-09T07:38:54.779315
Spain,LaLiga,8,77559,Real Madrid,2829,Éder Militão,822519,28.0,186.0,Brazil,D,Right,1845936000.0,21000000.0,EUR,ESP,2025-2026,datafc_sofascore,2026-08-09T07:38:54.779315
Spain,LaLiga,8,77559,Real Madrid,2829,Raúl Asencio,1156645,23.0,184.0,Spain,D,Right,1940544000.0,18100000.0,EUR,ESP,2025-2026,datafc_sofascore,2026-08-09T07:38:54.779315
Spain,LaLiga,8,77559,Real Madrid,2829,Marc Cucurella,794939,28.0,175.0,Spain,D,Left,1972166400.0,62000000.0,EUR,ESP,2025-2026,datafc_sofascore,2026-08-09T07:38:54.779315
Spain,LaLiga,8,77559,Real Madrid,2829,Álvaro Carreras,1085081,23.0,186.0,Spain,D,Left,1940544000.0,53000000.0,EUR,ESP,2025-2026,datafc_sofascore,2026-08-09T07:38:54.779315
Spain,LaLiga,8,77559,Real Madrid,2829,Ferland Mendy,792073,31.0,178.0,France,D,Left,1845936000.0,4200000.0,EUR,ESP,2025-2026,datafc_sofascore,2026-08-09T07:38:54.779315
Spain,LaLiga,8,77559,Real Madrid,2829,Ibrahima Konaté,826215,27.0,195.0,France,D,Right,1909008000.0,46000000.0,EUR,ESP,2025-2026,datafc_sofascore,2026-08-09T07:38:54.779315
Spain,LaLiga,8,77559,Real Madrid,2829,David Jiménez,1142689,22.0,175.0,Spain,D,Right,1814313600.0,5200000.0,EUR,ESP,2025-2026,datafc_sofascore,2026-08-09T07:38:54.779315
Spain,LaLiga,8,77559,Real Madrid,2829,Joan Martínez,1562659,18.0,192.0,Spain,D,Right,1877472000.0,5300000.0,EUR,ESP,2025-2026,datafc_sofascore,2026-08-09T07:38:54.779315
Spain,LaLiga,8,77559,Real Madrid,2829,Lamini Fati,2048439,20.0,184.0,Spain,D,Left,1877472000.0,3200000.0,EUR,ESP,2025-2026,datafc_sofascore,2026-08-09T07:38:54.779315
Spain,LaLiga,8,77559,Real Madrid,2829,Mario Rivas,1542791,19.0,188.0,Spain,D,Right,1814313600.0,1900000.0,EUR,ESP,2025-2026,datafc_sofascore,2026-08-09T07:38:54.779315
Spain,LaLiga,8,77559,Real Madrid,2829,Thibaut Courtois,70988,34.0,200.0,Belgium,G,Left,1814313600.0,14500000.0,EUR,ESP,2025-2026,datafc_sofascore,2026-08-09T07:38:54.779315
Spain,LaLiga,8,77559,Real Madrid,2829,Andriy Lunin,857574,27.0,191.0,Ukraine,G,Right,1909008000.0,11300000.0,EUR,ESP,2025-2026,datafc_sofascore,2026-08-09T07:38:54.779315
Spain,LaLiga,8,77559,Real Madrid,2829,Sergio Mestre,1403015,21.0,193.0,Spain,G,Right,1845936000.0,190000.0,EUR,ESP,2025-2026,datafc_sofascore,2026-08-09T07:38:54.779315
Spain,LaLiga,8,77559,Real Madrid,2829,Javi Navarro,1975197,19.0,186.0,Spain,G,Right,1909008000.0,,,ESP,2025-2026,datafc_sofascore,2026-08-09T07:38:54.779315
Spain,LaLiga,8,77559,Villarreal,2819,Nicolas Pépé,593526,31.0,183.0,Côte d'Ivoire,F,Left,1845936000.0,6600000.0,EUR,ESP,2025-2026,datafc_sofascore,2026-08-09T07:38:54.779315
Spain,LaLiga,8,77559,Villarreal,2819,Georges Mikautadze,1009372,25.0,176.0,Georgia,F,Right,1940544000.0,32000000.0,EUR,ESP,2025-2026,datafc_sofascore,2026-08-09T07:38:54.779315
Spain,LaLiga,8,77559,Villarreal,2819,Gerard Moreno,146866,34.0,180.0,Spain,F,Left,1814313600.0,2400000.0,EUR,ESP,2025-2026,datafc_sofascore,2026-08-09T07:38:54.779315
Spain,LaLiga,8,77559,Villarreal,2819,Ayoze Pérez,345195,33.0,180.0,Spain,F,Right,1845936000.0,5400000.0,EUR,ESP,2025-2026,datafc_sofascore,2026-08-09T07:38:54.779315
Spain,LaLiga,8,77559,Villarreal,2819,Tani Oluwaseyi,1172477,26.0,188.0,Canada,F,Left,1909008000.0,7500000.0,EUR,ESP,2025-2026,datafc_sofascore,2026-08-09T07:38:54.779315
Spain,LaLiga,8,77559,Villarreal,2819,Álex Forés,1086128,25.0,180.0,Spain,F,Right,1814313600.0,630000.0,EUR,ESP,2025-2026,datafc_sofascore,2026-08-09T07:38:54.779315
Spain,LaLiga,8,77559,Villarreal,2819,Hugo López,1966890,19.0,178.0,Spain,F,Right,1814313600.0,970000.0,EUR,ESP,2025-2026,datafc_sofascore,2026-08-09T07:38:54.779315
Spain,LaLiga,8,77559,Villarreal,2819,Pape Gueye,879694,27.0,187.0,Senegal,M,Left,1845936000.0,39000000.0,EUR,ESP,2025-2026,datafc_sofascore,2026-08-09T07:38:54.779315
Spain,LaLiga,8,77559,Villarreal,2819,Ilias Akhomach,1089108,22.0,175.0,Morocco,M,Left,1845936000.0,11100000.0,EUR,ESP,2025-2026,datafc_sofascore,2026-08-09T07:38:54.779315
Spain,LaLiga,8,77559,Villarreal,2819,Tajon Buchanan,973290,27.0,183.0,Canada,M,Right,1909008000.0,13000000.0,EUR,ESP,2025-2026,datafc_sofascore,2026-08-09T07:38:54.779315
Spain,LaLiga,8,77559,Villarreal,2819,Alberto Moleiro,1012444,22.0,172.0,Spain,M,Right,1909008000.0,54000000.0,EUR,ESP,2025-2026,datafc_sofascore,2026-08-09T07:38:54.779315
Spain,LaLiga,8,77559,Villarreal,2819,Alassane Diatta,1893907,21.0,190.0,Senegal,M,Left,1909008000.0,660000.0,EUR,ESP,2025-2026,datafc_sofascore,2026-08-09T07:38:54.779315
Spain,LaLiga,8,77559,Villarreal,2819,Thiago Fernández,1201412,22.0,175.0,Argentina,M,Right,1940544000.0,4700000.0,EUR,ESP,2025-2026,datafc_sofascore,2026-08-09T07:38:54.779315
Spain,LaLiga,8,77559,Villarreal,2819,Santi Comesaña,843678,29.0,187.0,Spain,M,Both,1845936000.0,8400000.0,EUR,ESP,2025-2026,datafc_sofascore,2026-08-09T07:38:54.779315
Spain,LaLiga,8,77559,Villarreal,2819,Carlos Maciá,2238900,17.0,190.0,Spain,M,Right,1940544000.0,2900000.0,EUR,ESP,2025-2026,datafc_sofascore,2026-08-09T07:38:54.779315
Spain,LaLiga,8,77559,Villarreal,2819,Renato Veiga,1087359,23.0,190.0,Portugal,D,Left,1972166400.0,29000000.0,EUR,ESP,2025-2026,datafc_sofascore,2026-08-09T07:38:54.779315
Spain,LaLiga,8,77559,Villarreal,2819,Juan Foyth,873189,28.0,187.0,Argentina,D,Right,1877472000.0,8600000.0,EUR,ESP,2025-2026,datafc_sofascore,2026-08-09T07:38:54.779315
Spain,LaLiga,8,77559,Villarreal,2819,Santiago Mouriño,1468046,24.0,186.0,Uruguay,D,Right,1909008000.0,19400000.0,EUR,ESP,2025-2026,datafc_sofascore,2026-08-09T07:38:54.779315
Spain,LaLiga,8,77559,Villarreal,2819,Willy Kambwala,1136721,21.0,192.0,DR Congo,D,Right,1877472000.0,3100000.0,EUR,ESP,2025-2026,datafc_sofascore,2026-08-09T07:38:54.779315
Spain,LaLiga,8,77559,Villarreal,2819,Alexander Freeman,1184541,22.0,188.0,USA,D,Right,1972166400.0,9200000.0,EUR,ESP,2025-2026,datafc_sofascore,2026-08-09T07:38:54.779315
Spain,LaLiga,8,77559,Villarreal,2819,Carlos Romero,1396048,24.0,174.0,Spain,D,Left,1940544000.0,24000000.0,EUR,ESP,2025-2026,datafc_sofascore,2026-08-09T07:38:54.779315
Spain,LaLiga,8,77559,Villarreal,2819,Logan Costa,911853,25.0,188.0,Cape Verde,D,Right,1909008000.0,14600000.0,EUR,ESP,2025-2026,datafc_sofascore,2026-08-09T07:38:54.779315
Spain,LaLiga,8,77559,Villarreal,2819,Sergi Cardona,986245,27.0,186.0,Spain,D,Left,1814313600.0,8600000.0,EUR,ESP,2025-2026,datafc_sofascore,2026-08-09T07:38:54.779315
Spain,LaLiga,8,77559,Villarreal,2819,Pau Navarro,1525863,21.0,185.0,Spain,D,Right,1940544000.0,14600000.0,EUR,ESP,2025-2026,datafc_sofascore,2026-08-09T07:38:54.779315
Spain,LaLiga,8,77559,Villarreal,2819,Moussa Diallo,2270731,19.0,,Senegal,D,Right,,,,ESP,2025-2026,datafc_sofascore,2026-08-09T07:38:54.779315
Spain,LaLiga,8,77559,Villarreal,2819,Luiz Júnior,1066603,25.0,192.0,Brazil,G,Left,1909008000.0,12400000.0,EUR,ESP,2025-2026,datafc_sofascore,2026-08-09T07:38:54.779315
Spain,LaLiga,8,77559,Villarreal,2819,Péter Gulácsi,37096,36.0,190.0,Hungary,G,Right,1845936000.0,970000.0,EUR,ESP,2025-2026,datafc_sofascore,2026-08-09T07:38:54.779315
Spain,LaLiga,8,77559,Villarreal,2819,Rubén Gómez,1407702,24.0,185.0,Spain,G,Right,1814313600.0,390000.0,EUR,ESP,2025-2026,datafc_sofascore,2026-08-09T07:38:54.779315
Spain,LaLiga,8,77559,Atlético Madrid,2836,Julián Alvarez,944656,26.0,170.0,Argentina,F,Right,1909008000.0,116000000.0,EUR,ESP,2025-2026,datafc_sofascore,2026-08-09T07:38:54.779315
Spain,LaLiga,8,77559,Atlético Madrid,2836,Ademola Lookman,824200,28.0,174.0,Nigeria,F,Right,1909008000.0,44000000.0,EUR,ESP,2025-2026,datafc_sofascore,2026-08-09T07:38:54.779315
Spain,LaLiga,8,77559,Atlético Madrid,2836,Alexander Sørloth,309078,30.0,195.0,Norway,F,Left,1845936000.0,18600000.0,EUR,ESP,2025-2026,datafc_sofascore,2026-08-09T07:38:54.779315
Spain,LaLiga,8,77559,Atlético Madrid,2836,Carlos Martín,1131581,24.0,182.0,Spain,F,Right,1877472000.0,1500000.0,EUR,ESP,2025-2026,datafc_sofascore,2026-08-09T07:38:54.779315
Spain,LaLiga,8,77559,Atlético Madrid,2836,Kang-in Lee,917087,25.0,173.0,South Korea,M,Left,1940544000.0,30000000.0,EUR,ESP,2025-2026,datafc_sofascore,2026-08-09T07:38:54.779315
Spain,LaLiga,8,77559,Atlético Madrid,2836,Giuliano Simeone,1099352,23.0,173.0,Argentina,M,Right,1909008000.0,44000000.0,EUR,ESP,2025-2026,datafc_sofascore,2026-08-09T07:38:54.779315
Spain,LaLiga,8,77559,Atlético Madrid,2836,Alex Baena,910031,25.0,174.0,Spain,M,Right,1909008000.0,43000000.0,EUR,ESP,2025-2026,datafc_sofascore,2026-08-09T07:38:54.779315
Spain,LaLiga,8,77559,Atlético Madrid,2836,Alejandro Grimaldo,177177,30.0,171.0,Spain,M,Left,1909008000.0,19400000.0,EUR,ESP,2025-2026,datafc_sofascore,2026-08-09T07:38:54.779315
Spain,LaLiga,8,77559,Atlético Madrid,2836,Obed Vargas,1119345,21.0,175.0,Mexico,M,Right,1909008000.0,9300000.0,EUR,ESP,2025-2026,datafc_sofascore,2026-08-09T07:38:54.779315
Spain,LaLiga,8,77559,Atlético Madrid,2836,Pablo Barrios,1142588,23.0,181.0,Spain,M,Right,1909008000.0,60000000.0,EUR,ESP,2025-2026,datafc_sofascore,2026-08-09T07:38:54.779315
Spain,LaLiga,8,77559,Atlético Madrid,2836,Johnny Cardoso,990169,24.0,186.0,USA,M,Right,1909008000.0,18700000.0,EUR,ESP,2025-2026,datafc_sofascore,2026-08-09T07:38:54.779315
Spain,LaLiga,8,77559,Atlético Madrid,2836,Thomas Lemar,191182,30.0,170.0,France,M,Left,1814313600.0,1900000.0,EUR,ESP,2025-2026,datafc_sofascore,2026-08-09T07:38:54.779315
Spain,LaLiga,8,77559,Atlético Madrid,2836,Koke,84539,34.0,177.0,Spain,M,Right,1814313600.0,4600000.0,EUR,ESP,2025-2026,datafc_sofascore,2026-08-09T07:38:54.779315
Spain,LaLiga,8,77559,Atlético Madrid,2836,Morten Hjulmand,859917,27.0,185.0,Denmark,M,Right,1940544000.0,48000000.0,EUR,ESP,2025-2026,datafc_sofascore,2026-08-09T07:38:54.779315
Spain,LaLiga,8,77559,Atlético Madrid,2836,Rodrigo Mendoza,1391752,21.0,182.0,Spain,M,Right,1940544000.0,21000000.0,EUR,ESP,2025-2026,datafc_sofascore,2026-08-09T07:38:54.779315
Spain,LaLiga,8,77559,Atlético Madrid,2836,Nahuel Molina,831799,28.0,175.0,Argentina,D,Right,1814313600.0,14600000.0,EUR,ESP,2025-2026,datafc_sofascore,2026-08-09T07:38:54.779315
Spain,LaLiga,8,77559,Atlético Madrid,2836,Marcos Llorente,353138,31.0,184.0,Spain,D,Right,1814313600.0,21000000.0,EUR,ESP,2025-2026,datafc_sofascore,2026-08-09T07:38:54.779315
Spain,LaLiga,8,77559,Atlético Madrid,2836,Robin Le Normand,787751,29.0,187.0,Spain,D,Right,1877472000.0,19100000.0,EUR,ESP,2025-2026,datafc_sofascore,2026-08-09T07:38:54.779315
Spain,LaLiga,8,77559,Atlético Madrid,2836,José María Giménez,325355,31.0,185.0,Uruguay,D,Right,1845936000.0,8600000.0,EUR,ESP,2025-2026,datafc_sofascore,2026-08-09T07:38:54.779315
Spain,LaLiga,8,77559,Atlético Madrid,2836,Marc Pubill,1094106,23.0,190.0,Spain,D,Right,1909008000.0,33000000.0,EUR,ESP,2025-2026,datafc_sofascore,2026-08-09T07:38:54.779315
Spain,LaLiga,8,77559,Atlético Madrid,2836,Dávid Hancko,807771,28.0,188.0,Slovakia,D,Left,1909008000.0,36000000.0,EUR,ESP,2025-2026,datafc_sofascore,2026-08-09T07:38:54.779315
Spain,LaLiga,8,77559,Atlético Madrid,2836,Matteo Ruggeri,965011,24.0,187.0,Italy,D,Left,1909008000.0,27000000.0,EUR,ESP,2025-2026,datafc_sofascore,2026-08-09T07:38:54.779315
Spain,LaLiga,8,77559,Atlético Madrid,2836,Juan Musso,263651,32.0,191.0,Argentina,G,Right,1845936000.0,3200000.0,EUR,ESP,2025-2026,datafc_sofascore,2026-08-09T07:38:54.779315
Spain,LaLiga,8,77559,Atlético Madrid,2836,Jan Oblak,69768,33.0,189.0,Slovenia,G,Right,1845936000.0,16000000.0,EUR,ESP,2025-2026,datafc_sofascore,2026-08-09T07:38:54.779315
Spain,LaLiga,8,77559,Real Betis,2816,Cucho Hernández,887055,27.0,175.0,Colombia,F,Right,1909008000.0,16500000.0,EUR,ESP,2025-2026,datafc_sofascore,2026-08-09T07:38:54.779315
Spain,LaLiga,8,77559,Real Betis,2816,Gonzalo Petit,1482378,19.0,189.0,Uruguay,F,Right,1940544000.0,4200000.0,EUR,ESP,2025-2026,datafc_sofascore,2026-08-09T07:38:54.779315
Spain,LaLiga,8,77559,Real Betis,2816,Antony,958380,26.0,172.0,Brazil,M,Left,1909008000.0,37000000.0,EUR,ESP,2025-2026,datafc_sofascore,2026-08-09T07:38:54.779315
Spain,LaLiga,8,77559,Real Betis,2816,Abdessamad Ezzalzouli,1011375,24.0,177.0,Morocco,M,Right,1877472000.0,43000000.0,EUR,ESP,2025-2026,datafc_sofascore,2026-08-09T07:38:54.779315
Spain,LaLiga,8,77559,Real Betis,2816,Isco,103417,34.0,176.0,Spain,M,Right,1845936000.0,3600000.0,EUR,ESP,2025-2026,datafc_sofascore,2026-08-09T07:38:54.779315
Spain,LaLiga,8,77559,Real Betis,2816,Giovani Lo Celso,798835,30.0,177.0,Argentina,M,Left,1845936000.0,7800000.0,EUR,ESP,2025-2026,datafc_sofascore,2026-08-09T07:38:54.779315
Spain,LaLiga,8,77559,Real Betis,2816,Álvaro Fidalgo,838629,29.0,174.0,Mexico,M,Right,1909008000.0,6500000.0,EUR,ESP,2025-2026,datafc_sofascore,2026-08-09T07:38:54.779315
Spain,LaLiga,8,77559,Real Betis,2816,Nelson Deossa,1129401,26.0,185.0,Colombia,M,Left,1909008000.0,9800000.0,EUR,ESP,2025-2026,datafc_sofascore,2026-08-09T07:38:54.779315
Spain,LaLiga,8,77559,Real Betis,2816,Rodrigo Riquelme,989113,26.0,174.0,Spain,M,Right,1909008000.0,4300000.0,EUR,ESP,2025-2026,datafc_sofascore,2026-08-09T07:38:54.779315
Spain,LaLiga,8,77559,Real Betis,2816,Pablo Fornals,816763,30.0,178.0,Spain,M,Right,1877472000.0,8400000.0,EUR,ESP,2025-2026,datafc_sofascore,2026-08-09T07:38:54.779315
Spain,LaLiga,8,77559,Real Betis,2816,Pablo García,1893910,20.0,175.0,Spain,M,Left,1877472000.0,8199999.0,EUR,ESP,2025-2026,datafc_sofascore,2026-08-09T07:38:54.779315
Spain,LaLiga,8,77559,Real Betis,2816,Facundo Bernal,1177404,22.0,187.0,Uruguay,M,Right,1940544000.0,5800000.0,EUR,ESP,2025-2026,datafc_sofascore,2026-08-09T07:38:54.779315
Spain,LaLiga,8,77559,Real Betis,2816,Marc Roca,847128,29.0,184.0,Spain,M,Left,1877472000.0,4200000.0,EUR,ESP,2025-2026,datafc_sofascore,2026-08-09T07:38:54.779315
Spain,LaLiga,8,77559,Real Betis,2816,José Morante,2006447,19.0,173.0,Spain,M,Both,1909008000.0,965000.0,EUR,ESP,2025-2026,datafc_sofascore,2026-08-09T07:38:54.779315
Spain,LaLiga,8,77559,Real Betis,2816,Iker Losada,992331,25.0,175.0,Spain,M,Right,1877472000.0,2000000.0,EUR,ESP,2025-2026,datafc_sofascore,2026-08-09T07:38:54.779315
Spain,LaLiga,8,77559,Real Betis,2816,Gnangoro Bouare Samake,2038238,21.0,184.0,Spain,M,Left,1814313600.0,47000.0,EUR,ESP,2025-2026,datafc_sofascore,2026-08-09T07:38:54.779315
Spain,LaLiga,8,77559,Real Betis,2816,Rica Fúnez,1976132,19.0,173.0,Spain,M,Right,1845936000.0,23000.0,EUR,ESP,2025-2026,datafc_sofascore,2026-08-09T07:38:54.779315
Spain,LaLiga,8,77559,Real Betis,2816,Fran García,851271,26.0,170.0,Spain,D,Left,1909008000.0,9200000.0,EUR,ESP,2025-2026,datafc_sofascore,2026-08-09T07:38:54.779315
Spain,LaLiga,8,77559,Real Betis,2816,Héctor Bellerín,188365,31.0,178.0,Spain,D,Right,1845936000.0,2500000.0,EUR,ESP,2025-2026,datafc_sofascore,2026-08-09T07:38:54.779315
Spain,LaLiga,8,77559,Real Betis,2816,Natan,1015287,25.0,188.0,Brazil,D,Left,1909008000.0,26000000.0,EUR,ESP,2025-2026,datafc_sofascore,2026-08-09T07:38:54.779315
Spain,LaLiga,8,77559,Real Betis,2816,Junior Firpo,914835,29.0,184.0,Dominican Republic,D,Left,1845936000.0,3400000.0,EUR,ESP,2025-2026,datafc_sofascore,2026-08-09T07:38:54.779315
Spain,LaLiga,8,77559,Real Betis,2816,Valentín Gómez,1186010,23.0,181.0,Argentina,D,Left,1909008000.0,11200000.0,EUR,ESP,2025-2026,datafc_sofascore,2026-08-09T07:38:54.779315
Spain,LaLiga,8,77559,Real Betis,2816,Marc Bartra,99519,35.0,183.0,Spain,D,Right,1814313600.0,930000.0,EUR,ESP,2025-2026,datafc_sofascore,2026-08-09T07:38:54.779315
Spain,LaLiga,8,77559,Real Betis,2816,Diego Llorente,305278,32.0,185.0,Spain,D,Right,1845936000.0,2600000.0,EUR,ESP,2025-2026,datafc_sofascore,2026-08-09T07:38:54.779315
Spain,LaLiga,8,77559,Real Betis,2816,Aitor Ruibal,893062,30.0,176.0,Spain,D,Right,1845936000.0,3900000.0,EUR,ESP,2025-2026,datafc_sofascore,2026-08-09T07:38:54.779315
Spain,LaLiga,8,77559,Real Betis,2816,Angel Ortiz,1152139,22.0,167.0,Spain,D,Right,1877472000.0,4400000.0,EUR,ESP,2025-2026,datafc_sofascore,2026-08-09T07:38:54.779315
Spain,LaLiga,8,77559,Real Betis,2816,Jean Emmanuel  N'Agoran,2456934,19.0,190.0,Côte d'Ivoire,D,,1909008000.0,52000.0,EUR,ESP,2025-2026,datafc_sofascore,2026-08-09T07:38:54.779315
Spain,LaLiga,8,77559,Real Betis,2816,Adrián,50539,39.0,190.0,Spain,G,Right,,,,ESP,2025-2026,datafc_sofascore,2026-08-09T07:38:54.779315
Spain,LaLiga,8,77559,Real Betis,2816,Álvaro Valles,964983,29.0,192.0,Spain,G,Right,1909008000.0,6500000.0,EUR,ESP,2025-2026,datafc_sofascore,2026-08-09T07:38:54.779315
Spain,LaLiga,8,77559,Real Betis,2816,Diego Conde,951008,27.0,188.0,Spain,G,Right,1814313600.0,3200000.0,EUR,ESP,2025-2026,datafc_sofascore,2026-08-09T07:38:54.779315
Spain,LaLiga,8,77559,Real Betis,2816,Manu González,1823954,19.0,191.0,Spain,G,Right,1845936000.0,315000.0,EUR,ESP,2025-2026,datafc_sofascore,2026-08-09T07:38:54.779315
Spain,LaLiga,8,77559,Real Betis,2816,Yan Zhuravskiy,1496493,17.0,,Ukraine,G,,1814313600.0,,,ESP,2025-2026,datafc_sofascore,2026-08-09T07:38:54.779315
Spain,LaLiga,8,77559,Celta Vigo,2821,Borja Iglesias,785989,33.0,187.0,Spain,F,Right,1814313600.0,2900000.0,EUR,ESP,2025-2026,datafc_sofascore,2026-08-09T07:38:54.779315
Spain,LaLiga,8,77559,Celta Vigo,2821,Iago Aspas,19356,39.0,176.0,Spain,F,Left,1814313600.0,1500000.0,EUR,ESP,2025-2026,datafc_sofascore,2026-08-09T07:38:54.779315
Spain,LaLiga,8,77559,Celta Vigo,2821,Ferran Jutglà,949962,27.0,175.0,Spain,F,Right,1877472000.0,10700000.0,EUR,ESP,2025-2026,datafc_sofascore,2026-08-09T07:38:54.779315
Spain,LaLiga,8,77559,Celta Vigo,2821,Jones El-Abdellaoui,1173575,20.0,184.0,Morocco,F,Right,1877472000.0,8400000.0,EUR,ESP,2025-2026,datafc_sofascore,2026-08-09T07:38:54.779315
Spain,LaLiga,8,77559,Celta Vigo,2821,Pablo Durán,1398524,25.0,176.0,Spain,F,Right,1845936000.0,4099999.0,EUR,ESP,2025-2026,datafc_sofascore,2026-08-09T07:38:54.779315
Spain,LaLiga,8,77559,Celta Vigo,2821,Ilaix Moriba,962890,23.0,183.0,Guinea,M,Right,1877472000.0,13700000.0,EUR,ESP,2025-2026,datafc_sofascore,2026-08-09T07:38:54.779315
Spain,LaLiga,8,77559,Celta Vigo,2821,Williot Swedberg,1126779,22.0,185.0,Sweden,M,Right,1877472000.0,18700000.0,EUR,ESP,2025-2026,datafc_sofascore,2026-08-09T07:38:54.779315
Spain,LaLiga,8,77559,Celta Vigo,2821,Matías Vecino,158615,34.0,187.0,Uruguay,M,Right,1814313600.0,1100000.0,EUR,ESP,2025-2026,datafc_sofascore,2026-08-09T07:38:54.779315
Spain,LaLiga,8,77559,Celta Vigo,2821,Hugo Cuenca,1397355,21.0,183.0,Paraguay,M,Left,1814313600.0,310000.0,EUR,ESP,2025-2026,datafc_sofascore,2026-08-09T07:38:54.779315
Spain,LaLiga,8,77559,Celta Vigo,2821,Aleix Febas,286167,30.0,168.0,Spain,M,Right,1877472000.0,5200000.0,EUR,ESP,2025-2026,datafc_sofascore,2026-08-09T07:38:54.779315
Spain,LaLiga,8,77559,Celta Vigo,2821,Carles Pérez,794950,28.0,172.0,Spain,M,Left,1814313600.0,1700000.0,EUR,ESP,2025-2026,datafc_sofascore,2026-08-09T07:38:54.779315
Spain,LaLiga,8,77559,Celta Vigo,2821,Hugo Álvarez,1154935,23.0,176.0,Spain,M,Right,1845936000.0,7800000.0,EUR,ESP,2025-2026,datafc_sofascore,2026-08-09T07:38:54.779315
Spain,LaLiga,8,77559,Celta Vigo,2821,Sergio Carreira,1002764,25.0,170.0,Spain,M,Right,1877472000.0,11500000.0,EUR,ESP,2025-2026,datafc_sofascore,2026-08-09T07:38:54.779315
Spain,LaLiga,8,77559,Celta Vigo,2821,Javier Rueda,1008259,24.0,176.0,Spain,M,Right,1877472000.0,6200000.0,EUR,ESP,2025-2026,datafc_sofascore,2026-08-09T07:38:54.779315
Spain,LaLiga,8,77559,Celta Vigo,2821,Miguel Román,1398526,23.0,178.0,Spain,M,Right,1845936000.0,14400000.0,EUR,ESP,2025-2026,datafc_sofascore,2026-08-09T07:38:54.779315
Spain,LaLiga,8,77559,Celta Vigo,2821,Hugo González,996931,23.0,181.0,Spain,M,Right,1845936000.0,720000.0,EUR,ESP,2025-2026,datafc_sofascore,2026-08-09T07:38:54.779315
Spain,LaLiga,8,77559,Celta Vigo,2821,Andrés Antañón,1916256,19.0,183.0,Spain,M,Right,1814313600.0,535000.0,EUR,ESP,2025-2026,datafc_sofascore,2026-08-09T07:38:54.779315
Spain,LaLiga,8,77559,Celta Vigo,2821,Hugo Burcio,1858279,19.0,187.0,Spain,M,Right,1845936000.0,480000.0,EUR,ESP,2025-2026,datafc_sofascore,2026-08-09T07:38:54.779315
Spain,LaLiga,8,77559,Celta Vigo,2821,Marcos Alonso,69408,35.0,188.0,Spain,D,Left,1845936000.0,1300000.0,EUR,ESP,2025-2026,datafc_sofascore,2026-08-09T07:38:54.779315
Spain,LaLiga,8,77559,Celta Vigo,2821,Javi Galán,825133,31.0,172.0,Spain,D,Left,1845936000.0,1700000.0,EUR,ESP,2025-2026,datafc_sofascore,2026-08-09T07:38:54.779315
Spain,LaLiga,8,77559,Celta Vigo,2821,Abdoulaye Faye,1529051,21.0,191.0,Senegal,D,Left,1814313600.0,4200000.0,EUR,ESP,2025-2026,datafc_sofascore,2026-08-09T07:38:54.779315
Spain,LaLiga,8,77559,Celta Vigo,2821,Carl Starfelt,360718,31.0,185.0,Sweden,D,Right,1814313600.0,4099999.0,EUR,ESP,2025-2026,datafc_sofascore,2026-08-09T07:38:54.779315
Spain,LaLiga,8,77559,Celta Vigo,2821,Unai Núñez,892521,29.0,186.0,Spain,D,Right,1877472000.0,3300000.0,EUR,ESP,2025-2026,datafc_sofascore,2026-08-09T07:38:54.779315
Spain,LaLiga,8,77559,Celta Vigo,2821,Javi Rodríguez,1526627,23.0,178.0,Spain,D,Right,1845936000.0,17500000.0,EUR,ESP,2025-2026,datafc_sofascore,2026-08-09T07:38:54.779315
Spain,LaLiga,8,77559,Celta Vigo,2821,Alvaro Núñez,1012410,26.0,174.0,Spain,D,Right,1909008000.0,3900000.0,EUR,ESP,2025-2026,datafc_sofascore,2026-08-09T07:38:54.779315
Spain,LaLiga,8,77559,Celta Vigo,2821,Yoel Lago,1145100,22.0,185.0,Spain,D,Right,1877472000.0,3700000.0,EUR,ESP,2025-2026,datafc_sofascore,2026-08-09T07:38:54.779315
Spain,LaLiga,8,77559,Celta Vigo,2821,Carlos Domínguez,1069703,25.0,187.0,Spain,D,Left,1845936000.0,1900000.0,EUR,ESP,2025-2026,datafc_sofascore,2026-08-09T07:38:54.779315
Spain,LaLiga,8,77559,Celta Vigo,2821,Manu Fernández,1630975,25.0,185.0,Spain,D,Right,1845936000.0,1400000.0,EUR,ESP,2025-2026,datafc_sofascore,2026-08-09T07:38:54.779315
Spain,LaLiga,8,77559,Celta Vigo,2821,Anxo Rodríguez,1991007,19.0,185.0,Spain,D,Right,1845936000.0,515000.0,EUR,ESP,2025-2026,datafc_sofascore,2026-08-09T07:38:54.779315
Spain,LaLiga,8,77559,Celta Vigo,2821,Altay Bayındır,815890,28.0,198.0,Türkiye,G,Right,1814313600.0,4900000.0,EUR,ESP,2025-2026,datafc_sofascore,2026-08-09T07:38:54.779315
Spain,LaLiga,8,77559,Celta Vigo,2821,Ionuț Radu,815202,29.0,188.0,Romania,G,Right,1877472000.0,8700000.0,EUR,ESP,2025-2026,datafc_sofascore,2026-08-09T07:38:54.779315
Spain,LaLiga,8,77559,Celta Vigo,2821,Iván Villar,848980,29.0,183.0,Spain,G,Right,1814313600.0,960000.0,EUR,ESP,2025-2026,datafc_sofascore,2026-08-09T07:38:54.779315
Spain,LaLiga,8,77559,Celta Vigo,2821,Coke Carrillo,1114427,24.0,188.0,Spain,G,Right,1877472000.0,290000.0,EUR,ESP,2025-2026,datafc_sofascore,2026-08-09T07:38:54.779315
Spain,LaLiga,8,77559,Getafe,2859,Christantus Uche,1884145,23.0,190.0,Nigeria,F,Both,1845936000.0,13200000.0,EUR,ESP,2025-2026,datafc_sofascore,2026-08-09T07:38:54.779315
Spain,LaLiga,8,77559,Getafe,2859,Martín Satriano,973536,25.0,187.0,Uruguay,F,Right,1909008000.0,10600000.0,EUR,ESP,2025-2026,datafc_sofascore,2026-08-09T07:38:54.779315
Spain,LaLiga,8,77559,Getafe,2859,Borja Mayoral,604954,29.0,182.0,Spain,F,Right,1814313600.0,6300000.0,EUR,ESP,2025-2026,datafc_sofascore,2026-08-09T07:38:54.779315
Spain,LaLiga,8,77559,Getafe,2859,Juanmi,96369,33.0,169.0,Spain,F,Right,1814313600.0,910000.0,EUR,ESP,2025-2026,datafc_sofascore,2026-08-09T07:38:54.779315
Spain,LaLiga,8,77559,Getafe,2859,Yassin Tallal,1830852,21.0,173.0,Morocco,F,Right,1845936000.0,105000.0,EUR,ESP,2025-2026,datafc_sofascore,2026-08-09T07:38:54.779315
Spain,LaLiga,8,77559,Getafe,2859,Álex Sancris,1398518,29.0,181.0,Spain,F,Both,1845936000.0,1400000.0,EUR,ESP,2025-2026,datafc_sofascore,2026-08-09T07:38:54.779315
Spain,LaLiga,8,77559,Getafe,2859,Alejandro Lozano,1482553,21.0,,Spain,F,Left,1845936000.0,105000.0,EUR,ESP,2025-2026,datafc_sofascore,2026-08-09T07:38:54.779315
Spain,LaLiga,8,77559,Getafe,2859,Ebrahima Drammeh Jaiteh,2279635,19.0,,Gambia,F,,1909008000.0,,,ESP,2025-2026,datafc_sofascore,2026-08-09T07:38:54.779315
Spain,LaLiga,8,77559,Getafe,2859,Ibrahima Danfakha Keita,2268046,17.0,,,F,,,,,ESP,2025-2026,datafc_sofascore,2026-08-09T07:38:54.779315
Spain,LaLiga,8,77559,Getafe,2859,Marcos Pachon Sanchez,2574339,,,Spain,F,,,,,ESP,2025-2026,datafc_sofascore,2026-08-09T07:38:54.779315
Spain,LaLiga,8,77559,Getafe,2859,Alvaro Gutierrez Kittel,2677604,,,Spain,F,,,,,ESP,2025-2026,datafc_sofascore,2026-08-09T07:38:54.779315
Spain,LaLiga,8,77559,Getafe,2859,Marcos Pachón,2687048,18.0,,Spain,F,Right,,,,ESP,2025-2026,datafc_sofascore,2026-08-09T07:38:54.779315
Spain,LaLiga,8,77559,Getafe,2859,Mario Martín,1154549,22.0,177.0,Spain,M,Right,1909008000.0,10700000.0,EUR,ESP,2025-2026,datafc_sofascore,2026-08-09T07:38:54.779315
Spain,LaLiga,8,77559,Getafe,2859,Orel Mangala,793988,28.0,178.0,Belgium,M,Right,1814313600.0,8600000.0,EUR,ESP,2025-2026,datafc_sofascore,2026-08-09T07:38:54.779315
Spain,LaLiga,8,77559,Getafe,2859,Yvan Neyou,869931,29.0,180.0,Cameroon,M,Right,1845936000.0,1900000.0,EUR,ESP,2025-2026,datafc_sofascore,2026-08-09T07:38:54.779315
Spain,LaLiga,8,77559,Getafe,2859,Ramón Terrats,1088565,25.0,179.0,Spain,M,Left,1877472000.0,3200000.0,EUR,ESP,2025-2026,datafc_sofascore,2026-08-09T07:38:54.779315
Spain,LaLiga,8,77559,Getafe,2859,Javier Muñoz,353154,31.0,179.0,Spain,M,Right,1845936000.0,1100000.0,EUR,ESP,2025-2026,datafc_sofascore,2026-08-09T07:38:54.779315
Spain,LaLiga,8,77559,Getafe,2859,Alberto Risco,1841875,20.0,157.0,Spain,M,Right,1814313600.0,190000.0,EUR,ESP,2025-2026,datafc_sofascore,2026-08-09T07:38:54.779315
Spain,LaLiga,8,77559,Getafe,2859,Abdel Abqar,1101232,27.0,188.0,Morocco,D,Right,1845936000.0,3300000.0,EUR,ESP,2025-2026,datafc_sofascore,2026-08-09T07:38:54.779315
Spain,LaLiga,8,77559,Getafe,2859,Djené,307702,34.0,178.0,Togo,D,Both,1814313600.0,1500000.0,EUR,ESP,2025-2026,datafc_sofascore,2026-08-09T07:38:54.779315
Spain,LaLiga,8,77559,Getafe,2859,Saba Sazonov,1101751,24.0,194.0,Georgia,D,Right,1814313600.0,825000.0,EUR,ESP,2025-2026,datafc_sofascore,2026-08-09T07:38:54.779315
Spain,LaLiga,8,77559,Getafe,2859,Zaid Romero,1108450,26.0,192.0,Argentina,D,Left,1909008000.0,2400000.0,EUR,ESP,2025-2026,datafc_sofascore,2026-08-09T07:38:54.779315
Spain,LaLiga,8,77559,Getafe,2859,Sebastián Boselli,1392092,22.0,183.0,Uruguay,D,Right,1909008000.0,1500000.0,EUR,ESP,2025-2026,datafc_sofascore,2026-08-09T07:38:54.779315
Spain,LaLiga,8,77559,Getafe,2859,Andrés García,1457536,23.0,183.0,Spain,D,Right,1814313600.0,6500000.0,EUR,ESP,2025-2026,datafc_sofascore,2026-08-09T07:38:54.779315
Spain,LaLiga,8,77559,Getafe,2859,Ismael Bekhoucha,1895964,21.0,176.0,Morocco,D,Right,1845936000.0,290000.0,EUR,ESP,2025-2026,datafc_sofascore,2026-08-09T07:38:54.779315
Spain,LaLiga,8,77559,Getafe,2859,Davinchi,1918369,18.0,182.0,Spain,D,Left,1845936000.0,910000.0,EUR,ESP,2025-2026,datafc_sofascore,2026-08-09T07:38:54.779315
Spain,LaLiga,8,77559,Getafe,2859,Kiko Femenía,53739,35.0,176.0,Spain,D,Right,1814313600.0,740000.0,EUR,ESP,2025-2026,datafc_sofascore,2026-08-09T07:38:54.779315
Spain,LaLiga,8,77559,Getafe,2859,Jean Ives Valou,1924859,20.0,188.0,Côte d'Ivoire,D,Left,1814313600.0,550000.0,EUR,ESP,2025-2026,datafc_sofascore,2026-08-09T07:38:54.779315
Spain,LaLiga,8,77559,Getafe,2859,Juan Berrocal,851226,27.0,187.0,Spain,D,Both,1814313600.0,1500000.0,EUR,ESP,2025-2026,datafc_sofascore,2026-08-09T07:38:54.779315
Spain,LaLiga,8,77559,Getafe,2859,Jorge Montes,1895197,22.0,,Spain,D,,1814313600.0,45000.0,EUR,ESP,2025-2026,datafc_sofascore,2026-08-09T07:38:54.779315
Spain,LaLiga,8,77559,Getafe,2859,Curro Burgos,1977446,22.0,,Spain,D,,1814313600.0,135000.0,EUR,ESP,2025-2026,datafc_sofascore,2026-08-09T07:38:54.779315
Spain,LaLiga,8,77559,Getafe,2859,David Soria,604258,33.0,192.0,Spain,G,Right,1909008000.0,2700000.0,EUR,ESP,2025-2026,datafc_sofascore,2026-08-09T07:38:54.779315
Spain,LaLiga,8,77559,Getafe,2859,Jiří Letáček,826047,27.0,196.0,Czechia,G,Right,1845936000.0,1900000.0,EUR,ESP,2025-2026,datafc_sofascore,2026-08-09T07:38:54.779315
Spain,LaLiga,8,77559,Getafe,2859,Diego Ferrer,1893571,19.0,,Spain,G,,1814313600.0,105000.0,EUR,ESP,2025-2026,datafc_sofascore,2026-08-09T07:38:54.779315
Spain,LaLiga,8,77559,Rayo Vallecano,2818,Etienne Eto'o Pineda,1103233,23.0,189.0,Cameroon,F,Right,1814313600.0,280000.0,EUR,ESP,2025-2026,datafc_sofascore,2026-08-09T07:38:54.779315
Spain,LaLiga,8,77559,Rayo Vallecano,2818,Alemão,981604,28.0,182.0,Brazil,F,Right,1909008000.0,4400000.0,EUR,ESP,2025-2026,datafc_sofascore,2026-08-09T07:38:54.779315
Spain,LaLiga,8,77559,Rayo Vallecano,2818,Jorge de Frutos,900003,29.0,173.0,Spain,F,Right,1845936000.0,10900000.0,EUR,ESP,2025-2026,datafc_sofascore,2026-08-09T07:38:54.779315
Spain,LaLiga,8,77559,Rayo Vallecano,2818,Sergio Camello,910024,25.0,177.0,Spain,F,Right,1814313600.0,3300000.0,EUR,ESP,2025-2026,datafc_sofascore,2026-08-09T07:38:54.779315
Spain,LaLiga,8,77559,Rayo Vallecano,2818,Randy Nteka,932764,28.0,190.0,Angola,F,Left,1845936000.0,1000000.0,EUR,ESP,2025-2026,datafc_sofascore,2026-08-09T07:38:54.779315
Spain,LaLiga,8,77559,Rayo Vallecano,2818,Raúl de Tomás,138387,31.0,181.0,Spain,F,Right,1814313600.0,440000.0,EUR,ESP,2025-2026,datafc_sofascore,2026-08-09T07:38:54.779315
Spain,LaLiga,8,77559,Rayo Vallecano,2818,Ivan Alonso Martin,2399595,20.0,,Spain,F,,1814313600.0,24000.0,EUR,ESP,2025-2026,datafc_sofascore,2026-08-09T07:38:54.779315
Spain,LaLiga,8,77559,Rayo Vallecano,2818,Pathé Ismaël Ciss,913679,32.0,183.0,Senegal,M,Right,1814313600.0,1600000.0,EUR,ESP,2025-2026,datafc_sofascore,2026-08-09T07:38:54.779315
Spain,LaLiga,8,77559,Rayo Vallecano,2818,Isi Palazón,899982,31.0,169.0,Spain,M,Left,1845936000.0,3000000.0,EUR,ESP,2025-2026,datafc_sofascore,2026-08-09T07:38:54.779315
Spain,LaLiga,8,77559,Rayo Vallecano,2818,Álvaro García,345111,33.0,168.0,Spain,M,Both,1845936000.0,1500000.0,EUR,ESP,2025-2026,datafc_sofascore,2026-08-09T07:38:54.779315
Spain,LaLiga,8,77559,Rayo Vallecano,2818,Pedro Díaz,900669,28.0,180.0,Spain,M,Right,1845936000.0,2900000.0,EUR,ESP,2025-2026,datafc_sofascore,2026-08-09T07:38:54.779315
Spain,LaLiga,8,77559,Rayo Vallecano,2818,Unai López,588566,30.0,169.0,Spain,M,Right,1877472000.0,2600000.0,EUR,ESP,2025-2026,datafc_sofascore,2026-08-09T07:38:54.779315
Spain,LaLiga,8,77559,Rayo Vallecano,2818,Óscar Valentín,900008,31.0,177.0,Spain,M,Right,1814313600.0,1900000.0,EUR,ESP,2025-2026,datafc_sofascore,2026-08-09T07:38:54.779315
Spain,LaLiga,8,77559,Rayo Vallecano,2818,Fran Pérez,966637,23.0,176.0,Spain,M,Right,1877472000.0,2300000.0,EUR,ESP,2025-2026,datafc_sofascore,2026-08-09T07:38:54.779315
Spain,LaLiga,8,77559,Rayo Vallecano,2818,Samu Becerra,2198232,20.0,173.0,Spain,M,Right,1814313600.0,310000.0,EUR,ESP,2025-2026,datafc_sofascore,2026-08-09T07:38:54.779315
Spain,LaLiga,8,77559,Rayo Vallecano,2818,Marco Román,2406212,20.0,181.0,Spain,M,Right,1877472000.0,24000.0,EUR,ESP,2025-2026,datafc_sofascore,2026-08-09T07:38:54.779315
Spain,LaLiga,8,77559,Rayo Vallecano,2818,Andrei Rațiu,965031,28.0,183.0,Romania,D,Right,1909008000.0,16700000.0,EUR,ESP,2025-2026,datafc_sofascore,2026-08-09T07:38:54.779315
Spain,LaLiga,8,77559,Rayo Vallecano,2818,Nobel Mendy,1458073,21.0,187.0,Senegal,D,Left,1909008000.0,7700000.0,EUR,ESP,2025-2026,datafc_sofascore,2026-08-09T07:38:54.779315
Spain,LaLiga,8,77559,Rayo Vallecano,2818,Florian Lejeune,88528,35.0,190.0,France,D,Right,1845936000.0,1700000.0,EUR,ESP,2025-2026,datafc_sofascore,2026-08-09T07:38:54.779315
Spain,LaLiga,8,77559,Rayo Vallecano,2818,Pep Chavarría,1010421,28.0,174.0,Spain,D,Left,1909008000.0,9700000.0,EUR,ESP,2025-2026,datafc_sofascore,2026-08-09T07:38:54.779315
Spain,LaLiga,8,77559,Rayo Vallecano,2818,Luiz Felipe,850035,29.0,187.0,Italy,D,Right,1814313600.0,2100000.0,EUR,ESP,2025-2026,datafc_sofascore,2026-08-09T07:38:54.779315
Spain,LaLiga,8,77559,Rayo Vallecano,2818,Iván Balliu,152446,34.0,175.0,Albania,D,Right,1814313600.0,1100000.0,EUR,ESP,2025-2026,datafc_sofascore,2026-08-09T07:38:54.779315
Spain,LaLiga,8,77559,Rayo Vallecano,2818,Jozhua Vertrouwd,1120947,21.0,188.0,Netherlands,D,Left,,2100000.0,EUR,ESP,2025-2026,datafc_sofascore,2026-08-09T07:38:54.779315
Spain,LaLiga,8,77559,Rayo Vallecano,2818,Pelayo Fernández,1139724,23.0,193.0,Spain,D,Right,1845936000.0,520000.0,EUR,ESP,2025-2026,datafc_sofascore,2026-08-09T07:38:54.779315
Spain,LaLiga,8,77559,Rayo Vallecano,2818,Marco de las Sias,1893146,20.0,180.0,Spain,D,Right,1814313600.0,160000.0,EUR,ESP,2025-2026,datafc_sofascore,2026-08-09T07:38:54.779315
Spain,LaLiga,8,77559,Rayo Vallecano,2818,Sergio Lozano,2073672,20.0,,Spain,D,,1814313600.0,46000.0,EUR,ESP,2025-2026,datafc_sofascore,2026-08-09T07:38:54.779315
Spain,LaLiga,8,77559,Rayo Vallecano,2818,Augusto Batalla,358910,30.0,186.0,Argentina,G,Right,1909008000.0,5800000.0,EUR,ESP,2025-2026,datafc_sofascore,2026-08-09T07:38:54.779315
Spain,LaLiga,8,77559,Rayo Vallecano,2818,Dani Cárdenas,965832,29.0,185.0,Spain,G,Right,1814313600.0,1700000.0,EUR,ESP,2025-2026,datafc_sofascore,2026-08-09T07:38:54.779315
Spain,LaLiga,8,77559,Rayo Vallecano,2818,Adrián Molina,1893144,21.0,,Spain,G,Right,,,,ESP,2025-2026,datafc_sofascore,2026-08-09T07:38:54.779315
Spain,LaLiga,8,77559,Rayo Vallecano,2818,Ayman El Hahaoui Afassi,2279544,,,,,,,,,ESP,2025-2026,datafc_sofascore,2026-08-09T07:38:54.779315
Spain,LaLiga,8,77559,Valencia,2828,Arnaut Danjuma,827064,29.0,178.0,Netherlands,F,Right,1845936000.0,2800000.0,EUR,ESP,2025-2026,datafc_sofascore,2026-08-09T07:38:54.779315
Spain,LaLiga,8,77559,Valencia,2828,Umar Sadiq,754710,29.0,192.0,Nigeria,F,Right,1845936000.0,3900000.0,EUR,ESP,2025-2026,datafc_sofascore,2026-08-09T07:38:54.779315
Spain,LaLiga,8,77559,Valencia,2828,Hugo Duro,909119,26.0,180.0,Spain,F,Left,1845936000.0,11600000.0,EUR,ESP,2025-2026,datafc_sofascore,2026-08-09T07:38:54.779315
Spain,LaLiga,8,77559,Valencia,2828,Dani Raba,873947,30.0,184.0,Spain,F,Left,1814313600.0,1200000.0,EUR,ESP,2025-2026,datafc_sofascore,2026-08-09T07:38:54.779315
Spain,LaLiga,8,77559,Valencia,2828,David Otorbi,1580022,18.0,180.0,Spain,F,Right,1845936000.0,465000.0,EUR,ESP,2025-2026,datafc_sofascore,2026-08-09T07:38:54.779315
Spain,LaLiga,8,77559,Valencia,2828,Alberto Mari,990232,25.0,183.0,Spain,F,Right,1814313600.0,660000.0,EUR,ESP,2025-2026,datafc_sofascore,2026-08-09T07:38:54.779315
Spain,LaLiga,8,77559,Valencia,2828,Aimar Blazquez,1967732,20.0,194.0,Spain,F,Right,1814313600.0,92000.0,EUR,ESP,2025-2026,datafc_sofascore,2026-08-09T07:38:54.779315
Spain,LaLiga,8,77559,Valencia,2828,Aliou Dieng,933780,28.0,184.0,Mali,M,Right,1845936000.0,3100000.0,EUR,ESP,2025-2026,datafc_sofascore,2026-08-09T07:38:54.779315
Spain,LaLiga,8,77559,Valencia,2828,Guido Rodríguez,609752,32.0,185.0,Argentina,M,Right,1845936000.0,4200000.0,EUR,ESP,2025-2026,datafc_sofascore,2026-08-09T07:38:54.779315
Spain,LaLiga,8,77559,Valencia,2828,Javier Guerra,1122610,23.0,187.0,Spain,M,Right,1877472000.0,26000000.0,EUR,ESP,2025-2026,datafc_sofascore,2026-08-09T07:38:54.779315
Spain,LaLiga,8,77559,Valencia,2828,Pepelu,826948,27.0,185.0,Spain,M,Right,1845936000.0,7300000.0,EUR,ESP,2025-2026,datafc_sofascore,2026-08-09T07:38:54.779315
Spain,LaLiga,8,77559,Valencia,2828,Ryunosuke Sato,1476200,19.0,171.0,Japan,M,Right,1940544000.0,2100000.0,EUR,ESP,2025-2026,datafc_sofascore,2026-08-09T07:38:54.779315
Spain,LaLiga,8,77559,Valencia,2828,Diego López,998950,24.0,172.0,Spain,M,Right,1877472000.0,9600000.0,EUR,ESP,2025-2026,datafc_sofascore,2026-08-09T07:38:54.779315
Spain,LaLiga,8,77559,Valencia,2828,André Almeida,845693,26.0,176.0,Portugal,M,Right,1877472000.0,6200000.0,EUR,ESP,2025-2026,datafc_sofascore,2026-08-09T07:38:54.779315
Spain,LaLiga,8,77559,Valencia,2828,Luis Rioja,900433,32.0,173.0,Spain,M,Left,1814313600.0,1900000.0,EUR,ESP,2025-2026,datafc_sofascore,2026-08-09T07:38:54.779315
Spain,LaLiga,8,77559,Valencia,2828,Filip Ugrinić,857482,27.0,185.0,Switzerland,M,Right,1877472000.0,5700000.0,EUR,ESP,2025-2026,datafc_sofascore,2026-08-09T07:38:54.779315
Spain,LaLiga,8,77559,Valencia,2828,Sergi Canós,790833,29.0,173.0,Spain,M,Right,1814313600.0,630000.0,EUR,ESP,2025-2026,datafc_sofascore,2026-08-09T07:38:54.779315
Spain,LaLiga,8,77559,Valencia,2828,Jaume Durá,1926094,18.0,175.0,Spain,M,Right,1845936000.0,96000.0,EUR,ESP,2025-2026,datafc_sofascore,2026-08-09T07:38:54.779315
Spain,LaLiga,8,77559,Valencia,2828,Aaron Mayol,2468733,18.0,,Spain,M,,1877472000.0,47000.0,EUR,ESP,2025-2026,datafc_sofascore,2026-08-09T07:38:54.779315
Spain,LaLiga,8,77559,Valencia,2828,Mouctar Diakhaby,797306,29.0,192.0,Guinea,D,Right,1814313600.0,1500000.0,EUR,ESP,2025-2026,datafc_sofascore,2026-08-09T07:38:54.779315
Spain,LaLiga,8,77559,Valencia,2828,José Luis Gayà,227922,31.0,172.0,Spain,D,Left,1814313600.0,4300000.0,EUR,ESP,2025-2026,datafc_sofascore,2026-08-09T07:38:54.779315
Spain,LaLiga,8,77559,Valencia,2828,César Tárrega,996928,24.0,193.0,Spain,D,Right,1909008000.0,9300000.0,EUR,ESP,2025-2026,datafc_sofascore,2026-08-09T07:38:54.779315
Spain,LaLiga,8,77559,Valencia,2828,Dimitri Foulquier,151138,33.0,183.0,Guadeloupe,D,Right,1814313600.0,980000.0,EUR,ESP,2025-2026,datafc_sofascore,2026-08-09T07:38:54.779315
Spain,LaLiga,8,77559,Valencia,2828,Jesús Vázquez,996929,23.0,182.0,Spain,D,Left,1845936000.0,4200000.0,EUR,ESP,2025-2026,datafc_sofascore,2026-08-09T07:38:54.779315
Spain,LaLiga,8,77559,Valencia,2828,José Copete,913695,26.0,190.0,Spain,D,Left,1877472000.0,4500000.0,EUR,ESP,2025-2026,datafc_sofascore,2026-08-09T07:38:54.779315
Spain,LaLiga,8,77559,Valencia,2828,Justin De Haas,876255,26.0,192.0,Netherlands,D,Left,1909008000.0,7700000.0,EUR,ESP,2025-2026,datafc_sofascore,2026-08-09T07:38:54.779315
Spain,LaLiga,8,77559,Valencia,2828,Amos Wanjala,1881587,20.0,,Kenya,D,,1845936000.0,54000.0,EUR,ESP,2025-2026,datafc_sofascore,2026-08-09T07:38:54.779315
Spain,LaLiga,8,77559,Valencia,2828,Iker Cordoba,1563953,20.0,190.0,Spain,D,Left,1845936000.0,485000.0,EUR,ESP,2025-2026,datafc_sofascore,2026-08-09T07:38:54.779315
Spain,LaLiga,8,77559,Valencia,2828,Rodrigo Gamón,2109734,19.0,,Spain,D,,1814313600.0,190000.0,EUR,ESP,2025-2026,datafc_sofascore,2026-08-09T07:38:54.779315
Spain,LaLiga,8,77559,Valencia,2828,Stole Dimitrievski,97951,32.0,188.0,North Macedonia,G,Right,1845936000.0,2100000.0,EUR,ESP,2025-2026,datafc_sofascore,2026-08-09T07:38:54.779315
Spain,LaLiga,8,77559,Valencia,2828,Cristian Rivero,914744,28.0,188.0,Spain,G,Right,1814313600.0,94000.0,EUR,ESP,2025-2026,datafc_sofascore,2026-08-09T07:38:54.779315
Spain,LaLiga,8,77559,Valencia,2828,Vicent Abril,1464650,21.0,187.0,Spain,G,Right,1877472000.0,205000.0,EUR,ESP,2025-2026,datafc_sofascore,2026-08-09T07:38:54.779315
Spain,LaLiga,8,77559,Real Sociedad,2824,Mikel Oyarzabal,823622,29.0,181.0,Spain,F,Left,1845936000.0,27000000.0,EUR,ESP,2025-2026,datafc_sofascore,2026-08-09T07:38:54.779315
Spain,LaLiga,8,77559,Real Sociedad,2824,Orri Óskarsson,1026015,21.0,186.0,Iceland,F,Right,1909008000.0,21000000.0,EUR,ESP,2025-2026,datafc_sofascore,2026-08-09T07:38:54.779315
Spain,LaLiga,8,77559,Real Sociedad,2824,Jon Karrikaburu,1099175,23.0,183.0,Spain,F,Right,1814313600.0,1600000.0,EUR,ESP,2025-2026,datafc_sofascore,2026-08-09T07:38:54.779315
Spain,LaLiga,8,77559,Real Sociedad,2824,Takefusa Kubo,880218,25.0,174.0,Japan,M,Left,1877472000.0,21000000.0,EUR,ESP,2025-2026,datafc_sofascore,2026-08-09T07:38:54.779315
Spain,LaLiga,8,77559,Real Sociedad,2824,Luka Sučić,949156,23.0,185.0,Croatia,M,Left,1877472000.0,10900000.0,EUR,ESP,2025-2026,datafc_sofascore,2026-08-09T07:38:54.779315
Spain,LaLiga,8,77559,Real Sociedad,2824,Gonçalo Guedes,280979,29.0,179.0,Portugal,M,Right,1845936000.0,5700000.0,EUR,ESP,2025-2026,datafc_sofascore,2026-08-09T07:38:54.779315
Spain,LaLiga,8,77559,Real Sociedad,2824,Arsen Zakharyan,1066045,23.0,183.0,Russia,M,Right,1877472000.0,8700000.0,EUR,ESP,2025-2026,datafc_sofascore,2026-08-09T07:38:54.779315
Spain,LaLiga,8,77559,Real Sociedad,2824,Yangel Herrera,839585,28.0,184.0,Venezuela,M,Right,1909008000.0,5600000.0,EUR,ESP,2025-2026,datafc_sofascore,2026-08-09T07:38:54.779315
Spain,LaLiga,8,77559,Real Sociedad,2824,Carlos Soler,832427,29.0,180.0,Spain,M,Right,1877472000.0,6600000.0,EUR,ESP,2025-2026,datafc_sofascore,2026-08-09T07:38:54.779315
Spain,LaLiga,8,77559,Real Sociedad,2824,Ander Barrenetxea,966862,24.0,174.0,Spain,M,Right,1909008000.0,17200000.0,EUR,ESP,2025-2026,datafc_sofascore,2026-08-09T07:38:54.779315
Spain,LaLiga,8,77559,Real Sociedad,2824,Beñat Turrientes,980410,24.0,179.0,Spain,M,Right,1909008000.0,10600000.0,EUR,ESP,2025-2026,datafc_sofascore,2026-08-09T07:38:54.779315
Spain,LaLiga,8,77559,Real Sociedad,2824,Jon Gorrotxategi,1216309,24.0,177.0,Spain,M,Right,1909008000.0,27000000.0,EUR,ESP,2025-2026,datafc_sofascore,2026-08-09T07:38:54.779315
Spain,LaLiga,8,77559,Real Sociedad,2824,Pablo Marín,1139409,23.0,178.0,Spain,M,Right,1877472000.0,7400000.0,EUR,ESP,2025-2026,datafc_sofascore,2026-08-09T07:38:54.779315
Spain,LaLiga,8,77559,Real Sociedad,2824,Mikel Goti,1136702,24.0,185.0,Spain,M,Left,1845936000.0,955000.0,EUR,ESP,2025-2026,datafc_sofascore,2026-08-09T07:38:54.779315
Spain,LaLiga,8,77559,Real Sociedad,2824,Alex Marchal,1602590,18.0,181.0,Spain,M,Right,1877472000.0,2100000.0,EUR,ESP,2025-2026,datafc_sofascore,2026-08-09T07:38:54.779315
Spain,LaLiga,8,77559,Real Sociedad,2824,Jon Aramburu,1116388,24.0,176.0,Venezuela,D,Right,1909008000.0,13900000.0,EUR,ESP,2025-2026,datafc_sofascore,2026-08-09T07:38:54.779315
Spain,LaLiga,8,77559,Real Sociedad,2824,Sergio Gómez,855835,25.0,171.0,Spain,D,Left,1909008000.0,14600000.0,EUR,ESP,2025-2026,datafc_sofascore,2026-08-09T07:38:54.779315
Spain,LaLiga,8,77559,Real Sociedad,2824,Álvaro Odriozola,353250,30.0,175.0,Spain,D,Right,1877472000.0,825000.0,EUR,ESP,2025-2026,datafc_sofascore,2026-08-09T07:38:54.779315
Spain,LaLiga,8,77559,Real Sociedad,2824,Jon Martin,1466116,20.0,185.0,Spain,D,Right,1972166400.0,24000000.0,EUR,ESP,2025-2026,datafc_sofascore,2026-08-09T07:38:54.779315
Spain,LaLiga,8,77559,Real Sociedad,2824,Igor Zubeldia,838159,29.0,180.0,Spain,D,Right,1877472000.0,6300000.0,EUR,ESP,2025-2026,datafc_sofascore,2026-08-09T07:38:54.779315
Spain,LaLiga,8,77559,Real Sociedad,2824,Kazunari Kita,1476196,20.0,187.0,Japan,D,Left,1909008000.0,1800000.0,EUR,ESP,2025-2026,datafc_sofascore,2026-08-09T07:38:54.779315
Spain,LaLiga,8,77559,Real Sociedad,2824,Jon Pacheco,934383,25.0,184.0,Spain,D,Left,1909008000.0,5200000.0,EUR,ESP,2025-2026,datafc_sofascore,2026-08-09T07:38:54.779315
Spain,LaLiga,8,77559,Real Sociedad,2824,Aihen Muñoz,966441,28.0,175.0,Spain,D,Left,1814313600.0,2600000.0,EUR,ESP,2025-2026,datafc_sofascore,2026-08-09T07:38:54.779315
Spain,LaLiga,8,77559,Real Sociedad,2824,Javi López,945404,24.0,183.0,Spain,D,Left,1909008000.0,5400000.0,EUR,ESP,2025-2026,datafc_sofascore,2026-08-09T07:38:54.779315
Spain,LaLiga,8,77559,Real Sociedad,2824,Iñaki Rupérez,1657024,23.0,177.0,Spain,D,Right,1877472000.0,205000.0,EUR,ESP,2025-2026,datafc_sofascore,2026-08-09T07:38:54.779315
Spain,LaLiga,8,77559,Real Sociedad,2824,Álex Remiro,791773,31.0,191.0,Spain,G,Right,1814313600.0,9600000.0,EUR,ESP,2025-2026,datafc_sofascore,2026-08-09T07:38:54.779315
Spain,LaLiga,8,77559,Real Sociedad,2824,Unai Marrero,1094782,24.0,187.0,Spain,G,Right,1909008000.0,1100000.0,EUR,ESP,2025-2026,datafc_sofascore,2026-08-09T07:38:54.779315
Spain,LaLiga,8,77559,Espanyol,2814,Roberto Fernández,1392592,24.0,186.0,Spain,F,Right,1940544000.0,10300000.0,EUR,ESP,2025-2026,datafc_sofascore,2026-08-09T07:38:54.779315
Spain,LaLiga,8,77559,Espanyol,2814,Kike García,84972,36.0,186.0,Spain,F,Right,1814313600.0,725000.0,EUR,ESP,2025-2026,datafc_sofascore,2026-08-09T07:38:54.779315
Spain,LaLiga,8,77559,Espanyol,2814,Marcos Fernández,1183542,23.0,176.0,Spain,F,Right,1845936000.0,1500000.0,EUR,ESP,2025-2026,datafc_sofascore,2026-08-09T07:38:54.779315
Spain,LaLiga,8,77559,Espanyol,2814,Gabriel Moscardo,1485309,20.0,185.0,Brazil,M,Right,1814313600.0,7500000.0,EUR,ESP,2025-2026,datafc_sofascore,2026-08-09T07:38:54.779315
Spain,LaLiga,8,77559,Espanyol,2814,Javi Puado,891511,28.0,178.0,Spain,M,Right,1909008000.0,7000000.0,EUR,ESP,2025-2026,datafc_sofascore,2026-08-09T07:38:54.779315
Spain,LaLiga,8,77559,Espanyol,2814,Edu Expósito,877262,30.0,175.0,Spain,M,Right,1814313600.0,4500000.0,EUR,ESP,2025-2026,datafc_sofascore,2026-08-09T07:38:54.779315
Spain,LaLiga,8,77559,Espanyol,2814,Tyrhys Dolan,1063015,24.0,170.0,England,M,Right,1845936000.0,10800000.0,EUR,ESP,2025-2026,datafc_sofascore,2026-08-09T07:38:54.779315
Spain,LaLiga,8,77559,Espanyol,2814,Pere Milla,175185,33.0,179.0,Spain,M,Left,1814313600.0,965000.0,EUR,ESP,2025-2026,datafc_sofascore,2026-08-09T07:38:54.779315
Spain,LaLiga,8,77559,Espanyol,2814,Pol Lozano,826010,26.0,176.0,Spain,M,Right,1814313600.0,5800000.0,EUR,ESP,2025-2026,datafc_sofascore,2026-08-09T07:38:54.779315
Spain,LaLiga,8,77559,Espanyol,2814,Urko González,1064009,25.0,189.0,Spain,M,Right,1909008000.0,11600000.0,EUR,ESP,2025-2026,datafc_sofascore,2026-08-09T07:38:54.779315
Spain,LaLiga,8,77559,Espanyol,2814,Álex Calatrava,1136863,26.0,175.0,Spain,M,Left,1940544000.0,3900000.0,EUR,ESP,2025-2026,datafc_sofascore,2026-08-09T07:38:54.779315
Spain,LaLiga,8,77559,Espanyol,2814,Jofre Carreras,1019236,25.0,175.0,Spain,M,Right,1877472000.0,2800000.0,EUR,ESP,2025-2026,datafc_sofascore,2026-08-09T07:38:54.779315
Spain,LaLiga,8,77559,Espanyol,2814,Javier Hernández,1514913,22.0,175.0,Spain,M,Left,1845936000.0,1600000.0,EUR,ESP,2025-2026,datafc_sofascore,2026-08-09T07:38:54.779315
Spain,LaLiga,8,77559,Espanyol,2814,Rafael Bauzà,1841365,21.0,183.0,Spain,M,Right,1845936000.0,1100000.0,EUR,ESP,2025-2026,datafc_sofascore,2026-08-09T07:38:54.779315
Spain,LaLiga,8,77559,Espanyol,2814,Omar El Hilali,1064026,22.0,183.0,Morocco,D,Right,1814313600.0,15900000.0,EUR,ESP,2025-2026,datafc_sofascore,2026-08-09T07:38:54.779315
Spain,LaLiga,8,77559,Espanyol,2814,Quilindschy Hartman,1392044,24.0,183.0,Netherlands,D,Left,1814313600.0,15500000.0,EUR,ESP,2025-2026,datafc_sofascore,2026-08-09T07:38:54.779315
Spain,LaLiga,8,77559,Espanyol,2814,Leandro Cabrera,81992,35.0,190.0,Uruguay,D,Left,1814313600.0,930000.0,EUR,ESP,2025-2026,datafc_sofascore,2026-08-09T07:38:54.779315
Spain,LaLiga,8,77559,Espanyol,2814,Unai Núñez,892521,29.0,186.0,Spain,D,Right,1877472000.0,3300000.0,EUR,ESP,2025-2026,datafc_sofascore,2026-08-09T07:38:54.779315
Spain,LaLiga,8,77559,Espanyol,2814,Clemens Riedel,1129360,23.0,186.0,Germany,D,Right,1877472000.0,3900000.0,EUR,ESP,2025-2026,datafc_sofascore,2026-08-09T07:38:54.779315
Spain,LaLiga,8,77559,Espanyol,2814,Miguel Rubio,934351,28.0,191.0,Spain,D,Right,1845936000.0,1400000.0,EUR,ESP,2025-2026,datafc_sofascore,2026-08-09T07:38:54.779315
Spain,LaLiga,8,77559,Espanyol,2814,Rubén Sánchez,1021165,25.0,184.0,Spain,D,Right,1814313600.0,1700000.0,EUR,ESP,2025-2026,datafc_sofascore,2026-08-09T07:38:54.779315
Spain,LaLiga,8,77559,Espanyol,2814,Roger Hinojo,2065347,21.0,180.0,Spain,D,Left,1909008000.0,1000000.0,EUR,ESP,2025-2026,datafc_sofascore,2026-08-09T07:38:54.779315
Spain,LaLiga,8,77559,Espanyol,2814,Marko Dmitrović,94527,34.0,194.0,Serbia,G,Left,1845936000.0,650000.0,EUR,ESP,2025-2026,datafc_sofascore,2026-08-09T07:38:54.779315
Spain,LaLiga,8,77559,Espanyol,2814,Angel Fortuno,1082734,25.0,183.0,Spain,G,Right,1909008000.0,290000.0,EUR,ESP,2025-2026,datafc_sofascore,2026-08-09T07:38:54.779315
Spain,LaLiga,8,77559,Athletic Club,2825,Maroan Sannadi,1520799,25.0,192.0,Morocco,F,Right,1877472000.0,2800000.0,EUR,ESP,2025-2026,datafc_sofascore,2026-08-09T07:38:54.779315
Spain,LaLiga,8,77559,Athletic Club,2825,Gorka Guruzeta,605672,29.0,188.0,Spain,F,Right,1845936000.0,4600000.0,EUR,ESP,2025-2026,datafc_sofascore,2026-08-09T07:38:54.779315
Spain,LaLiga,8,77559,Athletic Club,2825,Álvaro Djaló,1160960,26.0,176.0,Guinea-Bissau,F,Right,1877472000.0,4300000.0,EUR,ESP,2025-2026,datafc_sofascore,2026-08-09T07:38:54.779315
Spain,LaLiga,8,77559,Athletic Club,2825,Nico Williams,1085400,24.0,180.0,Spain,M,Right,2066774400.0,44000000.0,EUR,ESP,2025-2026,datafc_sofascore,2026-08-09T07:38:54.779315
Spain,LaLiga,8,77559,Athletic Club,2825,Iñaki Williams,783374,32.0,186.0,Ghana,M,Right,1845936000.0,7300000.0,EUR,ESP,2025-2026,datafc_sofascore,2026-08-09T07:38:54.779315
Spain,LaLiga,8,77559,Athletic Club,2825,Oihan Sancet,966801,26.0,188.0,Spain,M,Right,1972166400.0,24000000.0,EUR,ESP,2025-2026,datafc_sofascore,2026-08-09T07:38:54.779315
Spain,LaLiga,8,77559,Athletic Club,2825,Álex Berenguer,592012,31.0,175.0,Spain,M,Right,1814313600.0,4099999.0,EUR,ESP,2025-2026,datafc_sofascore,2026-08-09T07:38:54.779315
Spain,LaLiga,8,77559,Athletic Club,2825,Mikel Jauregizar,1495844,22.0,177.0,Spain,M,Right,1940544000.0,31000000.0,EUR,ESP,2025-2026,datafc_sofascore,2026-08-09T07:38:54.779315
Spain,LaLiga,8,77559,Athletic Club,2825,Iñigo Ruiz de Galarreta,96365,33.0,174.0,Spain,M,Right,1814313600.0,1800000.0,EUR,ESP,2025-2026,datafc_sofascore,2026-08-09T07:38:54.779315
Spain,LaLiga,8,77559,Athletic Club,2825,Robert Navarro,944165,24.0,178.0,Spain,M,Right,1909008000.0,6500000.0,EUR,ESP,2025-2026,datafc_sofascore,2026-08-09T07:38:54.779315
Spain,LaLiga,8,77559,Athletic Club,2825,Alejandro Rego Mora,2110897,23.0,192.0,Spain,M,Right,1909008000.0,5500000.0,EUR,ESP,2025-2026,datafc_sofascore,2026-08-09T07:38:54.779315
Spain,LaLiga,8,77559,Athletic Club,2825,Beñat Prados,1012409,25.0,179.0,Spain,M,Right,1940544000.0,15500000.0,EUR,ESP,2025-2026,datafc_sofascore,2026-08-09T07:38:54.779315
Spain,LaLiga,8,77559,Athletic Club,2825,Peio Canales,1464648,21.0,175.0,Spain,M,Right,1814313600.0,9700000.0,EUR,ESP,2025-2026,datafc_sofascore,2026-08-09T07:38:54.779315
Spain,LaLiga,8,77559,Athletic Club,2825,Selton Sanchez,1953923,19.0,185.0,Spain,M,Right,1877472000.0,2900000.0,EUR,ESP,2025-2026,datafc_sofascore,2026-08-09T07:38:54.779315
Spain,LaLiga,8,77559,Athletic Club,2825,Nico Serrano,1019318,23.0,178.0,Spain,M,Left,1845936000.0,1600000.0,EUR,ESP,2025-2026,datafc_sofascore,2026-08-09T07:38:54.779315
Spain,LaLiga,8,77559,Athletic Club,2825,Unai Vencedor,966802,25.0,176.0,Spain,M,Right,1814313600.0,1500000.0,EUR,ESP,2025-2026,datafc_sofascore,2026-08-09T07:38:54.779315
Spain,LaLiga,8,77559,Athletic Club,2825,Beñat Gerenabarrena,1171619,23.0,173.0,Spain,M,Right,1814313600.0,1000000.0,EUR,ESP,2025-2026,datafc_sofascore,2026-08-09T07:38:54.779315
Spain,LaLiga,8,77559,Athletic Club,2825,Aymeric Laporte,149734,32.0,191.0,Spain,D,Left,1845936000.0,8400000.0,EUR,ESP,2025-2026,datafc_sofascore,2026-08-09T07:38:54.779315
Spain,LaLiga,8,77559,Athletic Club,2825,Dani Vivian,910978,27.0,183.0,Spain,D,Right,1972166400.0,18200000.0,EUR,ESP,2025-2026,datafc_sofascore,2026-08-09T07:38:54.779315
Spain,LaLiga,8,77559,Athletic Club,2825,Adama Boiro,1398511,24.0,182.0,Spain,D,Left,1877472000.0,2300000.0,EUR,ESP,2025-2026,datafc_sofascore,2026-08-09T07:38:54.779315
Spain,LaLiga,8,77559,Athletic Club,2825,Yuri Berchiche,84531,36.0,181.0,Spain,D,Left,1814313600.0,910000.0,EUR,ESP,2025-2026,datafc_sofascore,2026-08-09T07:38:54.779315
Spain,LaLiga,8,77559,Athletic Club,2825,Aitor Paredes,959872,26.0,186.0,Spain,D,Right,1877472000.0,7100000.0,EUR,ESP,2025-2026,datafc_sofascore,2026-08-09T07:38:54.779315
Spain,LaLiga,8,77559,Athletic Club,2825,Yeray Álvarez,807648,31.0,183.0,Spain,D,Right,1845936000.0,930000.0,EUR,ESP,2025-2026,datafc_sofascore,2026-08-09T07:38:54.779315
Spain,LaLiga,8,77559,Athletic Club,2825,Jesús Areso,910267,27.0,183.0,Spain,D,Right,1940544000.0,5500000.0,EUR,ESP,2025-2026,datafc_sofascore,2026-08-09T07:38:54.779315
Spain,LaLiga,8,77559,Athletic Club,2825,Andoni Gorosabel,866810,30.0,174.0,Spain,D,Right,1845936000.0,2900000.0,EUR,ESP,2025-2026,datafc_sofascore,2026-08-09T07:38:54.779315
Spain,LaLiga,8,77559,Athletic Club,2825,Hugo Rincón,1632454,23.0,183.0,Spain,D,Right,1845936000.0,3400000.0,EUR,ESP,2025-2026,datafc_sofascore,2026-08-09T07:38:54.779315
Spain,LaLiga,8,77559,Athletic Club,2825,Unai Eguíluz,1391374,24.0,186.0,Spain,D,Right,1845936000.0,410000.0,EUR,ESP,2025-2026,datafc_sofascore,2026-08-09T07:38:54.779315
Spain,LaLiga,8,77559,Athletic Club,2825,Unai Simón,797291,29.0,189.0,Spain,G,Right,1877472000.0,21000000.0,EUR,ESP,2025-2026,datafc_sofascore,2026-08-09T07:38:54.779315
Spain,LaLiga,8,77559,Athletic Club,2825,Alex Padilla,1155116,22.0,190.0,Mexico,G,Right,1877472000.0,3100000.0,EUR,ESP,2025-2026,datafc_sofascore,2026-08-09T07:38:54.779315
Spain,LaLiga,8,77559,Athletic Club,2825,Julen Agirrezabala,1014412,25.0,187.0,Spain,G,Left,1814313600.0,9800000.0,EUR,ESP,2025-2026,datafc_sofascore,2026-08-09T07:38:54.779315
Spain,LaLiga,8,77559,Sevilla,2833,Chidera Ejuke,875890,28.0,176.0,Nigeria,F,Right,1814313600.0,3700000.0,EUR,ESP,2025-2026,datafc_sofascore,2026-08-09T07:38:54.779315
Spain,LaLiga,8,77559,Sevilla,2833,Isaac Romero,1018190,26.0,184.0,Spain,F,Left,1845936000.0,5200000.0,EUR,ESP,2025-2026,datafc_sofascore,2026-08-09T07:38:54.779315
Spain,LaLiga,8,77559,Sevilla,2833,Alfon González,1468090,27.0,172.0,Spain,F,Right,1845936000.0,3300000.0,EUR,ESP,2025-2026,datafc_sofascore,2026-08-09T07:38:54.779315
Spain,LaLiga,8,77559,Sevilla,2833,Manuel Ángel Castillo,2445140,18.0,177.0,Spain,F,Right,1877472000.0,215000.0,EUR,ESP,2025-2026,datafc_sofascore,2026-08-09T07:38:54.779315
Spain,LaLiga,8,77559,Sevilla,2833,Jesús Acuña,1602608,20.0,172.0,Spain,F,Right,1845936000.0,27000.0,EUR,ESP,2025-2026,datafc_sofascore,2026-08-09T07:38:54.779315
Spain,LaLiga,8,77559,Sevilla,2833,Rubén Vargas,872919,28.0,179.0,Switzerland,M,Right,1877472000.0,13900000.0,EUR,ESP,2025-2026,datafc_sofascore,2026-08-09T07:38:54.779315
Spain,LaLiga,8,77559,Sevilla,2833,Lucien Agoumé,960006,24.0,185.0,France,M,Right,1845936000.0,15500000.0,EUR,ESP,2025-2026,datafc_sofascore,2026-08-09T07:38:54.779315
Spain,LaLiga,8,77559,Sevilla,2833,Peque Fernández,997033,23.0,168.0,Spain,M,Right,1845936000.0,3300000.0,EUR,ESP,2025-2026,datafc_sofascore,2026-08-09T07:38:54.779315
Spain,LaLiga,8,77559,Sevilla,2833,Joan Jordán,591750,32.0,184.0,Spain,M,Right,1814313600.0,970000.0,EUR,ESP,2025-2026,datafc_sofascore,2026-08-09T07:38:54.779315
Spain,LaLiga,8,77559,Sevilla,2833,Oso,1534422,23.0,183.0,Spain,M,Left,1814313600.0,10500000.0,EUR,ESP,2025-2026,datafc_sofascore,2026-08-09T07:38:54.779315
Spain,LaLiga,8,77559,Sevilla,2833,Jon Guridi,788141,31.0,179.0,Spain,M,Left,1845936000.0,1700000.0,EUR,ESP,2025-2026,datafc_sofascore,2026-08-09T07:38:54.779315
Spain,LaLiga,8,77559,Sevilla,2833,Manu Bueno,1142094,22.0,178.0,Spain,M,Left,1814313600.0,1500000.0,EUR,ESP,2025-2026,datafc_sofascore,2026-08-09T07:38:54.779315
Spain,LaLiga,8,77559,Sevilla,2833,Ibra Sow,1402929,19.0,184.0,Senegal,M,Right,1877472000.0,195000.0,EUR,ESP,2025-2026,datafc_sofascore,2026-08-09T07:38:54.779315
Spain,LaLiga,8,77559,Sevilla,2833,Nico Guillén,1892023,18.0,190.0,Spain,M,Left,1877472000.0,1100000.0,EUR,ESP,2025-2026,datafc_sofascore,2026-08-09T07:38:54.779315
Spain,LaLiga,8,77559,Sevilla,2833,Miguel Ángel Sierra Ortega,2509247,22.0,181.0,Spain,M,Left,1877472000.0,330000.0,EUR,ESP,2025-2026,datafc_sofascore,2026-08-09T07:38:54.779315
Spain,LaLiga,8,77559,Sevilla,2833,Gabriel Suazo,818986,29.0,178.0,Chile,D,Left,1845936000.0,6600000.0,EUR,ESP,2025-2026,datafc_sofascore,2026-08-09T07:38:54.779315
Spain,LaLiga,8,77559,Sevilla,2833,Marcão,840951,30.0,185.0,Brazil,D,Left,1845936000.0,2600000.0,EUR,ESP,2025-2026,datafc_sofascore,2026-08-09T07:38:54.779315
Spain,LaLiga,8,77559,Sevilla,2833,José Ángel Carmona,1015240,24.0,183.0,Spain,D,Right,1845936000.0,11100000.0,EUR,ESP,2025-2026,datafc_sofascore,2026-08-09T07:38:54.779315
Spain,LaLiga,8,77559,Sevilla,2833,Kike Salas,1097719,24.0,186.0,Spain,D,Left,1877472000.0,15400000.0,EUR,ESP,2025-2026,datafc_sofascore,2026-08-09T07:38:54.779315
Spain,LaLiga,8,77559,Sevilla,2833,Arouna Sangante,1035988,24.0,189.0,Senegal,D,Right,1940544000.0,7700000.0,EUR,ESP,2025-2026,datafc_sofascore,2026-08-09T07:38:54.779315
Spain,LaLiga,8,77559,Sevilla,2833,Adrià Pedrosa,928672,28.0,176.0,Spain,D,Left,1845936000.0,2700000.0,EUR,ESP,2025-2026,datafc_sofascore,2026-08-09T07:38:54.779315
Spain,LaLiga,8,77559,Sevilla,2833,Juan Iglesias,949707,28.0,185.0,Spain,D,Right,1909008000.0,4800000.0,EUR,ESP,2025-2026,datafc_sofascore,2026-08-09T07:38:54.779315
Spain,LaLiga,8,77559,Sevilla,2833,Federico Gattoni,941464,27.0,183.0,Argentina,D,Right,1814313600.0,720000.0,EUR,ESP,2025-2026,datafc_sofascore,2026-08-09T07:38:54.779315
Spain,LaLiga,8,77559,Sevilla,2833,Julio Díaz,1402990,21.0,174.0,Spain,D,Left,1940544000.0,1400000.0,EUR,ESP,2025-2026,datafc_sofascore,2026-08-09T07:38:54.779315
Spain,LaLiga,8,77559,Sevilla,2833,Fábio Cardoso,252815,32.0,187.0,Portugal,D,Right,1845936000.0,1400000.0,EUR,ESP,2025-2026,datafc_sofascore,2026-08-09T07:38:54.779315
Spain,LaLiga,8,77559,Sevilla,2833,Andres Castrin,1428699,23.0,188.0,Spain,D,Right,1814313600.0,6500000.0,EUR,ESP,2025-2026,datafc_sofascore,2026-08-09T07:38:54.779315
Spain,LaLiga,8,77559,Sevilla,2833,Iker Muñoz,1402720,22.0,186.0,Spain,D,Right,1814313600.0,195000.0,EUR,ESP,2025-2026,datafc_sofascore,2026-08-09T07:38:54.779315
Spain,LaLiga,8,77559,Sevilla,2833,Fran González,1493226,21.0,199.0,Spain,G,Right,1940544000.0,2700000.0,EUR,ESP,2025-2026,datafc_sofascore,2026-08-09T07:38:54.779315
Spain,LaLiga,8,77559,Sevilla,2833,Odysseas Vlachodimos,138149,32.0,191.0,Greece,G,Right,1814313600.0,3200000.0,EUR,ESP,2025-2026,datafc_sofascore,2026-08-09T07:38:54.779315
Spain,LaLiga,8,77559,Sevilla,2833,Rafa Romero,1089222,23.0,190.0,Spain,G,Left,1814313600.0,52000.0,EUR,ESP,2025-2026,datafc_sofascore,2026-08-09T07:38:54.779315
Spain,LaLiga,8,77559,Deportivo Alavés,2885,Mariano Díaz,175753,33.0,180.0,Dominican Republic,F,Right,1814313600.0,285000.0,EUR,ESP,2025-2026,datafc_sofascore,2026-08-09T07:38:54.779315
Spain,LaLiga,8,77559,Deportivo Alavés,2885,Toni Martínez,831253,29.0,180.0,Spain,F,Right,1845936000.0,7300000.0,EUR,ESP,2025-2026,datafc_sofascore,2026-08-09T07:38:54.779315
Spain,LaLiga,8,77559,Deportivo Alavés,2885,Lucas Boyé,814385,30.0,183.0,Argentina,F,Right,1877472000.0,5300000.0,EUR,ESP,2025-2026,datafc_sofascore,2026-08-09T07:38:54.779315
Spain,LaLiga,8,77559,Deportivo Alavés,2885,Aitor Mañas,1639543,23.0,185.0,Spain,F,Left,1909008000.0,570000.0,EUR,ESP,2025-2026,datafc_sofascore,2026-08-09T07:38:54.779315
Spain,LaLiga,8,77559,Deportivo Alavés,2885,Abderrahman Rebbach,1082968,27.0,176.0,Algeria,M,Right,1845936000.0,2400000.0,EUR,ESP,2025-2026,datafc_sofascore,2026-08-09T07:38:54.779315
Spain,LaLiga,8,77559,Deportivo Alavés,2885,Antonio Blanco,855832,26.0,176.0,Spain,M,Right,1814313600.0,9700000.0,EUR,ESP,2025-2026,datafc_sofascore,2026-08-09T07:38:54.779315
Spain,LaLiga,8,77559,Deportivo Alavés,2885,Carles Aleñá,794937,28.0,180.0,Spain,M,Left,1877472000.0,2800000.0,EUR,ESP,2025-2026,datafc_sofascore,2026-08-09T07:38:54.779315
Spain,LaLiga,8,77559,Deportivo Alavés,2885,Denis Suárez,138383,32.0,176.0,Spain,M,Right,1814313600.0,1100000.0,EUR,ESP,2025-2026,datafc_sofascore,2026-08-09T07:38:54.779315
Spain,LaLiga,8,77559,Deportivo Alavés,2885,Miguel Rodríguez,1014118,23.0,179.0,Spain,M,Left,1940544000.0,4099999.0,EUR,ESP,2025-2026,datafc_sofascore,2026-08-09T07:38:54.779315
Spain,LaLiga,8,77559,Deportivo Alavés,2885,Pablo Ibáñez,1084381,28.0,179.0,Spain,M,Right,1909008000.0,4099999.0,EUR,ESP,2025-2026,datafc_sofascore,2026-08-09T07:38:54.779315
Spain,LaLiga,8,77559,Deportivo Alavés,2885,Ander Guevara,891931,29.0,180.0,Spain,M,Right,1814313600.0,2700000.0,EUR,ESP,2025-2026,datafc_sofascore,2026-08-09T07:38:54.779315
Spain,LaLiga,8,77559,Deportivo Alavés,2885,Ángel Pérez,1513222,23.0,183.0,Spain,M,Left,1909008000.0,2800000.0,EUR,ESP,2025-2026,datafc_sofascore,2026-08-09T07:38:54.779315
Spain,LaLiga,8,77559,Deportivo Alavés,2885,Selu Diallo,1522234,22.0,187.0,Guinea,M,Right,1845936000.0,365000.0,EUR,ESP,2025-2026,datafc_sofascore,2026-08-09T07:38:54.779315
Spain,LaLiga,8,77559,Deportivo Alavés,2885,Mikel Rodriguez,788142,24.0,175.0,Spain,M,Right,1940544000.0,720000.0,EUR,ESP,2025-2026,datafc_sofascore,2026-08-09T07:38:54.779315
Spain,LaLiga,8,77559,Deportivo Alavés,2885,Tomás Mendes,1119693,21.0,179.0,Guinea-Bissau,M,Right,1814313600.0,520000.0,EUR,ESP,2025-2026,datafc_sofascore,2026-08-09T07:38:54.779315
Spain,LaLiga,8,77559,Deportivo Alavés,2885,Youssef Enriquez,1403364,20.0,170.0,Morocco,D,Right,1877472000.0,4300000.0,EUR,ESP,2025-2026,datafc_sofascore,2026-08-09T07:38:54.779315
Spain,LaLiga,8,77559,Deportivo Alavés,2885,Facundo Garcés,879875,26.0,191.0,Argentina,D,Right,1845936000.0,1300000.0,EUR,ESP,2025-2026,datafc_sofascore,2026-08-09T07:38:54.779315
Spain,LaLiga,8,77559,Deportivo Alavés,2885,Nicolás Valentini,1116570,25.0,184.0,Argentina,D,Left,1877472000.0,3100000.0,EUR,ESP,2025-2026,datafc_sofascore,2026-08-09T07:38:54.779315
Spain,LaLiga,8,77559,Deportivo Alavés,2885,Nahuel Tenaglia,896073,30.0,182.0,Argentina,D,Right,1877472000.0,3200000.0,EUR,ESP,2025-2026,datafc_sofascore,2026-08-09T07:38:54.779315
Spain,LaLiga,8,77559,Deportivo Alavés,2885,Moussa Diarra,985262,25.0,183.0,Mali,D,Left,1845936000.0,1800000.0,EUR,ESP,2025-2026,datafc_sofascore,2026-08-09T07:38:54.779315
Spain,LaLiga,8,77559,Deportivo Alavés,2885,Jonny Otto,235648,32.0,175.0,Spain,D,Both,1814313600.0,2100000.0,EUR,ESP,2025-2026,datafc_sofascore,2026-08-09T07:38:54.779315
Spain,LaLiga,8,77559,Deportivo Alavés,2885,Carlos Benavídez,873717,28.0,185.0,Uruguay,D,Right,1845936000.0,960000.0,EUR,ESP,2025-2026,datafc_sofascore,2026-08-09T07:38:54.779315
Spain,LaLiga,8,77559,Deportivo Alavés,2885,Ville Koski,999178,24.0,185.0,Finland,D,Right,1940544000.0,1600000.0,EUR,ESP,2025-2026,datafc_sofascore,2026-08-09T07:38:54.779315
Spain,LaLiga,8,77559,Deportivo Alavés,2885,Hugo Novoa,1001967,23.0,182.0,Spain,D,Right,1877472000.0,725000.0,EUR,ESP,2025-2026,datafc_sofascore,2026-08-09T07:38:54.779315
Spain,LaLiga,8,77559,Deportivo Alavés,2885,Nikola Maraš,101156,30.0,189.0,Serbia,D,Right,1814313600.0,620000.0,EUR,ESP,2025-2026,datafc_sofascore,2026-08-09T07:38:54.779315
Spain,LaLiga,8,77559,Deportivo Alavés,2885,Xanet Olaiz,1606695,21.0,183.0,Spain,D,Left,1845936000.0,210000.0,EUR,ESP,2025-2026,datafc_sofascore,2026-08-09T07:38:54.779315
Spain,LaLiga,8,77559,Deportivo Alavés,2885,Antonio Sivera,369004,29.0,184.0,Spain,G,Right,1814313600.0,5600000.0,EUR,ESP,2025-2026,datafc_sofascore,2026-08-09T07:38:54.779315
Spain,LaLiga,8,77559,Deportivo Alavés,2885,Jesús Owono,990659,25.0,183.0,Equatorial Guinea,G,Both,1877472000.0,935000.0,EUR,ESP,2025-2026,datafc_sofascore,2026-08-09T07:38:54.779315
Spain,LaLiga,8,77559,Deportivo Alavés,2885,Adrián Rodríguez,965822,25.0,195.0,Argentina,G,Right,1814313600.0,185000.0,EUR,ESP,2025-2026,datafc_sofascore,2026-08-09T07:38:54.779315
Spain,LaLiga,8,77559,Elche,2846,Adam Boayar,1518971,20.0,180.0,Morocco,F,Right,1814313600.0,825000.0,EUR,ESP,2025-2026,datafc_sofascore,2026-08-09T07:38:54.779315
Spain,LaLiga,8,77559,Elche,2846,Tete Morente,605374,29.0,180.0,Spain,F,Right,1845936000.0,1600000.0,EUR,ESP,2025-2026,datafc_sofascore,2026-08-09T07:38:54.779315
Spain,LaLiga,8,77559,Elche,2846,Fernando Niño,1016019,25.0,190.0,Spain,F,Right,1909008000.0,1800000.0,EUR,ESP,2025-2026,datafc_sofascore,2026-08-09T07:38:54.779315
Spain,LaLiga,8,77559,Elche,2846,Abiel Osorio,1190083,24.0,182.0,Argentina,F,Right,1877472000.0,1400000.0,EUR,ESP,2025-2026,datafc_sofascore,2026-08-09T07:38:54.779315
Spain,LaLiga,8,77559,Elche,2846,Facundo Buonanotte,1117025,21.0,174.0,Argentina,M,Left,1814313600.0,10900000.0,EUR,ESP,2025-2026,datafc_sofascore,2026-08-09T07:38:54.779315
Spain,LaLiga,8,77559,Elche,2846,Lucas Cepeda,1126447,23.0,177.0,Chile,M,Left,1909008000.0,2600000.0,EUR,ESP,2025-2026,datafc_sofascore,2026-08-09T07:38:54.779315
Spain,LaLiga,8,77559,Elche,2846,Federico Redondo,1117026,23.0,188.0,Argentina,M,Right,1909008000.0,2400000.0,EUR,ESP,2025-2026,datafc_sofascore,2026-08-09T07:38:54.779315
Spain,LaLiga,8,77559,Elche,2846,Grady Diangana,848512,28.0,180.0,DR Congo,M,Left,1814313600.0,2100000.0,EUR,ESP,2025-2026,datafc_sofascore,2026-08-09T07:38:54.779315
Spain,LaLiga,8,77559,Elche,2846,Gonzalo Villar,914765,28.0,181.0,Spain,M,Right,1877472000.0,1700000.0,EUR,ESP,2025-2026,datafc_sofascore,2026-08-09T07:38:54.779315
Spain,LaLiga,8,77559,Elche,2846,Germán Valera,962710,24.0,170.0,Spain,M,Left,1814313600.0,6200000.0,EUR,ESP,2025-2026,datafc_sofascore,2026-08-09T07:38:54.779315
Spain,LaLiga,8,77559,Elche,2846,Ali Houary,1516812,21.0,178.0,Morocco,M,Right,1845936000.0,310000.0,EUR,ESP,2025-2026,datafc_sofascore,2026-08-09T07:38:54.779315
Spain,LaLiga,8,77559,Elche,2846,Martim Neto,1100646,23.0,185.0,Portugal,M,Right,1845936000.0,3800000.0,EUR,ESP,2025-2026,datafc_sofascore,2026-08-09T07:38:54.779315
Spain,LaLiga,8,77559,Elche,2846,Marc Aguado,1014595,26.0,178.0,Spain,M,Right,1814313600.0,3700000.0,EUR,ESP,2025-2026,datafc_sofascore,2026-08-09T07:38:54.779315
Spain,LaLiga,8,77559,Elche,2846,Yago Santiago,1092515,23.0,177.0,Spain,M,Right,1814313600.0,1100000.0,EUR,ESP,2025-2026,datafc_sofascore,2026-08-09T07:38:54.779315
Spain,LaLiga,8,77559,Elche,2846,Javi Morcillo,1832076,20.0,183.0,Spain,M,Right,1845936000.0,515000.0,EUR,ESP,2025-2026,datafc_sofascore,2026-08-09T07:38:54.779315
Spain,LaLiga,8,77559,Elche,2846,Josan,808955,36.0,175.0,Spain,M,Right,1814313600.0,105000.0,EUR,ESP,2025-2026,datafc_sofascore,2026-08-09T07:38:54.779315
Spain,LaLiga,8,77559,Elche,2846,Rafael Núñez,1001831,24.0,178.0,Dominican Republic,M,Right,1814313600.0,215000.0,EUR,ESP,2025-2026,datafc_sofascore,2026-08-09T07:38:54.779315
Spain,LaLiga,8,77559,Elche,2846,David Affengruber,988672,25.0,185.0,Austria,D,Right,1814313600.0,18100000.0,EUR,ESP,2025-2026,datafc_sofascore,2026-08-09T07:38:54.779315
Spain,LaLiga,8,77559,Elche,2846,Buba Sangaré,1542721,19.0,184.0,Spain,D,Right,1940544000.0,4400000.0,EUR,ESP,2025-2026,datafc_sofascore,2026-08-09T07:38:54.779315
Spain,LaLiga,8,77559,Elche,2846,Víctor Chust,855831,26.0,182.0,Spain,D,Right,1877472000.0,3700000.0,EUR,ESP,2025-2026,datafc_sofascore,2026-08-09T07:38:54.779315
Spain,LaLiga,8,77559,Elche,2846,Pedro Bigas,141832,36.0,180.0,Spain,D,Left,1814313600.0,310000.0,EUR,ESP,2025-2026,datafc_sofascore,2026-08-09T07:38:54.779315
Spain,LaLiga,8,77559,Elche,2846,Matia Barzić,1542493,22.0,190.0,Croatia,D,Right,1845936000.0,910000.0,EUR,ESP,2025-2026,datafc_sofascore,2026-08-09T07:38:54.779315
Spain,LaLiga,8,77559,Elche,2846,John Donald,1094758,25.0,185.0,Spain,D,Right,1845936000.0,1000000.0,EUR,ESP,2025-2026,datafc_sofascore,2026-08-09T07:38:54.779315
Spain,LaLiga,8,77559,Elche,2846,Bambo Diaby,849731,28.0,186.0,Senegal,D,Right,1814313600.0,850000.0,EUR,ESP,2025-2026,datafc_sofascore,2026-08-09T07:38:54.779315
Spain,LaLiga,8,77559,Elche,2846,Matías Dituro,556884,39.0,191.0,Argentina,G,Right,1814313600.0,105000.0,EUR,ESP,2025-2026,datafc_sofascore,2026-08-09T07:38:54.779315
Spain,LaLiga,8,77559,Elche,2846,Alejandro Iturbe,1019324,22.0,186.0,Spain,G,Right,1877472000.0,1300000.0,EUR,ESP,2025-2026,datafc_sofascore,2026-08-09T07:38:54.779315
Spain,LaLiga,8,77559,Levante UD,2849,Etta Eyong,1393673,22.0,181.0,Cameroon,F,Right,1877472000.0,15600000.0,EUR,ESP,2025-2026,datafc_sofascore,2026-08-09T07:38:54.779315
Spain,LaLiga,8,77559,Levante UD,2849,Iván Romero,1014042,25.0,172.0,Spain,F,Right,1845936000.0,7400000.0,EUR,ESP,2025-2026,datafc_sofascore,2026-08-09T07:38:54.779315
Spain,LaLiga,8,77559,Levante UD,2849,Tai Abed,1160250,22.0,177.0,Israel,F,Left,1877472000.0,955000.0,EUR,ESP,2025-2026,datafc_sofascore,2026-08-09T07:38:54.779315
Spain,LaLiga,8,77559,Levante UD,2849,Yanis Musuayi,1931573,19.0,190.0,Belgium,F,Right,1909008000.0,645000.0,EUR,ESP,2025-2026,datafc_sofascore,2026-08-09T07:38:54.779315
Spain,LaLiga,8,77559,Levante UD,2849,Paco Cortés,1869106,18.0,178.0,Spain,F,Right,1845936000.0,1400000.0,EUR,ESP,2025-2026,datafc_sofascore,2026-08-09T07:38:54.779315
Spain,LaLiga,8,77559,Levante UD,2849,Kervin Arriaga,1083832,28.0,191.0,Honduras,M,Right,1845936000.0,2100000.0,EUR,ESP,2025-2026,datafc_sofascore,2026-08-09T07:38:54.779315
Spain,LaLiga,8,77559,Levante UD,2849,Carlos Álvarez,1010656,23.0,168.0,Spain,M,Left,1814313600.0,15500000.0,EUR,ESP,2025-2026,datafc_sofascore,2026-08-09T07:38:54.779315
Spain,LaLiga,8,77559,Levante UD,2849,Oriol Rey,859769,28.0,175.0,Spain,M,Left,1814313600.0,1700000.0,EUR,ESP,2025-2026,datafc_sofascore,2026-08-09T07:38:54.779315
Spain,LaLiga,8,77559,Levante UD,2849,Hugo Sotelo,1120669,22.0,180.0,Spain,M,Right,1814313600.0,4800000.0,EUR,ESP,2025-2026,datafc_sofascore,2026-08-09T07:38:54.779315
Spain,LaLiga,8,77559,Levante UD,2849,Enzo Bardeli,996974,25.0,172.0,France,M,Right,1877472000.0,5800000.0,EUR,ESP,2025-2026,datafc_sofascore,2026-08-09T07:38:54.779315
Spain,LaLiga,8,77559,Levante UD,2849,Kareem Tunde,1649919,20.0,177.0,Spain,M,Left,1877472000.0,2100000.0,EUR,ESP,2025-2026,datafc_sofascore,2026-08-09T07:38:54.779315
Spain,LaLiga,8,77559,Levante UD,2849,Jon Ander Olasagasti,1010383,25.0,176.0,Spain,M,Left,1845936000.0,2700000.0,EUR,ESP,2025-2026,datafc_sofascore,2026-08-09T07:38:54.779315
Spain,LaLiga,8,77559,Levante UD,2849,Víctor García,952222,29.0,177.0,Spain,M,Right,1814313600.0,1500000.0,EUR,ESP,2025-2026,datafc_sofascore,2026-08-09T07:38:54.779315
Spain,LaLiga,8,77559,Levante UD,2849,Roger Brugué,909554,29.0,173.0,Spain,M,Left,1845936000.0,1900000.0,EUR,ESP,2025-2026,datafc_sofascore,2026-08-09T07:38:54.779315
Spain,LaLiga,8,77559,Levante UD,2849,Daniel Requena,1521658,22.0,186.0,Spain,M,Right,1814313600.0,1000000.0,EUR,ESP,2025-2026,datafc_sofascore,2026-08-09T07:38:54.779315
Spain,LaLiga,8,77559,Levante UD,2849,Aïssa Mandi,122810,34.0,186.0,Algeria,D,Right,1845936000.0,1100000.0,EUR,ESP,2025-2026,datafc_sofascore,2026-08-09T07:38:54.779315
Spain,LaLiga,8,77559,Levante UD,2849,Manuel Sánchez,984789,25.0,179.0,Spain,D,Left,1814313600.0,6400000.0,EUR,ESP,2025-2026,datafc_sofascore,2026-08-09T07:38:54.779315
Spain,LaLiga,8,77559,Levante UD,2849,Adrián de la Fuente,997244,27.0,178.0,Spain,D,Right,1814313600.0,4099999.0,EUR,ESP,2025-2026,datafc_sofascore,2026-08-09T07:38:54.779315
Spain,LaLiga,8,77559,Levante UD,2849,Jeremy Toljan,149606,32.0,182.0,Germany,D,Right,1814313600.0,1900000.0,EUR,ESP,2025-2026,datafc_sofascore,2026-08-09T07:38:54.779315
Spain,LaLiga,8,77559,Levante UD,2849,Jorge Cabello,1807070,22.0,180.0,Spain,D,Left,1845936000.0,930000.0,EUR,ESP,2025-2026,datafc_sofascore,2026-08-09T07:38:54.779315
Spain,LaLiga,8,77559,Levante UD,2849,Nacho Pérez,2049311,17.0,175.0,Spain,D,Right,1845936000.0,310000.0,EUR,ESP,2025-2026,datafc_sofascore,2026-08-09T07:38:54.779315
Spain,LaLiga,8,77559,Levante UD,2849,Xavi Grande,1464651,21.0,175.0,Spain,D,Right,1845936000.0,850000.0,EUR,ESP,2025-2026,datafc_sofascore,2026-08-09T07:38:54.779315
Spain,LaLiga,8,77559,Levante UD,2849,Marc Santos,2342523,,,Spain,D,Left,1877472000.0,,,ESP,2025-2026,datafc_sofascore,2026-08-09T07:38:54.779315
Spain,LaLiga,8,77559,Levante UD,2849,Mathew Ryan,134029,34.0,184.0,Australia,G,Right,1814313600.0,1700000.0,EUR,ESP,2025-2026,datafc_sofascore,2026-08-09T07:38:54.779315
Spain,LaLiga,8,77559,Levante UD,2849,Pablo Cunat Campos,2660173,24.0,188.0,Spain,G,Left,1814313600.0,1600000.0,EUR,ESP,2025-2026,datafc_sofascore,2026-08-09T07:38:54.779315
Spain,LaLiga,8,77559,Levante UD,2849,Daní Martin,1525807,20.0,187.0,Spain,G,Right,1845936000.0,325000.0,EUR,ESP,2025-2026,datafc_sofascore,2026-08-09T07:38:54.779315
Spain,LaLiga,8,77559,Levante UD,2849,Alejandro Primo,1215079,22.0,185.0,Spain,G,Right,1845936000.0,110000.0,EUR,ESP,2025-2026,datafc_sofascore,2026-08-09T07:38:54.779315
Spain,LaLiga,8,77559,Osasuna,2820,Ante Budimir,37318,35.0,190.0,Croatia,F,Left,1814313600.0,2600000.0,EUR,ESP,2025-2026,datafc_sofascore,2026-08-09T07:38:54.779315
Spain,LaLiga,8,77559,Osasuna,2820,Raúl García de Haro,997280,25.0,192.0,Spain,F,Right,1940544000.0,3100000.0,EUR,ESP,2025-2026,datafc_sofascore,2026-08-09T07:38:54.779315
Spain,LaLiga,8,77559,Osasuna,2820,Kike Barja,591132,29.0,178.0,Spain,F,Right,1845936000.0,1500000.0,EUR,ESP,2025-2026,datafc_sofascore,2026-08-09T07:38:54.779315
Spain,LaLiga,8,77559,Osasuna,2820,Iker Benito,1086346,23.0,176.0,Spain,F,Right,1814313600.0,1500000.0,EUR,ESP,2025-2026,datafc_sofascore,2026-08-09T07:38:54.779315
Spain,LaLiga,8,77559,Osasuna,2820,Asier Bonel,1917868,18.0,180.0,Spain,F,Right,1877472000.0,290000.0,EUR,ESP,2025-2026,datafc_sofascore,2026-08-09T07:38:54.779315
Spain,LaLiga,8,77559,Osasuna,2820,Raúl Moro,980383,23.0,169.0,Spain,M,Right,1940544000.0,3300000.0,EUR,ESP,2025-2026,datafc_sofascore,2026-08-09T07:38:54.779315
Spain,LaLiga,8,77559,Osasuna,2820,Aimar Oroz,985329,24.0,177.0,Spain,M,Right,1877472000.0,6900000.0,EUR,ESP,2025-2026,datafc_sofascore,2026-08-09T07:38:54.779315
Spain,LaLiga,8,77559,Osasuna,2820,Rubén García,260031,33.0,171.0,Spain,M,Left,1814313600.0,1700000.0,EUR,ESP,2025-2026,datafc_sofascore,2026-08-09T07:38:54.779315
Spain,LaLiga,8,77559,Osasuna,2820,Jon Moncayola,976141,28.0,182.0,Spain,M,Right,1940544000.0,7300000.0,EUR,ESP,2025-2026,datafc_sofascore,2026-08-09T07:38:54.779315
Spain,LaLiga,8,77559,Osasuna,2820,Lucas Torró,187313,32.0,190.0,Spain,M,Right,1814313600.0,2700000.0,EUR,ESP,2025-2026,datafc_sofascore,2026-08-09T07:38:54.779315
Spain,LaLiga,8,77559,Osasuna,2820,Moi Gómez,149370,32.0,174.0,Spain,M,Right,1814313600.0,1600000.0,EUR,ESP,2025-2026,datafc_sofascore,2026-08-09T07:38:54.779315
Spain,LaLiga,8,77559,Osasuna,2820,Jonathan Dubasin,1094517,26.0,180.0,Spain,M,Right,1909008000.0,4300000.0,EUR,ESP,2025-2026,datafc_sofascore,2026-08-09T07:38:54.779315
Spain,LaLiga,8,77559,Osasuna,2820,Iker Muñoz,1119586,23.0,179.0,Spain,M,Right,1909008000.0,1800000.0,EUR,ESP,2025-2026,datafc_sofascore,2026-08-09T07:38:54.779315
Spain,LaLiga,8,77559,Osasuna,2820,Anai Morales,1916249,20.0,,Spain,M,,1877472000.0,390000.0,EUR,ESP,2025-2026,datafc_sofascore,2026-08-09T07:38:54.779315
Spain,LaLiga,8,77559,Osasuna,2820,Mauro Echegoyen,1512107,21.0,177.0,Spain,M,,1845936000.0,215000.0,EUR,ESP,2025-2026,datafc_sofascore,2026-08-09T07:38:54.779315
Spain,LaLiga,8,77559,Osasuna,2820,Enzo Boyomo,1067582,24.0,181.0,Cameroon,D,Right,1877472000.0,14600000.0,EUR,ESP,2025-2026,datafc_sofascore,2026-08-09T07:38:54.779315
Spain,LaLiga,8,77559,Osasuna,2820,Alejandro Catena,900792,31.0,194.0,Spain,D,Right,1845936000.0,2700000.0,EUR,ESP,2025-2026,datafc_sofascore,2026-08-09T07:38:54.779315
Spain,LaLiga,8,77559,Osasuna,2820,Valentin Rosier,842419,29.0,175.0,France,D,Right,1845936000.0,3100000.0,EUR,ESP,2025-2026,datafc_sofascore,2026-08-09T07:38:54.779315
Spain,LaLiga,8,77559,Osasuna,2820,Abel Bretones,1010165,25.0,188.0,Spain,D,Left,1877472000.0,3400000.0,EUR,ESP,2025-2026,datafc_sofascore,2026-08-09T07:38:54.779315
Spain,LaLiga,8,77559,Osasuna,2820,Jorge Herrando,944225,25.0,192.0,Spain,D,Left,1909008000.0,3200000.0,EUR,ESP,2025-2026,datafc_sofascore,2026-08-09T07:38:54.779315
Spain,LaLiga,8,77559,Osasuna,2820,Asier Osambela,1399702,21.0,186.0,Spain,D,Right,1877472000.0,1000000.0,EUR,ESP,2025-2026,datafc_sofascore,2026-08-09T07:38:54.779315
Spain,LaLiga,8,77559,Osasuna,2820,Iñigo Arguibide,1495856,21.0,178.0,Spain,D,Right,1814313600.0,850000.0,EUR,ESP,2025-2026,datafc_sofascore,2026-08-09T07:38:54.779315
Spain,LaLiga,8,77559,Osasuna,2820,Kepa Sarango,2428013,19.0,190.0,Spain,D,Right,1877472000.0,49000.0,EUR,ESP,2025-2026,datafc_sofascore,2026-08-09T07:38:54.779315
Spain,LaLiga,8,77559,Osasuna,2820,Unai Santos,1917864,20.0,180.0,Spain,D,Right,1845936000.0,105000.0,EUR,ESP,2025-2026,datafc_sofascore,2026-08-09T07:38:54.779315
Spain,LaLiga,8,77559,Osasuna,2820,Sergio Herrera,294377,33.0,192.0,Spain,G,Right,1845936000.0,2600000.0,EUR,ESP,2025-2026,datafc_sofascore,2026-08-09T07:38:54.779315
Spain,LaLiga,8,77559,Osasuna,2820,Aitor Fernández,99516,35.0,182.0,Spain,G,Right,1814313600.0,465000.0,EUR,ESP,2025-2026,datafc_sofascore,2026-08-09T07:38:54.779315
Spain,LaLiga,8,77559,Osasuna,2820,Rafa Fernandez,2030379,22.0,187.0,Spain,G,Left,1814313600.0,105000.0,EUR,ESP,2025-2026,datafc_sofascore,2026-08-09T07:38:54.779315
Spain,LaLiga,8,77559,Mallorca,2826,Zito Luvumbo,1000150,24.0,171.0,Angola,F,Left,1814313600.0,3100000.0,EUR,ESP,2025-2026,datafc_sofascore,2026-08-09T07:38:54.779315
Spain,LaLiga,8,77559,Mallorca,2826,Abdón Prats,146852,33.0,181.0,Spain,F,Left,1845936000.0,860000.0,EUR,ESP,2025-2026,datafc_sofascore,2026-08-09T07:38:54.779315
Spain,LaLiga,8,77559,Mallorca,2826,Marc Domenech,1914318,20.0,182.0,Spain,F,Left,1877472000.0,1100000.0,EUR,ESP,2025-2026,datafc_sofascore,2026-08-09T07:38:54.779315
Spain,LaLiga,8,77559,Mallorca,2826,Adrian Fuentes,941238,30.0,188.0,Spain,F,Right,1909008000.0,965000.0,EUR,ESP,2025-2026,datafc_sofascore,2026-08-09T07:38:54.779315
Spain,LaLiga,8,77559,Mallorca,2826,Aimar Peñalver,1442147,22.0,,Spain,F,,1814313600.0,52000.0,EUR,ESP,2025-2026,datafc_sofascore,2026-08-09T07:38:54.779315
Spain,LaLiga,8,77559,Mallorca,2826,Pablo Torre,1082981,23.0,173.0,Spain,M,Right,1877472000.0,4900000.0,EUR,ESP,2025-2026,datafc_sofascore,2026-08-09T07:38:54.779315
Spain,LaLiga,8,77559,Mallorca,2826,Samú Costa,988351,25.0,183.0,Portugal,M,Left,1845936000.0,14600000.0,EUR,ESP,2025-2026,datafc_sofascore,2026-08-09T07:38:54.779315
Spain,LaLiga,8,77559,Mallorca,2826,Sergi Darder,110783,32.0,180.0,Spain,M,Right,1845936000.0,2800000.0,EUR,ESP,2025-2026,datafc_sofascore,2026-08-09T07:38:54.779315
Spain,LaLiga,8,77559,Mallorca,2826,Manu Morlanes,826004,27.0,178.0,Spain,M,Right,1845936000.0,2200000.0,EUR,ESP,2025-2026,datafc_sofascore,2026-08-09T07:38:54.779315
Spain,LaLiga,8,77559,Mallorca,2826,Daniel Luna,1018516,23.0,178.0,Colombia,M,Left,1845936000.0,570000.0,EUR,ESP,2025-2026,datafc_sofascore,2026-08-09T07:38:54.779315
Spain,LaLiga,8,77559,Mallorca,2826,Justin-Noel Kalumba,1484974,21.0,182.0,France,M,Right,1877472000.0,775000.0,EUR,ESP,2025-2026,datafc_sofascore,2026-08-09T07:38:54.779315
Spain,LaLiga,8,77559,Mallorca,2826,Antonio Sánchez,949722,29.0,179.0,Spain,M,Right,1814313600.0,,,ESP,2025-2026,datafc_sofascore,2026-08-09T07:38:54.779315
Spain,LaLiga,8,77559,Mallorca,2826,Alex Sala,1157382,25.0,185.0,Spain,M,Right,1814313600.0,1000000.0,EUR,ESP,2025-2026,datafc_sofascore,2026-08-09T07:38:54.779315
Spain,LaLiga,8,77559,Mallorca,2826,Antoniu Roca,1099344,23.0,180.0,Spain,M,Right,1814313600.0,1600000.0,EUR,ESP,2025-2026,datafc_sofascore,2026-08-09T07:38:54.779315
Spain,LaLiga,8,77559,Mallorca,2826,Arnau Puigmal,910023,25.0,173.0,Spain,M,Right,1877472000.0,1400000.0,EUR,ESP,2025-2026,datafc_sofascore,2026-08-09T07:38:54.779315
Spain,LaLiga,8,77559,Mallorca,2826,Jan Salas,1905699,20.0,182.0,Spain,M,Right,1877472000.0,485000.0,EUR,ESP,2025-2026,datafc_sofascore,2026-08-09T07:38:54.779315
Spain,LaLiga,8,77559,Mallorca,2826,Jandro García,2415824,20.0,188.0,Spain,M,,1845936000.0,24000.0,EUR,ESP,2025-2026,datafc_sofascore,2026-08-09T07:38:54.779315
Spain,LaLiga,8,77559,Mallorca,2826,Johan Mojica,344847,33.0,185.0,Colombia,D,Left,1814313600.0,1400000.0,EUR,ESP,2025-2026,datafc_sofascore,2026-08-09T07:38:54.779315
Spain,LaLiga,8,77559,Mallorca,2826,Martin Valjent,300522,30.0,187.0,Slovakia,D,Right,1877472000.0,3200000.0,EUR,ESP,2025-2026,datafc_sofascore,2026-08-09T07:38:54.779315
Spain,LaLiga,8,77559,Mallorca,2826,Antonio Raíllo,807116,34.0,186.0,Spain,D,Right,1814313600.0,1100000.0,EUR,ESP,2025-2026,datafc_sofascore,2026-08-09T07:38:54.779315
Spain,LaLiga,8,77559,Mallorca,2826,Mateu Morey,879543,26.0,171.0,Spain,D,Right,1814313600.0,1400000.0,EUR,ESP,2025-2026,datafc_sofascore,2026-08-09T07:38:54.779315
Spain,LaLiga,8,77559,Mallorca,2826,Toni Lato,828239,28.0,173.0,Spain,D,Left,1814313600.0,1300000.0,EUR,ESP,2025-2026,datafc_sofascore,2026-08-09T07:38:54.779315
Spain,LaLiga,8,77559,Mallorca,2826,Aboubaka Soumahoro,1605225,21.0,184.0,France,D,Right,1814313600.0,1300000.0,EUR,ESP,2025-2026,datafc_sofascore,2026-08-09T07:38:54.779315
Spain,LaLiga,8,77559,Mallorca,2826,David López,1513896,23.0,195.0,Spain,D,Right,1814313600.0,1300000.0,EUR,ESP,2025-2026,datafc_sofascore,2026-08-09T07:38:54.779315
Spain,LaLiga,8,77559,Mallorca,2826,Luis Orejuela,2269442,19.0,181.0,Spain,D,,1877472000.0,,,ESP,2025-2026,datafc_sofascore,2026-08-09T07:38:54.779315
Spain,LaLiga,8,77559,Mallorca,2826,Miguel Calatayud,2588613,20.0,181.0,Spain,D,Right,1814313600.0,,,ESP,2025-2026,datafc_sofascore,2026-08-09T07:38:54.779315
Spain,LaLiga,8,77559,Mallorca,2826,Arnau Tenas,908714,25.0,185.0,Spain,G,Right,1814313600.0,4400000.0,EUR,ESP,2025-2026,datafc_sofascore,2026-08-09T07:38:54.779315
Spain,LaLiga,8,77559,Mallorca,2826,Lucas Bergström,996903,23.0,206.0,Finland,G,Right,1814313600.0,1500000.0,EUR,ESP,2025-2026,datafc_sofascore,2026-08-09T07:38:54.779315
Spain,LaLiga,8,77559,Mallorca,2826,Iván Cuéllar,19013,42.0,187.0,Spain,G,Left,1814313600.0,110000.0,EUR,ESP,2025-2026,datafc_sofascore,2026-08-09T07:38:54.779315
Spain,LaLiga,8,77559,Mallorca,2826,Nil Torreguitart,1010465,24.0,188.0,Spain,G,Right,1814313600.0,155000.0,EUR,ESP,2025-2026,datafc_sofascore,2026-08-09T07:38:54.779315
Spain,LaLiga,8,77559,Girona FC,24264,Vladyslav Vanat,976374,24.0,181.0,Ukraine,F,Left,1909008000.0,13900000.0,EUR,ESP,2025-2026,datafc_sofascore,2026-08-09T07:38:54.779315
Spain,LaLiga,8,77559,Girona FC,24264,Cristhian Stuani,32048,39.0,184.0,Uruguay,F,Right,1814313600.0,650000.0,EUR,ESP,2025-2026,datafc_sofascore,2026-08-09T07:38:54.779315
Spain,LaLiga,8,77559,Girona FC,24264,Abel Ruíz,826013,26.0,182.0,Spain,F,Right,1877472000.0,1900000.0,EUR,ESP,2025-2026,datafc_sofascore,2026-08-09T07:38:54.779315
Spain,LaLiga,8,77559,Girona FC,24264,Portu,218616,34.0,167.0,Spain,F,Right,1814313600.0,1300000.0,EUR,ESP,2025-2026,datafc_sofascore,2026-08-09T07:38:54.779315
Spain,LaLiga,8,77559,Girona FC,24264,Min-su Kim,1892528,20.0,177.0,South Korea,F,Right,1814313600.0,5300000.0,EUR,ESP,2025-2026,datafc_sofascore,2026-08-09T07:38:54.779315
Spain,LaLiga,8,77559,Girona FC,24264,Dawda Camara,1151851,23.0,190.0,Mauritania,F,Both,1814313600.0,1100000.0,EUR,ESP,2025-2026,datafc_sofascore,2026-08-09T07:38:54.779315
Spain,LaLiga,8,77559,Girona FC,24264,Oleksandr Pyshchur,1563593,21.0,204.0,Ukraine,F,Right,1940544000.0,360000.0,EUR,ESP,2025-2026,datafc_sofascore,2026-08-09T07:38:54.779315
Spain,LaLiga,8,77559,Girona FC,24264,Jastin García,1518119,22.0,180.0,Portugal,F,Right,1814313600.0,455000.0,EUR,ESP,2025-2026,datafc_sofascore,2026-08-09T07:38:54.779315
Spain,LaLiga,8,77559,Girona FC,24264,Papa Ba,2112915,22.0,180.0,Senegal,F,Left,1814313600.0,195000.0,EUR,ESP,2025-2026,datafc_sofascore,2026-08-09T07:38:54.779315
Spain,LaLiga,8,77559,Girona FC,24264,Javi González,2370192,20.0,,Spain,F,,1845936000.0,145000.0,EUR,ESP,2025-2026,datafc_sofascore,2026-08-09T07:38:54.779315
Spain,LaLiga,8,77559,Girona FC,24264,Azzedine Ounahi,991421,26.0,182.0,Morocco,M,Right,1909008000.0,18500000.0,EUR,ESP,2025-2026,datafc_sofascore,2026-08-09T07:38:54.779315
Spain,LaLiga,8,77559,Girona FC,24264,Yáser Asprilla,1092769,22.0,176.0,Colombia,M,Left,1909008000.0,15000000.0,EUR,ESP,2025-2026,datafc_sofascore,2026-08-09T07:38:54.779315
Spain,LaLiga,8,77559,Girona FC,24264,Donny van de Beek,361790,29.0,183.0,Netherlands,M,Right,1845936000.0,1900000.0,EUR,ESP,2025-2026,datafc_sofascore,2026-08-09T07:38:54.779315
Spain,LaLiga,8,77559,Girona FC,24264,Viktor Tsygankov,319735,28.0,178.0,Ukraine,M,Left,1814313600.0,15700000.0,EUR,ESP,2025-2026,datafc_sofascore,2026-08-09T07:38:54.779315
Spain,LaLiga,8,77559,Girona FC,24264,Bryan Gil,910026,25.0,176.0,Spain,M,Left,1909008000.0,8199999.0,EUR,ESP,2025-2026,datafc_sofascore,2026-08-09T07:38:54.779315
Spain,LaLiga,8,77559,Girona FC,24264,Lass Kourouma,1860172,22.0,180.0,Guinea,M,Right,1845936000.0,520000.0,EUR,ESP,2025-2026,datafc_sofascore,2026-08-09T07:38:54.779315
Spain,LaLiga,8,77559,Girona FC,24264,Iván Martín,973699,27.0,178.0,Spain,M,Left,1845936000.0,4600000.0,EUR,ESP,2025-2026,datafc_sofascore,2026-08-09T07:38:54.779315
Spain,LaLiga,8,77559,Girona FC,24264,Fran Beltrán,835484,27.0,170.0,Spain,M,Right,1909008000.0,4200000.0,EUR,ESP,2025-2026,datafc_sofascore,2026-08-09T07:38:54.779315
Spain,LaLiga,8,77559,Girona FC,24264,Gabriel Misehouy,1142566,21.0,173.0,Netherlands,M,Right,1845936000.0,875000.0,EUR,ESP,2025-2026,datafc_sofascore,2026-08-09T07:38:54.779315
Spain,LaLiga,8,77559,Girona FC,24264,Izan González,2235122,21.0,170.0,Spain,M,Right,1877472000.0,1000000.0,EUR,ESP,2025-2026,datafc_sofascore,2026-08-09T07:38:54.779315
Spain,LaLiga,8,77559,Girona FC,24264,Iván Morante,910021,25.0,180.0,Spain,M,Left,1877472000.0,970000.0,EUR,ESP,2025-2026,datafc_sofascore,2026-08-09T07:38:54.779315
Spain,LaLiga,8,77559,Girona FC,24264,Ricard Artero,1134432,23.0,181.0,Spain,M,Right,1814313600.0,210000.0,EUR,ESP,2025-2026,datafc_sofascore,2026-08-09T07:38:54.779315
Spain,LaLiga,8,77559,Girona FC,24264,Holmes Júnior Zamorano Muñoz,2607829,17.0,185.0,Spain,M,,,,,ESP,2025-2026,datafc_sofascore,2026-08-09T07:38:54.779315
Spain,LaLiga,8,77559,Girona FC,24264,Arnau Martínez,1084081,23.0,181.0,Spain,D,Right,1814313600.0,10800000.0,EUR,ESP,2025-2026,datafc_sofascore,2026-08-09T07:38:54.779315
Spain,LaLiga,8,77559,Girona FC,24264,Antal Yaakobishvili,1471513,22.0,193.0,Hungary,D,Both,1845936000.0,185000.0,EUR,ESP,2025-2026,datafc_sofascore,2026-08-09T07:38:54.779315
Spain,LaLiga,8,77559,Girona FC,24264,Álex Moreno,294593,33.0,179.0,Spain,D,Left,1814313600.0,3100000.0,EUR,ESP,2025-2026,datafc_sofascore,2026-08-09T07:38:54.779315
Spain,LaLiga,8,77559,Girona FC,24264,Alejandro Francés,1002347,24.0,180.0,Spain,D,Right,1877472000.0,2800000.0,EUR,ESP,2025-2026,datafc_sofascore,2026-08-09T07:38:54.779315
Spain,LaLiga,8,77559,Girona FC,24264,David López,135116,36.0,185.0,Spain,D,Right,1814313600.0,545000.0,EUR,ESP,2025-2026,datafc_sofascore,2026-08-09T07:38:54.779315
Spain,LaLiga,8,77559,Girona FC,24264,Gilbert Jordana,2200317,19.0,,Spain,D,,1877472000.0,105000.0,EUR,ESP,2025-2026,datafc_sofascore,2026-08-09T07:38:54.779315
Spain,LaLiga,8,77559,Girona FC,24264,Antonio Salguero,1916259,21.0,187.0,Spain,D,,1845936000.0,92000.0,EUR,ESP,2025-2026,datafc_sofascore,2026-08-09T07:38:54.779315
Spain,LaLiga,8,77559,Girona FC,24264,Guillem Badia,1937862,19.0,180.0,Spain,D,Left,1877472000.0,24000.0,EUR,ESP,2025-2026,datafc_sofascore,2026-08-09T07:38:54.779315
Spain,LaLiga,8,77559,Girona FC,24264,Paulo Gazzaniga,164343,34.0,196.0,Argentina,G,Right,1814313600.0,1900000.0,EUR,ESP,2025-2026,datafc_sofascore,2026-08-09T07:38:54.779315
Spain,LaLiga,8,77559,Girona FC,24264,Vladyslav Krapyvtsov,1521733,21.0,188.0,Ukraine,G,Right,1877472000.0,330000.0,EUR,ESP,2025-2026,datafc_sofascore,2026-08-09T07:38:54.779315
Spain,LaLiga,8,77559,Girona FC,24264,Sergi Puig,859768,27.0,183.0,Spain,G,Right,1814313600.0,53000.0,EUR,ESP,2025-2026,datafc_sofascore,2026-08-09T07:38:54.779315
Spain,LaLiga,8,77559,Real Oviedo,2851,Chris Ramos,914819,29.0,193.0,Spain,F,Both,1814313600.0,2400000.0,EUR,ESP,2025-2026,datafc_sofascore,2026-08-09T07:38:54.779315
Spain,LaLiga,8,77559,Real Oviedo,2851,Estanis Pedrola,1142256,22.0,185.0,Spain,F,Right,1909008000.0,1100000.0,EUR,ESP,2025-2026,datafc_sofascore,2026-08-09T07:38:54.779315
Spain,LaLiga,8,77559,Real Oviedo,2851,Joaquin Delgado,1384639,24.0,187.0,Spain,F,Right,1845936000.0,470000.0,EUR,ESP,2025-2026,datafc_sofascore,2026-08-09T07:38:54.779315
Spain,LaLiga,8,77559,Real Oviedo,2851,Carlos Fernández,782396,30.0,186.0,Spain,F,Left,1845936000.0,1300000.0,EUR,ESP,2025-2026,datafc_sofascore,2026-08-09T07:38:54.779315
Spain,LaLiga,8,77559,Real Oviedo,2851,Daniel Paraschiv,1092984,27.0,185.0,Romania,F,Right,1814313600.0,775000.0,EUR,ESP,2025-2026,datafc_sofascore,2026-08-09T07:38:54.779315
Spain,LaLiga,8,77559,Real Oviedo,2851,Jacobo González,1031543,29.0,176.0,Spain,F,Right,1845936000.0,1300000.0,EUR,ESP,2025-2026,datafc_sofascore,2026-08-09T07:38:54.779315
Spain,LaLiga,8,77559,Real Oviedo,2851,Alexandru Ișfan,1003297,26.0,188.0,Romania,F,Left,1845936000.0,680000.0,EUR,ESP,2025-2026,datafc_sofascore,2026-08-09T07:38:54.779315
Spain,LaLiga,8,77559,Real Oviedo,2851,Víctor Mingo,2039192,23.0,188.0,Spain,F,Right,1845936000.0,310000.0,EUR,ESP,2025-2026,datafc_sofascore,2026-08-09T07:38:54.779315
Spain,LaLiga,8,77559,Real Oviedo,2851,Pablo Sáenz,1175743,25.0,175.0,Spain,F,Left,1845936000.0,970000.0,EUR,ESP,2025-2026,datafc_sofascore,2026-08-09T07:38:54.779315
Spain,LaLiga,8,77559,Real Oviedo,2851,Haissem Hassan,942836,24.0,178.0,Egypt,M,Left,1814313600.0,8199999.0,EUR,ESP,2025-2026,datafc_sofascore,2026-08-09T07:38:54.779315
Spain,LaLiga,8,77559,Real Oviedo,2851,Ilyas Chaira,1008037,25.0,179.0,Morocco,M,Right,1845936000.0,3800000.0,EUR,ESP,2025-2026,datafc_sofascore,2026-08-09T07:38:54.779315
Spain,LaLiga,8,77559,Real Oviedo,2851,Luka Ilić,885664,27.0,182.0,Serbia,M,Left,1845936000.0,1500000.0,EUR,ESP,2025-2026,datafc_sofascore,2026-08-09T07:38:54.779315
Spain,LaLiga,8,77559,Real Oviedo,2851,Alberto Reina,882475,28.0,179.0,Spain,M,Right,1814313600.0,1800000.0,EUR,ESP,2025-2026,datafc_sofascore,2026-08-09T07:38:54.779315
Spain,LaLiga,8,77559,Real Oviedo,2851,Brandon Domingues,1035697,26.0,172.0,France,M,Right,1845936000.0,460000.0,EUR,ESP,2025-2026,datafc_sofascore,2026-08-09T07:38:54.779315
Spain,LaLiga,8,77559,Real Oviedo,2851,Youness Lachhab,966384,27.0,192.0,Morocco,M,Left,1845936000.0,765000.0,EUR,ESP,2025-2026,datafc_sofascore,2026-08-09T07:38:54.779315
Spain,LaLiga,8,77559,Real Oviedo,2851,Aritz Aldasoro,1010420,27.0,176.0,Spain,M,Right,1814313600.0,1400000.0,EUR,ESP,2025-2026,datafc_sofascore,2026-08-09T07:38:54.779315
Spain,LaLiga,8,77559,Real Oviedo,2851,Álex Cardero,1085265,22.0,174.0,Spain,M,Right,1845936000.0,390000.0,EUR,ESP,2025-2026,datafc_sofascore,2026-08-09T07:38:54.779315
Spain,LaLiga,8,77559,Real Oviedo,2851,Pablo Agudín,1587199,18.0,178.0,Spain,M,Right,1877472000.0,915000.0,EUR,ESP,2025-2026,datafc_sofascore,2026-08-09T07:38:54.779315
Spain,LaLiga,8,77559,Real Oviedo,2851,Daniel Villahermosa,1012440,25.0,172.0,Spain,M,Right,1877472000.0,1600000.0,EUR,ESP,2025-2026,datafc_sofascore,2026-08-09T07:38:54.779315
Spain,LaLiga,8,77559,Real Oviedo,2851,Diego Menendez,1632666,21.0,190.0,Spain,M,Right,1814313600.0,160000.0,EUR,ESP,2025-2026,datafc_sofascore,2026-08-09T07:38:54.779315
Spain,LaLiga,8,77559,Real Oviedo,2851,Nacho Vidal,844752,31.0,180.0,Spain,D,Right,1814313600.0,1300000.0,EUR,ESP,2025-2026,datafc_sofascore,2026-08-09T07:38:54.779315
Spain,LaLiga,8,77559,Real Oviedo,2851,David Costas,345333,31.0,183.0,Spain,D,Right,1845936000.0,1300000.0,EUR,ESP,2025-2026,datafc_sofascore,2026-08-09T07:38:54.779315
Spain,LaLiga,8,77559,Real Oviedo,2851,Dani Calvo,560756,32.0,190.0,Spain,D,Right,1814313600.0,850000.0,EUR,ESP,2025-2026,datafc_sofascore,2026-08-09T07:38:54.779315
Spain,LaLiga,8,77559,Real Oviedo,2851,Juan Cruz,814360,34.0,180.0,Spain,D,Left,1845936000.0,1000000.0,EUR,ESP,2025-2026,datafc_sofascore,2026-08-09T07:38:54.779315
Spain,LaLiga,8,77559,Real Oviedo,2851,Aisar Ahmed,1398515,25.0,172.0,Spain,D,Right,1845936000.0,760000.0,EUR,ESP,2025-2026,datafc_sofascore,2026-08-09T07:38:54.779315
Spain,LaLiga,8,77559,Real Oviedo,2851,Marco Esteban,1548439,20.0,183.0,Spain,D,Right,1845936000.0,515000.0,EUR,ESP,2025-2026,datafc_sofascore,2026-08-09T07:38:54.779315
Spain,LaLiga,8,77559,Real Oviedo,2851,Chukwuma Eze,1990578,22.0,185.0,Nigeria,D,Right,1845936000.0,49000.0,EUR,ESP,2025-2026,datafc_sofascore,2026-08-09T07:38:54.779315
Spain,LaLiga,8,77559,Real Oviedo,2851,Samu Rodríguez,1916268,21.0,186.0,Spain,D,Left,1877472000.0,260000.0,EUR,ESP,2025-2026,datafc_sofascore,2026-08-09T07:38:54.779315
Spain,LaLiga,8,77559,Real Oviedo,2851,Aarón Escandell,368922,30.0,188.0,Spain,G,Right,1877472000.0,2900000.0,EUR,ESP,2025-2026,datafc_sofascore,2026-08-09T07:38:54.779315
Spain,LaLiga,8,77559,Real Oviedo,2851,Miguel Narvaez,1103088,24.0,188.0,Spain,G,Right,1814313600.0,195000.0,EUR,ESP,2025-2026,datafc_sofascore,2026-08-09T07:38:54.779315
