tournament_id,season_id,player_name,player_id,team_name,team_id,goals,assists,rating,expectedGoals,expectedAssists,totalShots,shotsOnTarget,keyPasses,successfulDribbles,tackles,yellowCards,redCards,minutesPlayed,appearances,_metric_order,_league_id,_season,_source,_scraped_at
35,77333,Matheo Raab,842718,1. FC Union Berlin,2547,0,0,9.7,,0.0,0,0,0,0,0,0,0,90,1,rating,GER,2025-2026,datafc_sofascore,2026-08-09T01:15:33.051884
35,77333,Sander Tangvik,1030355,Hamburger SV,2676,0,0,8.8,,0.0,0,0,0,0,0,0,0,90,1,rating,GER,2025-2026,datafc_sofascore,2026-08-09T01:15:33.051884
35,77333,Michael Olise,978838,FC Bayern München,2672,15,19,7.87,11.46,17.23,101,50,81,65,24,8,0,2317,32,rating,GER,2025-2026,datafc_sofascore,2026-08-09T01:15:33.051884
35,77333,Harry Kane,108579,FC Bayern München,2672,36,5,7.84,26.87,4.27,119,67,40,32,19,1,0,2382,31,rating,GER,2025-2026,datafc_sofascore,2026-08-09T01:15:33.051884
35,77333,Frank Feller,1083359,1. FC Heidenheim,5885,0,0,7.77,,0.01,0,0,0,0,1,0,0,270,3,rating,GER,2025-2026,datafc_sofascore,2026-08-09T01:15:33.051884
35,77333,Yan Diomande,2087085,RB Leipzig,36360,12,8,7.72,7.14,10.12,53,26,56,118,29,2,0,2476,33,rating,GER,2025-2026,datafc_sofascore,2026-08-09T01:15:33.051884
35,77333,Joshua Kimmich,259117,FC Bayern München,2672,2,8,7.71,2.65,10.24,28,10,58,11,32,4,0,2280,29,rating,GER,2025-2026,datafc_sofascore,2026-08-09T01:15:33.051884
35,77333,Nico Schlotterbeck,940871,Borussia Dortmund,2673,5,1,7.67,3.72,2.69,32,9,12,15,50,8,0,2520,28,rating,GER,2025-2026,datafc_sofascore,2026-08-09T01:15:33.051884
35,77333,Sven Ulreich,26768,FC Bayern München,2672,0,0,7.6,,0.0,0,0,0,0,0,1,0,90,1,rating,GER,2025-2026,datafc_sofascore,2026-08-09T01:15:33.051884
35,77333,Karl Hein,991591,SV Werder Bremen,2534,0,0,7.6,,0.0,0,0,0,1,0,0,0,180,2,rating,GER,2025-2026,datafc_sofascore,2026-08-09T01:15:33.051884
35,77333,Dan Zagadou,826205,VfB Stuttgart,2677,0,0,7.53,0.34,0.12,6,1,1,1,5,0,0,210,3,rating,GER,2025-2026,datafc_sofascore,2026-08-09T01:15:33.051884
35,77333,Mick Schmetgens,1568521,SV Werder Bremen,2534,0,0,7.5,,0.11,0,0,0,0,1,0,0,36,2,rating,GER,2025-2026,datafc_sofascore,2026-08-09T01:15:33.051884
35,77333,Aleix García,796047,Bayer 04 Leverkusen,2681,3,8,7.45,2.29,6.65,30,5,51,4,26,6,0,2676,33,rating,GER,2025-2026,datafc_sofascore,2026-08-09T01:15:33.051884
35,77333,Leo Scienza,1386651,1. FC Heidenheim,5885,1,0,7.45,0.13,0.36,4,1,3,3,2,0,0,180,2,rating,GER,2025-2026,datafc_sofascore,2026-08-09T01:15:33.051884
35,77333,Nadiem Amiri,327755,1. FSV Mainz 05,2556,12,2,7.43,10.4,7.69,55,23,63,25,31,6,0,2090,26,rating,GER,2025-2026,datafc_sofascore,2026-08-09T01:15:33.051884
35,77333,Daniel Batz,94312,1. FSV Mainz 05,2556,0,0,7.42,,0.09,0,0,1,0,0,2,0,1890,21,rating,GER,2025-2026,datafc_sofascore,2026-08-09T01:15:33.051884
35,77333,Ramy Bensebaini,577726,Borussia Dortmund,2673,5,2,7.38,3.11,1.94,17,7,10,4,28,6,0,1529,21,rating,GER,2025-2026,datafc_sofascore,2026-08-09T01:15:33.051884
35,77333,Moritz Nicolas,578166,Borussia M'gladbach,2527,0,0,7.34,,0.07,0,0,2,0,1,1,0,3060,34,rating,GER,2025-2026,datafc_sofascore,2026-08-09T01:15:33.051884
35,77333,David Raum,856076,RB Leipzig,36360,3,7,7.33,2.2,12.39,24,8,98,16,48,6,0,2556,30,rating,GER,2025-2026,datafc_sofascore,2026-08-09T01:15:33.051884
35,77333,Alejandro Grimaldo,177177,Bayer 04 Leverkusen,2681,8,8,7.31,6.65,10.13,60,21,70,25,49,5,0,2524,29,rating,GER,2025-2026,datafc_sofascore,2026-08-09T01:15:33.051884
35,77333,Luka Vušković,1405212,Hamburger SV,2676,6,0,7.28,4.22,1.46,32,10,11,8,22,6,0,2441,28,rating,GER,2025-2026,datafc_sofascore,2026-08-09T01:15:33.051884
35,77333,Luis Díaz,883537,FC Bayern München,2672,15,14,7.26,15.1,7.74,88,37,67,61,21,5,1,2450,32,rating,GER,2025-2026,datafc_sofascore,2026-08-09T01:15:33.051884
35,77333,Janis Blaswich,96832,Bayer 04 Leverkusen,2681,0,0,7.25,,0.01,0,0,2,0,0,1,0,930,11,rating,GER,2025-2026,datafc_sofascore,2026-08-09T01:15:33.051884
35,77333,Angelo Stiller,901882,VfB Stuttgart,2677,2,5,7.25,3.08,7.46,17,8,56,14,49,1,0,2750,34,rating,GER,2025-2026,datafc_sofascore,2026-08-09T01:15:33.051884
35,77333,Maximilian Wöber,794962,SV Werder Bremen,2534,0,0,7.25,,0.35,0,0,1,0,1,0,0,35,2,rating,GER,2025-2026,datafc_sofascore,2026-08-09T01:15:33.051884
35,77333,Waldemar Anton,799046,Borussia Dortmund,2673,2,0,7.25,1.74,1.26,16,6,8,13,73,3,0,2880,32,rating,GER,2025-2026,datafc_sofascore,2026-08-09T01:15:33.051884
35,77333,Jonathan Tah,227672,FC Bayern München,2672,2,1,7.24,0.71,1.73,8,5,5,3,24,7,0,2024,28,rating,GER,2025-2026,datafc_sofascore,2026-08-09T01:15:33.051884
35,77333,Aarón Anselmino,1500263,Borussia Dortmund,2673,1,0,7.24,0.07,0.11,1,1,0,1,9,0,0,368,6,rating,GER,2025-2026,datafc_sofascore,2026-08-09T01:15:33.051884
35,77333,Kim Min-jae,896569,FC Bayern München,2672,1,1,7.23,0.62,1.41,5,3,5,1,22,1,0,1621,25,rating,GER,2025-2026,datafc_sofascore,2026-08-09T01:15:33.051884
35,77333,Carl Klaus,148167,1. FC Union Berlin,2547,0,0,7.23,,0.01,0,0,0,0,0,0,0,329,4,rating,GER,2025-2026,datafc_sofascore,2026-08-09T01:15:33.051884
35,77333,Emre Can,138156,Borussia Dortmund,2673,3,0,7.22,2.45,0.4,5,4,0,3,12,3,0,621,9,rating,GER,2025-2026,datafc_sofascore,2026-08-09T01:15:33.051884
35,77333,Johan Manzambi,1518931,SC Freiburg,2538,5,4,7.22,3.85,5.13,51,12,20,33,35,4,2,2094,27,rating,GER,2025-2026,datafc_sofascore,2026-08-09T01:15:33.051884
35,77333,Willi Orbán,136924,RB Leipzig,36360,2,0,7.22,2.38,1.05,20,9,11,6,47,4,0,2950,33,rating,GER,2025-2026,datafc_sofascore,2026-08-09T01:15:33.051884
35,77333,Loïc Badé,1006489,Bayer 04 Leverkusen,2681,0,0,7.21,1.29,0.88,12,4,2,3,33,5,0,1659,23,rating,GER,2025-2026,datafc_sofascore,2026-08-09T01:15:33.051884
35,77333,Kamil Grabara,902080,VfL Wolfsburg,2524,0,0,7.21,0.04,0.12,1,0,3,1,1,1,0,3060,34,rating,GER,2025-2026,datafc_sofascore,2026-08-09T01:15:33.051884
35,77333,Maximilian Mittelstädt,788949,VfB Stuttgart,2677,6,4,7.2,4.4,6.02,31,16,37,14,67,4,0,2195,32,rating,GER,2025-2026,datafc_sofascore,2026-08-09T01:15:33.051884
35,77333,Edmond Tapsoba,883262,Bayer 04 Leverkusen,2681,5,3,7.2,2.5,1.42,29,10,11,8,31,7,0,2576,29,rating,GER,2025-2026,datafc_sofascore,2026-08-09T01:15:33.051884
35,77333,Alexander Nübel,584722,VfB Stuttgart,2677,0,1,7.19,,0.1,0,0,3,0,0,0,0,3060,34,rating,GER,2025-2026,datafc_sofascore,2026-08-09T01:15:33.051884
35,77333,Jonas Urbig,1130647,FC Bayern München,2672,0,0,7.19,,0.05,0,0,1,0,0,0,0,1110,14,rating,GER,2025-2026,datafc_sofascore,2026-08-09T01:15:33.051884
35,77333,Can Uzun,1440948,Eintracht Frankfurt,2674,8,4,7.19,3.93,2.98,41,19,20,16,15,3,0,1172,21,rating,GER,2025-2026,datafc_sofascore,2026-08-09T01:15:33.051884
35,77333,Deniz Undav,794298,VfB Stuttgart,2677,19,6,7.19,16.4,4.03,122,46,41,9,18,5,0,2247,29,rating,GER,2025-2026,datafc_sofascore,2026-08-09T01:15:33.051884
35,77333,Aleksandar Pavlović,1142251,FC Bayern München,2672,3,1,7.18,1.6,2.34,10,5,21,4,26,2,0,1460,24,rating,GER,2025-2026,datafc_sofascore,2026-08-09T01:15:33.051884
35,77333,Daniel Fernandes,113442,Hamburger SV,2676,0,0,7.18,0.26,0.13,1,0,0,1,0,3,0,2970,33,rating,GER,2025-2026,datafc_sofascore,2026-08-09T01:15:33.051884
35,77333,Brajan Gruda,1198075,RB Leipzig,36360,3,3,7.18,3.44,2.67,22,10,17,21,8,1,0,755,13,rating,GER,2025-2026,datafc_sofascore,2026-08-09T01:15:33.051884
35,77333,Fábio Vieira,904835,Hamburger SV,2676,7,5,7.18,4.65,4.07,59,19,39,32,20,2,2,2215,29,rating,GER,2025-2026,datafc_sofascore,2026-08-09T01:15:33.051884
35,77333,Chris Führich,891510,VfB Stuttgart,2677,7,7,7.17,4.26,8.05,45,23,49,28,15,2,0,1723,33,rating,GER,2025-2026,datafc_sofascore,2026-08-09T01:15:33.051884
35,77333,Dayot Upamecano,798583,FC Bayern München,2672,1,1,7.16,1.03,1.62,8,2,11,4,44,4,0,1797,24,rating,GER,2025-2026,datafc_sofascore,2026-08-09T01:15:33.051884
35,77333,Gregor Kobel,556866,Borussia Dortmund,2673,0,0,7.14,,0.1,0,0,0,0,0,3,0,3060,34,rating,GER,2025-2026,datafc_sofascore,2026-08-09T01:15:33.051884
35,77333,Leon Goretzka,184661,FC Bayern München,2672,5,3,7.13,4.8,3.81,35,11,22,11,29,4,0,1954,31,rating,GER,2025-2026,datafc_sofascore,2026-08-09T01:15:33.051884
35,77333,Vladimír Coufal,138024,TSG Hoffenheim,2569,1,8,7.12,0.88,8.99,25,6,59,31,60,4,0,3017,34,rating,GER,2025-2026,datafc_sofascore,2026-08-09T01:15:33.051884
35,77333,Marvin Schwäbe,187185,1. FC Köln,2671,0,0,7.12,,0.21,0,0,1,0,1,2,0,3060,34,rating,GER,2025-2026,datafc_sofascore,2026-08-09T01:15:33.051884
35,77333,Mio Backhaus,1083390,SV Werder Bremen,2534,0,0,7.12,,0.05,0,0,0,0,0,1,0,2880,32,rating,GER,2025-2026,datafc_sofascore,2026-08-09T01:15:33.051884
35,77333,Jeff Chabot,863271,VfB Stuttgart,2677,0,0,7.11,1.13,0.85,18,7,7,4,34,3,0,2296,27,rating,GER,2025-2026,datafc_sofascore,2026-08-09T01:15:33.051884
35,77333,Maximilian Arnold,147289,VfL Wolfsburg,2524,1,4,7.1,0.43,4.09,14,5,29,5,22,5,0,1860,25,rating,GER,2025-2026,datafc_sofascore,2026-08-09T01:15:33.051884
35,77333,Jakub Kamiński,801263,1. FC Köln,2671,7,3,7.1,7.06,6.41,63,26,52,24,45,4,0,3019,34,rating,GER,2025-2026,datafc_sofascore,2026-08-09T01:15:33.051884
35,77333,Ibrahim Maza,1407524,Bayer 04 Leverkusen,2681,3,4,7.1,5.34,4.45,54,17,29,48,41,2,0,1859,28,rating,GER,2025-2026,datafc_sofascore,2026-08-09T01:15:33.051884
35,77333,Serge Gnabry,187433,FC Bayern München,2672,8,6,7.09,6.26,5.08,50,17,23,16,18,1,0,1228,21,rating,GER,2025-2026,datafc_sofascore,2026-08-09T01:15:33.051884
35,77333,Nikola Vasilj,325061,FC St. Pauli,2526,0,0,7.09,,0.07,0,0,0,0,1,0,0,3060,34,rating,GER,2025-2026,datafc_sofascore,2026-08-09T01:15:33.051884
35,77333,Wouter Burger,916946,TSG Hoffenheim,2569,4,5,7.08,3.46,5.35,36,13,51,4,72,7,1,2440,30,rating,GER,2025-2026,datafc_sofascore,2026-08-09T01:15:33.051884
35,77333,Julian Ryerson,800951,Borussia Dortmund,2673,0,15,7.08,0.93,10.04,12,1,56,24,34,8,0,2272,31,rating,GER,2025-2026,datafc_sofascore,2026-08-09T01:15:33.051884
35,77333,Antonio Nusa,1121923,RB Leipzig,36360,4,3,7.07,4.41,5.16,61,20,33,68,26,0,0,2035,31,rating,GER,2025-2026,datafc_sofascore,2026-08-09T01:15:33.051884
35,77333,Castello Lukeba,976421,RB Leipzig,36360,1,0,7.07,1.16,0.77,8,2,7,22,31,3,0,2177,26,rating,GER,2025-2026,datafc_sofascore,2026-08-09T01:15:33.051884
35,77333,Noah Atubolu,980626,SC Freiburg,2538,0,0,7.07,,0.48,0,0,3,0,0,1,0,3060,34,rating,GER,2025-2026,datafc_sofascore,2026-08-09T01:15:33.051884
35,77333,Maarten Vandevoordt,934385,RB Leipzig,36360,0,0,7.07,,0.04,0,0,0,1,1,0,0,1051,12,rating,GER,2025-2026,datafc_sofascore,2026-08-09T01:15:33.051884
35,77333,Exequiel Palacios,822600,Bayer 04 Leverkusen,2681,0,1,7.06,0.6,1.93,10,2,13,4,21,3,0,1097,18,rating,GER,2025-2026,datafc_sofascore,2026-08-09T01:15:33.051884
35,77333,Nathan Tella,920379,Bayer 04 Leverkusen,2681,1,4,7.03,2.8,2.58,24,8,19,13,12,2,0,892,17,rating,GER,2025-2026,datafc_sofascore,2026-08-09T01:15:33.051884
35,77333,Andrej Kramarić,67647,TSG Hoffenheim,2569,14,6,7.03,11.89,5.02,64,33,36,19,8,2,0,2222,34,rating,GER,2025-2026,datafc_sofascore,2026-08-09T01:15:33.051884
35,77333,Jamie Leweling,990201,VfB Stuttgart,2677,7,9,7.03,4.31,5.22,49,18,41,31,22,4,0,2375,32,rating,GER,2025-2026,datafc_sofascore,2026-08-09T01:15:33.051884
35,77333,Leon Avdullahu,1493305,TSG Hoffenheim,2569,0,1,7.03,0.59,2.48,14,2,22,8,47,5,0,2838,33,rating,GER,2025-2026,datafc_sofascore,2026-08-09T01:15:33.051884
35,77333,Jean-Luc Dompé,789192,Hamburger SV,2676,3,0,7.03,2.08,4.02,25,12,33,21,5,0,0,1136,20,rating,GER,2025-2026,datafc_sofascore,2026-08-09T01:15:33.051884
35,77333,Amos Pieper,851254,SV Werder Bremen,2534,0,0,7.03,0.42,0.51,9,3,2,0,31,4,0,1504,19,rating,GER,2025-2026,datafc_sofascore,2026-08-09T01:15:33.051884
35,77333,Christopher Trimmel,48557,1. FC Union Berlin,2547,0,3,7.02,0.09,6.41,5,1,53,1,38,8,0,1875,29,rating,GER,2025-2026,datafc_sofascore,2026-08-09T01:15:33.051884
35,77333,Kaishu Sano,1028307,1. FSV Mainz 05,2556,1,2,7.02,1.36,3.4,24,6,25,28,52,1,0,3059,34,rating,GER,2025-2026,datafc_sofascore,2026-08-09T01:15:33.051884
35,77333,Nico Elvedi,282229,Borussia M'gladbach,2527,0,2,7.01,0.45,1.27,9,0,13,1,43,5,0,2967,33,rating,GER,2025-2026,datafc_sofascore,2026-08-09T01:15:33.051884
35,77333,Finn Dahmen,822564,FC Augsburg,2600,0,0,7.01,0.32,0.2,1,0,4,0,3,1,0,3060,34,rating,GER,2025-2026,datafc_sofascore,2026-08-09T01:15:33.051884
35,77333,Timothy Chandler,40239,Eintracht Frankfurt,2674,0,0,7.0,,0.12,0,0,1,0,0,0,0,10,1,rating,GER,2025-2026,datafc_sofascore,2026-08-09T01:15:33.051884
35,77333,Julian Brandt,226978,Borussia Dortmund,2673,7,4,6.99,5.7,5.3,37,18,32,18,14,0,0,1627,29,rating,GER,2025-2026,datafc_sofascore,2026-08-09T01:15:33.051884
35,77333,Matthias Ginter,142259,SC Freiburg,2538,3,4,6.98,2.3,2.92,19,7,15,3,22,3,0,2836,32,rating,GER,2025-2026,datafc_sofascore,2026-08-09T01:15:33.051884
35,77333,Albian Hajdari,1000269,TSG Hoffenheim,2569,1,2,6.98,1.73,1.62,19,4,10,2,58,10,0,2440,30,rating,GER,2025-2026,datafc_sofascore,2026-08-09T01:15:33.051884
35,77333,Josip Juranović,791642,1. FC Union Berlin,2547,1,1,6.98,0.69,1.07,4,1,12,0,7,1,0,334,11,rating,GER,2025-2026,datafc_sofascore,2026-08-09T01:15:33.051884
35,77333,Bilal El Khannouss,1126569,VfB Stuttgart,2677,4,5,6.98,3.17,5.74,42,15,45,18,28,6,0,1634,25,rating,GER,2025-2026,datafc_sofascore,2026-08-09T01:15:33.051884
35,77333,Philipp Sander,939880,Borussia M'gladbach,2527,2,0,6.98,1.56,2.79,25,8,11,5,65,4,0,2454,30,rating,GER,2025-2026,datafc_sofascore,2026-08-09T01:15:33.051884
35,77333,Jens Stage,830142,SV Werder Bremen,2534,10,2,6.98,6.08,3.21,56,21,26,13,41,5,0,2468,29,rating,GER,2025-2026,datafc_sofascore,2026-08-09T01:15:33.051884
35,77333,Albert Grønbæk,1000263,Hamburger SV,2676,1,2,6.97,0.49,0.96,8,4,8,5,15,0,0,495,7,rating,GER,2025-2026,datafc_sofascore,2026-08-09T01:15:33.051884
35,77333,Said El Mala,1800475,1. FC Köln,2671,13,4,6.97,11.22,2.34,75,31,21,44,24,4,0,1957,34,rating,GER,2025-2026,datafc_sofascore,2026-08-09T01:15:33.051884
35,77333,Albert Sambi Lokonga,901892,Hamburger SV,2676,5,0,6.96,2.05,1.6,19,11,25,8,31,3,0,1712,26,rating,GER,2025-2026,datafc_sofascore,2026-08-09T01:15:33.051884
35,77333,Timo Hübers,387220,1. FC Köln,2671,0,0,6.96,,0.1,0,0,0,1,14,0,0,669,8,rating,GER,2025-2026,datafc_sofascore,2026-08-09T01:15:33.051884
35,77333,Robin Koch,581302,Eintracht Frankfurt,2674,3,1,6.96,1.38,1.67,15,5,10,2,42,1,1,2835,32,rating,GER,2025-2026,datafc_sofascore,2026-08-09T01:15:33.051884
35,77333,Jean-Mattéo Bahoya,1146148,Eintracht Frankfurt,2674,3,4,6.96,2.04,3.33,29,9,31,41,31,2,0,1335,27,rating,GER,2025-2026,datafc_sofascore,2026-08-09T01:15:33.051884
35,77333,Rasmus Kristensen,921789,Eintracht Frankfurt,2674,2,0,6.96,0.68,1.17,15,6,8,14,46,4,1,1563,22,rating,GER,2025-2026,datafc_sofascore,2026-08-09T01:15:33.051884
35,77333,Michael Zetterer,190161,Eintracht Frankfurt,2674,0,0,6.96,,0.11,0,0,0,0,0,1,0,1975,22,rating,GER,2025-2026,datafc_sofascore,2026-08-09T01:15:33.051884
35,77333,Keven Schlotterbeck,891651,FC Augsburg,2600,0,1,6.96,1.37,1.09,12,3,12,10,40,5,1,2031,24,rating,GER,2025-2026,datafc_sofascore,2026-08-09T01:15:33.051884
35,77333,Kevin Diks,583806,Borussia M'gladbach,2527,5,0,6.96,5.08,1.13,23,13,8,10,43,6,0,2467,30,rating,GER,2025-2026,datafc_sofascore,2026-08-09T01:15:33.051884
35,77333,Manolis Saliakas,280551,FC St. Pauli,2526,1,3,6.95,0.64,1.43,16,3,12,5,29,3,0,1110,17,rating,GER,2025-2026,datafc_sofascore,2026-08-09T01:15:33.051884
35,77333,Marin Ljubičić,1090010,1. FC Union Berlin,2547,2,0,6.95,1.35,0.0,2,2,0,1,0,0,0,20,2,rating,GER,2025-2026,datafc_sofascore,2026-08-09T01:15:33.051884
35,77333,Lukas Klostermann,319853,RB Leipzig,36360,0,1,6.95,0.09,0.02,2,1,2,0,3,0,0,102,5,rating,GER,2025-2026,datafc_sofascore,2026-08-09T01:15:33.051884
35,77333,Stefan Posch,355486,1. FSV Mainz 05,2556,0,0,6.95,0.48,1.24,11,3,8,4,46,4,0,1395,16,rating,GER,2025-2026,datafc_sofascore,2026-08-09T01:15:33.051884
35,77333,Chema Andrés,1464641,VfB Stuttgart,2677,3,0,6.95,1.4,1.15,15,6,15,2,30,5,0,1327,25,rating,GER,2025-2026,datafc_sofascore,2026-08-09T01:15:33.051884
35,77333,Philipp Lienhart,576266,SC Freiburg,2538,1,0,6.95,1.06,0.58,8,2,5,3,18,2,1,1305,20,rating,GER,2025-2026,datafc_sofascore,2026-08-09T01:15:33.051884
35,77333,Felix Nmecha,907463,Borussia Dortmund,2673,2,3,6.94,3.62,4.24,33,7,20,31,37,0,0,2184,29,rating,GER,2025-2026,datafc_sofascore,2026-08-09T01:15:33.051884
35,77333,Matheo Raab,842718,1. FC Union Berlin,2547,0,0,9.7,,0.0,0,0,0,0,0,0,0,90,1,rating,GER,2025-2026,datafc_sofascore,2026-08-09T01:15:33.051884
35,77333,Sander Tangvik,1030355,Hamburger SV,2676,0,0,8.8,,0.0,0,0,0,0,0,0,0,90,1,rating,GER,2025-2026,datafc_sofascore,2026-08-09T01:15:33.051884
35,77333,Michael Olise,978838,FC Bayern München,2672,15,19,7.87,11.46,17.23,101,50,81,65,24,8,0,2317,32,rating,GER,2025-2026,datafc_sofascore,2026-08-09T01:15:33.051884
35,77333,Harry Kane,108579,FC Bayern München,2672,36,5,7.84,26.87,4.27,119,67,40,32,19,1,0,2382,31,rating,GER,2025-2026,datafc_sofascore,2026-08-09T01:15:33.051884
35,77333,Frank Feller,1083359,1. FC Heidenheim,5885,0,0,7.77,,0.01,0,0,0,0,1,0,0,270,3,rating,GER,2025-2026,datafc_sofascore,2026-08-09T01:15:33.051884
35,77333,Yan Diomande,2087085,RB Leipzig,36360,12,8,7.72,7.14,10.12,53,26,56,118,29,2,0,2476,33,rating,GER,2025-2026,datafc_sofascore,2026-08-09T01:15:33.051884
35,77333,Joshua Kimmich,259117,FC Bayern München,2672,2,8,7.71,2.65,10.24,28,10,58,11,32,4,0,2280,29,rating,GER,2025-2026,datafc_sofascore,2026-08-09T01:15:33.051884
35,77333,Nico Schlotterbeck,940871,Borussia Dortmund,2673,5,1,7.67,3.72,2.69,32,9,12,15,50,8,0,2520,28,rating,GER,2025-2026,datafc_sofascore,2026-08-09T01:15:33.051884
35,77333,Sven Ulreich,26768,FC Bayern München,2672,0,0,7.6,,0.0,0,0,0,0,0,1,0,90,1,rating,GER,2025-2026,datafc_sofascore,2026-08-09T01:15:33.051884
35,77333,Karl Hein,991591,SV Werder Bremen,2534,0,0,7.6,,0.0,0,0,0,1,0,0,0,180,2,rating,GER,2025-2026,datafc_sofascore,2026-08-09T01:15:33.051884
35,77333,Dan Zagadou,826205,VfB Stuttgart,2677,0,0,7.53,0.34,0.12,6,1,1,1,5,0,0,210,3,rating,GER,2025-2026,datafc_sofascore,2026-08-09T01:15:33.051884
35,77333,Mick Schmetgens,1568521,SV Werder Bremen,2534,0,0,7.5,,0.11,0,0,0,0,1,0,0,36,2,rating,GER,2025-2026,datafc_sofascore,2026-08-09T01:15:33.051884
35,77333,Aleix García,796047,Bayer 04 Leverkusen,2681,3,8,7.45,2.29,6.65,30,5,51,4,26,6,0,2676,33,rating,GER,2025-2026,datafc_sofascore,2026-08-09T01:15:33.051884
35,77333,Leo Scienza,1386651,1. FC Heidenheim,5885,1,0,7.45,0.13,0.36,4,1,3,3,2,0,0,180,2,rating,GER,2025-2026,datafc_sofascore,2026-08-09T01:15:33.051884
35,77333,Nadiem Amiri,327755,1. FSV Mainz 05,2556,12,2,7.43,10.4,7.69,55,23,63,25,31,6,0,2090,26,rating,GER,2025-2026,datafc_sofascore,2026-08-09T01:15:33.051884
35,77333,Daniel Batz,94312,1. FSV Mainz 05,2556,0,0,7.42,,0.09,0,0,1,0,0,2,0,1890,21,rating,GER,2025-2026,datafc_sofascore,2026-08-09T01:15:33.051884
35,77333,Ramy Bensebaini,577726,Borussia Dortmund,2673,5,2,7.38,3.11,1.94,17,7,10,4,28,6,0,1529,21,rating,GER,2025-2026,datafc_sofascore,2026-08-09T01:15:33.051884
35,77333,Moritz Nicolas,578166,Borussia M'gladbach,2527,0,0,7.34,,0.07,0,0,2,0,1,1,0,3060,34,rating,GER,2025-2026,datafc_sofascore,2026-08-09T01:15:33.051884
35,77333,David Raum,856076,RB Leipzig,36360,3,7,7.33,2.2,12.39,24,8,98,16,48,6,0,2556,30,rating,GER,2025-2026,datafc_sofascore,2026-08-09T01:15:33.051884
35,77333,Alejandro Grimaldo,177177,Bayer 04 Leverkusen,2681,8,8,7.31,6.65,10.13,60,21,70,25,49,5,0,2524,29,rating,GER,2025-2026,datafc_sofascore,2026-08-09T01:15:33.051884
35,77333,Luka Vušković,1405212,Hamburger SV,2676,6,0,7.28,4.22,1.46,32,10,11,8,22,6,0,2441,28,rating,GER,2025-2026,datafc_sofascore,2026-08-09T01:15:33.051884
35,77333,Luis Díaz,883537,FC Bayern München,2672,15,14,7.26,15.1,7.74,88,37,67,61,21,5,1,2450,32,rating,GER,2025-2026,datafc_sofascore,2026-08-09T01:15:33.051884
35,77333,Janis Blaswich,96832,Bayer 04 Leverkusen,2681,0,0,7.25,,0.01,0,0,2,0,0,1,0,930,11,rating,GER,2025-2026,datafc_sofascore,2026-08-09T01:15:33.051884
35,77333,Angelo Stiller,901882,VfB Stuttgart,2677,2,5,7.25,3.08,7.46,17,8,56,14,49,1,0,2750,34,rating,GER,2025-2026,datafc_sofascore,2026-08-09T01:15:33.051884
35,77333,Maximilian Wöber,794962,SV Werder Bremen,2534,0,0,7.25,,0.35,0,0,1,0,1,0,0,35,2,rating,GER,2025-2026,datafc_sofascore,2026-08-09T01:15:33.051884
35,77333,Waldemar Anton,799046,Borussia Dortmund,2673,2,0,7.25,1.74,1.26,16,6,8,13,73,3,0,2880,32,rating,GER,2025-2026,datafc_sofascore,2026-08-09T01:15:33.051884
35,77333,Jonathan Tah,227672,FC Bayern München,2672,2,1,7.24,0.71,1.73,8,5,5,3,24,7,0,2024,28,rating,GER,2025-2026,datafc_sofascore,2026-08-09T01:15:33.051884
35,77333,Aarón Anselmino,1500263,Borussia Dortmund,2673,1,0,7.24,0.07,0.11,1,1,0,1,9,0,0,368,6,rating,GER,2025-2026,datafc_sofascore,2026-08-09T01:15:33.051884
35,77333,Kim Min-jae,896569,FC Bayern München,2672,1,1,7.23,0.62,1.41,5,3,5,1,22,1,0,1621,25,rating,GER,2025-2026,datafc_sofascore,2026-08-09T01:15:33.051884
35,77333,Carl Klaus,148167,1. FC Union Berlin,2547,0,0,7.23,,0.01,0,0,0,0,0,0,0,329,4,rating,GER,2025-2026,datafc_sofascore,2026-08-09T01:15:33.051884
35,77333,Emre Can,138156,Borussia Dortmund,2673,3,0,7.22,2.45,0.4,5,4,0,3,12,3,0,621,9,rating,GER,2025-2026,datafc_sofascore,2026-08-09T01:15:33.051884
35,77333,Johan Manzambi,1518931,SC Freiburg,2538,5,4,7.22,3.85,5.13,51,12,20,33,35,4,2,2094,27,rating,GER,2025-2026,datafc_sofascore,2026-08-09T01:15:33.051884
35,77333,Willi Orbán,136924,RB Leipzig,36360,2,0,7.22,2.38,1.05,20,9,11,6,47,4,0,2950,33,rating,GER,2025-2026,datafc_sofascore,2026-08-09T01:15:33.051884
35,77333,Loïc Badé,1006489,Bayer 04 Leverkusen,2681,0,0,7.21,1.29,0.88,12,4,2,3,33,5,0,1659,23,rating,GER,2025-2026,datafc_sofascore,2026-08-09T01:15:33.051884
35,77333,Kamil Grabara,902080,VfL Wolfsburg,2524,0,0,7.21,0.04,0.12,1,0,3,1,1,1,0,3060,34,rating,GER,2025-2026,datafc_sofascore,2026-08-09T01:15:33.051884
35,77333,Maximilian Mittelstädt,788949,VfB Stuttgart,2677,6,4,7.2,4.4,6.02,31,16,37,14,67,4,0,2195,32,rating,GER,2025-2026,datafc_sofascore,2026-08-09T01:15:33.051884
35,77333,Edmond Tapsoba,883262,Bayer 04 Leverkusen,2681,5,3,7.2,2.5,1.42,29,10,11,8,31,7,0,2576,29,rating,GER,2025-2026,datafc_sofascore,2026-08-09T01:15:33.051884
35,77333,Alexander Nübel,584722,VfB Stuttgart,2677,0,1,7.19,,0.1,0,0,3,0,0,0,0,3060,34,rating,GER,2025-2026,datafc_sofascore,2026-08-09T01:15:33.051884
35,77333,Jonas Urbig,1130647,FC Bayern München,2672,0,0,7.19,,0.05,0,0,1,0,0,0,0,1110,14,rating,GER,2025-2026,datafc_sofascore,2026-08-09T01:15:33.051884
35,77333,Can Uzun,1440948,Eintracht Frankfurt,2674,8,4,7.19,3.93,2.98,41,19,20,16,15,3,0,1172,21,rating,GER,2025-2026,datafc_sofascore,2026-08-09T01:15:33.051884
35,77333,Deniz Undav,794298,VfB Stuttgart,2677,19,6,7.19,16.4,4.03,122,46,41,9,18,5,0,2247,29,rating,GER,2025-2026,datafc_sofascore,2026-08-09T01:15:33.051884
35,77333,Aleksandar Pavlović,1142251,FC Bayern München,2672,3,1,7.18,1.6,2.34,10,5,21,4,26,2,0,1460,24,rating,GER,2025-2026,datafc_sofascore,2026-08-09T01:15:33.051884
35,77333,Daniel Fernandes,113442,Hamburger SV,2676,0,0,7.18,0.26,0.13,1,0,0,1,0,3,0,2970,33,rating,GER,2025-2026,datafc_sofascore,2026-08-09T01:15:33.051884
35,77333,Brajan Gruda,1198075,RB Leipzig,36360,3,3,7.18,3.44,2.67,22,10,17,21,8,1,0,755,13,rating,GER,2025-2026,datafc_sofascore,2026-08-09T01:15:33.051884
35,77333,Fábio Vieira,904835,Hamburger SV,2676,7,5,7.18,4.65,4.07,59,19,39,32,20,2,2,2215,29,rating,GER,2025-2026,datafc_sofascore,2026-08-09T01:15:33.051884
35,77333,Chris Führich,891510,VfB Stuttgart,2677,7,7,7.17,4.26,8.05,45,23,49,28,15,2,0,1723,33,rating,GER,2025-2026,datafc_sofascore,2026-08-09T01:15:33.051884
35,77333,Dayot Upamecano,798583,FC Bayern München,2672,1,1,7.16,1.03,1.62,8,2,11,4,44,4,0,1797,24,rating,GER,2025-2026,datafc_sofascore,2026-08-09T01:15:33.051884
35,77333,Gregor Kobel,556866,Borussia Dortmund,2673,0,0,7.14,,0.1,0,0,0,0,0,3,0,3060,34,rating,GER,2025-2026,datafc_sofascore,2026-08-09T01:15:33.051884
35,77333,Leon Goretzka,184661,FC Bayern München,2672,5,3,7.13,4.8,3.81,35,11,22,11,29,4,0,1954,31,rating,GER,2025-2026,datafc_sofascore,2026-08-09T01:15:33.051884
35,77333,Vladimír Coufal,138024,TSG Hoffenheim,2569,1,8,7.12,0.88,8.99,25,6,59,31,60,4,0,3017,34,rating,GER,2025-2026,datafc_sofascore,2026-08-09T01:15:33.051884
35,77333,Marvin Schwäbe,187185,1. FC Köln,2671,0,0,7.12,,0.21,0,0,1,0,1,2,0,3060,34,rating,GER,2025-2026,datafc_sofascore,2026-08-09T01:15:33.051884
35,77333,Mio Backhaus,1083390,SV Werder Bremen,2534,0,0,7.12,,0.05,0,0,0,0,0,1,0,2880,32,rating,GER,2025-2026,datafc_sofascore,2026-08-09T01:15:33.051884
35,77333,Jeff Chabot,863271,VfB Stuttgart,2677,0,0,7.11,1.13,0.85,18,7,7,4,34,3,0,2296,27,rating,GER,2025-2026,datafc_sofascore,2026-08-09T01:15:33.051884
35,77333,Maximilian Arnold,147289,VfL Wolfsburg,2524,1,4,7.1,0.43,4.09,14,5,29,5,22,5,0,1860,25,rating,GER,2025-2026,datafc_sofascore,2026-08-09T01:15:33.051884
35,77333,Jakub Kamiński,801263,1. FC Köln,2671,7,3,7.1,7.06,6.41,63,26,52,24,45,4,0,3019,34,rating,GER,2025-2026,datafc_sofascore,2026-08-09T01:15:33.051884
35,77333,Ibrahim Maza,1407524,Bayer 04 Leverkusen,2681,3,4,7.1,5.34,4.45,54,17,29,48,41,2,0,1859,28,rating,GER,2025-2026,datafc_sofascore,2026-08-09T01:15:33.051884
35,77333,Serge Gnabry,187433,FC Bayern München,2672,8,6,7.09,6.26,5.08,50,17,23,16,18,1,0,1228,21,rating,GER,2025-2026,datafc_sofascore,2026-08-09T01:15:33.051884
35,77333,Nikola Vasilj,325061,FC St. Pauli,2526,0,0,7.09,,0.07,0,0,0,0,1,0,0,3060,34,rating,GER,2025-2026,datafc_sofascore,2026-08-09T01:15:33.051884
35,77333,Wouter Burger,916946,TSG Hoffenheim,2569,4,5,7.08,3.46,5.35,36,13,51,4,72,7,1,2440,30,rating,GER,2025-2026,datafc_sofascore,2026-08-09T01:15:33.051884
35,77333,Julian Ryerson,800951,Borussia Dortmund,2673,0,15,7.08,0.93,10.04,12,1,56,24,34,8,0,2272,31,rating,GER,2025-2026,datafc_sofascore,2026-08-09T01:15:33.051884
35,77333,Antonio Nusa,1121923,RB Leipzig,36360,4,3,7.07,4.41,5.16,61,20,33,68,26,0,0,2035,31,rating,GER,2025-2026,datafc_sofascore,2026-08-09T01:15:33.051884
35,77333,Castello Lukeba,976421,RB Leipzig,36360,1,0,7.07,1.16,0.77,8,2,7,22,31,3,0,2177,26,rating,GER,2025-2026,datafc_sofascore,2026-08-09T01:15:33.051884
35,77333,Noah Atubolu,980626,SC Freiburg,2538,0,0,7.07,,0.48,0,0,3,0,0,1,0,3060,34,rating,GER,2025-2026,datafc_sofascore,2026-08-09T01:15:33.051884
35,77333,Maarten Vandevoordt,934385,RB Leipzig,36360,0,0,7.07,,0.04,0,0,0,1,1,0,0,1051,12,rating,GER,2025-2026,datafc_sofascore,2026-08-09T01:15:33.051884
35,77333,Exequiel Palacios,822600,Bayer 04 Leverkusen,2681,0,1,7.06,0.6,1.93,10,2,13,4,21,3,0,1097,18,rating,GER,2025-2026,datafc_sofascore,2026-08-09T01:15:33.051884
35,77333,Nathan Tella,920379,Bayer 04 Leverkusen,2681,1,4,7.03,2.8,2.58,24,8,19,13,12,2,0,892,17,rating,GER,2025-2026,datafc_sofascore,2026-08-09T01:15:33.051884
35,77333,Andrej Kramarić,67647,TSG Hoffenheim,2569,14,6,7.03,11.89,5.02,64,33,36,19,8,2,0,2222,34,rating,GER,2025-2026,datafc_sofascore,2026-08-09T01:15:33.051884
35,77333,Jamie Leweling,990201,VfB Stuttgart,2677,7,9,7.03,4.31,5.22,49,18,41,31,22,4,0,2375,32,rating,GER,2025-2026,datafc_sofascore,2026-08-09T01:15:33.051884
35,77333,Leon Avdullahu,1493305,TSG Hoffenheim,2569,0,1,7.03,0.59,2.48,14,2,22,8,47,5,0,2838,33,rating,GER,2025-2026,datafc_sofascore,2026-08-09T01:15:33.051884
35,77333,Jean-Luc Dompé,789192,Hamburger SV,2676,3,0,7.03,2.08,4.02,25,12,33,21,5,0,0,1136,20,rating,GER,2025-2026,datafc_sofascore,2026-08-09T01:15:33.051884
35,77333,Amos Pieper,851254,SV Werder Bremen,2534,0,0,7.03,0.42,0.51,9,3,2,0,31,4,0,1504,19,rating,GER,2025-2026,datafc_sofascore,2026-08-09T01:15:33.051884
35,77333,Christopher Trimmel,48557,1. FC Union Berlin,2547,0,3,7.02,0.09,6.41,5,1,53,1,38,8,0,1875,29,rating,GER,2025-2026,datafc_sofascore,2026-08-09T01:15:33.051884
35,77333,Kaishu Sano,1028307,1. FSV Mainz 05,2556,1,2,7.02,1.36,3.4,24,6,25,28,52,1,0,3059,34,rating,GER,2025-2026,datafc_sofascore,2026-08-09T01:15:33.051884
35,77333,Nico Elvedi,282229,Borussia M'gladbach,2527,0,2,7.01,0.45,1.27,9,0,13,1,43,5,0,2967,33,rating,GER,2025-2026,datafc_sofascore,2026-08-09T01:15:33.051884
35,77333,Finn Dahmen,822564,FC Augsburg,2600,0,0,7.01,0.32,0.2,1,0,4,0,3,1,0,3060,34,rating,GER,2025-2026,datafc_sofascore,2026-08-09T01:15:33.051884
35,77333,Timothy Chandler,40239,Eintracht Frankfurt,2674,0,0,7.0,,0.12,0,0,1,0,0,0,0,10,1,rating,GER,2025-2026,datafc_sofascore,2026-08-09T01:15:33.051884
35,77333,Julian Brandt,226978,Borussia Dortmund,2673,7,4,6.99,5.7,5.3,37,18,32,18,14,0,0,1627,29,rating,GER,2025-2026,datafc_sofascore,2026-08-09T01:15:33.051884
35,77333,Matthias Ginter,142259,SC Freiburg,2538,3,4,6.98,2.3,2.92,19,7,15,3,22,3,0,2836,32,rating,GER,2025-2026,datafc_sofascore,2026-08-09T01:15:33.051884
35,77333,Albian Hajdari,1000269,TSG Hoffenheim,2569,1,2,6.98,1.73,1.62,19,4,10,2,58,10,0,2440,30,rating,GER,2025-2026,datafc_sofascore,2026-08-09T01:15:33.051884
35,77333,Josip Juranović,791642,1. FC Union Berlin,2547,1,1,6.98,0.69,1.07,4,1,12,0,7,1,0,334,11,rating,GER,2025-2026,datafc_sofascore,2026-08-09T01:15:33.051884
35,77333,Bilal El Khannouss,1126569,VfB Stuttgart,2677,4,5,6.98,3.17,5.74,42,15,45,18,28,6,0,1634,25,rating,GER,2025-2026,datafc_sofascore,2026-08-09T01:15:33.051884
35,77333,Philipp Sander,939880,Borussia M'gladbach,2527,2,0,6.98,1.56,2.79,25,8,11,5,65,4,0,2454,30,rating,GER,2025-2026,datafc_sofascore,2026-08-09T01:15:33.051884
35,77333,Jens Stage,830142,SV Werder Bremen,2534,10,2,6.98,6.08,3.21,56,21,26,13,41,5,0,2468,29,rating,GER,2025-2026,datafc_sofascore,2026-08-09T01:15:33.051884
35,77333,Albert Grønbæk,1000263,Hamburger SV,2676,1,2,6.97,0.49,0.96,8,4,8,5,15,0,0,495,7,rating,GER,2025-2026,datafc_sofascore,2026-08-09T01:15:33.051884
35,77333,Said El Mala,1800475,1. FC Köln,2671,13,4,6.97,11.22,2.34,75,31,21,44,24,4,0,1957,34,rating,GER,2025-2026,datafc_sofascore,2026-08-09T01:15:33.051884
35,77333,Albert Sambi Lokonga,901892,Hamburger SV,2676,5,0,6.96,2.05,1.6,19,11,25,8,31,3,0,1712,26,rating,GER,2025-2026,datafc_sofascore,2026-08-09T01:15:33.051884
35,77333,Timo Hübers,387220,1. FC Köln,2671,0,0,6.96,,0.1,0,0,0,1,14,0,0,669,8,rating,GER,2025-2026,datafc_sofascore,2026-08-09T01:15:33.051884
35,77333,Robin Koch,581302,Eintracht Frankfurt,2674,3,1,6.96,1.38,1.67,15,5,10,2,42,1,1,2835,32,rating,GER,2025-2026,datafc_sofascore,2026-08-09T01:15:33.051884
35,77333,Jean-Mattéo Bahoya,1146148,Eintracht Frankfurt,2674,3,4,6.96,2.04,3.33,29,9,31,41,31,2,0,1335,27,rating,GER,2025-2026,datafc_sofascore,2026-08-09T01:15:33.051884
35,77333,Rasmus Kristensen,921789,Eintracht Frankfurt,2674,2,0,6.96,0.68,1.17,15,6,8,14,46,4,1,1563,22,rating,GER,2025-2026,datafc_sofascore,2026-08-09T01:15:33.051884
35,77333,Michael Zetterer,190161,Eintracht Frankfurt,2674,0,0,6.96,,0.11,0,0,0,0,0,1,0,1975,22,rating,GER,2025-2026,datafc_sofascore,2026-08-09T01:15:33.051884
35,77333,Keven Schlotterbeck,891651,FC Augsburg,2600,0,1,6.96,1.37,1.09,12,3,12,10,40,5,1,2031,24,rating,GER,2025-2026,datafc_sofascore,2026-08-09T01:15:33.051884
35,77333,Kevin Diks,583806,Borussia M'gladbach,2527,5,0,6.96,5.08,1.13,23,13,8,10,43,6,0,2467,30,rating,GER,2025-2026,datafc_sofascore,2026-08-09T01:15:33.051884
35,77333,Manolis Saliakas,280551,FC St. Pauli,2526,1,3,6.95,0.64,1.43,16,3,12,5,29,3,0,1110,17,rating,GER,2025-2026,datafc_sofascore,2026-08-09T01:15:33.051884
35,77333,Marin Ljubičić,1090010,1. FC Union Berlin,2547,2,0,6.95,1.35,0.0,2,2,0,1,0,0,0,20,2,rating,GER,2025-2026,datafc_sofascore,2026-08-09T01:15:33.051884
35,77333,Lukas Klostermann,319853,RB Leipzig,36360,0,1,6.95,0.09,0.02,2,1,2,0,3,0,0,102,5,rating,GER,2025-2026,datafc_sofascore,2026-08-09T01:15:33.051884
35,77333,Stefan Posch,355486,1. FSV Mainz 05,2556,0,0,6.95,0.48,1.24,11,3,8,4,46,4,0,1395,16,rating,GER,2025-2026,datafc_sofascore,2026-08-09T01:15:33.051884
35,77333,Chema Andrés,1464641,VfB Stuttgart,2677,3,0,6.95,1.4,1.15,15,6,15,2,30,5,0,1327,25,rating,GER,2025-2026,datafc_sofascore,2026-08-09T01:15:33.051884
35,77333,Philipp Lienhart,576266,SC Freiburg,2538,1,0,6.95,1.06,0.58,8,2,5,3,18,2,1,1305,20,rating,GER,2025-2026,datafc_sofascore,2026-08-09T01:15:33.051884
35,77333,Felix Nmecha,907463,Borussia Dortmund,2673,2,3,6.94,3.62,4.24,33,7,20,31,37,0,0,2184,29,rating,GER,2025-2026,datafc_sofascore,2026-08-09T01:15:33.051884
35,77333,Harry Kane,108579,FC Bayern München,2672,36,5,7.84,26.87,4.27,119,67,40,32,19,1,0,2382,31,goals,GER,2025-2026,datafc_sofascore,2026-08-09T01:15:33.051884
35,77333,Deniz Undav,794298,VfB Stuttgart,2677,19,6,7.19,16.4,4.03,122,46,41,9,18,5,0,2247,29,goals,GER,2025-2026,datafc_sofascore,2026-08-09T01:15:33.051884
35,77333,Serhou Guirassy,328027,Borussia Dortmund,2673,17,1,6.83,17.56,3.5,84,40,20,12,2,3,0,2348,33,goals,GER,2025-2026,datafc_sofascore,2026-08-09T01:15:33.051884
35,77333,Patrik Schick,280609,Bayer 04 Leverkusen,2681,16,3,6.94,17.18,2.78,72,34,14,10,9,2,0,1995,28,goals,GER,2025-2026,datafc_sofascore,2026-08-09T01:15:33.051884
35,77333,Michael Olise,978838,FC Bayern München,2672,15,19,7.87,11.46,17.23,101,50,81,65,24,8,0,2317,32,goals,GER,2025-2026,datafc_sofascore,2026-08-09T01:15:33.051884
35,77333,Luis Díaz,883537,FC Bayern München,2672,15,14,7.26,15.1,7.74,88,37,67,61,21,5,1,2450,32,goals,GER,2025-2026,datafc_sofascore,2026-08-09T01:15:33.051884
35,77333,Andrej Kramarić,67647,TSG Hoffenheim,2569,14,6,7.03,11.89,5.02,64,33,36,19,8,2,0,2222,34,goals,GER,2025-2026,datafc_sofascore,2026-08-09T01:15:33.051884
35,77333,Said El Mala,1800475,1. FC Köln,2671,13,4,6.97,11.22,2.34,75,31,21,44,24,4,0,1957,34,goals,GER,2025-2026,datafc_sofascore,2026-08-09T01:15:33.051884
35,77333,Jonathan Burkardt,939830,Eintracht Frankfurt,2674,13,1,6.94,12.0,0.81,41,21,9,6,8,1,0,1340,22,goals,GER,2025-2026,datafc_sofascore,2026-08-09T01:15:33.051884
35,77333,Christoph Baumgartner,825956,RB Leipzig,36360,13,8,6.93,15.1,3.94,81,35,37,13,54,10,0,2789,33,goals,GER,2025-2026,datafc_sofascore,2026-08-09T01:15:33.051884
35,77333,Haris Tabaković,259803,Borussia M'gladbach,2527,13,2,6.71,13.0,0.86,67,27,16,6,10,5,0,2394,32,goals,GER,2025-2026,datafc_sofascore,2026-08-09T01:15:33.051884
35,77333,Yan Diomande,2087085,RB Leipzig,36360,12,8,7.72,7.14,10.12,53,26,56,118,29,2,0,2476,33,goals,GER,2025-2026,datafc_sofascore,2026-08-09T01:15:33.051884
35,77333,Nadiem Amiri,327755,1. FSV Mainz 05,2556,12,2,7.43,10.4,7.69,55,23,63,25,31,6,0,2090,26,goals,GER,2025-2026,datafc_sofascore,2026-08-09T01:15:33.051884
35,77333,Ermedin Demirović,878081,VfB Stuttgart,2677,12,3,6.92,7.55,2.01,41,22,17,7,14,5,0,1506,25,goals,GER,2025-2026,datafc_sofascore,2026-08-09T01:15:33.051884
35,77333,Igor Matanović,1019321,SC Freiburg,2538,11,2,6.8,9.24,1.33,52,20,22,12,23,0,0,1570,31,goals,GER,2025-2026,datafc_sofascore,2026-08-09T01:15:33.051884
35,77333,Jens Stage,830142,SV Werder Bremen,2534,10,2,6.98,6.08,3.21,56,21,26,13,41,5,0,2468,29,goals,GER,2025-2026,datafc_sofascore,2026-08-09T01:15:33.051884
35,77333,Fisnik Asllani,1010117,TSG Hoffenheim,2569,10,7,6.73,8.28,3.93,73,28,36,17,17,2,0,2354,33,goals,GER,2025-2026,datafc_sofascore,2026-08-09T01:15:33.051884
35,77333,Maximilian Beier,980628,Borussia Dortmund,2673,9,6,6.8,7.35,4.97,50,20,26,18,26,3,0,2036,32,goals,GER,2025-2026,datafc_sofascore,2026-08-09T01:15:33.051884
35,77333,Rômulo,1133743,RB Leipzig,36360,9,4,6.65,14.36,2.95,63,27,26,11,30,3,0,2204,30,goals,GER,2025-2026,datafc_sofascore,2026-08-09T01:15:33.051884
35,77333,Alejandro Grimaldo,177177,Bayer 04 Leverkusen,2681,8,8,7.31,6.65,10.13,60,21,70,25,49,5,0,2524,29,goals,GER,2025-2026,datafc_sofascore,2026-08-09T01:15:33.051884
35,77333,Can Uzun,1440948,Eintracht Frankfurt,2674,8,4,7.19,3.93,2.98,41,19,20,16,15,3,0,1172,21,goals,GER,2025-2026,datafc_sofascore,2026-08-09T01:15:33.051884
35,77333,Serge Gnabry,187433,FC Bayern München,2672,8,6,7.09,6.26,5.08,50,17,23,16,18,1,0,1228,21,goals,GER,2025-2026,datafc_sofascore,2026-08-09T01:15:33.051884
35,77333,Nicolas Jackson,1085381,FC Bayern München,2672,8,1,6.75,7.26,1.58,38,21,18,11,8,2,1,1037,23,goals,GER,2025-2026,datafc_sofascore,2026-08-09T01:15:33.051884
35,77333,Mohamed Amoura,1107591,VfL Wolfsburg,2524,8,3,6.74,8.6,2.51,60,19,25,16,38,2,0,1935,30,goals,GER,2025-2026,datafc_sofascore,2026-08-09T01:15:33.051884
35,77333,Dženan Pejčinović,1127790,VfL Wolfsburg,2524,8,0,6.65,7.87,0.54,50,23,13,4,10,1,0,1482,30,goals,GER,2025-2026,datafc_sofascore,2026-08-09T01:15:33.051884
35,77333,Tim Lemperle,1014290,TSG Hoffenheim,2569,8,2,6.55,8.4,2.36,53,21,27,15,21,1,1,1959,29,goals,GER,2025-2026,datafc_sofascore,2026-08-09T01:15:33.051884
35,77333,Fábio Vieira,904835,Hamburger SV,2676,7,5,7.18,4.65,4.07,59,19,39,32,20,2,2,2215,29,goals,GER,2025-2026,datafc_sofascore,2026-08-09T01:15:33.051884
35,77333,Chris Führich,891510,VfB Stuttgart,2677,7,7,7.17,4.26,8.05,45,23,49,28,15,2,0,1723,33,goals,GER,2025-2026,datafc_sofascore,2026-08-09T01:15:33.051884
35,77333,Jakub Kamiński,801263,1. FC Köln,2671,7,3,7.1,7.06,6.41,63,26,52,24,45,4,0,3019,34,goals,GER,2025-2026,datafc_sofascore,2026-08-09T01:15:33.051884
35,77333,Jamie Leweling,990201,VfB Stuttgart,2677,7,9,7.03,4.31,5.22,49,18,41,31,22,4,0,2375,32,goals,GER,2025-2026,datafc_sofascore,2026-08-09T01:15:33.051884
35,77333,Julian Brandt,226978,Borussia Dortmund,2673,7,4,6.99,5.7,5.3,37,18,32,18,14,0,0,1627,29,goals,GER,2025-2026,datafc_sofascore,2026-08-09T01:15:33.051884
35,77333,Vincenzo Grifo,171961,SC Freiburg,2538,7,4,6.94,5.74,4.66,30,12,41,10,10,0,0,1720,33,goals,GER,2025-2026,datafc_sofascore,2026-08-09T01:15:33.051884
35,77333,Ragnar Ache,877544,1. FC Köln,2671,7,4,6.88,10.34,1.04,52,22,28,9,13,3,0,1725,29,goals,GER,2025-2026,datafc_sofascore,2026-08-09T01:15:33.051884
35,77333,Karim Adeyemi,940054,Borussia Dortmund,2673,7,4,6.86,4.87,3.16,31,14,16,27,5,5,0,1215,28,goals,GER,2025-2026,datafc_sofascore,2026-08-09T01:15:33.051884
35,77333,Grischa Prömel,253993,TSG Hoffenheim,2569,7,2,6.86,5.09,2.98,43,14,16,6,36,5,0,1752,33,goals,GER,2025-2026,datafc_sofascore,2026-08-09T01:15:33.051884
35,77333,Luka Vušković,1405212,Hamburger SV,2676,6,0,7.28,4.22,1.46,32,10,11,8,22,6,0,2441,28,goals,GER,2025-2026,datafc_sofascore,2026-08-09T01:15:33.051884
35,77333,Maximilian Mittelstädt,788949,VfB Stuttgart,2677,6,4,7.2,4.4,6.02,31,16,37,14,67,4,0,2195,32,goals,GER,2025-2026,datafc_sofascore,2026-08-09T01:15:33.051884
35,77333,Malik Tillman,975798,Bayer 04 Leverkusen,2681,6,0,6.93,4.62,2.91,34,13,26,11,38,2,0,1689,29,goals,GER,2025-2026,datafc_sofascore,2026-08-09T01:15:33.051884
35,77333,Fabian Rieder,929620,FC Augsburg,2600,6,3,6.89,4.19,4.59,38,13,44,19,37,4,0,2359,32,goals,GER,2025-2026,datafc_sofascore,2026-08-09T01:15:33.051884
35,77333,Anton Kade,1129365,FC Augsburg,2600,6,0,6.84,6.35,3.01,48,21,26,24,31,3,0,1746,28,goals,GER,2025-2026,datafc_sofascore,2026-08-09T01:15:33.051884
35,77333,Arnaud Kalimuendo,954061,Eintracht Frankfurt,2674,6,1,6.79,4.04,1.17,30,16,22,21,11,4,0,1420,19,goals,GER,2025-2026,datafc_sofascore,2026-08-09T01:15:33.051884
35,77333,Michael Gregoritsch,111483,FC Augsburg,2600,6,2,6.76,5.27,0.74,29,10,7,2,5,2,0,927,17,goals,GER,2025-2026,datafc_sofascore,2026-08-09T01:15:33.051884
35,77333,Oliver Burke,608362,1. FC Union Berlin,2547,6,2,6.75,5.18,1.96,33,15,22,11,12,4,0,1691,29,goals,GER,2025-2026,datafc_sofascore,2026-08-09T01:15:33.051884
35,77333,Budu Zivzivadze,149728,1. FC Heidenheim,5885,6,0,6.65,5.32,1.1,28,14,7,13,14,2,1,1146,20,goals,GER,2025-2026,datafc_sofascore,2026-08-09T01:15:33.051884
35,77333,Phillip Tietz,822340,1. FSV Mainz 05,2556,6,3,6.45,8.87,1.87,52,24,22,12,8,4,0,1807,29,goals,GER,2025-2026,datafc_sofascore,2026-08-09T01:15:33.051884
35,77333,Nico Schlotterbeck,940871,Borussia Dortmund,2673,5,1,7.67,3.72,2.69,32,9,12,15,50,8,0,2520,28,goals,GER,2025-2026,datafc_sofascore,2026-08-09T01:15:33.051884
35,77333,Ramy Bensebaini,577726,Borussia Dortmund,2673,5,2,7.38,3.11,1.94,17,7,10,4,28,6,0,1529,21,goals,GER,2025-2026,datafc_sofascore,2026-08-09T01:15:33.051884
35,77333,Johan Manzambi,1518931,SC Freiburg,2538,5,4,7.22,3.85,5.13,51,12,20,33,35,4,2,2094,27,goals,GER,2025-2026,datafc_sofascore,2026-08-09T01:15:33.051884
35,77333,Edmond Tapsoba,883262,Bayer 04 Leverkusen,2681,5,3,7.2,2.5,1.42,29,10,11,8,31,7,0,2576,29,goals,GER,2025-2026,datafc_sofascore,2026-08-09T01:15:33.051884
35,77333,Leon Goretzka,184661,FC Bayern München,2672,5,3,7.13,4.8,3.81,35,11,22,11,29,4,0,1954,31,goals,GER,2025-2026,datafc_sofascore,2026-08-09T01:15:33.051884
35,77333,Albert Sambi Lokonga,901892,Hamburger SV,2676,5,0,6.96,2.05,1.6,19,11,25,8,31,3,0,1712,26,goals,GER,2025-2026,datafc_sofascore,2026-08-09T01:15:33.051884
35,77333,Kevin Diks,583806,Borussia M'gladbach,2527,5,0,6.96,5.08,1.13,23,13,8,10,43,6,0,2467,30,goals,GER,2025-2026,datafc_sofascore,2026-08-09T01:15:33.051884
35,77333,Bazoumana Touré,1568123,TSG Hoffenheim,2569,5,9,6.91,4.16,5.75,48,13,46,48,34,2,0,2325,30,goals,GER,2025-2026,datafc_sofascore,2026-08-09T01:15:33.051884
35,77333,Alexis Claude-Maurice,822877,FC Augsburg,2600,5,4,6.87,6.88,3.2,71,26,33,44,41,3,0,2107,29,goals,GER,2025-2026,datafc_sofascore,2026-08-09T01:15:33.051884
35,77333,Ritsu Doan,790965,Eintracht Frankfurt,2674,5,5,6.85,3.36,5.62,41,15,40,34,43,5,0,2379,31,goals,GER,2025-2026,datafc_sofascore,2026-08-09T01:15:33.051884
35,77333,Marius Bülter,378340,1. FC Köln,2671,5,4,6.84,4.37,4.47,42,17,26,6,7,3,0,1606,32,goals,GER,2025-2026,datafc_sofascore,2026-08-09T01:15:33.051884
35,77333,Ernest Poku,1119502,Bayer 04 Leverkusen,2681,5,5,6.84,3.05,4.35,27,9,28,28,13,0,0,1484,29,goals,GER,2025-2026,datafc_sofascore,2026-08-09T01:15:33.051884
35,77333,Lennart Karl,1861975,FC Bayern München,2672,5,5,6.83,7.59,4.96,42,21,24,22,25,1,0,1282,26,goals,GER,2025-2026,datafc_sofascore,2026-08-09T01:15:33.051884
35,77333,Luca Waldschmidt,319861,1. FC Köln,2671,5,4,6.79,5.54,1.64,26,13,13,7,8,1,0,684,24,goals,GER,2025-2026,datafc_sofascore,2026-08-09T01:15:33.051884
35,77333,Raphaël Guerreiro,246999,FC Bayern München,2672,5,2,6.77,3.43,1.43,12,5,19,3,7,0,0,803,18,goals,GER,2025-2026,datafc_sofascore,2026-08-09T01:15:33.051884
35,77333,Danilho Doekhi,830803,1. FC Union Berlin,2547,5,0,6.75,4.25,1.61,46,11,8,3,44,4,0,3060,34,goals,GER,2025-2026,datafc_sofascore,2026-08-09T01:15:33.051884
35,77333,Tiago Tomás,983540,VfB Stuttgart,2677,5,3,6.73,5.97,1.11,35,10,11,13,15,4,0,1039,27,goals,GER,2025-2026,datafc_sofascore,2026-08-09T01:15:33.051884
35,77333,Rani Khedira,149479,1. FC Union Berlin,2547,5,1,6.72,2.04,1.35,23,10,16,3,59,7,0,2835,32,goals,GER,2025-2026,datafc_sofascore,2026-08-09T01:15:33.051884
35,77333,Danel Sinani,887500,FC St. Pauli,2526,5,3,6.72,5.06,4.78,51,18,47,12,25,4,0,2068,30,goals,GER,2025-2026,datafc_sofascore,2026-08-09T01:15:33.051884
35,77333,Christian Kofane,2029648,Bayer 04 Leverkusen,2681,5,4,6.71,6.8,1.11,46,19,17,7,13,3,0,1269,29,goals,GER,2025-2026,datafc_sofascore,2026-08-09T01:15:33.051884
35,77333,Andrej Ilić,953767,1. FC Union Berlin,2547,5,9,6.7,11.26,2.17,72,26,30,7,4,5,0,2256,32,goals,GER,2025-2026,datafc_sofascore,2026-08-09T01:15:33.051884
35,77333,Derry Scherhant,1131002,SC Freiburg,2538,5,1,6.69,2.58,2.48,36,13,22,30,20,2,0,1308,31,goals,GER,2025-2026,datafc_sofascore,2026-08-09T01:15:33.051884
35,77333,Justin Njinmah,1005343,SV Werder Bremen,2534,5,0,6.68,6.71,1.09,62,23,16,21,23,2,0,1955,33,goals,GER,2025-2026,datafc_sofascore,2026-08-09T01:15:33.051884
35,77333,Ilyas Ansah,1462742,1. FC Union Berlin,2547,5,1,6.64,3.25,1.05,33,12,16,25,17,1,0,1909,33,goals,GER,2025-2026,datafc_sofascore,2026-08-09T01:15:33.051884
35,77333,Ransford Yeboah Königsdörffer,1012235,Hamburger SV,2676,5,0,6.62,7.69,1.68,65,22,20,15,6,2,0,2360,33,goals,GER,2025-2026,datafc_sofascore,2026-08-09T01:15:33.051884
35,77333,Stefan Schimmer,842922,1. FC Heidenheim,5885,5,1,6.62,5.37,0.63,31,11,12,1,11,1,0,812,27,goals,GER,2025-2026,datafc_sofascore,2026-08-09T01:15:33.051884
35,77333,Paul Nebel,980621,1. FSV Mainz 05,2556,5,2,6.61,5.26,3.77,32,8,41,20,50,2,2,2081,30,goals,GER,2025-2026,datafc_sofascore,2026-08-09T01:15:33.051884
35,77333,Rayan Philippe,991824,Hamburger SV,2676,5,0,6.58,5.2,1.68,39,16,16,12,20,2,0,1292,28,goals,GER,2025-2026,datafc_sofascore,2026-08-09T01:15:33.051884
35,77333,Wouter Burger,916946,TSG Hoffenheim,2569,4,5,7.08,3.46,5.35,36,13,51,4,72,7,1,2440,30,goals,GER,2025-2026,datafc_sofascore,2026-08-09T01:15:33.051884
35,77333,Antonio Nusa,1121923,RB Leipzig,36360,4,3,7.07,4.41,5.16,61,20,33,68,26,0,0,2035,31,goals,GER,2025-2026,datafc_sofascore,2026-08-09T01:15:33.051884
35,77333,Bilal El Khannouss,1126569,VfB Stuttgart,2677,4,5,6.98,3.17,5.74,42,15,45,18,28,6,0,1634,25,goals,GER,2025-2026,datafc_sofascore,2026-08-09T01:15:33.051884
35,77333,Nikolas Nartey,861981,VfB Stuttgart,2677,4,3,6.93,2.52,2.76,22,12,24,18,14,2,0,1262,28,goals,GER,2025-2026,datafc_sofascore,2026-08-09T01:15:33.051884
35,77333,Romano Schmid,830127,SV Werder Bremen,2534,4,8,6.91,7.83,10.44,57,21,89,37,46,4,0,2988,34,goals,GER,2025-2026,datafc_sofascore,2026-08-09T01:15:33.051884
35,77333,Assan Ouédraogo,1418623,RB Leipzig,36360,4,3,6.89,2.39,1.86,27,13,14,14,8,0,0,974,19,goals,GER,2025-2026,datafc_sofascore,2026-08-09T01:15:33.051884
35,77333,Jarell Quansah,1003339,Bayer 04 Leverkusen,2681,4,0,6.88,2.84,1.29,18,8,11,14,28,9,0,2308,28,goals,GER,2025-2026,datafc_sofascore,2026-08-09T01:15:33.051884
35,77333,Patrick Wimmer,987504,VfL Wolfsburg,2524,4,3,6.88,3.12,2.19,24,8,16,38,47,4,0,1634,25,goals,GER,2025-2026,datafc_sofascore,2026-08-09T01:15:33.051884
35,77333,Ozan Kabak,857740,TSG Hoffenheim,2569,4,0,6.88,4.33,0.84,36,12,8,6,20,5,0,1763,25,goals,GER,2025-2026,datafc_sofascore,2026-08-09T01:15:33.051884
35,77333,Martin Terrier,846445,Bayer 04 Leverkusen,2681,4,1,6.81,2.55,0.99,17,6,9,5,11,1,0,672,18,goals,GER,2025-2026,datafc_sofascore,2026-08-09T01:15:33.051884
35,77333,Nathaniel Brown,1159759,Eintracht Frankfurt,2674,4,4,6.79,2.52,2.89,18,9,34,17,81,3,0,2658,33,goals,GER,2025-2026,datafc_sofascore,2026-08-09T01:15:33.051884
35,77333,Yuito Suzuki,1020422,SC Freiburg,2538,4,2,6.76,3.86,2.59,38,14,25,18,20,3,0,1636,25,goals,GER,2025-2026,datafc_sofascore,2026-08-09T01:15:33.051884
35,77333,Woo-Yeong Jeong,927405,1. FC Union Berlin,2547,4,1,6.74,2.63,0.82,22,8,6,7,18,0,0,1206,28,goals,GER,2025-2026,datafc_sofascore,2026-08-09T01:15:33.051884
35,77333,Konstantinos Koulierakis,1184855,VfL Wolfsburg,2524,4,1,6.73,3.22,1.37,26,12,14,3,39,5,0,2488,29,goals,GER,2025-2026,datafc_sofascore,2026-08-09T01:15:33.051884
35,77333,Jae-sung Lee,537552,1. FSV Mainz 05,2556,4,2,6.72,3.25,3.21,30,9,22,5,38,4,0,2198,28,goals,GER,2025-2026,datafc_sofascore,2026-08-09T01:15:33.051884
35,77333,Marvin Pieringer,909485,1. FC Heidenheim,5885,4,1,6.71,5.84,1.46,32,8,16,16,20,2,0,1653,27,goals,GER,2025-2026,datafc_sofascore,2026-08-09T01:15:33.051884
35,77333,Ansgar Knauff,997012,Eintracht Frankfurt,2674,4,1,6.58,3.78,1.8,35,14,17,11,13,3,0,1332,28,goals,GER,2025-2026,datafc_sofascore,2026-08-09T01:15:33.051884
35,77333,Andreas Hountondji,1112796,FC St. Pauli,2526,4,0,6.42,4.27,0.53,21,13,6,9,7,2,0,1084,21,goals,GER,2025-2026,datafc_sofascore,2026-08-09T01:15:33.051884
35,77333,Aleix García,796047,Bayer 04 Leverkusen,2681,3,8,7.45,2.29,6.65,30,5,51,4,26,6,0,2676,33,goals,GER,2025-2026,datafc_sofascore,2026-08-09T01:15:33.051884
35,77333,David Raum,856076,RB Leipzig,36360,3,7,7.33,2.2,12.39,24,8,98,16,48,6,0,2556,30,goals,GER,2025-2026,datafc_sofascore,2026-08-09T01:15:33.051884
35,77333,Emre Can,138156,Borussia Dortmund,2673,3,0,7.22,2.45,0.4,5,4,0,3,12,3,0,621,9,goals,GER,2025-2026,datafc_sofascore,2026-08-09T01:15:33.051884
35,77333,Aleksandar Pavlović,1142251,FC Bayern München,2672,3,1,7.18,1.6,2.34,10,5,21,4,26,2,0,1460,24,goals,GER,2025-2026,datafc_sofascore,2026-08-09T01:15:33.051884
35,77333,Brajan Gruda,1198075,RB Leipzig,36360,3,3,7.18,3.44,2.67,22,10,17,21,8,1,0,755,13,goals,GER,2025-2026,datafc_sofascore,2026-08-09T01:15:33.051884
35,77333,Ibrahim Maza,1407524,Bayer 04 Leverkusen,2681,3,4,7.1,5.34,4.45,54,17,29,48,41,2,0,1859,28,goals,GER,2025-2026,datafc_sofascore,2026-08-09T01:15:33.051884
35,77333,Jean-Luc Dompé,789192,Hamburger SV,2676,3,0,7.03,2.08,4.02,25,12,33,21,5,0,0,1136,20,goals,GER,2025-2026,datafc_sofascore,2026-08-09T01:15:33.051884
35,77333,Matthias Ginter,142259,SC Freiburg,2538,3,4,6.98,2.3,2.92,19,7,15,3,22,3,0,2836,32,goals,GER,2025-2026,datafc_sofascore,2026-08-09T01:15:33.051884
35,77333,Robin Koch,581302,Eintracht Frankfurt,2674,3,1,6.96,1.38,1.67,15,5,10,2,42,1,1,2835,32,goals,GER,2025-2026,datafc_sofascore,2026-08-09T01:15:33.051884
35,77333,Harry Kane,108579,FC Bayern München,2672,36,5,7.84,26.87,4.27,119,67,40,32,19,1,0,2382,31,goals,GER,2025-2026,datafc_sofascore,2026-08-09T01:15:33.051884
35,77333,Deniz Undav,794298,VfB Stuttgart,2677,19,6,7.19,16.4,4.03,122,46,41,9,18,5,0,2247,29,goals,GER,2025-2026,datafc_sofascore,2026-08-09T01:15:33.051884
35,77333,Serhou Guirassy,328027,Borussia Dortmund,2673,17,1,6.83,17.56,3.5,84,40,20,12,2,3,0,2348,33,goals,GER,2025-2026,datafc_sofascore,2026-08-09T01:15:33.051884
35,77333,Patrik Schick,280609,Bayer 04 Leverkusen,2681,16,3,6.94,17.18,2.78,72,34,14,10,9,2,0,1995,28,goals,GER,2025-2026,datafc_sofascore,2026-08-09T01:15:33.051884
35,77333,Michael Olise,978838,FC Bayern München,2672,15,19,7.87,11.46,17.23,101,50,81,65,24,8,0,2317,32,goals,GER,2025-2026,datafc_sofascore,2026-08-09T01:15:33.051884
35,77333,Luis Díaz,883537,FC Bayern München,2672,15,14,7.26,15.1,7.74,88,37,67,61,21,5,1,2450,32,goals,GER,2025-2026,datafc_sofascore,2026-08-09T01:15:33.051884
35,77333,Andrej Kramarić,67647,TSG Hoffenheim,2569,14,6,7.03,11.89,5.02,64,33,36,19,8,2,0,2222,34,goals,GER,2025-2026,datafc_sofascore,2026-08-09T01:15:33.051884
35,77333,Said El Mala,1800475,1. FC Köln,2671,13,4,6.97,11.22,2.34,75,31,21,44,24,4,0,1957,34,goals,GER,2025-2026,datafc_sofascore,2026-08-09T01:15:33.051884
35,77333,Jonathan Burkardt,939830,Eintracht Frankfurt,2674,13,1,6.94,12.0,0.81,41,21,9,6,8,1,0,1340,22,goals,GER,2025-2026,datafc_sofascore,2026-08-09T01:15:33.051884
35,77333,Christoph Baumgartner,825956,RB Leipzig,36360,13,8,6.93,15.1,3.94,81,35,37,13,54,10,0,2789,33,goals,GER,2025-2026,datafc_sofascore,2026-08-09T01:15:33.051884
35,77333,Haris Tabaković,259803,Borussia M'gladbach,2527,13,2,6.71,13.0,0.86,67,27,16,6,10,5,0,2394,32,goals,GER,2025-2026,datafc_sofascore,2026-08-09T01:15:33.051884
35,77333,Yan Diomande,2087085,RB Leipzig,36360,12,8,7.72,7.14,10.12,53,26,56,118,29,2,0,2476,33,goals,GER,2025-2026,datafc_sofascore,2026-08-09T01:15:33.051884
35,77333,Nadiem Amiri,327755,1. FSV Mainz 05,2556,12,2,7.43,10.4,7.69,55,23,63,25,31,6,0,2090,26,goals,GER,2025-2026,datafc_sofascore,2026-08-09T01:15:33.051884
35,77333,Ermedin Demirović,878081,VfB Stuttgart,2677,12,3,6.92,7.55,2.01,41,22,17,7,14,5,0,1506,25,goals,GER,2025-2026,datafc_sofascore,2026-08-09T01:15:33.051884
35,77333,Igor Matanović,1019321,SC Freiburg,2538,11,2,6.8,9.24,1.33,52,20,22,12,23,0,0,1570,31,goals,GER,2025-2026,datafc_sofascore,2026-08-09T01:15:33.051884
35,77333,Jens Stage,830142,SV Werder Bremen,2534,10,2,6.98,6.08,3.21,56,21,26,13,41,5,0,2468,29,goals,GER,2025-2026,datafc_sofascore,2026-08-09T01:15:33.051884
35,77333,Fisnik Asllani,1010117,TSG Hoffenheim,2569,10,7,6.73,8.28,3.93,73,28,36,17,17,2,0,2354,33,goals,GER,2025-2026,datafc_sofascore,2026-08-09T01:15:33.051884
35,77333,Maximilian Beier,980628,Borussia Dortmund,2673,9,6,6.8,7.35,4.97,50,20,26,18,26,3,0,2036,32,goals,GER,2025-2026,datafc_sofascore,2026-08-09T01:15:33.051884
35,77333,Rômulo,1133743,RB Leipzig,36360,9,4,6.65,14.36,2.95,63,27,26,11,30,3,0,2204,30,goals,GER,2025-2026,datafc_sofascore,2026-08-09T01:15:33.051884
35,77333,Alejandro Grimaldo,177177,Bayer 04 Leverkusen,2681,8,8,7.31,6.65,10.13,60,21,70,25,49,5,0,2524,29,goals,GER,2025-2026,datafc_sofascore,2026-08-09T01:15:33.051884
35,77333,Can Uzun,1440948,Eintracht Frankfurt,2674,8,4,7.19,3.93,2.98,41,19,20,16,15,3,0,1172,21,goals,GER,2025-2026,datafc_sofascore,2026-08-09T01:15:33.051884
35,77333,Serge Gnabry,187433,FC Bayern München,2672,8,6,7.09,6.26,5.08,50,17,23,16,18,1,0,1228,21,goals,GER,2025-2026,datafc_sofascore,2026-08-09T01:15:33.051884
35,77333,Nicolas Jackson,1085381,FC Bayern München,2672,8,1,6.75,7.26,1.58,38,21,18,11,8,2,1,1037,23,goals,GER,2025-2026,datafc_sofascore,2026-08-09T01:15:33.051884
35,77333,Mohamed Amoura,1107591,VfL Wolfsburg,2524,8,3,6.74,8.6,2.51,60,19,25,16,38,2,0,1935,30,goals,GER,2025-2026,datafc_sofascore,2026-08-09T01:15:33.051884
35,77333,Dženan Pejčinović,1127790,VfL Wolfsburg,2524,8,0,6.65,7.87,0.54,50,23,13,4,10,1,0,1482,30,goals,GER,2025-2026,datafc_sofascore,2026-08-09T01:15:33.051884
35,77333,Tim Lemperle,1014290,TSG Hoffenheim,2569,8,2,6.55,8.4,2.36,53,21,27,15,21,1,1,1959,29,goals,GER,2025-2026,datafc_sofascore,2026-08-09T01:15:33.051884
35,77333,Fábio Vieira,904835,Hamburger SV,2676,7,5,7.18,4.65,4.07,59,19,39,32,20,2,2,2215,29,goals,GER,2025-2026,datafc_sofascore,2026-08-09T01:15:33.051884
35,77333,Chris Führich,891510,VfB Stuttgart,2677,7,7,7.17,4.26,8.05,45,23,49,28,15,2,0,1723,33,goals,GER,2025-2026,datafc_sofascore,2026-08-09T01:15:33.051884
35,77333,Jakub Kamiński,801263,1. FC Köln,2671,7,3,7.1,7.06,6.41,63,26,52,24,45,4,0,3019,34,goals,GER,2025-2026,datafc_sofascore,2026-08-09T01:15:33.051884
35,77333,Jamie Leweling,990201,VfB Stuttgart,2677,7,9,7.03,4.31,5.22,49,18,41,31,22,4,0,2375,32,goals,GER,2025-2026,datafc_sofascore,2026-08-09T01:15:33.051884
35,77333,Julian Brandt,226978,Borussia Dortmund,2673,7,4,6.99,5.7,5.3,37,18,32,18,14,0,0,1627,29,goals,GER,2025-2026,datafc_sofascore,2026-08-09T01:15:33.051884
35,77333,Vincenzo Grifo,171961,SC Freiburg,2538,7,4,6.94,5.74,4.66,30,12,41,10,10,0,0,1720,33,goals,GER,2025-2026,datafc_sofascore,2026-08-09T01:15:33.051884
35,77333,Ragnar Ache,877544,1. FC Köln,2671,7,4,6.88,10.34,1.04,52,22,28,9,13,3,0,1725,29,goals,GER,2025-2026,datafc_sofascore,2026-08-09T01:15:33.051884
35,77333,Karim Adeyemi,940054,Borussia Dortmund,2673,7,4,6.86,4.87,3.16,31,14,16,27,5,5,0,1215,28,goals,GER,2025-2026,datafc_sofascore,2026-08-09T01:15:33.051884
35,77333,Grischa Prömel,253993,TSG Hoffenheim,2569,7,2,6.86,5.09,2.98,43,14,16,6,36,5,0,1752,33,goals,GER,2025-2026,datafc_sofascore,2026-08-09T01:15:33.051884
35,77333,Luka Vušković,1405212,Hamburger SV,2676,6,0,7.28,4.22,1.46,32,10,11,8,22,6,0,2441,28,goals,GER,2025-2026,datafc_sofascore,2026-08-09T01:15:33.051884
35,77333,Maximilian Mittelstädt,788949,VfB Stuttgart,2677,6,4,7.2,4.4,6.02,31,16,37,14,67,4,0,2195,32,goals,GER,2025-2026,datafc_sofascore,2026-08-09T01:15:33.051884
35,77333,Malik Tillman,975798,Bayer 04 Leverkusen,2681,6,0,6.93,4.62,2.91,34,13,26,11,38,2,0,1689,29,goals,GER,2025-2026,datafc_sofascore,2026-08-09T01:15:33.051884
35,77333,Fabian Rieder,929620,FC Augsburg,2600,6,3,6.89,4.19,4.59,38,13,44,19,37,4,0,2359,32,goals,GER,2025-2026,datafc_sofascore,2026-08-09T01:15:33.051884
35,77333,Anton Kade,1129365,FC Augsburg,2600,6,0,6.84,6.35,3.01,48,21,26,24,31,3,0,1746,28,goals,GER,2025-2026,datafc_sofascore,2026-08-09T01:15:33.051884
35,77333,Arnaud Kalimuendo,954061,Eintracht Frankfurt,2674,6,1,6.79,4.04,1.17,30,16,22,21,11,4,0,1420,19,goals,GER,2025-2026,datafc_sofascore,2026-08-09T01:15:33.051884
35,77333,Michael Gregoritsch,111483,FC Augsburg,2600,6,2,6.76,5.27,0.74,29,10,7,2,5,2,0,927,17,goals,GER,2025-2026,datafc_sofascore,2026-08-09T01:15:33.051884
35,77333,Oliver Burke,608362,1. FC Union Berlin,2547,6,2,6.75,5.18,1.96,33,15,22,11,12,4,0,1691,29,goals,GER,2025-2026,datafc_sofascore,2026-08-09T01:15:33.051884
35,77333,Budu Zivzivadze,149728,1. FC Heidenheim,5885,6,0,6.65,5.32,1.1,28,14,7,13,14,2,1,1146,20,goals,GER,2025-2026,datafc_sofascore,2026-08-09T01:15:33.051884
35,77333,Phillip Tietz,822340,1. FSV Mainz 05,2556,6,3,6.45,8.87,1.87,52,24,22,12,8,4,0,1807,29,goals,GER,2025-2026,datafc_sofascore,2026-08-09T01:15:33.051884
35,77333,Nico Schlotterbeck,940871,Borussia Dortmund,2673,5,1,7.67,3.72,2.69,32,9,12,15,50,8,0,2520,28,goals,GER,2025-2026,datafc_sofascore,2026-08-09T01:15:33.051884
35,77333,Ramy Bensebaini,577726,Borussia Dortmund,2673,5,2,7.38,3.11,1.94,17,7,10,4,28,6,0,1529,21,goals,GER,2025-2026,datafc_sofascore,2026-08-09T01:15:33.051884
35,77333,Johan Manzambi,1518931,SC Freiburg,2538,5,4,7.22,3.85,5.13,51,12,20,33,35,4,2,2094,27,goals,GER,2025-2026,datafc_sofascore,2026-08-09T01:15:33.051884
35,77333,Edmond Tapsoba,883262,Bayer 04 Leverkusen,2681,5,3,7.2,2.5,1.42,29,10,11,8,31,7,0,2576,29,goals,GER,2025-2026,datafc_sofascore,2026-08-09T01:15:33.051884
35,77333,Leon Goretzka,184661,FC Bayern München,2672,5,3,7.13,4.8,3.81,35,11,22,11,29,4,0,1954,31,goals,GER,2025-2026,datafc_sofascore,2026-08-09T01:15:33.051884
35,77333,Albert Sambi Lokonga,901892,Hamburger SV,2676,5,0,6.96,2.05,1.6,19,11,25,8,31,3,0,1712,26,goals,GER,2025-2026,datafc_sofascore,2026-08-09T01:15:33.051884
35,77333,Kevin Diks,583806,Borussia M'gladbach,2527,5,0,6.96,5.08,1.13,23,13,8,10,43,6,0,2467,30,goals,GER,2025-2026,datafc_sofascore,2026-08-09T01:15:33.051884
35,77333,Bazoumana Touré,1568123,TSG Hoffenheim,2569,5,9,6.91,4.16,5.75,48,13,46,48,34,2,0,2325,30,goals,GER,2025-2026,datafc_sofascore,2026-08-09T01:15:33.051884
35,77333,Alexis Claude-Maurice,822877,FC Augsburg,2600,5,4,6.87,6.88,3.2,71,26,33,44,41,3,0,2107,29,goals,GER,2025-2026,datafc_sofascore,2026-08-09T01:15:33.051884
35,77333,Ritsu Doan,790965,Eintracht Frankfurt,2674,5,5,6.85,3.36,5.62,41,15,40,34,43,5,0,2379,31,goals,GER,2025-2026,datafc_sofascore,2026-08-09T01:15:33.051884
35,77333,Marius Bülter,378340,1. FC Köln,2671,5,4,6.84,4.37,4.47,42,17,26,6,7,3,0,1606,32,goals,GER,2025-2026,datafc_sofascore,2026-08-09T01:15:33.051884
35,77333,Ernest Poku,1119502,Bayer 04 Leverkusen,2681,5,5,6.84,3.05,4.35,27,9,28,28,13,0,0,1484,29,goals,GER,2025-2026,datafc_sofascore,2026-08-09T01:15:33.051884
35,77333,Lennart Karl,1861975,FC Bayern München,2672,5,5,6.83,7.59,4.96,42,21,24,22,25,1,0,1282,26,goals,GER,2025-2026,datafc_sofascore,2026-08-09T01:15:33.051884
35,77333,Luca Waldschmidt,319861,1. FC Köln,2671,5,4,6.79,5.54,1.64,26,13,13,7,8,1,0,684,24,goals,GER,2025-2026,datafc_sofascore,2026-08-09T01:15:33.051884
35,77333,Raphaël Guerreiro,246999,FC Bayern München,2672,5,2,6.77,3.43,1.43,12,5,19,3,7,0,0,803,18,goals,GER,2025-2026,datafc_sofascore,2026-08-09T01:15:33.051884
35,77333,Danilho Doekhi,830803,1. FC Union Berlin,2547,5,0,6.75,4.25,1.61,46,11,8,3,44,4,0,3060,34,goals,GER,2025-2026,datafc_sofascore,2026-08-09T01:15:33.051884
35,77333,Tiago Tomás,983540,VfB Stuttgart,2677,5,3,6.73,5.97,1.11,35,10,11,13,15,4,0,1039,27,goals,GER,2025-2026,datafc_sofascore,2026-08-09T01:15:33.051884
35,77333,Rani Khedira,149479,1. FC Union Berlin,2547,5,1,6.72,2.04,1.35,23,10,16,3,59,7,0,2835,32,goals,GER,2025-2026,datafc_sofascore,2026-08-09T01:15:33.051884
35,77333,Danel Sinani,887500,FC St. Pauli,2526,5,3,6.72,5.06,4.78,51,18,47,12,25,4,0,2068,30,goals,GER,2025-2026,datafc_sofascore,2026-08-09T01:15:33.051884
35,77333,Christian Kofane,2029648,Bayer 04 Leverkusen,2681,5,4,6.71,6.8,1.11,46,19,17,7,13,3,0,1269,29,goals,GER,2025-2026,datafc_sofascore,2026-08-09T01:15:33.051884
35,77333,Andrej Ilić,953767,1. FC Union Berlin,2547,5,9,6.7,11.26,2.17,72,26,30,7,4,5,0,2256,32,goals,GER,2025-2026,datafc_sofascore,2026-08-09T01:15:33.051884
35,77333,Derry Scherhant,1131002,SC Freiburg,2538,5,1,6.69,2.58,2.48,36,13,22,30,20,2,0,1308,31,goals,GER,2025-2026,datafc_sofascore,2026-08-09T01:15:33.051884
35,77333,Justin Njinmah,1005343,SV Werder Bremen,2534,5,0,6.68,6.71,1.09,62,23,16,21,23,2,0,1955,33,goals,GER,2025-2026,datafc_sofascore,2026-08-09T01:15:33.051884
35,77333,Ilyas Ansah,1462742,1. FC Union Berlin,2547,5,1,6.64,3.25,1.05,33,12,16,25,17,1,0,1909,33,goals,GER,2025-2026,datafc_sofascore,2026-08-09T01:15:33.051884
35,77333,Ransford Yeboah Königsdörffer,1012235,Hamburger SV,2676,5,0,6.62,7.69,1.68,65,22,20,15,6,2,0,2360,33,goals,GER,2025-2026,datafc_sofascore,2026-08-09T01:15:33.051884
35,77333,Stefan Schimmer,842922,1. FC Heidenheim,5885,5,1,6.62,5.37,0.63,31,11,12,1,11,1,0,812,27,goals,GER,2025-2026,datafc_sofascore,2026-08-09T01:15:33.051884
35,77333,Paul Nebel,980621,1. FSV Mainz 05,2556,5,2,6.61,5.26,3.77,32,8,41,20,50,2,2,2081,30,goals,GER,2025-2026,datafc_sofascore,2026-08-09T01:15:33.051884
35,77333,Rayan Philippe,991824,Hamburger SV,2676,5,0,6.58,5.2,1.68,39,16,16,12,20,2,0,1292,28,goals,GER,2025-2026,datafc_sofascore,2026-08-09T01:15:33.051884
35,77333,Wouter Burger,916946,TSG Hoffenheim,2569,4,5,7.08,3.46,5.35,36,13,51,4,72,7,1,2440,30,goals,GER,2025-2026,datafc_sofascore,2026-08-09T01:15:33.051884
35,77333,Antonio Nusa,1121923,RB Leipzig,36360,4,3,7.07,4.41,5.16,61,20,33,68,26,0,0,2035,31,goals,GER,2025-2026,datafc_sofascore,2026-08-09T01:15:33.051884
35,77333,Bilal El Khannouss,1126569,VfB Stuttgart,2677,4,5,6.98,3.17,5.74,42,15,45,18,28,6,0,1634,25,goals,GER,2025-2026,datafc_sofascore,2026-08-09T01:15:33.051884
35,77333,Nikolas Nartey,861981,VfB Stuttgart,2677,4,3,6.93,2.52,2.76,22,12,24,18,14,2,0,1262,28,goals,GER,2025-2026,datafc_sofascore,2026-08-09T01:15:33.051884
35,77333,Romano Schmid,830127,SV Werder Bremen,2534,4,8,6.91,7.83,10.44,57,21,89,37,46,4,0,2988,34,goals,GER,2025-2026,datafc_sofascore,2026-08-09T01:15:33.051884
35,77333,Assan Ouédraogo,1418623,RB Leipzig,36360,4,3,6.89,2.39,1.86,27,13,14,14,8,0,0,974,19,goals,GER,2025-2026,datafc_sofascore,2026-08-09T01:15:33.051884
35,77333,Jarell Quansah,1003339,Bayer 04 Leverkusen,2681,4,0,6.88,2.84,1.29,18,8,11,14,28,9,0,2308,28,goals,GER,2025-2026,datafc_sofascore,2026-08-09T01:15:33.051884
35,77333,Patrick Wimmer,987504,VfL Wolfsburg,2524,4,3,6.88,3.12,2.19,24,8,16,38,47,4,0,1634,25,goals,GER,2025-2026,datafc_sofascore,2026-08-09T01:15:33.051884
35,77333,Ozan Kabak,857740,TSG Hoffenheim,2569,4,0,6.88,4.33,0.84,36,12,8,6,20,5,0,1763,25,goals,GER,2025-2026,datafc_sofascore,2026-08-09T01:15:33.051884
35,77333,Martin Terrier,846445,Bayer 04 Leverkusen,2681,4,1,6.81,2.55,0.99,17,6,9,5,11,1,0,672,18,goals,GER,2025-2026,datafc_sofascore,2026-08-09T01:15:33.051884
35,77333,Nathaniel Brown,1159759,Eintracht Frankfurt,2674,4,4,6.79,2.52,2.89,18,9,34,17,81,3,0,2658,33,goals,GER,2025-2026,datafc_sofascore,2026-08-09T01:15:33.051884
35,77333,Yuito Suzuki,1020422,SC Freiburg,2538,4,2,6.76,3.86,2.59,38,14,25,18,20,3,0,1636,25,goals,GER,2025-2026,datafc_sofascore,2026-08-09T01:15:33.051884
35,77333,Woo-Yeong Jeong,927405,1. FC Union Berlin,2547,4,1,6.74,2.63,0.82,22,8,6,7,18,0,0,1206,28,goals,GER,2025-2026,datafc_sofascore,2026-08-09T01:15:33.051884
35,77333,Konstantinos Koulierakis,1184855,VfL Wolfsburg,2524,4,1,6.73,3.22,1.37,26,12,14,3,39,5,0,2488,29,goals,GER,2025-2026,datafc_sofascore,2026-08-09T01:15:33.051884
35,77333,Jae-sung Lee,537552,1. FSV Mainz 05,2556,4,2,6.72,3.25,3.21,30,9,22,5,38,4,0,2198,28,goals,GER,2025-2026,datafc_sofascore,2026-08-09T01:15:33.051884
35,77333,Marvin Pieringer,909485,1. FC Heidenheim,5885,4,1,6.71,5.84,1.46,32,8,16,16,20,2,0,1653,27,goals,GER,2025-2026,datafc_sofascore,2026-08-09T01:15:33.051884
35,77333,Ansgar Knauff,997012,Eintracht Frankfurt,2674,4,1,6.58,3.78,1.8,35,14,17,11,13,3,0,1332,28,goals,GER,2025-2026,datafc_sofascore,2026-08-09T01:15:33.051884
35,77333,Andreas Hountondji,1112796,FC St. Pauli,2526,4,0,6.42,4.27,0.53,21,13,6,9,7,2,0,1084,21,goals,GER,2025-2026,datafc_sofascore,2026-08-09T01:15:33.051884
35,77333,Aleix García,796047,Bayer 04 Leverkusen,2681,3,8,7.45,2.29,6.65,30,5,51,4,26,6,0,2676,33,goals,GER,2025-2026,datafc_sofascore,2026-08-09T01:15:33.051884
35,77333,David Raum,856076,RB Leipzig,36360,3,7,7.33,2.2,12.39,24,8,98,16,48,6,0,2556,30,goals,GER,2025-2026,datafc_sofascore,2026-08-09T01:15:33.051884
35,77333,Emre Can,138156,Borussia Dortmund,2673,3,0,7.22,2.45,0.4,5,4,0,3,12,3,0,621,9,goals,GER,2025-2026,datafc_sofascore,2026-08-09T01:15:33.051884
35,77333,Aleksandar Pavlović,1142251,FC Bayern München,2672,3,1,7.18,1.6,2.34,10,5,21,4,26,2,0,1460,24,goals,GER,2025-2026,datafc_sofascore,2026-08-09T01:15:33.051884
35,77333,Brajan Gruda,1198075,RB Leipzig,36360,3,3,7.18,3.44,2.67,22,10,17,21,8,1,0,755,13,goals,GER,2025-2026,datafc_sofascore,2026-08-09T01:15:33.051884
35,77333,Ibrahim Maza,1407524,Bayer 04 Leverkusen,2681,3,4,7.1,5.34,4.45,54,17,29,48,41,2,0,1859,28,goals,GER,2025-2026,datafc_sofascore,2026-08-09T01:15:33.051884
35,77333,Jean-Luc Dompé,789192,Hamburger SV,2676,3,0,7.03,2.08,4.02,25,12,33,21,5,0,0,1136,20,goals,GER,2025-2026,datafc_sofascore,2026-08-09T01:15:33.051884
35,77333,Matthias Ginter,142259,SC Freiburg,2538,3,4,6.98,2.3,2.92,19,7,15,3,22,3,0,2836,32,goals,GER,2025-2026,datafc_sofascore,2026-08-09T01:15:33.051884
35,77333,Robin Koch,581302,Eintracht Frankfurt,2674,3,1,6.96,1.38,1.67,15,5,10,2,42,1,1,2835,32,goals,GER,2025-2026,datafc_sofascore,2026-08-09T01:15:33.051884
35,77333,Michael Olise,978838,FC Bayern München,2672,15,19,7.87,11.46,17.23,101,50,81,65,24,8,0,2317,32,assists,GER,2025-2026,datafc_sofascore,2026-08-09T01:15:33.051884
35,77333,Julian Ryerson,800951,Borussia Dortmund,2673,0,15,7.08,0.93,10.04,12,1,56,24,34,8,0,2272,31,assists,GER,2025-2026,datafc_sofascore,2026-08-09T01:15:33.051884
35,77333,Luis Díaz,883537,FC Bayern München,2672,15,14,7.26,15.1,7.74,88,37,67,61,21,5,1,2450,32,assists,GER,2025-2026,datafc_sofascore,2026-08-09T01:15:33.051884
35,77333,Jamie Leweling,990201,VfB Stuttgart,2677,7,9,7.03,4.31,5.22,49,18,41,31,22,4,0,2375,32,assists,GER,2025-2026,datafc_sofascore,2026-08-09T01:15:33.051884
35,77333,Bazoumana Touré,1568123,TSG Hoffenheim,2569,5,9,6.91,4.16,5.75,48,13,46,48,34,2,0,2325,30,assists,GER,2025-2026,datafc_sofascore,2026-08-09T01:15:33.051884
35,77333,Christian Eriksen,105734,VfL Wolfsburg,2524,3,9,6.91,5.96,7.65,38,14,63,10,38,4,0,2419,31,assists,GER,2025-2026,datafc_sofascore,2026-08-09T01:15:33.051884
35,77333,Farès Chaïbi,1192318,Eintracht Frankfurt,2674,2,9,6.83,2.83,3.9,35,9,40,11,31,2,0,1797,28,assists,GER,2025-2026,datafc_sofascore,2026-08-09T01:15:33.051884
35,77333,Konrad Laimer,355492,FC Bayern München,2672,3,9,6.81,2.42,5.21,17,8,45,14,46,9,0,1997,29,assists,GER,2025-2026,datafc_sofascore,2026-08-09T01:15:33.051884
35,77333,Andrej Ilić,953767,1. FC Union Berlin,2547,5,9,6.7,11.26,2.17,72,26,30,7,4,5,0,2256,32,assists,GER,2025-2026,datafc_sofascore,2026-08-09T01:15:33.051884
35,77333,Yan Diomande,2087085,RB Leipzig,36360,12,8,7.72,7.14,10.12,53,26,56,118,29,2,0,2476,33,assists,GER,2025-2026,datafc_sofascore,2026-08-09T01:15:33.051884
35,77333,Joshua Kimmich,259117,FC Bayern München,2672,2,8,7.71,2.65,10.24,28,10,58,11,32,4,0,2280,29,assists,GER,2025-2026,datafc_sofascore,2026-08-09T01:15:33.051884
35,77333,Aleix García,796047,Bayer 04 Leverkusen,2681,3,8,7.45,2.29,6.65,30,5,51,4,26,6,0,2676,33,assists,GER,2025-2026,datafc_sofascore,2026-08-09T01:15:33.051884
35,77333,Alejandro Grimaldo,177177,Bayer 04 Leverkusen,2681,8,8,7.31,6.65,10.13,60,21,70,25,49,5,0,2524,29,assists,GER,2025-2026,datafc_sofascore,2026-08-09T01:15:33.051884
35,77333,Vladimír Coufal,138024,TSG Hoffenheim,2569,1,8,7.12,0.88,8.99,25,6,59,31,60,4,0,3017,34,assists,GER,2025-2026,datafc_sofascore,2026-08-09T01:15:33.051884
35,77333,Christoph Baumgartner,825956,RB Leipzig,36360,13,8,6.93,15.1,3.94,81,35,37,13,54,10,0,2789,33,assists,GER,2025-2026,datafc_sofascore,2026-08-09T01:15:33.051884
35,77333,Romano Schmid,830127,SV Werder Bremen,2534,4,8,6.91,7.83,10.44,57,21,89,37,46,4,0,2988,34,assists,GER,2025-2026,datafc_sofascore,2026-08-09T01:15:33.051884
35,77333,David Raum,856076,RB Leipzig,36360,3,7,7.33,2.2,12.39,24,8,98,16,48,6,0,2556,30,assists,GER,2025-2026,datafc_sofascore,2026-08-09T01:15:33.051884
35,77333,Chris Führich,891510,VfB Stuttgart,2677,7,7,7.17,4.26,8.05,45,23,49,28,15,2,0,1723,33,assists,GER,2025-2026,datafc_sofascore,2026-08-09T01:15:33.051884
35,77333,Fisnik Asllani,1010117,TSG Hoffenheim,2569,10,7,6.73,8.28,3.93,73,28,36,17,17,2,0,2354,33,assists,GER,2025-2026,datafc_sofascore,2026-08-09T01:15:33.051884
35,77333,Deniz Undav,794298,VfB Stuttgart,2677,19,6,7.19,16.4,4.03,122,46,41,9,18,5,0,2247,29,assists,GER,2025-2026,datafc_sofascore,2026-08-09T01:15:33.051884
35,77333,Serge Gnabry,187433,FC Bayern München,2672,8,6,7.09,6.26,5.08,50,17,23,16,18,1,0,1228,21,assists,GER,2025-2026,datafc_sofascore,2026-08-09T01:15:33.051884
35,77333,Andrej Kramarić,67647,TSG Hoffenheim,2569,14,6,7.03,11.89,5.02,64,33,36,19,8,2,0,2222,34,assists,GER,2025-2026,datafc_sofascore,2026-08-09T01:15:33.051884
35,77333,Franck Honorat,280453,Borussia M'gladbach,2527,2,6,6.87,0.91,6.75,17,5,45,17,22,0,0,1987,28,assists,GER,2025-2026,datafc_sofascore,2026-08-09T01:15:33.051884
35,77333,Maximilian Beier,980628,Borussia Dortmund,2673,9,6,6.8,7.35,4.97,50,20,26,18,26,3,0,2036,32,assists,GER,2025-2026,datafc_sofascore,2026-08-09T01:15:33.051884
35,77333,Fábio Silva,954076,Borussia Dortmund,2673,2,6,6.59,2.64,2.53,23,8,17,12,7,3,0,828,28,assists,GER,2025-2026,datafc_sofascore,2026-08-09T01:15:33.051884
35,77333,Yukinari Sugawara,905347,SV Werder Bremen,2534,0,6,6.52,1.85,3.06,30,11,20,11,36,2,1,2432,31,assists,GER,2025-2026,datafc_sofascore,2026-08-09T01:15:33.051884
35,77333,Harry Kane,108579,FC Bayern München,2672,36,5,7.84,26.87,4.27,119,67,40,32,19,1,0,2382,31,assists,GER,2025-2026,datafc_sofascore,2026-08-09T01:15:33.051884
35,77333,Angelo Stiller,901882,VfB Stuttgart,2677,2,5,7.25,3.08,7.46,17,8,56,14,49,1,0,2750,34,assists,GER,2025-2026,datafc_sofascore,2026-08-09T01:15:33.051884
35,77333,Fábio Vieira,904835,Hamburger SV,2676,7,5,7.18,4.65,4.07,59,19,39,32,20,2,2,2215,29,assists,GER,2025-2026,datafc_sofascore,2026-08-09T01:15:33.051884
35,77333,Wouter Burger,916946,TSG Hoffenheim,2569,4,5,7.08,3.46,5.35,36,13,51,4,72,7,1,2440,30,assists,GER,2025-2026,datafc_sofascore,2026-08-09T01:15:33.051884
35,77333,Bilal El Khannouss,1126569,VfB Stuttgart,2677,4,5,6.98,3.17,5.74,42,15,45,18,28,6,0,1634,25,assists,GER,2025-2026,datafc_sofascore,2026-08-09T01:15:33.051884
35,77333,Dimitrios Giannoulis,354878,FC Augsburg,2600,2,5,6.92,1.17,4.05,10,6,34,19,27,8,0,1901,27,assists,GER,2025-2026,datafc_sofascore,2026-08-09T01:15:33.051884
35,77333,Ritsu Doan,790965,Eintracht Frankfurt,2674,5,5,6.85,3.36,5.62,41,15,40,34,43,5,0,2379,31,assists,GER,2025-2026,datafc_sofascore,2026-08-09T01:15:33.051884
35,77333,Ernest Poku,1119502,Bayer 04 Leverkusen,2681,5,5,6.84,3.05,4.35,27,9,28,28,13,0,0,1484,29,assists,GER,2025-2026,datafc_sofascore,2026-08-09T01:15:33.051884
35,77333,Lennart Karl,1861975,FC Bayern München,2672,5,5,6.83,7.59,4.96,42,21,24,22,25,1,0,1282,26,assists,GER,2025-2026,datafc_sofascore,2026-08-09T01:15:33.051884
35,77333,Marnon Busch,168861,1. FC Heidenheim,5885,1,5,6.79,1.11,3.52,12,3,17,3,36,4,0,1912,29,assists,GER,2025-2026,datafc_sofascore,2026-08-09T01:15:33.051884
35,77333,Saël Kumbedi,1155226,VfL Wolfsburg,2524,0,5,6.51,0.39,2.69,5,0,17,16,45,2,0,1805,24,assists,GER,2025-2026,datafc_sofascore,2026-08-09T01:15:33.051884
35,77333,Johan Manzambi,1518931,SC Freiburg,2538,5,4,7.22,3.85,5.13,51,12,20,33,35,4,2,2094,27,assists,GER,2025-2026,datafc_sofascore,2026-08-09T01:15:33.051884
35,77333,Maximilian Mittelstädt,788949,VfB Stuttgart,2677,6,4,7.2,4.4,6.02,31,16,37,14,67,4,0,2195,32,assists,GER,2025-2026,datafc_sofascore,2026-08-09T01:15:33.051884
35,77333,Can Uzun,1440948,Eintracht Frankfurt,2674,8,4,7.19,3.93,2.98,41,19,20,16,15,3,0,1172,21,assists,GER,2025-2026,datafc_sofascore,2026-08-09T01:15:33.051884
35,77333,Maximilian Arnold,147289,VfL Wolfsburg,2524,1,4,7.1,0.43,4.09,14,5,29,5,22,5,0,1860,25,assists,GER,2025-2026,datafc_sofascore,2026-08-09T01:15:33.051884
35,77333,Ibrahim Maza,1407524,Bayer 04 Leverkusen,2681,3,4,7.1,5.34,4.45,54,17,29,48,41,2,0,1859,28,assists,GER,2025-2026,datafc_sofascore,2026-08-09T01:15:33.051884
35,77333,Nathan Tella,920379,Bayer 04 Leverkusen,2681,1,4,7.03,2.8,2.58,24,8,19,13,12,2,0,892,17,assists,GER,2025-2026,datafc_sofascore,2026-08-09T01:15:33.051884
35,77333,Julian Brandt,226978,Borussia Dortmund,2673,7,4,6.99,5.7,5.3,37,18,32,18,14,0,0,1627,29,assists,GER,2025-2026,datafc_sofascore,2026-08-09T01:15:33.051884
35,77333,Matthias Ginter,142259,SC Freiburg,2538,3,4,6.98,2.3,2.92,19,7,15,3,22,3,0,2836,32,assists,GER,2025-2026,datafc_sofascore,2026-08-09T01:15:33.051884
35,77333,Said El Mala,1800475,1. FC Köln,2671,13,4,6.97,11.22,2.34,75,31,21,44,24,4,0,1957,34,assists,GER,2025-2026,datafc_sofascore,2026-08-09T01:15:33.051884
35,77333,Jean-Mattéo Bahoya,1146148,Eintracht Frankfurt,2674,3,4,6.96,2.04,3.33,29,9,31,41,31,2,0,1335,27,assists,GER,2025-2026,datafc_sofascore,2026-08-09T01:15:33.051884
35,77333,Vincenzo Grifo,171961,SC Freiburg,2538,7,4,6.94,5.74,4.66,30,12,41,10,10,0,0,1720,33,assists,GER,2025-2026,datafc_sofascore,2026-08-09T01:15:33.051884
35,77333,Miro Muheim,798303,Hamburger SV,2676,0,4,6.93,1.19,4.25,23,7,41,21,62,7,1,2437,29,assists,GER,2025-2026,datafc_sofascore,2026-08-09T01:15:33.051884
35,77333,Ragnar Ache,877544,1. FC Köln,2671,7,4,6.88,10.34,1.04,52,22,28,9,13,3,0,1725,29,assists,GER,2025-2026,datafc_sofascore,2026-08-09T01:15:33.051884
35,77333,Alexis Claude-Maurice,822877,FC Augsburg,2600,5,4,6.87,6.88,3.2,71,26,33,44,41,3,0,2107,29,assists,GER,2025-2026,datafc_sofascore,2026-08-09T01:15:33.051884
35,77333,Karim Adeyemi,940054,Borussia Dortmund,2673,7,4,6.86,4.87,3.16,31,14,16,27,5,5,0,1215,28,assists,GER,2025-2026,datafc_sofascore,2026-08-09T01:15:33.051884
35,77333,Rocco Reitz,1048650,Borussia M'gladbach,2527,0,4,6.86,2.57,4.92,47,14,28,24,68,8,1,2636,31,assists,GER,2025-2026,datafc_sofascore,2026-08-09T01:15:33.051884
35,77333,Marius Bülter,378340,1. FC Köln,2671,5,4,6.84,4.37,4.47,42,17,26,6,7,3,0,1606,32,assists,GER,2025-2026,datafc_sofascore,2026-08-09T01:15:33.051884
35,77333,Arijon Ibrahimović,1142248,1. FC Heidenheim,5885,2,4,6.8,6.31,6.3,47,19,56,23,34,2,0,2181,32,assists,GER,2025-2026,datafc_sofascore,2026-08-09T01:15:33.051884
35,77333,Nathaniel Brown,1159759,Eintracht Frankfurt,2674,4,4,6.79,2.52,2.89,18,9,34,17,81,3,0,2658,33,assists,GER,2025-2026,datafc_sofascore,2026-08-09T01:15:33.051884
35,77333,Luca Waldschmidt,319861,1. FC Köln,2671,5,4,6.79,5.54,1.64,26,13,13,7,8,1,0,684,24,assists,GER,2025-2026,datafc_sofascore,2026-08-09T01:15:33.051884
35,77333,Christian Kofane,2029648,Bayer 04 Leverkusen,2681,5,4,6.71,6.8,1.11,46,19,17,7,13,3,0,1269,29,assists,GER,2025-2026,datafc_sofascore,2026-08-09T01:15:33.051884
35,77333,Jamal Musiala,1010231,FC Bayern München,2672,3,4,6.71,4.81,1.92,30,9,17,21,11,1,0,685,15,assists,GER,2025-2026,datafc_sofascore,2026-08-09T01:15:33.051884
35,77333,Rômulo,1133743,RB Leipzig,36360,9,4,6.65,14.36,2.95,63,27,26,11,30,3,0,2204,30,assists,GER,2025-2026,datafc_sofascore,2026-08-09T01:15:33.051884
35,77333,Mert Kömür,1390682,FC Augsburg,2600,2,4,6.64,3.42,2.1,43,16,23,17,15,1,0,1466,28,assists,GER,2025-2026,datafc_sofascore,2026-08-09T01:15:33.051884
35,77333,William Mikelbrencis,1102528,Hamburger SV,2676,0,4,6.55,1.14,2.3,12,6,17,13,34,3,0,1404,26,assists,GER,2025-2026,datafc_sofascore,2026-08-09T01:15:33.051884
35,77333,Edmond Tapsoba,883262,Bayer 04 Leverkusen,2681,5,3,7.2,2.5,1.42,29,10,11,8,31,7,0,2576,29,assists,GER,2025-2026,datafc_sofascore,2026-08-09T01:15:33.051884
35,77333,Brajan Gruda,1198075,RB Leipzig,36360,3,3,7.18,3.44,2.67,22,10,17,21,8,1,0,755,13,assists,GER,2025-2026,datafc_sofascore,2026-08-09T01:15:33.051884
35,77333,Leon Goretzka,184661,FC Bayern München,2672,5,3,7.13,4.8,3.81,35,11,22,11,29,4,0,1954,31,assists,GER,2025-2026,datafc_sofascore,2026-08-09T01:15:33.051884
35,77333,Jakub Kamiński,801263,1. FC Köln,2671,7,3,7.1,7.06,6.41,63,26,52,24,45,4,0,3019,34,assists,GER,2025-2026,datafc_sofascore,2026-08-09T01:15:33.051884
35,77333,Antonio Nusa,1121923,RB Leipzig,36360,4,3,7.07,4.41,5.16,61,20,33,68,26,0,0,2035,31,assists,GER,2025-2026,datafc_sofascore,2026-08-09T01:15:33.051884
35,77333,Christopher Trimmel,48557,1. FC Union Berlin,2547,0,3,7.02,0.09,6.41,5,1,53,1,38,8,0,1875,29,assists,GER,2025-2026,datafc_sofascore,2026-08-09T01:15:33.051884
35,77333,Manolis Saliakas,280551,FC St. Pauli,2526,1,3,6.95,0.64,1.43,16,3,12,5,29,3,0,1110,17,assists,GER,2025-2026,datafc_sofascore,2026-08-09T01:15:33.051884
35,77333,Felix Nmecha,907463,Borussia Dortmund,2673,2,3,6.94,3.62,4.24,33,7,20,31,37,0,0,2184,29,assists,GER,2025-2026,datafc_sofascore,2026-08-09T01:15:33.051884
35,77333,Patrik Schick,280609,Bayer 04 Leverkusen,2681,16,3,6.94,17.18,2.78,72,34,14,10,9,2,0,1995,28,assists,GER,2025-2026,datafc_sofascore,2026-08-09T01:15:33.051884
35,77333,Nikolas Nartey,861981,VfB Stuttgart,2677,4,3,6.93,2.52,2.76,22,12,24,18,14,2,0,1262,28,assists,GER,2025-2026,datafc_sofascore,2026-08-09T01:15:33.051884
35,77333,Ermedin Demirović,878081,VfB Stuttgart,2677,12,3,6.92,7.55,2.01,41,22,17,7,14,5,0,1506,25,assists,GER,2025-2026,datafc_sofascore,2026-08-09T01:15:33.051884
35,77333,Sheraldo Becker,352544,1. FSV Mainz 05,2556,3,3,6.91,4.33,3.18,29,15,17,4,1,2,0,953,14,assists,GER,2025-2026,datafc_sofascore,2026-08-09T01:15:33.051884
35,77333,Josip Stanišić,927407,FC Bayern München,2672,2,3,6.91,1.36,5.03,7,4,24,10,28,1,0,1855,26,assists,GER,2025-2026,datafc_sofascore,2026-08-09T01:15:33.051884
35,77333,Tom Bischof,1129935,FC Bayern München,2672,3,3,6.9,1.83,2.67,30,9,24,7,26,2,0,1320,26,assists,GER,2025-2026,datafc_sofascore,2026-08-09T01:15:33.051884
35,77333,Assan Ouédraogo,1418623,RB Leipzig,36360,4,3,6.89,2.39,1.86,27,13,14,14,8,0,0,974,19,assists,GER,2025-2026,datafc_sofascore,2026-08-09T01:15:33.051884
35,77333,Fabian Rieder,929620,FC Augsburg,2600,6,3,6.89,4.19,4.59,38,13,44,19,37,4,0,2359,32,assists,GER,2025-2026,datafc_sofascore,2026-08-09T01:15:33.051884
35,77333,Patrick Wimmer,987504,VfL Wolfsburg,2524,4,3,6.88,3.12,2.19,24,8,16,38,47,4,0,1634,25,assists,GER,2025-2026,datafc_sofascore,2026-08-09T01:15:33.051884
35,77333,Ridle Baku,856553,RB Leipzig,36360,2,3,6.87,2.56,6.05,30,6,37,13,60,4,0,2509,32,assists,GER,2025-2026,datafc_sofascore,2026-08-09T01:15:33.051884
35,77333,Danny da Costa,97926,1. FSV Mainz 05,2556,2,3,6.83,1.6,2.91,14,5,16,15,43,3,0,2697,34,assists,GER,2025-2026,datafc_sofascore,2026-08-09T01:15:33.051884
35,77333,Alphonso Davies,843665,FC Bayern München,2672,1,3,6.82,0.35,1.63,4,1,9,13,9,1,0,534,13,assists,GER,2025-2026,datafc_sofascore,2026-08-09T01:15:33.051884
35,77333,Alessio Castro-Montes,839898,1. FC Köln,2671,1,3,6.81,1.36,2.18,8,1,23,1,18,2,0,670,14,assists,GER,2025-2026,datafc_sofascore,2026-08-09T01:15:33.051884
35,77333,Nicolás Capaldo,973564,Hamburger SV,2676,1,3,6.75,1.93,2.17,22,6,22,10,68,10,0,2009,26,assists,GER,2025-2026,datafc_sofascore,2026-08-09T01:15:33.051884
35,77333,Ramon Hendriks,916943,VfB Stuttgart,2677,0,3,6.75,0.31,1.1,5,0,6,8,35,3,0,2033,31,assists,GER,2025-2026,datafc_sofascore,2026-08-09T01:15:33.051884
35,77333,Mohamed Amoura,1107591,VfL Wolfsburg,2524,8,3,6.74,8.6,2.51,60,19,25,16,38,2,0,1935,30,assists,GER,2025-2026,datafc_sofascore,2026-08-09T01:15:33.051884
35,77333,Tiago Tomás,983540,VfB Stuttgart,2677,5,3,6.73,5.97,1.11,35,10,11,13,15,4,0,1039,27,assists,GER,2025-2026,datafc_sofascore,2026-08-09T01:15:33.051884
35,77333,Danel Sinani,887500,FC St. Pauli,2526,5,3,6.72,5.06,4.78,51,18,47,12,25,4,0,2068,30,assists,GER,2025-2026,datafc_sofascore,2026-08-09T01:15:33.051884
35,77333,Adam Daghim,1180758,VfL Wolfsburg,2524,2,3,6.71,2.48,2.71,27,9,18,17,26,3,0,1381,27,assists,GER,2025-2026,datafc_sofascore,2026-08-09T01:15:33.051884
35,77333,Joel Chima Fujita,1002461,FC St. Pauli,2526,1,3,6.71,1.15,3.92,31,7,30,47,68,6,0,2671,32,assists,GER,2025-2026,datafc_sofascore,2026-08-09T01:15:33.051884
35,77333,Ayoube Amaimouni Echghouyab,1898148,Eintracht Frankfurt,2674,2,3,6.69,0.52,0.38,12,7,6,20,6,1,0,595,17,assists,GER,2025-2026,datafc_sofascore,2026-08-09T01:15:33.051884
35,77333,Arthur,1174761,Bayer 04 Leverkusen,2681,1,3,6.66,0.92,1.82,10,2,14,14,20,3,0,1132,20,assists,GER,2025-2026,datafc_sofascore,2026-08-09T01:15:33.051884
35,77333,Lovro Majer,841947,VfL Wolfsburg,2524,2,3,6.63,3.09,2.56,27,7,22,12,26,5,0,1373,28,assists,GER,2025-2026,datafc_sofascore,2026-08-09T01:15:33.051884
35,77333,Joe Scally,1002920,Borussia M'gladbach,2527,2,3,6.63,1.27,1.86,16,10,18,24,48,8,0,2611,32,assists,GER,2025-2026,datafc_sofascore,2026-08-09T01:15:33.051884
35,77333,Jan Schöppner,933707,1. FC Heidenheim,5885,3,3,6.62,2.15,1.36,25,7,14,11,32,5,0,2260,31,assists,GER,2025-2026,datafc_sofascore,2026-08-09T01:15:33.051884
35,77333,Mahmoud Dahoud,341589,Eintracht Frankfurt,2674,2,3,6.61,0.84,0.34,17,2,7,5,11,0,0,726,15,assists,GER,2025-2026,datafc_sofascore,2026-08-09T01:15:33.051884
35,77333,Conrad Harder,1494826,RB Leipzig,36360,3,3,6.6,4.08,1.86,42,13,14,5,10,3,0,919,29,assists,GER,2025-2026,datafc_sofascore,2026-08-09T01:15:33.051884
35,77333,Christian Günter,142231,SC Freiburg,2538,0,3,6.57,0.38,2.49,9,0,20,2,19,3,0,1573,24,assists,GER,2025-2026,datafc_sofascore,2026-08-09T01:15:33.051884
35,77333,Phillip Tietz,822340,1. FSV Mainz 05,2556,6,3,6.45,8.87,1.87,52,24,22,12,8,4,0,1807,29,assists,GER,2025-2026,datafc_sofascore,2026-08-09T01:15:33.051884
35,77333,Josha Vagnoman,906278,VfB Stuttgart,2677,1,3,6.43,2.89,1.91,19,11,16,6,30,3,0,1593,27,assists,GER,2025-2026,datafc_sofascore,2026-08-09T01:15:33.051884
35,77333,Michael Olise,978838,FC Bayern München,2672,15,19,7.87,11.46,17.23,101,50,81,65,24,8,0,2317,32,assists,GER,2025-2026,datafc_sofascore,2026-08-09T01:15:33.051884
35,77333,Julian Ryerson,800951,Borussia Dortmund,2673,0,15,7.08,0.93,10.04,12,1,56,24,34,8,0,2272,31,assists,GER,2025-2026,datafc_sofascore,2026-08-09T01:15:33.051884
35,77333,Luis Díaz,883537,FC Bayern München,2672,15,14,7.26,15.1,7.74,88,37,67,61,21,5,1,2450,32,assists,GER,2025-2026,datafc_sofascore,2026-08-09T01:15:33.051884
35,77333,Jamie Leweling,990201,VfB Stuttgart,2677,7,9,7.03,4.31,5.22,49,18,41,31,22,4,0,2375,32,assists,GER,2025-2026,datafc_sofascore,2026-08-09T01:15:33.051884
35,77333,Bazoumana Touré,1568123,TSG Hoffenheim,2569,5,9,6.91,4.16,5.75,48,13,46,48,34,2,0,2325,30,assists,GER,2025-2026,datafc_sofascore,2026-08-09T01:15:33.051884
35,77333,Christian Eriksen,105734,VfL Wolfsburg,2524,3,9,6.91,5.96,7.65,38,14,63,10,38,4,0,2419,31,assists,GER,2025-2026,datafc_sofascore,2026-08-09T01:15:33.051884
35,77333,Farès Chaïbi,1192318,Eintracht Frankfurt,2674,2,9,6.83,2.83,3.9,35,9,40,11,31,2,0,1797,28,assists,GER,2025-2026,datafc_sofascore,2026-08-09T01:15:33.051884
35,77333,Konrad Laimer,355492,FC Bayern München,2672,3,9,6.81,2.42,5.21,17,8,45,14,46,9,0,1997,29,assists,GER,2025-2026,datafc_sofascore,2026-08-09T01:15:33.051884
35,77333,Andrej Ilić,953767,1. FC Union Berlin,2547,5,9,6.7,11.26,2.17,72,26,30,7,4,5,0,2256,32,assists,GER,2025-2026,datafc_sofascore,2026-08-09T01:15:33.051884
35,77333,Yan Diomande,2087085,RB Leipzig,36360,12,8,7.72,7.14,10.12,53,26,56,118,29,2,0,2476,33,assists,GER,2025-2026,datafc_sofascore,2026-08-09T01:15:33.051884
35,77333,Joshua Kimmich,259117,FC Bayern München,2672,2,8,7.71,2.65,10.24,28,10,58,11,32,4,0,2280,29,assists,GER,2025-2026,datafc_sofascore,2026-08-09T01:15:33.051884
35,77333,Aleix García,796047,Bayer 04 Leverkusen,2681,3,8,7.45,2.29,6.65,30,5,51,4,26,6,0,2676,33,assists,GER,2025-2026,datafc_sofascore,2026-08-09T01:15:33.051884
35,77333,Alejandro Grimaldo,177177,Bayer 04 Leverkusen,2681,8,8,7.31,6.65,10.13,60,21,70,25,49,5,0,2524,29,assists,GER,2025-2026,datafc_sofascore,2026-08-09T01:15:33.051884
35,77333,Vladimír Coufal,138024,TSG Hoffenheim,2569,1,8,7.12,0.88,8.99,25,6,59,31,60,4,0,3017,34,assists,GER,2025-2026,datafc_sofascore,2026-08-09T01:15:33.051884
35,77333,Christoph Baumgartner,825956,RB Leipzig,36360,13,8,6.93,15.1,3.94,81,35,37,13,54,10,0,2789,33,assists,GER,2025-2026,datafc_sofascore,2026-08-09T01:15:33.051884
35,77333,Romano Schmid,830127,SV Werder Bremen,2534,4,8,6.91,7.83,10.44,57,21,89,37,46,4,0,2988,34,assists,GER,2025-2026,datafc_sofascore,2026-08-09T01:15:33.051884
35,77333,David Raum,856076,RB Leipzig,36360,3,7,7.33,2.2,12.39,24,8,98,16,48,6,0,2556,30,assists,GER,2025-2026,datafc_sofascore,2026-08-09T01:15:33.051884
35,77333,Chris Führich,891510,VfB Stuttgart,2677,7,7,7.17,4.26,8.05,45,23,49,28,15,2,0,1723,33,assists,GER,2025-2026,datafc_sofascore,2026-08-09T01:15:33.051884
35,77333,Fisnik Asllani,1010117,TSG Hoffenheim,2569,10,7,6.73,8.28,3.93,73,28,36,17,17,2,0,2354,33,assists,GER,2025-2026,datafc_sofascore,2026-08-09T01:15:33.051884
35,77333,Deniz Undav,794298,VfB Stuttgart,2677,19,6,7.19,16.4,4.03,122,46,41,9,18,5,0,2247,29,assists,GER,2025-2026,datafc_sofascore,2026-08-09T01:15:33.051884
35,77333,Serge Gnabry,187433,FC Bayern München,2672,8,6,7.09,6.26,5.08,50,17,23,16,18,1,0,1228,21,assists,GER,2025-2026,datafc_sofascore,2026-08-09T01:15:33.051884
35,77333,Andrej Kramarić,67647,TSG Hoffenheim,2569,14,6,7.03,11.89,5.02,64,33,36,19,8,2,0,2222,34,assists,GER,2025-2026,datafc_sofascore,2026-08-09T01:15:33.051884
35,77333,Franck Honorat,280453,Borussia M'gladbach,2527,2,6,6.87,0.91,6.75,17,5,45,17,22,0,0,1987,28,assists,GER,2025-2026,datafc_sofascore,2026-08-09T01:15:33.051884
35,77333,Maximilian Beier,980628,Borussia Dortmund,2673,9,6,6.8,7.35,4.97,50,20,26,18,26,3,0,2036,32,assists,GER,2025-2026,datafc_sofascore,2026-08-09T01:15:33.051884
35,77333,Fábio Silva,954076,Borussia Dortmund,2673,2,6,6.59,2.64,2.53,23,8,17,12,7,3,0,828,28,assists,GER,2025-2026,datafc_sofascore,2026-08-09T01:15:33.051884
35,77333,Yukinari Sugawara,905347,SV Werder Bremen,2534,0,6,6.52,1.85,3.06,30,11,20,11,36,2,1,2432,31,assists,GER,2025-2026,datafc_sofascore,2026-08-09T01:15:33.051884
35,77333,Harry Kane,108579,FC Bayern München,2672,36,5,7.84,26.87,4.27,119,67,40,32,19,1,0,2382,31,assists,GER,2025-2026,datafc_sofascore,2026-08-09T01:15:33.051884
35,77333,Angelo Stiller,901882,VfB Stuttgart,2677,2,5,7.25,3.08,7.46,17,8,56,14,49,1,0,2750,34,assists,GER,2025-2026,datafc_sofascore,2026-08-09T01:15:33.051884
35,77333,Fábio Vieira,904835,Hamburger SV,2676,7,5,7.18,4.65,4.07,59,19,39,32,20,2,2,2215,29,assists,GER,2025-2026,datafc_sofascore,2026-08-09T01:15:33.051884
35,77333,Wouter Burger,916946,TSG Hoffenheim,2569,4,5,7.08,3.46,5.35,36,13,51,4,72,7,1,2440,30,assists,GER,2025-2026,datafc_sofascore,2026-08-09T01:15:33.051884
35,77333,Bilal El Khannouss,1126569,VfB Stuttgart,2677,4,5,6.98,3.17,5.74,42,15,45,18,28,6,0,1634,25,assists,GER,2025-2026,datafc_sofascore,2026-08-09T01:15:33.051884
35,77333,Dimitrios Giannoulis,354878,FC Augsburg,2600,2,5,6.92,1.17,4.05,10,6,34,19,27,8,0,1901,27,assists,GER,2025-2026,datafc_sofascore,2026-08-09T01:15:33.051884
35,77333,Ritsu Doan,790965,Eintracht Frankfurt,2674,5,5,6.85,3.36,5.62,41,15,40,34,43,5,0,2379,31,assists,GER,2025-2026,datafc_sofascore,2026-08-09T01:15:33.051884
35,77333,Ernest Poku,1119502,Bayer 04 Leverkusen,2681,5,5,6.84,3.05,4.35,27,9,28,28,13,0,0,1484,29,assists,GER,2025-2026,datafc_sofascore,2026-08-09T01:15:33.051884
35,77333,Lennart Karl,1861975,FC Bayern München,2672,5,5,6.83,7.59,4.96,42,21,24,22,25,1,0,1282,26,assists,GER,2025-2026,datafc_sofascore,2026-08-09T01:15:33.051884
35,77333,Marnon Busch,168861,1. FC Heidenheim,5885,1,5,6.79,1.11,3.52,12,3,17,3,36,4,0,1912,29,assists,GER,2025-2026,datafc_sofascore,2026-08-09T01:15:33.051884
35,77333,Saël Kumbedi,1155226,VfL Wolfsburg,2524,0,5,6.51,0.39,2.69,5,0,17,16,45,2,0,1805,24,assists,GER,2025-2026,datafc_sofascore,2026-08-09T01:15:33.051884
35,77333,Johan Manzambi,1518931,SC Freiburg,2538,5,4,7.22,3.85,5.13,51,12,20,33,35,4,2,2094,27,assists,GER,2025-2026,datafc_sofascore,2026-08-09T01:15:33.051884
35,77333,Maximilian Mittelstädt,788949,VfB Stuttgart,2677,6,4,7.2,4.4,6.02,31,16,37,14,67,4,0,2195,32,assists,GER,2025-2026,datafc_sofascore,2026-08-09T01:15:33.051884
35,77333,Can Uzun,1440948,Eintracht Frankfurt,2674,8,4,7.19,3.93,2.98,41,19,20,16,15,3,0,1172,21,assists,GER,2025-2026,datafc_sofascore,2026-08-09T01:15:33.051884
35,77333,Maximilian Arnold,147289,VfL Wolfsburg,2524,1,4,7.1,0.43,4.09,14,5,29,5,22,5,0,1860,25,assists,GER,2025-2026,datafc_sofascore,2026-08-09T01:15:33.051884
35,77333,Ibrahim Maza,1407524,Bayer 04 Leverkusen,2681,3,4,7.1,5.34,4.45,54,17,29,48,41,2,0,1859,28,assists,GER,2025-2026,datafc_sofascore,2026-08-09T01:15:33.051884
35,77333,Nathan Tella,920379,Bayer 04 Leverkusen,2681,1,4,7.03,2.8,2.58,24,8,19,13,12,2,0,892,17,assists,GER,2025-2026,datafc_sofascore,2026-08-09T01:15:33.051884
35,77333,Julian Brandt,226978,Borussia Dortmund,2673,7,4,6.99,5.7,5.3,37,18,32,18,14,0,0,1627,29,assists,GER,2025-2026,datafc_sofascore,2026-08-09T01:15:33.051884
35,77333,Matthias Ginter,142259,SC Freiburg,2538,3,4,6.98,2.3,2.92,19,7,15,3,22,3,0,2836,32,assists,GER,2025-2026,datafc_sofascore,2026-08-09T01:15:33.051884
35,77333,Said El Mala,1800475,1. FC Köln,2671,13,4,6.97,11.22,2.34,75,31,21,44,24,4,0,1957,34,assists,GER,2025-2026,datafc_sofascore,2026-08-09T01:15:33.051884
35,77333,Jean-Mattéo Bahoya,1146148,Eintracht Frankfurt,2674,3,4,6.96,2.04,3.33,29,9,31,41,31,2,0,1335,27,assists,GER,2025-2026,datafc_sofascore,2026-08-09T01:15:33.051884
35,77333,Vincenzo Grifo,171961,SC Freiburg,2538,7,4,6.94,5.74,4.66,30,12,41,10,10,0,0,1720,33,assists,GER,2025-2026,datafc_sofascore,2026-08-09T01:15:33.051884
35,77333,Miro Muheim,798303,Hamburger SV,2676,0,4,6.93,1.19,4.25,23,7,41,21,62,7,1,2437,29,assists,GER,2025-2026,datafc_sofascore,2026-08-09T01:15:33.051884
35,77333,Ragnar Ache,877544,1. FC Köln,2671,7,4,6.88,10.34,1.04,52,22,28,9,13,3,0,1725,29,assists,GER,2025-2026,datafc_sofascore,2026-08-09T01:15:33.051884
35,77333,Alexis Claude-Maurice,822877,FC Augsburg,2600,5,4,6.87,6.88,3.2,71,26,33,44,41,3,0,2107,29,assists,GER,2025-2026,datafc_sofascore,2026-08-09T01:15:33.051884
35,77333,Karim Adeyemi,940054,Borussia Dortmund,2673,7,4,6.86,4.87,3.16,31,14,16,27,5,5,0,1215,28,assists,GER,2025-2026,datafc_sofascore,2026-08-09T01:15:33.051884
35,77333,Rocco Reitz,1048650,Borussia M'gladbach,2527,0,4,6.86,2.57,4.92,47,14,28,24,68,8,1,2636,31,assists,GER,2025-2026,datafc_sofascore,2026-08-09T01:15:33.051884
35,77333,Marius Bülter,378340,1. FC Köln,2671,5,4,6.84,4.37,4.47,42,17,26,6,7,3,0,1606,32,assists,GER,2025-2026,datafc_sofascore,2026-08-09T01:15:33.051884
35,77333,Arijon Ibrahimović,1142248,1. FC Heidenheim,5885,2,4,6.8,6.31,6.3,47,19,56,23,34,2,0,2181,32,assists,GER,2025-2026,datafc_sofascore,2026-08-09T01:15:33.051884
35,77333,Nathaniel Brown,1159759,Eintracht Frankfurt,2674,4,4,6.79,2.52,2.89,18,9,34,17,81,3,0,2658,33,assists,GER,2025-2026,datafc_sofascore,2026-08-09T01:15:33.051884
35,77333,Luca Waldschmidt,319861,1. FC Köln,2671,5,4,6.79,5.54,1.64,26,13,13,7,8,1,0,684,24,assists,GER,2025-2026,datafc_sofascore,2026-08-09T01:15:33.051884
35,77333,Christian Kofane,2029648,Bayer 04 Leverkusen,2681,5,4,6.71,6.8,1.11,46,19,17,7,13,3,0,1269,29,assists,GER,2025-2026,datafc_sofascore,2026-08-09T01:15:33.051884
35,77333,Jamal Musiala,1010231,FC Bayern München,2672,3,4,6.71,4.81,1.92,30,9,17,21,11,1,0,685,15,assists,GER,2025-2026,datafc_sofascore,2026-08-09T01:15:33.051884
35,77333,Rômulo,1133743,RB Leipzig,36360,9,4,6.65,14.36,2.95,63,27,26,11,30,3,0,2204,30,assists,GER,2025-2026,datafc_sofascore,2026-08-09T01:15:33.051884
35,77333,Mert Kömür,1390682,FC Augsburg,2600,2,4,6.64,3.42,2.1,43,16,23,17,15,1,0,1466,28,assists,GER,2025-2026,datafc_sofascore,2026-08-09T01:15:33.051884
35,77333,William Mikelbrencis,1102528,Hamburger SV,2676,0,4,6.55,1.14,2.3,12,6,17,13,34,3,0,1404,26,assists,GER,2025-2026,datafc_sofascore,2026-08-09T01:15:33.051884
35,77333,Edmond Tapsoba,883262,Bayer 04 Leverkusen,2681,5,3,7.2,2.5,1.42,29,10,11,8,31,7,0,2576,29,assists,GER,2025-2026,datafc_sofascore,2026-08-09T01:15:33.051884
35,77333,Brajan Gruda,1198075,RB Leipzig,36360,3,3,7.18,3.44,2.67,22,10,17,21,8,1,0,755,13,assists,GER,2025-2026,datafc_sofascore,2026-08-09T01:15:33.051884
35,77333,Leon Goretzka,184661,FC Bayern München,2672,5,3,7.13,4.8,3.81,35,11,22,11,29,4,0,1954,31,assists,GER,2025-2026,datafc_sofascore,2026-08-09T01:15:33.051884
35,77333,Jakub Kamiński,801263,1. FC Köln,2671,7,3,7.1,7.06,6.41,63,26,52,24,45,4,0,3019,34,assists,GER,2025-2026,datafc_sofascore,2026-08-09T01:15:33.051884
35,77333,Antonio Nusa,1121923,RB Leipzig,36360,4,3,7.07,4.41,5.16,61,20,33,68,26,0,0,2035,31,assists,GER,2025-2026,datafc_sofascore,2026-08-09T01:15:33.051884
35,77333,Christopher Trimmel,48557,1. FC Union Berlin,2547,0,3,7.02,0.09,6.41,5,1,53,1,38,8,0,1875,29,assists,GER,2025-2026,datafc_sofascore,2026-08-09T01:15:33.051884
35,77333,Manolis Saliakas,280551,FC St. Pauli,2526,1,3,6.95,0.64,1.43,16,3,12,5,29,3,0,1110,17,assists,GER,2025-2026,datafc_sofascore,2026-08-09T01:15:33.051884
35,77333,Felix Nmecha,907463,Borussia Dortmund,2673,2,3,6.94,3.62,4.24,33,7,20,31,37,0,0,2184,29,assists,GER,2025-2026,datafc_sofascore,2026-08-09T01:15:33.051884
35,77333,Patrik Schick,280609,Bayer 04 Leverkusen,2681,16,3,6.94,17.18,2.78,72,34,14,10,9,2,0,1995,28,assists,GER,2025-2026,datafc_sofascore,2026-08-09T01:15:33.051884
35,77333,Nikolas Nartey,861981,VfB Stuttgart,2677,4,3,6.93,2.52,2.76,22,12,24,18,14,2,0,1262,28,assists,GER,2025-2026,datafc_sofascore,2026-08-09T01:15:33.051884
35,77333,Ermedin Demirović,878081,VfB Stuttgart,2677,12,3,6.92,7.55,2.01,41,22,17,7,14,5,0,1506,25,assists,GER,2025-2026,datafc_sofascore,2026-08-09T01:15:33.051884
35,77333,Sheraldo Becker,352544,1. FSV Mainz 05,2556,3,3,6.91,4.33,3.18,29,15,17,4,1,2,0,953,14,assists,GER,2025-2026,datafc_sofascore,2026-08-09T01:15:33.051884
35,77333,Josip Stanišić,927407,FC Bayern München,2672,2,3,6.91,1.36,5.03,7,4,24,10,28,1,0,1855,26,assists,GER,2025-2026,datafc_sofascore,2026-08-09T01:15:33.051884
35,77333,Tom Bischof,1129935,FC Bayern München,2672,3,3,6.9,1.83,2.67,30,9,24,7,26,2,0,1320,26,assists,GER,2025-2026,datafc_sofascore,2026-08-09T01:15:33.051884
35,77333,Assan Ouédraogo,1418623,RB Leipzig,36360,4,3,6.89,2.39,1.86,27,13,14,14,8,0,0,974,19,assists,GER,2025-2026,datafc_sofascore,2026-08-09T01:15:33.051884
35,77333,Fabian Rieder,929620,FC Augsburg,2600,6,3,6.89,4.19,4.59,38,13,44,19,37,4,0,2359,32,assists,GER,2025-2026,datafc_sofascore,2026-08-09T01:15:33.051884
35,77333,Patrick Wimmer,987504,VfL Wolfsburg,2524,4,3,6.88,3.12,2.19,24,8,16,38,47,4,0,1634,25,assists,GER,2025-2026,datafc_sofascore,2026-08-09T01:15:33.051884
35,77333,Ridle Baku,856553,RB Leipzig,36360,2,3,6.87,2.56,6.05,30,6,37,13,60,4,0,2509,32,assists,GER,2025-2026,datafc_sofascore,2026-08-09T01:15:33.051884
35,77333,Danny da Costa,97926,1. FSV Mainz 05,2556,2,3,6.83,1.6,2.91,14,5,16,15,43,3,0,2697,34,assists,GER,2025-2026,datafc_sofascore,2026-08-09T01:15:33.051884
35,77333,Alphonso Davies,843665,FC Bayern München,2672,1,3,6.82,0.35,1.63,4,1,9,13,9,1,0,534,13,assists,GER,2025-2026,datafc_sofascore,2026-08-09T01:15:33.051884
35,77333,Alessio Castro-Montes,839898,1. FC Köln,2671,1,3,6.81,1.36,2.18,8,1,23,1,18,2,0,670,14,assists,GER,2025-2026,datafc_sofascore,2026-08-09T01:15:33.051884
35,77333,Nicolás Capaldo,973564,Hamburger SV,2676,1,3,6.75,1.93,2.17,22,6,22,10,68,10,0,2009,26,assists,GER,2025-2026,datafc_sofascore,2026-08-09T01:15:33.051884
35,77333,Ramon Hendriks,916943,VfB Stuttgart,2677,0,3,6.75,0.31,1.1,5,0,6,8,35,3,0,2033,31,assists,GER,2025-2026,datafc_sofascore,2026-08-09T01:15:33.051884
35,77333,Mohamed Amoura,1107591,VfL Wolfsburg,2524,8,3,6.74,8.6,2.51,60,19,25,16,38,2,0,1935,30,assists,GER,2025-2026,datafc_sofascore,2026-08-09T01:15:33.051884
35,77333,Tiago Tomás,983540,VfB Stuttgart,2677,5,3,6.73,5.97,1.11,35,10,11,13,15,4,0,1039,27,assists,GER,2025-2026,datafc_sofascore,2026-08-09T01:15:33.051884
35,77333,Danel Sinani,887500,FC St. Pauli,2526,5,3,6.72,5.06,4.78,51,18,47,12,25,4,0,2068,30,assists,GER,2025-2026,datafc_sofascore,2026-08-09T01:15:33.051884
35,77333,Adam Daghim,1180758,VfL Wolfsburg,2524,2,3,6.71,2.48,2.71,27,9,18,17,26,3,0,1381,27,assists,GER,2025-2026,datafc_sofascore,2026-08-09T01:15:33.051884
35,77333,Joel Chima Fujita,1002461,FC St. Pauli,2526,1,3,6.71,1.15,3.92,31,7,30,47,68,6,0,2671,32,assists,GER,2025-2026,datafc_sofascore,2026-08-09T01:15:33.051884
35,77333,Ayoube Amaimouni Echghouyab,1898148,Eintracht Frankfurt,2674,2,3,6.69,0.52,0.38,12,7,6,20,6,1,0,595,17,assists,GER,2025-2026,datafc_sofascore,2026-08-09T01:15:33.051884
35,77333,Arthur,1174761,Bayer 04 Leverkusen,2681,1,3,6.66,0.92,1.82,10,2,14,14,20,3,0,1132,20,assists,GER,2025-2026,datafc_sofascore,2026-08-09T01:15:33.051884
35,77333,Lovro Majer,841947,VfL Wolfsburg,2524,2,3,6.63,3.09,2.56,27,7,22,12,26,5,0,1373,28,assists,GER,2025-2026,datafc_sofascore,2026-08-09T01:15:33.051884
35,77333,Joe Scally,1002920,Borussia M'gladbach,2527,2,3,6.63,1.27,1.86,16,10,18,24,48,8,0,2611,32,assists,GER,2025-2026,datafc_sofascore,2026-08-09T01:15:33.051884
35,77333,Jan Schöppner,933707,1. FC Heidenheim,5885,3,3,6.62,2.15,1.36,25,7,14,11,32,5,0,2260,31,assists,GER,2025-2026,datafc_sofascore,2026-08-09T01:15:33.051884
35,77333,Mahmoud Dahoud,341589,Eintracht Frankfurt,2674,2,3,6.61,0.84,0.34,17,2,7,5,11,0,0,726,15,assists,GER,2025-2026,datafc_sofascore,2026-08-09T01:15:33.051884
35,77333,Conrad Harder,1494826,RB Leipzig,36360,3,3,6.6,4.08,1.86,42,13,14,5,10,3,0,919,29,assists,GER,2025-2026,datafc_sofascore,2026-08-09T01:15:33.051884
35,77333,Christian Günter,142231,SC Freiburg,2538,0,3,6.57,0.38,2.49,9,0,20,2,19,3,0,1573,24,assists,GER,2025-2026,datafc_sofascore,2026-08-09T01:15:33.051884
35,77333,Phillip Tietz,822340,1. FSV Mainz 05,2556,6,3,6.45,8.87,1.87,52,24,22,12,8,4,0,1807,29,assists,GER,2025-2026,datafc_sofascore,2026-08-09T01:15:33.051884
35,77333,Josha Vagnoman,906278,VfB Stuttgart,2677,1,3,6.43,2.89,1.91,19,11,16,6,30,3,0,1593,27,assists,GER,2025-2026,datafc_sofascore,2026-08-09T01:15:33.051884
35,77333,Harry Kane,108579,FC Bayern München,2672,36,5,7.84,26.87,4.27,119,67,40,32,19,1,0,2382,31,expectedGoals,GER,2025-2026,datafc_sofascore,2026-08-09T01:15:33.051884
35,77333,Serhou Guirassy,328027,Borussia Dortmund,2673,17,1,6.83,17.56,3.5,84,40,20,12,2,3,0,2348,33,expectedGoals,GER,2025-2026,datafc_sofascore,2026-08-09T01:15:33.051884
35,77333,Patrik Schick,280609,Bayer 04 Leverkusen,2681,16,3,6.94,17.18,2.78,72,34,14,10,9,2,0,1995,28,expectedGoals,GER,2025-2026,datafc_sofascore,2026-08-09T01:15:33.051884
35,77333,Deniz Undav,794298,VfB Stuttgart,2677,19,6,7.19,16.4,4.03,122,46,41,9,18,5,0,2247,29,expectedGoals,GER,2025-2026,datafc_sofascore,2026-08-09T01:15:33.051884
35,77333,Luis Díaz,883537,FC Bayern München,2672,15,14,7.26,15.1,7.74,88,37,67,61,21,5,1,2450,32,expectedGoals,GER,2025-2026,datafc_sofascore,2026-08-09T01:15:33.051884
35,77333,Christoph Baumgartner,825956,RB Leipzig,36360,13,8,6.93,15.1,3.94,81,35,37,13,54,10,0,2789,33,expectedGoals,GER,2025-2026,datafc_sofascore,2026-08-09T01:15:33.051884
35,77333,Rômulo,1133743,RB Leipzig,36360,9,4,6.65,14.36,2.95,63,27,26,11,30,3,0,2204,30,expectedGoals,GER,2025-2026,datafc_sofascore,2026-08-09T01:15:33.051884
35,77333,Haris Tabaković,259803,Borussia M'gladbach,2527,13,2,6.71,13.0,0.86,67,27,16,6,10,5,0,2394,32,expectedGoals,GER,2025-2026,datafc_sofascore,2026-08-09T01:15:33.051884
35,77333,Jonathan Burkardt,939830,Eintracht Frankfurt,2674,13,1,6.94,12.0,0.81,41,21,9,6,8,1,0,1340,22,expectedGoals,GER,2025-2026,datafc_sofascore,2026-08-09T01:15:33.051884
35,77333,Andrej Kramarić,67647,TSG Hoffenheim,2569,14,6,7.03,11.89,5.02,64,33,36,19,8,2,0,2222,34,expectedGoals,GER,2025-2026,datafc_sofascore,2026-08-09T01:15:33.051884
35,77333,Michael Olise,978838,FC Bayern München,2672,15,19,7.87,11.46,17.23,101,50,81,65,24,8,0,2317,32,expectedGoals,GER,2025-2026,datafc_sofascore,2026-08-09T01:15:33.051884
35,77333,Andrej Ilić,953767,1. FC Union Berlin,2547,5,9,6.7,11.26,2.17,72,26,30,7,4,5,0,2256,32,expectedGoals,GER,2025-2026,datafc_sofascore,2026-08-09T01:15:33.051884
35,77333,Said El Mala,1800475,1. FC Köln,2671,13,4,6.97,11.22,2.34,75,31,21,44,24,4,0,1957,34,expectedGoals,GER,2025-2026,datafc_sofascore,2026-08-09T01:15:33.051884
35,77333,Nadiem Amiri,327755,1. FSV Mainz 05,2556,12,2,7.43,10.4,7.69,55,23,63,25,31,6,0,2090,26,expectedGoals,GER,2025-2026,datafc_sofascore,2026-08-09T01:15:33.051884
35,77333,Ragnar Ache,877544,1. FC Köln,2671,7,4,6.88,10.34,1.04,52,22,28,9,13,3,0,1725,29,expectedGoals,GER,2025-2026,datafc_sofascore,2026-08-09T01:15:33.051884
35,77333,Igor Matanović,1019321,SC Freiburg,2538,11,2,6.8,9.24,1.33,52,20,22,12,23,0,0,1570,31,expectedGoals,GER,2025-2026,datafc_sofascore,2026-08-09T01:15:33.051884
35,77333,Phillip Tietz,822340,1. FSV Mainz 05,2556,6,3,6.45,8.87,1.87,52,24,22,12,8,4,0,1807,29,expectedGoals,GER,2025-2026,datafc_sofascore,2026-08-09T01:15:33.051884
35,77333,Mohamed Amoura,1107591,VfL Wolfsburg,2524,8,3,6.74,8.6,2.51,60,19,25,16,38,2,0,1935,30,expectedGoals,GER,2025-2026,datafc_sofascore,2026-08-09T01:15:33.051884
35,77333,Tim Lemperle,1014290,TSG Hoffenheim,2569,8,2,6.55,8.4,2.36,53,21,27,15,21,1,1,1959,29,expectedGoals,GER,2025-2026,datafc_sofascore,2026-08-09T01:15:33.051884
35,77333,Fisnik Asllani,1010117,TSG Hoffenheim,2569,10,7,6.73,8.28,3.93,73,28,36,17,17,2,0,2354,33,expectedGoals,GER,2025-2026,datafc_sofascore,2026-08-09T01:15:33.051884
35,77333,Dženan Pejčinović,1127790,VfL Wolfsburg,2524,8,0,6.65,7.87,0.54,50,23,13,4,10,1,0,1482,30,expectedGoals,GER,2025-2026,datafc_sofascore,2026-08-09T01:15:33.051884
35,77333,Romano Schmid,830127,SV Werder Bremen,2534,4,8,6.91,7.83,10.44,57,21,89,37,46,4,0,2988,34,expectedGoals,GER,2025-2026,datafc_sofascore,2026-08-09T01:15:33.051884
35,77333,Ransford Yeboah Königsdörffer,1012235,Hamburger SV,2676,5,0,6.62,7.69,1.68,65,22,20,15,6,2,0,2360,33,expectedGoals,GER,2025-2026,datafc_sofascore,2026-08-09T01:15:33.051884
35,77333,Lennart Karl,1861975,FC Bayern München,2672,5,5,6.83,7.59,4.96,42,21,24,22,25,1,0,1282,26,expectedGoals,GER,2025-2026,datafc_sofascore,2026-08-09T01:15:33.051884
35,77333,Ermedin Demirović,878081,VfB Stuttgart,2677,12,3,6.92,7.55,2.01,41,22,17,7,14,5,0,1506,25,expectedGoals,GER,2025-2026,datafc_sofascore,2026-08-09T01:15:33.051884
35,77333,Maximilian Beier,980628,Borussia Dortmund,2673,9,6,6.8,7.35,4.97,50,20,26,18,26,3,0,2036,32,expectedGoals,GER,2025-2026,datafc_sofascore,2026-08-09T01:15:33.051884
35,77333,Nicolas Jackson,1085381,FC Bayern München,2672,8,1,6.75,7.26,1.58,38,21,18,11,8,2,1,1037,23,expectedGoals,GER,2025-2026,datafc_sofascore,2026-08-09T01:15:33.051884
35,77333,Yan Diomande,2087085,RB Leipzig,36360,12,8,7.72,7.14,10.12,53,26,56,118,29,2,0,2476,33,expectedGoals,GER,2025-2026,datafc_sofascore,2026-08-09T01:15:33.051884
35,77333,Jakub Kamiński,801263,1. FC Köln,2671,7,3,7.1,7.06,6.41,63,26,52,24,45,4,0,3019,34,expectedGoals,GER,2025-2026,datafc_sofascore,2026-08-09T01:15:33.051884
35,77333,Alexis Claude-Maurice,822877,FC Augsburg,2600,5,4,6.87,6.88,3.2,71,26,33,44,41,3,0,2107,29,expectedGoals,GER,2025-2026,datafc_sofascore,2026-08-09T01:15:33.051884
35,77333,Christian Kofane,2029648,Bayer 04 Leverkusen,2681,5,4,6.71,6.8,1.11,46,19,17,7,13,3,0,1269,29,expectedGoals,GER,2025-2026,datafc_sofascore,2026-08-09T01:15:33.051884
35,77333,Justin Njinmah,1005343,SV Werder Bremen,2534,5,0,6.68,6.71,1.09,62,23,16,21,23,2,0,1955,33,expectedGoals,GER,2025-2026,datafc_sofascore,2026-08-09T01:15:33.051884
35,77333,Alejandro Grimaldo,177177,Bayer 04 Leverkusen,2681,8,8,7.31,6.65,10.13,60,21,70,25,49,5,0,2524,29,expectedGoals,GER,2025-2026,datafc_sofascore,2026-08-09T01:15:33.051884
35,77333,Anton Kade,1129365,FC Augsburg,2600,6,0,6.84,6.35,3.01,48,21,26,24,31,3,0,1746,28,expectedGoals,GER,2025-2026,datafc_sofascore,2026-08-09T01:15:33.051884
35,77333,Arijon Ibrahimović,1142248,1. FC Heidenheim,5885,2,4,6.8,6.31,6.3,47,19,56,23,34,2,0,2181,32,expectedGoals,GER,2025-2026,datafc_sofascore,2026-08-09T01:15:33.051884
35,77333,Serge Gnabry,187433,FC Bayern München,2672,8,6,7.09,6.26,5.08,50,17,23,16,18,1,0,1228,21,expectedGoals,GER,2025-2026,datafc_sofascore,2026-08-09T01:15:33.051884
35,77333,Jens Stage,830142,SV Werder Bremen,2534,10,2,6.98,6.08,3.21,56,21,26,13,41,5,0,2468,29,expectedGoals,GER,2025-2026,datafc_sofascore,2026-08-09T01:15:33.051884
35,77333,Tiago Tomás,983540,VfB Stuttgart,2677,5,3,6.73,5.97,1.11,35,10,11,13,15,4,0,1039,27,expectedGoals,GER,2025-2026,datafc_sofascore,2026-08-09T01:15:33.051884
35,77333,Christian Eriksen,105734,VfL Wolfsburg,2524,3,9,6.91,5.96,7.65,38,14,63,10,38,4,0,2419,31,expectedGoals,GER,2025-2026,datafc_sofascore,2026-08-09T01:15:33.051884
35,77333,Marvin Pieringer,909485,1. FC Heidenheim,5885,4,1,6.71,5.84,1.46,32,8,16,16,20,2,0,1653,27,expectedGoals,GER,2025-2026,datafc_sofascore,2026-08-09T01:15:33.051884
35,77333,Vincenzo Grifo,171961,SC Freiburg,2538,7,4,6.94,5.74,4.66,30,12,41,10,10,0,0,1720,33,expectedGoals,GER,2025-2026,datafc_sofascore,2026-08-09T01:15:33.051884
35,77333,Julian Brandt,226978,Borussia Dortmund,2673,7,4,6.99,5.7,5.3,37,18,32,18,14,0,0,1627,29,expectedGoals,GER,2025-2026,datafc_sofascore,2026-08-09T01:15:33.051884
35,77333,Luca Waldschmidt,319861,1. FC Köln,2671,5,4,6.79,5.54,1.64,26,13,13,7,8,1,0,684,24,expectedGoals,GER,2025-2026,datafc_sofascore,2026-08-09T01:15:33.051884
35,77333,Stefan Schimmer,842922,1. FC Heidenheim,5885,5,1,6.62,5.37,0.63,31,11,12,1,11,1,0,812,27,expectedGoals,GER,2025-2026,datafc_sofascore,2026-08-09T01:15:33.051884
35,77333,Ibrahim Maza,1407524,Bayer 04 Leverkusen,2681,3,4,7.1,5.34,4.45,54,17,29,48,41,2,0,1859,28,expectedGoals,GER,2025-2026,datafc_sofascore,2026-08-09T01:15:33.051884
35,77333,Budu Zivzivadze,149728,1. FC Heidenheim,5885,6,0,6.65,5.32,1.1,28,14,7,13,14,2,1,1146,20,expectedGoals,GER,2025-2026,datafc_sofascore,2026-08-09T01:15:33.051884
35,77333,Michael Gregoritsch,111483,FC Augsburg,2600,6,2,6.76,5.27,0.74,29,10,7,2,5,2,0,927,17,expectedGoals,GER,2025-2026,datafc_sofascore,2026-08-09T01:15:33.051884
35,77333,Paul Nebel,980621,1. FSV Mainz 05,2556,5,2,6.61,5.26,3.77,32,8,41,20,50,2,2,2081,30,expectedGoals,GER,2025-2026,datafc_sofascore,2026-08-09T01:15:33.051884
35,77333,Rayan Philippe,991824,Hamburger SV,2676,5,0,6.58,5.2,1.68,39,16,16,12,20,2,0,1292,28,expectedGoals,GER,2025-2026,datafc_sofascore,2026-08-09T01:15:33.051884
35,77333,Oliver Burke,608362,1. FC Union Berlin,2547,6,2,6.75,5.18,1.96,33,15,22,11,12,4,0,1691,29,expectedGoals,GER,2025-2026,datafc_sofascore,2026-08-09T01:15:33.051884
35,77333,Grischa Prömel,253993,TSG Hoffenheim,2569,7,2,6.86,5.09,2.98,43,14,16,6,36,5,0,1752,33,expectedGoals,GER,2025-2026,datafc_sofascore,2026-08-09T01:15:33.051884
35,77333,Kevin Diks,583806,Borussia M'gladbach,2527,5,0,6.96,5.08,1.13,23,13,8,10,43,6,0,2467,30,expectedGoals,GER,2025-2026,datafc_sofascore,2026-08-09T01:15:33.051884
35,77333,Danel Sinani,887500,FC St. Pauli,2526,5,3,6.72,5.06,4.78,51,18,47,12,25,4,0,2068,30,expectedGoals,GER,2025-2026,datafc_sofascore,2026-08-09T01:15:33.051884
35,77333,Karim Adeyemi,940054,Borussia Dortmund,2673,7,4,6.86,4.87,3.16,31,14,16,27,5,5,0,1215,28,expectedGoals,GER,2025-2026,datafc_sofascore,2026-08-09T01:15:33.051884
35,77333,Jamal Musiala,1010231,FC Bayern München,2672,3,4,6.71,4.81,1.92,30,9,17,21,11,1,0,685,15,expectedGoals,GER,2025-2026,datafc_sofascore,2026-08-09T01:15:33.051884
35,77333,Leon Goretzka,184661,FC Bayern München,2672,5,3,7.13,4.8,3.81,35,11,22,11,29,4,0,1954,31,expectedGoals,GER,2025-2026,datafc_sofascore,2026-08-09T01:15:33.051884
35,77333,Fábio Vieira,904835,Hamburger SV,2676,7,5,7.18,4.65,4.07,59,19,39,32,20,2,2,2215,29,expectedGoals,GER,2025-2026,datafc_sofascore,2026-08-09T01:15:33.051884
35,77333,Malik Tillman,975798,Bayer 04 Leverkusen,2681,6,0,6.93,4.62,2.91,34,13,26,11,38,2,0,1689,29,expectedGoals,GER,2025-2026,datafc_sofascore,2026-08-09T01:15:33.051884
35,77333,Lucas Höler,280009,SC Freiburg,2538,3,1,6.67,4.5,1.93,34,15,24,10,25,4,0,2065,33,expectedGoals,GER,2025-2026,datafc_sofascore,2026-08-09T01:15:33.051884
35,77333,Antonio Nusa,1121923,RB Leipzig,36360,4,3,7.07,4.41,5.16,61,20,33,68,26,0,0,2035,31,expectedGoals,GER,2025-2026,datafc_sofascore,2026-08-09T01:15:33.051884
35,77333,Maximilian Mittelstädt,788949,VfB Stuttgart,2677,6,4,7.2,4.4,6.02,31,16,37,14,67,4,0,2195,32,expectedGoals,GER,2025-2026,datafc_sofascore,2026-08-09T01:15:33.051884
35,77333,Marius Bülter,378340,1. FC Köln,2671,5,4,6.84,4.37,4.47,42,17,26,6,7,3,0,1606,32,expectedGoals,GER,2025-2026,datafc_sofascore,2026-08-09T01:15:33.051884
35,77333,Ozan Kabak,857740,TSG Hoffenheim,2569,4,0,6.88,4.33,0.84,36,12,8,6,20,5,0,1763,25,expectedGoals,GER,2025-2026,datafc_sofascore,2026-08-09T01:15:33.051884
35,77333,Mathias Pereira Lage,831400,FC St. Pauli,2526,2,2,6.57,4.33,1.47,43,15,24,15,38,3,0,2030,28,expectedGoals,GER,2025-2026,datafc_sofascore,2026-08-09T01:15:33.051884
35,77333,Sheraldo Becker,352544,1. FSV Mainz 05,2556,3,3,6.91,4.33,3.18,29,15,17,4,1,2,0,953,14,expectedGoals,GER,2025-2026,datafc_sofascore,2026-08-09T01:15:33.051884
35,77333,Jamie Leweling,990201,VfB Stuttgart,2677,7,9,7.03,4.31,5.22,49,18,41,31,22,4,0,2375,32,expectedGoals,GER,2025-2026,datafc_sofascore,2026-08-09T01:15:33.051884
35,77333,Andreas Hountondji,1112796,FC St. Pauli,2526,4,0,6.42,4.27,0.53,21,13,6,9,7,2,0,1084,21,expectedGoals,GER,2025-2026,datafc_sofascore,2026-08-09T01:15:33.051884
35,77333,Chris Führich,891510,VfB Stuttgart,2677,7,7,7.17,4.26,8.05,45,23,49,28,15,2,0,1723,33,expectedGoals,GER,2025-2026,datafc_sofascore,2026-08-09T01:15:33.051884
35,77333,Danilho Doekhi,830803,1. FC Union Berlin,2547,5,0,6.75,4.25,1.61,46,11,8,3,44,4,0,3060,34,expectedGoals,GER,2025-2026,datafc_sofascore,2026-08-09T01:15:33.051884
35,77333,Luka Vušković,1405212,Hamburger SV,2676,6,0,7.28,4.22,1.46,32,10,11,8,22,6,0,2441,28,expectedGoals,GER,2025-2026,datafc_sofascore,2026-08-09T01:15:33.051884
35,77333,Fabian Rieder,929620,FC Augsburg,2600,6,3,6.89,4.19,4.59,38,13,44,19,37,4,0,2359,32,expectedGoals,GER,2025-2026,datafc_sofascore,2026-08-09T01:15:33.051884
35,77333,Bazoumana Touré,1568123,TSG Hoffenheim,2569,5,9,6.91,4.16,5.75,48,13,46,48,34,2,0,2325,30,expectedGoals,GER,2025-2026,datafc_sofascore,2026-08-09T01:15:33.051884
35,77333,Conrad Harder,1494826,RB Leipzig,36360,3,3,6.6,4.08,1.86,42,13,14,5,10,3,0,919,29,expectedGoals,GER,2025-2026,datafc_sofascore,2026-08-09T01:15:33.051884
35,77333,Arnaud Kalimuendo,954061,Eintracht Frankfurt,2674,6,1,6.79,4.04,1.17,30,16,22,21,11,4,0,1420,19,expectedGoals,GER,2025-2026,datafc_sofascore,2026-08-09T01:15:33.051884
35,77333,Eren Dinkçi,1067120,1. FC Heidenheim,5885,3,1,6.79,3.97,2.1,29,9,11,11,25,4,0,1399,22,expectedGoals,GER,2025-2026,datafc_sofascore,2026-08-09T01:15:33.051884
35,77333,Can Uzun,1440948,Eintracht Frankfurt,2674,8,4,7.19,3.93,2.98,41,19,20,16,15,3,0,1172,21,expectedGoals,GER,2025-2026,datafc_sofascore,2026-08-09T01:15:33.051884
35,77333,Yuito Suzuki,1020422,SC Freiburg,2538,4,2,6.76,3.86,2.59,38,14,25,18,20,3,0,1636,25,expectedGoals,GER,2025-2026,datafc_sofascore,2026-08-09T01:15:33.051884
35,77333,Johan Manzambi,1518931,SC Freiburg,2538,5,4,7.22,3.85,5.13,51,12,20,33,35,4,2,2094,27,expectedGoals,GER,2025-2026,datafc_sofascore,2026-08-09T01:15:33.051884
35,77333,Maximilian Eggestein,569784,SC Freiburg,2538,3,1,6.85,3.8,1.7,44,13,19,15,64,4,0,3060,34,expectedGoals,GER,2025-2026,datafc_sofascore,2026-08-09T01:15:33.051884
35,77333,Ansgar Knauff,997012,Eintracht Frankfurt,2674,4,1,6.58,3.78,1.8,35,14,17,11,13,3,0,1332,28,expectedGoals,GER,2025-2026,datafc_sofascore,2026-08-09T01:15:33.051884
35,77333,Jens Castrop,1019312,Borussia M'gladbach,2527,3,1,6.69,3.73,1.69,30,12,19,25,58,2,2,1599,26,expectedGoals,GER,2025-2026,datafc_sofascore,2026-08-09T01:15:33.051884
35,77333,Nico Schlotterbeck,940871,Borussia Dortmund,2673,5,1,7.67,3.72,2.69,32,9,12,15,50,8,0,2520,28,expectedGoals,GER,2025-2026,datafc_sofascore,2026-08-09T01:15:33.051884
35,77333,Leopold Querfeld,1086547,1. FC Union Berlin,2547,3,0,6.87,3.69,1.77,29,10,21,4,52,6,0,2704,31,expectedGoals,GER,2025-2026,datafc_sofascore,2026-08-09T01:15:33.051884
35,77333,Felix Nmecha,907463,Borussia Dortmund,2673,2,3,6.94,3.62,4.24,33,7,20,31,37,0,0,2184,29,expectedGoals,GER,2025-2026,datafc_sofascore,2026-08-09T01:15:33.051884
35,77333,Marco Grüll,815612,SV Werder Bremen,2534,3,1,6.76,3.6,3.09,43,13,33,21,38,5,0,2020,33,expectedGoals,GER,2025-2026,datafc_sofascore,2026-08-09T01:15:33.051884
35,77333,Martijn Kaars,861850,FC St. Pauli,2526,3,1,6.5,3.55,1.77,24,10,10,5,7,2,0,1368,29,expectedGoals,GER,2025-2026,datafc_sofascore,2026-08-09T01:15:33.051884
35,77333,Rodrigo Ribeiro,1215904,FC Augsburg,2600,2,0,6.52,3.51,0.17,26,7,1,8,6,1,0,632,14,expectedGoals,GER,2025-2026,datafc_sofascore,2026-08-09T01:15:33.051884
35,77333,Patrick Mainka,254429,1. FC Heidenheim,5885,2,2,6.85,3.49,1.36,37,9,10,4,45,1,0,3060,34,expectedGoals,GER,2025-2026,datafc_sofascore,2026-08-09T01:15:33.051884
35,77333,Wouter Burger,916946,TSG Hoffenheim,2569,4,5,7.08,3.46,5.35,36,13,51,4,72,7,1,2440,30,expectedGoals,GER,2025-2026,datafc_sofascore,2026-08-09T01:15:33.051884
35,77333,Jan-Niklas Beste,836711,SC Freiburg,2538,2,2,6.8,3.44,4.25,24,14,35,15,40,5,0,1716,28,expectedGoals,GER,2025-2026,datafc_sofascore,2026-08-09T01:15:33.051884
35,77333,Brajan Gruda,1198075,RB Leipzig,36360,3,3,7.18,3.44,2.67,22,10,17,21,8,1,0,755,13,expectedGoals,GER,2025-2026,datafc_sofascore,2026-08-09T01:15:33.051884
35,77333,Raphaël Guerreiro,246999,FC Bayern München,2672,5,2,6.77,3.43,1.43,12,5,19,3,7,0,0,803,18,expectedGoals,GER,2025-2026,datafc_sofascore,2026-08-09T01:15:33.051884
35,77333,Mert Kömür,1390682,FC Augsburg,2600,2,4,6.64,3.42,2.1,43,16,23,17,15,1,0,1466,28,expectedGoals,GER,2025-2026,datafc_sofascore,2026-08-09T01:15:33.051884
35,77333,Ritsu Doan,790965,Eintracht Frankfurt,2674,5,5,6.85,3.36,5.62,41,15,40,34,43,5,0,2379,31,expectedGoals,GER,2025-2026,datafc_sofascore,2026-08-09T01:15:33.051884
35,77333,Ilyas Ansah,1462742,1. FC Union Berlin,2547,5,1,6.64,3.25,1.05,33,12,16,25,17,1,0,1909,33,expectedGoals,GER,2025-2026,datafc_sofascore,2026-08-09T01:15:33.051884
35,77333,Jae-sung Lee,537552,1. FSV Mainz 05,2556,4,2,6.72,3.25,3.21,30,9,22,5,38,4,0,2198,28,expectedGoals,GER,2025-2026,datafc_sofascore,2026-08-09T01:15:33.051884
35,77333,Konstantinos Koulierakis,1184855,VfL Wolfsburg,2524,4,1,6.73,3.22,1.37,26,12,14,3,39,5,0,2488,29,expectedGoals,GER,2025-2026,datafc_sofascore,2026-08-09T01:15:33.051884
35,77333,Lukas Kübler,142525,SC Freiburg,2538,2,2,6.66,3.18,1.49,19,5,11,2,40,3,0,1593,23,expectedGoals,GER,2025-2026,datafc_sofascore,2026-08-09T01:15:33.051884
35,77333,Mathias Honsak,575952,1. FC Heidenheim,5885,2,1,6.56,3.17,1.67,31,8,12,15,21,1,0,1260,27,expectedGoals,GER,2025-2026,datafc_sofascore,2026-08-09T01:15:33.051884
35,77333,Bilal El Khannouss,1126569,VfB Stuttgart,2677,4,5,6.98,3.17,5.74,42,15,45,18,28,6,0,1634,25,expectedGoals,GER,2025-2026,datafc_sofascore,2026-08-09T01:15:33.051884
35,77333,Harry Kane,108579,FC Bayern München,2672,36,5,7.84,26.87,4.27,119,67,40,32,19,1,0,2382,31,expectedGoals,GER,2025-2026,datafc_sofascore,2026-08-09T01:15:33.051884
35,77333,Serhou Guirassy,328027,Borussia Dortmund,2673,17,1,6.83,17.56,3.5,84,40,20,12,2,3,0,2348,33,expectedGoals,GER,2025-2026,datafc_sofascore,2026-08-09T01:15:33.051884
35,77333,Patrik Schick,280609,Bayer 04 Leverkusen,2681,16,3,6.94,17.18,2.78,72,34,14,10,9,2,0,1995,28,expectedGoals,GER,2025-2026,datafc_sofascore,2026-08-09T01:15:33.051884
35,77333,Deniz Undav,794298,VfB Stuttgart,2677,19,6,7.19,16.4,4.03,122,46,41,9,18,5,0,2247,29,expectedGoals,GER,2025-2026,datafc_sofascore,2026-08-09T01:15:33.051884
35,77333,Luis Díaz,883537,FC Bayern München,2672,15,14,7.26,15.1,7.74,88,37,67,61,21,5,1,2450,32,expectedGoals,GER,2025-2026,datafc_sofascore,2026-08-09T01:15:33.051884
35,77333,Christoph Baumgartner,825956,RB Leipzig,36360,13,8,6.93,15.1,3.94,81,35,37,13,54,10,0,2789,33,expectedGoals,GER,2025-2026,datafc_sofascore,2026-08-09T01:15:33.051884
35,77333,Rômulo,1133743,RB Leipzig,36360,9,4,6.65,14.36,2.95,63,27,26,11,30,3,0,2204,30,expectedGoals,GER,2025-2026,datafc_sofascore,2026-08-09T01:15:33.051884
35,77333,Haris Tabaković,259803,Borussia M'gladbach,2527,13,2,6.71,13.0,0.86,67,27,16,6,10,5,0,2394,32,expectedGoals,GER,2025-2026,datafc_sofascore,2026-08-09T01:15:33.051884
35,77333,Jonathan Burkardt,939830,Eintracht Frankfurt,2674,13,1,6.94,12.0,0.81,41,21,9,6,8,1,0,1340,22,expectedGoals,GER,2025-2026,datafc_sofascore,2026-08-09T01:15:33.051884
35,77333,Andrej Kramarić,67647,TSG Hoffenheim,2569,14,6,7.03,11.89,5.02,64,33,36,19,8,2,0,2222,34,expectedGoals,GER,2025-2026,datafc_sofascore,2026-08-09T01:15:33.051884
35,77333,Michael Olise,978838,FC Bayern München,2672,15,19,7.87,11.46,17.23,101,50,81,65,24,8,0,2317,32,expectedGoals,GER,2025-2026,datafc_sofascore,2026-08-09T01:15:33.051884
35,77333,Andrej Ilić,953767,1. FC Union Berlin,2547,5,9,6.7,11.26,2.17,72,26,30,7,4,5,0,2256,32,expectedGoals,GER,2025-2026,datafc_sofascore,2026-08-09T01:15:33.051884
35,77333,Said El Mala,1800475,1. FC Köln,2671,13,4,6.97,11.22,2.34,75,31,21,44,24,4,0,1957,34,expectedGoals,GER,2025-2026,datafc_sofascore,2026-08-09T01:15:33.051884
35,77333,Nadiem Amiri,327755,1. FSV Mainz 05,2556,12,2,7.43,10.4,7.69,55,23,63,25,31,6,0,2090,26,expectedGoals,GER,2025-2026,datafc_sofascore,2026-08-09T01:15:33.051884
35,77333,Ragnar Ache,877544,1. FC Köln,2671,7,4,6.88,10.34,1.04,52,22,28,9,13,3,0,1725,29,expectedGoals,GER,2025-2026,datafc_sofascore,2026-08-09T01:15:33.051884
35,77333,Igor Matanović,1019321,SC Freiburg,2538,11,2,6.8,9.24,1.33,52,20,22,12,23,0,0,1570,31,expectedGoals,GER,2025-2026,datafc_sofascore,2026-08-09T01:15:33.051884
35,77333,Phillip Tietz,822340,1. FSV Mainz 05,2556,6,3,6.45,8.87,1.87,52,24,22,12,8,4,0,1807,29,expectedGoals,GER,2025-2026,datafc_sofascore,2026-08-09T01:15:33.051884
35,77333,Mohamed Amoura,1107591,VfL Wolfsburg,2524,8,3,6.74,8.6,2.51,60,19,25,16,38,2,0,1935,30,expectedGoals,GER,2025-2026,datafc_sofascore,2026-08-09T01:15:33.051884
35,77333,Tim Lemperle,1014290,TSG Hoffenheim,2569,8,2,6.55,8.4,2.36,53,21,27,15,21,1,1,1959,29,expectedGoals,GER,2025-2026,datafc_sofascore,2026-08-09T01:15:33.051884
35,77333,Fisnik Asllani,1010117,TSG Hoffenheim,2569,10,7,6.73,8.28,3.93,73,28,36,17,17,2,0,2354,33,expectedGoals,GER,2025-2026,datafc_sofascore,2026-08-09T01:15:33.051884
35,77333,Dženan Pejčinović,1127790,VfL Wolfsburg,2524,8,0,6.65,7.87,0.54,50,23,13,4,10,1,0,1482,30,expectedGoals,GER,2025-2026,datafc_sofascore,2026-08-09T01:15:33.051884
35,77333,Romano Schmid,830127,SV Werder Bremen,2534,4,8,6.91,7.83,10.44,57,21,89,37,46,4,0,2988,34,expectedGoals,GER,2025-2026,datafc_sofascore,2026-08-09T01:15:33.051884
35,77333,Ransford Yeboah Königsdörffer,1012235,Hamburger SV,2676,5,0,6.62,7.69,1.68,65,22,20,15,6,2,0,2360,33,expectedGoals,GER,2025-2026,datafc_sofascore,2026-08-09T01:15:33.051884
35,77333,Lennart Karl,1861975,FC Bayern München,2672,5,5,6.83,7.59,4.96,42,21,24,22,25,1,0,1282,26,expectedGoals,GER,2025-2026,datafc_sofascore,2026-08-09T01:15:33.051884
35,77333,Ermedin Demirović,878081,VfB Stuttgart,2677,12,3,6.92,7.55,2.01,41,22,17,7,14,5,0,1506,25,expectedGoals,GER,2025-2026,datafc_sofascore,2026-08-09T01:15:33.051884
35,77333,Maximilian Beier,980628,Borussia Dortmund,2673,9,6,6.8,7.35,4.97,50,20,26,18,26,3,0,2036,32,expectedGoals,GER,2025-2026,datafc_sofascore,2026-08-09T01:15:33.051884
35,77333,Nicolas Jackson,1085381,FC Bayern München,2672,8,1,6.75,7.26,1.58,38,21,18,11,8,2,1,1037,23,expectedGoals,GER,2025-2026,datafc_sofascore,2026-08-09T01:15:33.051884
35,77333,Yan Diomande,2087085,RB Leipzig,36360,12,8,7.72,7.14,10.12,53,26,56,118,29,2,0,2476,33,expectedGoals,GER,2025-2026,datafc_sofascore,2026-08-09T01:15:33.051884
35,77333,Jakub Kamiński,801263,1. FC Köln,2671,7,3,7.1,7.06,6.41,63,26,52,24,45,4,0,3019,34,expectedGoals,GER,2025-2026,datafc_sofascore,2026-08-09T01:15:33.051884
35,77333,Alexis Claude-Maurice,822877,FC Augsburg,2600,5,4,6.87,6.88,3.2,71,26,33,44,41,3,0,2107,29,expectedGoals,GER,2025-2026,datafc_sofascore,2026-08-09T01:15:33.051884
35,77333,Christian Kofane,2029648,Bayer 04 Leverkusen,2681,5,4,6.71,6.8,1.11,46,19,17,7,13,3,0,1269,29,expectedGoals,GER,2025-2026,datafc_sofascore,2026-08-09T01:15:33.051884
35,77333,Justin Njinmah,1005343,SV Werder Bremen,2534,5,0,6.68,6.71,1.09,62,23,16,21,23,2,0,1955,33,expectedGoals,GER,2025-2026,datafc_sofascore,2026-08-09T01:15:33.051884
35,77333,Alejandro Grimaldo,177177,Bayer 04 Leverkusen,2681,8,8,7.31,6.65,10.13,60,21,70,25,49,5,0,2524,29,expectedGoals,GER,2025-2026,datafc_sofascore,2026-08-09T01:15:33.051884
35,77333,Anton Kade,1129365,FC Augsburg,2600,6,0,6.84,6.35,3.01,48,21,26,24,31,3,0,1746,28,expectedGoals,GER,2025-2026,datafc_sofascore,2026-08-09T01:15:33.051884
35,77333,Arijon Ibrahimović,1142248,1. FC Heidenheim,5885,2,4,6.8,6.31,6.3,47,19,56,23,34,2,0,2181,32,expectedGoals,GER,2025-2026,datafc_sofascore,2026-08-09T01:15:33.051884
35,77333,Serge Gnabry,187433,FC Bayern München,2672,8,6,7.09,6.26,5.08,50,17,23,16,18,1,0,1228,21,expectedGoals,GER,2025-2026,datafc_sofascore,2026-08-09T01:15:33.051884
35,77333,Jens Stage,830142,SV Werder Bremen,2534,10,2,6.98,6.08,3.21,56,21,26,13,41,5,0,2468,29,expectedGoals,GER,2025-2026,datafc_sofascore,2026-08-09T01:15:33.051884
35,77333,Tiago Tomás,983540,VfB Stuttgart,2677,5,3,6.73,5.97,1.11,35,10,11,13,15,4,0,1039,27,expectedGoals,GER,2025-2026,datafc_sofascore,2026-08-09T01:15:33.051884
35,77333,Christian Eriksen,105734,VfL Wolfsburg,2524,3,9,6.91,5.96,7.65,38,14,63,10,38,4,0,2419,31,expectedGoals,GER,2025-2026,datafc_sofascore,2026-08-09T01:15:33.051884
35,77333,Marvin Pieringer,909485,1. FC Heidenheim,5885,4,1,6.71,5.84,1.46,32,8,16,16,20,2,0,1653,27,expectedGoals,GER,2025-2026,datafc_sofascore,2026-08-09T01:15:33.051884
35,77333,Vincenzo Grifo,171961,SC Freiburg,2538,7,4,6.94,5.74,4.66,30,12,41,10,10,0,0,1720,33,expectedGoals,GER,2025-2026,datafc_sofascore,2026-08-09T01:15:33.051884
35,77333,Julian Brandt,226978,Borussia Dortmund,2673,7,4,6.99,5.7,5.3,37,18,32,18,14,0,0,1627,29,expectedGoals,GER,2025-2026,datafc_sofascore,2026-08-09T01:15:33.051884
35,77333,Luca Waldschmidt,319861,1. FC Köln,2671,5,4,6.79,5.54,1.64,26,13,13,7,8,1,0,684,24,expectedGoals,GER,2025-2026,datafc_sofascore,2026-08-09T01:15:33.051884
35,77333,Stefan Schimmer,842922,1. FC Heidenheim,5885,5,1,6.62,5.37,0.63,31,11,12,1,11,1,0,812,27,expectedGoals,GER,2025-2026,datafc_sofascore,2026-08-09T01:15:33.051884
35,77333,Ibrahim Maza,1407524,Bayer 04 Leverkusen,2681,3,4,7.1,5.34,4.45,54,17,29,48,41,2,0,1859,28,expectedGoals,GER,2025-2026,datafc_sofascore,2026-08-09T01:15:33.051884
35,77333,Budu Zivzivadze,149728,1. FC Heidenheim,5885,6,0,6.65,5.32,1.1,28,14,7,13,14,2,1,1146,20,expectedGoals,GER,2025-2026,datafc_sofascore,2026-08-09T01:15:33.051884
35,77333,Michael Gregoritsch,111483,FC Augsburg,2600,6,2,6.76,5.27,0.74,29,10,7,2,5,2,0,927,17,expectedGoals,GER,2025-2026,datafc_sofascore,2026-08-09T01:15:33.051884
35,77333,Paul Nebel,980621,1. FSV Mainz 05,2556,5,2,6.61,5.26,3.77,32,8,41,20,50,2,2,2081,30,expectedGoals,GER,2025-2026,datafc_sofascore,2026-08-09T01:15:33.051884
35,77333,Rayan Philippe,991824,Hamburger SV,2676,5,0,6.58,5.2,1.68,39,16,16,12,20,2,0,1292,28,expectedGoals,GER,2025-2026,datafc_sofascore,2026-08-09T01:15:33.051884
35,77333,Oliver Burke,608362,1. FC Union Berlin,2547,6,2,6.75,5.18,1.96,33,15,22,11,12,4,0,1691,29,expectedGoals,GER,2025-2026,datafc_sofascore,2026-08-09T01:15:33.051884
35,77333,Grischa Prömel,253993,TSG Hoffenheim,2569,7,2,6.86,5.09,2.98,43,14,16,6,36,5,0,1752,33,expectedGoals,GER,2025-2026,datafc_sofascore,2026-08-09T01:15:33.051884
35,77333,Kevin Diks,583806,Borussia M'gladbach,2527,5,0,6.96,5.08,1.13,23,13,8,10,43,6,0,2467,30,expectedGoals,GER,2025-2026,datafc_sofascore,2026-08-09T01:15:33.051884
35,77333,Danel Sinani,887500,FC St. Pauli,2526,5,3,6.72,5.06,4.78,51,18,47,12,25,4,0,2068,30,expectedGoals,GER,2025-2026,datafc_sofascore,2026-08-09T01:15:33.051884
35,77333,Karim Adeyemi,940054,Borussia Dortmund,2673,7,4,6.86,4.87,3.16,31,14,16,27,5,5,0,1215,28,expectedGoals,GER,2025-2026,datafc_sofascore,2026-08-09T01:15:33.051884
35,77333,Jamal Musiala,1010231,FC Bayern München,2672,3,4,6.71,4.81,1.92,30,9,17,21,11,1,0,685,15,expectedGoals,GER,2025-2026,datafc_sofascore,2026-08-09T01:15:33.051884
35,77333,Leon Goretzka,184661,FC Bayern München,2672,5,3,7.13,4.8,3.81,35,11,22,11,29,4,0,1954,31,expectedGoals,GER,2025-2026,datafc_sofascore,2026-08-09T01:15:33.051884
35,77333,Fábio Vieira,904835,Hamburger SV,2676,7,5,7.18,4.65,4.07,59,19,39,32,20,2,2,2215,29,expectedGoals,GER,2025-2026,datafc_sofascore,2026-08-09T01:15:33.051884
35,77333,Malik Tillman,975798,Bayer 04 Leverkusen,2681,6,0,6.93,4.62,2.91,34,13,26,11,38,2,0,1689,29,expectedGoals,GER,2025-2026,datafc_sofascore,2026-08-09T01:15:33.051884
35,77333,Lucas Höler,280009,SC Freiburg,2538,3,1,6.67,4.5,1.93,34,15,24,10,25,4,0,2065,33,expectedGoals,GER,2025-2026,datafc_sofascore,2026-08-09T01:15:33.051884
35,77333,Antonio Nusa,1121923,RB Leipzig,36360,4,3,7.07,4.41,5.16,61,20,33,68,26,0,0,2035,31,expectedGoals,GER,2025-2026,datafc_sofascore,2026-08-09T01:15:33.051884
35,77333,Maximilian Mittelstädt,788949,VfB Stuttgart,2677,6,4,7.2,4.4,6.02,31,16,37,14,67,4,0,2195,32,expectedGoals,GER,2025-2026,datafc_sofascore,2026-08-09T01:15:33.051884
35,77333,Marius Bülter,378340,1. FC Köln,2671,5,4,6.84,4.37,4.47,42,17,26,6,7,3,0,1606,32,expectedGoals,GER,2025-2026,datafc_sofascore,2026-08-09T01:15:33.051884
35,77333,Ozan Kabak,857740,TSG Hoffenheim,2569,4,0,6.88,4.33,0.84,36,12,8,6,20,5,0,1763,25,expectedGoals,GER,2025-2026,datafc_sofascore,2026-08-09T01:15:33.051884
35,77333,Mathias Pereira Lage,831400,FC St. Pauli,2526,2,2,6.57,4.33,1.47,43,15,24,15,38,3,0,2030,28,expectedGoals,GER,2025-2026,datafc_sofascore,2026-08-09T01:15:33.051884
35,77333,Sheraldo Becker,352544,1. FSV Mainz 05,2556,3,3,6.91,4.33,3.18,29,15,17,4,1,2,0,953,14,expectedGoals,GER,2025-2026,datafc_sofascore,2026-08-09T01:15:33.051884
35,77333,Jamie Leweling,990201,VfB Stuttgart,2677,7,9,7.03,4.31,5.22,49,18,41,31,22,4,0,2375,32,expectedGoals,GER,2025-2026,datafc_sofascore,2026-08-09T01:15:33.051884
35,77333,Andreas Hountondji,1112796,FC St. Pauli,2526,4,0,6.42,4.27,0.53,21,13,6,9,7,2,0,1084,21,expectedGoals,GER,2025-2026,datafc_sofascore,2026-08-09T01:15:33.051884
35,77333,Chris Führich,891510,VfB Stuttgart,2677,7,7,7.17,4.26,8.05,45,23,49,28,15,2,0,1723,33,expectedGoals,GER,2025-2026,datafc_sofascore,2026-08-09T01:15:33.051884
35,77333,Danilho Doekhi,830803,1. FC Union Berlin,2547,5,0,6.75,4.25,1.61,46,11,8,3,44,4,0,3060,34,expectedGoals,GER,2025-2026,datafc_sofascore,2026-08-09T01:15:33.051884
35,77333,Luka Vušković,1405212,Hamburger SV,2676,6,0,7.28,4.22,1.46,32,10,11,8,22,6,0,2441,28,expectedGoals,GER,2025-2026,datafc_sofascore,2026-08-09T01:15:33.051884
35,77333,Fabian Rieder,929620,FC Augsburg,2600,6,3,6.89,4.19,4.59,38,13,44,19,37,4,0,2359,32,expectedGoals,GER,2025-2026,datafc_sofascore,2026-08-09T01:15:33.051884
35,77333,Bazoumana Touré,1568123,TSG Hoffenheim,2569,5,9,6.91,4.16,5.75,48,13,46,48,34,2,0,2325,30,expectedGoals,GER,2025-2026,datafc_sofascore,2026-08-09T01:15:33.051884
35,77333,Conrad Harder,1494826,RB Leipzig,36360,3,3,6.6,4.08,1.86,42,13,14,5,10,3,0,919,29,expectedGoals,GER,2025-2026,datafc_sofascore,2026-08-09T01:15:33.051884
35,77333,Arnaud Kalimuendo,954061,Eintracht Frankfurt,2674,6,1,6.79,4.04,1.17,30,16,22,21,11,4,0,1420,19,expectedGoals,GER,2025-2026,datafc_sofascore,2026-08-09T01:15:33.051884
35,77333,Eren Dinkçi,1067120,1. FC Heidenheim,5885,3,1,6.79,3.97,2.1,29,9,11,11,25,4,0,1399,22,expectedGoals,GER,2025-2026,datafc_sofascore,2026-08-09T01:15:33.051884
35,77333,Can Uzun,1440948,Eintracht Frankfurt,2674,8,4,7.19,3.93,2.98,41,19,20,16,15,3,0,1172,21,expectedGoals,GER,2025-2026,datafc_sofascore,2026-08-09T01:15:33.051884
35,77333,Yuito Suzuki,1020422,SC Freiburg,2538,4,2,6.76,3.86,2.59,38,14,25,18,20,3,0,1636,25,expectedGoals,GER,2025-2026,datafc_sofascore,2026-08-09T01:15:33.051884
35,77333,Johan Manzambi,1518931,SC Freiburg,2538,5,4,7.22,3.85,5.13,51,12,20,33,35,4,2,2094,27,expectedGoals,GER,2025-2026,datafc_sofascore,2026-08-09T01:15:33.051884
35,77333,Maximilian Eggestein,569784,SC Freiburg,2538,3,1,6.85,3.8,1.7,44,13,19,15,64,4,0,3060,34,expectedGoals,GER,2025-2026,datafc_sofascore,2026-08-09T01:15:33.051884
35,77333,Ansgar Knauff,997012,Eintracht Frankfurt,2674,4,1,6.58,3.78,1.8,35,14,17,11,13,3,0,1332,28,expectedGoals,GER,2025-2026,datafc_sofascore,2026-08-09T01:15:33.051884
35,77333,Jens Castrop,1019312,Borussia M'gladbach,2527,3,1,6.69,3.73,1.69,30,12,19,25,58,2,2,1599,26,expectedGoals,GER,2025-2026,datafc_sofascore,2026-08-09T01:15:33.051884
35,77333,Nico Schlotterbeck,940871,Borussia Dortmund,2673,5,1,7.67,3.72,2.69,32,9,12,15,50,8,0,2520,28,expectedGoals,GER,2025-2026,datafc_sofascore,2026-08-09T01:15:33.051884
35,77333,Leopold Querfeld,1086547,1. FC Union Berlin,2547,3,0,6.87,3.69,1.77,29,10,21,4,52,6,0,2704,31,expectedGoals,GER,2025-2026,datafc_sofascore,2026-08-09T01:15:33.051884
35,77333,Felix Nmecha,907463,Borussia Dortmund,2673,2,3,6.94,3.62,4.24,33,7,20,31,37,0,0,2184,29,expectedGoals,GER,2025-2026,datafc_sofascore,2026-08-09T01:15:33.051884
35,77333,Marco Grüll,815612,SV Werder Bremen,2534,3,1,6.76,3.6,3.09,43,13,33,21,38,5,0,2020,33,expectedGoals,GER,2025-2026,datafc_sofascore,2026-08-09T01:15:33.051884
35,77333,Martijn Kaars,861850,FC St. Pauli,2526,3,1,6.5,3.55,1.77,24,10,10,5,7,2,0,1368,29,expectedGoals,GER,2025-2026,datafc_sofascore,2026-08-09T01:15:33.051884
35,77333,Rodrigo Ribeiro,1215904,FC Augsburg,2600,2,0,6.52,3.51,0.17,26,7,1,8,6,1,0,632,14,expectedGoals,GER,2025-2026,datafc_sofascore,2026-08-09T01:15:33.051884
35,77333,Patrick Mainka,254429,1. FC Heidenheim,5885,2,2,6.85,3.49,1.36,37,9,10,4,45,1,0,3060,34,expectedGoals,GER,2025-2026,datafc_sofascore,2026-08-09T01:15:33.051884
35,77333,Wouter Burger,916946,TSG Hoffenheim,2569,4,5,7.08,3.46,5.35,36,13,51,4,72,7,1,2440,30,expectedGoals,GER,2025-2026,datafc_sofascore,2026-08-09T01:15:33.051884
35,77333,Jan-Niklas Beste,836711,SC Freiburg,2538,2,2,6.8,3.44,4.25,24,14,35,15,40,5,0,1716,28,expectedGoals,GER,2025-2026,datafc_sofascore,2026-08-09T01:15:33.051884
35,77333,Brajan Gruda,1198075,RB Leipzig,36360,3,3,7.18,3.44,2.67,22,10,17,21,8,1,0,755,13,expectedGoals,GER,2025-2026,datafc_sofascore,2026-08-09T01:15:33.051884
35,77333,Raphaël Guerreiro,246999,FC Bayern München,2672,5,2,6.77,3.43,1.43,12,5,19,3,7,0,0,803,18,expectedGoals,GER,2025-2026,datafc_sofascore,2026-08-09T01:15:33.051884
35,77333,Mert Kömür,1390682,FC Augsburg,2600,2,4,6.64,3.42,2.1,43,16,23,17,15,1,0,1466,28,expectedGoals,GER,2025-2026,datafc_sofascore,2026-08-09T01:15:33.051884
35,77333,Ritsu Doan,790965,Eintracht Frankfurt,2674,5,5,6.85,3.36,5.62,41,15,40,34,43,5,0,2379,31,expectedGoals,GER,2025-2026,datafc_sofascore,2026-08-09T01:15:33.051884
35,77333,Ilyas Ansah,1462742,1. FC Union Berlin,2547,5,1,6.64,3.25,1.05,33,12,16,25,17,1,0,1909,33,expectedGoals,GER,2025-2026,datafc_sofascore,2026-08-09T01:15:33.051884
35,77333,Jae-sung Lee,537552,1. FSV Mainz 05,2556,4,2,6.72,3.25,3.21,30,9,22,5,38,4,0,2198,28,expectedGoals,GER,2025-2026,datafc_sofascore,2026-08-09T01:15:33.051884
35,77333,Konstantinos Koulierakis,1184855,VfL Wolfsburg,2524,4,1,6.73,3.22,1.37,26,12,14,3,39,5,0,2488,29,expectedGoals,GER,2025-2026,datafc_sofascore,2026-08-09T01:15:33.051884
35,77333,Lukas Kübler,142525,SC Freiburg,2538,2,2,6.66,3.18,1.49,19,5,11,2,40,3,0,1593,23,expectedGoals,GER,2025-2026,datafc_sofascore,2026-08-09T01:15:33.051884
35,77333,Mathias Honsak,575952,1. FC Heidenheim,5885,2,1,6.56,3.17,1.67,31,8,12,15,21,1,0,1260,27,expectedGoals,GER,2025-2026,datafc_sofascore,2026-08-09T01:15:33.051884
35,77333,Bilal El Khannouss,1126569,VfB Stuttgart,2677,4,5,6.98,3.17,5.74,42,15,45,18,28,6,0,1634,25,expectedGoals,GER,2025-2026,datafc_sofascore,2026-08-09T01:15:33.051884
35,77333,Michael Olise,978838,FC Bayern München,2672,15,19,7.87,11.46,17.23,101,50,81,65,24,8,0,2317,32,expectedAssists,GER,2025-2026,datafc_sofascore,2026-08-09T01:15:33.051884
35,77333,David Raum,856076,RB Leipzig,36360,3,7,7.33,2.2,12.39,24,8,98,16,48,6,0,2556,30,expectedAssists,GER,2025-2026,datafc_sofascore,2026-08-09T01:15:33.051884
35,77333,Romano Schmid,830127,SV Werder Bremen,2534,4,8,6.91,7.83,10.44,57,21,89,37,46,4,0,2988,34,expectedAssists,GER,2025-2026,datafc_sofascore,2026-08-09T01:15:33.051884
35,77333,Joshua Kimmich,259117,FC Bayern München,2672,2,8,7.71,2.65,10.24,28,10,58,11,32,4,0,2280,29,expectedAssists,GER,2025-2026,datafc_sofascore,2026-08-09T01:15:33.051884
35,77333,Alejandro Grimaldo,177177,Bayer 04 Leverkusen,2681,8,8,7.31,6.65,10.13,60,21,70,25,49,5,0,2524,29,expectedAssists,GER,2025-2026,datafc_sofascore,2026-08-09T01:15:33.051884
35,77333,Yan Diomande,2087085,RB Leipzig,36360,12,8,7.72,7.14,10.12,53,26,56,118,29,2,0,2476,33,expectedAssists,GER,2025-2026,datafc_sofascore,2026-08-09T01:15:33.051884
35,77333,Julian Ryerson,800951,Borussia Dortmund,2673,0,15,7.08,0.93,10.04,12,1,56,24,34,8,0,2272,31,expectedAssists,GER,2025-2026,datafc_sofascore,2026-08-09T01:15:33.051884
35,77333,Vladimír Coufal,138024,TSG Hoffenheim,2569,1,8,7.12,0.88,8.99,25,6,59,31,60,4,0,3017,34,expectedAssists,GER,2025-2026,datafc_sofascore,2026-08-09T01:15:33.051884
35,77333,Chris Führich,891510,VfB Stuttgart,2677,7,7,7.17,4.26,8.05,45,23,49,28,15,2,0,1723,33,expectedAssists,GER,2025-2026,datafc_sofascore,2026-08-09T01:15:33.051884
35,77333,Luis Díaz,883537,FC Bayern München,2672,15,14,7.26,15.1,7.74,88,37,67,61,21,5,1,2450,32,expectedAssists,GER,2025-2026,datafc_sofascore,2026-08-09T01:15:33.051884
35,77333,Nadiem Amiri,327755,1. FSV Mainz 05,2556,12,2,7.43,10.4,7.69,55,23,63,25,31,6,0,2090,26,expectedAssists,GER,2025-2026,datafc_sofascore,2026-08-09T01:15:33.051884
35,77333,Christian Eriksen,105734,VfL Wolfsburg,2524,3,9,6.91,5.96,7.65,38,14,63,10,38,4,0,2419,31,expectedAssists,GER,2025-2026,datafc_sofascore,2026-08-09T01:15:33.051884
35,77333,Angelo Stiller,901882,VfB Stuttgart,2677,2,5,7.25,3.08,7.46,17,8,56,14,49,1,0,2750,34,expectedAssists,GER,2025-2026,datafc_sofascore,2026-08-09T01:15:33.051884
35,77333,Franck Honorat,280453,Borussia M'gladbach,2527,2,6,6.87,0.91,6.75,17,5,45,17,22,0,0,1987,28,expectedAssists,GER,2025-2026,datafc_sofascore,2026-08-09T01:15:33.051884
35,77333,Aleix García,796047,Bayer 04 Leverkusen,2681,3,8,7.45,2.29,6.65,30,5,51,4,26,6,0,2676,33,expectedAssists,GER,2025-2026,datafc_sofascore,2026-08-09T01:15:33.051884
35,77333,Jakub Kamiński,801263,1. FC Köln,2671,7,3,7.1,7.06,6.41,63,26,52,24,45,4,0,3019,34,expectedAssists,GER,2025-2026,datafc_sofascore,2026-08-09T01:15:33.051884
35,77333,Christopher Trimmel,48557,1. FC Union Berlin,2547,0,3,7.02,0.09,6.41,5,1,53,1,38,8,0,1875,29,expectedAssists,GER,2025-2026,datafc_sofascore,2026-08-09T01:15:33.051884
35,77333,Arijon Ibrahimović,1142248,1. FC Heidenheim,5885,2,4,6.8,6.31,6.3,47,19,56,23,34,2,0,2181,32,expectedAssists,GER,2025-2026,datafc_sofascore,2026-08-09T01:15:33.051884
35,77333,Ridle Baku,856553,RB Leipzig,36360,2,3,6.87,2.56,6.05,30,6,37,13,60,4,0,2509,32,expectedAssists,GER,2025-2026,datafc_sofascore,2026-08-09T01:15:33.051884
35,77333,Maximilian Mittelstädt,788949,VfB Stuttgart,2677,6,4,7.2,4.4,6.02,31,16,37,14,67,4,0,2195,32,expectedAssists,GER,2025-2026,datafc_sofascore,2026-08-09T01:15:33.051884
35,77333,Bazoumana Touré,1568123,TSG Hoffenheim,2569,5,9,6.91,4.16,5.75,48,13,46,48,34,2,0,2325,30,expectedAssists,GER,2025-2026,datafc_sofascore,2026-08-09T01:15:33.051884
35,77333,Bilal El Khannouss,1126569,VfB Stuttgart,2677,4,5,6.98,3.17,5.74,42,15,45,18,28,6,0,1634,25,expectedAssists,GER,2025-2026,datafc_sofascore,2026-08-09T01:15:33.051884
35,77333,Ritsu Doan,790965,Eintracht Frankfurt,2674,5,5,6.85,3.36,5.62,41,15,40,34,43,5,0,2379,31,expectedAssists,GER,2025-2026,datafc_sofascore,2026-08-09T01:15:33.051884
35,77333,Daniel Svensson,1021272,Borussia Dortmund,2673,2,2,6.78,1.79,5.5,12,4,35,12,38,0,0,2452,33,expectedAssists,GER,2025-2026,datafc_sofascore,2026-08-09T01:15:33.051884
35,77333,Wouter Burger,916946,TSG Hoffenheim,2569,4,5,7.08,3.46,5.35,36,13,51,4,72,7,1,2440,30,expectedAssists,GER,2025-2026,datafc_sofascore,2026-08-09T01:15:33.051884
35,77333,Julian Brandt,226978,Borussia Dortmund,2673,7,4,6.99,5.7,5.3,37,18,32,18,14,0,0,1627,29,expectedAssists,GER,2025-2026,datafc_sofascore,2026-08-09T01:15:33.051884
35,77333,Jamie Leweling,990201,VfB Stuttgart,2677,7,9,7.03,4.31,5.22,49,18,41,31,22,4,0,2375,32,expectedAssists,GER,2025-2026,datafc_sofascore,2026-08-09T01:15:33.051884
35,77333,Konrad Laimer,355492,FC Bayern München,2672,3,9,6.81,2.42,5.21,17,8,45,14,46,9,0,1997,29,expectedAssists,GER,2025-2026,datafc_sofascore,2026-08-09T01:15:33.051884
35,77333,Antonio Nusa,1121923,RB Leipzig,36360,4,3,7.07,4.41,5.16,61,20,33,68,26,0,0,2035,31,expectedAssists,GER,2025-2026,datafc_sofascore,2026-08-09T01:15:33.051884
35,77333,Johan Manzambi,1518931,SC Freiburg,2538,5,4,7.22,3.85,5.13,51,12,20,33,35,4,2,2094,27,expectedAssists,GER,2025-2026,datafc_sofascore,2026-08-09T01:15:33.051884
35,77333,Serge Gnabry,187433,FC Bayern München,2672,8,6,7.09,6.26,5.08,50,17,23,16,18,1,0,1228,21,expectedAssists,GER,2025-2026,datafc_sofascore,2026-08-09T01:15:33.051884
35,77333,Josip Stanišić,927407,FC Bayern München,2672,2,3,6.91,1.36,5.03,7,4,24,10,28,1,0,1855,26,expectedAssists,GER,2025-2026,datafc_sofascore,2026-08-09T01:15:33.051884
35,77333,Andrej Kramarić,67647,TSG Hoffenheim,2569,14,6,7.03,11.89,5.02,64,33,36,19,8,2,0,2222,34,expectedAssists,GER,2025-2026,datafc_sofascore,2026-08-09T01:15:33.051884
35,77333,Maximilian Beier,980628,Borussia Dortmund,2673,9,6,6.8,7.35,4.97,50,20,26,18,26,3,0,2036,32,expectedAssists,GER,2025-2026,datafc_sofascore,2026-08-09T01:15:33.051884
35,77333,Lennart Karl,1861975,FC Bayern München,2672,5,5,6.83,7.59,4.96,42,21,24,22,25,1,0,1282,26,expectedAssists,GER,2025-2026,datafc_sofascore,2026-08-09T01:15:33.051884
35,77333,Rocco Reitz,1048650,Borussia M'gladbach,2527,0,4,6.86,2.57,4.92,47,14,28,24,68,8,1,2636,31,expectedAssists,GER,2025-2026,datafc_sofascore,2026-08-09T01:15:33.051884
35,77333,Danel Sinani,887500,FC St. Pauli,2526,5,3,6.72,5.06,4.78,51,18,47,12,25,4,0,2068,30,expectedAssists,GER,2025-2026,datafc_sofascore,2026-08-09T01:15:33.051884
35,77333,Vincenzo Grifo,171961,SC Freiburg,2538,7,4,6.94,5.74,4.66,30,12,41,10,10,0,0,1720,33,expectedAssists,GER,2025-2026,datafc_sofascore,2026-08-09T01:15:33.051884
35,77333,Fabian Rieder,929620,FC Augsburg,2600,6,3,6.89,4.19,4.59,38,13,44,19,37,4,0,2359,32,expectedAssists,GER,2025-2026,datafc_sofascore,2026-08-09T01:15:33.051884
35,77333,Marius Bülter,378340,1. FC Köln,2671,5,4,6.84,4.37,4.47,42,17,26,6,7,3,0,1606,32,expectedAssists,GER,2025-2026,datafc_sofascore,2026-08-09T01:15:33.051884
35,77333,Ibrahim Maza,1407524,Bayer 04 Leverkusen,2681,3,4,7.1,5.34,4.45,54,17,29,48,41,2,0,1859,28,expectedAssists,GER,2025-2026,datafc_sofascore,2026-08-09T01:15:33.051884
35,77333,Ernest Poku,1119502,Bayer 04 Leverkusen,2681,5,5,6.84,3.05,4.35,27,9,28,28,13,0,0,1484,29,expectedAssists,GER,2025-2026,datafc_sofascore,2026-08-09T01:15:33.051884
35,77333,Harry Kane,108579,FC Bayern München,2672,36,5,7.84,26.87,4.27,119,67,40,32,19,1,0,2382,31,expectedAssists,GER,2025-2026,datafc_sofascore,2026-08-09T01:15:33.051884
35,77333,Jan-Niklas Beste,836711,SC Freiburg,2538,2,2,6.8,3.44,4.25,24,14,35,15,40,5,0,1716,28,expectedAssists,GER,2025-2026,datafc_sofascore,2026-08-09T01:15:33.051884
35,77333,Miro Muheim,798303,Hamburger SV,2676,0,4,6.93,1.19,4.25,23,7,41,21,62,7,1,2437,29,expectedAssists,GER,2025-2026,datafc_sofascore,2026-08-09T01:15:33.051884
35,77333,Felix Nmecha,907463,Borussia Dortmund,2673,2,3,6.94,3.62,4.24,33,7,20,31,37,0,0,2184,29,expectedAssists,GER,2025-2026,datafc_sofascore,2026-08-09T01:15:33.051884
35,77333,Maximilian Arnold,147289,VfL Wolfsburg,2524,1,4,7.1,0.43,4.09,14,5,29,5,22,5,0,1860,25,expectedAssists,GER,2025-2026,datafc_sofascore,2026-08-09T01:15:33.051884
35,77333,Fábio Vieira,904835,Hamburger SV,2676,7,5,7.18,4.65,4.07,59,19,39,32,20,2,2,2215,29,expectedAssists,GER,2025-2026,datafc_sofascore,2026-08-09T01:15:33.051884
35,77333,Dimitrios Giannoulis,354878,FC Augsburg,2600,2,5,6.92,1.17,4.05,10,6,34,19,27,8,0,1901,27,expectedAssists,GER,2025-2026,datafc_sofascore,2026-08-09T01:15:33.051884
35,77333,Deniz Undav,794298,VfB Stuttgart,2677,19,6,7.19,16.4,4.03,122,46,41,9,18,5,0,2247,29,expectedAssists,GER,2025-2026,datafc_sofascore,2026-08-09T01:15:33.051884
35,77333,Jean-Luc Dompé,789192,Hamburger SV,2676,3,0,7.03,2.08,4.02,25,12,33,21,5,0,0,1136,20,expectedAssists,GER,2025-2026,datafc_sofascore,2026-08-09T01:15:33.051884
35,77333,Christoph Baumgartner,825956,RB Leipzig,36360,13,8,6.93,15.1,3.94,81,35,37,13,54,10,0,2789,33,expectedAssists,GER,2025-2026,datafc_sofascore,2026-08-09T01:15:33.051884
35,77333,Fisnik Asllani,1010117,TSG Hoffenheim,2569,10,7,6.73,8.28,3.93,73,28,36,17,17,2,0,2354,33,expectedAssists,GER,2025-2026,datafc_sofascore,2026-08-09T01:15:33.051884
35,77333,Joel Chima Fujita,1002461,FC St. Pauli,2526,1,3,6.71,1.15,3.92,31,7,30,47,68,6,0,2671,32,expectedAssists,GER,2025-2026,datafc_sofascore,2026-08-09T01:15:33.051884
35,77333,Farès Chaïbi,1192318,Eintracht Frankfurt,2674,2,9,6.83,2.83,3.9,35,9,40,11,31,2,0,1797,28,expectedAssists,GER,2025-2026,datafc_sofascore,2026-08-09T01:15:33.051884
35,77333,Leon Goretzka,184661,FC Bayern München,2672,5,3,7.13,4.8,3.81,35,11,22,11,29,4,0,1954,31,expectedAssists,GER,2025-2026,datafc_sofascore,2026-08-09T01:15:33.051884
35,77333,Derrick Köhn,886737,1. FC Union Berlin,2547,1,2,6.72,2.15,3.78,28,5,26,11,34,5,1,1910,29,expectedAssists,GER,2025-2026,datafc_sofascore,2026-08-09T01:15:33.051884
35,77333,Paul Nebel,980621,1. FSV Mainz 05,2556,5,2,6.61,5.26,3.77,32,8,41,20,50,2,2,2081,30,expectedAssists,GER,2025-2026,datafc_sofascore,2026-08-09T01:15:33.051884
35,77333,Ísak Bergmann Jóhannesson,1112327,1. FC Köln,2671,1,2,6.75,1.43,3.72,13,4,34,6,27,6,0,1812,31,expectedAssists,GER,2025-2026,datafc_sofascore,2026-08-09T01:15:33.051884
35,77333,Marnon Busch,168861,1. FC Heidenheim,5885,1,5,6.79,1.11,3.52,12,3,17,3,36,4,0,1912,29,expectedAssists,GER,2025-2026,datafc_sofascore,2026-08-09T01:15:33.051884
35,77333,Serhou Guirassy,328027,Borussia Dortmund,2673,17,1,6.83,17.56,3.5,84,40,20,12,2,3,0,2348,33,expectedAssists,GER,2025-2026,datafc_sofascore,2026-08-09T01:15:33.051884
35,77333,Kaishu Sano,1028307,1. FSV Mainz 05,2556,1,2,7.02,1.36,3.4,24,6,25,28,52,1,0,3059,34,expectedAssists,GER,2025-2026,datafc_sofascore,2026-08-09T01:15:33.051884
35,77333,Jean-Mattéo Bahoya,1146148,Eintracht Frankfurt,2674,3,4,6.96,2.04,3.33,29,9,31,41,31,2,0,1335,27,expectedAssists,GER,2025-2026,datafc_sofascore,2026-08-09T01:15:33.051884
35,77333,Alexander Prass,978062,TSG Hoffenheim,2569,3,2,6.81,1.19,3.25,18,11,18,16,32,4,0,1318,32,expectedAssists,GER,2025-2026,datafc_sofascore,2026-08-09T01:15:33.051884
35,77333,Jae-sung Lee,537552,1. FSV Mainz 05,2556,4,2,6.72,3.25,3.21,30,9,22,5,38,4,0,2198,28,expectedAssists,GER,2025-2026,datafc_sofascore,2026-08-09T01:15:33.051884
35,77333,Jens Stage,830142,SV Werder Bremen,2534,10,2,6.98,6.08,3.21,56,21,26,13,41,5,0,2468,29,expectedAssists,GER,2025-2026,datafc_sofascore,2026-08-09T01:15:33.051884
35,77333,Alexis Claude-Maurice,822877,FC Augsburg,2600,5,4,6.87,6.88,3.2,71,26,33,44,41,3,0,2107,29,expectedAssists,GER,2025-2026,datafc_sofascore,2026-08-09T01:15:33.051884
35,77333,Sheraldo Becker,352544,1. FSV Mainz 05,2556,3,3,6.91,4.33,3.18,29,15,17,4,1,2,0,953,14,expectedAssists,GER,2025-2026,datafc_sofascore,2026-08-09T01:15:33.051884
35,77333,Karim Adeyemi,940054,Borussia Dortmund,2673,7,4,6.86,4.87,3.16,31,14,16,27,5,5,0,1215,28,expectedAssists,GER,2025-2026,datafc_sofascore,2026-08-09T01:15:33.051884
35,77333,Marco Grüll,815612,SV Werder Bremen,2534,3,1,6.76,3.6,3.09,43,13,33,21,38,5,0,2020,33,expectedAssists,GER,2025-2026,datafc_sofascore,2026-08-09T01:15:33.051884
35,77333,Phillipp Mwene,138126,1. FSV Mainz 05,2556,1,2,6.81,1.96,3.08,10,2,18,8,29,4,0,2072,29,expectedAssists,GER,2025-2026,datafc_sofascore,2026-08-09T01:15:33.051884
35,77333,Sebastian Sebulonsen,1020206,1. FC Köln,2671,0,0,6.42,1.55,3.07,31,5,21,18,44,5,0,2505,31,expectedAssists,GER,2025-2026,datafc_sofascore,2026-08-09T01:15:33.051884
35,77333,Yukinari Sugawara,905347,SV Werder Bremen,2534,0,6,6.52,1.85,3.06,30,11,20,11,36,2,1,2432,31,expectedAssists,GER,2025-2026,datafc_sofascore,2026-08-09T01:15:33.051884
35,77333,Yan Couto,1002813,Borussia Dortmund,2673,2,2,6.83,1.01,3.02,9,4,17,13,20,4,0,1010,19,expectedAssists,GER,2025-2026,datafc_sofascore,2026-08-09T01:15:33.051884
35,77333,Anton Kade,1129365,FC Augsburg,2600,6,0,6.84,6.35,3.01,48,21,26,24,31,3,0,1746,28,expectedAssists,GER,2025-2026,datafc_sofascore,2026-08-09T01:15:33.051884
35,77333,Grischa Prömel,253993,TSG Hoffenheim,2569,7,2,6.86,5.09,2.98,43,14,16,6,36,5,0,1752,33,expectedAssists,GER,2025-2026,datafc_sofascore,2026-08-09T01:15:33.051884
35,77333,Can Uzun,1440948,Eintracht Frankfurt,2674,8,4,7.19,3.93,2.98,41,19,20,16,15,3,0,1172,21,expectedAssists,GER,2025-2026,datafc_sofascore,2026-08-09T01:15:33.051884
35,77333,Rômulo,1133743,RB Leipzig,36360,9,4,6.65,14.36,2.95,63,27,26,11,30,3,0,2204,30,expectedAssists,GER,2025-2026,datafc_sofascore,2026-08-09T01:15:33.051884
35,77333,Silvan Widmer,157377,1. FSV Mainz 05,2556,2,1,6.82,2.49,2.94,20,4,8,2,40,5,0,1819,27,expectedAssists,GER,2025-2026,datafc_sofascore,2026-08-09T01:15:33.051884
35,77333,Matthias Ginter,142259,SC Freiburg,2538,3,4,6.98,2.3,2.92,19,7,15,3,22,3,0,2836,32,expectedAssists,GER,2025-2026,datafc_sofascore,2026-08-09T01:15:33.051884
35,77333,Danny da Costa,97926,1. FSV Mainz 05,2556,2,3,6.83,1.6,2.91,14,5,16,15,43,3,0,2697,34,expectedAssists,GER,2025-2026,datafc_sofascore,2026-08-09T01:15:33.051884
35,77333,Malik Tillman,975798,Bayer 04 Leverkusen,2681,6,0,6.93,4.62,2.91,34,13,26,11,38,2,0,1689,29,expectedAssists,GER,2025-2026,datafc_sofascore,2026-08-09T01:15:33.051884
35,77333,Nathaniel Brown,1159759,Eintracht Frankfurt,2674,4,4,6.79,2.52,2.89,18,9,34,17,81,3,0,2658,33,expectedAssists,GER,2025-2026,datafc_sofascore,2026-08-09T01:15:33.051884
35,77333,Kevin Stöger,95381,Borussia M'gladbach,2527,1,1,6.77,2.46,2.88,23,7,26,3,37,3,0,1341,29,expectedAssists,GER,2025-2026,datafc_sofascore,2026-08-09T01:15:33.051884
35,77333,Philipp Sander,939880,Borussia M'gladbach,2527,2,0,6.98,1.56,2.79,25,8,11,5,65,4,0,2454,30,expectedAssists,GER,2025-2026,datafc_sofascore,2026-08-09T01:15:33.051884
35,77333,Patrik Schick,280609,Bayer 04 Leverkusen,2681,16,3,6.94,17.18,2.78,72,34,14,10,9,2,0,1995,28,expectedAssists,GER,2025-2026,datafc_sofascore,2026-08-09T01:15:33.051884
35,77333,Nikolas Nartey,861981,VfB Stuttgart,2677,4,3,6.93,2.52,2.76,22,12,24,18,14,2,0,1262,28,expectedAssists,GER,2025-2026,datafc_sofascore,2026-08-09T01:15:33.051884
35,77333,Adam Daghim,1180758,VfL Wolfsburg,2524,2,3,6.71,2.48,2.71,27,9,18,17,26,3,0,1381,27,expectedAssists,GER,2025-2026,datafc_sofascore,2026-08-09T01:15:33.051884
35,77333,Jonas Föhrenbach,311676,1. FC Heidenheim,5885,1,1,6.6,0.55,2.71,5,1,21,2,46,3,0,2327,27,expectedAssists,GER,2025-2026,datafc_sofascore,2026-08-09T01:15:33.051884
35,77333,Nico Schlotterbeck,940871,Borussia Dortmund,2673,5,1,7.67,3.72,2.69,32,9,12,15,50,8,0,2520,28,expectedAssists,GER,2025-2026,datafc_sofascore,2026-08-09T01:15:33.051884
35,77333,Saël Kumbedi,1155226,VfL Wolfsburg,2524,0,5,6.51,0.39,2.69,5,0,17,16,45,2,0,1805,24,expectedAssists,GER,2025-2026,datafc_sofascore,2026-08-09T01:15:33.051884
35,77333,Brajan Gruda,1198075,RB Leipzig,36360,3,3,7.18,3.44,2.67,22,10,17,21,8,1,0,755,13,expectedAssists,GER,2025-2026,datafc_sofascore,2026-08-09T01:15:33.051884
35,77333,Tom Bischof,1129935,FC Bayern München,2672,3,3,6.9,1.83,2.67,30,9,24,7,26,2,0,1320,26,expectedAssists,GER,2025-2026,datafc_sofascore,2026-08-09T01:15:33.051884
35,77333,Niklas Dorsch,794995,1. FC Heidenheim,5885,0,1,6.88,0.59,2.64,14,3,24,12,59,2,0,2270,32,expectedAssists,GER,2025-2026,datafc_sofascore,2026-08-09T01:15:33.051884
35,77333,Robin Fellhauer,860461,FC Augsburg,2600,3,2,6.8,2.79,2.64,30,9,31,15,57,2,0,2810,34,expectedAssists,GER,2025-2026,datafc_sofascore,2026-08-09T01:15:33.051884
35,77333,Yuito Suzuki,1020422,SC Freiburg,2538,4,2,6.76,3.86,2.59,38,14,25,18,20,3,0,1636,25,expectedAssists,GER,2025-2026,datafc_sofascore,2026-08-09T01:15:33.051884
35,77333,Nathan Tella,920379,Bayer 04 Leverkusen,2681,1,4,7.03,2.8,2.58,24,8,19,13,12,2,0,892,17,expectedAssists,GER,2025-2026,datafc_sofascore,2026-08-09T01:15:33.051884
35,77333,Lovro Majer,841947,VfL Wolfsburg,2524,2,3,6.63,3.09,2.56,27,7,22,12,26,5,0,1373,28,expectedAssists,GER,2025-2026,datafc_sofascore,2026-08-09T01:15:33.051884
35,77333,Fábio Silva,954076,Borussia Dortmund,2673,2,6,6.59,2.64,2.53,23,8,17,12,7,3,0,828,28,expectedAssists,GER,2025-2026,datafc_sofascore,2026-08-09T01:15:33.051884
35,77333,Xaver Schlager,791079,RB Leipzig,36360,3,1,6.94,2.11,2.51,21,7,21,22,37,6,0,1837,26,expectedAssists,GER,2025-2026,datafc_sofascore,2026-08-09T01:15:33.051884
35,77333,Michael Olise,978838,FC Bayern München,2672,15,19,7.87,11.46,17.23,101,50,81,65,24,8,0,2317,32,expectedAssists,GER,2025-2026,datafc_sofascore,2026-08-09T01:15:33.051884
35,77333,David Raum,856076,RB Leipzig,36360,3,7,7.33,2.2,12.39,24,8,98,16,48,6,0,2556,30,expectedAssists,GER,2025-2026,datafc_sofascore,2026-08-09T01:15:33.051884
35,77333,Romano Schmid,830127,SV Werder Bremen,2534,4,8,6.91,7.83,10.44,57,21,89,37,46,4,0,2988,34,expectedAssists,GER,2025-2026,datafc_sofascore,2026-08-09T01:15:33.051884
35,77333,Joshua Kimmich,259117,FC Bayern München,2672,2,8,7.71,2.65,10.24,28,10,58,11,32,4,0,2280,29,expectedAssists,GER,2025-2026,datafc_sofascore,2026-08-09T01:15:33.051884
35,77333,Alejandro Grimaldo,177177,Bayer 04 Leverkusen,2681,8,8,7.31,6.65,10.13,60,21,70,25,49,5,0,2524,29,expectedAssists,GER,2025-2026,datafc_sofascore,2026-08-09T01:15:33.051884
35,77333,Yan Diomande,2087085,RB Leipzig,36360,12,8,7.72,7.14,10.12,53,26,56,118,29,2,0,2476,33,expectedAssists,GER,2025-2026,datafc_sofascore,2026-08-09T01:15:33.051884
35,77333,Julian Ryerson,800951,Borussia Dortmund,2673,0,15,7.08,0.93,10.04,12,1,56,24,34,8,0,2272,31,expectedAssists,GER,2025-2026,datafc_sofascore,2026-08-09T01:15:33.051884
35,77333,Vladimír Coufal,138024,TSG Hoffenheim,2569,1,8,7.12,0.88,8.99,25,6,59,31,60,4,0,3017,34,expectedAssists,GER,2025-2026,datafc_sofascore,2026-08-09T01:15:33.051884
35,77333,Chris Führich,891510,VfB Stuttgart,2677,7,7,7.17,4.26,8.05,45,23,49,28,15,2,0,1723,33,expectedAssists,GER,2025-2026,datafc_sofascore,2026-08-09T01:15:33.051884
35,77333,Luis Díaz,883537,FC Bayern München,2672,15,14,7.26,15.1,7.74,88,37,67,61,21,5,1,2450,32,expectedAssists,GER,2025-2026,datafc_sofascore,2026-08-09T01:15:33.051884
35,77333,Nadiem Amiri,327755,1. FSV Mainz 05,2556,12,2,7.43,10.4,7.69,55,23,63,25,31,6,0,2090,26,expectedAssists,GER,2025-2026,datafc_sofascore,2026-08-09T01:15:33.051884
35,77333,Christian Eriksen,105734,VfL Wolfsburg,2524,3,9,6.91,5.96,7.65,38,14,63,10,38,4,0,2419,31,expectedAssists,GER,2025-2026,datafc_sofascore,2026-08-09T01:15:33.051884
35,77333,Angelo Stiller,901882,VfB Stuttgart,2677,2,5,7.25,3.08,7.46,17,8,56,14,49,1,0,2750,34,expectedAssists,GER,2025-2026,datafc_sofascore,2026-08-09T01:15:33.051884
35,77333,Franck Honorat,280453,Borussia M'gladbach,2527,2,6,6.87,0.91,6.75,17,5,45,17,22,0,0,1987,28,expectedAssists,GER,2025-2026,datafc_sofascore,2026-08-09T01:15:33.051884
35,77333,Aleix García,796047,Bayer 04 Leverkusen,2681,3,8,7.45,2.29,6.65,30,5,51,4,26,6,0,2676,33,expectedAssists,GER,2025-2026,datafc_sofascore,2026-08-09T01:15:33.051884
35,77333,Jakub Kamiński,801263,1. FC Köln,2671,7,3,7.1,7.06,6.41,63,26,52,24,45,4,0,3019,34,expectedAssists,GER,2025-2026,datafc_sofascore,2026-08-09T01:15:33.051884
35,77333,Christopher Trimmel,48557,1. FC Union Berlin,2547,0,3,7.02,0.09,6.41,5,1,53,1,38,8,0,1875,29,expectedAssists,GER,2025-2026,datafc_sofascore,2026-08-09T01:15:33.051884
35,77333,Arijon Ibrahimović,1142248,1. FC Heidenheim,5885,2,4,6.8,6.31,6.3,47,19,56,23,34,2,0,2181,32,expectedAssists,GER,2025-2026,datafc_sofascore,2026-08-09T01:15:33.051884
35,77333,Ridle Baku,856553,RB Leipzig,36360,2,3,6.87,2.56,6.05,30,6,37,13,60,4,0,2509,32,expectedAssists,GER,2025-2026,datafc_sofascore,2026-08-09T01:15:33.051884
35,77333,Maximilian Mittelstädt,788949,VfB Stuttgart,2677,6,4,7.2,4.4,6.02,31,16,37,14,67,4,0,2195,32,expectedAssists,GER,2025-2026,datafc_sofascore,2026-08-09T01:15:33.051884
35,77333,Bazoumana Touré,1568123,TSG Hoffenheim,2569,5,9,6.91,4.16,5.75,48,13,46,48,34,2,0,2325,30,expectedAssists,GER,2025-2026,datafc_sofascore,2026-08-09T01:15:33.051884
35,77333,Bilal El Khannouss,1126569,VfB Stuttgart,2677,4,5,6.98,3.17,5.74,42,15,45,18,28,6,0,1634,25,expectedAssists,GER,2025-2026,datafc_sofascore,2026-08-09T01:15:33.051884
35,77333,Ritsu Doan,790965,Eintracht Frankfurt,2674,5,5,6.85,3.36,5.62,41,15,40,34,43,5,0,2379,31,expectedAssists,GER,2025-2026,datafc_sofascore,2026-08-09T01:15:33.051884
35,77333,Daniel Svensson,1021272,Borussia Dortmund,2673,2,2,6.78,1.79,5.5,12,4,35,12,38,0,0,2452,33,expectedAssists,GER,2025-2026,datafc_sofascore,2026-08-09T01:15:33.051884
35,77333,Wouter Burger,916946,TSG Hoffenheim,2569,4,5,7.08,3.46,5.35,36,13,51,4,72,7,1,2440,30,expectedAssists,GER,2025-2026,datafc_sofascore,2026-08-09T01:15:33.051884
35,77333,Julian Brandt,226978,Borussia Dortmund,2673,7,4,6.99,5.7,5.3,37,18,32,18,14,0,0,1627,29,expectedAssists,GER,2025-2026,datafc_sofascore,2026-08-09T01:15:33.051884
35,77333,Jamie Leweling,990201,VfB Stuttgart,2677,7,9,7.03,4.31,5.22,49,18,41,31,22,4,0,2375,32,expectedAssists,GER,2025-2026,datafc_sofascore,2026-08-09T01:15:33.051884
35,77333,Konrad Laimer,355492,FC Bayern München,2672,3,9,6.81,2.42,5.21,17,8,45,14,46,9,0,1997,29,expectedAssists,GER,2025-2026,datafc_sofascore,2026-08-09T01:15:33.051884
35,77333,Antonio Nusa,1121923,RB Leipzig,36360,4,3,7.07,4.41,5.16,61,20,33,68,26,0,0,2035,31,expectedAssists,GER,2025-2026,datafc_sofascore,2026-08-09T01:15:33.051884
35,77333,Johan Manzambi,1518931,SC Freiburg,2538,5,4,7.22,3.85,5.13,51,12,20,33,35,4,2,2094,27,expectedAssists,GER,2025-2026,datafc_sofascore,2026-08-09T01:15:33.051884
35,77333,Serge Gnabry,187433,FC Bayern München,2672,8,6,7.09,6.26,5.08,50,17,23,16,18,1,0,1228,21,expectedAssists,GER,2025-2026,datafc_sofascore,2026-08-09T01:15:33.051884
35,77333,Josip Stanišić,927407,FC Bayern München,2672,2,3,6.91,1.36,5.03,7,4,24,10,28,1,0,1855,26,expectedAssists,GER,2025-2026,datafc_sofascore,2026-08-09T01:15:33.051884
35,77333,Andrej Kramarić,67647,TSG Hoffenheim,2569,14,6,7.03,11.89,5.02,64,33,36,19,8,2,0,2222,34,expectedAssists,GER,2025-2026,datafc_sofascore,2026-08-09T01:15:33.051884
35,77333,Maximilian Beier,980628,Borussia Dortmund,2673,9,6,6.8,7.35,4.97,50,20,26,18,26,3,0,2036,32,expectedAssists,GER,2025-2026,datafc_sofascore,2026-08-09T01:15:33.051884
35,77333,Lennart Karl,1861975,FC Bayern München,2672,5,5,6.83,7.59,4.96,42,21,24,22,25,1,0,1282,26,expectedAssists,GER,2025-2026,datafc_sofascore,2026-08-09T01:15:33.051884
35,77333,Rocco Reitz,1048650,Borussia M'gladbach,2527,0,4,6.86,2.57,4.92,47,14,28,24,68,8,1,2636,31,expectedAssists,GER,2025-2026,datafc_sofascore,2026-08-09T01:15:33.051884
35,77333,Danel Sinani,887500,FC St. Pauli,2526,5,3,6.72,5.06,4.78,51,18,47,12,25,4,0,2068,30,expectedAssists,GER,2025-2026,datafc_sofascore,2026-08-09T01:15:33.051884
35,77333,Vincenzo Grifo,171961,SC Freiburg,2538,7,4,6.94,5.74,4.66,30,12,41,10,10,0,0,1720,33,expectedAssists,GER,2025-2026,datafc_sofascore,2026-08-09T01:15:33.051884
35,77333,Fabian Rieder,929620,FC Augsburg,2600,6,3,6.89,4.19,4.59,38,13,44,19,37,4,0,2359,32,expectedAssists,GER,2025-2026,datafc_sofascore,2026-08-09T01:15:33.051884
35,77333,Marius Bülter,378340,1. FC Köln,2671,5,4,6.84,4.37,4.47,42,17,26,6,7,3,0,1606,32,expectedAssists,GER,2025-2026,datafc_sofascore,2026-08-09T01:15:33.051884
35,77333,Ibrahim Maza,1407524,Bayer 04 Leverkusen,2681,3,4,7.1,5.34,4.45,54,17,29,48,41,2,0,1859,28,expectedAssists,GER,2025-2026,datafc_sofascore,2026-08-09T01:15:33.051884
35,77333,Ernest Poku,1119502,Bayer 04 Leverkusen,2681,5,5,6.84,3.05,4.35,27,9,28,28,13,0,0,1484,29,expectedAssists,GER,2025-2026,datafc_sofascore,2026-08-09T01:15:33.051884
35,77333,Harry Kane,108579,FC Bayern München,2672,36,5,7.84,26.87,4.27,119,67,40,32,19,1,0,2382,31,expectedAssists,GER,2025-2026,datafc_sofascore,2026-08-09T01:15:33.051884
35,77333,Jan-Niklas Beste,836711,SC Freiburg,2538,2,2,6.8,3.44,4.25,24,14,35,15,40,5,0,1716,28,expectedAssists,GER,2025-2026,datafc_sofascore,2026-08-09T01:15:33.051884
35,77333,Miro Muheim,798303,Hamburger SV,2676,0,4,6.93,1.19,4.25,23,7,41,21,62,7,1,2437,29,expectedAssists,GER,2025-2026,datafc_sofascore,2026-08-09T01:15:33.051884
35,77333,Felix Nmecha,907463,Borussia Dortmund,2673,2,3,6.94,3.62,4.24,33,7,20,31,37,0,0,2184,29,expectedAssists,GER,2025-2026,datafc_sofascore,2026-08-09T01:15:33.051884
35,77333,Maximilian Arnold,147289,VfL Wolfsburg,2524,1,4,7.1,0.43,4.09,14,5,29,5,22,5,0,1860,25,expectedAssists,GER,2025-2026,datafc_sofascore,2026-08-09T01:15:33.051884
35,77333,Fábio Vieira,904835,Hamburger SV,2676,7,5,7.18,4.65,4.07,59,19,39,32,20,2,2,2215,29,expectedAssists,GER,2025-2026,datafc_sofascore,2026-08-09T01:15:33.051884
35,77333,Dimitrios Giannoulis,354878,FC Augsburg,2600,2,5,6.92,1.17,4.05,10,6,34,19,27,8,0,1901,27,expectedAssists,GER,2025-2026,datafc_sofascore,2026-08-09T01:15:33.051884
35,77333,Deniz Undav,794298,VfB Stuttgart,2677,19,6,7.19,16.4,4.03,122,46,41,9,18,5,0,2247,29,expectedAssists,GER,2025-2026,datafc_sofascore,2026-08-09T01:15:33.051884
35,77333,Jean-Luc Dompé,789192,Hamburger SV,2676,3,0,7.03,2.08,4.02,25,12,33,21,5,0,0,1136,20,expectedAssists,GER,2025-2026,datafc_sofascore,2026-08-09T01:15:33.051884
35,77333,Christoph Baumgartner,825956,RB Leipzig,36360,13,8,6.93,15.1,3.94,81,35,37,13,54,10,0,2789,33,expectedAssists,GER,2025-2026,datafc_sofascore,2026-08-09T01:15:33.051884
35,77333,Fisnik Asllani,1010117,TSG Hoffenheim,2569,10,7,6.73,8.28,3.93,73,28,36,17,17,2,0,2354,33,expectedAssists,GER,2025-2026,datafc_sofascore,2026-08-09T01:15:33.051884
35,77333,Joel Chima Fujita,1002461,FC St. Pauli,2526,1,3,6.71,1.15,3.92,31,7,30,47,68,6,0,2671,32,expectedAssists,GER,2025-2026,datafc_sofascore,2026-08-09T01:15:33.051884
35,77333,Farès Chaïbi,1192318,Eintracht Frankfurt,2674,2,9,6.83,2.83,3.9,35,9,40,11,31,2,0,1797,28,expectedAssists,GER,2025-2026,datafc_sofascore,2026-08-09T01:15:33.051884
35,77333,Leon Goretzka,184661,FC Bayern München,2672,5,3,7.13,4.8,3.81,35,11,22,11,29,4,0,1954,31,expectedAssists,GER,2025-2026,datafc_sofascore,2026-08-09T01:15:33.051884
35,77333,Derrick Köhn,886737,1. FC Union Berlin,2547,1,2,6.72,2.15,3.78,28,5,26,11,34,5,1,1910,29,expectedAssists,GER,2025-2026,datafc_sofascore,2026-08-09T01:15:33.051884
35,77333,Paul Nebel,980621,1. FSV Mainz 05,2556,5,2,6.61,5.26,3.77,32,8,41,20,50,2,2,2081,30,expectedAssists,GER,2025-2026,datafc_sofascore,2026-08-09T01:15:33.051884
35,77333,Ísak Bergmann Jóhannesson,1112327,1. FC Köln,2671,1,2,6.75,1.43,3.72,13,4,34,6,27,6,0,1812,31,expectedAssists,GER,2025-2026,datafc_sofascore,2026-08-09T01:15:33.051884
35,77333,Marnon Busch,168861,1. FC Heidenheim,5885,1,5,6.79,1.11,3.52,12,3,17,3,36,4,0,1912,29,expectedAssists,GER,2025-2026,datafc_sofascore,2026-08-09T01:15:33.051884
35,77333,Serhou Guirassy,328027,Borussia Dortmund,2673,17,1,6.83,17.56,3.5,84,40,20,12,2,3,0,2348,33,expectedAssists,GER,2025-2026,datafc_sofascore,2026-08-09T01:15:33.051884
35,77333,Kaishu Sano,1028307,1. FSV Mainz 05,2556,1,2,7.02,1.36,3.4,24,6,25,28,52,1,0,3059,34,expectedAssists,GER,2025-2026,datafc_sofascore,2026-08-09T01:15:33.051884
35,77333,Jean-Mattéo Bahoya,1146148,Eintracht Frankfurt,2674,3,4,6.96,2.04,3.33,29,9,31,41,31,2,0,1335,27,expectedAssists,GER,2025-2026,datafc_sofascore,2026-08-09T01:15:33.051884
35,77333,Alexander Prass,978062,TSG Hoffenheim,2569,3,2,6.81,1.19,3.25,18,11,18,16,32,4,0,1318,32,expectedAssists,GER,2025-2026,datafc_sofascore,2026-08-09T01:15:33.051884
35,77333,Jae-sung Lee,537552,1. FSV Mainz 05,2556,4,2,6.72,3.25,3.21,30,9,22,5,38,4,0,2198,28,expectedAssists,GER,2025-2026,datafc_sofascore,2026-08-09T01:15:33.051884
35,77333,Jens Stage,830142,SV Werder Bremen,2534,10,2,6.98,6.08,3.21,56,21,26,13,41,5,0,2468,29,expectedAssists,GER,2025-2026,datafc_sofascore,2026-08-09T01:15:33.051884
35,77333,Alexis Claude-Maurice,822877,FC Augsburg,2600,5,4,6.87,6.88,3.2,71,26,33,44,41,3,0,2107,29,expectedAssists,GER,2025-2026,datafc_sofascore,2026-08-09T01:15:33.051884
35,77333,Sheraldo Becker,352544,1. FSV Mainz 05,2556,3,3,6.91,4.33,3.18,29,15,17,4,1,2,0,953,14,expectedAssists,GER,2025-2026,datafc_sofascore,2026-08-09T01:15:33.051884
35,77333,Karim Adeyemi,940054,Borussia Dortmund,2673,7,4,6.86,4.87,3.16,31,14,16,27,5,5,0,1215,28,expectedAssists,GER,2025-2026,datafc_sofascore,2026-08-09T01:15:33.051884
35,77333,Marco Grüll,815612,SV Werder Bremen,2534,3,1,6.76,3.6,3.09,43,13,33,21,38,5,0,2020,33,expectedAssists,GER,2025-2026,datafc_sofascore,2026-08-09T01:15:33.051884
35,77333,Phillipp Mwene,138126,1. FSV Mainz 05,2556,1,2,6.81,1.96,3.08,10,2,18,8,29,4,0,2072,29,expectedAssists,GER,2025-2026,datafc_sofascore,2026-08-09T01:15:33.051884
35,77333,Sebastian Sebulonsen,1020206,1. FC Köln,2671,0,0,6.42,1.55,3.07,31,5,21,18,44,5,0,2505,31,expectedAssists,GER,2025-2026,datafc_sofascore,2026-08-09T01:15:33.051884
35,77333,Yukinari Sugawara,905347,SV Werder Bremen,2534,0,6,6.52,1.85,3.06,30,11,20,11,36,2,1,2432,31,expectedAssists,GER,2025-2026,datafc_sofascore,2026-08-09T01:15:33.051884
35,77333,Yan Couto,1002813,Borussia Dortmund,2673,2,2,6.83,1.01,3.02,9,4,17,13,20,4,0,1010,19,expectedAssists,GER,2025-2026,datafc_sofascore,2026-08-09T01:15:33.051884
35,77333,Anton Kade,1129365,FC Augsburg,2600,6,0,6.84,6.35,3.01,48,21,26,24,31,3,0,1746,28,expectedAssists,GER,2025-2026,datafc_sofascore,2026-08-09T01:15:33.051884
35,77333,Grischa Prömel,253993,TSG Hoffenheim,2569,7,2,6.86,5.09,2.98,43,14,16,6,36,5,0,1752,33,expectedAssists,GER,2025-2026,datafc_sofascore,2026-08-09T01:15:33.051884
35,77333,Can Uzun,1440948,Eintracht Frankfurt,2674,8,4,7.19,3.93,2.98,41,19,20,16,15,3,0,1172,21,expectedAssists,GER,2025-2026,datafc_sofascore,2026-08-09T01:15:33.051884
35,77333,Rômulo,1133743,RB Leipzig,36360,9,4,6.65,14.36,2.95,63,27,26,11,30,3,0,2204,30,expectedAssists,GER,2025-2026,datafc_sofascore,2026-08-09T01:15:33.051884
35,77333,Silvan Widmer,157377,1. FSV Mainz 05,2556,2,1,6.82,2.49,2.94,20,4,8,2,40,5,0,1819,27,expectedAssists,GER,2025-2026,datafc_sofascore,2026-08-09T01:15:33.051884
35,77333,Matthias Ginter,142259,SC Freiburg,2538,3,4,6.98,2.3,2.92,19,7,15,3,22,3,0,2836,32,expectedAssists,GER,2025-2026,datafc_sofascore,2026-08-09T01:15:33.051884
35,77333,Danny da Costa,97926,1. FSV Mainz 05,2556,2,3,6.83,1.6,2.91,14,5,16,15,43,3,0,2697,34,expectedAssists,GER,2025-2026,datafc_sofascore,2026-08-09T01:15:33.051884
35,77333,Malik Tillman,975798,Bayer 04 Leverkusen,2681,6,0,6.93,4.62,2.91,34,13,26,11,38,2,0,1689,29,expectedAssists,GER,2025-2026,datafc_sofascore,2026-08-09T01:15:33.051884
35,77333,Nathaniel Brown,1159759,Eintracht Frankfurt,2674,4,4,6.79,2.52,2.89,18,9,34,17,81,3,0,2658,33,expectedAssists,GER,2025-2026,datafc_sofascore,2026-08-09T01:15:33.051884
35,77333,Kevin Stöger,95381,Borussia M'gladbach,2527,1,1,6.77,2.46,2.88,23,7,26,3,37,3,0,1341,29,expectedAssists,GER,2025-2026,datafc_sofascore,2026-08-09T01:15:33.051884
35,77333,Philipp Sander,939880,Borussia M'gladbach,2527,2,0,6.98,1.56,2.79,25,8,11,5,65,4,0,2454,30,expectedAssists,GER,2025-2026,datafc_sofascore,2026-08-09T01:15:33.051884
35,77333,Patrik Schick,280609,Bayer 04 Leverkusen,2681,16,3,6.94,17.18,2.78,72,34,14,10,9,2,0,1995,28,expectedAssists,GER,2025-2026,datafc_sofascore,2026-08-09T01:15:33.051884
35,77333,Nikolas Nartey,861981,VfB Stuttgart,2677,4,3,6.93,2.52,2.76,22,12,24,18,14,2,0,1262,28,expectedAssists,GER,2025-2026,datafc_sofascore,2026-08-09T01:15:33.051884
35,77333,Adam Daghim,1180758,VfL Wolfsburg,2524,2,3,6.71,2.48,2.71,27,9,18,17,26,3,0,1381,27,expectedAssists,GER,2025-2026,datafc_sofascore,2026-08-09T01:15:33.051884
35,77333,Jonas Föhrenbach,311676,1. FC Heidenheim,5885,1,1,6.6,0.55,2.71,5,1,21,2,46,3,0,2327,27,expectedAssists,GER,2025-2026,datafc_sofascore,2026-08-09T01:15:33.051884
35,77333,Nico Schlotterbeck,940871,Borussia Dortmund,2673,5,1,7.67,3.72,2.69,32,9,12,15,50,8,0,2520,28,expectedAssists,GER,2025-2026,datafc_sofascore,2026-08-09T01:15:33.051884
35,77333,Saël Kumbedi,1155226,VfL Wolfsburg,2524,0,5,6.51,0.39,2.69,5,0,17,16,45,2,0,1805,24,expectedAssists,GER,2025-2026,datafc_sofascore,2026-08-09T01:15:33.051884
35,77333,Brajan Gruda,1198075,RB Leipzig,36360,3,3,7.18,3.44,2.67,22,10,17,21,8,1,0,755,13,expectedAssists,GER,2025-2026,datafc_sofascore,2026-08-09T01:15:33.051884
35,77333,Tom Bischof,1129935,FC Bayern München,2672,3,3,6.9,1.83,2.67,30,9,24,7,26,2,0,1320,26,expectedAssists,GER,2025-2026,datafc_sofascore,2026-08-09T01:15:33.051884
35,77333,Niklas Dorsch,794995,1. FC Heidenheim,5885,0,1,6.88,0.59,2.64,14,3,24,12,59,2,0,2270,32,expectedAssists,GER,2025-2026,datafc_sofascore,2026-08-09T01:15:33.051884
35,77333,Robin Fellhauer,860461,FC Augsburg,2600,3,2,6.8,2.79,2.64,30,9,31,15,57,2,0,2810,34,expectedAssists,GER,2025-2026,datafc_sofascore,2026-08-09T01:15:33.051884
35,77333,Yuito Suzuki,1020422,SC Freiburg,2538,4,2,6.76,3.86,2.59,38,14,25,18,20,3,0,1636,25,expectedAssists,GER,2025-2026,datafc_sofascore,2026-08-09T01:15:33.051884
35,77333,Nathan Tella,920379,Bayer 04 Leverkusen,2681,1,4,7.03,2.8,2.58,24,8,19,13,12,2,0,892,17,expectedAssists,GER,2025-2026,datafc_sofascore,2026-08-09T01:15:33.051884
35,77333,Lovro Majer,841947,VfL Wolfsburg,2524,2,3,6.63,3.09,2.56,27,7,22,12,26,5,0,1373,28,expectedAssists,GER,2025-2026,datafc_sofascore,2026-08-09T01:15:33.051884
35,77333,Fábio Silva,954076,Borussia Dortmund,2673,2,6,6.59,2.64,2.53,23,8,17,12,7,3,0,828,28,expectedAssists,GER,2025-2026,datafc_sofascore,2026-08-09T01:15:33.051884
35,77333,Xaver Schlager,791079,RB Leipzig,36360,3,1,6.94,2.11,2.51,21,7,21,22,37,6,0,1837,26,expectedAssists,GER,2025-2026,datafc_sofascore,2026-08-09T01:15:33.051884
35,77333,Harry Kane,108579,FC Bayern München,2672,36,5,7.84,26.87,4.27,119,67,40,32,19,1,0,2382,31,shotsOnTarget,GER,2025-2026,datafc_sofascore,2026-08-09T01:15:33.051884
35,77333,Michael Olise,978838,FC Bayern München,2672,15,19,7.87,11.46,17.23,101,50,81,65,24,8,0,2317,32,shotsOnTarget,GER,2025-2026,datafc_sofascore,2026-08-09T01:15:33.051884
35,77333,Deniz Undav,794298,VfB Stuttgart,2677,19,6,7.19,16.4,4.03,122,46,41,9,18,5,0,2247,29,shotsOnTarget,GER,2025-2026,datafc_sofascore,2026-08-09T01:15:33.051884
35,77333,Serhou Guirassy,328027,Borussia Dortmund,2673,17,1,6.83,17.56,3.5,84,40,20,12,2,3,0,2348,33,shotsOnTarget,GER,2025-2026,datafc_sofascore,2026-08-09T01:15:33.051884
35,77333,Luis Díaz,883537,FC Bayern München,2672,15,14,7.26,15.1,7.74,88,37,67,61,21,5,1,2450,32,shotsOnTarget,GER,2025-2026,datafc_sofascore,2026-08-09T01:15:33.051884
35,77333,Christoph Baumgartner,825956,RB Leipzig,36360,13,8,6.93,15.1,3.94,81,35,37,13,54,10,0,2789,33,shotsOnTarget,GER,2025-2026,datafc_sofascore,2026-08-09T01:15:33.051884
35,77333,Patrik Schick,280609,Bayer 04 Leverkusen,2681,16,3,6.94,17.18,2.78,72,34,14,10,9,2,0,1995,28,shotsOnTarget,GER,2025-2026,datafc_sofascore,2026-08-09T01:15:33.051884
35,77333,Andrej Kramarić,67647,TSG Hoffenheim,2569,14,6,7.03,11.89,5.02,64,33,36,19,8,2,0,2222,34,shotsOnTarget,GER,2025-2026,datafc_sofascore,2026-08-09T01:15:33.051884
35,77333,Said El Mala,1800475,1. FC Köln,2671,13,4,6.97,11.22,2.34,75,31,21,44,24,4,0,1957,34,shotsOnTarget,GER,2025-2026,datafc_sofascore,2026-08-09T01:15:33.051884
35,77333,Fisnik Asllani,1010117,TSG Hoffenheim,2569,10,7,6.73,8.28,3.93,73,28,36,17,17,2,0,2354,33,shotsOnTarget,GER,2025-2026,datafc_sofascore,2026-08-09T01:15:33.051884
35,77333,Haris Tabaković,259803,Borussia M'gladbach,2527,13,2,6.71,13.0,0.86,67,27,16,6,10,5,0,2394,32,shotsOnTarget,GER,2025-2026,datafc_sofascore,2026-08-09T01:15:33.051884
35,77333,Rômulo,1133743,RB Leipzig,36360,9,4,6.65,14.36,2.95,63,27,26,11,30,3,0,2204,30,shotsOnTarget,GER,2025-2026,datafc_sofascore,2026-08-09T01:15:33.051884
35,77333,Yan Diomande,2087085,RB Leipzig,36360,12,8,7.72,7.14,10.12,53,26,56,118,29,2,0,2476,33,shotsOnTarget,GER,2025-2026,datafc_sofascore,2026-08-09T01:15:33.051884
35,77333,Jakub Kamiński,801263,1. FC Köln,2671,7,3,7.1,7.06,6.41,63,26,52,24,45,4,0,3019,34,shotsOnTarget,GER,2025-2026,datafc_sofascore,2026-08-09T01:15:33.051884
35,77333,Alexis Claude-Maurice,822877,FC Augsburg,2600,5,4,6.87,6.88,3.2,71,26,33,44,41,3,0,2107,29,shotsOnTarget,GER,2025-2026,datafc_sofascore,2026-08-09T01:15:33.051884
35,77333,Andrej Ilić,953767,1. FC Union Berlin,2547,5,9,6.7,11.26,2.17,72,26,30,7,4,5,0,2256,32,shotsOnTarget,GER,2025-2026,datafc_sofascore,2026-08-09T01:15:33.051884
35,77333,Phillip Tietz,822340,1. FSV Mainz 05,2556,6,3,6.45,8.87,1.87,52,24,22,12,8,4,0,1807,29,shotsOnTarget,GER,2025-2026,datafc_sofascore,2026-08-09T01:15:33.051884
35,77333,Nadiem Amiri,327755,1. FSV Mainz 05,2556,12,2,7.43,10.4,7.69,55,23,63,25,31,6,0,2090,26,shotsOnTarget,GER,2025-2026,datafc_sofascore,2026-08-09T01:15:33.051884
35,77333,Chris Führich,891510,VfB Stuttgart,2677,7,7,7.17,4.26,8.05,45,23,49,28,15,2,0,1723,33,shotsOnTarget,GER,2025-2026,datafc_sofascore,2026-08-09T01:15:33.051884
35,77333,Justin Njinmah,1005343,SV Werder Bremen,2534,5,0,6.68,6.71,1.09,62,23,16,21,23,2,0,1955,33,shotsOnTarget,GER,2025-2026,datafc_sofascore,2026-08-09T01:15:33.051884
35,77333,Dženan Pejčinović,1127790,VfL Wolfsburg,2524,8,0,6.65,7.87,0.54,50,23,13,4,10,1,0,1482,30,shotsOnTarget,GER,2025-2026,datafc_sofascore,2026-08-09T01:15:33.051884
35,77333,Ermedin Demirović,878081,VfB Stuttgart,2677,12,3,6.92,7.55,2.01,41,22,17,7,14,5,0,1506,25,shotsOnTarget,GER,2025-2026,datafc_sofascore,2026-08-09T01:15:33.051884
35,77333,Ragnar Ache,877544,1. FC Köln,2671,7,4,6.88,10.34,1.04,52,22,28,9,13,3,0,1725,29,shotsOnTarget,GER,2025-2026,datafc_sofascore,2026-08-09T01:15:33.051884
35,77333,Ransford Yeboah Königsdörffer,1012235,Hamburger SV,2676,5,0,6.62,7.69,1.68,65,22,20,15,6,2,0,2360,33,shotsOnTarget,GER,2025-2026,datafc_sofascore,2026-08-09T01:15:33.051884
35,77333,Alejandro Grimaldo,177177,Bayer 04 Leverkusen,2681,8,8,7.31,6.65,10.13,60,21,70,25,49,5,0,2524,29,shotsOnTarget,GER,2025-2026,datafc_sofascore,2026-08-09T01:15:33.051884
35,77333,Jens Stage,830142,SV Werder Bremen,2534,10,2,6.98,6.08,3.21,56,21,26,13,41,5,0,2468,29,shotsOnTarget,GER,2025-2026,datafc_sofascore,2026-08-09T01:15:33.051884
35,77333,Jonathan Burkardt,939830,Eintracht Frankfurt,2674,13,1,6.94,12.0,0.81,41,21,9,6,8,1,0,1340,22,shotsOnTarget,GER,2025-2026,datafc_sofascore,2026-08-09T01:15:33.051884
35,77333,Romano Schmid,830127,SV Werder Bremen,2534,4,8,6.91,7.83,10.44,57,21,89,37,46,4,0,2988,34,shotsOnTarget,GER,2025-2026,datafc_sofascore,2026-08-09T01:15:33.051884
35,77333,Anton Kade,1129365,FC Augsburg,2600,6,0,6.84,6.35,3.01,48,21,26,24,31,3,0,1746,28,shotsOnTarget,GER,2025-2026,datafc_sofascore,2026-08-09T01:15:33.051884
35,77333,Lennart Karl,1861975,FC Bayern München,2672,5,5,6.83,7.59,4.96,42,21,24,22,25,1,0,1282,26,shotsOnTarget,GER,2025-2026,datafc_sofascore,2026-08-09T01:15:33.051884
35,77333,Nicolas Jackson,1085381,FC Bayern München,2672,8,1,6.75,7.26,1.58,38,21,18,11,8,2,1,1037,23,shotsOnTarget,GER,2025-2026,datafc_sofascore,2026-08-09T01:15:33.051884
35,77333,Tim Lemperle,1014290,TSG Hoffenheim,2569,8,2,6.55,8.4,2.36,53,21,27,15,21,1,1,1959,29,shotsOnTarget,GER,2025-2026,datafc_sofascore,2026-08-09T01:15:33.051884
35,77333,Antonio Nusa,1121923,RB Leipzig,36360,4,3,7.07,4.41,5.16,61,20,33,68,26,0,0,2035,31,shotsOnTarget,GER,2025-2026,datafc_sofascore,2026-08-09T01:15:33.051884
35,77333,Igor Matanović,1019321,SC Freiburg,2538,11,2,6.8,9.24,1.33,52,20,22,12,23,0,0,1570,31,shotsOnTarget,GER,2025-2026,datafc_sofascore,2026-08-09T01:15:33.051884
35,77333,Maximilian Beier,980628,Borussia Dortmund,2673,9,6,6.8,7.35,4.97,50,20,26,18,26,3,0,2036,32,shotsOnTarget,GER,2025-2026,datafc_sofascore,2026-08-09T01:15:33.051884
35,77333,Can Uzun,1440948,Eintracht Frankfurt,2674,8,4,7.19,3.93,2.98,41,19,20,16,15,3,0,1172,21,shotsOnTarget,GER,2025-2026,datafc_sofascore,2026-08-09T01:15:33.051884
35,77333,Fábio Vieira,904835,Hamburger SV,2676,7,5,7.18,4.65,4.07,59,19,39,32,20,2,2,2215,29,shotsOnTarget,GER,2025-2026,datafc_sofascore,2026-08-09T01:15:33.051884
35,77333,Arijon Ibrahimović,1142248,1. FC Heidenheim,5885,2,4,6.8,6.31,6.3,47,19,56,23,34,2,0,2181,32,shotsOnTarget,GER,2025-2026,datafc_sofascore,2026-08-09T01:15:33.051884
35,77333,Mohamed Amoura,1107591,VfL Wolfsburg,2524,8,3,6.74,8.6,2.51,60,19,25,16,38,2,0,1935,30,shotsOnTarget,GER,2025-2026,datafc_sofascore,2026-08-09T01:15:33.051884
35,77333,Christian Kofane,2029648,Bayer 04 Leverkusen,2681,5,4,6.71,6.8,1.11,46,19,17,7,13,3,0,1269,29,shotsOnTarget,GER,2025-2026,datafc_sofascore,2026-08-09T01:15:33.051884
35,77333,Jamie Leweling,990201,VfB Stuttgart,2677,7,9,7.03,4.31,5.22,49,18,41,31,22,4,0,2375,32,shotsOnTarget,GER,2025-2026,datafc_sofascore,2026-08-09T01:15:33.051884
35,77333,Julian Brandt,226978,Borussia Dortmund,2673,7,4,6.99,5.7,5.3,37,18,32,18,14,0,0,1627,29,shotsOnTarget,GER,2025-2026,datafc_sofascore,2026-08-09T01:15:33.051884
35,77333,Danel Sinani,887500,FC St. Pauli,2526,5,3,6.72,5.06,4.78,51,18,47,12,25,4,0,2068,30,shotsOnTarget,GER,2025-2026,datafc_sofascore,2026-08-09T01:15:33.051884
35,77333,Ibrahim Maza,1407524,Bayer 04 Leverkusen,2681,3,4,7.1,5.34,4.45,54,17,29,48,41,2,0,1859,28,shotsOnTarget,GER,2025-2026,datafc_sofascore,2026-08-09T01:15:33.051884
35,77333,Serge Gnabry,187433,FC Bayern München,2672,8,6,7.09,6.26,5.08,50,17,23,16,18,1,0,1228,21,shotsOnTarget,GER,2025-2026,datafc_sofascore,2026-08-09T01:15:33.051884
35,77333,Marius Bülter,378340,1. FC Köln,2671,5,4,6.84,4.37,4.47,42,17,26,6,7,3,0,1606,32,shotsOnTarget,GER,2025-2026,datafc_sofascore,2026-08-09T01:15:33.051884
35,77333,Maximilian Mittelstädt,788949,VfB Stuttgart,2677,6,4,7.2,4.4,6.02,31,16,37,14,67,4,0,2195,32,shotsOnTarget,GER,2025-2026,datafc_sofascore,2026-08-09T01:15:33.051884
35,77333,Arnaud Kalimuendo,954061,Eintracht Frankfurt,2674,6,1,6.79,4.04,1.17,30,16,22,21,11,4,0,1420,19,shotsOnTarget,GER,2025-2026,datafc_sofascore,2026-08-09T01:15:33.051884
35,77333,Mert Kömür,1390682,FC Augsburg,2600,2,4,6.64,3.42,2.1,43,16,23,17,15,1,0,1466,28,shotsOnTarget,GER,2025-2026,datafc_sofascore,2026-08-09T01:15:33.051884
35,77333,Rayan Philippe,991824,Hamburger SV,2676,5,0,6.58,5.2,1.68,39,16,16,12,20,2,0,1292,28,shotsOnTarget,GER,2025-2026,datafc_sofascore,2026-08-09T01:15:33.051884
35,77333,Bilal El Khannouss,1126569,VfB Stuttgart,2677,4,5,6.98,3.17,5.74,42,15,45,18,28,6,0,1634,25,shotsOnTarget,GER,2025-2026,datafc_sofascore,2026-08-09T01:15:33.051884
35,77333,Sheraldo Becker,352544,1. FSV Mainz 05,2556,3,3,6.91,4.33,3.18,29,15,17,4,1,2,0,953,14,shotsOnTarget,GER,2025-2026,datafc_sofascore,2026-08-09T01:15:33.051884
35,77333,Ritsu Doan,790965,Eintracht Frankfurt,2674,5,5,6.85,3.36,5.62,41,15,40,34,43,5,0,2379,31,shotsOnTarget,GER,2025-2026,datafc_sofascore,2026-08-09T01:15:33.051884
35,77333,Oliver Burke,608362,1. FC Union Berlin,2547,6,2,6.75,5.18,1.96,33,15,22,11,12,4,0,1691,29,shotsOnTarget,GER,2025-2026,datafc_sofascore,2026-08-09T01:15:33.051884
35,77333,Lucas Höler,280009,SC Freiburg,2538,3,1,6.67,4.5,1.93,34,15,24,10,25,4,0,2065,33,shotsOnTarget,GER,2025-2026,datafc_sofascore,2026-08-09T01:15:33.051884
35,77333,Mathias Pereira Lage,831400,FC St. Pauli,2526,2,2,6.57,4.33,1.47,43,15,24,15,38,3,0,2030,28,shotsOnTarget,GER,2025-2026,datafc_sofascore,2026-08-09T01:15:33.051884
35,77333,Christian Eriksen,105734,VfL Wolfsburg,2524,3,9,6.91,5.96,7.65,38,14,63,10,38,4,0,2419,31,shotsOnTarget,GER,2025-2026,datafc_sofascore,2026-08-09T01:15:33.051884
35,77333,Karim Adeyemi,940054,Borussia Dortmund,2673,7,4,6.86,4.87,3.16,31,14,16,27,5,5,0,1215,28,shotsOnTarget,GER,2025-2026,datafc_sofascore,2026-08-09T01:15:33.051884
35,77333,Grischa Prömel,253993,TSG Hoffenheim,2569,7,2,6.86,5.09,2.98,43,14,16,6,36,5,0,1752,33,shotsOnTarget,GER,2025-2026,datafc_sofascore,2026-08-09T01:15:33.051884
35,77333,Rocco Reitz,1048650,Borussia M'gladbach,2527,0,4,6.86,2.57,4.92,47,14,28,24,68,8,1,2636,31,shotsOnTarget,GER,2025-2026,datafc_sofascore,2026-08-09T01:15:33.051884
35,77333,Jan-Niklas Beste,836711,SC Freiburg,2538,2,2,6.8,3.44,4.25,24,14,35,15,40,5,0,1716,28,shotsOnTarget,GER,2025-2026,datafc_sofascore,2026-08-09T01:15:33.051884
35,77333,Yuito Suzuki,1020422,SC Freiburg,2538,4,2,6.76,3.86,2.59,38,14,25,18,20,3,0,1636,25,shotsOnTarget,GER,2025-2026,datafc_sofascore,2026-08-09T01:15:33.051884
35,77333,Budu Zivzivadze,149728,1. FC Heidenheim,5885,6,0,6.65,5.32,1.1,28,14,7,13,14,2,1,1146,20,shotsOnTarget,GER,2025-2026,datafc_sofascore,2026-08-09T01:15:33.051884
35,77333,Ansgar Knauff,997012,Eintracht Frankfurt,2674,4,1,6.58,3.78,1.8,35,14,17,11,13,3,0,1332,28,shotsOnTarget,GER,2025-2026,datafc_sofascore,2026-08-09T01:15:33.051884
35,77333,Wouter Burger,916946,TSG Hoffenheim,2569,4,5,7.08,3.46,5.35,36,13,51,4,72,7,1,2440,30,shotsOnTarget,GER,2025-2026,datafc_sofascore,2026-08-09T01:15:33.051884
35,77333,Kevin Diks,583806,Borussia M'gladbach,2527,5,0,6.96,5.08,1.13,23,13,8,10,43,6,0,2467,30,shotsOnTarget,GER,2025-2026,datafc_sofascore,2026-08-09T01:15:33.051884
35,77333,Malik Tillman,975798,Bayer 04 Leverkusen,2681,6,0,6.93,4.62,2.91,34,13,26,11,38,2,0,1689,29,shotsOnTarget,GER,2025-2026,datafc_sofascore,2026-08-09T01:15:33.051884
35,77333,Bazoumana Touré,1568123,TSG Hoffenheim,2569,5,9,6.91,4.16,5.75,48,13,46,48,34,2,0,2325,30,shotsOnTarget,GER,2025-2026,datafc_sofascore,2026-08-09T01:15:33.051884
35,77333,Assan Ouédraogo,1418623,RB Leipzig,36360,4,3,6.89,2.39,1.86,27,13,14,14,8,0,0,974,19,shotsOnTarget,GER,2025-2026,datafc_sofascore,2026-08-09T01:15:33.051884
35,77333,Fabian Rieder,929620,FC Augsburg,2600,6,3,6.89,4.19,4.59,38,13,44,19,37,4,0,2359,32,shotsOnTarget,GER,2025-2026,datafc_sofascore,2026-08-09T01:15:33.051884
35,77333,Maximilian Eggestein,569784,SC Freiburg,2538,3,1,6.85,3.8,1.7,44,13,19,15,64,4,0,3060,34,shotsOnTarget,GER,2025-2026,datafc_sofascore,2026-08-09T01:15:33.051884
35,77333,Luca Waldschmidt,319861,1. FC Köln,2671,5,4,6.79,5.54,1.64,26,13,13,7,8,1,0,684,24,shotsOnTarget,GER,2025-2026,datafc_sofascore,2026-08-09T01:15:33.051884
35,77333,Marco Grüll,815612,SV Werder Bremen,2534,3,1,6.76,3.6,3.09,43,13,33,21,38,5,0,2020,33,shotsOnTarget,GER,2025-2026,datafc_sofascore,2026-08-09T01:15:33.051884
35,77333,Derry Scherhant,1131002,SC Freiburg,2538,5,1,6.69,2.58,2.48,36,13,22,30,20,2,0,1308,31,shotsOnTarget,GER,2025-2026,datafc_sofascore,2026-08-09T01:15:33.051884
35,77333,Conrad Harder,1494826,RB Leipzig,36360,3,3,6.6,4.08,1.86,42,13,14,5,10,3,0,919,29,shotsOnTarget,GER,2025-2026,datafc_sofascore,2026-08-09T01:15:33.051884
35,77333,Andreas Hountondji,1112796,FC St. Pauli,2526,4,0,6.42,4.27,0.53,21,13,6,9,7,2,0,1084,21,shotsOnTarget,GER,2025-2026,datafc_sofascore,2026-08-09T01:15:33.051884
35,77333,Johan Manzambi,1518931,SC Freiburg,2538,5,4,7.22,3.85,5.13,51,12,20,33,35,4,2,2094,27,shotsOnTarget,GER,2025-2026,datafc_sofascore,2026-08-09T01:15:33.051884
35,77333,Jean-Luc Dompé,789192,Hamburger SV,2676,3,0,7.03,2.08,4.02,25,12,33,21,5,0,0,1136,20,shotsOnTarget,GER,2025-2026,datafc_sofascore,2026-08-09T01:15:33.051884
35,77333,Vincenzo Grifo,171961,SC Freiburg,2538,7,4,6.94,5.74,4.66,30,12,41,10,10,0,0,1720,33,shotsOnTarget,GER,2025-2026,datafc_sofascore,2026-08-09T01:15:33.051884
35,77333,Nikolas Nartey,861981,VfB Stuttgart,2677,4,3,6.93,2.52,2.76,22,12,24,18,14,2,0,1262,28,shotsOnTarget,GER,2025-2026,datafc_sofascore,2026-08-09T01:15:33.051884
35,77333,Ozan Kabak,857740,TSG Hoffenheim,2569,4,0,6.88,4.33,0.84,36,12,8,6,20,5,0,1763,25,shotsOnTarget,GER,2025-2026,datafc_sofascore,2026-08-09T01:15:33.051884
35,77333,Konstantinos Koulierakis,1184855,VfL Wolfsburg,2524,4,1,6.73,3.22,1.37,26,12,14,3,39,5,0,2488,29,shotsOnTarget,GER,2025-2026,datafc_sofascore,2026-08-09T01:15:33.051884
35,77333,Jens Castrop,1019312,Borussia M'gladbach,2527,3,1,6.69,3.73,1.69,30,12,19,25,58,2,2,1599,26,shotsOnTarget,GER,2025-2026,datafc_sofascore,2026-08-09T01:15:33.051884
35,77333,Ilyas Ansah,1462742,1. FC Union Berlin,2547,5,1,6.64,3.25,1.05,33,12,16,25,17,1,0,1909,33,shotsOnTarget,GER,2025-2026,datafc_sofascore,2026-08-09T01:15:33.051884
35,77333,Leon Goretzka,184661,FC Bayern München,2672,5,3,7.13,4.8,3.81,35,11,22,11,29,4,0,1954,31,shotsOnTarget,GER,2025-2026,datafc_sofascore,2026-08-09T01:15:33.051884
35,77333,Albert Sambi Lokonga,901892,Hamburger SV,2676,5,0,6.96,2.05,1.6,19,11,25,8,31,3,0,1712,26,shotsOnTarget,GER,2025-2026,datafc_sofascore,2026-08-09T01:15:33.051884
35,77333,Alexander Prass,978062,TSG Hoffenheim,2569,3,2,6.81,1.19,3.25,18,11,18,16,32,4,0,1318,32,shotsOnTarget,GER,2025-2026,datafc_sofascore,2026-08-09T01:15:33.051884
35,77333,Danilho Doekhi,830803,1. FC Union Berlin,2547,5,0,6.75,4.25,1.61,46,11,8,3,44,4,0,3060,34,shotsOnTarget,GER,2025-2026,datafc_sofascore,2026-08-09T01:15:33.051884
35,77333,Jan Uwe Thielmann,1010726,1. FC Köln,2671,3,1,6.75,2.3,1.42,28,11,14,8,18,4,0,1553,26,shotsOnTarget,GER,2025-2026,datafc_sofascore,2026-08-09T01:15:33.051884
35,77333,Shuto Machino,925910,Borussia M'gladbach,2527,3,1,6.68,2.94,1.63,26,11,14,3,8,2,0,1084,32,shotsOnTarget,GER,2025-2026,datafc_sofascore,2026-08-09T01:15:33.051884
35,77333,Stefan Schimmer,842922,1. FC Heidenheim,5885,5,1,6.62,5.37,0.63,31,11,12,1,11,1,0,812,27,shotsOnTarget,GER,2025-2026,datafc_sofascore,2026-08-09T01:15:33.051884
35,77333,Yukinari Sugawara,905347,SV Werder Bremen,2534,0,6,6.52,1.85,3.06,30,11,20,11,36,2,1,2432,31,shotsOnTarget,GER,2025-2026,datafc_sofascore,2026-08-09T01:15:33.051884
35,77333,Josha Vagnoman,906278,VfB Stuttgart,2677,1,3,6.43,2.89,1.91,19,11,16,6,30,3,0,1593,27,shotsOnTarget,GER,2025-2026,datafc_sofascore,2026-08-09T01:15:33.051884
35,77333,Joshua Kimmich,259117,FC Bayern München,2672,2,8,7.71,2.65,10.24,28,10,58,11,32,4,0,2280,29,shotsOnTarget,GER,2025-2026,datafc_sofascore,2026-08-09T01:15:33.051884
35,77333,Luka Vušković,1405212,Hamburger SV,2676,6,0,7.28,4.22,1.46,32,10,11,8,22,6,0,2441,28,shotsOnTarget,GER,2025-2026,datafc_sofascore,2026-08-09T01:15:33.051884
35,77333,Edmond Tapsoba,883262,Bayer 04 Leverkusen,2681,5,3,7.2,2.5,1.42,29,10,11,8,31,7,0,2576,29,shotsOnTarget,GER,2025-2026,datafc_sofascore,2026-08-09T01:15:33.051884
35,77333,Brajan Gruda,1198075,RB Leipzig,36360,3,3,7.18,3.44,2.67,22,10,17,21,8,1,0,755,13,shotsOnTarget,GER,2025-2026,datafc_sofascore,2026-08-09T01:15:33.051884
35,77333,Leopold Querfeld,1086547,1. FC Union Berlin,2547,3,0,6.87,3.69,1.77,29,10,21,4,52,6,0,2704,31,shotsOnTarget,GER,2025-2026,datafc_sofascore,2026-08-09T01:15:33.051884
35,77333,Michael Gregoritsch,111483,FC Augsburg,2600,6,2,6.76,5.27,0.74,29,10,7,2,5,2,0,927,17,shotsOnTarget,GER,2025-2026,datafc_sofascore,2026-08-09T01:15:33.051884
35,77333,Tiago Tomás,983540,VfB Stuttgart,2677,5,3,6.73,5.97,1.11,35,10,11,13,15,4,0,1039,27,shotsOnTarget,GER,2025-2026,datafc_sofascore,2026-08-09T01:15:33.051884
35,77333,Harry Kane,108579,FC Bayern München,2672,36,5,7.84,26.87,4.27,119,67,40,32,19,1,0,2382,31,shotsOnTarget,GER,2025-2026,datafc_sofascore,2026-08-09T01:15:33.051884
35,77333,Michael Olise,978838,FC Bayern München,2672,15,19,7.87,11.46,17.23,101,50,81,65,24,8,0,2317,32,shotsOnTarget,GER,2025-2026,datafc_sofascore,2026-08-09T01:15:33.051884
35,77333,Deniz Undav,794298,VfB Stuttgart,2677,19,6,7.19,16.4,4.03,122,46,41,9,18,5,0,2247,29,shotsOnTarget,GER,2025-2026,datafc_sofascore,2026-08-09T01:15:33.051884
35,77333,Serhou Guirassy,328027,Borussia Dortmund,2673,17,1,6.83,17.56,3.5,84,40,20,12,2,3,0,2348,33,shotsOnTarget,GER,2025-2026,datafc_sofascore,2026-08-09T01:15:33.051884
35,77333,Luis Díaz,883537,FC Bayern München,2672,15,14,7.26,15.1,7.74,88,37,67,61,21,5,1,2450,32,shotsOnTarget,GER,2025-2026,datafc_sofascore,2026-08-09T01:15:33.051884
35,77333,Christoph Baumgartner,825956,RB Leipzig,36360,13,8,6.93,15.1,3.94,81,35,37,13,54,10,0,2789,33,shotsOnTarget,GER,2025-2026,datafc_sofascore,2026-08-09T01:15:33.051884
35,77333,Patrik Schick,280609,Bayer 04 Leverkusen,2681,16,3,6.94,17.18,2.78,72,34,14,10,9,2,0,1995,28,shotsOnTarget,GER,2025-2026,datafc_sofascore,2026-08-09T01:15:33.051884
35,77333,Andrej Kramarić,67647,TSG Hoffenheim,2569,14,6,7.03,11.89,5.02,64,33,36,19,8,2,0,2222,34,shotsOnTarget,GER,2025-2026,datafc_sofascore,2026-08-09T01:15:33.051884
35,77333,Said El Mala,1800475,1. FC Köln,2671,13,4,6.97,11.22,2.34,75,31,21,44,24,4,0,1957,34,shotsOnTarget,GER,2025-2026,datafc_sofascore,2026-08-09T01:15:33.051884
35,77333,Fisnik Asllani,1010117,TSG Hoffenheim,2569,10,7,6.73,8.28,3.93,73,28,36,17,17,2,0,2354,33,shotsOnTarget,GER,2025-2026,datafc_sofascore,2026-08-09T01:15:33.051884
35,77333,Haris Tabaković,259803,Borussia M'gladbach,2527,13,2,6.71,13.0,0.86,67,27,16,6,10,5,0,2394,32,shotsOnTarget,GER,2025-2026,datafc_sofascore,2026-08-09T01:15:33.051884
35,77333,Rômulo,1133743,RB Leipzig,36360,9,4,6.65,14.36,2.95,63,27,26,11,30,3,0,2204,30,shotsOnTarget,GER,2025-2026,datafc_sofascore,2026-08-09T01:15:33.051884
35,77333,Yan Diomande,2087085,RB Leipzig,36360,12,8,7.72,7.14,10.12,53,26,56,118,29,2,0,2476,33,shotsOnTarget,GER,2025-2026,datafc_sofascore,2026-08-09T01:15:33.051884
35,77333,Jakub Kamiński,801263,1. FC Köln,2671,7,3,7.1,7.06,6.41,63,26,52,24,45,4,0,3019,34,shotsOnTarget,GER,2025-2026,datafc_sofascore,2026-08-09T01:15:33.051884
35,77333,Alexis Claude-Maurice,822877,FC Augsburg,2600,5,4,6.87,6.88,3.2,71,26,33,44,41,3,0,2107,29,shotsOnTarget,GER,2025-2026,datafc_sofascore,2026-08-09T01:15:33.051884
35,77333,Andrej Ilić,953767,1. FC Union Berlin,2547,5,9,6.7,11.26,2.17,72,26,30,7,4,5,0,2256,32,shotsOnTarget,GER,2025-2026,datafc_sofascore,2026-08-09T01:15:33.051884
35,77333,Phillip Tietz,822340,1. FSV Mainz 05,2556,6,3,6.45,8.87,1.87,52,24,22,12,8,4,0,1807,29,shotsOnTarget,GER,2025-2026,datafc_sofascore,2026-08-09T01:15:33.051884
35,77333,Nadiem Amiri,327755,1. FSV Mainz 05,2556,12,2,7.43,10.4,7.69,55,23,63,25,31,6,0,2090,26,shotsOnTarget,GER,2025-2026,datafc_sofascore,2026-08-09T01:15:33.051884
35,77333,Chris Führich,891510,VfB Stuttgart,2677,7,7,7.17,4.26,8.05,45,23,49,28,15,2,0,1723,33,shotsOnTarget,GER,2025-2026,datafc_sofascore,2026-08-09T01:15:33.051884
35,77333,Justin Njinmah,1005343,SV Werder Bremen,2534,5,0,6.68,6.71,1.09,62,23,16,21,23,2,0,1955,33,shotsOnTarget,GER,2025-2026,datafc_sofascore,2026-08-09T01:15:33.051884
35,77333,Dženan Pejčinović,1127790,VfL Wolfsburg,2524,8,0,6.65,7.87,0.54,50,23,13,4,10,1,0,1482,30,shotsOnTarget,GER,2025-2026,datafc_sofascore,2026-08-09T01:15:33.051884
35,77333,Ermedin Demirović,878081,VfB Stuttgart,2677,12,3,6.92,7.55,2.01,41,22,17,7,14,5,0,1506,25,shotsOnTarget,GER,2025-2026,datafc_sofascore,2026-08-09T01:15:33.051884
35,77333,Ragnar Ache,877544,1. FC Köln,2671,7,4,6.88,10.34,1.04,52,22,28,9,13,3,0,1725,29,shotsOnTarget,GER,2025-2026,datafc_sofascore,2026-08-09T01:15:33.051884
35,77333,Ransford Yeboah Königsdörffer,1012235,Hamburger SV,2676,5,0,6.62,7.69,1.68,65,22,20,15,6,2,0,2360,33,shotsOnTarget,GER,2025-2026,datafc_sofascore,2026-08-09T01:15:33.051884
35,77333,Alejandro Grimaldo,177177,Bayer 04 Leverkusen,2681,8,8,7.31,6.65,10.13,60,21,70,25,49,5,0,2524,29,shotsOnTarget,GER,2025-2026,datafc_sofascore,2026-08-09T01:15:33.051884
35,77333,Jens Stage,830142,SV Werder Bremen,2534,10,2,6.98,6.08,3.21,56,21,26,13,41,5,0,2468,29,shotsOnTarget,GER,2025-2026,datafc_sofascore,2026-08-09T01:15:33.051884
35,77333,Jonathan Burkardt,939830,Eintracht Frankfurt,2674,13,1,6.94,12.0,0.81,41,21,9,6,8,1,0,1340,22,shotsOnTarget,GER,2025-2026,datafc_sofascore,2026-08-09T01:15:33.051884
35,77333,Romano Schmid,830127,SV Werder Bremen,2534,4,8,6.91,7.83,10.44,57,21,89,37,46,4,0,2988,34,shotsOnTarget,GER,2025-2026,datafc_sofascore,2026-08-09T01:15:33.051884
35,77333,Anton Kade,1129365,FC Augsburg,2600,6,0,6.84,6.35,3.01,48,21,26,24,31,3,0,1746,28,shotsOnTarget,GER,2025-2026,datafc_sofascore,2026-08-09T01:15:33.051884
35,77333,Lennart Karl,1861975,FC Bayern München,2672,5,5,6.83,7.59,4.96,42,21,24,22,25,1,0,1282,26,shotsOnTarget,GER,2025-2026,datafc_sofascore,2026-08-09T01:15:33.051884
35,77333,Nicolas Jackson,1085381,FC Bayern München,2672,8,1,6.75,7.26,1.58,38,21,18,11,8,2,1,1037,23,shotsOnTarget,GER,2025-2026,datafc_sofascore,2026-08-09T01:15:33.051884
35,77333,Tim Lemperle,1014290,TSG Hoffenheim,2569,8,2,6.55,8.4,2.36,53,21,27,15,21,1,1,1959,29,shotsOnTarget,GER,2025-2026,datafc_sofascore,2026-08-09T01:15:33.051884
35,77333,Antonio Nusa,1121923,RB Leipzig,36360,4,3,7.07,4.41,5.16,61,20,33,68,26,0,0,2035,31,shotsOnTarget,GER,2025-2026,datafc_sofascore,2026-08-09T01:15:33.051884
35,77333,Igor Matanović,1019321,SC Freiburg,2538,11,2,6.8,9.24,1.33,52,20,22,12,23,0,0,1570,31,shotsOnTarget,GER,2025-2026,datafc_sofascore,2026-08-09T01:15:33.051884
35,77333,Maximilian Beier,980628,Borussia Dortmund,2673,9,6,6.8,7.35,4.97,50,20,26,18,26,3,0,2036,32,shotsOnTarget,GER,2025-2026,datafc_sofascore,2026-08-09T01:15:33.051884
35,77333,Can Uzun,1440948,Eintracht Frankfurt,2674,8,4,7.19,3.93,2.98,41,19,20,16,15,3,0,1172,21,shotsOnTarget,GER,2025-2026,datafc_sofascore,2026-08-09T01:15:33.051884
35,77333,Fábio Vieira,904835,Hamburger SV,2676,7,5,7.18,4.65,4.07,59,19,39,32,20,2,2,2215,29,shotsOnTarget,GER,2025-2026,datafc_sofascore,2026-08-09T01:15:33.051884
35,77333,Arijon Ibrahimović,1142248,1. FC Heidenheim,5885,2,4,6.8,6.31,6.3,47,19,56,23,34,2,0,2181,32,shotsOnTarget,GER,2025-2026,datafc_sofascore,2026-08-09T01:15:33.051884
35,77333,Mohamed Amoura,1107591,VfL Wolfsburg,2524,8,3,6.74,8.6,2.51,60,19,25,16,38,2,0,1935,30,shotsOnTarget,GER,2025-2026,datafc_sofascore,2026-08-09T01:15:33.051884
35,77333,Christian Kofane,2029648,Bayer 04 Leverkusen,2681,5,4,6.71,6.8,1.11,46,19,17,7,13,3,0,1269,29,shotsOnTarget,GER,2025-2026,datafc_sofascore,2026-08-09T01:15:33.051884
35,77333,Jamie Leweling,990201,VfB Stuttgart,2677,7,9,7.03,4.31,5.22,49,18,41,31,22,4,0,2375,32,shotsOnTarget,GER,2025-2026,datafc_sofascore,2026-08-09T01:15:33.051884
35,77333,Julian Brandt,226978,Borussia Dortmund,2673,7,4,6.99,5.7,5.3,37,18,32,18,14,0,0,1627,29,shotsOnTarget,GER,2025-2026,datafc_sofascore,2026-08-09T01:15:33.051884
35,77333,Danel Sinani,887500,FC St. Pauli,2526,5,3,6.72,5.06,4.78,51,18,47,12,25,4,0,2068,30,shotsOnTarget,GER,2025-2026,datafc_sofascore,2026-08-09T01:15:33.051884
35,77333,Ibrahim Maza,1407524,Bayer 04 Leverkusen,2681,3,4,7.1,5.34,4.45,54,17,29,48,41,2,0,1859,28,shotsOnTarget,GER,2025-2026,datafc_sofascore,2026-08-09T01:15:33.051884
35,77333,Serge Gnabry,187433,FC Bayern München,2672,8,6,7.09,6.26,5.08,50,17,23,16,18,1,0,1228,21,shotsOnTarget,GER,2025-2026,datafc_sofascore,2026-08-09T01:15:33.051884
35,77333,Marius Bülter,378340,1. FC Köln,2671,5,4,6.84,4.37,4.47,42,17,26,6,7,3,0,1606,32,shotsOnTarget,GER,2025-2026,datafc_sofascore,2026-08-09T01:15:33.051884
35,77333,Maximilian Mittelstädt,788949,VfB Stuttgart,2677,6,4,7.2,4.4,6.02,31,16,37,14,67,4,0,2195,32,shotsOnTarget,GER,2025-2026,datafc_sofascore,2026-08-09T01:15:33.051884
35,77333,Arnaud Kalimuendo,954061,Eintracht Frankfurt,2674,6,1,6.79,4.04,1.17,30,16,22,21,11,4,0,1420,19,shotsOnTarget,GER,2025-2026,datafc_sofascore,2026-08-09T01:15:33.051884
35,77333,Mert Kömür,1390682,FC Augsburg,2600,2,4,6.64,3.42,2.1,43,16,23,17,15,1,0,1466,28,shotsOnTarget,GER,2025-2026,datafc_sofascore,2026-08-09T01:15:33.051884
35,77333,Rayan Philippe,991824,Hamburger SV,2676,5,0,6.58,5.2,1.68,39,16,16,12,20,2,0,1292,28,shotsOnTarget,GER,2025-2026,datafc_sofascore,2026-08-09T01:15:33.051884
35,77333,Bilal El Khannouss,1126569,VfB Stuttgart,2677,4,5,6.98,3.17,5.74,42,15,45,18,28,6,0,1634,25,shotsOnTarget,GER,2025-2026,datafc_sofascore,2026-08-09T01:15:33.051884
35,77333,Sheraldo Becker,352544,1. FSV Mainz 05,2556,3,3,6.91,4.33,3.18,29,15,17,4,1,2,0,953,14,shotsOnTarget,GER,2025-2026,datafc_sofascore,2026-08-09T01:15:33.051884
35,77333,Ritsu Doan,790965,Eintracht Frankfurt,2674,5,5,6.85,3.36,5.62,41,15,40,34,43,5,0,2379,31,shotsOnTarget,GER,2025-2026,datafc_sofascore,2026-08-09T01:15:33.051884
35,77333,Oliver Burke,608362,1. FC Union Berlin,2547,6,2,6.75,5.18,1.96,33,15,22,11,12,4,0,1691,29,shotsOnTarget,GER,2025-2026,datafc_sofascore,2026-08-09T01:15:33.051884
35,77333,Lucas Höler,280009,SC Freiburg,2538,3,1,6.67,4.5,1.93,34,15,24,10,25,4,0,2065,33,shotsOnTarget,GER,2025-2026,datafc_sofascore,2026-08-09T01:15:33.051884
35,77333,Mathias Pereira Lage,831400,FC St. Pauli,2526,2,2,6.57,4.33,1.47,43,15,24,15,38,3,0,2030,28,shotsOnTarget,GER,2025-2026,datafc_sofascore,2026-08-09T01:15:33.051884
35,77333,Christian Eriksen,105734,VfL Wolfsburg,2524,3,9,6.91,5.96,7.65,38,14,63,10,38,4,0,2419,31,shotsOnTarget,GER,2025-2026,datafc_sofascore,2026-08-09T01:15:33.051884
35,77333,Karim Adeyemi,940054,Borussia Dortmund,2673,7,4,6.86,4.87,3.16,31,14,16,27,5,5,0,1215,28,shotsOnTarget,GER,2025-2026,datafc_sofascore,2026-08-09T01:15:33.051884
35,77333,Grischa Prömel,253993,TSG Hoffenheim,2569,7,2,6.86,5.09,2.98,43,14,16,6,36,5,0,1752,33,shotsOnTarget,GER,2025-2026,datafc_sofascore,2026-08-09T01:15:33.051884
35,77333,Rocco Reitz,1048650,Borussia M'gladbach,2527,0,4,6.86,2.57,4.92,47,14,28,24,68,8,1,2636,31,shotsOnTarget,GER,2025-2026,datafc_sofascore,2026-08-09T01:15:33.051884
35,77333,Jan-Niklas Beste,836711,SC Freiburg,2538,2,2,6.8,3.44,4.25,24,14,35,15,40,5,0,1716,28,shotsOnTarget,GER,2025-2026,datafc_sofascore,2026-08-09T01:15:33.051884
35,77333,Yuito Suzuki,1020422,SC Freiburg,2538,4,2,6.76,3.86,2.59,38,14,25,18,20,3,0,1636,25,shotsOnTarget,GER,2025-2026,datafc_sofascore,2026-08-09T01:15:33.051884
35,77333,Budu Zivzivadze,149728,1. FC Heidenheim,5885,6,0,6.65,5.32,1.1,28,14,7,13,14,2,1,1146,20,shotsOnTarget,GER,2025-2026,datafc_sofascore,2026-08-09T01:15:33.051884
35,77333,Ansgar Knauff,997012,Eintracht Frankfurt,2674,4,1,6.58,3.78,1.8,35,14,17,11,13,3,0,1332,28,shotsOnTarget,GER,2025-2026,datafc_sofascore,2026-08-09T01:15:33.051884
35,77333,Wouter Burger,916946,TSG Hoffenheim,2569,4,5,7.08,3.46,5.35,36,13,51,4,72,7,1,2440,30,shotsOnTarget,GER,2025-2026,datafc_sofascore,2026-08-09T01:15:33.051884
35,77333,Kevin Diks,583806,Borussia M'gladbach,2527,5,0,6.96,5.08,1.13,23,13,8,10,43,6,0,2467,30,shotsOnTarget,GER,2025-2026,datafc_sofascore,2026-08-09T01:15:33.051884
35,77333,Malik Tillman,975798,Bayer 04 Leverkusen,2681,6,0,6.93,4.62,2.91,34,13,26,11,38,2,0,1689,29,shotsOnTarget,GER,2025-2026,datafc_sofascore,2026-08-09T01:15:33.051884
35,77333,Bazoumana Touré,1568123,TSG Hoffenheim,2569,5,9,6.91,4.16,5.75,48,13,46,48,34,2,0,2325,30,shotsOnTarget,GER,2025-2026,datafc_sofascore,2026-08-09T01:15:33.051884
35,77333,Assan Ouédraogo,1418623,RB Leipzig,36360,4,3,6.89,2.39,1.86,27,13,14,14,8,0,0,974,19,shotsOnTarget,GER,2025-2026,datafc_sofascore,2026-08-09T01:15:33.051884
35,77333,Fabian Rieder,929620,FC Augsburg,2600,6,3,6.89,4.19,4.59,38,13,44,19,37,4,0,2359,32,shotsOnTarget,GER,2025-2026,datafc_sofascore,2026-08-09T01:15:33.051884
35,77333,Maximilian Eggestein,569784,SC Freiburg,2538,3,1,6.85,3.8,1.7,44,13,19,15,64,4,0,3060,34,shotsOnTarget,GER,2025-2026,datafc_sofascore,2026-08-09T01:15:33.051884
35,77333,Luca Waldschmidt,319861,1. FC Köln,2671,5,4,6.79,5.54,1.64,26,13,13,7,8,1,0,684,24,shotsOnTarget,GER,2025-2026,datafc_sofascore,2026-08-09T01:15:33.051884
35,77333,Marco Grüll,815612,SV Werder Bremen,2534,3,1,6.76,3.6,3.09,43,13,33,21,38,5,0,2020,33,shotsOnTarget,GER,2025-2026,datafc_sofascore,2026-08-09T01:15:33.051884
35,77333,Derry Scherhant,1131002,SC Freiburg,2538,5,1,6.69,2.58,2.48,36,13,22,30,20,2,0,1308,31,shotsOnTarget,GER,2025-2026,datafc_sofascore,2026-08-09T01:15:33.051884
35,77333,Conrad Harder,1494826,RB Leipzig,36360,3,3,6.6,4.08,1.86,42,13,14,5,10,3,0,919,29,shotsOnTarget,GER,2025-2026,datafc_sofascore,2026-08-09T01:15:33.051884
35,77333,Andreas Hountondji,1112796,FC St. Pauli,2526,4,0,6.42,4.27,0.53,21,13,6,9,7,2,0,1084,21,shotsOnTarget,GER,2025-2026,datafc_sofascore,2026-08-09T01:15:33.051884
35,77333,Johan Manzambi,1518931,SC Freiburg,2538,5,4,7.22,3.85,5.13,51,12,20,33,35,4,2,2094,27,shotsOnTarget,GER,2025-2026,datafc_sofascore,2026-08-09T01:15:33.051884
35,77333,Jean-Luc Dompé,789192,Hamburger SV,2676,3,0,7.03,2.08,4.02,25,12,33,21,5,0,0,1136,20,shotsOnTarget,GER,2025-2026,datafc_sofascore,2026-08-09T01:15:33.051884
35,77333,Vincenzo Grifo,171961,SC Freiburg,2538,7,4,6.94,5.74,4.66,30,12,41,10,10,0,0,1720,33,shotsOnTarget,GER,2025-2026,datafc_sofascore,2026-08-09T01:15:33.051884
35,77333,Nikolas Nartey,861981,VfB Stuttgart,2677,4,3,6.93,2.52,2.76,22,12,24,18,14,2,0,1262,28,shotsOnTarget,GER,2025-2026,datafc_sofascore,2026-08-09T01:15:33.051884
35,77333,Ozan Kabak,857740,TSG Hoffenheim,2569,4,0,6.88,4.33,0.84,36,12,8,6,20,5,0,1763,25,shotsOnTarget,GER,2025-2026,datafc_sofascore,2026-08-09T01:15:33.051884
35,77333,Konstantinos Koulierakis,1184855,VfL Wolfsburg,2524,4,1,6.73,3.22,1.37,26,12,14,3,39,5,0,2488,29,shotsOnTarget,GER,2025-2026,datafc_sofascore,2026-08-09T01:15:33.051884
35,77333,Jens Castrop,1019312,Borussia M'gladbach,2527,3,1,6.69,3.73,1.69,30,12,19,25,58,2,2,1599,26,shotsOnTarget,GER,2025-2026,datafc_sofascore,2026-08-09T01:15:33.051884
35,77333,Ilyas Ansah,1462742,1. FC Union Berlin,2547,5,1,6.64,3.25,1.05,33,12,16,25,17,1,0,1909,33,shotsOnTarget,GER,2025-2026,datafc_sofascore,2026-08-09T01:15:33.051884
35,77333,Leon Goretzka,184661,FC Bayern München,2672,5,3,7.13,4.8,3.81,35,11,22,11,29,4,0,1954,31,shotsOnTarget,GER,2025-2026,datafc_sofascore,2026-08-09T01:15:33.051884
35,77333,Albert Sambi Lokonga,901892,Hamburger SV,2676,5,0,6.96,2.05,1.6,19,11,25,8,31,3,0,1712,26,shotsOnTarget,GER,2025-2026,datafc_sofascore,2026-08-09T01:15:33.051884
35,77333,Alexander Prass,978062,TSG Hoffenheim,2569,3,2,6.81,1.19,3.25,18,11,18,16,32,4,0,1318,32,shotsOnTarget,GER,2025-2026,datafc_sofascore,2026-08-09T01:15:33.051884
35,77333,Danilho Doekhi,830803,1. FC Union Berlin,2547,5,0,6.75,4.25,1.61,46,11,8,3,44,4,0,3060,34,shotsOnTarget,GER,2025-2026,datafc_sofascore,2026-08-09T01:15:33.051884
35,77333,Jan Uwe Thielmann,1010726,1. FC Köln,2671,3,1,6.75,2.3,1.42,28,11,14,8,18,4,0,1553,26,shotsOnTarget,GER,2025-2026,datafc_sofascore,2026-08-09T01:15:33.051884
35,77333,Shuto Machino,925910,Borussia M'gladbach,2527,3,1,6.68,2.94,1.63,26,11,14,3,8,2,0,1084,32,shotsOnTarget,GER,2025-2026,datafc_sofascore,2026-08-09T01:15:33.051884
35,77333,Stefan Schimmer,842922,1. FC Heidenheim,5885,5,1,6.62,5.37,0.63,31,11,12,1,11,1,0,812,27,shotsOnTarget,GER,2025-2026,datafc_sofascore,2026-08-09T01:15:33.051884
35,77333,Yukinari Sugawara,905347,SV Werder Bremen,2534,0,6,6.52,1.85,3.06,30,11,20,11,36,2,1,2432,31,shotsOnTarget,GER,2025-2026,datafc_sofascore,2026-08-09T01:15:33.051884
35,77333,Josha Vagnoman,906278,VfB Stuttgart,2677,1,3,6.43,2.89,1.91,19,11,16,6,30,3,0,1593,27,shotsOnTarget,GER,2025-2026,datafc_sofascore,2026-08-09T01:15:33.051884
35,77333,Joshua Kimmich,259117,FC Bayern München,2672,2,8,7.71,2.65,10.24,28,10,58,11,32,4,0,2280,29,shotsOnTarget,GER,2025-2026,datafc_sofascore,2026-08-09T01:15:33.051884
35,77333,Luka Vušković,1405212,Hamburger SV,2676,6,0,7.28,4.22,1.46,32,10,11,8,22,6,0,2441,28,shotsOnTarget,GER,2025-2026,datafc_sofascore,2026-08-09T01:15:33.051884
35,77333,Edmond Tapsoba,883262,Bayer 04 Leverkusen,2681,5,3,7.2,2.5,1.42,29,10,11,8,31,7,0,2576,29,shotsOnTarget,GER,2025-2026,datafc_sofascore,2026-08-09T01:15:33.051884
35,77333,Brajan Gruda,1198075,RB Leipzig,36360,3,3,7.18,3.44,2.67,22,10,17,21,8,1,0,755,13,shotsOnTarget,GER,2025-2026,datafc_sofascore,2026-08-09T01:15:33.051884
35,77333,Leopold Querfeld,1086547,1. FC Union Berlin,2547,3,0,6.87,3.69,1.77,29,10,21,4,52,6,0,2704,31,shotsOnTarget,GER,2025-2026,datafc_sofascore,2026-08-09T01:15:33.051884
35,77333,Michael Gregoritsch,111483,FC Augsburg,2600,6,2,6.76,5.27,0.74,29,10,7,2,5,2,0,927,17,shotsOnTarget,GER,2025-2026,datafc_sofascore,2026-08-09T01:15:33.051884
35,77333,Tiago Tomás,983540,VfB Stuttgart,2677,5,3,6.73,5.97,1.11,35,10,11,13,15,4,0,1039,27,shotsOnTarget,GER,2025-2026,datafc_sofascore,2026-08-09T01:15:33.051884
35,77333,Deniz Undav,794298,VfB Stuttgart,2677,19,6,7.19,16.4,4.03,122,46,41,9,18,5,0,2247,29,totalShots,GER,2025-2026,datafc_sofascore,2026-08-09T01:15:33.051884
35,77333,Harry Kane,108579,FC Bayern München,2672,36,5,7.84,26.87,4.27,119,67,40,32,19,1,0,2382,31,totalShots,GER,2025-2026,datafc_sofascore,2026-08-09T01:15:33.051884
35,77333,Michael Olise,978838,FC Bayern München,2672,15,19,7.87,11.46,17.23,101,50,81,65,24,8,0,2317,32,totalShots,GER,2025-2026,datafc_sofascore,2026-08-09T01:15:33.051884
35,77333,Luis Díaz,883537,FC Bayern München,2672,15,14,7.26,15.1,7.74,88,37,67,61,21,5,1,2450,32,totalShots,GER,2025-2026,datafc_sofascore,2026-08-09T01:15:33.051884
35,77333,Serhou Guirassy,328027,Borussia Dortmund,2673,17,1,6.83,17.56,3.5,84,40,20,12,2,3,0,2348,33,totalShots,GER,2025-2026,datafc_sofascore,2026-08-09T01:15:33.051884
35,77333,Christoph Baumgartner,825956,RB Leipzig,36360,13,8,6.93,15.1,3.94,81,35,37,13,54,10,0,2789,33,totalShots,GER,2025-2026,datafc_sofascore,2026-08-09T01:15:33.051884
35,77333,Said El Mala,1800475,1. FC Köln,2671,13,4,6.97,11.22,2.34,75,31,21,44,24,4,0,1957,34,totalShots,GER,2025-2026,datafc_sofascore,2026-08-09T01:15:33.051884
35,77333,Fisnik Asllani,1010117,TSG Hoffenheim,2569,10,7,6.73,8.28,3.93,73,28,36,17,17,2,0,2354,33,totalShots,GER,2025-2026,datafc_sofascore,2026-08-09T01:15:33.051884
35,77333,Patrik Schick,280609,Bayer 04 Leverkusen,2681,16,3,6.94,17.18,2.78,72,34,14,10,9,2,0,1995,28,totalShots,GER,2025-2026,datafc_sofascore,2026-08-09T01:15:33.051884
35,77333,Andrej Ilić,953767,1. FC Union Berlin,2547,5,9,6.7,11.26,2.17,72,26,30,7,4,5,0,2256,32,totalShots,GER,2025-2026,datafc_sofascore,2026-08-09T01:15:33.051884
35,77333,Alexis Claude-Maurice,822877,FC Augsburg,2600,5,4,6.87,6.88,3.2,71,26,33,44,41,3,0,2107,29,totalShots,GER,2025-2026,datafc_sofascore,2026-08-09T01:15:33.051884
35,77333,Haris Tabaković,259803,Borussia M'gladbach,2527,13,2,6.71,13.0,0.86,67,27,16,6,10,5,0,2394,32,totalShots,GER,2025-2026,datafc_sofascore,2026-08-09T01:15:33.051884
35,77333,Ransford Yeboah Königsdörffer,1012235,Hamburger SV,2676,5,0,6.62,7.69,1.68,65,22,20,15,6,2,0,2360,33,totalShots,GER,2025-2026,datafc_sofascore,2026-08-09T01:15:33.051884
35,77333,Andrej Kramarić,67647,TSG Hoffenheim,2569,14,6,7.03,11.89,5.02,64,33,36,19,8,2,0,2222,34,totalShots,GER,2025-2026,datafc_sofascore,2026-08-09T01:15:33.051884
35,77333,Jakub Kamiński,801263,1. FC Köln,2671,7,3,7.1,7.06,6.41,63,26,52,24,45,4,0,3019,34,totalShots,GER,2025-2026,datafc_sofascore,2026-08-09T01:15:33.051884
35,77333,Rômulo,1133743,RB Leipzig,36360,9,4,6.65,14.36,2.95,63,27,26,11,30,3,0,2204,30,totalShots,GER,2025-2026,datafc_sofascore,2026-08-09T01:15:33.051884
35,77333,Justin Njinmah,1005343,SV Werder Bremen,2534,5,0,6.68,6.71,1.09,62,23,16,21,23,2,0,1955,33,totalShots,GER,2025-2026,datafc_sofascore,2026-08-09T01:15:33.051884
35,77333,Antonio Nusa,1121923,RB Leipzig,36360,4,3,7.07,4.41,5.16,61,20,33,68,26,0,0,2035,31,totalShots,GER,2025-2026,datafc_sofascore,2026-08-09T01:15:33.051884
35,77333,Alejandro Grimaldo,177177,Bayer 04 Leverkusen,2681,8,8,7.31,6.65,10.13,60,21,70,25,49,5,0,2524,29,totalShots,GER,2025-2026,datafc_sofascore,2026-08-09T01:15:33.051884
35,77333,Mohamed Amoura,1107591,VfL Wolfsburg,2524,8,3,6.74,8.6,2.51,60,19,25,16,38,2,0,1935,30,totalShots,GER,2025-2026,datafc_sofascore,2026-08-09T01:15:33.051884
35,77333,Fábio Vieira,904835,Hamburger SV,2676,7,5,7.18,4.65,4.07,59,19,39,32,20,2,2,2215,29,totalShots,GER,2025-2026,datafc_sofascore,2026-08-09T01:15:33.051884
35,77333,Romano Schmid,830127,SV Werder Bremen,2534,4,8,6.91,7.83,10.44,57,21,89,37,46,4,0,2988,34,totalShots,GER,2025-2026,datafc_sofascore,2026-08-09T01:15:33.051884
35,77333,Jens Stage,830142,SV Werder Bremen,2534,10,2,6.98,6.08,3.21,56,21,26,13,41,5,0,2468,29,totalShots,GER,2025-2026,datafc_sofascore,2026-08-09T01:15:33.051884
35,77333,Nadiem Amiri,327755,1. FSV Mainz 05,2556,12,2,7.43,10.4,7.69,55,23,63,25,31,6,0,2090,26,totalShots,GER,2025-2026,datafc_sofascore,2026-08-09T01:15:33.051884
35,77333,Ibrahim Maza,1407524,Bayer 04 Leverkusen,2681,3,4,7.1,5.34,4.45,54,17,29,48,41,2,0,1859,28,totalShots,GER,2025-2026,datafc_sofascore,2026-08-09T01:15:33.051884
35,77333,Yan Diomande,2087085,RB Leipzig,36360,12,8,7.72,7.14,10.12,53,26,56,118,29,2,0,2476,33,totalShots,GER,2025-2026,datafc_sofascore,2026-08-09T01:15:33.051884
35,77333,Tim Lemperle,1014290,TSG Hoffenheim,2569,8,2,6.55,8.4,2.36,53,21,27,15,21,1,1,1959,29,totalShots,GER,2025-2026,datafc_sofascore,2026-08-09T01:15:33.051884
35,77333,Ragnar Ache,877544,1. FC Köln,2671,7,4,6.88,10.34,1.04,52,22,28,9,13,3,0,1725,29,totalShots,GER,2025-2026,datafc_sofascore,2026-08-09T01:15:33.051884
35,77333,Igor Matanović,1019321,SC Freiburg,2538,11,2,6.8,9.24,1.33,52,20,22,12,23,0,0,1570,31,totalShots,GER,2025-2026,datafc_sofascore,2026-08-09T01:15:33.051884
35,77333,Phillip Tietz,822340,1. FSV Mainz 05,2556,6,3,6.45,8.87,1.87,52,24,22,12,8,4,0,1807,29,totalShots,GER,2025-2026,datafc_sofascore,2026-08-09T01:15:33.051884
35,77333,Johan Manzambi,1518931,SC Freiburg,2538,5,4,7.22,3.85,5.13,51,12,20,33,35,4,2,2094,27,totalShots,GER,2025-2026,datafc_sofascore,2026-08-09T01:15:33.051884
35,77333,Danel Sinani,887500,FC St. Pauli,2526,5,3,6.72,5.06,4.78,51,18,47,12,25,4,0,2068,30,totalShots,GER,2025-2026,datafc_sofascore,2026-08-09T01:15:33.051884
35,77333,Serge Gnabry,187433,FC Bayern München,2672,8,6,7.09,6.26,5.08,50,17,23,16,18,1,0,1228,21,totalShots,GER,2025-2026,datafc_sofascore,2026-08-09T01:15:33.051884
35,77333,Maximilian Beier,980628,Borussia Dortmund,2673,9,6,6.8,7.35,4.97,50,20,26,18,26,3,0,2036,32,totalShots,GER,2025-2026,datafc_sofascore,2026-08-09T01:15:33.051884
35,77333,Dženan Pejčinović,1127790,VfL Wolfsburg,2524,8,0,6.65,7.87,0.54,50,23,13,4,10,1,0,1482,30,totalShots,GER,2025-2026,datafc_sofascore,2026-08-09T01:15:33.051884
35,77333,Jamie Leweling,990201,VfB Stuttgart,2677,7,9,7.03,4.31,5.22,49,18,41,31,22,4,0,2375,32,totalShots,GER,2025-2026,datafc_sofascore,2026-08-09T01:15:33.051884
35,77333,Bazoumana Touré,1568123,TSG Hoffenheim,2569,5,9,6.91,4.16,5.75,48,13,46,48,34,2,0,2325,30,totalShots,GER,2025-2026,datafc_sofascore,2026-08-09T01:15:33.051884
35,77333,Anton Kade,1129365,FC Augsburg,2600,6,0,6.84,6.35,3.01,48,21,26,24,31,3,0,1746,28,totalShots,GER,2025-2026,datafc_sofascore,2026-08-09T01:15:33.051884
35,77333,Rocco Reitz,1048650,Borussia M'gladbach,2527,0,4,6.86,2.57,4.92,47,14,28,24,68,8,1,2636,31,totalShots,GER,2025-2026,datafc_sofascore,2026-08-09T01:15:33.051884
35,77333,Arijon Ibrahimović,1142248,1. FC Heidenheim,5885,2,4,6.8,6.31,6.3,47,19,56,23,34,2,0,2181,32,totalShots,GER,2025-2026,datafc_sofascore,2026-08-09T01:15:33.051884
35,77333,Danilho Doekhi,830803,1. FC Union Berlin,2547,5,0,6.75,4.25,1.61,46,11,8,3,44,4,0,3060,34,totalShots,GER,2025-2026,datafc_sofascore,2026-08-09T01:15:33.051884
35,77333,Christian Kofane,2029648,Bayer 04 Leverkusen,2681,5,4,6.71,6.8,1.11,46,19,17,7,13,3,0,1269,29,totalShots,GER,2025-2026,datafc_sofascore,2026-08-09T01:15:33.051884
35,77333,Chris Führich,891510,VfB Stuttgart,2677,7,7,7.17,4.26,8.05,45,23,49,28,15,2,0,1723,33,totalShots,GER,2025-2026,datafc_sofascore,2026-08-09T01:15:33.051884
35,77333,Maximilian Eggestein,569784,SC Freiburg,2538,3,1,6.85,3.8,1.7,44,13,19,15,64,4,0,3060,34,totalShots,GER,2025-2026,datafc_sofascore,2026-08-09T01:15:33.051884
35,77333,Grischa Prömel,253993,TSG Hoffenheim,2569,7,2,6.86,5.09,2.98,43,14,16,6,36,5,0,1752,33,totalShots,GER,2025-2026,datafc_sofascore,2026-08-09T01:15:33.051884
35,77333,Marco Grüll,815612,SV Werder Bremen,2534,3,1,6.76,3.6,3.09,43,13,33,21,38,5,0,2020,33,totalShots,GER,2025-2026,datafc_sofascore,2026-08-09T01:15:33.051884
35,77333,Mert Kömür,1390682,FC Augsburg,2600,2,4,6.64,3.42,2.1,43,16,23,17,15,1,0,1466,28,totalShots,GER,2025-2026,datafc_sofascore,2026-08-09T01:15:33.051884
35,77333,Mathias Pereira Lage,831400,FC St. Pauli,2526,2,2,6.57,4.33,1.47,43,15,24,15,38,3,0,2030,28,totalShots,GER,2025-2026,datafc_sofascore,2026-08-09T01:15:33.051884
35,77333,Bilal El Khannouss,1126569,VfB Stuttgart,2677,4,5,6.98,3.17,5.74,42,15,45,18,28,6,0,1634,25,totalShots,GER,2025-2026,datafc_sofascore,2026-08-09T01:15:33.051884
35,77333,Marius Bülter,378340,1. FC Köln,2671,5,4,6.84,4.37,4.47,42,17,26,6,7,3,0,1606,32,totalShots,GER,2025-2026,datafc_sofascore,2026-08-09T01:15:33.051884
35,77333,Lennart Karl,1861975,FC Bayern München,2672,5,5,6.83,7.59,4.96,42,21,24,22,25,1,0,1282,26,totalShots,GER,2025-2026,datafc_sofascore,2026-08-09T01:15:33.051884
35,77333,Conrad Harder,1494826,RB Leipzig,36360,3,3,6.6,4.08,1.86,42,13,14,5,10,3,0,919,29,totalShots,GER,2025-2026,datafc_sofascore,2026-08-09T01:15:33.051884
35,77333,Can Uzun,1440948,Eintracht Frankfurt,2674,8,4,7.19,3.93,2.98,41,19,20,16,15,3,0,1172,21,totalShots,GER,2025-2026,datafc_sofascore,2026-08-09T01:15:33.051884
35,77333,Jonathan Burkardt,939830,Eintracht Frankfurt,2674,13,1,6.94,12.0,0.81,41,21,9,6,8,1,0,1340,22,totalShots,GER,2025-2026,datafc_sofascore,2026-08-09T01:15:33.051884
35,77333,Ermedin Demirović,878081,VfB Stuttgart,2677,12,3,6.92,7.55,2.01,41,22,17,7,14,5,0,1506,25,totalShots,GER,2025-2026,datafc_sofascore,2026-08-09T01:15:33.051884
35,77333,Ritsu Doan,790965,Eintracht Frankfurt,2674,5,5,6.85,3.36,5.62,41,15,40,34,43,5,0,2379,31,totalShots,GER,2025-2026,datafc_sofascore,2026-08-09T01:15:33.051884
35,77333,Rayan Philippe,991824,Hamburger SV,2676,5,0,6.58,5.2,1.68,39,16,16,12,20,2,0,1292,28,totalShots,GER,2025-2026,datafc_sofascore,2026-08-09T01:15:33.051884
35,77333,Christian Eriksen,105734,VfL Wolfsburg,2524,3,9,6.91,5.96,7.65,38,14,63,10,38,4,0,2419,31,totalShots,GER,2025-2026,datafc_sofascore,2026-08-09T01:15:33.051884
35,77333,Fabian Rieder,929620,FC Augsburg,2600,6,3,6.89,4.19,4.59,38,13,44,19,37,4,0,2359,32,totalShots,GER,2025-2026,datafc_sofascore,2026-08-09T01:15:33.051884
35,77333,Yuito Suzuki,1020422,SC Freiburg,2538,4,2,6.76,3.86,2.59,38,14,25,18,20,3,0,1636,25,totalShots,GER,2025-2026,datafc_sofascore,2026-08-09T01:15:33.051884
35,77333,Nicolas Jackson,1085381,FC Bayern München,2672,8,1,6.75,7.26,1.58,38,21,18,11,8,2,1,1037,23,totalShots,GER,2025-2026,datafc_sofascore,2026-08-09T01:15:33.051884
35,77333,Julian Brandt,226978,Borussia Dortmund,2673,7,4,6.99,5.7,5.3,37,18,32,18,14,0,0,1627,29,totalShots,GER,2025-2026,datafc_sofascore,2026-08-09T01:15:33.051884
35,77333,Patrick Mainka,254429,1. FC Heidenheim,5885,2,2,6.85,3.49,1.36,37,9,10,4,45,1,0,3060,34,totalShots,GER,2025-2026,datafc_sofascore,2026-08-09T01:15:33.051884
35,77333,Cameron Puertas,916176,SV Werder Bremen,2534,1,2,6.66,1.82,2.38,37,8,27,15,60,6,0,1878,28,totalShots,GER,2025-2026,datafc_sofascore,2026-08-09T01:15:33.051884
35,77333,Wouter Burger,916946,TSG Hoffenheim,2569,4,5,7.08,3.46,5.35,36,13,51,4,72,7,1,2440,30,totalShots,GER,2025-2026,datafc_sofascore,2026-08-09T01:15:33.051884
35,77333,Ozan Kabak,857740,TSG Hoffenheim,2569,4,0,6.88,4.33,0.84,36,12,8,6,20,5,0,1763,25,totalShots,GER,2025-2026,datafc_sofascore,2026-08-09T01:15:33.051884
35,77333,Derry Scherhant,1131002,SC Freiburg,2538,5,1,6.69,2.58,2.48,36,13,22,30,20,2,0,1308,31,totalShots,GER,2025-2026,datafc_sofascore,2026-08-09T01:15:33.051884
35,77333,Leon Goretzka,184661,FC Bayern München,2672,5,3,7.13,4.8,3.81,35,11,22,11,29,4,0,1954,31,totalShots,GER,2025-2026,datafc_sofascore,2026-08-09T01:15:33.051884
35,77333,Farès Chaïbi,1192318,Eintracht Frankfurt,2674,2,9,6.83,2.83,3.9,35,9,40,11,31,2,0,1797,28,totalShots,GER,2025-2026,datafc_sofascore,2026-08-09T01:15:33.051884
35,77333,Tiago Tomás,983540,VfB Stuttgart,2677,5,3,6.73,5.97,1.11,35,10,11,13,15,4,0,1039,27,totalShots,GER,2025-2026,datafc_sofascore,2026-08-09T01:15:33.051884
35,77333,Ansgar Knauff,997012,Eintracht Frankfurt,2674,4,1,6.58,3.78,1.8,35,14,17,11,13,3,0,1332,28,totalShots,GER,2025-2026,datafc_sofascore,2026-08-09T01:15:33.051884
35,77333,Malik Tillman,975798,Bayer 04 Leverkusen,2681,6,0,6.93,4.62,2.91,34,13,26,11,38,2,0,1689,29,totalShots,GER,2025-2026,datafc_sofascore,2026-08-09T01:15:33.051884
35,77333,Lucas Höler,280009,SC Freiburg,2538,3,1,6.67,4.5,1.93,34,15,24,10,25,4,0,2065,33,totalShots,GER,2025-2026,datafc_sofascore,2026-08-09T01:15:33.051884
35,77333,Felix Nmecha,907463,Borussia Dortmund,2673,2,3,6.94,3.62,4.24,33,7,20,31,37,0,0,2184,29,totalShots,GER,2025-2026,datafc_sofascore,2026-08-09T01:15:33.051884
35,77333,Oliver Burke,608362,1. FC Union Berlin,2547,6,2,6.75,5.18,1.96,33,15,22,11,12,4,0,1691,29,totalShots,GER,2025-2026,datafc_sofascore,2026-08-09T01:15:33.051884
35,77333,Ilyas Ansah,1462742,1. FC Union Berlin,2547,5,1,6.64,3.25,1.05,33,12,16,25,17,1,0,1909,33,totalShots,GER,2025-2026,datafc_sofascore,2026-08-09T01:15:33.051884
35,77333,Nico Schlotterbeck,940871,Borussia Dortmund,2673,5,1,7.67,3.72,2.69,32,9,12,15,50,8,0,2520,28,totalShots,GER,2025-2026,datafc_sofascore,2026-08-09T01:15:33.051884
35,77333,Luka Vušković,1405212,Hamburger SV,2676,6,0,7.28,4.22,1.46,32,10,11,8,22,6,0,2441,28,totalShots,GER,2025-2026,datafc_sofascore,2026-08-09T01:15:33.051884
35,77333,Marvin Pieringer,909485,1. FC Heidenheim,5885,4,1,6.71,5.84,1.46,32,8,16,16,20,2,0,1653,27,totalShots,GER,2025-2026,datafc_sofascore,2026-08-09T01:15:33.051884
35,77333,Paul Nebel,980621,1. FSV Mainz 05,2556,5,2,6.61,5.26,3.77,32,8,41,20,50,2,2,2081,30,totalShots,GER,2025-2026,datafc_sofascore,2026-08-09T01:15:33.051884
35,77333,Maximilian Mittelstädt,788949,VfB Stuttgart,2677,6,4,7.2,4.4,6.02,31,16,37,14,67,4,0,2195,32,totalShots,GER,2025-2026,datafc_sofascore,2026-08-09T01:15:33.051884
35,77333,Karim Adeyemi,940054,Borussia Dortmund,2673,7,4,6.86,4.87,3.16,31,14,16,27,5,5,0,1215,28,totalShots,GER,2025-2026,datafc_sofascore,2026-08-09T01:15:33.051884
35,77333,Joel Chima Fujita,1002461,FC St. Pauli,2526,1,3,6.71,1.15,3.92,31,7,30,47,68,6,0,2671,32,totalShots,GER,2025-2026,datafc_sofascore,2026-08-09T01:15:33.051884
35,77333,Stefan Schimmer,842922,1. FC Heidenheim,5885,5,1,6.62,5.37,0.63,31,11,12,1,11,1,0,812,27,totalShots,GER,2025-2026,datafc_sofascore,2026-08-09T01:15:33.051884
35,77333,Mathias Honsak,575952,1. FC Heidenheim,5885,2,1,6.56,3.17,1.67,31,8,12,15,21,1,0,1260,27,totalShots,GER,2025-2026,datafc_sofascore,2026-08-09T01:15:33.051884
35,77333,Sebastian Sebulonsen,1020206,1. FC Köln,2671,0,0,6.42,1.55,3.07,31,5,21,18,44,5,0,2505,31,totalShots,GER,2025-2026,datafc_sofascore,2026-08-09T01:15:33.051884
35,77333,Aleix García,796047,Bayer 04 Leverkusen,2681,3,8,7.45,2.29,6.65,30,5,51,4,26,6,0,2676,33,totalShots,GER,2025-2026,datafc_sofascore,2026-08-09T01:15:33.051884
35,77333,Vincenzo Grifo,171961,SC Freiburg,2538,7,4,6.94,5.74,4.66,30,12,41,10,10,0,0,1720,33,totalShots,GER,2025-2026,datafc_sofascore,2026-08-09T01:15:33.051884
35,77333,Tom Bischof,1129935,FC Bayern München,2672,3,3,6.9,1.83,2.67,30,9,24,7,26,2,0,1320,26,totalShots,GER,2025-2026,datafc_sofascore,2026-08-09T01:15:33.051884
35,77333,Ridle Baku,856553,RB Leipzig,36360,2,3,6.87,2.56,6.05,30,6,37,13,60,4,0,2509,32,totalShots,GER,2025-2026,datafc_sofascore,2026-08-09T01:15:33.051884
35,77333,Robin Fellhauer,860461,FC Augsburg,2600,3,2,6.8,2.79,2.64,30,9,31,15,57,2,0,2810,34,totalShots,GER,2025-2026,datafc_sofascore,2026-08-09T01:15:33.051884
35,77333,Arnaud Kalimuendo,954061,Eintracht Frankfurt,2674,6,1,6.79,4.04,1.17,30,16,22,21,11,4,0,1420,19,totalShots,GER,2025-2026,datafc_sofascore,2026-08-09T01:15:33.051884
35,77333,Jae-sung Lee,537552,1. FSV Mainz 05,2556,4,2,6.72,3.25,3.21,30,9,22,5,38,4,0,2198,28,totalShots,GER,2025-2026,datafc_sofascore,2026-08-09T01:15:33.051884
35,77333,Jamal Musiala,1010231,FC Bayern München,2672,3,4,6.71,4.81,1.92,30,9,17,21,11,1,0,685,15,totalShots,GER,2025-2026,datafc_sofascore,2026-08-09T01:15:33.051884
35,77333,Jens Castrop,1019312,Borussia M'gladbach,2527,3,1,6.69,3.73,1.69,30,12,19,25,58,2,2,1599,26,totalShots,GER,2025-2026,datafc_sofascore,2026-08-09T01:15:33.051884
35,77333,Yukinari Sugawara,905347,SV Werder Bremen,2534,0,6,6.52,1.85,3.06,30,11,20,11,36,2,1,2432,31,totalShots,GER,2025-2026,datafc_sofascore,2026-08-09T01:15:33.051884
35,77333,Edmond Tapsoba,883262,Bayer 04 Leverkusen,2681,5,3,7.2,2.5,1.42,29,10,11,8,31,7,0,2576,29,totalShots,GER,2025-2026,datafc_sofascore,2026-08-09T01:15:33.051884
35,77333,Jean-Mattéo Bahoya,1146148,Eintracht Frankfurt,2674,3,4,6.96,2.04,3.33,29,9,31,41,31,2,0,1335,27,totalShots,GER,2025-2026,datafc_sofascore,2026-08-09T01:15:33.051884
35,77333,Sheraldo Becker,352544,1. FSV Mainz 05,2556,3,3,6.91,4.33,3.18,29,15,17,4,1,2,0,953,14,totalShots,GER,2025-2026,datafc_sofascore,2026-08-09T01:15:33.051884
35,77333,Leopold Querfeld,1086547,1. FC Union Berlin,2547,3,0,6.87,3.69,1.77,29,10,21,4,52,6,0,2704,31,totalShots,GER,2025-2026,datafc_sofascore,2026-08-09T01:15:33.051884
35,77333,Deniz Undav,794298,VfB Stuttgart,2677,19,6,7.19,16.4,4.03,122,46,41,9,18,5,0,2247,29,totalShots,GER,2025-2026,datafc_sofascore,2026-08-09T01:15:33.051884
35,77333,Harry Kane,108579,FC Bayern München,2672,36,5,7.84,26.87,4.27,119,67,40,32,19,1,0,2382,31,totalShots,GER,2025-2026,datafc_sofascore,2026-08-09T01:15:33.051884
35,77333,Michael Olise,978838,FC Bayern München,2672,15,19,7.87,11.46,17.23,101,50,81,65,24,8,0,2317,32,totalShots,GER,2025-2026,datafc_sofascore,2026-08-09T01:15:33.051884
35,77333,Luis Díaz,883537,FC Bayern München,2672,15,14,7.26,15.1,7.74,88,37,67,61,21,5,1,2450,32,totalShots,GER,2025-2026,datafc_sofascore,2026-08-09T01:15:33.051884
35,77333,Serhou Guirassy,328027,Borussia Dortmund,2673,17,1,6.83,17.56,3.5,84,40,20,12,2,3,0,2348,33,totalShots,GER,2025-2026,datafc_sofascore,2026-08-09T01:15:33.051884
35,77333,Christoph Baumgartner,825956,RB Leipzig,36360,13,8,6.93,15.1,3.94,81,35,37,13,54,10,0,2789,33,totalShots,GER,2025-2026,datafc_sofascore,2026-08-09T01:15:33.051884
35,77333,Said El Mala,1800475,1. FC Köln,2671,13,4,6.97,11.22,2.34,75,31,21,44,24,4,0,1957,34,totalShots,GER,2025-2026,datafc_sofascore,2026-08-09T01:15:33.051884
35,77333,Fisnik Asllani,1010117,TSG Hoffenheim,2569,10,7,6.73,8.28,3.93,73,28,36,17,17,2,0,2354,33,totalShots,GER,2025-2026,datafc_sofascore,2026-08-09T01:15:33.051884
35,77333,Patrik Schick,280609,Bayer 04 Leverkusen,2681,16,3,6.94,17.18,2.78,72,34,14,10,9,2,0,1995,28,totalShots,GER,2025-2026,datafc_sofascore,2026-08-09T01:15:33.051884
35,77333,Andrej Ilić,953767,1. FC Union Berlin,2547,5,9,6.7,11.26,2.17,72,26,30,7,4,5,0,2256,32,totalShots,GER,2025-2026,datafc_sofascore,2026-08-09T01:15:33.051884
35,77333,Alexis Claude-Maurice,822877,FC Augsburg,2600,5,4,6.87,6.88,3.2,71,26,33,44,41,3,0,2107,29,totalShots,GER,2025-2026,datafc_sofascore,2026-08-09T01:15:33.051884
35,77333,Haris Tabaković,259803,Borussia M'gladbach,2527,13,2,6.71,13.0,0.86,67,27,16,6,10,5,0,2394,32,totalShots,GER,2025-2026,datafc_sofascore,2026-08-09T01:15:33.051884
35,77333,Ransford Yeboah Königsdörffer,1012235,Hamburger SV,2676,5,0,6.62,7.69,1.68,65,22,20,15,6,2,0,2360,33,totalShots,GER,2025-2026,datafc_sofascore,2026-08-09T01:15:33.051884
35,77333,Andrej Kramarić,67647,TSG Hoffenheim,2569,14,6,7.03,11.89,5.02,64,33,36,19,8,2,0,2222,34,totalShots,GER,2025-2026,datafc_sofascore,2026-08-09T01:15:33.051884
35,77333,Jakub Kamiński,801263,1. FC Köln,2671,7,3,7.1,7.06,6.41,63,26,52,24,45,4,0,3019,34,totalShots,GER,2025-2026,datafc_sofascore,2026-08-09T01:15:33.051884
35,77333,Rômulo,1133743,RB Leipzig,36360,9,4,6.65,14.36,2.95,63,27,26,11,30,3,0,2204,30,totalShots,GER,2025-2026,datafc_sofascore,2026-08-09T01:15:33.051884
35,77333,Justin Njinmah,1005343,SV Werder Bremen,2534,5,0,6.68,6.71,1.09,62,23,16,21,23,2,0,1955,33,totalShots,GER,2025-2026,datafc_sofascore,2026-08-09T01:15:33.051884
35,77333,Antonio Nusa,1121923,RB Leipzig,36360,4,3,7.07,4.41,5.16,61,20,33,68,26,0,0,2035,31,totalShots,GER,2025-2026,datafc_sofascore,2026-08-09T01:15:33.051884
35,77333,Alejandro Grimaldo,177177,Bayer 04 Leverkusen,2681,8,8,7.31,6.65,10.13,60,21,70,25,49,5,0,2524,29,totalShots,GER,2025-2026,datafc_sofascore,2026-08-09T01:15:33.051884
35,77333,Mohamed Amoura,1107591,VfL Wolfsburg,2524,8,3,6.74,8.6,2.51,60,19,25,16,38,2,0,1935,30,totalShots,GER,2025-2026,datafc_sofascore,2026-08-09T01:15:33.051884
35,77333,Fábio Vieira,904835,Hamburger SV,2676,7,5,7.18,4.65,4.07,59,19,39,32,20,2,2,2215,29,totalShots,GER,2025-2026,datafc_sofascore,2026-08-09T01:15:33.051884
35,77333,Romano Schmid,830127,SV Werder Bremen,2534,4,8,6.91,7.83,10.44,57,21,89,37,46,4,0,2988,34,totalShots,GER,2025-2026,datafc_sofascore,2026-08-09T01:15:33.051884
35,77333,Jens Stage,830142,SV Werder Bremen,2534,10,2,6.98,6.08,3.21,56,21,26,13,41,5,0,2468,29,totalShots,GER,2025-2026,datafc_sofascore,2026-08-09T01:15:33.051884
35,77333,Nadiem Amiri,327755,1. FSV Mainz 05,2556,12,2,7.43,10.4,7.69,55,23,63,25,31,6,0,2090,26,totalShots,GER,2025-2026,datafc_sofascore,2026-08-09T01:15:33.051884
35,77333,Ibrahim Maza,1407524,Bayer 04 Leverkusen,2681,3,4,7.1,5.34,4.45,54,17,29,48,41,2,0,1859,28,totalShots,GER,2025-2026,datafc_sofascore,2026-08-09T01:15:33.051884
35,77333,Yan Diomande,2087085,RB Leipzig,36360,12,8,7.72,7.14,10.12,53,26,56,118,29,2,0,2476,33,totalShots,GER,2025-2026,datafc_sofascore,2026-08-09T01:15:33.051884
35,77333,Tim Lemperle,1014290,TSG Hoffenheim,2569,8,2,6.55,8.4,2.36,53,21,27,15,21,1,1,1959,29,totalShots,GER,2025-2026,datafc_sofascore,2026-08-09T01:15:33.051884
35,77333,Ragnar Ache,877544,1. FC Köln,2671,7,4,6.88,10.34,1.04,52,22,28,9,13,3,0,1725,29,totalShots,GER,2025-2026,datafc_sofascore,2026-08-09T01:15:33.051884
35,77333,Igor Matanović,1019321,SC Freiburg,2538,11,2,6.8,9.24,1.33,52,20,22,12,23,0,0,1570,31,totalShots,GER,2025-2026,datafc_sofascore,2026-08-09T01:15:33.051884
35,77333,Phillip Tietz,822340,1. FSV Mainz 05,2556,6,3,6.45,8.87,1.87,52,24,22,12,8,4,0,1807,29,totalShots,GER,2025-2026,datafc_sofascore,2026-08-09T01:15:33.051884
35,77333,Johan Manzambi,1518931,SC Freiburg,2538,5,4,7.22,3.85,5.13,51,12,20,33,35,4,2,2094,27,totalShots,GER,2025-2026,datafc_sofascore,2026-08-09T01:15:33.051884
35,77333,Danel Sinani,887500,FC St. Pauli,2526,5,3,6.72,5.06,4.78,51,18,47,12,25,4,0,2068,30,totalShots,GER,2025-2026,datafc_sofascore,2026-08-09T01:15:33.051884
35,77333,Serge Gnabry,187433,FC Bayern München,2672,8,6,7.09,6.26,5.08,50,17,23,16,18,1,0,1228,21,totalShots,GER,2025-2026,datafc_sofascore,2026-08-09T01:15:33.051884
35,77333,Maximilian Beier,980628,Borussia Dortmund,2673,9,6,6.8,7.35,4.97,50,20,26,18,26,3,0,2036,32,totalShots,GER,2025-2026,datafc_sofascore,2026-08-09T01:15:33.051884
35,77333,Dženan Pejčinović,1127790,VfL Wolfsburg,2524,8,0,6.65,7.87,0.54,50,23,13,4,10,1,0,1482,30,totalShots,GER,2025-2026,datafc_sofascore,2026-08-09T01:15:33.051884
35,77333,Jamie Leweling,990201,VfB Stuttgart,2677,7,9,7.03,4.31,5.22,49,18,41,31,22,4,0,2375,32,totalShots,GER,2025-2026,datafc_sofascore,2026-08-09T01:15:33.051884
35,77333,Bazoumana Touré,1568123,TSG Hoffenheim,2569,5,9,6.91,4.16,5.75,48,13,46,48,34,2,0,2325,30,totalShots,GER,2025-2026,datafc_sofascore,2026-08-09T01:15:33.051884
35,77333,Anton Kade,1129365,FC Augsburg,2600,6,0,6.84,6.35,3.01,48,21,26,24,31,3,0,1746,28,totalShots,GER,2025-2026,datafc_sofascore,2026-08-09T01:15:33.051884
35,77333,Rocco Reitz,1048650,Borussia M'gladbach,2527,0,4,6.86,2.57,4.92,47,14,28,24,68,8,1,2636,31,totalShots,GER,2025-2026,datafc_sofascore,2026-08-09T01:15:33.051884
35,77333,Arijon Ibrahimović,1142248,1. FC Heidenheim,5885,2,4,6.8,6.31,6.3,47,19,56,23,34,2,0,2181,32,totalShots,GER,2025-2026,datafc_sofascore,2026-08-09T01:15:33.051884
35,77333,Danilho Doekhi,830803,1. FC Union Berlin,2547,5,0,6.75,4.25,1.61,46,11,8,3,44,4,0,3060,34,totalShots,GER,2025-2026,datafc_sofascore,2026-08-09T01:15:33.051884
35,77333,Christian Kofane,2029648,Bayer 04 Leverkusen,2681,5,4,6.71,6.8,1.11,46,19,17,7,13,3,0,1269,29,totalShots,GER,2025-2026,datafc_sofascore,2026-08-09T01:15:33.051884
35,77333,Chris Führich,891510,VfB Stuttgart,2677,7,7,7.17,4.26,8.05,45,23,49,28,15,2,0,1723,33,totalShots,GER,2025-2026,datafc_sofascore,2026-08-09T01:15:33.051884
35,77333,Maximilian Eggestein,569784,SC Freiburg,2538,3,1,6.85,3.8,1.7,44,13,19,15,64,4,0,3060,34,totalShots,GER,2025-2026,datafc_sofascore,2026-08-09T01:15:33.051884
35,77333,Grischa Prömel,253993,TSG Hoffenheim,2569,7,2,6.86,5.09,2.98,43,14,16,6,36,5,0,1752,33,totalShots,GER,2025-2026,datafc_sofascore,2026-08-09T01:15:33.051884
35,77333,Marco Grüll,815612,SV Werder Bremen,2534,3,1,6.76,3.6,3.09,43,13,33,21,38,5,0,2020,33,totalShots,GER,2025-2026,datafc_sofascore,2026-08-09T01:15:33.051884
35,77333,Mert Kömür,1390682,FC Augsburg,2600,2,4,6.64,3.42,2.1,43,16,23,17,15,1,0,1466,28,totalShots,GER,2025-2026,datafc_sofascore,2026-08-09T01:15:33.051884
35,77333,Mathias Pereira Lage,831400,FC St. Pauli,2526,2,2,6.57,4.33,1.47,43,15,24,15,38,3,0,2030,28,totalShots,GER,2025-2026,datafc_sofascore,2026-08-09T01:15:33.051884
35,77333,Bilal El Khannouss,1126569,VfB Stuttgart,2677,4,5,6.98,3.17,5.74,42,15,45,18,28,6,0,1634,25,totalShots,GER,2025-2026,datafc_sofascore,2026-08-09T01:15:33.051884
35,77333,Marius Bülter,378340,1. FC Köln,2671,5,4,6.84,4.37,4.47,42,17,26,6,7,3,0,1606,32,totalShots,GER,2025-2026,datafc_sofascore,2026-08-09T01:15:33.051884
35,77333,Lennart Karl,1861975,FC Bayern München,2672,5,5,6.83,7.59,4.96,42,21,24,22,25,1,0,1282,26,totalShots,GER,2025-2026,datafc_sofascore,2026-08-09T01:15:33.051884
35,77333,Conrad Harder,1494826,RB Leipzig,36360,3,3,6.6,4.08,1.86,42,13,14,5,10,3,0,919,29,totalShots,GER,2025-2026,datafc_sofascore,2026-08-09T01:15:33.051884
35,77333,Can Uzun,1440948,Eintracht Frankfurt,2674,8,4,7.19,3.93,2.98,41,19,20,16,15,3,0,1172,21,totalShots,GER,2025-2026,datafc_sofascore,2026-08-09T01:15:33.051884
35,77333,Jonathan Burkardt,939830,Eintracht Frankfurt,2674,13,1,6.94,12.0,0.81,41,21,9,6,8,1,0,1340,22,totalShots,GER,2025-2026,datafc_sofascore,2026-08-09T01:15:33.051884
35,77333,Ermedin Demirović,878081,VfB Stuttgart,2677,12,3,6.92,7.55,2.01,41,22,17,7,14,5,0,1506,25,totalShots,GER,2025-2026,datafc_sofascore,2026-08-09T01:15:33.051884
35,77333,Ritsu Doan,790965,Eintracht Frankfurt,2674,5,5,6.85,3.36,5.62,41,15,40,34,43,5,0,2379,31,totalShots,GER,2025-2026,datafc_sofascore,2026-08-09T01:15:33.051884
35,77333,Rayan Philippe,991824,Hamburger SV,2676,5,0,6.58,5.2,1.68,39,16,16,12,20,2,0,1292,28,totalShots,GER,2025-2026,datafc_sofascore,2026-08-09T01:15:33.051884
35,77333,Christian Eriksen,105734,VfL Wolfsburg,2524,3,9,6.91,5.96,7.65,38,14,63,10,38,4,0,2419,31,totalShots,GER,2025-2026,datafc_sofascore,2026-08-09T01:15:33.051884
35,77333,Fabian Rieder,929620,FC Augsburg,2600,6,3,6.89,4.19,4.59,38,13,44,19,37,4,0,2359,32,totalShots,GER,2025-2026,datafc_sofascore,2026-08-09T01:15:33.051884
35,77333,Yuito Suzuki,1020422,SC Freiburg,2538,4,2,6.76,3.86,2.59,38,14,25,18,20,3,0,1636,25,totalShots,GER,2025-2026,datafc_sofascore,2026-08-09T01:15:33.051884
35,77333,Nicolas Jackson,1085381,FC Bayern München,2672,8,1,6.75,7.26,1.58,38,21,18,11,8,2,1,1037,23,totalShots,GER,2025-2026,datafc_sofascore,2026-08-09T01:15:33.051884
35,77333,Julian Brandt,226978,Borussia Dortmund,2673,7,4,6.99,5.7,5.3,37,18,32,18,14,0,0,1627,29,totalShots,GER,2025-2026,datafc_sofascore,2026-08-09T01:15:33.051884
35,77333,Patrick Mainka,254429,1. FC Heidenheim,5885,2,2,6.85,3.49,1.36,37,9,10,4,45,1,0,3060,34,totalShots,GER,2025-2026,datafc_sofascore,2026-08-09T01:15:33.051884
35,77333,Cameron Puertas,916176,SV Werder Bremen,2534,1,2,6.66,1.82,2.38,37,8,27,15,60,6,0,1878,28,totalShots,GER,2025-2026,datafc_sofascore,2026-08-09T01:15:33.051884
35,77333,Wouter Burger,916946,TSG Hoffenheim,2569,4,5,7.08,3.46,5.35,36,13,51,4,72,7,1,2440,30,totalShots,GER,2025-2026,datafc_sofascore,2026-08-09T01:15:33.051884
35,77333,Ozan Kabak,857740,TSG Hoffenheim,2569,4,0,6.88,4.33,0.84,36,12,8,6,20,5,0,1763,25,totalShots,GER,2025-2026,datafc_sofascore,2026-08-09T01:15:33.051884
35,77333,Derry Scherhant,1131002,SC Freiburg,2538,5,1,6.69,2.58,2.48,36,13,22,30,20,2,0,1308,31,totalShots,GER,2025-2026,datafc_sofascore,2026-08-09T01:15:33.051884
35,77333,Leon Goretzka,184661,FC Bayern München,2672,5,3,7.13,4.8,3.81,35,11,22,11,29,4,0,1954,31,totalShots,GER,2025-2026,datafc_sofascore,2026-08-09T01:15:33.051884
35,77333,Farès Chaïbi,1192318,Eintracht Frankfurt,2674,2,9,6.83,2.83,3.9,35,9,40,11,31,2,0,1797,28,totalShots,GER,2025-2026,datafc_sofascore,2026-08-09T01:15:33.051884
35,77333,Tiago Tomás,983540,VfB Stuttgart,2677,5,3,6.73,5.97,1.11,35,10,11,13,15,4,0,1039,27,totalShots,GER,2025-2026,datafc_sofascore,2026-08-09T01:15:33.051884
35,77333,Ansgar Knauff,997012,Eintracht Frankfurt,2674,4,1,6.58,3.78,1.8,35,14,17,11,13,3,0,1332,28,totalShots,GER,2025-2026,datafc_sofascore,2026-08-09T01:15:33.051884
35,77333,Malik Tillman,975798,Bayer 04 Leverkusen,2681,6,0,6.93,4.62,2.91,34,13,26,11,38,2,0,1689,29,totalShots,GER,2025-2026,datafc_sofascore,2026-08-09T01:15:33.051884
35,77333,Lucas Höler,280009,SC Freiburg,2538,3,1,6.67,4.5,1.93,34,15,24,10,25,4,0,2065,33,totalShots,GER,2025-2026,datafc_sofascore,2026-08-09T01:15:33.051884
35,77333,Felix Nmecha,907463,Borussia Dortmund,2673,2,3,6.94,3.62,4.24,33,7,20,31,37,0,0,2184,29,totalShots,GER,2025-2026,datafc_sofascore,2026-08-09T01:15:33.051884
35,77333,Oliver Burke,608362,1. FC Union Berlin,2547,6,2,6.75,5.18,1.96,33,15,22,11,12,4,0,1691,29,totalShots,GER,2025-2026,datafc_sofascore,2026-08-09T01:15:33.051884
35,77333,Ilyas Ansah,1462742,1. FC Union Berlin,2547,5,1,6.64,3.25,1.05,33,12,16,25,17,1,0,1909,33,totalShots,GER,2025-2026,datafc_sofascore,2026-08-09T01:15:33.051884
35,77333,Nico Schlotterbeck,940871,Borussia Dortmund,2673,5,1,7.67,3.72,2.69,32,9,12,15,50,8,0,2520,28,totalShots,GER,2025-2026,datafc_sofascore,2026-08-09T01:15:33.051884
35,77333,Luka Vušković,1405212,Hamburger SV,2676,6,0,7.28,4.22,1.46,32,10,11,8,22,6,0,2441,28,totalShots,GER,2025-2026,datafc_sofascore,2026-08-09T01:15:33.051884
35,77333,Marvin Pieringer,909485,1. FC Heidenheim,5885,4,1,6.71,5.84,1.46,32,8,16,16,20,2,0,1653,27,totalShots,GER,2025-2026,datafc_sofascore,2026-08-09T01:15:33.051884
35,77333,Paul Nebel,980621,1. FSV Mainz 05,2556,5,2,6.61,5.26,3.77,32,8,41,20,50,2,2,2081,30,totalShots,GER,2025-2026,datafc_sofascore,2026-08-09T01:15:33.051884
35,77333,Maximilian Mittelstädt,788949,VfB Stuttgart,2677,6,4,7.2,4.4,6.02,31,16,37,14,67,4,0,2195,32,totalShots,GER,2025-2026,datafc_sofascore,2026-08-09T01:15:33.051884
35,77333,Karim Adeyemi,940054,Borussia Dortmund,2673,7,4,6.86,4.87,3.16,31,14,16,27,5,5,0,1215,28,totalShots,GER,2025-2026,datafc_sofascore,2026-08-09T01:15:33.051884
35,77333,Joel Chima Fujita,1002461,FC St. Pauli,2526,1,3,6.71,1.15,3.92,31,7,30,47,68,6,0,2671,32,totalShots,GER,2025-2026,datafc_sofascore,2026-08-09T01:15:33.051884
35,77333,Stefan Schimmer,842922,1. FC Heidenheim,5885,5,1,6.62,5.37,0.63,31,11,12,1,11,1,0,812,27,totalShots,GER,2025-2026,datafc_sofascore,2026-08-09T01:15:33.051884
35,77333,Mathias Honsak,575952,1. FC Heidenheim,5885,2,1,6.56,3.17,1.67,31,8,12,15,21,1,0,1260,27,totalShots,GER,2025-2026,datafc_sofascore,2026-08-09T01:15:33.051884
35,77333,Sebastian Sebulonsen,1020206,1. FC Köln,2671,0,0,6.42,1.55,3.07,31,5,21,18,44,5,0,2505,31,totalShots,GER,2025-2026,datafc_sofascore,2026-08-09T01:15:33.051884
35,77333,Aleix García,796047,Bayer 04 Leverkusen,2681,3,8,7.45,2.29,6.65,30,5,51,4,26,6,0,2676,33,totalShots,GER,2025-2026,datafc_sofascore,2026-08-09T01:15:33.051884
35,77333,Vincenzo Grifo,171961,SC Freiburg,2538,7,4,6.94,5.74,4.66,30,12,41,10,10,0,0,1720,33,totalShots,GER,2025-2026,datafc_sofascore,2026-08-09T01:15:33.051884
35,77333,Tom Bischof,1129935,FC Bayern München,2672,3,3,6.9,1.83,2.67,30,9,24,7,26,2,0,1320,26,totalShots,GER,2025-2026,datafc_sofascore,2026-08-09T01:15:33.051884
35,77333,Ridle Baku,856553,RB Leipzig,36360,2,3,6.87,2.56,6.05,30,6,37,13,60,4,0,2509,32,totalShots,GER,2025-2026,datafc_sofascore,2026-08-09T01:15:33.051884
35,77333,Robin Fellhauer,860461,FC Augsburg,2600,3,2,6.8,2.79,2.64,30,9,31,15,57,2,0,2810,34,totalShots,GER,2025-2026,datafc_sofascore,2026-08-09T01:15:33.051884
35,77333,Arnaud Kalimuendo,954061,Eintracht Frankfurt,2674,6,1,6.79,4.04,1.17,30,16,22,21,11,4,0,1420,19,totalShots,GER,2025-2026,datafc_sofascore,2026-08-09T01:15:33.051884
35,77333,Jae-sung Lee,537552,1. FSV Mainz 05,2556,4,2,6.72,3.25,3.21,30,9,22,5,38,4,0,2198,28,totalShots,GER,2025-2026,datafc_sofascore,2026-08-09T01:15:33.051884
35,77333,Jamal Musiala,1010231,FC Bayern München,2672,3,4,6.71,4.81,1.92,30,9,17,21,11,1,0,685,15,totalShots,GER,2025-2026,datafc_sofascore,2026-08-09T01:15:33.051884
35,77333,Jens Castrop,1019312,Borussia M'gladbach,2527,3,1,6.69,3.73,1.69,30,12,19,25,58,2,2,1599,26,totalShots,GER,2025-2026,datafc_sofascore,2026-08-09T01:15:33.051884
35,77333,Yukinari Sugawara,905347,SV Werder Bremen,2534,0,6,6.52,1.85,3.06,30,11,20,11,36,2,1,2432,31,totalShots,GER,2025-2026,datafc_sofascore,2026-08-09T01:15:33.051884
35,77333,Edmond Tapsoba,883262,Bayer 04 Leverkusen,2681,5,3,7.2,2.5,1.42,29,10,11,8,31,7,0,2576,29,totalShots,GER,2025-2026,datafc_sofascore,2026-08-09T01:15:33.051884
35,77333,Jean-Mattéo Bahoya,1146148,Eintracht Frankfurt,2674,3,4,6.96,2.04,3.33,29,9,31,41,31,2,0,1335,27,totalShots,GER,2025-2026,datafc_sofascore,2026-08-09T01:15:33.051884
35,77333,Sheraldo Becker,352544,1. FSV Mainz 05,2556,3,3,6.91,4.33,3.18,29,15,17,4,1,2,0,953,14,totalShots,GER,2025-2026,datafc_sofascore,2026-08-09T01:15:33.051884
35,77333,Leopold Querfeld,1086547,1. FC Union Berlin,2547,3,0,6.87,3.69,1.77,29,10,21,4,52,6,0,2704,31,totalShots,GER,2025-2026,datafc_sofascore,2026-08-09T01:15:33.051884
35,77333,Michael Olise,978838,FC Bayern München,2672,15,19,7.87,11.46,17.23,101,50,81,65,24,8,0,2317,32,bigChancesCreated,GER,2025-2026,datafc_sofascore,2026-08-09T01:15:33.051884
35,77333,David Raum,856076,RB Leipzig,36360,3,7,7.33,2.2,12.39,24,8,98,16,48,6,0,2556,30,bigChancesCreated,GER,2025-2026,datafc_sofascore,2026-08-09T01:15:33.051884
35,77333,Julian Ryerson,800951,Borussia Dortmund,2673,0,15,7.08,0.93,10.04,12,1,56,24,34,8,0,2272,31,bigChancesCreated,GER,2025-2026,datafc_sofascore,2026-08-09T01:15:33.051884
35,77333,Harry Kane,108579,FC Bayern München,2672,36,5,7.84,26.87,4.27,119,67,40,32,19,1,0,2382,31,bigChancesCreated,GER,2025-2026,datafc_sofascore,2026-08-09T01:15:33.051884
35,77333,Yan Diomande,2087085,RB Leipzig,36360,12,8,7.72,7.14,10.12,53,26,56,118,29,2,0,2476,33,bigChancesCreated,GER,2025-2026,datafc_sofascore,2026-08-09T01:15:33.051884
35,77333,Luis Díaz,883537,FC Bayern München,2672,15,14,7.26,15.1,7.74,88,37,67,61,21,5,1,2450,32,bigChancesCreated,GER,2025-2026,datafc_sofascore,2026-08-09T01:15:33.051884
35,77333,Romano Schmid,830127,SV Werder Bremen,2534,4,8,6.91,7.83,10.44,57,21,89,37,46,4,0,2988,34,bigChancesCreated,GER,2025-2026,datafc_sofascore,2026-08-09T01:15:33.051884
35,77333,Joshua Kimmich,259117,FC Bayern München,2672,2,8,7.71,2.65,10.24,28,10,58,11,32,4,0,2280,29,bigChancesCreated,GER,2025-2026,datafc_sofascore,2026-08-09T01:15:33.051884
35,77333,Nadiem Amiri,327755,1. FSV Mainz 05,2556,12,2,7.43,10.4,7.69,55,23,63,25,31,6,0,2090,26,bigChancesCreated,GER,2025-2026,datafc_sofascore,2026-08-09T01:15:33.051884
35,77333,Alejandro Grimaldo,177177,Bayer 04 Leverkusen,2681,8,8,7.31,6.65,10.13,60,21,70,25,49,5,0,2524,29,bigChancesCreated,GER,2025-2026,datafc_sofascore,2026-08-09T01:15:33.051884
35,77333,Vladimír Coufal,138024,TSG Hoffenheim,2569,1,8,7.12,0.88,8.99,25,6,59,31,60,4,0,3017,34,bigChancesCreated,GER,2025-2026,datafc_sofascore,2026-08-09T01:15:33.051884
35,77333,Aleix García,796047,Bayer 04 Leverkusen,2681,3,8,7.45,2.29,6.65,30,5,51,4,26,6,0,2676,33,bigChancesCreated,GER,2025-2026,datafc_sofascore,2026-08-09T01:15:33.051884
35,77333,Chris Führich,891510,VfB Stuttgart,2677,7,7,7.17,4.26,8.05,45,23,49,28,15,2,0,1723,33,bigChancesCreated,GER,2025-2026,datafc_sofascore,2026-08-09T01:15:33.051884
35,77333,Christian Eriksen,105734,VfL Wolfsburg,2524,3,9,6.91,5.96,7.65,38,14,63,10,38,4,0,2419,31,bigChancesCreated,GER,2025-2026,datafc_sofascore,2026-08-09T01:15:33.051884
35,77333,Ritsu Doan,790965,Eintracht Frankfurt,2674,5,5,6.85,3.36,5.62,41,15,40,34,43,5,0,2379,31,bigChancesCreated,GER,2025-2026,datafc_sofascore,2026-08-09T01:15:33.051884
35,77333,Maximilian Arnold,147289,VfL Wolfsburg,2524,1,4,7.1,0.43,4.09,14,5,29,5,22,5,0,1860,25,bigChancesCreated,GER,2025-2026,datafc_sofascore,2026-08-09T01:15:33.051884
35,77333,Christopher Trimmel,48557,1. FC Union Berlin,2547,0,3,7.02,0.09,6.41,5,1,53,1,38,8,0,1875,29,bigChancesCreated,GER,2025-2026,datafc_sofascore,2026-08-09T01:15:33.051884
35,77333,Vincenzo Grifo,171961,SC Freiburg,2538,7,4,6.94,5.74,4.66,30,12,41,10,10,0,0,1720,33,bigChancesCreated,GER,2025-2026,datafc_sofascore,2026-08-09T01:15:33.051884
35,77333,Bazoumana Touré,1568123,TSG Hoffenheim,2569,5,9,6.91,4.16,5.75,48,13,46,48,34,2,0,2325,30,bigChancesCreated,GER,2025-2026,datafc_sofascore,2026-08-09T01:15:33.051884
35,77333,Farès Chaïbi,1192318,Eintracht Frankfurt,2674,2,9,6.83,2.83,3.9,35,9,40,11,31,2,0,1797,28,bigChancesCreated,GER,2025-2026,datafc_sofascore,2026-08-09T01:15:33.051884
35,77333,Arijon Ibrahimović,1142248,1. FC Heidenheim,5885,2,4,6.8,6.31,6.3,47,19,56,23,34,2,0,2181,32,bigChancesCreated,GER,2025-2026,datafc_sofascore,2026-08-09T01:15:33.051884
35,77333,Angelo Stiller,901882,VfB Stuttgart,2677,2,5,7.25,3.08,7.46,17,8,56,14,49,1,0,2750,34,bigChancesCreated,GER,2025-2026,datafc_sofascore,2026-08-09T01:15:33.051884
35,77333,Maximilian Mittelstädt,788949,VfB Stuttgart,2677,6,4,7.2,4.4,6.02,31,16,37,14,67,4,0,2195,32,bigChancesCreated,GER,2025-2026,datafc_sofascore,2026-08-09T01:15:33.051884
35,77333,Jakub Kamiński,801263,1. FC Köln,2671,7,3,7.1,7.06,6.41,63,26,52,24,45,4,0,3019,34,bigChancesCreated,GER,2025-2026,datafc_sofascore,2026-08-09T01:15:33.051884
35,77333,Jamie Leweling,990201,VfB Stuttgart,2677,7,9,7.03,4.31,5.22,49,18,41,31,22,4,0,2375,32,bigChancesCreated,GER,2025-2026,datafc_sofascore,2026-08-09T01:15:33.051884
35,77333,Franck Honorat,280453,Borussia M'gladbach,2527,2,6,6.87,0.91,6.75,17,5,45,17,22,0,0,1987,28,bigChancesCreated,GER,2025-2026,datafc_sofascore,2026-08-09T01:15:33.051884
35,77333,Ridle Baku,856553,RB Leipzig,36360,2,3,6.87,2.56,6.05,30,6,37,13,60,4,0,2509,32,bigChancesCreated,GER,2025-2026,datafc_sofascore,2026-08-09T01:15:33.051884
35,77333,Ibrahim Maza,1407524,Bayer 04 Leverkusen,2681,3,4,7.1,5.34,4.45,54,17,29,48,41,2,0,1859,28,bigChancesCreated,GER,2025-2026,datafc_sofascore,2026-08-09T01:15:33.051884
35,77333,Serge Gnabry,187433,FC Bayern München,2672,8,6,7.09,6.26,5.08,50,17,23,16,18,1,0,1228,21,bigChancesCreated,GER,2025-2026,datafc_sofascore,2026-08-09T01:15:33.051884
35,77333,Wouter Burger,916946,TSG Hoffenheim,2569,4,5,7.08,3.46,5.35,36,13,51,4,72,7,1,2440,30,bigChancesCreated,GER,2025-2026,datafc_sofascore,2026-08-09T01:15:33.051884
35,77333,Antonio Nusa,1121923,RB Leipzig,36360,4,3,7.07,4.41,5.16,61,20,33,68,26,0,0,2035,31,bigChancesCreated,GER,2025-2026,datafc_sofascore,2026-08-09T01:15:33.051884
35,77333,Fabian Rieder,929620,FC Augsburg,2600,6,3,6.89,4.19,4.59,38,13,44,19,37,4,0,2359,32,bigChancesCreated,GER,2025-2026,datafc_sofascore,2026-08-09T01:15:33.051884
35,77333,Maximilian Beier,980628,Borussia Dortmund,2673,9,6,6.8,7.35,4.97,50,20,26,18,26,3,0,2036,32,bigChancesCreated,GER,2025-2026,datafc_sofascore,2026-08-09T01:15:33.051884
35,77333,Paul Nebel,980621,1. FSV Mainz 05,2556,5,2,6.61,5.26,3.77,32,8,41,20,50,2,2,2081,30,bigChancesCreated,GER,2025-2026,datafc_sofascore,2026-08-09T01:15:33.051884
35,77333,Deniz Undav,794298,VfB Stuttgart,2677,19,6,7.19,16.4,4.03,122,46,41,9,18,5,0,2247,29,bigChancesCreated,GER,2025-2026,datafc_sofascore,2026-08-09T01:15:33.051884
35,77333,Julian Brandt,226978,Borussia Dortmund,2673,7,4,6.99,5.7,5.3,37,18,32,18,14,0,0,1627,29,bigChancesCreated,GER,2025-2026,datafc_sofascore,2026-08-09T01:15:33.051884
35,77333,Bilal El Khannouss,1126569,VfB Stuttgart,2677,4,5,6.98,3.17,5.74,42,15,45,18,28,6,0,1634,25,bigChancesCreated,GER,2025-2026,datafc_sofascore,2026-08-09T01:15:33.051884
35,77333,Said El Mala,1800475,1. FC Köln,2671,13,4,6.97,11.22,2.34,75,31,21,44,24,4,0,1957,34,bigChancesCreated,GER,2025-2026,datafc_sofascore,2026-08-09T01:15:33.051884
35,77333,Malik Tillman,975798,Bayer 04 Leverkusen,2681,6,0,6.93,4.62,2.91,34,13,26,11,38,2,0,1689,29,bigChancesCreated,GER,2025-2026,datafc_sofascore,2026-08-09T01:15:33.051884
35,77333,Dimitrios Giannoulis,354878,FC Augsburg,2600,2,5,6.92,1.17,4.05,10,6,34,19,27,8,0,1901,27,bigChancesCreated,GER,2025-2026,datafc_sofascore,2026-08-09T01:15:33.051884
35,77333,Marnon Busch,168861,1. FC Heidenheim,5885,1,5,6.79,1.11,3.52,12,3,17,3,36,4,0,1912,29,bigChancesCreated,GER,2025-2026,datafc_sofascore,2026-08-09T01:15:33.051884
35,77333,Fisnik Asllani,1010117,TSG Hoffenheim,2569,10,7,6.73,8.28,3.93,73,28,36,17,17,2,0,2354,33,bigChancesCreated,GER,2025-2026,datafc_sofascore,2026-08-09T01:15:33.051884
35,77333,Fábio Vieira,904835,Hamburger SV,2676,7,5,7.18,4.65,4.07,59,19,39,32,20,2,2,2215,29,bigChancesCreated,GER,2025-2026,datafc_sofascore,2026-08-09T01:15:33.051884
35,77333,Andrej Kramarić,67647,TSG Hoffenheim,2569,14,6,7.03,11.89,5.02,64,33,36,19,8,2,0,2222,34,bigChancesCreated,GER,2025-2026,datafc_sofascore,2026-08-09T01:15:33.051884
35,77333,Jean-Luc Dompé,789192,Hamburger SV,2676,3,0,7.03,2.08,4.02,25,12,33,21,5,0,0,1136,20,bigChancesCreated,GER,2025-2026,datafc_sofascore,2026-08-09T01:15:33.051884
35,77333,Sheraldo Becker,352544,1. FSV Mainz 05,2556,3,3,6.91,4.33,3.18,29,15,17,4,1,2,0,953,14,bigChancesCreated,GER,2025-2026,datafc_sofascore,2026-08-09T01:15:33.051884
35,77333,Rocco Reitz,1048650,Borussia M'gladbach,2527,0,4,6.86,2.57,4.92,47,14,28,24,68,8,1,2636,31,bigChancesCreated,GER,2025-2026,datafc_sofascore,2026-08-09T01:15:33.051884
35,77333,Marius Bülter,378340,1. FC Köln,2671,5,4,6.84,4.37,4.47,42,17,26,6,7,3,0,1606,32,bigChancesCreated,GER,2025-2026,datafc_sofascore,2026-08-09T01:15:33.051884
35,77333,Nathaniel Brown,1159759,Eintracht Frankfurt,2674,4,4,6.79,2.52,2.89,18,9,34,17,81,3,0,2658,33,bigChancesCreated,GER,2025-2026,datafc_sofascore,2026-08-09T01:15:33.051884
35,77333,Mohamed Amoura,1107591,VfL Wolfsburg,2524,8,3,6.74,8.6,2.51,60,19,25,16,38,2,0,1935,30,bigChancesCreated,GER,2025-2026,datafc_sofascore,2026-08-09T01:15:33.051884
35,77333,Jae-sung Lee,537552,1. FSV Mainz 05,2556,4,2,6.72,3.25,3.21,30,9,22,5,38,4,0,2198,28,bigChancesCreated,GER,2025-2026,datafc_sofascore,2026-08-09T01:15:33.051884
35,77333,Andrej Ilić,953767,1. FC Union Berlin,2547,5,9,6.7,11.26,2.17,72,26,30,7,4,5,0,2256,32,bigChancesCreated,GER,2025-2026,datafc_sofascore,2026-08-09T01:15:33.051884
35,77333,Fábio Silva,954076,Borussia Dortmund,2673,2,6,6.59,2.64,2.53,23,8,17,12,7,3,0,828,28,bigChancesCreated,GER,2025-2026,datafc_sofascore,2026-08-09T01:15:33.051884
35,77333,Johan Manzambi,1518931,SC Freiburg,2538,5,4,7.22,3.85,5.13,51,12,20,33,35,4,2,2094,27,bigChancesCreated,GER,2025-2026,datafc_sofascore,2026-08-09T01:15:33.051884
35,77333,Kaishu Sano,1028307,1. FSV Mainz 05,2556,1,2,7.02,1.36,3.4,24,6,25,28,52,1,0,3059,34,bigChancesCreated,GER,2025-2026,datafc_sofascore,2026-08-09T01:15:33.051884
35,77333,Jean-Mattéo Bahoya,1146148,Eintracht Frankfurt,2674,3,4,6.96,2.04,3.33,29,9,31,41,31,2,0,1335,27,bigChancesCreated,GER,2025-2026,datafc_sofascore,2026-08-09T01:15:33.051884
35,77333,Lucas Vázquez,255239,Bayer 04 Leverkusen,2681,1,2,6.94,0.5,2.26,4,1,11,1,6,2,0,499,12,bigChancesCreated,GER,2025-2026,datafc_sofascore,2026-08-09T01:15:33.051884
35,77333,Miro Muheim,798303,Hamburger SV,2676,0,4,6.93,1.19,4.25,23,7,41,21,62,7,1,2437,29,bigChancesCreated,GER,2025-2026,datafc_sofascore,2026-08-09T01:15:33.051884
35,77333,Christoph Baumgartner,825956,RB Leipzig,36360,13,8,6.93,15.1,3.94,81,35,37,13,54,10,0,2789,33,bigChancesCreated,GER,2025-2026,datafc_sofascore,2026-08-09T01:15:33.051884
35,77333,Nikolas Nartey,861981,VfB Stuttgart,2677,4,3,6.93,2.52,2.76,22,12,24,18,14,2,0,1262,28,bigChancesCreated,GER,2025-2026,datafc_sofascore,2026-08-09T01:15:33.051884
35,77333,Assan Ouédraogo,1418623,RB Leipzig,36360,4,3,6.89,2.39,1.86,27,13,14,14,8,0,0,974,19,bigChancesCreated,GER,2025-2026,datafc_sofascore,2026-08-09T01:15:33.051884
35,77333,Ragnar Ache,877544,1. FC Köln,2671,7,4,6.88,10.34,1.04,52,22,28,9,13,3,0,1725,29,bigChancesCreated,GER,2025-2026,datafc_sofascore,2026-08-09T01:15:33.051884
35,77333,Hennes Behrens,1864760,1. FC Heidenheim,5885,1,2,6.88,0.32,2.23,9,4,18,15,28,0,0,1319,16,bigChancesCreated,GER,2025-2026,datafc_sofascore,2026-08-09T01:15:33.051884
35,77333,Karim Adeyemi,940054,Borussia Dortmund,2673,7,4,6.86,4.87,3.16,31,14,16,27,5,5,0,1215,28,bigChancesCreated,GER,2025-2026,datafc_sofascore,2026-08-09T01:15:33.051884
35,77333,Daniel Svensson,1021272,Borussia Dortmund,2673,2,2,6.78,1.79,5.5,12,4,35,12,38,0,0,2452,33,bigChancesCreated,GER,2025-2026,datafc_sofascore,2026-08-09T01:15:33.051884
35,77333,Kevin Stöger,95381,Borussia M'gladbach,2527,1,1,6.77,2.46,2.88,23,7,26,3,37,3,0,1341,29,bigChancesCreated,GER,2025-2026,datafc_sofascore,2026-08-09T01:15:33.051884
35,77333,Linton Maina,921033,1. FC Köln,2671,2,0,6.72,1.35,2.12,20,8,17,9,9,0,0,1029,24,bigChancesCreated,GER,2025-2026,datafc_sofascore,2026-08-09T01:15:33.051884
35,77333,Adam Daghim,1180758,VfL Wolfsburg,2524,2,3,6.71,2.48,2.71,27,9,18,17,26,3,0,1381,27,bigChancesCreated,GER,2025-2026,datafc_sofascore,2026-08-09T01:15:33.051884
35,77333,Marius Wolf,254119,FC Augsburg,2600,1,1,6.67,1.08,1.83,14,5,21,7,19,4,0,1040,29,bigChancesCreated,GER,2025-2026,datafc_sofascore,2026-08-09T01:15:33.051884
35,77333,Arkadiusz Pyrka,971481,FC St. Pauli,2526,0,1,6.65,1.07,2.02,19,3,24,16,39,3,0,2580,31,bigChancesCreated,GER,2025-2026,datafc_sofascore,2026-08-09T01:15:33.051884
35,77333,Rômulo,1133743,RB Leipzig,36360,9,4,6.65,14.36,2.95,63,27,26,11,30,3,0,2204,30,bigChancesCreated,GER,2025-2026,datafc_sofascore,2026-08-09T01:15:33.051884
35,77333,Mario Götze,66518,Eintracht Frankfurt,2674,0,0,6.54,0.57,2.36,5,0,15,5,14,1,0,879,21,bigChancesCreated,GER,2025-2026,datafc_sofascore,2026-08-09T01:15:33.051884
35,77333,Brajan Gruda,1198075,RB Leipzig,36360,3,3,7.18,3.44,2.67,22,10,17,21,8,1,0,755,13,bigChancesCreated,GER,2025-2026,datafc_sofascore,2026-08-09T01:15:33.051884
35,77333,Nathan Tella,920379,Bayer 04 Leverkusen,2681,1,4,7.03,2.8,2.58,24,8,19,13,12,2,0,892,17,bigChancesCreated,GER,2025-2026,datafc_sofascore,2026-08-09T01:15:33.051884
35,77333,Matthias Ginter,142259,SC Freiburg,2538,3,4,6.98,2.3,2.92,19,7,15,3,22,3,0,2836,32,bigChancesCreated,GER,2025-2026,datafc_sofascore,2026-08-09T01:15:33.051884
35,77333,Patrik Schick,280609,Bayer 04 Leverkusen,2681,16,3,6.94,17.18,2.78,72,34,14,10,9,2,0,1995,28,bigChancesCreated,GER,2025-2026,datafc_sofascore,2026-08-09T01:15:33.051884
35,77333,Nicolai Remberg,1064305,Hamburger SV,2676,0,2,6.93,1.03,1.41,17,8,13,14,60,11,0,2880,32,bigChancesCreated,GER,2025-2026,datafc_sofascore,2026-08-09T01:15:33.051884
35,77333,Tom Bischof,1129935,FC Bayern München,2672,3,3,6.9,1.83,2.67,30,9,24,7,26,2,0,1320,26,bigChancesCreated,GER,2025-2026,datafc_sofascore,2026-08-09T01:15:33.051884
35,77333,Niklas Dorsch,794995,1. FC Heidenheim,5885,0,1,6.88,0.59,2.64,14,3,24,12,59,2,0,2270,32,bigChancesCreated,GER,2025-2026,datafc_sofascore,2026-08-09T01:15:33.051884
35,77333,Alexis Claude-Maurice,822877,FC Augsburg,2600,5,4,6.87,6.88,3.2,71,26,33,44,41,3,0,2107,29,bigChancesCreated,GER,2025-2026,datafc_sofascore,2026-08-09T01:15:33.051884
35,77333,Lennart Karl,1861975,FC Bayern München,2672,5,5,6.83,7.59,4.96,42,21,24,22,25,1,0,1282,26,bigChancesCreated,GER,2025-2026,datafc_sofascore,2026-08-09T01:15:33.051884
35,77333,Konrad Laimer,355492,FC Bayern München,2672,3,9,6.81,2.42,5.21,17,8,45,14,46,9,0,1997,29,bigChancesCreated,GER,2025-2026,datafc_sofascore,2026-08-09T01:15:33.051884
35,77333,Luca Waldschmidt,319861,1. FC Köln,2671,5,4,6.79,5.54,1.64,26,13,13,7,8,1,0,684,24,bigChancesCreated,GER,2025-2026,datafc_sofascore,2026-08-09T01:15:33.051884
35,77333,Jonas Hofmann,142390,Bayer 04 Leverkusen,2681,2,2,6.76,1.63,2.43,23,7,16,7,13,3,0,1015,23,bigChancesCreated,GER,2025-2026,datafc_sofascore,2026-08-09T01:15:33.051884
35,77333,Derrick Köhn,886737,1. FC Union Berlin,2547,1,2,6.72,2.15,3.78,28,5,26,11,34,5,1,1910,29,bigChancesCreated,GER,2025-2026,datafc_sofascore,2026-08-09T01:15:33.051884
35,77333,Danel Sinani,887500,FC St. Pauli,2526,5,3,6.72,5.06,4.78,51,18,47,12,25,4,0,2068,30,bigChancesCreated,GER,2025-2026,datafc_sofascore,2026-08-09T01:15:33.051884
35,77333,Joel Chima Fujita,1002461,FC St. Pauli,2526,1,3,6.71,1.15,3.92,31,7,30,47,68,6,0,2671,32,bigChancesCreated,GER,2025-2026,datafc_sofascore,2026-08-09T01:15:33.051884
35,77333,Cameron Puertas,916176,SV Werder Bremen,2534,1,2,6.66,1.82,2.38,37,8,27,15,60,6,0,1878,28,bigChancesCreated,GER,2025-2026,datafc_sofascore,2026-08-09T01:15:33.051884
35,77333,Mert Kömür,1390682,FC Augsburg,2600,2,4,6.64,3.42,2.1,43,16,23,17,15,1,0,1466,28,bigChancesCreated,GER,2025-2026,datafc_sofascore,2026-08-09T01:15:33.051884
35,77333,Jan Schöppner,933707,1. FC Heidenheim,5885,3,3,6.62,2.15,1.36,25,7,14,11,32,5,0,2260,31,bigChancesCreated,GER,2025-2026,datafc_sofascore,2026-08-09T01:15:33.051884
35,77333,William Mikelbrencis,1102528,Hamburger SV,2676,0,4,6.55,1.14,2.3,12,6,17,13,34,3,0,1404,26,bigChancesCreated,GER,2025-2026,datafc_sofascore,2026-08-09T01:15:33.051884
35,77333,Sebastian Sebulonsen,1020206,1. FC Köln,2671,0,0,6.42,1.55,3.07,31,5,21,18,44,5,0,2505,31,bigChancesCreated,GER,2025-2026,datafc_sofascore,2026-08-09T01:15:33.051884
35,77333,Edmond Tapsoba,883262,Bayer 04 Leverkusen,2681,5,3,7.2,2.5,1.42,29,10,11,8,31,7,0,2576,29,bigChancesCreated,GER,2025-2026,datafc_sofascore,2026-08-09T01:15:33.051884
35,77333,Can Uzun,1440948,Eintracht Frankfurt,2674,8,4,7.19,3.93,2.98,41,19,20,16,15,3,0,1172,21,bigChancesCreated,GER,2025-2026,datafc_sofascore,2026-08-09T01:15:33.051884
35,77333,Dayot Upamecano,798583,FC Bayern München,2672,1,1,7.16,1.03,1.62,8,2,11,4,44,4,0,1797,24,bigChancesCreated,GER,2025-2026,datafc_sofascore,2026-08-09T01:15:33.051884
35,77333,Albian Hajdari,1000269,TSG Hoffenheim,2569,1,2,6.98,1.73,1.62,19,4,10,2,58,10,0,2440,30,bigChancesCreated,GER,2025-2026,datafc_sofascore,2026-08-09T01:15:33.051884
35,77333,Jens Stage,830142,SV Werder Bremen,2534,10,2,6.98,6.08,3.21,56,21,26,13,41,5,0,2468,29,bigChancesCreated,GER,2025-2026,datafc_sofascore,2026-08-09T01:15:33.051884
35,77333,Ermedin Demirović,878081,VfB Stuttgart,2677,12,3,6.92,7.55,2.01,41,22,17,7,14,5,0,1506,25,bigChancesCreated,GER,2025-2026,datafc_sofascore,2026-08-09T01:15:33.051884
35,77333,Josip Stanišić,927407,FC Bayern München,2672,2,3,6.91,1.36,5.03,7,4,24,10,28,1,0,1855,26,bigChancesCreated,GER,2025-2026,datafc_sofascore,2026-08-09T01:15:33.051884
35,77333,Marcel Sabitzer,133908,Borussia Dortmund,2673,1,2,6.9,1.15,2.18,20,4,15,3,30,3,0,1822,26,bigChancesCreated,GER,2025-2026,datafc_sofascore,2026-08-09T01:15:33.051884
35,77333,Michael Olise,978838,FC Bayern München,2672,15,19,7.87,11.46,17.23,101,50,81,65,24,8,0,2317,32,bigChancesCreated,GER,2025-2026,datafc_sofascore,2026-08-09T01:15:33.051884
35,77333,David Raum,856076,RB Leipzig,36360,3,7,7.33,2.2,12.39,24,8,98,16,48,6,0,2556,30,bigChancesCreated,GER,2025-2026,datafc_sofascore,2026-08-09T01:15:33.051884
35,77333,Julian Ryerson,800951,Borussia Dortmund,2673,0,15,7.08,0.93,10.04,12,1,56,24,34,8,0,2272,31,bigChancesCreated,GER,2025-2026,datafc_sofascore,2026-08-09T01:15:33.051884
35,77333,Harry Kane,108579,FC Bayern München,2672,36,5,7.84,26.87,4.27,119,67,40,32,19,1,0,2382,31,bigChancesCreated,GER,2025-2026,datafc_sofascore,2026-08-09T01:15:33.051884
35,77333,Yan Diomande,2087085,RB Leipzig,36360,12,8,7.72,7.14,10.12,53,26,56,118,29,2,0,2476,33,bigChancesCreated,GER,2025-2026,datafc_sofascore,2026-08-09T01:15:33.051884
35,77333,Luis Díaz,883537,FC Bayern München,2672,15,14,7.26,15.1,7.74,88,37,67,61,21,5,1,2450,32,bigChancesCreated,GER,2025-2026,datafc_sofascore,2026-08-09T01:15:33.051884
35,77333,Romano Schmid,830127,SV Werder Bremen,2534,4,8,6.91,7.83,10.44,57,21,89,37,46,4,0,2988,34,bigChancesCreated,GER,2025-2026,datafc_sofascore,2026-08-09T01:15:33.051884
35,77333,Joshua Kimmich,259117,FC Bayern München,2672,2,8,7.71,2.65,10.24,28,10,58,11,32,4,0,2280,29,bigChancesCreated,GER,2025-2026,datafc_sofascore,2026-08-09T01:15:33.051884
35,77333,Nadiem Amiri,327755,1. FSV Mainz 05,2556,12,2,7.43,10.4,7.69,55,23,63,25,31,6,0,2090,26,bigChancesCreated,GER,2025-2026,datafc_sofascore,2026-08-09T01:15:33.051884
35,77333,Alejandro Grimaldo,177177,Bayer 04 Leverkusen,2681,8,8,7.31,6.65,10.13,60,21,70,25,49,5,0,2524,29,bigChancesCreated,GER,2025-2026,datafc_sofascore,2026-08-09T01:15:33.051884
35,77333,Vladimír Coufal,138024,TSG Hoffenheim,2569,1,8,7.12,0.88,8.99,25,6,59,31,60,4,0,3017,34,bigChancesCreated,GER,2025-2026,datafc_sofascore,2026-08-09T01:15:33.051884
35,77333,Aleix García,796047,Bayer 04 Leverkusen,2681,3,8,7.45,2.29,6.65,30,5,51,4,26,6,0,2676,33,bigChancesCreated,GER,2025-2026,datafc_sofascore,2026-08-09T01:15:33.051884
35,77333,Chris Führich,891510,VfB Stuttgart,2677,7,7,7.17,4.26,8.05,45,23,49,28,15,2,0,1723,33,bigChancesCreated,GER,2025-2026,datafc_sofascore,2026-08-09T01:15:33.051884
35,77333,Christian Eriksen,105734,VfL Wolfsburg,2524,3,9,6.91,5.96,7.65,38,14,63,10,38,4,0,2419,31,bigChancesCreated,GER,2025-2026,datafc_sofascore,2026-08-09T01:15:33.051884
35,77333,Ritsu Doan,790965,Eintracht Frankfurt,2674,5,5,6.85,3.36,5.62,41,15,40,34,43,5,0,2379,31,bigChancesCreated,GER,2025-2026,datafc_sofascore,2026-08-09T01:15:33.051884
35,77333,Maximilian Arnold,147289,VfL Wolfsburg,2524,1,4,7.1,0.43,4.09,14,5,29,5,22,5,0,1860,25,bigChancesCreated,GER,2025-2026,datafc_sofascore,2026-08-09T01:15:33.051884
35,77333,Christopher Trimmel,48557,1. FC Union Berlin,2547,0,3,7.02,0.09,6.41,5,1,53,1,38,8,0,1875,29,bigChancesCreated,GER,2025-2026,datafc_sofascore,2026-08-09T01:15:33.051884
35,77333,Vincenzo Grifo,171961,SC Freiburg,2538,7,4,6.94,5.74,4.66,30,12,41,10,10,0,0,1720,33,bigChancesCreated,GER,2025-2026,datafc_sofascore,2026-08-09T01:15:33.051884
35,77333,Bazoumana Touré,1568123,TSG Hoffenheim,2569,5,9,6.91,4.16,5.75,48,13,46,48,34,2,0,2325,30,bigChancesCreated,GER,2025-2026,datafc_sofascore,2026-08-09T01:15:33.051884
35,77333,Farès Chaïbi,1192318,Eintracht Frankfurt,2674,2,9,6.83,2.83,3.9,35,9,40,11,31,2,0,1797,28,bigChancesCreated,GER,2025-2026,datafc_sofascore,2026-08-09T01:15:33.051884
35,77333,Arijon Ibrahimović,1142248,1. FC Heidenheim,5885,2,4,6.8,6.31,6.3,47,19,56,23,34,2,0,2181,32,bigChancesCreated,GER,2025-2026,datafc_sofascore,2026-08-09T01:15:33.051884
35,77333,Angelo Stiller,901882,VfB Stuttgart,2677,2,5,7.25,3.08,7.46,17,8,56,14,49,1,0,2750,34,bigChancesCreated,GER,2025-2026,datafc_sofascore,2026-08-09T01:15:33.051884
35,77333,Maximilian Mittelstädt,788949,VfB Stuttgart,2677,6,4,7.2,4.4,6.02,31,16,37,14,67,4,0,2195,32,bigChancesCreated,GER,2025-2026,datafc_sofascore,2026-08-09T01:15:33.051884
35,77333,Jakub Kamiński,801263,1. FC Köln,2671,7,3,7.1,7.06,6.41,63,26,52,24,45,4,0,3019,34,bigChancesCreated,GER,2025-2026,datafc_sofascore,2026-08-09T01:15:33.051884
35,77333,Jamie Leweling,990201,VfB Stuttgart,2677,7,9,7.03,4.31,5.22,49,18,41,31,22,4,0,2375,32,bigChancesCreated,GER,2025-2026,datafc_sofascore,2026-08-09T01:15:33.051884
35,77333,Franck Honorat,280453,Borussia M'gladbach,2527,2,6,6.87,0.91,6.75,17,5,45,17,22,0,0,1987,28,bigChancesCreated,GER,2025-2026,datafc_sofascore,2026-08-09T01:15:33.051884
35,77333,Ridle Baku,856553,RB Leipzig,36360,2,3,6.87,2.56,6.05,30,6,37,13,60,4,0,2509,32,bigChancesCreated,GER,2025-2026,datafc_sofascore,2026-08-09T01:15:33.051884
35,77333,Ibrahim Maza,1407524,Bayer 04 Leverkusen,2681,3,4,7.1,5.34,4.45,54,17,29,48,41,2,0,1859,28,bigChancesCreated,GER,2025-2026,datafc_sofascore,2026-08-09T01:15:33.051884
35,77333,Serge Gnabry,187433,FC Bayern München,2672,8,6,7.09,6.26,5.08,50,17,23,16,18,1,0,1228,21,bigChancesCreated,GER,2025-2026,datafc_sofascore,2026-08-09T01:15:33.051884
35,77333,Wouter Burger,916946,TSG Hoffenheim,2569,4,5,7.08,3.46,5.35,36,13,51,4,72,7,1,2440,30,bigChancesCreated,GER,2025-2026,datafc_sofascore,2026-08-09T01:15:33.051884
35,77333,Antonio Nusa,1121923,RB Leipzig,36360,4,3,7.07,4.41,5.16,61,20,33,68,26,0,0,2035,31,bigChancesCreated,GER,2025-2026,datafc_sofascore,2026-08-09T01:15:33.051884
35,77333,Fabian Rieder,929620,FC Augsburg,2600,6,3,6.89,4.19,4.59,38,13,44,19,37,4,0,2359,32,bigChancesCreated,GER,2025-2026,datafc_sofascore,2026-08-09T01:15:33.051884
35,77333,Maximilian Beier,980628,Borussia Dortmund,2673,9,6,6.8,7.35,4.97,50,20,26,18,26,3,0,2036,32,bigChancesCreated,GER,2025-2026,datafc_sofascore,2026-08-09T01:15:33.051884
35,77333,Paul Nebel,980621,1. FSV Mainz 05,2556,5,2,6.61,5.26,3.77,32,8,41,20,50,2,2,2081,30,bigChancesCreated,GER,2025-2026,datafc_sofascore,2026-08-09T01:15:33.051884
35,77333,Deniz Undav,794298,VfB Stuttgart,2677,19,6,7.19,16.4,4.03,122,46,41,9,18,5,0,2247,29,bigChancesCreated,GER,2025-2026,datafc_sofascore,2026-08-09T01:15:33.051884
35,77333,Julian Brandt,226978,Borussia Dortmund,2673,7,4,6.99,5.7,5.3,37,18,32,18,14,0,0,1627,29,bigChancesCreated,GER,2025-2026,datafc_sofascore,2026-08-09T01:15:33.051884
35,77333,Bilal El Khannouss,1126569,VfB Stuttgart,2677,4,5,6.98,3.17,5.74,42,15,45,18,28,6,0,1634,25,bigChancesCreated,GER,2025-2026,datafc_sofascore,2026-08-09T01:15:33.051884
35,77333,Said El Mala,1800475,1. FC Köln,2671,13,4,6.97,11.22,2.34,75,31,21,44,24,4,0,1957,34,bigChancesCreated,GER,2025-2026,datafc_sofascore,2026-08-09T01:15:33.051884
35,77333,Malik Tillman,975798,Bayer 04 Leverkusen,2681,6,0,6.93,4.62,2.91,34,13,26,11,38,2,0,1689,29,bigChancesCreated,GER,2025-2026,datafc_sofascore,2026-08-09T01:15:33.051884
35,77333,Dimitrios Giannoulis,354878,FC Augsburg,2600,2,5,6.92,1.17,4.05,10,6,34,19,27,8,0,1901,27,bigChancesCreated,GER,2025-2026,datafc_sofascore,2026-08-09T01:15:33.051884
35,77333,Marnon Busch,168861,1. FC Heidenheim,5885,1,5,6.79,1.11,3.52,12,3,17,3,36,4,0,1912,29,bigChancesCreated,GER,2025-2026,datafc_sofascore,2026-08-09T01:15:33.051884
35,77333,Fisnik Asllani,1010117,TSG Hoffenheim,2569,10,7,6.73,8.28,3.93,73,28,36,17,17,2,0,2354,33,bigChancesCreated,GER,2025-2026,datafc_sofascore,2026-08-09T01:15:33.051884
35,77333,Fábio Vieira,904835,Hamburger SV,2676,7,5,7.18,4.65,4.07,59,19,39,32,20,2,2,2215,29,bigChancesCreated,GER,2025-2026,datafc_sofascore,2026-08-09T01:15:33.051884
35,77333,Andrej Kramarić,67647,TSG Hoffenheim,2569,14,6,7.03,11.89,5.02,64,33,36,19,8,2,0,2222,34,bigChancesCreated,GER,2025-2026,datafc_sofascore,2026-08-09T01:15:33.051884
35,77333,Jean-Luc Dompé,789192,Hamburger SV,2676,3,0,7.03,2.08,4.02,25,12,33,21,5,0,0,1136,20,bigChancesCreated,GER,2025-2026,datafc_sofascore,2026-08-09T01:15:33.051884
35,77333,Sheraldo Becker,352544,1. FSV Mainz 05,2556,3,3,6.91,4.33,3.18,29,15,17,4,1,2,0,953,14,bigChancesCreated,GER,2025-2026,datafc_sofascore,2026-08-09T01:15:33.051884
35,77333,Rocco Reitz,1048650,Borussia M'gladbach,2527,0,4,6.86,2.57,4.92,47,14,28,24,68,8,1,2636,31,bigChancesCreated,GER,2025-2026,datafc_sofascore,2026-08-09T01:15:33.051884
35,77333,Marius Bülter,378340,1. FC Köln,2671,5,4,6.84,4.37,4.47,42,17,26,6,7,3,0,1606,32,bigChancesCreated,GER,2025-2026,datafc_sofascore,2026-08-09T01:15:33.051884
35,77333,Nathaniel Brown,1159759,Eintracht Frankfurt,2674,4,4,6.79,2.52,2.89,18,9,34,17,81,3,0,2658,33,bigChancesCreated,GER,2025-2026,datafc_sofascore,2026-08-09T01:15:33.051884
35,77333,Mohamed Amoura,1107591,VfL Wolfsburg,2524,8,3,6.74,8.6,2.51,60,19,25,16,38,2,0,1935,30,bigChancesCreated,GER,2025-2026,datafc_sofascore,2026-08-09T01:15:33.051884
35,77333,Jae-sung Lee,537552,1. FSV Mainz 05,2556,4,2,6.72,3.25,3.21,30,9,22,5,38,4,0,2198,28,bigChancesCreated,GER,2025-2026,datafc_sofascore,2026-08-09T01:15:33.051884
35,77333,Andrej Ilić,953767,1. FC Union Berlin,2547,5,9,6.7,11.26,2.17,72,26,30,7,4,5,0,2256,32,bigChancesCreated,GER,2025-2026,datafc_sofascore,2026-08-09T01:15:33.051884
35,77333,Fábio Silva,954076,Borussia Dortmund,2673,2,6,6.59,2.64,2.53,23,8,17,12,7,3,0,828,28,bigChancesCreated,GER,2025-2026,datafc_sofascore,2026-08-09T01:15:33.051884
35,77333,Johan Manzambi,1518931,SC Freiburg,2538,5,4,7.22,3.85,5.13,51,12,20,33,35,4,2,2094,27,bigChancesCreated,GER,2025-2026,datafc_sofascore,2026-08-09T01:15:33.051884
35,77333,Kaishu Sano,1028307,1. FSV Mainz 05,2556,1,2,7.02,1.36,3.4,24,6,25,28,52,1,0,3059,34,bigChancesCreated,GER,2025-2026,datafc_sofascore,2026-08-09T01:15:33.051884
35,77333,Jean-Mattéo Bahoya,1146148,Eintracht Frankfurt,2674,3,4,6.96,2.04,3.33,29,9,31,41,31,2,0,1335,27,bigChancesCreated,GER,2025-2026,datafc_sofascore,2026-08-09T01:15:33.051884
35,77333,Lucas Vázquez,255239,Bayer 04 Leverkusen,2681,1,2,6.94,0.5,2.26,4,1,11,1,6,2,0,499,12,bigChancesCreated,GER,2025-2026,datafc_sofascore,2026-08-09T01:15:33.051884
35,77333,Miro Muheim,798303,Hamburger SV,2676,0,4,6.93,1.19,4.25,23,7,41,21,62,7,1,2437,29,bigChancesCreated,GER,2025-2026,datafc_sofascore,2026-08-09T01:15:33.051884
35,77333,Christoph Baumgartner,825956,RB Leipzig,36360,13,8,6.93,15.1,3.94,81,35,37,13,54,10,0,2789,33,bigChancesCreated,GER,2025-2026,datafc_sofascore,2026-08-09T01:15:33.051884
35,77333,Nikolas Nartey,861981,VfB Stuttgart,2677,4,3,6.93,2.52,2.76,22,12,24,18,14,2,0,1262,28,bigChancesCreated,GER,2025-2026,datafc_sofascore,2026-08-09T01:15:33.051884
35,77333,Assan Ouédraogo,1418623,RB Leipzig,36360,4,3,6.89,2.39,1.86,27,13,14,14,8,0,0,974,19,bigChancesCreated,GER,2025-2026,datafc_sofascore,2026-08-09T01:15:33.051884
35,77333,Ragnar Ache,877544,1. FC Köln,2671,7,4,6.88,10.34,1.04,52,22,28,9,13,3,0,1725,29,bigChancesCreated,GER,2025-2026,datafc_sofascore,2026-08-09T01:15:33.051884
35,77333,Hennes Behrens,1864760,1. FC Heidenheim,5885,1,2,6.88,0.32,2.23,9,4,18,15,28,0,0,1319,16,bigChancesCreated,GER,2025-2026,datafc_sofascore,2026-08-09T01:15:33.051884
35,77333,Karim Adeyemi,940054,Borussia Dortmund,2673,7,4,6.86,4.87,3.16,31,14,16,27,5,5,0,1215,28,bigChancesCreated,GER,2025-2026,datafc_sofascore,2026-08-09T01:15:33.051884
35,77333,Daniel Svensson,1021272,Borussia Dortmund,2673,2,2,6.78,1.79,5.5,12,4,35,12,38,0,0,2452,33,bigChancesCreated,GER,2025-2026,datafc_sofascore,2026-08-09T01:15:33.051884
35,77333,Kevin Stöger,95381,Borussia M'gladbach,2527,1,1,6.77,2.46,2.88,23,7,26,3,37,3,0,1341,29,bigChancesCreated,GER,2025-2026,datafc_sofascore,2026-08-09T01:15:33.051884
35,77333,Linton Maina,921033,1. FC Köln,2671,2,0,6.72,1.35,2.12,20,8,17,9,9,0,0,1029,24,bigChancesCreated,GER,2025-2026,datafc_sofascore,2026-08-09T01:15:33.051884
35,77333,Adam Daghim,1180758,VfL Wolfsburg,2524,2,3,6.71,2.48,2.71,27,9,18,17,26,3,0,1381,27,bigChancesCreated,GER,2025-2026,datafc_sofascore,2026-08-09T01:15:33.051884
35,77333,Marius Wolf,254119,FC Augsburg,2600,1,1,6.67,1.08,1.83,14,5,21,7,19,4,0,1040,29,bigChancesCreated,GER,2025-2026,datafc_sofascore,2026-08-09T01:15:33.051884
35,77333,Arkadiusz Pyrka,971481,FC St. Pauli,2526,0,1,6.65,1.07,2.02,19,3,24,16,39,3,0,2580,31,bigChancesCreated,GER,2025-2026,datafc_sofascore,2026-08-09T01:15:33.051884
35,77333,Rômulo,1133743,RB Leipzig,36360,9,4,6.65,14.36,2.95,63,27,26,11,30,3,0,2204,30,bigChancesCreated,GER,2025-2026,datafc_sofascore,2026-08-09T01:15:33.051884
35,77333,Mario Götze,66518,Eintracht Frankfurt,2674,0,0,6.54,0.57,2.36,5,0,15,5,14,1,0,879,21,bigChancesCreated,GER,2025-2026,datafc_sofascore,2026-08-09T01:15:33.051884
35,77333,Brajan Gruda,1198075,RB Leipzig,36360,3,3,7.18,3.44,2.67,22,10,17,21,8,1,0,755,13,bigChancesCreated,GER,2025-2026,datafc_sofascore,2026-08-09T01:15:33.051884
35,77333,Nathan Tella,920379,Bayer 04 Leverkusen,2681,1,4,7.03,2.8,2.58,24,8,19,13,12,2,0,892,17,bigChancesCreated,GER,2025-2026,datafc_sofascore,2026-08-09T01:15:33.051884
35,77333,Matthias Ginter,142259,SC Freiburg,2538,3,4,6.98,2.3,2.92,19,7,15,3,22,3,0,2836,32,bigChancesCreated,GER,2025-2026,datafc_sofascore,2026-08-09T01:15:33.051884
35,77333,Patrik Schick,280609,Bayer 04 Leverkusen,2681,16,3,6.94,17.18,2.78,72,34,14,10,9,2,0,1995,28,bigChancesCreated,GER,2025-2026,datafc_sofascore,2026-08-09T01:15:33.051884
35,77333,Nicolai Remberg,1064305,Hamburger SV,2676,0,2,6.93,1.03,1.41,17,8,13,14,60,11,0,2880,32,bigChancesCreated,GER,2025-2026,datafc_sofascore,2026-08-09T01:15:33.051884
35,77333,Tom Bischof,1129935,FC Bayern München,2672,3,3,6.9,1.83,2.67,30,9,24,7,26,2,0,1320,26,bigChancesCreated,GER,2025-2026,datafc_sofascore,2026-08-09T01:15:33.051884
35,77333,Niklas Dorsch,794995,1. FC Heidenheim,5885,0,1,6.88,0.59,2.64,14,3,24,12,59,2,0,2270,32,bigChancesCreated,GER,2025-2026,datafc_sofascore,2026-08-09T01:15:33.051884
35,77333,Alexis Claude-Maurice,822877,FC Augsburg,2600,5,4,6.87,6.88,3.2,71,26,33,44,41,3,0,2107,29,bigChancesCreated,GER,2025-2026,datafc_sofascore,2026-08-09T01:15:33.051884
35,77333,Lennart Karl,1861975,FC Bayern München,2672,5,5,6.83,7.59,4.96,42,21,24,22,25,1,0,1282,26,bigChancesCreated,GER,2025-2026,datafc_sofascore,2026-08-09T01:15:33.051884
35,77333,Konrad Laimer,355492,FC Bayern München,2672,3,9,6.81,2.42,5.21,17,8,45,14,46,9,0,1997,29,bigChancesCreated,GER,2025-2026,datafc_sofascore,2026-08-09T01:15:33.051884
35,77333,Luca Waldschmidt,319861,1. FC Köln,2671,5,4,6.79,5.54,1.64,26,13,13,7,8,1,0,684,24,bigChancesCreated,GER,2025-2026,datafc_sofascore,2026-08-09T01:15:33.051884
35,77333,Jonas Hofmann,142390,Bayer 04 Leverkusen,2681,2,2,6.76,1.63,2.43,23,7,16,7,13,3,0,1015,23,bigChancesCreated,GER,2025-2026,datafc_sofascore,2026-08-09T01:15:33.051884
35,77333,Derrick Köhn,886737,1. FC Union Berlin,2547,1,2,6.72,2.15,3.78,28,5,26,11,34,5,1,1910,29,bigChancesCreated,GER,2025-2026,datafc_sofascore,2026-08-09T01:15:33.051884
35,77333,Danel Sinani,887500,FC St. Pauli,2526,5,3,6.72,5.06,4.78,51,18,47,12,25,4,0,2068,30,bigChancesCreated,GER,2025-2026,datafc_sofascore,2026-08-09T01:15:33.051884
35,77333,Joel Chima Fujita,1002461,FC St. Pauli,2526,1,3,6.71,1.15,3.92,31,7,30,47,68,6,0,2671,32,bigChancesCreated,GER,2025-2026,datafc_sofascore,2026-08-09T01:15:33.051884
35,77333,Cameron Puertas,916176,SV Werder Bremen,2534,1,2,6.66,1.82,2.38,37,8,27,15,60,6,0,1878,28,bigChancesCreated,GER,2025-2026,datafc_sofascore,2026-08-09T01:15:33.051884
35,77333,Mert Kömür,1390682,FC Augsburg,2600,2,4,6.64,3.42,2.1,43,16,23,17,15,1,0,1466,28,bigChancesCreated,GER,2025-2026,datafc_sofascore,2026-08-09T01:15:33.051884
35,77333,Jan Schöppner,933707,1. FC Heidenheim,5885,3,3,6.62,2.15,1.36,25,7,14,11,32,5,0,2260,31,bigChancesCreated,GER,2025-2026,datafc_sofascore,2026-08-09T01:15:33.051884
35,77333,William Mikelbrencis,1102528,Hamburger SV,2676,0,4,6.55,1.14,2.3,12,6,17,13,34,3,0,1404,26,bigChancesCreated,GER,2025-2026,datafc_sofascore,2026-08-09T01:15:33.051884
35,77333,Sebastian Sebulonsen,1020206,1. FC Köln,2671,0,0,6.42,1.55,3.07,31,5,21,18,44,5,0,2505,31,bigChancesCreated,GER,2025-2026,datafc_sofascore,2026-08-09T01:15:33.051884
35,77333,Edmond Tapsoba,883262,Bayer 04 Leverkusen,2681,5,3,7.2,2.5,1.42,29,10,11,8,31,7,0,2576,29,bigChancesCreated,GER,2025-2026,datafc_sofascore,2026-08-09T01:15:33.051884
35,77333,Can Uzun,1440948,Eintracht Frankfurt,2674,8,4,7.19,3.93,2.98,41,19,20,16,15,3,0,1172,21,bigChancesCreated,GER,2025-2026,datafc_sofascore,2026-08-09T01:15:33.051884
35,77333,Dayot Upamecano,798583,FC Bayern München,2672,1,1,7.16,1.03,1.62,8,2,11,4,44,4,0,1797,24,bigChancesCreated,GER,2025-2026,datafc_sofascore,2026-08-09T01:15:33.051884
35,77333,Albian Hajdari,1000269,TSG Hoffenheim,2569,1,2,6.98,1.73,1.62,19,4,10,2,58,10,0,2440,30,bigChancesCreated,GER,2025-2026,datafc_sofascore,2026-08-09T01:15:33.051884
35,77333,Jens Stage,830142,SV Werder Bremen,2534,10,2,6.98,6.08,3.21,56,21,26,13,41,5,0,2468,29,bigChancesCreated,GER,2025-2026,datafc_sofascore,2026-08-09T01:15:33.051884
35,77333,Ermedin Demirović,878081,VfB Stuttgart,2677,12,3,6.92,7.55,2.01,41,22,17,7,14,5,0,1506,25,bigChancesCreated,GER,2025-2026,datafc_sofascore,2026-08-09T01:15:33.051884
35,77333,Josip Stanišić,927407,FC Bayern München,2672,2,3,6.91,1.36,5.03,7,4,24,10,28,1,0,1855,26,bigChancesCreated,GER,2025-2026,datafc_sofascore,2026-08-09T01:15:33.051884
35,77333,Marcel Sabitzer,133908,Borussia Dortmund,2673,1,2,6.9,1.15,2.18,20,4,15,3,30,3,0,1822,26,bigChancesCreated,GER,2025-2026,datafc_sofascore,2026-08-09T01:15:33.051884
35,77333,Rômulo,1133743,RB Leipzig,36360,9,4,6.65,14.36,2.95,63,27,26,11,30,3,0,2204,30,bigChancesMissed,GER,2025-2026,datafc_sofascore,2026-08-09T01:15:33.051884
35,77333,Christoph Baumgartner,825956,RB Leipzig,36360,13,8,6.93,15.1,3.94,81,35,37,13,54,10,0,2789,33,bigChancesMissed,GER,2025-2026,datafc_sofascore,2026-08-09T01:15:33.051884
35,77333,Serhou Guirassy,328027,Borussia Dortmund,2673,17,1,6.83,17.56,3.5,84,40,20,12,2,3,0,2348,33,bigChancesMissed,GER,2025-2026,datafc_sofascore,2026-08-09T01:15:33.051884
35,77333,Deniz Undav,794298,VfB Stuttgart,2677,19,6,7.19,16.4,4.03,122,46,41,9,18,5,0,2247,29,bigChancesMissed,GER,2025-2026,datafc_sofascore,2026-08-09T01:15:33.051884
35,77333,Phillip Tietz,822340,1. FSV Mainz 05,2556,6,3,6.45,8.87,1.87,52,24,22,12,8,4,0,1807,29,bigChancesMissed,GER,2025-2026,datafc_sofascore,2026-08-09T01:15:33.051884
35,77333,Harry Kane,108579,FC Bayern München,2672,36,5,7.84,26.87,4.27,119,67,40,32,19,1,0,2382,31,bigChancesMissed,GER,2025-2026,datafc_sofascore,2026-08-09T01:15:33.051884
35,77333,Patrik Schick,280609,Bayer 04 Leverkusen,2681,16,3,6.94,17.18,2.78,72,34,14,10,9,2,0,1995,28,bigChancesMissed,GER,2025-2026,datafc_sofascore,2026-08-09T01:15:33.051884
35,77333,Said El Mala,1800475,1. FC Köln,2671,13,4,6.97,11.22,2.34,75,31,21,44,24,4,0,1957,34,bigChancesMissed,GER,2025-2026,datafc_sofascore,2026-08-09T01:15:33.051884
35,77333,Michael Olise,978838,FC Bayern München,2672,15,19,7.87,11.46,17.23,101,50,81,65,24,8,0,2317,32,bigChancesMissed,GER,2025-2026,datafc_sofascore,2026-08-09T01:15:33.051884
35,77333,Luis Díaz,883537,FC Bayern München,2672,15,14,7.26,15.1,7.74,88,37,67,61,21,5,1,2450,32,bigChancesMissed,GER,2025-2026,datafc_sofascore,2026-08-09T01:15:33.051884
35,77333,Andrej Ilić,953767,1. FC Union Berlin,2547,5,9,6.7,11.26,2.17,72,26,30,7,4,5,0,2256,32,bigChancesMissed,GER,2025-2026,datafc_sofascore,2026-08-09T01:15:33.051884
35,77333,Ragnar Ache,877544,1. FC Köln,2671,7,4,6.88,10.34,1.04,52,22,28,9,13,3,0,1725,29,bigChancesMissed,GER,2025-2026,datafc_sofascore,2026-08-09T01:15:33.051884
35,77333,Mohamed Amoura,1107591,VfL Wolfsburg,2524,8,3,6.74,8.6,2.51,60,19,25,16,38,2,0,1935,30,bigChancesMissed,GER,2025-2026,datafc_sofascore,2026-08-09T01:15:33.051884
35,77333,Christian Kofane,2029648,Bayer 04 Leverkusen,2681,5,4,6.71,6.8,1.11,46,19,17,7,13,3,0,1269,29,bigChancesMissed,GER,2025-2026,datafc_sofascore,2026-08-09T01:15:33.051884
35,77333,Ransford Yeboah Königsdörffer,1012235,Hamburger SV,2676,5,0,6.62,7.69,1.68,65,22,20,15,6,2,0,2360,33,bigChancesMissed,GER,2025-2026,datafc_sofascore,2026-08-09T01:15:33.051884
35,77333,Stefan Schimmer,842922,1. FC Heidenheim,5885,5,1,6.62,5.37,0.63,31,11,12,1,11,1,0,812,27,bigChancesMissed,GER,2025-2026,datafc_sofascore,2026-08-09T01:15:33.051884
35,77333,Ermedin Demirović,878081,VfB Stuttgart,2677,12,3,6.92,7.55,2.01,41,22,17,7,14,5,0,1506,25,bigChancesMissed,GER,2025-2026,datafc_sofascore,2026-08-09T01:15:33.051884
35,77333,Lennart Karl,1861975,FC Bayern München,2672,5,5,6.83,7.59,4.96,42,21,24,22,25,1,0,1282,26,bigChancesMissed,GER,2025-2026,datafc_sofascore,2026-08-09T01:15:33.051884
35,77333,Maximilian Beier,980628,Borussia Dortmund,2673,9,6,6.8,7.35,4.97,50,20,26,18,26,3,0,2036,32,bigChancesMissed,GER,2025-2026,datafc_sofascore,2026-08-09T01:15:33.051884
35,77333,Nicolas Jackson,1085381,FC Bayern München,2672,8,1,6.75,7.26,1.58,38,21,18,11,8,2,1,1037,23,bigChancesMissed,GER,2025-2026,datafc_sofascore,2026-08-09T01:15:33.051884
35,77333,Haris Tabaković,259803,Borussia M'gladbach,2527,13,2,6.71,13.0,0.86,67,27,16,6,10,5,0,2394,32,bigChancesMissed,GER,2025-2026,datafc_sofascore,2026-08-09T01:15:33.051884
35,77333,Tim Lemperle,1014290,TSG Hoffenheim,2569,8,2,6.55,8.4,2.36,53,21,27,15,21,1,1,1959,29,bigChancesMissed,GER,2025-2026,datafc_sofascore,2026-08-09T01:15:33.051884
35,77333,Ibrahim Maza,1407524,Bayer 04 Leverkusen,2681,3,4,7.1,5.34,4.45,54,17,29,48,41,2,0,1859,28,bigChancesMissed,GER,2025-2026,datafc_sofascore,2026-08-09T01:15:33.051884
35,77333,Andrej Kramarić,67647,TSG Hoffenheim,2569,14,6,7.03,11.89,5.02,64,33,36,19,8,2,0,2222,34,bigChancesMissed,GER,2025-2026,datafc_sofascore,2026-08-09T01:15:33.051884
35,77333,Jonathan Burkardt,939830,Eintracht Frankfurt,2674,13,1,6.94,12.0,0.81,41,21,9,6,8,1,0,1340,22,bigChancesMissed,GER,2025-2026,datafc_sofascore,2026-08-09T01:15:33.051884
35,77333,Fisnik Asllani,1010117,TSG Hoffenheim,2569,10,7,6.73,8.28,3.93,73,28,36,17,17,2,0,2354,33,bigChancesMissed,GER,2025-2026,datafc_sofascore,2026-08-09T01:15:33.051884
35,77333,Conrad Harder,1494826,RB Leipzig,36360,3,3,6.6,4.08,1.86,42,13,14,5,10,3,0,919,29,bigChancesMissed,GER,2025-2026,datafc_sofascore,2026-08-09T01:15:33.051884
35,77333,Jakub Kamiński,801263,1. FC Köln,2671,7,3,7.1,7.06,6.41,63,26,52,24,45,4,0,3019,34,bigChancesMissed,GER,2025-2026,datafc_sofascore,2026-08-09T01:15:33.051884
35,77333,Romano Schmid,830127,SV Werder Bremen,2534,4,8,6.91,7.83,10.44,57,21,89,37,46,4,0,2988,34,bigChancesMissed,GER,2025-2026,datafc_sofascore,2026-08-09T01:15:33.051884
35,77333,Arijon Ibrahimović,1142248,1. FC Heidenheim,5885,2,4,6.8,6.31,6.3,47,19,56,23,34,2,0,2181,32,bigChancesMissed,GER,2025-2026,datafc_sofascore,2026-08-09T01:15:33.051884
35,77333,Arnaud Kalimuendo,954061,Eintracht Frankfurt,2674,6,1,6.79,4.04,1.17,30,16,22,21,11,4,0,1420,19,bigChancesMissed,GER,2025-2026,datafc_sofascore,2026-08-09T01:15:33.051884
35,77333,Marvin Pieringer,909485,1. FC Heidenheim,5885,4,1,6.71,5.84,1.46,32,8,16,16,20,2,0,1653,27,bigChancesMissed,GER,2025-2026,datafc_sofascore,2026-08-09T01:15:33.051884
35,77333,Jens Castrop,1019312,Borussia M'gladbach,2527,3,1,6.69,3.73,1.69,30,12,19,25,58,2,2,1599,26,bigChancesMissed,GER,2025-2026,datafc_sofascore,2026-08-09T01:15:33.051884
35,77333,Lucas Höler,280009,SC Freiburg,2538,3,1,6.67,4.5,1.93,34,15,24,10,25,4,0,2065,33,bigChancesMissed,GER,2025-2026,datafc_sofascore,2026-08-09T01:15:33.051884
35,77333,Mathias Pereira Lage,831400,FC St. Pauli,2526,2,2,6.57,4.33,1.47,43,15,24,15,38,3,0,2030,28,bigChancesMissed,GER,2025-2026,datafc_sofascore,2026-08-09T01:15:33.051884
35,77333,Andreas Hountondji,1112796,FC St. Pauli,2526,4,0,6.42,4.27,0.53,21,13,6,9,7,2,0,1084,21,bigChancesMissed,GER,2025-2026,datafc_sofascore,2026-08-09T01:15:33.051884
35,77333,Yan Diomande,2087085,RB Leipzig,36360,12,8,7.72,7.14,10.12,53,26,56,118,29,2,0,2476,33,bigChancesMissed,GER,2025-2026,datafc_sofascore,2026-08-09T01:15:33.051884
35,77333,Leon Goretzka,184661,FC Bayern München,2672,5,3,7.13,4.8,3.81,35,11,22,11,29,4,0,1954,31,bigChancesMissed,GER,2025-2026,datafc_sofascore,2026-08-09T01:15:33.051884
35,77333,Serge Gnabry,187433,FC Bayern München,2672,8,6,7.09,6.26,5.08,50,17,23,16,18,1,0,1228,21,bigChancesMissed,GER,2025-2026,datafc_sofascore,2026-08-09T01:15:33.051884
35,77333,Sheraldo Becker,352544,1. FSV Mainz 05,2556,3,3,6.91,4.33,3.18,29,15,17,4,1,2,0,953,14,bigChancesMissed,GER,2025-2026,datafc_sofascore,2026-08-09T01:15:33.051884
35,77333,Ozan Kabak,857740,TSG Hoffenheim,2569,4,0,6.88,4.33,0.84,36,12,8,6,20,5,0,1763,25,bigChancesMissed,GER,2025-2026,datafc_sofascore,2026-08-09T01:15:33.051884
35,77333,Ridle Baku,856553,RB Leipzig,36360,2,3,6.87,2.56,6.05,30,6,37,13,60,4,0,2509,32,bigChancesMissed,GER,2025-2026,datafc_sofascore,2026-08-09T01:15:33.051884
35,77333,Michael Gregoritsch,111483,FC Augsburg,2600,6,2,6.76,5.27,0.74,29,10,7,2,5,2,0,927,17,bigChancesMissed,GER,2025-2026,datafc_sofascore,2026-08-09T01:15:33.051884
35,77333,Oliver Burke,608362,1. FC Union Berlin,2547,6,2,6.75,5.18,1.96,33,15,22,11,12,4,0,1691,29,bigChancesMissed,GER,2025-2026,datafc_sofascore,2026-08-09T01:15:33.051884
35,77333,Justin Njinmah,1005343,SV Werder Bremen,2534,5,0,6.68,6.71,1.09,62,23,16,21,23,2,0,1955,33,bigChancesMissed,GER,2025-2026,datafc_sofascore,2026-08-09T01:15:33.051884
35,77333,Dženan Pejčinović,1127790,VfL Wolfsburg,2524,8,0,6.65,7.87,0.54,50,23,13,4,10,1,0,1482,30,bigChancesMissed,GER,2025-2026,datafc_sofascore,2026-08-09T01:15:33.051884
35,77333,Budu Zivzivadze,149728,1. FC Heidenheim,5885,6,0,6.65,5.32,1.1,28,14,7,13,14,2,1,1146,20,bigChancesMissed,GER,2025-2026,datafc_sofascore,2026-08-09T01:15:33.051884
35,77333,Elye Wahi,979315,Eintracht Frankfurt,2674,0,1,6.4,0.8,0.15,7,3,4,1,2,1,0,330,10,bigChancesMissed,GER,2025-2026,datafc_sofascore,2026-08-09T01:15:33.051884
35,77333,Luka Vušković,1405212,Hamburger SV,2676,6,0,7.28,4.22,1.46,32,10,11,8,22,6,0,2441,28,bigChancesMissed,GER,2025-2026,datafc_sofascore,2026-08-09T01:15:33.051884
35,77333,Johan Manzambi,1518931,SC Freiburg,2538,5,4,7.22,3.85,5.13,51,12,20,33,35,4,2,2094,27,bigChancesMissed,GER,2025-2026,datafc_sofascore,2026-08-09T01:15:33.051884
35,77333,Chris Führich,891510,VfB Stuttgart,2677,7,7,7.17,4.26,8.05,45,23,49,28,15,2,0,1723,33,bigChancesMissed,GER,2025-2026,datafc_sofascore,2026-08-09T01:15:33.051884
35,77333,Jens Stage,830142,SV Werder Bremen,2534,10,2,6.98,6.08,3.21,56,21,26,13,41,5,0,2468,29,bigChancesMissed,GER,2025-2026,datafc_sofascore,2026-08-09T01:15:33.051884
35,77333,Malik Tillman,975798,Bayer 04 Leverkusen,2681,6,0,6.93,4.62,2.91,34,13,26,11,38,2,0,1689,29,bigChancesMissed,GER,2025-2026,datafc_sofascore,2026-08-09T01:15:33.051884
35,77333,Jarell Quansah,1003339,Bayer 04 Leverkusen,2681,4,0,6.88,2.84,1.29,18,8,11,14,28,9,0,2308,28,bigChancesMissed,GER,2025-2026,datafc_sofascore,2026-08-09T01:15:33.051884
35,77333,Alexis Claude-Maurice,822877,FC Augsburg,2600,5,4,6.87,6.88,3.2,71,26,33,44,41,3,0,2107,29,bigChancesMissed,GER,2025-2026,datafc_sofascore,2026-08-09T01:15:33.051884
35,77333,Karim Adeyemi,940054,Borussia Dortmund,2673,7,4,6.86,4.87,3.16,31,14,16,27,5,5,0,1215,28,bigChancesMissed,GER,2025-2026,datafc_sofascore,2026-08-09T01:15:33.051884
35,77333,Grischa Prömel,253993,TSG Hoffenheim,2569,7,2,6.86,5.09,2.98,43,14,16,6,36,5,0,1752,33,bigChancesMissed,GER,2025-2026,datafc_sofascore,2026-08-09T01:15:33.051884
35,77333,Patrick Mainka,254429,1. FC Heidenheim,5885,2,2,6.85,3.49,1.36,37,9,10,4,45,1,0,3060,34,bigChancesMissed,GER,2025-2026,datafc_sofascore,2026-08-09T01:15:33.051884
35,77333,Marius Bülter,378340,1. FC Köln,2671,5,4,6.84,4.37,4.47,42,17,26,6,7,3,0,1606,32,bigChancesMissed,GER,2025-2026,datafc_sofascore,2026-08-09T01:15:33.051884
35,77333,Anton Kade,1129365,FC Augsburg,2600,6,0,6.84,6.35,3.01,48,21,26,24,31,3,0,1746,28,bigChancesMissed,GER,2025-2026,datafc_sofascore,2026-08-09T01:15:33.051884
35,77333,Farès Chaïbi,1192318,Eintracht Frankfurt,2674,2,9,6.83,2.83,3.9,35,9,40,11,31,2,0,1797,28,bigChancesMissed,GER,2025-2026,datafc_sofascore,2026-08-09T01:15:33.051884
35,77333,Jan-Niklas Beste,836711,SC Freiburg,2538,2,2,6.8,3.44,4.25,24,14,35,15,40,5,0,1716,28,bigChancesMissed,GER,2025-2026,datafc_sofascore,2026-08-09T01:15:33.051884
35,77333,Igor Matanović,1019321,SC Freiburg,2538,11,2,6.8,9.24,1.33,52,20,22,12,23,0,0,1570,31,bigChancesMissed,GER,2025-2026,datafc_sofascore,2026-08-09T01:15:33.051884
35,77333,Yuito Suzuki,1020422,SC Freiburg,2538,4,2,6.76,3.86,2.59,38,14,25,18,20,3,0,1636,25,bigChancesMissed,GER,2025-2026,datafc_sofascore,2026-08-09T01:15:33.051884
35,77333,Tiago Tomás,983540,VfB Stuttgart,2677,5,3,6.73,5.97,1.11,35,10,11,13,15,4,0,1039,27,bigChancesMissed,GER,2025-2026,datafc_sofascore,2026-08-09T01:15:33.051884
35,77333,Adam Daghim,1180758,VfL Wolfsburg,2524,2,3,6.71,2.48,2.71,27,9,18,17,26,3,0,1381,27,bigChancesMissed,GER,2025-2026,datafc_sofascore,2026-08-09T01:15:33.051884
35,77333,Mert Kömür,1390682,FC Augsburg,2600,2,4,6.64,3.42,2.1,43,16,23,17,15,1,0,1466,28,bigChancesMissed,GER,2025-2026,datafc_sofascore,2026-08-09T01:15:33.051884
35,77333,Lovro Majer,841947,VfL Wolfsburg,2524,2,3,6.63,3.09,2.56,27,7,22,12,26,5,0,1373,28,bigChancesMissed,GER,2025-2026,datafc_sofascore,2026-08-09T01:15:33.051884
35,77333,Paul Nebel,980621,1. FSV Mainz 05,2556,5,2,6.61,5.26,3.77,32,8,41,20,50,2,2,2081,30,bigChancesMissed,GER,2025-2026,datafc_sofascore,2026-08-09T01:15:33.051884
35,77333,Benedict Hollerbach,975800,1. FSV Mainz 05,2556,1,2,6.53,2.02,1.25,22,6,4,12,13,0,0,882,14,bigChancesMissed,GER,2025-2026,datafc_sofascore,2026-08-09T01:15:33.051884
35,77333,Nelson Weiper,1152505,1. FSV Mainz 05,2556,0,0,6.5,2.78,0.36,13,6,6,7,3,1,0,586,24,bigChancesMissed,GER,2025-2026,datafc_sofascore,2026-08-09T01:15:33.051884
35,77333,Josha Vagnoman,906278,VfB Stuttgart,2677,1,3,6.43,2.89,1.91,19,11,16,6,30,3,0,1593,27,bigChancesMissed,GER,2025-2026,datafc_sofascore,2026-08-09T01:15:33.051884
35,77333,Nadiem Amiri,327755,1. FSV Mainz 05,2556,12,2,7.43,10.4,7.69,55,23,63,25,31,6,0,2090,26,bigChancesMissed,GER,2025-2026,datafc_sofascore,2026-08-09T01:15:33.051884
35,77333,Alejandro Grimaldo,177177,Bayer 04 Leverkusen,2681,8,8,7.31,6.65,10.13,60,21,70,25,49,5,0,2524,29,bigChancesMissed,GER,2025-2026,datafc_sofascore,2026-08-09T01:15:33.051884
35,77333,Angelo Stiller,901882,VfB Stuttgart,2677,2,5,7.25,3.08,7.46,17,8,56,14,49,1,0,2750,34,bigChancesMissed,GER,2025-2026,datafc_sofascore,2026-08-09T01:15:33.051884
35,77333,Willi Orbán,136924,RB Leipzig,36360,2,0,7.22,2.38,1.05,20,9,11,6,47,4,0,2950,33,bigChancesMissed,GER,2025-2026,datafc_sofascore,2026-08-09T01:15:33.051884
35,77333,Wouter Burger,916946,TSG Hoffenheim,2569,4,5,7.08,3.46,5.35,36,13,51,4,72,7,1,2440,30,bigChancesMissed,GER,2025-2026,datafc_sofascore,2026-08-09T01:15:33.051884
35,77333,Nathan Tella,920379,Bayer 04 Leverkusen,2681,1,4,7.03,2.8,2.58,24,8,19,13,12,2,0,892,17,bigChancesMissed,GER,2025-2026,datafc_sofascore,2026-08-09T01:15:33.051884
35,77333,Nikolas Nartey,861981,VfB Stuttgart,2677,4,3,6.93,2.52,2.76,22,12,24,18,14,2,0,1262,28,bigChancesMissed,GER,2025-2026,datafc_sofascore,2026-08-09T01:15:33.051884
35,77333,Patrick Wimmer,987504,VfL Wolfsburg,2524,4,3,6.88,3.12,2.19,24,8,16,38,47,4,0,1634,25,bigChancesMissed,GER,2025-2026,datafc_sofascore,2026-08-09T01:15:33.051884
35,77333,Ritsu Doan,790965,Eintracht Frankfurt,2674,5,5,6.85,3.36,5.62,41,15,40,34,43,5,0,2379,31,bigChancesMissed,GER,2025-2026,datafc_sofascore,2026-08-09T01:15:33.051884
35,77333,Ernest Poku,1119502,Bayer 04 Leverkusen,2681,5,5,6.84,3.05,4.35,27,9,28,28,13,0,0,1484,29,bigChancesMissed,GER,2025-2026,datafc_sofascore,2026-08-09T01:15:33.051884
35,77333,Silvan Widmer,157377,1. FSV Mainz 05,2556,2,1,6.82,2.49,2.94,20,4,8,2,40,5,0,1819,27,bigChancesMissed,GER,2025-2026,datafc_sofascore,2026-08-09T01:15:33.051884
35,77333,Martin Terrier,846445,Bayer 04 Leverkusen,2681,4,1,6.81,2.55,0.99,17,6,9,5,11,1,0,672,18,bigChancesMissed,GER,2025-2026,datafc_sofascore,2026-08-09T01:15:33.051884
35,77333,Dominik Kohr,152206,1. FSV Mainz 05,2556,2,0,6.79,1.57,2.07,15,4,10,5,48,9,2,2345,29,bigChancesMissed,GER,2025-2026,datafc_sofascore,2026-08-09T01:15:33.051884
35,77333,Eren Dinkçi,1067120,1. FC Heidenheim,5885,3,1,6.79,3.97,2.1,29,9,11,11,25,4,0,1399,22,bigChancesMissed,GER,2025-2026,datafc_sofascore,2026-08-09T01:15:33.051884
35,77333,Luca Waldschmidt,319861,1. FC Köln,2671,5,4,6.79,5.54,1.64,26,13,13,7,8,1,0,684,24,bigChancesMissed,GER,2025-2026,datafc_sofascore,2026-08-09T01:15:33.051884
35,77333,Kacper Potulski,1548910,1. FSV Mainz 05,2556,1,0,6.79,1.91,0.14,14,5,2,2,15,3,0,1060,15,bigChancesMissed,GER,2025-2026,datafc_sofascore,2026-08-09T01:15:33.051884
35,77333,Daniel Svensson,1021272,Borussia Dortmund,2673,2,2,6.78,1.79,5.5,12,4,35,12,38,0,0,2452,33,bigChancesMissed,GER,2025-2026,datafc_sofascore,2026-08-09T01:15:33.051884
35,77333,Danilho Doekhi,830803,1. FC Union Berlin,2547,5,0,6.75,4.25,1.61,46,11,8,3,44,4,0,3060,34,bigChancesMissed,GER,2025-2026,datafc_sofascore,2026-08-09T01:15:33.051884
35,77333,Nicolás Capaldo,973564,Hamburger SV,2676,1,3,6.75,1.93,2.17,22,6,22,10,68,10,0,2009,26,bigChancesMissed,GER,2025-2026,datafc_sofascore,2026-08-09T01:15:33.051884
35,77333,Konstantinos Koulierakis,1184855,VfL Wolfsburg,2524,4,1,6.73,3.22,1.37,26,12,14,3,39,5,0,2488,29,bigChancesMissed,GER,2025-2026,datafc_sofascore,2026-08-09T01:15:33.051884
35,77333,Jae-sung Lee,537552,1. FSV Mainz 05,2556,4,2,6.72,3.25,3.21,30,9,22,5,38,4,0,2198,28,bigChancesMissed,GER,2025-2026,datafc_sofascore,2026-08-09T01:15:33.051884
35,77333,Jamal Musiala,1010231,FC Bayern München,2672,3,4,6.71,4.81,1.92,30,9,17,21,11,1,0,685,15,bigChancesMissed,GER,2025-2026,datafc_sofascore,2026-08-09T01:15:33.051884
35,77333,Cedric Zesiger,798926,FC Augsburg,2600,0,0,6.69,0.8,1.21,12,3,8,3,34,7,0,1840,27,bigChancesMissed,GER,2025-2026,datafc_sofascore,2026-08-09T01:15:33.051884
35,77333,Ricky-Jade Jones,994529,FC St. Pauli,2526,2,0,6.67,1.62,0.55,11,6,7,4,3,1,0,349,9,bigChancesMissed,GER,2025-2026,datafc_sofascore,2026-08-09T01:15:33.051884
35,77333,Ilyas Ansah,1462742,1. FC Union Berlin,2547,5,1,6.64,3.25,1.05,33,12,16,25,17,1,0,1909,33,bigChancesMissed,GER,2025-2026,datafc_sofascore,2026-08-09T01:15:33.051884
35,77333,Rayan Philippe,991824,Hamburger SV,2676,5,0,6.58,5.2,1.68,39,16,16,12,20,2,0,1292,28,bigChancesMissed,GER,2025-2026,datafc_sofascore,2026-08-09T01:15:33.051884
35,77333,Mathias Honsak,575952,1. FC Heidenheim,5885,2,1,6.56,3.17,1.67,31,8,12,15,21,1,0,1260,27,bigChancesMissed,GER,2025-2026,datafc_sofascore,2026-08-09T01:15:33.051884
35,77333,Mikkel Kaufmann,918437,1. FC Heidenheim,5885,1,1,6.55,1.42,0.61,11,3,4,0,3,2,0,546,16,bigChancesMissed,GER,2025-2026,datafc_sofascore,2026-08-09T01:15:33.051884
35,77333,Rômulo,1133743,RB Leipzig,36360,9,4,6.65,14.36,2.95,63,27,26,11,30,3,0,2204,30,bigChancesMissed,GER,2025-2026,datafc_sofascore,2026-08-09T01:15:33.051884
35,77333,Christoph Baumgartner,825956,RB Leipzig,36360,13,8,6.93,15.1,3.94,81,35,37,13,54,10,0,2789,33,bigChancesMissed,GER,2025-2026,datafc_sofascore,2026-08-09T01:15:33.051884
35,77333,Serhou Guirassy,328027,Borussia Dortmund,2673,17,1,6.83,17.56,3.5,84,40,20,12,2,3,0,2348,33,bigChancesMissed,GER,2025-2026,datafc_sofascore,2026-08-09T01:15:33.051884
35,77333,Deniz Undav,794298,VfB Stuttgart,2677,19,6,7.19,16.4,4.03,122,46,41,9,18,5,0,2247,29,bigChancesMissed,GER,2025-2026,datafc_sofascore,2026-08-09T01:15:33.051884
35,77333,Phillip Tietz,822340,1. FSV Mainz 05,2556,6,3,6.45,8.87,1.87,52,24,22,12,8,4,0,1807,29,bigChancesMissed,GER,2025-2026,datafc_sofascore,2026-08-09T01:15:33.051884
35,77333,Harry Kane,108579,FC Bayern München,2672,36,5,7.84,26.87,4.27,119,67,40,32,19,1,0,2382,31,bigChancesMissed,GER,2025-2026,datafc_sofascore,2026-08-09T01:15:33.051884
35,77333,Patrik Schick,280609,Bayer 04 Leverkusen,2681,16,3,6.94,17.18,2.78,72,34,14,10,9,2,0,1995,28,bigChancesMissed,GER,2025-2026,datafc_sofascore,2026-08-09T01:15:33.051884
35,77333,Said El Mala,1800475,1. FC Köln,2671,13,4,6.97,11.22,2.34,75,31,21,44,24,4,0,1957,34,bigChancesMissed,GER,2025-2026,datafc_sofascore,2026-08-09T01:15:33.051884
35,77333,Michael Olise,978838,FC Bayern München,2672,15,19,7.87,11.46,17.23,101,50,81,65,24,8,0,2317,32,bigChancesMissed,GER,2025-2026,datafc_sofascore,2026-08-09T01:15:33.051884
35,77333,Luis Díaz,883537,FC Bayern München,2672,15,14,7.26,15.1,7.74,88,37,67,61,21,5,1,2450,32,bigChancesMissed,GER,2025-2026,datafc_sofascore,2026-08-09T01:15:33.051884
35,77333,Andrej Ilić,953767,1. FC Union Berlin,2547,5,9,6.7,11.26,2.17,72,26,30,7,4,5,0,2256,32,bigChancesMissed,GER,2025-2026,datafc_sofascore,2026-08-09T01:15:33.051884
35,77333,Ragnar Ache,877544,1. FC Köln,2671,7,4,6.88,10.34,1.04,52,22,28,9,13,3,0,1725,29,bigChancesMissed,GER,2025-2026,datafc_sofascore,2026-08-09T01:15:33.051884
35,77333,Mohamed Amoura,1107591,VfL Wolfsburg,2524,8,3,6.74,8.6,2.51,60,19,25,16,38,2,0,1935,30,bigChancesMissed,GER,2025-2026,datafc_sofascore,2026-08-09T01:15:33.051884
35,77333,Christian Kofane,2029648,Bayer 04 Leverkusen,2681,5,4,6.71,6.8,1.11,46,19,17,7,13,3,0,1269,29,bigChancesMissed,GER,2025-2026,datafc_sofascore,2026-08-09T01:15:33.051884
35,77333,Ransford Yeboah Königsdörffer,1012235,Hamburger SV,2676,5,0,6.62,7.69,1.68,65,22,20,15,6,2,0,2360,33,bigChancesMissed,GER,2025-2026,datafc_sofascore,2026-08-09T01:15:33.051884
35,77333,Stefan Schimmer,842922,1. FC Heidenheim,5885,5,1,6.62,5.37,0.63,31,11,12,1,11,1,0,812,27,bigChancesMissed,GER,2025-2026,datafc_sofascore,2026-08-09T01:15:33.051884
35,77333,Ermedin Demirović,878081,VfB Stuttgart,2677,12,3,6.92,7.55,2.01,41,22,17,7,14,5,0,1506,25,bigChancesMissed,GER,2025-2026,datafc_sofascore,2026-08-09T01:15:33.051884
35,77333,Lennart Karl,1861975,FC Bayern München,2672,5,5,6.83,7.59,4.96,42,21,24,22,25,1,0,1282,26,bigChancesMissed,GER,2025-2026,datafc_sofascore,2026-08-09T01:15:33.051884
35,77333,Maximilian Beier,980628,Borussia Dortmund,2673,9,6,6.8,7.35,4.97,50,20,26,18,26,3,0,2036,32,bigChancesMissed,GER,2025-2026,datafc_sofascore,2026-08-09T01:15:33.051884
35,77333,Nicolas Jackson,1085381,FC Bayern München,2672,8,1,6.75,7.26,1.58,38,21,18,11,8,2,1,1037,23,bigChancesMissed,GER,2025-2026,datafc_sofascore,2026-08-09T01:15:33.051884
35,77333,Haris Tabaković,259803,Borussia M'gladbach,2527,13,2,6.71,13.0,0.86,67,27,16,6,10,5,0,2394,32,bigChancesMissed,GER,2025-2026,datafc_sofascore,2026-08-09T01:15:33.051884
35,77333,Tim Lemperle,1014290,TSG Hoffenheim,2569,8,2,6.55,8.4,2.36,53,21,27,15,21,1,1,1959,29,bigChancesMissed,GER,2025-2026,datafc_sofascore,2026-08-09T01:15:33.051884
35,77333,Ibrahim Maza,1407524,Bayer 04 Leverkusen,2681,3,4,7.1,5.34,4.45,54,17,29,48,41,2,0,1859,28,bigChancesMissed,GER,2025-2026,datafc_sofascore,2026-08-09T01:15:33.051884
35,77333,Andrej Kramarić,67647,TSG Hoffenheim,2569,14,6,7.03,11.89,5.02,64,33,36,19,8,2,0,2222,34,bigChancesMissed,GER,2025-2026,datafc_sofascore,2026-08-09T01:15:33.051884
35,77333,Jonathan Burkardt,939830,Eintracht Frankfurt,2674,13,1,6.94,12.0,0.81,41,21,9,6,8,1,0,1340,22,bigChancesMissed,GER,2025-2026,datafc_sofascore,2026-08-09T01:15:33.051884
35,77333,Fisnik Asllani,1010117,TSG Hoffenheim,2569,10,7,6.73,8.28,3.93,73,28,36,17,17,2,0,2354,33,bigChancesMissed,GER,2025-2026,datafc_sofascore,2026-08-09T01:15:33.051884
35,77333,Conrad Harder,1494826,RB Leipzig,36360,3,3,6.6,4.08,1.86,42,13,14,5,10,3,0,919,29,bigChancesMissed,GER,2025-2026,datafc_sofascore,2026-08-09T01:15:33.051884
35,77333,Jakub Kamiński,801263,1. FC Köln,2671,7,3,7.1,7.06,6.41,63,26,52,24,45,4,0,3019,34,bigChancesMissed,GER,2025-2026,datafc_sofascore,2026-08-09T01:15:33.051884
35,77333,Romano Schmid,830127,SV Werder Bremen,2534,4,8,6.91,7.83,10.44,57,21,89,37,46,4,0,2988,34,bigChancesMissed,GER,2025-2026,datafc_sofascore,2026-08-09T01:15:33.051884
35,77333,Arijon Ibrahimović,1142248,1. FC Heidenheim,5885,2,4,6.8,6.31,6.3,47,19,56,23,34,2,0,2181,32,bigChancesMissed,GER,2025-2026,datafc_sofascore,2026-08-09T01:15:33.051884
35,77333,Arnaud Kalimuendo,954061,Eintracht Frankfurt,2674,6,1,6.79,4.04,1.17,30,16,22,21,11,4,0,1420,19,bigChancesMissed,GER,2025-2026,datafc_sofascore,2026-08-09T01:15:33.051884
35,77333,Marvin Pieringer,909485,1. FC Heidenheim,5885,4,1,6.71,5.84,1.46,32,8,16,16,20,2,0,1653,27,bigChancesMissed,GER,2025-2026,datafc_sofascore,2026-08-09T01:15:33.051884
35,77333,Jens Castrop,1019312,Borussia M'gladbach,2527,3,1,6.69,3.73,1.69,30,12,19,25,58,2,2,1599,26,bigChancesMissed,GER,2025-2026,datafc_sofascore,2026-08-09T01:15:33.051884
35,77333,Lucas Höler,280009,SC Freiburg,2538,3,1,6.67,4.5,1.93,34,15,24,10,25,4,0,2065,33,bigChancesMissed,GER,2025-2026,datafc_sofascore,2026-08-09T01:15:33.051884
35,77333,Mathias Pereira Lage,831400,FC St. Pauli,2526,2,2,6.57,4.33,1.47,43,15,24,15,38,3,0,2030,28,bigChancesMissed,GER,2025-2026,datafc_sofascore,2026-08-09T01:15:33.051884
35,77333,Andreas Hountondji,1112796,FC St. Pauli,2526,4,0,6.42,4.27,0.53,21,13,6,9,7,2,0,1084,21,bigChancesMissed,GER,2025-2026,datafc_sofascore,2026-08-09T01:15:33.051884
35,77333,Yan Diomande,2087085,RB Leipzig,36360,12,8,7.72,7.14,10.12,53,26,56,118,29,2,0,2476,33,bigChancesMissed,GER,2025-2026,datafc_sofascore,2026-08-09T01:15:33.051884
35,77333,Leon Goretzka,184661,FC Bayern München,2672,5,3,7.13,4.8,3.81,35,11,22,11,29,4,0,1954,31,bigChancesMissed,GER,2025-2026,datafc_sofascore,2026-08-09T01:15:33.051884
35,77333,Serge Gnabry,187433,FC Bayern München,2672,8,6,7.09,6.26,5.08,50,17,23,16,18,1,0,1228,21,bigChancesMissed,GER,2025-2026,datafc_sofascore,2026-08-09T01:15:33.051884
35,77333,Sheraldo Becker,352544,1. FSV Mainz 05,2556,3,3,6.91,4.33,3.18,29,15,17,4,1,2,0,953,14,bigChancesMissed,GER,2025-2026,datafc_sofascore,2026-08-09T01:15:33.051884
35,77333,Ozan Kabak,857740,TSG Hoffenheim,2569,4,0,6.88,4.33,0.84,36,12,8,6,20,5,0,1763,25,bigChancesMissed,GER,2025-2026,datafc_sofascore,2026-08-09T01:15:33.051884
35,77333,Ridle Baku,856553,RB Leipzig,36360,2,3,6.87,2.56,6.05,30,6,37,13,60,4,0,2509,32,bigChancesMissed,GER,2025-2026,datafc_sofascore,2026-08-09T01:15:33.051884
35,77333,Michael Gregoritsch,111483,FC Augsburg,2600,6,2,6.76,5.27,0.74,29,10,7,2,5,2,0,927,17,bigChancesMissed,GER,2025-2026,datafc_sofascore,2026-08-09T01:15:33.051884
35,77333,Oliver Burke,608362,1. FC Union Berlin,2547,6,2,6.75,5.18,1.96,33,15,22,11,12,4,0,1691,29,bigChancesMissed,GER,2025-2026,datafc_sofascore,2026-08-09T01:15:33.051884
35,77333,Justin Njinmah,1005343,SV Werder Bremen,2534,5,0,6.68,6.71,1.09,62,23,16,21,23,2,0,1955,33,bigChancesMissed,GER,2025-2026,datafc_sofascore,2026-08-09T01:15:33.051884
35,77333,Dženan Pejčinović,1127790,VfL Wolfsburg,2524,8,0,6.65,7.87,0.54,50,23,13,4,10,1,0,1482,30,bigChancesMissed,GER,2025-2026,datafc_sofascore,2026-08-09T01:15:33.051884
35,77333,Budu Zivzivadze,149728,1. FC Heidenheim,5885,6,0,6.65,5.32,1.1,28,14,7,13,14,2,1,1146,20,bigChancesMissed,GER,2025-2026,datafc_sofascore,2026-08-09T01:15:33.051884
35,77333,Elye Wahi,979315,Eintracht Frankfurt,2674,0,1,6.4,0.8,0.15,7,3,4,1,2,1,0,330,10,bigChancesMissed,GER,2025-2026,datafc_sofascore,2026-08-09T01:15:33.051884
35,77333,Luka Vušković,1405212,Hamburger SV,2676,6,0,7.28,4.22,1.46,32,10,11,8,22,6,0,2441,28,bigChancesMissed,GER,2025-2026,datafc_sofascore,2026-08-09T01:15:33.051884
35,77333,Johan Manzambi,1518931,SC Freiburg,2538,5,4,7.22,3.85,5.13,51,12,20,33,35,4,2,2094,27,bigChancesMissed,GER,2025-2026,datafc_sofascore,2026-08-09T01:15:33.051884
35,77333,Chris Führich,891510,VfB Stuttgart,2677,7,7,7.17,4.26,8.05,45,23,49,28,15,2,0,1723,33,bigChancesMissed,GER,2025-2026,datafc_sofascore,2026-08-09T01:15:33.051884
35,77333,Jens Stage,830142,SV Werder Bremen,2534,10,2,6.98,6.08,3.21,56,21,26,13,41,5,0,2468,29,bigChancesMissed,GER,2025-2026,datafc_sofascore,2026-08-09T01:15:33.051884
35,77333,Malik Tillman,975798,Bayer 04 Leverkusen,2681,6,0,6.93,4.62,2.91,34,13,26,11,38,2,0,1689,29,bigChancesMissed,GER,2025-2026,datafc_sofascore,2026-08-09T01:15:33.051884
35,77333,Jarell Quansah,1003339,Bayer 04 Leverkusen,2681,4,0,6.88,2.84,1.29,18,8,11,14,28,9,0,2308,28,bigChancesMissed,GER,2025-2026,datafc_sofascore,2026-08-09T01:15:33.051884
35,77333,Alexis Claude-Maurice,822877,FC Augsburg,2600,5,4,6.87,6.88,3.2,71,26,33,44,41,3,0,2107,29,bigChancesMissed,GER,2025-2026,datafc_sofascore,2026-08-09T01:15:33.051884
35,77333,Karim Adeyemi,940054,Borussia Dortmund,2673,7,4,6.86,4.87,3.16,31,14,16,27,5,5,0,1215,28,bigChancesMissed,GER,2025-2026,datafc_sofascore,2026-08-09T01:15:33.051884
35,77333,Grischa Prömel,253993,TSG Hoffenheim,2569,7,2,6.86,5.09,2.98,43,14,16,6,36,5,0,1752,33,bigChancesMissed,GER,2025-2026,datafc_sofascore,2026-08-09T01:15:33.051884
35,77333,Patrick Mainka,254429,1. FC Heidenheim,5885,2,2,6.85,3.49,1.36,37,9,10,4,45,1,0,3060,34,bigChancesMissed,GER,2025-2026,datafc_sofascore,2026-08-09T01:15:33.051884
35,77333,Marius Bülter,378340,1. FC Köln,2671,5,4,6.84,4.37,4.47,42,17,26,6,7,3,0,1606,32,bigChancesMissed,GER,2025-2026,datafc_sofascore,2026-08-09T01:15:33.051884
35,77333,Anton Kade,1129365,FC Augsburg,2600,6,0,6.84,6.35,3.01,48,21,26,24,31,3,0,1746,28,bigChancesMissed,GER,2025-2026,datafc_sofascore,2026-08-09T01:15:33.051884
35,77333,Farès Chaïbi,1192318,Eintracht Frankfurt,2674,2,9,6.83,2.83,3.9,35,9,40,11,31,2,0,1797,28,bigChancesMissed,GER,2025-2026,datafc_sofascore,2026-08-09T01:15:33.051884
35,77333,Jan-Niklas Beste,836711,SC Freiburg,2538,2,2,6.8,3.44,4.25,24,14,35,15,40,5,0,1716,28,bigChancesMissed,GER,2025-2026,datafc_sofascore,2026-08-09T01:15:33.051884
35,77333,Igor Matanović,1019321,SC Freiburg,2538,11,2,6.8,9.24,1.33,52,20,22,12,23,0,0,1570,31,bigChancesMissed,GER,2025-2026,datafc_sofascore,2026-08-09T01:15:33.051884
35,77333,Yuito Suzuki,1020422,SC Freiburg,2538,4,2,6.76,3.86,2.59,38,14,25,18,20,3,0,1636,25,bigChancesMissed,GER,2025-2026,datafc_sofascore,2026-08-09T01:15:33.051884
35,77333,Tiago Tomás,983540,VfB Stuttgart,2677,5,3,6.73,5.97,1.11,35,10,11,13,15,4,0,1039,27,bigChancesMissed,GER,2025-2026,datafc_sofascore,2026-08-09T01:15:33.051884
35,77333,Adam Daghim,1180758,VfL Wolfsburg,2524,2,3,6.71,2.48,2.71,27,9,18,17,26,3,0,1381,27,bigChancesMissed,GER,2025-2026,datafc_sofascore,2026-08-09T01:15:33.051884
35,77333,Mert Kömür,1390682,FC Augsburg,2600,2,4,6.64,3.42,2.1,43,16,23,17,15,1,0,1466,28,bigChancesMissed,GER,2025-2026,datafc_sofascore,2026-08-09T01:15:33.051884
35,77333,Lovro Majer,841947,VfL Wolfsburg,2524,2,3,6.63,3.09,2.56,27,7,22,12,26,5,0,1373,28,bigChancesMissed,GER,2025-2026,datafc_sofascore,2026-08-09T01:15:33.051884
35,77333,Paul Nebel,980621,1. FSV Mainz 05,2556,5,2,6.61,5.26,3.77,32,8,41,20,50,2,2,2081,30,bigChancesMissed,GER,2025-2026,datafc_sofascore,2026-08-09T01:15:33.051884
35,77333,Benedict Hollerbach,975800,1. FSV Mainz 05,2556,1,2,6.53,2.02,1.25,22,6,4,12,13,0,0,882,14,bigChancesMissed,GER,2025-2026,datafc_sofascore,2026-08-09T01:15:33.051884
35,77333,Nelson Weiper,1152505,1. FSV Mainz 05,2556,0,0,6.5,2.78,0.36,13,6,6,7,3,1,0,586,24,bigChancesMissed,GER,2025-2026,datafc_sofascore,2026-08-09T01:15:33.051884
35,77333,Josha Vagnoman,906278,VfB Stuttgart,2677,1,3,6.43,2.89,1.91,19,11,16,6,30,3,0,1593,27,bigChancesMissed,GER,2025-2026,datafc_sofascore,2026-08-09T01:15:33.051884
35,77333,Nadiem Amiri,327755,1. FSV Mainz 05,2556,12,2,7.43,10.4,7.69,55,23,63,25,31,6,0,2090,26,bigChancesMissed,GER,2025-2026,datafc_sofascore,2026-08-09T01:15:33.051884
35,77333,Alejandro Grimaldo,177177,Bayer 04 Leverkusen,2681,8,8,7.31,6.65,10.13,60,21,70,25,49,5,0,2524,29,bigChancesMissed,GER,2025-2026,datafc_sofascore,2026-08-09T01:15:33.051884
35,77333,Angelo Stiller,901882,VfB Stuttgart,2677,2,5,7.25,3.08,7.46,17,8,56,14,49,1,0,2750,34,bigChancesMissed,GER,2025-2026,datafc_sofascore,2026-08-09T01:15:33.051884
35,77333,Willi Orbán,136924,RB Leipzig,36360,2,0,7.22,2.38,1.05,20,9,11,6,47,4,0,2950,33,bigChancesMissed,GER,2025-2026,datafc_sofascore,2026-08-09T01:15:33.051884
35,77333,Wouter Burger,916946,TSG Hoffenheim,2569,4,5,7.08,3.46,5.35,36,13,51,4,72,7,1,2440,30,bigChancesMissed,GER,2025-2026,datafc_sofascore,2026-08-09T01:15:33.051884
35,77333,Nathan Tella,920379,Bayer 04 Leverkusen,2681,1,4,7.03,2.8,2.58,24,8,19,13,12,2,0,892,17,bigChancesMissed,GER,2025-2026,datafc_sofascore,2026-08-09T01:15:33.051884
35,77333,Nikolas Nartey,861981,VfB Stuttgart,2677,4,3,6.93,2.52,2.76,22,12,24,18,14,2,0,1262,28,bigChancesMissed,GER,2025-2026,datafc_sofascore,2026-08-09T01:15:33.051884
35,77333,Patrick Wimmer,987504,VfL Wolfsburg,2524,4,3,6.88,3.12,2.19,24,8,16,38,47,4,0,1634,25,bigChancesMissed,GER,2025-2026,datafc_sofascore,2026-08-09T01:15:33.051884
35,77333,Ritsu Doan,790965,Eintracht Frankfurt,2674,5,5,6.85,3.36,5.62,41,15,40,34,43,5,0,2379,31,bigChancesMissed,GER,2025-2026,datafc_sofascore,2026-08-09T01:15:33.051884
35,77333,Ernest Poku,1119502,Bayer 04 Leverkusen,2681,5,5,6.84,3.05,4.35,27,9,28,28,13,0,0,1484,29,bigChancesMissed,GER,2025-2026,datafc_sofascore,2026-08-09T01:15:33.051884
35,77333,Silvan Widmer,157377,1. FSV Mainz 05,2556,2,1,6.82,2.49,2.94,20,4,8,2,40,5,0,1819,27,bigChancesMissed,GER,2025-2026,datafc_sofascore,2026-08-09T01:15:33.051884
35,77333,Martin Terrier,846445,Bayer 04 Leverkusen,2681,4,1,6.81,2.55,0.99,17,6,9,5,11,1,0,672,18,bigChancesMissed,GER,2025-2026,datafc_sofascore,2026-08-09T01:15:33.051884
35,77333,Dominik Kohr,152206,1. FSV Mainz 05,2556,2,0,6.79,1.57,2.07,15,4,10,5,48,9,2,2345,29,bigChancesMissed,GER,2025-2026,datafc_sofascore,2026-08-09T01:15:33.051884
35,77333,Eren Dinkçi,1067120,1. FC Heidenheim,5885,3,1,6.79,3.97,2.1,29,9,11,11,25,4,0,1399,22,bigChancesMissed,GER,2025-2026,datafc_sofascore,2026-08-09T01:15:33.051884
35,77333,Luca Waldschmidt,319861,1. FC Köln,2671,5,4,6.79,5.54,1.64,26,13,13,7,8,1,0,684,24,bigChancesMissed,GER,2025-2026,datafc_sofascore,2026-08-09T01:15:33.051884
35,77333,Kacper Potulski,1548910,1. FSV Mainz 05,2556,1,0,6.79,1.91,0.14,14,5,2,2,15,3,0,1060,15,bigChancesMissed,GER,2025-2026,datafc_sofascore,2026-08-09T01:15:33.051884
35,77333,Daniel Svensson,1021272,Borussia Dortmund,2673,2,2,6.78,1.79,5.5,12,4,35,12,38,0,0,2452,33,bigChancesMissed,GER,2025-2026,datafc_sofascore,2026-08-09T01:15:33.051884
35,77333,Danilho Doekhi,830803,1. FC Union Berlin,2547,5,0,6.75,4.25,1.61,46,11,8,3,44,4,0,3060,34,bigChancesMissed,GER,2025-2026,datafc_sofascore,2026-08-09T01:15:33.051884
35,77333,Nicolás Capaldo,973564,Hamburger SV,2676,1,3,6.75,1.93,2.17,22,6,22,10,68,10,0,2009,26,bigChancesMissed,GER,2025-2026,datafc_sofascore,2026-08-09T01:15:33.051884
35,77333,Konstantinos Koulierakis,1184855,VfL Wolfsburg,2524,4,1,6.73,3.22,1.37,26,12,14,3,39,5,0,2488,29,bigChancesMissed,GER,2025-2026,datafc_sofascore,2026-08-09T01:15:33.051884
35,77333,Jae-sung Lee,537552,1. FSV Mainz 05,2556,4,2,6.72,3.25,3.21,30,9,22,5,38,4,0,2198,28,bigChancesMissed,GER,2025-2026,datafc_sofascore,2026-08-09T01:15:33.051884
35,77333,Jamal Musiala,1010231,FC Bayern München,2672,3,4,6.71,4.81,1.92,30,9,17,21,11,1,0,685,15,bigChancesMissed,GER,2025-2026,datafc_sofascore,2026-08-09T01:15:33.051884
35,77333,Cedric Zesiger,798926,FC Augsburg,2600,0,0,6.69,0.8,1.21,12,3,8,3,34,7,0,1840,27,bigChancesMissed,GER,2025-2026,datafc_sofascore,2026-08-09T01:15:33.051884
35,77333,Ricky-Jade Jones,994529,FC St. Pauli,2526,2,0,6.67,1.62,0.55,11,6,7,4,3,1,0,349,9,bigChancesMissed,GER,2025-2026,datafc_sofascore,2026-08-09T01:15:33.051884
35,77333,Ilyas Ansah,1462742,1. FC Union Berlin,2547,5,1,6.64,3.25,1.05,33,12,16,25,17,1,0,1909,33,bigChancesMissed,GER,2025-2026,datafc_sofascore,2026-08-09T01:15:33.051884
35,77333,Rayan Philippe,991824,Hamburger SV,2676,5,0,6.58,5.2,1.68,39,16,16,12,20,2,0,1292,28,bigChancesMissed,GER,2025-2026,datafc_sofascore,2026-08-09T01:15:33.051884
35,77333,Mathias Honsak,575952,1. FC Heidenheim,5885,2,1,6.56,3.17,1.67,31,8,12,15,21,1,0,1260,27,bigChancesMissed,GER,2025-2026,datafc_sofascore,2026-08-09T01:15:33.051884
35,77333,Mikkel Kaufmann,918437,1. FC Heidenheim,5885,1,1,6.55,1.42,0.61,11,3,4,0,3,2,0,546,16,bigChancesMissed,GER,2025-2026,datafc_sofascore,2026-08-09T01:15:33.051884
35,77333,Aleix García,796047,Bayer 04 Leverkusen,2681,3,8,7.45,2.29,6.65,30,5,51,4,26,6,0,2676,33,accuratePasses,GER,2025-2026,datafc_sofascore,2026-08-09T01:15:33.051884
35,77333,Joshua Kimmich,259117,FC Bayern München,2672,2,8,7.71,2.65,10.24,28,10,58,11,32,4,0,2280,29,accuratePasses,GER,2025-2026,datafc_sofascore,2026-08-09T01:15:33.051884
35,77333,Edmond Tapsoba,883262,Bayer 04 Leverkusen,2681,5,3,7.2,2.5,1.42,29,10,11,8,31,7,0,2576,29,accuratePasses,GER,2025-2026,datafc_sofascore,2026-08-09T01:15:33.051884
35,77333,Waldemar Anton,799046,Borussia Dortmund,2673,2,0,7.25,1.74,1.26,16,6,8,13,73,3,0,2880,32,accuratePasses,GER,2025-2026,datafc_sofascore,2026-08-09T01:15:33.051884
35,77333,Willi Orbán,136924,RB Leipzig,36360,2,0,7.22,2.38,1.05,20,9,11,6,47,4,0,2950,33,accuratePasses,GER,2025-2026,datafc_sofascore,2026-08-09T01:15:33.051884
35,77333,Angelo Stiller,901882,VfB Stuttgart,2677,2,5,7.25,3.08,7.46,17,8,56,14,49,1,0,2750,34,accuratePasses,GER,2025-2026,datafc_sofascore,2026-08-09T01:15:33.051884
35,77333,Robin Koch,581302,Eintracht Frankfurt,2674,3,1,6.96,1.38,1.67,15,5,10,2,42,1,1,2835,32,accuratePasses,GER,2025-2026,datafc_sofascore,2026-08-09T01:15:33.051884
35,77333,Leon Avdullahu,1493305,TSG Hoffenheim,2569,0,1,7.03,0.59,2.48,14,2,22,8,47,5,0,2838,33,accuratePasses,GER,2025-2026,datafc_sofascore,2026-08-09T01:15:33.051884
35,77333,Jonathan Tah,227672,FC Bayern München,2672,2,1,7.24,0.71,1.73,8,5,5,3,24,7,0,2024,28,accuratePasses,GER,2025-2026,datafc_sofascore,2026-08-09T01:15:33.051884
35,77333,Nico Schlotterbeck,940871,Borussia Dortmund,2673,5,1,7.67,3.72,2.69,32,9,12,15,50,8,0,2520,28,accuratePasses,GER,2025-2026,datafc_sofascore,2026-08-09T01:15:33.051884
35,77333,Robert Andrich,168903,Bayer 04 Leverkusen,2681,2,0,6.83,0.72,1.66,12,3,12,1,43,4,1,2547,32,accuratePasses,GER,2025-2026,datafc_sofascore,2026-08-09T01:15:33.051884
35,77333,Nico Elvedi,282229,Borussia M'gladbach,2527,0,2,7.01,0.45,1.27,9,0,13,1,43,5,0,2967,33,accuratePasses,GER,2025-2026,datafc_sofascore,2026-08-09T01:15:33.051884
35,77333,Alejandro Grimaldo,177177,Bayer 04 Leverkusen,2681,8,8,7.31,6.65,10.13,60,21,70,25,49,5,0,2524,29,accuratePasses,GER,2025-2026,datafc_sofascore,2026-08-09T01:15:33.051884
35,77333,Marco Friedl,825771,SV Werder Bremen,2534,1,0,6.88,0.68,1.08,8,2,5,4,44,9,1,2549,30,accuratePasses,GER,2025-2026,datafc_sofascore,2026-08-09T01:15:33.051884
35,77333,Matthias Ginter,142259,SC Freiburg,2538,3,4,6.98,2.3,2.92,19,7,15,3,22,3,0,2836,32,accuratePasses,GER,2025-2026,datafc_sofascore,2026-08-09T01:15:33.051884
35,77333,Castello Lukeba,976421,RB Leipzig,36360,1,0,7.07,1.16,0.77,8,2,7,22,31,3,0,2177,26,accuratePasses,GER,2025-2026,datafc_sofascore,2026-08-09T01:15:33.051884
35,77333,Jeff Chabot,863271,VfB Stuttgart,2677,0,0,7.11,1.13,0.85,18,7,7,4,34,3,0,2296,27,accuratePasses,GER,2025-2026,datafc_sofascore,2026-08-09T01:15:33.051884
35,77333,Dayot Upamecano,798583,FC Bayern München,2672,1,1,7.16,1.03,1.62,8,2,11,4,44,4,0,1797,24,accuratePasses,GER,2025-2026,datafc_sofascore,2026-08-09T01:15:33.051884
35,77333,Aleksandar Pavlović,1142251,FC Bayern München,2672,3,1,7.18,1.6,2.34,10,5,21,4,26,2,0,1460,24,accuratePasses,GER,2025-2026,datafc_sofascore,2026-08-09T01:15:33.051884
35,77333,Kim Min-jae,896569,FC Bayern München,2672,1,1,7.23,0.62,1.41,5,3,5,1,22,1,0,1621,25,accuratePasses,GER,2025-2026,datafc_sofascore,2026-08-09T01:15:33.051884
35,77333,Leon Goretzka,184661,FC Bayern München,2672,5,3,7.13,4.8,3.81,35,11,22,11,29,4,0,1954,31,accuratePasses,GER,2025-2026,datafc_sofascore,2026-08-09T01:15:33.051884
35,77333,Jarell Quansah,1003339,Bayer 04 Leverkusen,2681,4,0,6.88,2.84,1.29,18,8,11,14,28,9,0,2308,28,accuratePasses,GER,2025-2026,datafc_sofascore,2026-08-09T01:15:33.051884
35,77333,Arthur Theate,965778,Eintracht Frankfurt,2674,1,0,6.78,1.1,1.27,15,7,12,4,35,8,0,2143,24,accuratePasses,GER,2025-2026,datafc_sofascore,2026-08-09T01:15:33.051884
35,77333,Kevin Diks,583806,Borussia M'gladbach,2527,5,0,6.96,5.08,1.13,23,13,8,10,43,6,0,2467,30,accuratePasses,GER,2025-2026,datafc_sofascore,2026-08-09T01:15:33.051884
35,77333,Senne Lynen,826171,SV Werder Bremen,2534,0,0,6.79,1.11,1.65,25,4,15,6,63,4,0,2757,31,accuratePasses,GER,2025-2026,datafc_sofascore,2026-08-09T01:15:33.051884
35,77333,Ridle Baku,856553,RB Leipzig,36360,2,3,6.87,2.56,6.05,30,6,37,13,60,4,0,2509,32,accuratePasses,GER,2025-2026,datafc_sofascore,2026-08-09T01:15:33.051884
35,77333,Hauke Wahl,253469,FC St. Pauli,2526,2,1,6.76,0.61,1.42,10,4,6,2,43,1,0,2591,30,accuratePasses,GER,2025-2026,datafc_sofascore,2026-08-09T01:15:33.051884
35,77333,David Raum,856076,RB Leipzig,36360,3,7,7.33,2.2,12.39,24,8,98,16,48,6,0,2556,30,accuratePasses,GER,2025-2026,datafc_sofascore,2026-08-09T01:15:33.051884
35,77333,Michael Olise,978838,FC Bayern München,2672,15,19,7.87,11.46,17.23,101,50,81,65,24,8,0,2317,32,accuratePasses,GER,2025-2026,datafc_sofascore,2026-08-09T01:15:33.051884
35,77333,Loïc Badé,1006489,Bayer 04 Leverkusen,2681,0,0,7.21,1.29,0.88,12,4,2,3,33,5,0,1659,23,accuratePasses,GER,2025-2026,datafc_sofascore,2026-08-09T01:15:33.051884
35,77333,Albian Hajdari,1000269,TSG Hoffenheim,2569,1,2,6.98,1.73,1.62,19,4,10,2,58,10,0,2440,30,accuratePasses,GER,2025-2026,datafc_sofascore,2026-08-09T01:15:33.051884
35,77333,Nicolas Seiwald,976575,RB Leipzig,36360,0,2,6.9,1.83,1.89,19,7,15,8,66,2,0,2703,33,accuratePasses,GER,2025-2026,datafc_sofascore,2026-08-09T01:15:33.051884
35,77333,Luka Vušković,1405212,Hamburger SV,2676,6,0,7.28,4.22,1.46,32,10,11,8,22,6,0,2441,28,accuratePasses,GER,2025-2026,datafc_sofascore,2026-08-09T01:15:33.051884
35,77333,Konstantinos Koulierakis,1184855,VfL Wolfsburg,2524,4,1,6.73,3.22,1.37,26,12,14,3,39,5,0,2488,29,accuratePasses,GER,2025-2026,datafc_sofascore,2026-08-09T01:15:33.051884
35,77333,Karim Coulibaly,1797852,SV Werder Bremen,2534,1,0,6.47,0.66,0.47,6,1,7,8,27,3,1,2122,27,accuratePasses,GER,2025-2026,datafc_sofascore,2026-08-09T01:15:33.051884
35,77333,Eric Smith,542038,FC St. Pauli,2526,2,2,6.86,0.58,1.21,12,5,18,9,34,4,1,2314,27,accuratePasses,GER,2025-2026,datafc_sofascore,2026-08-09T01:15:33.051884
35,77333,Konrad Laimer,355492,FC Bayern München,2672,3,9,6.81,2.42,5.21,17,8,45,14,46,9,0,1997,29,accuratePasses,GER,2025-2026,datafc_sofascore,2026-08-09T01:15:33.051884
35,77333,Daniel Fernandes,113442,Hamburger SV,2676,0,0,7.18,0.26,0.13,1,0,0,1,0,3,0,2970,33,accuratePasses,GER,2025-2026,datafc_sofascore,2026-08-09T01:15:33.051884
35,77333,Maximilian Eggestein,569784,SC Freiburg,2538,3,1,6.85,3.8,1.7,44,13,19,15,64,4,0,3060,34,accuratePasses,GER,2025-2026,datafc_sofascore,2026-08-09T01:15:33.051884
35,77333,Eric Martel,988639,1. FC Köln,2671,2,2,6.84,2.5,1.17,23,4,15,2,46,10,1,2564,31,accuratePasses,GER,2025-2026,datafc_sofascore,2026-08-09T01:15:33.051884
35,77333,Philipp Sander,939880,Borussia M'gladbach,2527,2,0,6.98,1.56,2.79,25,8,11,5,65,4,0,2454,30,accuratePasses,GER,2025-2026,datafc_sofascore,2026-08-09T01:15:33.051884
35,77333,Aurèle Amenda,999276,Eintracht Frankfurt,2674,0,0,6.67,0.77,0.88,10,2,6,2,15,5,0,1685,24,accuratePasses,GER,2025-2026,datafc_sofascore,2026-08-09T01:15:33.051884
35,77333,Nicolai Remberg,1064305,Hamburger SV,2676,0,2,6.93,1.03,1.41,17,8,13,14,60,11,0,2880,32,accuratePasses,GER,2025-2026,datafc_sofascore,2026-08-09T01:15:33.051884
35,77333,Patrick Mainka,254429,1. FC Heidenheim,5885,2,2,6.85,3.49,1.36,37,9,10,4,45,1,0,3060,34,accuratePasses,GER,2025-2026,datafc_sofascore,2026-08-09T01:15:33.051884
35,77333,Maximilian Mittelstädt,788949,VfB Stuttgart,2677,6,4,7.2,4.4,6.02,31,16,37,14,67,4,0,2195,32,accuratePasses,GER,2025-2026,datafc_sofascore,2026-08-09T01:15:33.051884
35,77333,Yannick Engelhardt,990209,Borussia M'gladbach,2527,2,2,6.75,2.12,1.54,21,5,14,6,43,7,0,2497,31,accuratePasses,GER,2025-2026,datafc_sofascore,2026-08-09T01:15:33.051884
35,77333,Josip Stanišić,927407,FC Bayern München,2672,2,3,6.91,1.36,5.03,7,4,24,10,28,1,0,1855,26,accuratePasses,GER,2025-2026,datafc_sofascore,2026-08-09T01:15:33.051884
35,77333,Ramon Hendriks,916943,VfB Stuttgart,2677,0,3,6.75,0.31,1.1,5,0,6,8,35,3,0,2033,31,accuratePasses,GER,2025-2026,datafc_sofascore,2026-08-09T01:15:33.051884
35,77333,Marvin Schwäbe,187185,1. FC Köln,2671,0,0,7.12,,0.21,0,0,1,0,1,2,0,3060,34,accuratePasses,GER,2025-2026,datafc_sofascore,2026-08-09T01:15:33.051884
35,77333,Romano Schmid,830127,SV Werder Bremen,2534,4,8,6.91,7.83,10.44,57,21,89,37,46,4,0,2988,34,accuratePasses,GER,2025-2026,datafc_sofascore,2026-08-09T01:15:33.051884
35,77333,Luis Díaz,883537,FC Bayern München,2672,15,14,7.26,15.1,7.74,88,37,67,61,21,5,1,2450,32,accuratePasses,GER,2025-2026,datafc_sofascore,2026-08-09T01:15:33.051884
35,77333,Robin Hranáč,957615,TSG Hoffenheim,2569,1,0,6.72,2.14,0.49,8,3,3,2,25,5,0,2251,29,accuratePasses,GER,2025-2026,datafc_sofascore,2026-08-09T01:15:33.051884
35,77333,Tom Bischof,1129935,FC Bayern München,2672,3,3,6.9,1.83,2.67,30,9,24,7,26,2,0,1320,26,accuratePasses,GER,2025-2026,datafc_sofascore,2026-08-09T01:15:33.051884
35,77333,Exequiel Palacios,822600,Bayer 04 Leverkusen,2681,0,1,7.06,0.6,1.93,10,2,13,4,21,3,0,1097,18,accuratePasses,GER,2025-2026,datafc_sofascore,2026-08-09T01:15:33.051884
35,77333,Wouter Burger,916946,TSG Hoffenheim,2569,4,5,7.08,3.46,5.35,36,13,51,4,72,7,1,2440,30,accuratePasses,GER,2025-2026,datafc_sofascore,2026-08-09T01:15:33.051884
35,77333,Vladimír Coufal,138024,TSG Hoffenheim,2569,1,8,7.12,0.88,8.99,25,6,59,31,60,4,0,3017,34,accuratePasses,GER,2025-2026,datafc_sofascore,2026-08-09T01:15:33.051884
35,77333,Keven Schlotterbeck,891651,FC Augsburg,2600,0,1,6.96,1.37,1.09,12,3,12,10,40,5,1,2031,24,accuratePasses,GER,2025-2026,datafc_sofascore,2026-08-09T01:15:33.051884
35,77333,Karol Mets,57627,FC St. Pauli,2526,1,0,6.59,0.77,0.6,7,1,4,1,25,3,0,1934,23,accuratePasses,GER,2025-2026,datafc_sofascore,2026-08-09T01:15:33.051884
35,77333,Kaishu Sano,1028307,1. FSV Mainz 05,2556,1,2,7.02,1.36,3.4,24,6,25,28,52,1,0,3059,34,accuratePasses,GER,2025-2026,datafc_sofascore,2026-08-09T01:15:33.051884
35,77333,Ramy Bensebaini,577726,Borussia Dortmund,2673,5,2,7.38,3.11,1.94,17,7,10,4,28,6,0,1529,21,accuratePasses,GER,2025-2026,datafc_sofascore,2026-08-09T01:15:33.051884
35,77333,Diant Ramaj,981562,1. FC Heidenheim,5885,0,1,6.94,,0.19,0,0,1,0,1,2,0,2790,31,accuratePasses,GER,2025-2026,datafc_sofascore,2026-08-09T01:15:33.051884
35,77333,Bernardo,828571,TSG Hoffenheim,2569,0,0,6.86,0.52,1.29,10,0,9,6,68,9,0,2318,29,accuratePasses,GER,2025-2026,datafc_sofascore,2026-08-09T01:15:33.051884
35,77333,Finn Dahmen,822564,FC Augsburg,2600,0,0,7.01,0.32,0.2,1,0,4,0,3,1,0,3060,34,accuratePasses,GER,2025-2026,datafc_sofascore,2026-08-09T01:15:33.051884
35,77333,Leopold Querfeld,1086547,1. FC Union Berlin,2547,3,0,6.87,3.69,1.77,29,10,21,4,52,6,0,2704,31,accuratePasses,GER,2025-2026,datafc_sofascore,2026-08-09T01:15:33.051884
35,77333,Danilho Doekhi,830803,1. FC Union Berlin,2547,5,0,6.75,4.25,1.61,46,11,8,3,44,4,0,3060,34,accuratePasses,GER,2025-2026,datafc_sofascore,2026-08-09T01:15:33.051884
35,77333,Rocco Reitz,1048650,Borussia M'gladbach,2527,0,4,6.86,2.57,4.92,47,14,28,24,68,8,1,2636,31,accuratePasses,GER,2025-2026,datafc_sofascore,2026-08-09T01:15:33.051884
35,77333,Nathaniel Brown,1159759,Eintracht Frankfurt,2674,4,4,6.79,2.52,2.89,18,9,34,17,81,3,0,2658,33,accuratePasses,GER,2025-2026,datafc_sofascore,2026-08-09T01:15:33.051884
35,77333,Ozan Kabak,857740,TSG Hoffenheim,2569,4,0,6.88,4.33,0.84,36,12,8,6,20,5,0,1763,25,accuratePasses,GER,2025-2026,datafc_sofascore,2026-08-09T01:15:33.051884
35,77333,Han-Noah Massengo,927340,FC Augsburg,2600,2,1,6.8,1.29,1.6,20,6,17,26,41,5,0,2435,33,accuratePasses,GER,2025-2026,datafc_sofascore,2026-08-09T01:15:33.051884
35,77333,Finn Jeltsch,1418649,VfB Stuttgart,2677,0,1,6.73,0.15,0.34,3,0,5,5,24,3,0,1512,23,accuratePasses,GER,2025-2026,datafc_sofascore,2026-08-09T01:15:33.051884
35,77333,Cenk Özkaçar,953097,1. FC Köln,2671,0,0,6.62,0.97,0.34,11,4,5,6,33,2,0,1801,25,accuratePasses,GER,2025-2026,datafc_sofascore,2026-08-09T01:15:33.051884
35,77333,Nnamdi Collins,1048569,Eintracht Frankfurt,2674,1,2,6.69,0.45,0.46,4,1,3,11,49,4,0,1508,23,accuratePasses,GER,2025-2026,datafc_sofascore,2026-08-09T01:15:33.051884
35,77333,Dominik Kohr,152206,1. FSV Mainz 05,2556,2,0,6.79,1.57,2.07,15,4,10,5,48,9,2,2345,29,accuratePasses,GER,2025-2026,datafc_sofascore,2026-08-09T01:15:33.051884
35,77333,Felix Nmecha,907463,Borussia Dortmund,2673,2,3,6.94,3.62,4.24,33,7,20,31,37,0,0,2184,29,accuratePasses,GER,2025-2026,datafc_sofascore,2026-08-09T01:15:33.051884
35,77333,Atakan Karazor,801030,VfB Stuttgart,2677,0,1,6.81,0.73,1.72,7,2,12,8,42,5,1,1898,28,accuratePasses,GER,2025-2026,datafc_sofascore,2026-08-09T01:15:33.051884
35,77333,Xaver Schlager,791079,RB Leipzig,36360,3,1,6.94,2.11,2.51,21,7,21,22,37,6,0,1837,26,accuratePasses,GER,2025-2026,datafc_sofascore,2026-08-09T01:15:33.051884
35,77333,Jobe Bellingham,1134083,Borussia Dortmund,2673,0,1,6.75,1.08,1.27,19,6,9,15,44,2,1,1800,32,accuratePasses,GER,2025-2026,datafc_sofascore,2026-08-09T01:15:33.051884
35,77333,Noah Atubolu,980626,SC Freiburg,2538,0,0,7.07,,0.48,0,0,3,0,0,1,0,3060,34,accuratePasses,GER,2025-2026,datafc_sofascore,2026-08-09T01:15:33.051884
35,77333,Moritz Jenz,920525,VfL Wolfsburg,2524,1,0,6.62,0.54,0.21,5,1,2,0,32,6,1,1789,22,accuratePasses,GER,2025-2026,datafc_sofascore,2026-08-09T01:15:33.051884
35,77333,Nadiem Amiri,327755,1. FSV Mainz 05,2556,12,2,7.43,10.4,7.69,55,23,63,25,31,6,0,2090,26,accuratePasses,GER,2025-2026,datafc_sofascore,2026-08-09T01:15:33.051884
35,77333,Christian Eriksen,105734,VfL Wolfsburg,2524,3,9,6.91,5.96,7.65,38,14,63,10,38,4,0,2419,31,accuratePasses,GER,2025-2026,datafc_sofascore,2026-08-09T01:15:33.051884
35,77333,Joel Chima Fujita,1002461,FC St. Pauli,2526,1,3,6.71,1.15,3.92,31,7,30,47,68,6,0,2671,32,accuratePasses,GER,2025-2026,datafc_sofascore,2026-08-09T01:15:33.051884
35,77333,Yan Diomande,2087085,RB Leipzig,36360,12,8,7.72,7.14,10.12,53,26,56,118,29,2,0,2476,33,accuratePasses,GER,2025-2026,datafc_sofascore,2026-08-09T01:15:33.051884
35,77333,Oliver Baumann,40244,TSG Hoffenheim,2569,0,0,6.79,,0.39,0,0,1,2,0,3,0,3060,34,accuratePasses,GER,2025-2026,datafc_sofascore,2026-08-09T01:15:33.051884
35,77333,Jordan Torunarigha,801003,Hamburger SV,2676,0,0,6.78,0.37,0.91,5,1,2,6,37,3,0,1965,24,accuratePasses,GER,2025-2026,datafc_sofascore,2026-08-09T01:15:33.051884
35,77333,Hugo Larsson,1142211,Eintracht Frankfurt,2674,2,2,6.76,1.47,1.4,13,6,19,4,19,0,0,1824,25,accuratePasses,GER,2025-2026,datafc_sofascore,2026-08-09T01:15:33.051884
35,77333,Yukinari Sugawara,905347,SV Werder Bremen,2534,0,6,6.52,1.85,3.06,30,11,20,11,36,2,1,2432,31,accuratePasses,GER,2025-2026,datafc_sofascore,2026-08-09T01:15:33.051884
35,77333,Philipp Lienhart,576266,SC Freiburg,2538,1,0,6.95,1.06,0.58,8,2,5,3,18,2,1,1305,20,accuratePasses,GER,2025-2026,datafc_sofascore,2026-08-09T01:15:33.051884
35,77333,Amos Pieper,851254,SV Werder Bremen,2534,0,0,7.03,0.42,0.51,9,3,2,0,31,4,0,1504,19,accuratePasses,GER,2025-2026,datafc_sofascore,2026-08-09T01:15:33.051884
35,77333,Maximilian Arnold,147289,VfL Wolfsburg,2524,1,4,7.1,0.43,4.09,14,5,29,5,22,5,0,1860,25,accuratePasses,GER,2025-2026,datafc_sofascore,2026-08-09T01:15:33.051884
35,77333,Niklas Dorsch,794995,1. FC Heidenheim,5885,0,1,6.88,0.59,2.64,14,3,24,12,59,2,0,2270,32,accuratePasses,GER,2025-2026,datafc_sofascore,2026-08-09T01:15:33.051884
35,77333,Danny da Costa,97926,1. FSV Mainz 05,2556,2,3,6.83,1.6,2.91,14,5,16,15,43,3,0,2697,34,accuratePasses,GER,2025-2026,datafc_sofascore,2026-08-09T01:15:33.051884
35,77333,Alexander Nübel,584722,VfB Stuttgart,2677,0,1,7.19,,0.1,0,0,3,0,0,0,0,3060,34,accuratePasses,GER,2025-2026,datafc_sofascore,2026-08-09T01:15:33.051884
35,77333,Christoph Baumgartner,825956,RB Leipzig,36360,13,8,6.93,15.1,3.94,81,35,37,13,54,10,0,2789,33,accuratePasses,GER,2025-2026,datafc_sofascore,2026-08-09T01:15:33.051884
35,77333,Andrej Kramarić,67647,TSG Hoffenheim,2569,14,6,7.03,11.89,5.02,64,33,36,19,8,2,0,2222,34,accuratePasses,GER,2025-2026,datafc_sofascore,2026-08-09T01:15:33.051884
35,77333,Miro Muheim,798303,Hamburger SV,2676,0,4,6.93,1.19,4.25,23,7,41,21,62,7,1,2437,29,accuratePasses,GER,2025-2026,datafc_sofascore,2026-08-09T01:15:33.051884
35,77333,Mio Backhaus,1083390,SV Werder Bremen,2534,0,0,7.12,,0.05,0,0,0,0,0,1,0,2880,32,accuratePasses,GER,2025-2026,datafc_sofascore,2026-08-09T01:15:33.051884
35,77333,Jens Stage,830142,SV Werder Bremen,2534,10,2,6.98,6.08,3.21,56,21,26,13,41,5,0,2468,29,accuratePasses,GER,2025-2026,datafc_sofascore,2026-08-09T01:15:33.051884
35,77333,Jakub Kamiński,801263,1. FC Köln,2671,7,3,7.1,7.06,6.41,63,26,52,24,45,4,0,3019,34,accuratePasses,GER,2025-2026,datafc_sofascore,2026-08-09T01:15:33.051884
35,77333,Diogo Leite,855663,1. FC Union Berlin,2547,0,0,6.77,1.21,1.08,10,1,9,6,33,4,0,1970,23,accuratePasses,GER,2025-2026,datafc_sofascore,2026-08-09T01:15:33.051884
35,77333,Aleix García,796047,Bayer 04 Leverkusen,2681,3,8,7.45,2.29,6.65,30,5,51,4,26,6,0,2676,33,accuratePasses,GER,2025-2026,datafc_sofascore,2026-08-09T01:15:33.051884
35,77333,Joshua Kimmich,259117,FC Bayern München,2672,2,8,7.71,2.65,10.24,28,10,58,11,32,4,0,2280,29,accuratePasses,GER,2025-2026,datafc_sofascore,2026-08-09T01:15:33.051884
35,77333,Edmond Tapsoba,883262,Bayer 04 Leverkusen,2681,5,3,7.2,2.5,1.42,29,10,11,8,31,7,0,2576,29,accuratePasses,GER,2025-2026,datafc_sofascore,2026-08-09T01:15:33.051884
35,77333,Waldemar Anton,799046,Borussia Dortmund,2673,2,0,7.25,1.74,1.26,16,6,8,13,73,3,0,2880,32,accuratePasses,GER,2025-2026,datafc_sofascore,2026-08-09T01:15:33.051884
35,77333,Willi Orbán,136924,RB Leipzig,36360,2,0,7.22,2.38,1.05,20,9,11,6,47,4,0,2950,33,accuratePasses,GER,2025-2026,datafc_sofascore,2026-08-09T01:15:33.051884
35,77333,Angelo Stiller,901882,VfB Stuttgart,2677,2,5,7.25,3.08,7.46,17,8,56,14,49,1,0,2750,34,accuratePasses,GER,2025-2026,datafc_sofascore,2026-08-09T01:15:33.051884
35,77333,Robin Koch,581302,Eintracht Frankfurt,2674,3,1,6.96,1.38,1.67,15,5,10,2,42,1,1,2835,32,accuratePasses,GER,2025-2026,datafc_sofascore,2026-08-09T01:15:33.051884
35,77333,Leon Avdullahu,1493305,TSG Hoffenheim,2569,0,1,7.03,0.59,2.48,14,2,22,8,47,5,0,2838,33,accuratePasses,GER,2025-2026,datafc_sofascore,2026-08-09T01:15:33.051884
35,77333,Jonathan Tah,227672,FC Bayern München,2672,2,1,7.24,0.71,1.73,8,5,5,3,24,7,0,2024,28,accuratePasses,GER,2025-2026,datafc_sofascore,2026-08-09T01:15:33.051884
35,77333,Nico Schlotterbeck,940871,Borussia Dortmund,2673,5,1,7.67,3.72,2.69,32,9,12,15,50,8,0,2520,28,accuratePasses,GER,2025-2026,datafc_sofascore,2026-08-09T01:15:33.051884
35,77333,Robert Andrich,168903,Bayer 04 Leverkusen,2681,2,0,6.83,0.72,1.66,12,3,12,1,43,4,1,2547,32,accuratePasses,GER,2025-2026,datafc_sofascore,2026-08-09T01:15:33.051884
35,77333,Nico Elvedi,282229,Borussia M'gladbach,2527,0,2,7.01,0.45,1.27,9,0,13,1,43,5,0,2967,33,accuratePasses,GER,2025-2026,datafc_sofascore,2026-08-09T01:15:33.051884
35,77333,Alejandro Grimaldo,177177,Bayer 04 Leverkusen,2681,8,8,7.31,6.65,10.13,60,21,70,25,49,5,0,2524,29,accuratePasses,GER,2025-2026,datafc_sofascore,2026-08-09T01:15:33.051884
35,77333,Marco Friedl,825771,SV Werder Bremen,2534,1,0,6.88,0.68,1.08,8,2,5,4,44,9,1,2549,30,accuratePasses,GER,2025-2026,datafc_sofascore,2026-08-09T01:15:33.051884
35,77333,Matthias Ginter,142259,SC Freiburg,2538,3,4,6.98,2.3,2.92,19,7,15,3,22,3,0,2836,32,accuratePasses,GER,2025-2026,datafc_sofascore,2026-08-09T01:15:33.051884
35,77333,Castello Lukeba,976421,RB Leipzig,36360,1,0,7.07,1.16,0.77,8,2,7,22,31,3,0,2177,26,accuratePasses,GER,2025-2026,datafc_sofascore,2026-08-09T01:15:33.051884
35,77333,Jeff Chabot,863271,VfB Stuttgart,2677,0,0,7.11,1.13,0.85,18,7,7,4,34,3,0,2296,27,accuratePasses,GER,2025-2026,datafc_sofascore,2026-08-09T01:15:33.051884
35,77333,Dayot Upamecano,798583,FC Bayern München,2672,1,1,7.16,1.03,1.62,8,2,11,4,44,4,0,1797,24,accuratePasses,GER,2025-2026,datafc_sofascore,2026-08-09T01:15:33.051884
35,77333,Aleksandar Pavlović,1142251,FC Bayern München,2672,3,1,7.18,1.6,2.34,10,5,21,4,26,2,0,1460,24,accuratePasses,GER,2025-2026,datafc_sofascore,2026-08-09T01:15:33.051884
35,77333,Kim Min-jae,896569,FC Bayern München,2672,1,1,7.23,0.62,1.41,5,3,5,1,22,1,0,1621,25,accuratePasses,GER,2025-2026,datafc_sofascore,2026-08-09T01:15:33.051884
35,77333,Leon Goretzka,184661,FC Bayern München,2672,5,3,7.13,4.8,3.81,35,11,22,11,29,4,0,1954,31,accuratePasses,GER,2025-2026,datafc_sofascore,2026-08-09T01:15:33.051884
35,77333,Jarell Quansah,1003339,Bayer 04 Leverkusen,2681,4,0,6.88,2.84,1.29,18,8,11,14,28,9,0,2308,28,accuratePasses,GER,2025-2026,datafc_sofascore,2026-08-09T01:15:33.051884
35,77333,Arthur Theate,965778,Eintracht Frankfurt,2674,1,0,6.78,1.1,1.27,15,7,12,4,35,8,0,2143,24,accuratePasses,GER,2025-2026,datafc_sofascore,2026-08-09T01:15:33.051884
35,77333,Kevin Diks,583806,Borussia M'gladbach,2527,5,0,6.96,5.08,1.13,23,13,8,10,43,6,0,2467,30,accuratePasses,GER,2025-2026,datafc_sofascore,2026-08-09T01:15:33.051884
35,77333,Senne Lynen,826171,SV Werder Bremen,2534,0,0,6.79,1.11,1.65,25,4,15,6,63,4,0,2757,31,accuratePasses,GER,2025-2026,datafc_sofascore,2026-08-09T01:15:33.051884
35,77333,Ridle Baku,856553,RB Leipzig,36360,2,3,6.87,2.56,6.05,30,6,37,13,60,4,0,2509,32,accuratePasses,GER,2025-2026,datafc_sofascore,2026-08-09T01:15:33.051884
35,77333,Hauke Wahl,253469,FC St. Pauli,2526,2,1,6.76,0.61,1.42,10,4,6,2,43,1,0,2591,30,accuratePasses,GER,2025-2026,datafc_sofascore,2026-08-09T01:15:33.051884
35,77333,David Raum,856076,RB Leipzig,36360,3,7,7.33,2.2,12.39,24,8,98,16,48,6,0,2556,30,accuratePasses,GER,2025-2026,datafc_sofascore,2026-08-09T01:15:33.051884
35,77333,Michael Olise,978838,FC Bayern München,2672,15,19,7.87,11.46,17.23,101,50,81,65,24,8,0,2317,32,accuratePasses,GER,2025-2026,datafc_sofascore,2026-08-09T01:15:33.051884
35,77333,Loïc Badé,1006489,Bayer 04 Leverkusen,2681,0,0,7.21,1.29,0.88,12,4,2,3,33,5,0,1659,23,accuratePasses,GER,2025-2026,datafc_sofascore,2026-08-09T01:15:33.051884
35,77333,Albian Hajdari,1000269,TSG Hoffenheim,2569,1,2,6.98,1.73,1.62,19,4,10,2,58,10,0,2440,30,accuratePasses,GER,2025-2026,datafc_sofascore,2026-08-09T01:15:33.051884
35,77333,Nicolas Seiwald,976575,RB Leipzig,36360,0,2,6.9,1.83,1.89,19,7,15,8,66,2,0,2703,33,accuratePasses,GER,2025-2026,datafc_sofascore,2026-08-09T01:15:33.051884
35,77333,Luka Vušković,1405212,Hamburger SV,2676,6,0,7.28,4.22,1.46,32,10,11,8,22,6,0,2441,28,accuratePasses,GER,2025-2026,datafc_sofascore,2026-08-09T01:15:33.051884
35,77333,Konstantinos Koulierakis,1184855,VfL Wolfsburg,2524,4,1,6.73,3.22,1.37,26,12,14,3,39,5,0,2488,29,accuratePasses,GER,2025-2026,datafc_sofascore,2026-08-09T01:15:33.051884
35,77333,Karim Coulibaly,1797852,SV Werder Bremen,2534,1,0,6.47,0.66,0.47,6,1,7,8,27,3,1,2122,27,accuratePasses,GER,2025-2026,datafc_sofascore,2026-08-09T01:15:33.051884
35,77333,Eric Smith,542038,FC St. Pauli,2526,2,2,6.86,0.58,1.21,12,5,18,9,34,4,1,2314,27,accuratePasses,GER,2025-2026,datafc_sofascore,2026-08-09T01:15:33.051884
35,77333,Konrad Laimer,355492,FC Bayern München,2672,3,9,6.81,2.42,5.21,17,8,45,14,46,9,0,1997,29,accuratePasses,GER,2025-2026,datafc_sofascore,2026-08-09T01:15:33.051884
35,77333,Daniel Fernandes,113442,Hamburger SV,2676,0,0,7.18,0.26,0.13,1,0,0,1,0,3,0,2970,33,accuratePasses,GER,2025-2026,datafc_sofascore,2026-08-09T01:15:33.051884
35,77333,Maximilian Eggestein,569784,SC Freiburg,2538,3,1,6.85,3.8,1.7,44,13,19,15,64,4,0,3060,34,accuratePasses,GER,2025-2026,datafc_sofascore,2026-08-09T01:15:33.051884
35,77333,Eric Martel,988639,1. FC Köln,2671,2,2,6.84,2.5,1.17,23,4,15,2,46,10,1,2564,31,accuratePasses,GER,2025-2026,datafc_sofascore,2026-08-09T01:15:33.051884
35,77333,Philipp Sander,939880,Borussia M'gladbach,2527,2,0,6.98,1.56,2.79,25,8,11,5,65,4,0,2454,30,accuratePasses,GER,2025-2026,datafc_sofascore,2026-08-09T01:15:33.051884
35,77333,Aurèle Amenda,999276,Eintracht Frankfurt,2674,0,0,6.67,0.77,0.88,10,2,6,2,15,5,0,1685,24,accuratePasses,GER,2025-2026,datafc_sofascore,2026-08-09T01:15:33.051884
35,77333,Nicolai Remberg,1064305,Hamburger SV,2676,0,2,6.93,1.03,1.41,17,8,13,14,60,11,0,2880,32,accuratePasses,GER,2025-2026,datafc_sofascore,2026-08-09T01:15:33.051884
35,77333,Patrick Mainka,254429,1. FC Heidenheim,5885,2,2,6.85,3.49,1.36,37,9,10,4,45,1,0,3060,34,accuratePasses,GER,2025-2026,datafc_sofascore,2026-08-09T01:15:33.051884
35,77333,Maximilian Mittelstädt,788949,VfB Stuttgart,2677,6,4,7.2,4.4,6.02,31,16,37,14,67,4,0,2195,32,accuratePasses,GER,2025-2026,datafc_sofascore,2026-08-09T01:15:33.051884
35,77333,Yannick Engelhardt,990209,Borussia M'gladbach,2527,2,2,6.75,2.12,1.54,21,5,14,6,43,7,0,2497,31,accuratePasses,GER,2025-2026,datafc_sofascore,2026-08-09T01:15:33.051884
35,77333,Josip Stanišić,927407,FC Bayern München,2672,2,3,6.91,1.36,5.03,7,4,24,10,28,1,0,1855,26,accuratePasses,GER,2025-2026,datafc_sofascore,2026-08-09T01:15:33.051884
35,77333,Ramon Hendriks,916943,VfB Stuttgart,2677,0,3,6.75,0.31,1.1,5,0,6,8,35,3,0,2033,31,accuratePasses,GER,2025-2026,datafc_sofascore,2026-08-09T01:15:33.051884
35,77333,Marvin Schwäbe,187185,1. FC Köln,2671,0,0,7.12,,0.21,0,0,1,0,1,2,0,3060,34,accuratePasses,GER,2025-2026,datafc_sofascore,2026-08-09T01:15:33.051884
35,77333,Romano Schmid,830127,SV Werder Bremen,2534,4,8,6.91,7.83,10.44,57,21,89,37,46,4,0,2988,34,accuratePasses,GER,2025-2026,datafc_sofascore,2026-08-09T01:15:33.051884
35,77333,Luis Díaz,883537,FC Bayern München,2672,15,14,7.26,15.1,7.74,88,37,67,61,21,5,1,2450,32,accuratePasses,GER,2025-2026,datafc_sofascore,2026-08-09T01:15:33.051884
35,77333,Robin Hranáč,957615,TSG Hoffenheim,2569,1,0,6.72,2.14,0.49,8,3,3,2,25,5,0,2251,29,accuratePasses,GER,2025-2026,datafc_sofascore,2026-08-09T01:15:33.051884
35,77333,Tom Bischof,1129935,FC Bayern München,2672,3,3,6.9,1.83,2.67,30,9,24,7,26,2,0,1320,26,accuratePasses,GER,2025-2026,datafc_sofascore,2026-08-09T01:15:33.051884
35,77333,Exequiel Palacios,822600,Bayer 04 Leverkusen,2681,0,1,7.06,0.6,1.93,10,2,13,4,21,3,0,1097,18,accuratePasses,GER,2025-2026,datafc_sofascore,2026-08-09T01:15:33.051884
35,77333,Wouter Burger,916946,TSG Hoffenheim,2569,4,5,7.08,3.46,5.35,36,13,51,4,72,7,1,2440,30,accuratePasses,GER,2025-2026,datafc_sofascore,2026-08-09T01:15:33.051884
35,77333,Vladimír Coufal,138024,TSG Hoffenheim,2569,1,8,7.12,0.88,8.99,25,6,59,31,60,4,0,3017,34,accuratePasses,GER,2025-2026,datafc_sofascore,2026-08-09T01:15:33.051884
35,77333,Keven Schlotterbeck,891651,FC Augsburg,2600,0,1,6.96,1.37,1.09,12,3,12,10,40,5,1,2031,24,accuratePasses,GER,2025-2026,datafc_sofascore,2026-08-09T01:15:33.051884
35,77333,Karol Mets,57627,FC St. Pauli,2526,1,0,6.59,0.77,0.6,7,1,4,1,25,3,0,1934,23,accuratePasses,GER,2025-2026,datafc_sofascore,2026-08-09T01:15:33.051884
35,77333,Kaishu Sano,1028307,1. FSV Mainz 05,2556,1,2,7.02,1.36,3.4,24,6,25,28,52,1,0,3059,34,accuratePasses,GER,2025-2026,datafc_sofascore,2026-08-09T01:15:33.051884
35,77333,Ramy Bensebaini,577726,Borussia Dortmund,2673,5,2,7.38,3.11,1.94,17,7,10,4,28,6,0,1529,21,accuratePasses,GER,2025-2026,datafc_sofascore,2026-08-09T01:15:33.051884
35,77333,Diant Ramaj,981562,1. FC Heidenheim,5885,0,1,6.94,,0.19,0,0,1,0,1,2,0,2790,31,accuratePasses,GER,2025-2026,datafc_sofascore,2026-08-09T01:15:33.051884
35,77333,Bernardo,828571,TSG Hoffenheim,2569,0,0,6.86,0.52,1.29,10,0,9,6,68,9,0,2318,29,accuratePasses,GER,2025-2026,datafc_sofascore,2026-08-09T01:15:33.051884
35,77333,Finn Dahmen,822564,FC Augsburg,2600,0,0,7.01,0.32,0.2,1,0,4,0,3,1,0,3060,34,accuratePasses,GER,2025-2026,datafc_sofascore,2026-08-09T01:15:33.051884
35,77333,Leopold Querfeld,1086547,1. FC Union Berlin,2547,3,0,6.87,3.69,1.77,29,10,21,4,52,6,0,2704,31,accuratePasses,GER,2025-2026,datafc_sofascore,2026-08-09T01:15:33.051884
35,77333,Danilho Doekhi,830803,1. FC Union Berlin,2547,5,0,6.75,4.25,1.61,46,11,8,3,44,4,0,3060,34,accuratePasses,GER,2025-2026,datafc_sofascore,2026-08-09T01:15:33.051884
35,77333,Rocco Reitz,1048650,Borussia M'gladbach,2527,0,4,6.86,2.57,4.92,47,14,28,24,68,8,1,2636,31,accuratePasses,GER,2025-2026,datafc_sofascore,2026-08-09T01:15:33.051884
35,77333,Nathaniel Brown,1159759,Eintracht Frankfurt,2674,4,4,6.79,2.52,2.89,18,9,34,17,81,3,0,2658,33,accuratePasses,GER,2025-2026,datafc_sofascore,2026-08-09T01:15:33.051884
35,77333,Ozan Kabak,857740,TSG Hoffenheim,2569,4,0,6.88,4.33,0.84,36,12,8,6,20,5,0,1763,25,accuratePasses,GER,2025-2026,datafc_sofascore,2026-08-09T01:15:33.051884
35,77333,Han-Noah Massengo,927340,FC Augsburg,2600,2,1,6.8,1.29,1.6,20,6,17,26,41,5,0,2435,33,accuratePasses,GER,2025-2026,datafc_sofascore,2026-08-09T01:15:33.051884
35,77333,Finn Jeltsch,1418649,VfB Stuttgart,2677,0,1,6.73,0.15,0.34,3,0,5,5,24,3,0,1512,23,accuratePasses,GER,2025-2026,datafc_sofascore,2026-08-09T01:15:33.051884
35,77333,Cenk Özkaçar,953097,1. FC Köln,2671,0,0,6.62,0.97,0.34,11,4,5,6,33,2,0,1801,25,accuratePasses,GER,2025-2026,datafc_sofascore,2026-08-09T01:15:33.051884
35,77333,Nnamdi Collins,1048569,Eintracht Frankfurt,2674,1,2,6.69,0.45,0.46,4,1,3,11,49,4,0,1508,23,accuratePasses,GER,2025-2026,datafc_sofascore,2026-08-09T01:15:33.051884
35,77333,Dominik Kohr,152206,1. FSV Mainz 05,2556,2,0,6.79,1.57,2.07,15,4,10,5,48,9,2,2345,29,accuratePasses,GER,2025-2026,datafc_sofascore,2026-08-09T01:15:33.051884
35,77333,Felix Nmecha,907463,Borussia Dortmund,2673,2,3,6.94,3.62,4.24,33,7,20,31,37,0,0,2184,29,accuratePasses,GER,2025-2026,datafc_sofascore,2026-08-09T01:15:33.051884
35,77333,Atakan Karazor,801030,VfB Stuttgart,2677,0,1,6.81,0.73,1.72,7,2,12,8,42,5,1,1898,28,accuratePasses,GER,2025-2026,datafc_sofascore,2026-08-09T01:15:33.051884
35,77333,Xaver Schlager,791079,RB Leipzig,36360,3,1,6.94,2.11,2.51,21,7,21,22,37,6,0,1837,26,accuratePasses,GER,2025-2026,datafc_sofascore,2026-08-09T01:15:33.051884
35,77333,Jobe Bellingham,1134083,Borussia Dortmund,2673,0,1,6.75,1.08,1.27,19,6,9,15,44,2,1,1800,32,accuratePasses,GER,2025-2026,datafc_sofascore,2026-08-09T01:15:33.051884
35,77333,Noah Atubolu,980626,SC Freiburg,2538,0,0,7.07,,0.48,0,0,3,0,0,1,0,3060,34,accuratePasses,GER,2025-2026,datafc_sofascore,2026-08-09T01:15:33.051884
35,77333,Moritz Jenz,920525,VfL Wolfsburg,2524,1,0,6.62,0.54,0.21,5,1,2,0,32,6,1,1789,22,accuratePasses,GER,2025-2026,datafc_sofascore,2026-08-09T01:15:33.051884
35,77333,Nadiem Amiri,327755,1. FSV Mainz 05,2556,12,2,7.43,10.4,7.69,55,23,63,25,31,6,0,2090,26,accuratePasses,GER,2025-2026,datafc_sofascore,2026-08-09T01:15:33.051884
35,77333,Christian Eriksen,105734,VfL Wolfsburg,2524,3,9,6.91,5.96,7.65,38,14,63,10,38,4,0,2419,31,accuratePasses,GER,2025-2026,datafc_sofascore,2026-08-09T01:15:33.051884
35,77333,Joel Chima Fujita,1002461,FC St. Pauli,2526,1,3,6.71,1.15,3.92,31,7,30,47,68,6,0,2671,32,accuratePasses,GER,2025-2026,datafc_sofascore,2026-08-09T01:15:33.051884
35,77333,Yan Diomande,2087085,RB Leipzig,36360,12,8,7.72,7.14,10.12,53,26,56,118,29,2,0,2476,33,accuratePasses,GER,2025-2026,datafc_sofascore,2026-08-09T01:15:33.051884
35,77333,Oliver Baumann,40244,TSG Hoffenheim,2569,0,0,6.79,,0.39,0,0,1,2,0,3,0,3060,34,accuratePasses,GER,2025-2026,datafc_sofascore,2026-08-09T01:15:33.051884
35,77333,Jordan Torunarigha,801003,Hamburger SV,2676,0,0,6.78,0.37,0.91,5,1,2,6,37,3,0,1965,24,accuratePasses,GER,2025-2026,datafc_sofascore,2026-08-09T01:15:33.051884
35,77333,Hugo Larsson,1142211,Eintracht Frankfurt,2674,2,2,6.76,1.47,1.4,13,6,19,4,19,0,0,1824,25,accuratePasses,GER,2025-2026,datafc_sofascore,2026-08-09T01:15:33.051884
35,77333,Yukinari Sugawara,905347,SV Werder Bremen,2534,0,6,6.52,1.85,3.06,30,11,20,11,36,2,1,2432,31,accuratePasses,GER,2025-2026,datafc_sofascore,2026-08-09T01:15:33.051884
35,77333,Philipp Lienhart,576266,SC Freiburg,2538,1,0,6.95,1.06,0.58,8,2,5,3,18,2,1,1305,20,accuratePasses,GER,2025-2026,datafc_sofascore,2026-08-09T01:15:33.051884
35,77333,Amos Pieper,851254,SV Werder Bremen,2534,0,0,7.03,0.42,0.51,9,3,2,0,31,4,0,1504,19,accuratePasses,GER,2025-2026,datafc_sofascore,2026-08-09T01:15:33.051884
35,77333,Maximilian Arnold,147289,VfL Wolfsburg,2524,1,4,7.1,0.43,4.09,14,5,29,5,22,5,0,1860,25,accuratePasses,GER,2025-2026,datafc_sofascore,2026-08-09T01:15:33.051884
35,77333,Niklas Dorsch,794995,1. FC Heidenheim,5885,0,1,6.88,0.59,2.64,14,3,24,12,59,2,0,2270,32,accuratePasses,GER,2025-2026,datafc_sofascore,2026-08-09T01:15:33.051884
35,77333,Danny da Costa,97926,1. FSV Mainz 05,2556,2,3,6.83,1.6,2.91,14,5,16,15,43,3,0,2697,34,accuratePasses,GER,2025-2026,datafc_sofascore,2026-08-09T01:15:33.051884
35,77333,Alexander Nübel,584722,VfB Stuttgart,2677,0,1,7.19,,0.1,0,0,3,0,0,0,0,3060,34,accuratePasses,GER,2025-2026,datafc_sofascore,2026-08-09T01:15:33.051884
35,77333,Christoph Baumgartner,825956,RB Leipzig,36360,13,8,6.93,15.1,3.94,81,35,37,13,54,10,0,2789,33,accuratePasses,GER,2025-2026,datafc_sofascore,2026-08-09T01:15:33.051884
35,77333,Andrej Kramarić,67647,TSG Hoffenheim,2569,14,6,7.03,11.89,5.02,64,33,36,19,8,2,0,2222,34,accuratePasses,GER,2025-2026,datafc_sofascore,2026-08-09T01:15:33.051884
35,77333,Miro Muheim,798303,Hamburger SV,2676,0,4,6.93,1.19,4.25,23,7,41,21,62,7,1,2437,29,accuratePasses,GER,2025-2026,datafc_sofascore,2026-08-09T01:15:33.051884
35,77333,Mio Backhaus,1083390,SV Werder Bremen,2534,0,0,7.12,,0.05,0,0,0,0,0,1,0,2880,32,accuratePasses,GER,2025-2026,datafc_sofascore,2026-08-09T01:15:33.051884
35,77333,Jens Stage,830142,SV Werder Bremen,2534,10,2,6.98,6.08,3.21,56,21,26,13,41,5,0,2468,29,accuratePasses,GER,2025-2026,datafc_sofascore,2026-08-09T01:15:33.051884
35,77333,Jakub Kamiński,801263,1. FC Köln,2671,7,3,7.1,7.06,6.41,63,26,52,24,45,4,0,3019,34,accuratePasses,GER,2025-2026,datafc_sofascore,2026-08-09T01:15:33.051884
35,77333,Diogo Leite,855663,1. FC Union Berlin,2547,0,0,6.77,1.21,1.08,10,1,9,6,33,4,0,1970,23,accuratePasses,GER,2025-2026,datafc_sofascore,2026-08-09T01:15:33.051884
35,77333,Oscar Fraulo,1008245,Borussia M'gladbach,2527,1,0,6.73,0.29,0.03,1,1,0,0,1,0,0,55,4,accuratePassesPercentage,GER,2025-2026,datafc_sofascore,2026-08-09T01:15:33.051884
35,77333,Bence Dárdai,1418624,VfL Wolfsburg,2524,0,0,6.7,,0.0,0,0,1,0,1,0,0,34,1,accuratePassesPercentage,GER,2025-2026,datafc_sofascore,2026-08-09T01:15:33.051884
35,77333,Luka Duric,2216257,TSG Hoffenheim,2569,0,0,6.7,,0.0,0,0,0,0,0,0,0,9,1,accuratePassesPercentage,GER,2025-2026,datafc_sofascore,2026-08-09T01:15:33.051884
35,77333,Rouven Tarnutzer,2217897,SC Freiburg,2538,0,0,6.5,,0.0,0,0,0,0,0,0,0,11,1,accuratePassesPercentage,GER,2025-2026,datafc_sofascore,2026-08-09T01:15:33.051884
35,77333,Deniz Ofli,1584884,FC Bayern München,2672,0,0,6.3,,0.0,0,0,0,0,0,0,0,8,1,accuratePassesPercentage,GER,2025-2026,datafc_sofascore,2026-08-09T01:15:33.051884
35,77333,Cassiano Kiala,1994978,FC Bayern München,2672,0,0,0.0,,0.0,0,0,0,0,0,0,0,1,1,accuratePassesPercentage,GER,2025-2026,datafc_sofascore,2026-08-09T01:15:33.051884
35,77333,Leart Paqarada,151581,1. FC Heidenheim,5885,0,0,0.0,,0.0,0,0,0,0,0,0,0,7,1,accuratePassesPercentage,GER,2025-2026,datafc_sofascore,2026-08-09T01:15:33.051884
35,77333,Tobias Weigel,2255188,1. FC Heidenheim,5885,0,0,0.0,,0.0,0,0,0,0,0,0,0,1,1,accuratePassesPercentage,GER,2025-2026,datafc_sofascore,2026-08-09T01:15:33.051884
35,77333,Dmytro Bogdanov,1568506,1. FC Union Berlin,2547,0,0,0.0,0.97,0.0,3,1,0,0,0,0,0,5,2,accuratePassesPercentage,GER,2025-2026,datafc_sofascore,2026-08-09T01:15:33.051884
35,77333,Jonathan Tah,227672,FC Bayern München,2672,2,1,7.24,0.71,1.73,8,5,5,3,24,7,0,2024,28,accuratePassesPercentage,GER,2025-2026,datafc_sofascore,2026-08-09T01:15:33.051884
35,77333,Valentin Gendrey,944899,TSG Hoffenheim,2569,1,1,6.87,0.28,0.56,2,1,3,0,1,0,0,69,8,accuratePassesPercentage,GER,2025-2026,datafc_sofascore,2026-08-09T01:15:33.051884
35,77333,Axel Tape,1937795,Bayer 04 Leverkusen,2681,0,0,6.33,0.22,0.03,3,1,0,7,1,1,0,221,6,accuratePassesPercentage,GER,2025-2026,datafc_sofascore,2026-08-09T01:15:33.051884
35,77333,David Daiber,1489220,FC Bayern München,2672,0,0,6.6,0.06,0.02,1,0,0,2,0,0,0,27,2,accuratePassesPercentage,GER,2025-2026,datafc_sofascore,2026-08-09T01:15:33.051884
35,77333,Skelly Alvero,1165722,SV Werder Bremen,2534,0,0,6.75,,0.0,0,0,0,0,0,0,0,37,2,accuratePassesPercentage,GER,2025-2026,datafc_sofascore,2026-08-09T01:15:33.051884
35,77333,Kim Min-jae,896569,FC Bayern München,2672,1,1,7.23,0.62,1.41,5,3,5,1,22,1,0,1621,25,accuratePassesPercentage,GER,2025-2026,datafc_sofascore,2026-08-09T01:15:33.051884
35,77333,Aleksandar Pavlović,1142251,FC Bayern München,2672,3,1,7.18,1.6,2.34,10,5,21,4,26,2,0,1460,24,accuratePassesPercentage,GER,2025-2026,datafc_sofascore,2026-08-09T01:15:33.051884
35,77333,Andrija Maksimović,1406171,RB Leipzig,36360,0,0,6.6,0.08,0.17,2,0,3,0,0,0,0,88,8,accuratePassesPercentage,GER,2025-2026,datafc_sofascore,2026-08-09T01:15:33.051884
35,77333,Maycon Cardozo,2236502,FC Bayern München,2672,0,0,6.5,,0.01,0,0,0,0,0,0,0,32,2,accuratePassesPercentage,GER,2025-2026,datafc_sofascore,2026-08-09T01:15:33.051884
35,77333,Niklas Süle,168937,Borussia Dortmund,2673,0,1,6.88,0.03,0.2,2,1,2,1,8,3,0,487,11,accuratePassesPercentage,GER,2025-2026,datafc_sofascore,2026-08-09T01:15:33.051884
35,77333,Alphonso Davies,843665,FC Bayern München,2672,1,3,6.82,0.35,1.63,4,1,9,13,9,1,0,534,13,accuratePassesPercentage,GER,2025-2026,datafc_sofascore,2026-08-09T01:15:33.051884
35,77333,Bara Sapoko Ndiaye,2427970,FC Bayern München,2672,0,0,6.7,,0.08,0,0,0,8,6,0,0,148,4,accuratePassesPercentage,GER,2025-2026,datafc_sofascore,2026-08-09T01:15:33.051884
35,77333,Daniel Elfadli,945532,Hamburger SV,2676,0,0,6.56,0.41,0.39,4,1,2,3,22,4,1,1266,21,accuratePassesPercentage,GER,2025-2026,datafc_sofascore,2026-08-09T01:15:33.051884
35,77333,Rav van den Berg,1014493,1. FC Köln,2671,0,1,6.61,,0.12,0,0,1,0,14,0,1,1138,14,accuratePassesPercentage,GER,2025-2026,datafc_sofascore,2026-08-09T01:15:33.051884
35,77333,Claudio Echeverri,1482424,Bayer 04 Leverkusen,2681,0,0,6.6,0.1,0.45,1,0,1,1,1,0,0,136,6,accuratePassesPercentage,GER,2025-2026,datafc_sofascore,2026-08-09T01:15:33.051884
35,77333,Aleix García,796047,Bayer 04 Leverkusen,2681,3,8,7.45,2.29,6.65,30,5,51,4,26,6,0,2676,33,accuratePassesPercentage,GER,2025-2026,datafc_sofascore,2026-08-09T01:15:33.051884
35,77333,El Chadaille Bitshiabu,1048009,RB Leipzig,36360,0,0,6.87,0.16,0.14,2,0,2,0,8,0,0,672,11,accuratePassesPercentage,GER,2025-2026,datafc_sofascore,2026-08-09T01:15:33.051884
35,77333,Tom Bischof,1129935,FC Bayern München,2672,3,3,6.9,1.83,2.67,30,9,24,7,26,2,0,1320,26,accuratePassesPercentage,GER,2025-2026,datafc_sofascore,2026-08-09T01:15:33.051884
35,77333,Dayot Upamecano,798583,FC Bayern München,2672,1,1,7.16,1.03,1.62,8,2,11,4,44,4,0,1797,24,accuratePassesPercentage,GER,2025-2026,datafc_sofascore,2026-08-09T01:15:33.051884
35,77333,Joshua Kimmich,259117,FC Bayern München,2672,2,8,7.71,2.65,10.24,28,10,58,11,32,4,0,2280,29,accuratePassesPercentage,GER,2025-2026,datafc_sofascore,2026-08-09T01:15:33.051884
35,77333,Loïc Badé,1006489,Bayer 04 Leverkusen,2681,0,0,7.21,1.29,0.88,12,4,2,3,33,5,0,1659,23,accuratePassesPercentage,GER,2025-2026,datafc_sofascore,2026-08-09T01:15:33.051884
35,77333,Nico Elvedi,282229,Borussia M'gladbach,2527,0,2,7.01,0.45,1.27,9,0,13,1,43,5,0,2967,33,accuratePassesPercentage,GER,2025-2026,datafc_sofascore,2026-08-09T01:15:33.051884
35,77333,Robin Koch,581302,Eintracht Frankfurt,2674,3,1,6.96,1.38,1.67,15,5,10,2,42,1,1,2835,32,accuratePassesPercentage,GER,2025-2026,datafc_sofascore,2026-08-09T01:15:33.051884
35,77333,Bruno Ogbus,1596573,SC Freiburg,2538,0,0,6.64,0.37,0.2,5,2,1,3,23,1,0,1186,18,accuratePassesPercentage,GER,2025-2026,datafc_sofascore,2026-08-09T01:15:33.051884
35,77333,Leon Goretzka,184661,FC Bayern München,2672,5,3,7.13,4.8,3.81,35,11,22,11,29,4,0,1954,31,accuratePassesPercentage,GER,2025-2026,datafc_sofascore,2026-08-09T01:15:33.051884
35,77333,Hiroki Itō,873106,FC Bayern München,2672,1,2,6.81,0.85,1.07,10,3,6,4,4,0,0,932,16,accuratePassesPercentage,GER,2025-2026,datafc_sofascore,2026-08-09T01:15:33.051884
35,77333,Lukas Klostermann,319853,RB Leipzig,36360,0,1,6.95,0.09,0.02,2,1,2,0,3,0,0,102,5,accuratePassesPercentage,GER,2025-2026,datafc_sofascore,2026-08-09T01:15:33.051884
35,77333,Edmond Tapsoba,883262,Bayer 04 Leverkusen,2681,5,3,7.2,2.5,1.42,29,10,11,8,31,7,0,2576,29,accuratePassesPercentage,GER,2025-2026,datafc_sofascore,2026-08-09T01:15:33.051884
35,77333,Finn Jeltsch,1418649,VfB Stuttgart,2677,0,1,6.73,0.15,0.34,3,0,5,5,24,3,0,1512,23,accuratePassesPercentage,GER,2025-2026,datafc_sofascore,2026-08-09T01:15:33.051884
35,77333,Luca Jaquez,1127823,VfB Stuttgart,2677,0,1,6.82,0.12,0.47,4,0,5,2,8,1,0,900,14,accuratePassesPercentage,GER,2025-2026,datafc_sofascore,2026-08-09T01:15:33.051884
35,77333,Elias Baum,1403018,Eintracht Frankfurt,2674,0,0,6.6,,0.05,0,0,1,0,1,0,0,71,5,accuratePassesPercentage,GER,2025-2026,datafc_sofascore,2026-08-09T01:15:33.051884
35,77333,Exequiel Palacios,822600,Bayer 04 Leverkusen,2681,0,1,7.06,0.6,1.93,10,2,13,4,21,3,0,1097,18,accuratePassesPercentage,GER,2025-2026,datafc_sofascore,2026-08-09T01:15:33.051884
35,77333,Denis Huseinbašić,1064842,1. FC Köln,2671,0,0,6.67,0.42,0.33,6,0,4,1,17,1,0,737,15,accuratePassesPercentage,GER,2025-2026,datafc_sofascore,2026-08-09T01:15:33.051884
35,77333,Max Finkgräfe,1146250,RB Leipzig,36360,1,1,6.66,0.19,0.73,4,2,12,5,16,2,0,502,13,accuratePassesPercentage,GER,2025-2026,datafc_sofascore,2026-08-09T01:15:33.051884
35,77333,Ramon Hendriks,916943,VfB Stuttgart,2677,0,3,6.75,0.31,1.1,5,0,6,8,35,3,0,2033,31,accuratePassesPercentage,GER,2025-2026,datafc_sofascore,2026-08-09T01:15:33.051884
35,77333,Salih Özcan,795005,Borussia Dortmund,2673,0,0,6.63,0.1,0.26,1,0,2,0,2,0,0,93,11,accuratePassesPercentage,GER,2025-2026,datafc_sofascore,2026-08-09T01:15:33.051884
35,77333,Jarell Quansah,1003339,Bayer 04 Leverkusen,2681,4,0,6.88,2.84,1.29,18,8,11,14,28,9,0,2308,28,accuratePassesPercentage,GER,2025-2026,datafc_sofascore,2026-08-09T01:15:33.051884
35,77333,Philipp Lienhart,576266,SC Freiburg,2538,1,0,6.95,1.06,0.58,8,2,5,3,18,2,1,1305,20,accuratePassesPercentage,GER,2025-2026,datafc_sofascore,2026-08-09T01:15:33.051884
35,77333,Castello Lukeba,976421,RB Leipzig,36360,1,0,7.07,1.16,0.77,8,2,7,22,31,3,0,2177,26,accuratePassesPercentage,GER,2025-2026,datafc_sofascore,2026-08-09T01:15:33.051884
35,77333,Noahkai Banks,1597260,FC Augsburg,2600,1,1,6.92,1.13,1.01,9,5,7,5,42,8,0,1738,23,accuratePassesPercentage,GER,2025-2026,datafc_sofascore,2026-08-09T01:15:33.051884
35,77333,Robert Andrich,168903,Bayer 04 Leverkusen,2681,2,0,6.83,0.72,1.66,12,3,12,1,43,4,1,2547,32,accuratePassesPercentage,GER,2025-2026,datafc_sofascore,2026-08-09T01:15:33.051884
35,77333,Konrad Laimer,355492,FC Bayern München,2672,3,9,6.81,2.42,5.21,17,8,45,14,46,9,0,1997,29,accuratePassesPercentage,GER,2025-2026,datafc_sofascore,2026-08-09T01:15:33.051884
35,77333,Mick Schmetgens,1568521,SV Werder Bremen,2534,0,0,7.5,,0.11,0,0,0,0,1,0,0,36,2,accuratePassesPercentage,GER,2025-2026,datafc_sofascore,2026-08-09T01:15:33.051884
35,77333,Ben Bobzien,1134525,1. FSV Mainz 05,2556,0,0,6.7,,0.0,0,0,0,0,2,0,0,9,1,accuratePassesPercentage,GER,2025-2026,datafc_sofascore,2026-08-09T01:15:33.051884
35,77333,Aboubaka Soumahoro,1605225,Hamburger SV,2676,0,0,6.2,,0.17,0,0,1,0,1,1,0,141,4,accuratePassesPercentage,GER,2025-2026,datafc_sofascore,2026-08-09T01:15:33.051884
35,77333,Leon Avdullahu,1493305,TSG Hoffenheim,2569,0,1,7.03,0.59,2.48,14,2,22,8,47,5,0,2838,33,accuratePassesPercentage,GER,2025-2026,datafc_sofascore,2026-08-09T01:15:33.051884
35,77333,Arthur Theate,965778,Eintracht Frankfurt,2674,1,0,6.78,1.1,1.27,15,7,12,4,35,8,0,2143,24,accuratePassesPercentage,GER,2025-2026,datafc_sofascore,2026-08-09T01:15:33.051884
35,77333,Waldemar Anton,799046,Borussia Dortmund,2673,2,0,7.25,1.74,1.26,16,6,8,13,73,3,0,2880,32,accuratePassesPercentage,GER,2025-2026,datafc_sofascore,2026-08-09T01:15:33.051884
35,77333,Serge Gnabry,187433,FC Bayern München,2672,8,6,7.09,6.26,5.08,50,17,23,16,18,1,0,1228,21,accuratePassesPercentage,GER,2025-2026,datafc_sofascore,2026-08-09T01:15:33.051884
35,77333,Josip Stanišić,927407,FC Bayern München,2672,2,3,6.91,1.36,5.03,7,4,24,10,28,1,0,1855,26,accuratePassesPercentage,GER,2025-2026,datafc_sofascore,2026-08-09T01:15:33.051884
35,77333,Oscar Højlund,1149113,Eintracht Frankfurt,2674,1,1,6.54,0.54,0.81,7,3,7,5,29,2,1,1099,24,accuratePassesPercentage,GER,2025-2026,datafc_sofascore,2026-08-09T01:15:33.051884
35,77333,Willi Orbán,136924,RB Leipzig,36360,2,0,7.22,2.38,1.05,20,9,11,6,47,4,0,2950,33,accuratePassesPercentage,GER,2025-2026,datafc_sofascore,2026-08-09T01:15:33.051884
35,77333,Raphaël Guerreiro,246999,FC Bayern München,2672,5,2,6.77,3.43,1.43,12,5,19,3,7,0,0,803,18,accuratePassesPercentage,GER,2025-2026,datafc_sofascore,2026-08-09T01:15:33.051884
35,77333,Ezequiel Fernández,1003012,Bayer 04 Leverkusen,2681,0,1,6.8,0.68,1.13,11,1,8,9,31,2,1,1001,20,accuratePassesPercentage,GER,2025-2026,datafc_sofascore,2026-08-09T01:15:33.051884
35,77333,Jeanuël Belocian,1173172,VfL Wolfsburg,2524,0,1,6.61,0.47,0.69,4,0,5,7,35,3,0,1547,22,accuratePassesPercentage,GER,2025-2026,datafc_sofascore,2026-08-09T01:15:33.051884
35,77333,Kevin Diks,583806,Borussia M'gladbach,2527,5,0,6.96,5.08,1.13,23,13,8,10,43,6,0,2467,30,accuratePassesPercentage,GER,2025-2026,datafc_sofascore,2026-08-09T01:15:33.051884
35,77333,Merlin Röhl,1064082,SC Freiburg,2538,0,0,6.3,,0.03,0,0,0,0,1,0,0,65,2,accuratePassesPercentage,GER,2025-2026,datafc_sofascore,2026-08-09T01:15:33.051884
35,77333,Xavi Simons,997183,RB Leipzig,36360,0,0,6.2,,0.03,0,0,1,2,0,0,0,90,1,accuratePassesPercentage,GER,2025-2026,datafc_sofascore,2026-08-09T01:15:33.051884
35,77333,Maximilian Rosenfelder,1131337,SC Freiburg,2538,0,0,6.53,0.02,0.03,1,0,0,2,8,0,0,507,12,accuratePassesPercentage,GER,2025-2026,datafc_sofascore,2026-08-09T01:15:33.051884
35,77333,Nicolai Remberg,1064305,Hamburger SV,2676,0,2,6.93,1.03,1.41,17,8,13,14,60,11,0,2880,32,accuratePassesPercentage,GER,2025-2026,datafc_sofascore,2026-08-09T01:15:33.051884
35,77333,Moritz Jenz,920525,VfL Wolfsburg,2524,1,0,6.62,0.54,0.21,5,1,2,0,32,6,1,1789,22,accuratePassesPercentage,GER,2025-2026,datafc_sofascore,2026-08-09T01:15:33.051884
35,77333,Marco Friedl,825771,SV Werder Bremen,2534,1,0,6.88,0.68,1.08,8,2,5,4,44,9,1,2549,30,accuratePassesPercentage,GER,2025-2026,datafc_sofascore,2026-08-09T01:15:33.051884
35,77333,Nicolas Seiwald,976575,RB Leipzig,36360,0,2,6.9,1.83,1.89,19,7,15,8,66,2,0,2703,33,accuratePassesPercentage,GER,2025-2026,datafc_sofascore,2026-08-09T01:15:33.051884
35,77333,Koki Machida,790977,TSG Hoffenheim,2569,0,0,6.3,,0.01,0,0,0,0,1,1,0,44,1,accuratePassesPercentage,GER,2025-2026,datafc_sofascore,2026-08-09T01:15:33.051884
35,77333,Jeff Chabot,863271,VfB Stuttgart,2677,0,0,7.11,1.13,0.85,18,7,7,4,34,3,0,2296,27,accuratePassesPercentage,GER,2025-2026,datafc_sofascore,2026-08-09T01:15:33.051884
35,77333,Niklas Dorsch,794995,1. FC Heidenheim,5885,0,1,6.88,0.59,2.64,14,3,24,12,59,2,0,2270,32,accuratePassesPercentage,GER,2025-2026,datafc_sofascore,2026-08-09T01:15:33.051884
35,77333,Ameen Al-Dakhil,1979970,VfB Stuttgart,2677,0,0,6.6,0.06,0.06,1,0,2,2,8,1,0,390,8,accuratePassesPercentage,GER,2025-2026,datafc_sofascore,2026-08-09T01:15:33.051884
35,77333,Nico Schlotterbeck,940871,Borussia Dortmund,2673,5,1,7.67,3.72,2.69,32,9,12,15,50,8,0,2520,28,accuratePassesPercentage,GER,2025-2026,datafc_sofascore,2026-08-09T01:15:33.051884
35,77333,Jessic Ngankam,906276,Eintracht Frankfurt,2674,0,0,6.43,,0.01,0,0,0,1,0,0,0,70,3,accuratePassesPercentage,GER,2025-2026,datafc_sofascore,2026-08-09T01:15:33.051884
35,77333,Angelo Stiller,901882,VfB Stuttgart,2677,2,5,7.25,3.08,7.46,17,8,56,14,49,1,0,2750,34,accuratePassesPercentage,GER,2025-2026,datafc_sofascore,2026-08-09T01:15:33.051884
35,77333,Luca Reggiani,1937833,Borussia Dortmund,2673,1,0,6.8,0.43,0.1,3,1,2,4,14,2,0,513,8,accuratePassesPercentage,GER,2025-2026,datafc_sofascore,2026-08-09T01:15:33.051884
35,77333,Kota Takai,1144143,Borussia M'gladbach,2527,0,0,6.53,0.16,0.09,3,2,2,0,11,1,0,357,8,accuratePassesPercentage,GER,2025-2026,datafc_sofascore,2026-08-09T01:15:33.051884
35,77333,Ellyes Skhiri,591706,Eintracht Frankfurt,2674,0,0,6.69,0.64,0.73,8,0,7,7,20,1,1,1450,25,accuratePassesPercentage,GER,2025-2026,datafc_sofascore,2026-08-09T01:15:33.051884
35,77333,Niklas Stark,229544,SV Werder Bremen,2534,0,0,6.54,0.41,0.25,3,1,0,0,16,4,2,727,14,accuratePassesPercentage,GER,2025-2026,datafc_sofascore,2026-08-09T01:15:33.051884
35,77333,Aurèle Amenda,999276,Eintracht Frankfurt,2674,0,0,6.67,0.77,0.88,10,2,6,2,15,5,0,1685,24,accuratePassesPercentage,GER,2025-2026,datafc_sofascore,2026-08-09T01:15:33.051884
35,77333,Joel Schmied,965950,1. FC Köln,2671,0,0,6.31,0.23,0.33,5,0,2,1,11,5,0,1080,16,accuratePassesPercentage,GER,2025-2026,datafc_sofascore,2026-08-09T01:15:33.051884
35,77333,Albert Sambi Lokonga,901892,Hamburger SV,2676,5,0,6.96,2.05,1.6,19,11,25,8,31,3,0,1712,26,accuratePassesPercentage,GER,2025-2026,datafc_sofascore,2026-08-09T01:15:33.051884
35,77333,Nnamdi Collins,1048569,Eintracht Frankfurt,2674,1,2,6.69,0.45,0.46,4,1,3,11,49,4,0,1508,23,accuratePassesPercentage,GER,2025-2026,datafc_sofascore,2026-08-09T01:15:33.051884
35,77333,Timo Werner,232306,RB Leipzig,36360,0,0,6.5,,0.05,0,0,0,0,0,0,0,13,3,accuratePassesPercentage,GER,2025-2026,datafc_sofascore,2026-08-09T01:15:33.051884
35,77333,Matthias Ginter,142259,SC Freiburg,2538,3,4,6.98,2.3,2.92,19,7,15,3,22,3,0,2836,32,accuratePassesPercentage,GER,2025-2026,datafc_sofascore,2026-08-09T01:15:33.051884
35,77333,Ramy Bensebaini,577726,Borussia Dortmund,2673,5,2,7.38,3.11,1.94,17,7,10,4,28,6,0,1529,21,accuratePassesPercentage,GER,2025-2026,datafc_sofascore,2026-08-09T01:15:33.051884
35,77333,Jobe Bellingham,1134083,Borussia Dortmund,2673,0,1,6.75,1.08,1.27,19,6,9,15,44,2,1,1800,32,accuratePassesPercentage,GER,2025-2026,datafc_sofascore,2026-08-09T01:15:33.051884
35,77333,Alejandro Grimaldo,177177,Bayer 04 Leverkusen,2681,8,8,7.31,6.65,10.13,60,21,70,25,49,5,0,2524,29,accuratePassesPercentage,GER,2025-2026,datafc_sofascore,2026-08-09T01:15:33.051884
35,77333,Aarón Anselmino,1500263,Borussia Dortmund,2673,1,0,7.24,0.07,0.11,1,1,0,1,9,0,0,368,6,accuratePassesPercentage,GER,2025-2026,datafc_sofascore,2026-08-09T01:15:33.051884
35,77333,Andreas Skov Olsen,888537,VfL Wolfsburg,2524,1,0,6.81,0.32,0.94,7,2,7,3,2,1,0,369,8,accuratePassesPercentage,GER,2025-2026,datafc_sofascore,2026-08-09T01:15:33.051884
35,77333,Pascal Groß,48480,Borussia Dortmund,2673,0,1,6.81,0.59,2.5,8,1,11,4,8,0,0,618,11,accuratePassesPercentage,GER,2025-2026,datafc_sofascore,2026-08-09T01:15:33.051884
35,77333,Timo Hübers,387220,1. FC Köln,2671,0,0,6.96,,0.1,0,0,0,1,14,0,0,669,8,accuratePassesPercentage,GER,2025-2026,datafc_sofascore,2026-08-09T01:15:33.051884
35,77333,Felix Nmecha,907463,Borussia Dortmund,2673,2,3,6.94,3.62,4.24,33,7,20,31,37,0,0,2184,29,accuratePassesPercentage,GER,2025-2026,datafc_sofascore,2026-08-09T01:15:33.051884
35,77333,Lucas Vázquez,255239,Bayer 04 Leverkusen,2681,1,2,6.94,0.5,2.26,4,1,11,1,6,2,0,499,12,accuratePassesPercentage,GER,2025-2026,datafc_sofascore,2026-08-09T01:15:33.051884
35,77333,Kosta Nedeljković,1152923,RB Leipzig,36360,0,0,6.3,,0.09,0,0,0,0,1,0,0,252,5,accuratePassesPercentage,GER,2025-2026,datafc_sofascore,2026-08-09T01:15:33.051884
35,77333,Patrick Mainka,254429,1. FC Heidenheim,5885,2,2,6.85,3.49,1.36,37,9,10,4,45,1,0,3060,34,accuratePassesPercentage,GER,2025-2026,datafc_sofascore,2026-08-09T01:15:33.051884
35,77333,Oscar Fraulo,1008245,Borussia M'gladbach,2527,1,0,6.73,0.29,0.03,1,1,0,0,1,0,0,55,4,accuratePassesPercentage,GER,2025-2026,datafc_sofascore,2026-08-09T01:15:33.051884
35,77333,Bence Dárdai,1418624,VfL Wolfsburg,2524,0,0,6.7,,0.0,0,0,1,0,1,0,0,34,1,accuratePassesPercentage,GER,2025-2026,datafc_sofascore,2026-08-09T01:15:33.051884
35,77333,Luka Duric,2216257,TSG Hoffenheim,2569,0,0,6.7,,0.0,0,0,0,0,0,0,0,9,1,accuratePassesPercentage,GER,2025-2026,datafc_sofascore,2026-08-09T01:15:33.051884
35,77333,Rouven Tarnutzer,2217897,SC Freiburg,2538,0,0,6.5,,0.0,0,0,0,0,0,0,0,11,1,accuratePassesPercentage,GER,2025-2026,datafc_sofascore,2026-08-09T01:15:33.051884
35,77333,Deniz Ofli,1584884,FC Bayern München,2672,0,0,6.3,,0.0,0,0,0,0,0,0,0,8,1,accuratePassesPercentage,GER,2025-2026,datafc_sofascore,2026-08-09T01:15:33.051884
35,77333,Cassiano Kiala,1994978,FC Bayern München,2672,0,0,0.0,,0.0,0,0,0,0,0,0,0,1,1,accuratePassesPercentage,GER,2025-2026,datafc_sofascore,2026-08-09T01:15:33.051884
35,77333,Leart Paqarada,151581,1. FC Heidenheim,5885,0,0,0.0,,0.0,0,0,0,0,0,0,0,7,1,accuratePassesPercentage,GER,2025-2026,datafc_sofascore,2026-08-09T01:15:33.051884
35,77333,Tobias Weigel,2255188,1. FC Heidenheim,5885,0,0,0.0,,0.0,0,0,0,0,0,0,0,1,1,accuratePassesPercentage,GER,2025-2026,datafc_sofascore,2026-08-09T01:15:33.051884
35,77333,Dmytro Bogdanov,1568506,1. FC Union Berlin,2547,0,0,0.0,0.97,0.0,3,1,0,0,0,0,0,5,2,accuratePassesPercentage,GER,2025-2026,datafc_sofascore,2026-08-09T01:15:33.051884
35,77333,Jonathan Tah,227672,FC Bayern München,2672,2,1,7.24,0.71,1.73,8,5,5,3,24,7,0,2024,28,accuratePassesPercentage,GER,2025-2026,datafc_sofascore,2026-08-09T01:15:33.051884
35,77333,Valentin Gendrey,944899,TSG Hoffenheim,2569,1,1,6.87,0.28,0.56,2,1,3,0,1,0,0,69,8,accuratePassesPercentage,GER,2025-2026,datafc_sofascore,2026-08-09T01:15:33.051884
35,77333,Axel Tape,1937795,Bayer 04 Leverkusen,2681,0,0,6.33,0.22,0.03,3,1,0,7,1,1,0,221,6,accuratePassesPercentage,GER,2025-2026,datafc_sofascore,2026-08-09T01:15:33.051884
35,77333,David Daiber,1489220,FC Bayern München,2672,0,0,6.6,0.06,0.02,1,0,0,2,0,0,0,27,2,accuratePassesPercentage,GER,2025-2026,datafc_sofascore,2026-08-09T01:15:33.051884
35,77333,Skelly Alvero,1165722,SV Werder Bremen,2534,0,0,6.75,,0.0,0,0,0,0,0,0,0,37,2,accuratePassesPercentage,GER,2025-2026,datafc_sofascore,2026-08-09T01:15:33.051884
35,77333,Kim Min-jae,896569,FC Bayern München,2672,1,1,7.23,0.62,1.41,5,3,5,1,22,1,0,1621,25,accuratePassesPercentage,GER,2025-2026,datafc_sofascore,2026-08-09T01:15:33.051884
35,77333,Aleksandar Pavlović,1142251,FC Bayern München,2672,3,1,7.18,1.6,2.34,10,5,21,4,26,2,0,1460,24,accuratePassesPercentage,GER,2025-2026,datafc_sofascore,2026-08-09T01:15:33.051884
35,77333,Andrija Maksimović,1406171,RB Leipzig,36360,0,0,6.6,0.08,0.17,2,0,3,0,0,0,0,88,8,accuratePassesPercentage,GER,2025-2026,datafc_sofascore,2026-08-09T01:15:33.051884
35,77333,Maycon Cardozo,2236502,FC Bayern München,2672,0,0,6.5,,0.01,0,0,0,0,0,0,0,32,2,accuratePassesPercentage,GER,2025-2026,datafc_sofascore,2026-08-09T01:15:33.051884
35,77333,Niklas Süle,168937,Borussia Dortmund,2673,0,1,6.88,0.03,0.2,2,1,2,1,8,3,0,487,11,accuratePassesPercentage,GER,2025-2026,datafc_sofascore,2026-08-09T01:15:33.051884
35,77333,Alphonso Davies,843665,FC Bayern München,2672,1,3,6.82,0.35,1.63,4,1,9,13,9,1,0,534,13,accuratePassesPercentage,GER,2025-2026,datafc_sofascore,2026-08-09T01:15:33.051884
35,77333,Bara Sapoko Ndiaye,2427970,FC Bayern München,2672,0,0,6.7,,0.08,0,0,0,8,6,0,0,148,4,accuratePassesPercentage,GER,2025-2026,datafc_sofascore,2026-08-09T01:15:33.051884
35,77333,Daniel Elfadli,945532,Hamburger SV,2676,0,0,6.56,0.41,0.39,4,1,2,3,22,4,1,1266,21,accuratePassesPercentage,GER,2025-2026,datafc_sofascore,2026-08-09T01:15:33.051884
35,77333,Rav van den Berg,1014493,1. FC Köln,2671,0,1,6.61,,0.12,0,0,1,0,14,0,1,1138,14,accuratePassesPercentage,GER,2025-2026,datafc_sofascore,2026-08-09T01:15:33.051884
35,77333,Claudio Echeverri,1482424,Bayer 04 Leverkusen,2681,0,0,6.6,0.1,0.45,1,0,1,1,1,0,0,136,6,accuratePassesPercentage,GER,2025-2026,datafc_sofascore,2026-08-09T01:15:33.051884
35,77333,Aleix García,796047,Bayer 04 Leverkusen,2681,3,8,7.45,2.29,6.65,30,5,51,4,26,6,0,2676,33,accuratePassesPercentage,GER,2025-2026,datafc_sofascore,2026-08-09T01:15:33.051884
35,77333,El Chadaille Bitshiabu,1048009,RB Leipzig,36360,0,0,6.87,0.16,0.14,2,0,2,0,8,0,0,672,11,accuratePassesPercentage,GER,2025-2026,datafc_sofascore,2026-08-09T01:15:33.051884
35,77333,Tom Bischof,1129935,FC Bayern München,2672,3,3,6.9,1.83,2.67,30,9,24,7,26,2,0,1320,26,accuratePassesPercentage,GER,2025-2026,datafc_sofascore,2026-08-09T01:15:33.051884
35,77333,Dayot Upamecano,798583,FC Bayern München,2672,1,1,7.16,1.03,1.62,8,2,11,4,44,4,0,1797,24,accuratePassesPercentage,GER,2025-2026,datafc_sofascore,2026-08-09T01:15:33.051884
35,77333,Joshua Kimmich,259117,FC Bayern München,2672,2,8,7.71,2.65,10.24,28,10,58,11,32,4,0,2280,29,accuratePassesPercentage,GER,2025-2026,datafc_sofascore,2026-08-09T01:15:33.051884
35,77333,Loïc Badé,1006489,Bayer 04 Leverkusen,2681,0,0,7.21,1.29,0.88,12,4,2,3,33,5,0,1659,23,accuratePassesPercentage,GER,2025-2026,datafc_sofascore,2026-08-09T01:15:33.051884
35,77333,Nico Elvedi,282229,Borussia M'gladbach,2527,0,2,7.01,0.45,1.27,9,0,13,1,43,5,0,2967,33,accuratePassesPercentage,GER,2025-2026,datafc_sofascore,2026-08-09T01:15:33.051884
35,77333,Robin Koch,581302,Eintracht Frankfurt,2674,3,1,6.96,1.38,1.67,15,5,10,2,42,1,1,2835,32,accuratePassesPercentage,GER,2025-2026,datafc_sofascore,2026-08-09T01:15:33.051884
35,77333,Bruno Ogbus,1596573,SC Freiburg,2538,0,0,6.64,0.37,0.2,5,2,1,3,23,1,0,1186,18,accuratePassesPercentage,GER,2025-2026,datafc_sofascore,2026-08-09T01:15:33.051884
35,77333,Leon Goretzka,184661,FC Bayern München,2672,5,3,7.13,4.8,3.81,35,11,22,11,29,4,0,1954,31,accuratePassesPercentage,GER,2025-2026,datafc_sofascore,2026-08-09T01:15:33.051884
35,77333,Hiroki Itō,873106,FC Bayern München,2672,1,2,6.81,0.85,1.07,10,3,6,4,4,0,0,932,16,accuratePassesPercentage,GER,2025-2026,datafc_sofascore,2026-08-09T01:15:33.051884
35,77333,Lukas Klostermann,319853,RB Leipzig,36360,0,1,6.95,0.09,0.02,2,1,2,0,3,0,0,102,5,accuratePassesPercentage,GER,2025-2026,datafc_sofascore,2026-08-09T01:15:33.051884
35,77333,Edmond Tapsoba,883262,Bayer 04 Leverkusen,2681,5,3,7.2,2.5,1.42,29,10,11,8,31,7,0,2576,29,accuratePassesPercentage,GER,2025-2026,datafc_sofascore,2026-08-09T01:15:33.051884
35,77333,Finn Jeltsch,1418649,VfB Stuttgart,2677,0,1,6.73,0.15,0.34,3,0,5,5,24,3,0,1512,23,accuratePassesPercentage,GER,2025-2026,datafc_sofascore,2026-08-09T01:15:33.051884
35,77333,Luca Jaquez,1127823,VfB Stuttgart,2677,0,1,6.82,0.12,0.47,4,0,5,2,8,1,0,900,14,accuratePassesPercentage,GER,2025-2026,datafc_sofascore,2026-08-09T01:15:33.051884
35,77333,Elias Baum,1403018,Eintracht Frankfurt,2674,0,0,6.6,,0.05,0,0,1,0,1,0,0,71,5,accuratePassesPercentage,GER,2025-2026,datafc_sofascore,2026-08-09T01:15:33.051884
35,77333,Exequiel Palacios,822600,Bayer 04 Leverkusen,2681,0,1,7.06,0.6,1.93,10,2,13,4,21,3,0,1097,18,accuratePassesPercentage,GER,2025-2026,datafc_sofascore,2026-08-09T01:15:33.051884
35,77333,Denis Huseinbašić,1064842,1. FC Köln,2671,0,0,6.67,0.42,0.33,6,0,4,1,17,1,0,737,15,accuratePassesPercentage,GER,2025-2026,datafc_sofascore,2026-08-09T01:15:33.051884
35,77333,Max Finkgräfe,1146250,RB Leipzig,36360,1,1,6.66,0.19,0.73,4,2,12,5,16,2,0,502,13,accuratePassesPercentage,GER,2025-2026,datafc_sofascore,2026-08-09T01:15:33.051884
35,77333,Ramon Hendriks,916943,VfB Stuttgart,2677,0,3,6.75,0.31,1.1,5,0,6,8,35,3,0,2033,31,accuratePassesPercentage,GER,2025-2026,datafc_sofascore,2026-08-09T01:15:33.051884
35,77333,Salih Özcan,795005,Borussia Dortmund,2673,0,0,6.63,0.1,0.26,1,0,2,0,2,0,0,93,11,accuratePassesPercentage,GER,2025-2026,datafc_sofascore,2026-08-09T01:15:33.051884
35,77333,Jarell Quansah,1003339,Bayer 04 Leverkusen,2681,4,0,6.88,2.84,1.29,18,8,11,14,28,9,0,2308,28,accuratePassesPercentage,GER,2025-2026,datafc_sofascore,2026-08-09T01:15:33.051884
35,77333,Philipp Lienhart,576266,SC Freiburg,2538,1,0,6.95,1.06,0.58,8,2,5,3,18,2,1,1305,20,accuratePassesPercentage,GER,2025-2026,datafc_sofascore,2026-08-09T01:15:33.051884
35,77333,Castello Lukeba,976421,RB Leipzig,36360,1,0,7.07,1.16,0.77,8,2,7,22,31,3,0,2177,26,accuratePassesPercentage,GER,2025-2026,datafc_sofascore,2026-08-09T01:15:33.051884
35,77333,Noahkai Banks,1597260,FC Augsburg,2600,1,1,6.92,1.13,1.01,9,5,7,5,42,8,0,1738,23,accuratePassesPercentage,GER,2025-2026,datafc_sofascore,2026-08-09T01:15:33.051884
35,77333,Robert Andrich,168903,Bayer 04 Leverkusen,2681,2,0,6.83,0.72,1.66,12,3,12,1,43,4,1,2547,32,accuratePassesPercentage,GER,2025-2026,datafc_sofascore,2026-08-09T01:15:33.051884
35,77333,Konrad Laimer,355492,FC Bayern München,2672,3,9,6.81,2.42,5.21,17,8,45,14,46,9,0,1997,29,accuratePassesPercentage,GER,2025-2026,datafc_sofascore,2026-08-09T01:15:33.051884
35,77333,Mick Schmetgens,1568521,SV Werder Bremen,2534,0,0,7.5,,0.11,0,0,0,0,1,0,0,36,2,accuratePassesPercentage,GER,2025-2026,datafc_sofascore,2026-08-09T01:15:33.051884
35,77333,Ben Bobzien,1134525,1. FSV Mainz 05,2556,0,0,6.7,,0.0,0,0,0,0,2,0,0,9,1,accuratePassesPercentage,GER,2025-2026,datafc_sofascore,2026-08-09T01:15:33.051884
35,77333,Aboubaka Soumahoro,1605225,Hamburger SV,2676,0,0,6.2,,0.17,0,0,1,0,1,1,0,141,4,accuratePassesPercentage,GER,2025-2026,datafc_sofascore,2026-08-09T01:15:33.051884
35,77333,Leon Avdullahu,1493305,TSG Hoffenheim,2569,0,1,7.03,0.59,2.48,14,2,22,8,47,5,0,2838,33,accuratePassesPercentage,GER,2025-2026,datafc_sofascore,2026-08-09T01:15:33.051884
35,77333,Arthur Theate,965778,Eintracht Frankfurt,2674,1,0,6.78,1.1,1.27,15,7,12,4,35,8,0,2143,24,accuratePassesPercentage,GER,2025-2026,datafc_sofascore,2026-08-09T01:15:33.051884
35,77333,Waldemar Anton,799046,Borussia Dortmund,2673,2,0,7.25,1.74,1.26,16,6,8,13,73,3,0,2880,32,accuratePassesPercentage,GER,2025-2026,datafc_sofascore,2026-08-09T01:15:33.051884
35,77333,Serge Gnabry,187433,FC Bayern München,2672,8,6,7.09,6.26,5.08,50,17,23,16,18,1,0,1228,21,accuratePassesPercentage,GER,2025-2026,datafc_sofascore,2026-08-09T01:15:33.051884
35,77333,Josip Stanišić,927407,FC Bayern München,2672,2,3,6.91,1.36,5.03,7,4,24,10,28,1,0,1855,26,accuratePassesPercentage,GER,2025-2026,datafc_sofascore,2026-08-09T01:15:33.051884
35,77333,Oscar Højlund,1149113,Eintracht Frankfurt,2674,1,1,6.54,0.54,0.81,7,3,7,5,29,2,1,1099,24,accuratePassesPercentage,GER,2025-2026,datafc_sofascore,2026-08-09T01:15:33.051884
35,77333,Willi Orbán,136924,RB Leipzig,36360,2,0,7.22,2.38,1.05,20,9,11,6,47,4,0,2950,33,accuratePassesPercentage,GER,2025-2026,datafc_sofascore,2026-08-09T01:15:33.051884
35,77333,Raphaël Guerreiro,246999,FC Bayern München,2672,5,2,6.77,3.43,1.43,12,5,19,3,7,0,0,803,18,accuratePassesPercentage,GER,2025-2026,datafc_sofascore,2026-08-09T01:15:33.051884
35,77333,Ezequiel Fernández,1003012,Bayer 04 Leverkusen,2681,0,1,6.8,0.68,1.13,11,1,8,9,31,2,1,1001,20,accuratePassesPercentage,GER,2025-2026,datafc_sofascore,2026-08-09T01:15:33.051884
35,77333,Jeanuël Belocian,1173172,VfL Wolfsburg,2524,0,1,6.61,0.47,0.69,4,0,5,7,35,3,0,1547,22,accuratePassesPercentage,GER,2025-2026,datafc_sofascore,2026-08-09T01:15:33.051884
35,77333,Kevin Diks,583806,Borussia M'gladbach,2527,5,0,6.96,5.08,1.13,23,13,8,10,43,6,0,2467,30,accuratePassesPercentage,GER,2025-2026,datafc_sofascore,2026-08-09T01:15:33.051884
35,77333,Merlin Röhl,1064082,SC Freiburg,2538,0,0,6.3,,0.03,0,0,0,0,1,0,0,65,2,accuratePassesPercentage,GER,2025-2026,datafc_sofascore,2026-08-09T01:15:33.051884
35,77333,Xavi Simons,997183,RB Leipzig,36360,0,0,6.2,,0.03,0,0,1,2,0,0,0,90,1,accuratePassesPercentage,GER,2025-2026,datafc_sofascore,2026-08-09T01:15:33.051884
35,77333,Maximilian Rosenfelder,1131337,SC Freiburg,2538,0,0,6.53,0.02,0.03,1,0,0,2,8,0,0,507,12,accuratePassesPercentage,GER,2025-2026,datafc_sofascore,2026-08-09T01:15:33.051884
35,77333,Nicolai Remberg,1064305,Hamburger SV,2676,0,2,6.93,1.03,1.41,17,8,13,14,60,11,0,2880,32,accuratePassesPercentage,GER,2025-2026,datafc_sofascore,2026-08-09T01:15:33.051884
35,77333,Moritz Jenz,920525,VfL Wolfsburg,2524,1,0,6.62,0.54,0.21,5,1,2,0,32,6,1,1789,22,accuratePassesPercentage,GER,2025-2026,datafc_sofascore,2026-08-09T01:15:33.051884
35,77333,Marco Friedl,825771,SV Werder Bremen,2534,1,0,6.88,0.68,1.08,8,2,5,4,44,9,1,2549,30,accuratePassesPercentage,GER,2025-2026,datafc_sofascore,2026-08-09T01:15:33.051884
35,77333,Nicolas Seiwald,976575,RB Leipzig,36360,0,2,6.9,1.83,1.89,19,7,15,8,66,2,0,2703,33,accuratePassesPercentage,GER,2025-2026,datafc_sofascore,2026-08-09T01:15:33.051884
35,77333,Koki Machida,790977,TSG Hoffenheim,2569,0,0,6.3,,0.01,0,0,0,0,1,1,0,44,1,accuratePassesPercentage,GER,2025-2026,datafc_sofascore,2026-08-09T01:15:33.051884
35,77333,Jeff Chabot,863271,VfB Stuttgart,2677,0,0,7.11,1.13,0.85,18,7,7,4,34,3,0,2296,27,accuratePassesPercentage,GER,2025-2026,datafc_sofascore,2026-08-09T01:15:33.051884
35,77333,Niklas Dorsch,794995,1. FC Heidenheim,5885,0,1,6.88,0.59,2.64,14,3,24,12,59,2,0,2270,32,accuratePassesPercentage,GER,2025-2026,datafc_sofascore,2026-08-09T01:15:33.051884
35,77333,Ameen Al-Dakhil,1979970,VfB Stuttgart,2677,0,0,6.6,0.06,0.06,1,0,2,2,8,1,0,390,8,accuratePassesPercentage,GER,2025-2026,datafc_sofascore,2026-08-09T01:15:33.051884
35,77333,Nico Schlotterbeck,940871,Borussia Dortmund,2673,5,1,7.67,3.72,2.69,32,9,12,15,50,8,0,2520,28,accuratePassesPercentage,GER,2025-2026,datafc_sofascore,2026-08-09T01:15:33.051884
35,77333,Jessic Ngankam,906276,Eintracht Frankfurt,2674,0,0,6.43,,0.01,0,0,0,1,0,0,0,70,3,accuratePassesPercentage,GER,2025-2026,datafc_sofascore,2026-08-09T01:15:33.051884
35,77333,Angelo Stiller,901882,VfB Stuttgart,2677,2,5,7.25,3.08,7.46,17,8,56,14,49,1,0,2750,34,accuratePassesPercentage,GER,2025-2026,datafc_sofascore,2026-08-09T01:15:33.051884
35,77333,Luca Reggiani,1937833,Borussia Dortmund,2673,1,0,6.8,0.43,0.1,3,1,2,4,14,2,0,513,8,accuratePassesPercentage,GER,2025-2026,datafc_sofascore,2026-08-09T01:15:33.051884
35,77333,Kota Takai,1144143,Borussia M'gladbach,2527,0,0,6.53,0.16,0.09,3,2,2,0,11,1,0,357,8,accuratePassesPercentage,GER,2025-2026,datafc_sofascore,2026-08-09T01:15:33.051884
35,77333,Ellyes Skhiri,591706,Eintracht Frankfurt,2674,0,0,6.69,0.64,0.73,8,0,7,7,20,1,1,1450,25,accuratePassesPercentage,GER,2025-2026,datafc_sofascore,2026-08-09T01:15:33.051884
35,77333,Niklas Stark,229544,SV Werder Bremen,2534,0,0,6.54,0.41,0.25,3,1,0,0,16,4,2,727,14,accuratePassesPercentage,GER,2025-2026,datafc_sofascore,2026-08-09T01:15:33.051884
35,77333,Aurèle Amenda,999276,Eintracht Frankfurt,2674,0,0,6.67,0.77,0.88,10,2,6,2,15,5,0,1685,24,accuratePassesPercentage,GER,2025-2026,datafc_sofascore,2026-08-09T01:15:33.051884
35,77333,Joel Schmied,965950,1. FC Köln,2671,0,0,6.31,0.23,0.33,5,0,2,1,11,5,0,1080,16,accuratePassesPercentage,GER,2025-2026,datafc_sofascore,2026-08-09T01:15:33.051884
35,77333,Albert Sambi Lokonga,901892,Hamburger SV,2676,5,0,6.96,2.05,1.6,19,11,25,8,31,3,0,1712,26,accuratePassesPercentage,GER,2025-2026,datafc_sofascore,2026-08-09T01:15:33.051884
35,77333,Nnamdi Collins,1048569,Eintracht Frankfurt,2674,1,2,6.69,0.45,0.46,4,1,3,11,49,4,0,1508,23,accuratePassesPercentage,GER,2025-2026,datafc_sofascore,2026-08-09T01:15:33.051884
35,77333,Timo Werner,232306,RB Leipzig,36360,0,0,6.5,,0.05,0,0,0,0,0,0,0,13,3,accuratePassesPercentage,GER,2025-2026,datafc_sofascore,2026-08-09T01:15:33.051884
35,77333,Matthias Ginter,142259,SC Freiburg,2538,3,4,6.98,2.3,2.92,19,7,15,3,22,3,0,2836,32,accuratePassesPercentage,GER,2025-2026,datafc_sofascore,2026-08-09T01:15:33.051884
35,77333,Ramy Bensebaini,577726,Borussia Dortmund,2673,5,2,7.38,3.11,1.94,17,7,10,4,28,6,0,1529,21,accuratePassesPercentage,GER,2025-2026,datafc_sofascore,2026-08-09T01:15:33.051884
35,77333,Jobe Bellingham,1134083,Borussia Dortmund,2673,0,1,6.75,1.08,1.27,19,6,9,15,44,2,1,1800,32,accuratePassesPercentage,GER,2025-2026,datafc_sofascore,2026-08-09T01:15:33.051884
35,77333,Alejandro Grimaldo,177177,Bayer 04 Leverkusen,2681,8,8,7.31,6.65,10.13,60,21,70,25,49,5,0,2524,29,accuratePassesPercentage,GER,2025-2026,datafc_sofascore,2026-08-09T01:15:33.051884
35,77333,Aarón Anselmino,1500263,Borussia Dortmund,2673,1,0,7.24,0.07,0.11,1,1,0,1,9,0,0,368,6,accuratePassesPercentage,GER,2025-2026,datafc_sofascore,2026-08-09T01:15:33.051884
35,77333,Andreas Skov Olsen,888537,VfL Wolfsburg,2524,1,0,6.81,0.32,0.94,7,2,7,3,2,1,0,369,8,accuratePassesPercentage,GER,2025-2026,datafc_sofascore,2026-08-09T01:15:33.051884
35,77333,Pascal Groß,48480,Borussia Dortmund,2673,0,1,6.81,0.59,2.5,8,1,11,4,8,0,0,618,11,accuratePassesPercentage,GER,2025-2026,datafc_sofascore,2026-08-09T01:15:33.051884
35,77333,Timo Hübers,387220,1. FC Köln,2671,0,0,6.96,,0.1,0,0,0,1,14,0,0,669,8,accuratePassesPercentage,GER,2025-2026,datafc_sofascore,2026-08-09T01:15:33.051884
35,77333,Felix Nmecha,907463,Borussia Dortmund,2673,2,3,6.94,3.62,4.24,33,7,20,31,37,0,0,2184,29,accuratePassesPercentage,GER,2025-2026,datafc_sofascore,2026-08-09T01:15:33.051884
35,77333,Lucas Vázquez,255239,Bayer 04 Leverkusen,2681,1,2,6.94,0.5,2.26,4,1,11,1,6,2,0,499,12,accuratePassesPercentage,GER,2025-2026,datafc_sofascore,2026-08-09T01:15:33.051884
35,77333,Kosta Nedeljković,1152923,RB Leipzig,36360,0,0,6.3,,0.09,0,0,0,0,1,0,0,252,5,accuratePassesPercentage,GER,2025-2026,datafc_sofascore,2026-08-09T01:15:33.051884
35,77333,Patrick Mainka,254429,1. FC Heidenheim,5885,2,2,6.85,3.49,1.36,37,9,10,4,45,1,0,3060,34,accuratePassesPercentage,GER,2025-2026,datafc_sofascore,2026-08-09T01:15:33.051884
35,77333,David Raum,856076,RB Leipzig,36360,3,7,7.33,2.2,12.39,24,8,98,16,48,6,0,2556,30,keyPasses,GER,2025-2026,datafc_sofascore,2026-08-09T01:15:33.051884
35,77333,Romano Schmid,830127,SV Werder Bremen,2534,4,8,6.91,7.83,10.44,57,21,89,37,46,4,0,2988,34,keyPasses,GER,2025-2026,datafc_sofascore,2026-08-09T01:15:33.051884
35,77333,Michael Olise,978838,FC Bayern München,2672,15,19,7.87,11.46,17.23,101,50,81,65,24,8,0,2317,32,keyPasses,GER,2025-2026,datafc_sofascore,2026-08-09T01:15:33.051884
35,77333,Alejandro Grimaldo,177177,Bayer 04 Leverkusen,2681,8,8,7.31,6.65,10.13,60,21,70,25,49,5,0,2524,29,keyPasses,GER,2025-2026,datafc_sofascore,2026-08-09T01:15:33.051884
35,77333,Luis Díaz,883537,FC Bayern München,2672,15,14,7.26,15.1,7.74,88,37,67,61,21,5,1,2450,32,keyPasses,GER,2025-2026,datafc_sofascore,2026-08-09T01:15:33.051884
35,77333,Nadiem Amiri,327755,1. FSV Mainz 05,2556,12,2,7.43,10.4,7.69,55,23,63,25,31,6,0,2090,26,keyPasses,GER,2025-2026,datafc_sofascore,2026-08-09T01:15:33.051884
35,77333,Christian Eriksen,105734,VfL Wolfsburg,2524,3,9,6.91,5.96,7.65,38,14,63,10,38,4,0,2419,31,keyPasses,GER,2025-2026,datafc_sofascore,2026-08-09T01:15:33.051884
35,77333,Vladimír Coufal,138024,TSG Hoffenheim,2569,1,8,7.12,0.88,8.99,25,6,59,31,60,4,0,3017,34,keyPasses,GER,2025-2026,datafc_sofascore,2026-08-09T01:15:33.051884
35,77333,Joshua Kimmich,259117,FC Bayern München,2672,2,8,7.71,2.65,10.24,28,10,58,11,32,4,0,2280,29,keyPasses,GER,2025-2026,datafc_sofascore,2026-08-09T01:15:33.051884
35,77333,Yan Diomande,2087085,RB Leipzig,36360,12,8,7.72,7.14,10.12,53,26,56,118,29,2,0,2476,33,keyPasses,GER,2025-2026,datafc_sofascore,2026-08-09T01:15:33.051884
35,77333,Angelo Stiller,901882,VfB Stuttgart,2677,2,5,7.25,3.08,7.46,17,8,56,14,49,1,0,2750,34,keyPasses,GER,2025-2026,datafc_sofascore,2026-08-09T01:15:33.051884
35,77333,Julian Ryerson,800951,Borussia Dortmund,2673,0,15,7.08,0.93,10.04,12,1,56,24,34,8,0,2272,31,keyPasses,GER,2025-2026,datafc_sofascore,2026-08-09T01:15:33.051884
35,77333,Arijon Ibrahimović,1142248,1. FC Heidenheim,5885,2,4,6.8,6.31,6.3,47,19,56,23,34,2,0,2181,32,keyPasses,GER,2025-2026,datafc_sofascore,2026-08-09T01:15:33.051884
35,77333,Christopher Trimmel,48557,1. FC Union Berlin,2547,0,3,7.02,0.09,6.41,5,1,53,1,38,8,0,1875,29,keyPasses,GER,2025-2026,datafc_sofascore,2026-08-09T01:15:33.051884
35,77333,Jakub Kamiński,801263,1. FC Köln,2671,7,3,7.1,7.06,6.41,63,26,52,24,45,4,0,3019,34,keyPasses,GER,2025-2026,datafc_sofascore,2026-08-09T01:15:33.051884
35,77333,Aleix García,796047,Bayer 04 Leverkusen,2681,3,8,7.45,2.29,6.65,30,5,51,4,26,6,0,2676,33,keyPasses,GER,2025-2026,datafc_sofascore,2026-08-09T01:15:33.051884
35,77333,Wouter Burger,916946,TSG Hoffenheim,2569,4,5,7.08,3.46,5.35,36,13,51,4,72,7,1,2440,30,keyPasses,GER,2025-2026,datafc_sofascore,2026-08-09T01:15:33.051884
35,77333,Chris Führich,891510,VfB Stuttgart,2677,7,7,7.17,4.26,8.05,45,23,49,28,15,2,0,1723,33,keyPasses,GER,2025-2026,datafc_sofascore,2026-08-09T01:15:33.051884
35,77333,Danel Sinani,887500,FC St. Pauli,2526,5,3,6.72,5.06,4.78,51,18,47,12,25,4,0,2068,30,keyPasses,GER,2025-2026,datafc_sofascore,2026-08-09T01:15:33.051884
35,77333,Bazoumana Touré,1568123,TSG Hoffenheim,2569,5,9,6.91,4.16,5.75,48,13,46,48,34,2,0,2325,30,keyPasses,GER,2025-2026,datafc_sofascore,2026-08-09T01:15:33.051884
35,77333,Bilal El Khannouss,1126569,VfB Stuttgart,2677,4,5,6.98,3.17,5.74,42,15,45,18,28,6,0,1634,25,keyPasses,GER,2025-2026,datafc_sofascore,2026-08-09T01:15:33.051884
35,77333,Franck Honorat,280453,Borussia M'gladbach,2527,2,6,6.87,0.91,6.75,17,5,45,17,22,0,0,1987,28,keyPasses,GER,2025-2026,datafc_sofascore,2026-08-09T01:15:33.051884
35,77333,Konrad Laimer,355492,FC Bayern München,2672,3,9,6.81,2.42,5.21,17,8,45,14,46,9,0,1997,29,keyPasses,GER,2025-2026,datafc_sofascore,2026-08-09T01:15:33.051884
35,77333,Fabian Rieder,929620,FC Augsburg,2600,6,3,6.89,4.19,4.59,38,13,44,19,37,4,0,2359,32,keyPasses,GER,2025-2026,datafc_sofascore,2026-08-09T01:15:33.051884
35,77333,Deniz Undav,794298,VfB Stuttgart,2677,19,6,7.19,16.4,4.03,122,46,41,9,18,5,0,2247,29,keyPasses,GER,2025-2026,datafc_sofascore,2026-08-09T01:15:33.051884
35,77333,Jamie Leweling,990201,VfB Stuttgart,2677,7,9,7.03,4.31,5.22,49,18,41,31,22,4,0,2375,32,keyPasses,GER,2025-2026,datafc_sofascore,2026-08-09T01:15:33.051884
35,77333,Vincenzo Grifo,171961,SC Freiburg,2538,7,4,6.94,5.74,4.66,30,12,41,10,10,0,0,1720,33,keyPasses,GER,2025-2026,datafc_sofascore,2026-08-09T01:15:33.051884
35,77333,Miro Muheim,798303,Hamburger SV,2676,0,4,6.93,1.19,4.25,23,7,41,21,62,7,1,2437,29,keyPasses,GER,2025-2026,datafc_sofascore,2026-08-09T01:15:33.051884
35,77333,Paul Nebel,980621,1. FSV Mainz 05,2556,5,2,6.61,5.26,3.77,32,8,41,20,50,2,2,2081,30,keyPasses,GER,2025-2026,datafc_sofascore,2026-08-09T01:15:33.051884
35,77333,Harry Kane,108579,FC Bayern München,2672,36,5,7.84,26.87,4.27,119,67,40,32,19,1,0,2382,31,keyPasses,GER,2025-2026,datafc_sofascore,2026-08-09T01:15:33.051884
35,77333,Ritsu Doan,790965,Eintracht Frankfurt,2674,5,5,6.85,3.36,5.62,41,15,40,34,43,5,0,2379,31,keyPasses,GER,2025-2026,datafc_sofascore,2026-08-09T01:15:33.051884
35,77333,Farès Chaïbi,1192318,Eintracht Frankfurt,2674,2,9,6.83,2.83,3.9,35,9,40,11,31,2,0,1797,28,keyPasses,GER,2025-2026,datafc_sofascore,2026-08-09T01:15:33.051884
35,77333,Fábio Vieira,904835,Hamburger SV,2676,7,5,7.18,4.65,4.07,59,19,39,32,20,2,2,2215,29,keyPasses,GER,2025-2026,datafc_sofascore,2026-08-09T01:15:33.051884
35,77333,Maximilian Mittelstädt,788949,VfB Stuttgart,2677,6,4,7.2,4.4,6.02,31,16,37,14,67,4,0,2195,32,keyPasses,GER,2025-2026,datafc_sofascore,2026-08-09T01:15:33.051884
35,77333,Christoph Baumgartner,825956,RB Leipzig,36360,13,8,6.93,15.1,3.94,81,35,37,13,54,10,0,2789,33,keyPasses,GER,2025-2026,datafc_sofascore,2026-08-09T01:15:33.051884
35,77333,Ridle Baku,856553,RB Leipzig,36360,2,3,6.87,2.56,6.05,30,6,37,13,60,4,0,2509,32,keyPasses,GER,2025-2026,datafc_sofascore,2026-08-09T01:15:33.051884
35,77333,Andrej Kramarić,67647,TSG Hoffenheim,2569,14,6,7.03,11.89,5.02,64,33,36,19,8,2,0,2222,34,keyPasses,GER,2025-2026,datafc_sofascore,2026-08-09T01:15:33.051884
35,77333,Fisnik Asllani,1010117,TSG Hoffenheim,2569,10,7,6.73,8.28,3.93,73,28,36,17,17,2,0,2354,33,keyPasses,GER,2025-2026,datafc_sofascore,2026-08-09T01:15:33.051884
35,77333,Jan-Niklas Beste,836711,SC Freiburg,2538,2,2,6.8,3.44,4.25,24,14,35,15,40,5,0,1716,28,keyPasses,GER,2025-2026,datafc_sofascore,2026-08-09T01:15:33.051884
35,77333,Daniel Svensson,1021272,Borussia Dortmund,2673,2,2,6.78,1.79,5.5,12,4,35,12,38,0,0,2452,33,keyPasses,GER,2025-2026,datafc_sofascore,2026-08-09T01:15:33.051884
35,77333,Dimitrios Giannoulis,354878,FC Augsburg,2600,2,5,6.92,1.17,4.05,10,6,34,19,27,8,0,1901,27,keyPasses,GER,2025-2026,datafc_sofascore,2026-08-09T01:15:33.051884
35,77333,Nathaniel Brown,1159759,Eintracht Frankfurt,2674,4,4,6.79,2.52,2.89,18,9,34,17,81,3,0,2658,33,keyPasses,GER,2025-2026,datafc_sofascore,2026-08-09T01:15:33.051884
35,77333,Ísak Bergmann Jóhannesson,1112327,1. FC Köln,2671,1,2,6.75,1.43,3.72,13,4,34,6,27,6,0,1812,31,keyPasses,GER,2025-2026,datafc_sofascore,2026-08-09T01:15:33.051884
35,77333,Antonio Nusa,1121923,RB Leipzig,36360,4,3,7.07,4.41,5.16,61,20,33,68,26,0,0,2035,31,keyPasses,GER,2025-2026,datafc_sofascore,2026-08-09T01:15:33.051884
35,77333,Jean-Luc Dompé,789192,Hamburger SV,2676,3,0,7.03,2.08,4.02,25,12,33,21,5,0,0,1136,20,keyPasses,GER,2025-2026,datafc_sofascore,2026-08-09T01:15:33.051884
35,77333,Alexis Claude-Maurice,822877,FC Augsburg,2600,5,4,6.87,6.88,3.2,71,26,33,44,41,3,0,2107,29,keyPasses,GER,2025-2026,datafc_sofascore,2026-08-09T01:15:33.051884
35,77333,Marco Grüll,815612,SV Werder Bremen,2534,3,1,6.76,3.6,3.09,43,13,33,21,38,5,0,2020,33,keyPasses,GER,2025-2026,datafc_sofascore,2026-08-09T01:15:33.051884
35,77333,Julian Brandt,226978,Borussia Dortmund,2673,7,4,6.99,5.7,5.3,37,18,32,18,14,0,0,1627,29,keyPasses,GER,2025-2026,datafc_sofascore,2026-08-09T01:15:33.051884
35,77333,Jean-Mattéo Bahoya,1146148,Eintracht Frankfurt,2674,3,4,6.96,2.04,3.33,29,9,31,41,31,2,0,1335,27,keyPasses,GER,2025-2026,datafc_sofascore,2026-08-09T01:15:33.051884
35,77333,Robin Fellhauer,860461,FC Augsburg,2600,3,2,6.8,2.79,2.64,30,9,31,15,57,2,0,2810,34,keyPasses,GER,2025-2026,datafc_sofascore,2026-08-09T01:15:33.051884
35,77333,Joel Chima Fujita,1002461,FC St. Pauli,2526,1,3,6.71,1.15,3.92,31,7,30,47,68,6,0,2671,32,keyPasses,GER,2025-2026,datafc_sofascore,2026-08-09T01:15:33.051884
35,77333,Andrej Ilić,953767,1. FC Union Berlin,2547,5,9,6.7,11.26,2.17,72,26,30,7,4,5,0,2256,32,keyPasses,GER,2025-2026,datafc_sofascore,2026-08-09T01:15:33.051884
35,77333,Maximilian Arnold,147289,VfL Wolfsburg,2524,1,4,7.1,0.43,4.09,14,5,29,5,22,5,0,1860,25,keyPasses,GER,2025-2026,datafc_sofascore,2026-08-09T01:15:33.051884
35,77333,Ibrahim Maza,1407524,Bayer 04 Leverkusen,2681,3,4,7.1,5.34,4.45,54,17,29,48,41,2,0,1859,28,keyPasses,GER,2025-2026,datafc_sofascore,2026-08-09T01:15:33.051884
35,77333,Ragnar Ache,877544,1. FC Köln,2671,7,4,6.88,10.34,1.04,52,22,28,9,13,3,0,1725,29,keyPasses,GER,2025-2026,datafc_sofascore,2026-08-09T01:15:33.051884
35,77333,Rocco Reitz,1048650,Borussia M'gladbach,2527,0,4,6.86,2.57,4.92,47,14,28,24,68,8,1,2636,31,keyPasses,GER,2025-2026,datafc_sofascore,2026-08-09T01:15:33.051884
35,77333,Ernest Poku,1119502,Bayer 04 Leverkusen,2681,5,5,6.84,3.05,4.35,27,9,28,28,13,0,0,1484,29,keyPasses,GER,2025-2026,datafc_sofascore,2026-08-09T01:15:33.051884
35,77333,Cameron Puertas,916176,SV Werder Bremen,2534,1,2,6.66,1.82,2.38,37,8,27,15,60,6,0,1878,28,keyPasses,GER,2025-2026,datafc_sofascore,2026-08-09T01:15:33.051884
35,77333,Tim Lemperle,1014290,TSG Hoffenheim,2569,8,2,6.55,8.4,2.36,53,21,27,15,21,1,1,1959,29,keyPasses,GER,2025-2026,datafc_sofascore,2026-08-09T01:15:33.051884
35,77333,Jens Stage,830142,SV Werder Bremen,2534,10,2,6.98,6.08,3.21,56,21,26,13,41,5,0,2468,29,keyPasses,GER,2025-2026,datafc_sofascore,2026-08-09T01:15:33.051884
35,77333,Malik Tillman,975798,Bayer 04 Leverkusen,2681,6,0,6.93,4.62,2.91,34,13,26,11,38,2,0,1689,29,keyPasses,GER,2025-2026,datafc_sofascore,2026-08-09T01:15:33.051884
35,77333,Marius Bülter,378340,1. FC Köln,2671,5,4,6.84,4.37,4.47,42,17,26,6,7,3,0,1606,32,keyPasses,GER,2025-2026,datafc_sofascore,2026-08-09T01:15:33.051884
35,77333,Anton Kade,1129365,FC Augsburg,2600,6,0,6.84,6.35,3.01,48,21,26,24,31,3,0,1746,28,keyPasses,GER,2025-2026,datafc_sofascore,2026-08-09T01:15:33.051884
35,77333,Maximilian Beier,980628,Borussia Dortmund,2673,9,6,6.8,7.35,4.97,50,20,26,18,26,3,0,2036,32,keyPasses,GER,2025-2026,datafc_sofascore,2026-08-09T01:15:33.051884
35,77333,Kevin Stöger,95381,Borussia M'gladbach,2527,1,1,6.77,2.46,2.88,23,7,26,3,37,3,0,1341,29,keyPasses,GER,2025-2026,datafc_sofascore,2026-08-09T01:15:33.051884
35,77333,Derrick Köhn,886737,1. FC Union Berlin,2547,1,2,6.72,2.15,3.78,28,5,26,11,34,5,1,1910,29,keyPasses,GER,2025-2026,datafc_sofascore,2026-08-09T01:15:33.051884
35,77333,Rômulo,1133743,RB Leipzig,36360,9,4,6.65,14.36,2.95,63,27,26,11,30,3,0,2204,30,keyPasses,GER,2025-2026,datafc_sofascore,2026-08-09T01:15:33.051884
35,77333,Kaishu Sano,1028307,1. FSV Mainz 05,2556,1,2,7.02,1.36,3.4,24,6,25,28,52,1,0,3059,34,keyPasses,GER,2025-2026,datafc_sofascore,2026-08-09T01:15:33.051884
35,77333,Albert Sambi Lokonga,901892,Hamburger SV,2676,5,0,6.96,2.05,1.6,19,11,25,8,31,3,0,1712,26,keyPasses,GER,2025-2026,datafc_sofascore,2026-08-09T01:15:33.051884
35,77333,Yuito Suzuki,1020422,SC Freiburg,2538,4,2,6.76,3.86,2.59,38,14,25,18,20,3,0,1636,25,keyPasses,GER,2025-2026,datafc_sofascore,2026-08-09T01:15:33.051884
35,77333,Mohamed Amoura,1107591,VfL Wolfsburg,2524,8,3,6.74,8.6,2.51,60,19,25,16,38,2,0,1935,30,keyPasses,GER,2025-2026,datafc_sofascore,2026-08-09T01:15:33.051884
35,77333,Nikolas Nartey,861981,VfB Stuttgart,2677,4,3,6.93,2.52,2.76,22,12,24,18,14,2,0,1262,28,keyPasses,GER,2025-2026,datafc_sofascore,2026-08-09T01:15:33.051884
35,77333,Josip Stanišić,927407,FC Bayern München,2672,2,3,6.91,1.36,5.03,7,4,24,10,28,1,0,1855,26,keyPasses,GER,2025-2026,datafc_sofascore,2026-08-09T01:15:33.051884
35,77333,Tom Bischof,1129935,FC Bayern München,2672,3,3,6.9,1.83,2.67,30,9,24,7,26,2,0,1320,26,keyPasses,GER,2025-2026,datafc_sofascore,2026-08-09T01:15:33.051884
35,77333,Niklas Dorsch,794995,1. FC Heidenheim,5885,0,1,6.88,0.59,2.64,14,3,24,12,59,2,0,2270,32,keyPasses,GER,2025-2026,datafc_sofascore,2026-08-09T01:15:33.051884
35,77333,Lennart Karl,1861975,FC Bayern München,2672,5,5,6.83,7.59,4.96,42,21,24,22,25,1,0,1282,26,keyPasses,GER,2025-2026,datafc_sofascore,2026-08-09T01:15:33.051884
35,77333,Lucas Höler,280009,SC Freiburg,2538,3,1,6.67,4.5,1.93,34,15,24,10,25,4,0,2065,33,keyPasses,GER,2025-2026,datafc_sofascore,2026-08-09T01:15:33.051884
35,77333,Arkadiusz Pyrka,971481,FC St. Pauli,2526,0,1,6.65,1.07,2.02,19,3,24,16,39,3,0,2580,31,keyPasses,GER,2025-2026,datafc_sofascore,2026-08-09T01:15:33.051884
35,77333,Mathias Pereira Lage,831400,FC St. Pauli,2526,2,2,6.57,4.33,1.47,43,15,24,15,38,3,0,2030,28,keyPasses,GER,2025-2026,datafc_sofascore,2026-08-09T01:15:33.051884
35,77333,Serge Gnabry,187433,FC Bayern München,2672,8,6,7.09,6.26,5.08,50,17,23,16,18,1,0,1228,21,keyPasses,GER,2025-2026,datafc_sofascore,2026-08-09T01:15:33.051884
35,77333,Alessio Castro-Montes,839898,1. FC Köln,2671,1,3,6.81,1.36,2.18,8,1,23,1,18,2,0,670,14,keyPasses,GER,2025-2026,datafc_sofascore,2026-08-09T01:15:33.051884
35,77333,Mert Kömür,1390682,FC Augsburg,2600,2,4,6.64,3.42,2.1,43,16,23,17,15,1,0,1466,28,keyPasses,GER,2025-2026,datafc_sofascore,2026-08-09T01:15:33.051884
35,77333,Leon Goretzka,184661,FC Bayern München,2672,5,3,7.13,4.8,3.81,35,11,22,11,29,4,0,1954,31,keyPasses,GER,2025-2026,datafc_sofascore,2026-08-09T01:15:33.051884
35,77333,Leon Avdullahu,1493305,TSG Hoffenheim,2569,0,1,7.03,0.59,2.48,14,2,22,8,47,5,0,2838,33,keyPasses,GER,2025-2026,datafc_sofascore,2026-08-09T01:15:33.051884
35,77333,Igor Matanović,1019321,SC Freiburg,2538,11,2,6.8,9.24,1.33,52,20,22,12,23,0,0,1570,31,keyPasses,GER,2025-2026,datafc_sofascore,2026-08-09T01:15:33.051884
35,77333,Arnaud Kalimuendo,954061,Eintracht Frankfurt,2674,6,1,6.79,4.04,1.17,30,16,22,21,11,4,0,1420,19,keyPasses,GER,2025-2026,datafc_sofascore,2026-08-09T01:15:33.051884
35,77333,Oliver Burke,608362,1. FC Union Berlin,2547,6,2,6.75,5.18,1.96,33,15,22,11,12,4,0,1691,29,keyPasses,GER,2025-2026,datafc_sofascore,2026-08-09T01:15:33.051884
35,77333,Nicolás Capaldo,973564,Hamburger SV,2676,1,3,6.75,1.93,2.17,22,6,22,10,68,10,0,2009,26,keyPasses,GER,2025-2026,datafc_sofascore,2026-08-09T01:15:33.051884
35,77333,Jae-sung Lee,537552,1. FSV Mainz 05,2556,4,2,6.72,3.25,3.21,30,9,22,5,38,4,0,2198,28,keyPasses,GER,2025-2026,datafc_sofascore,2026-08-09T01:15:33.051884
35,77333,Derry Scherhant,1131002,SC Freiburg,2538,5,1,6.69,2.58,2.48,36,13,22,30,20,2,0,1308,31,keyPasses,GER,2025-2026,datafc_sofascore,2026-08-09T01:15:33.051884
35,77333,Lovro Majer,841947,VfL Wolfsburg,2524,2,3,6.63,3.09,2.56,27,7,22,12,26,5,0,1373,28,keyPasses,GER,2025-2026,datafc_sofascore,2026-08-09T01:15:33.051884
35,77333,Phillip Tietz,822340,1. FSV Mainz 05,2556,6,3,6.45,8.87,1.87,52,24,22,12,8,4,0,1807,29,keyPasses,GER,2025-2026,datafc_sofascore,2026-08-09T01:15:33.051884
35,77333,Aleksandar Pavlović,1142251,FC Bayern München,2672,3,1,7.18,1.6,2.34,10,5,21,4,26,2,0,1460,24,keyPasses,GER,2025-2026,datafc_sofascore,2026-08-09T01:15:33.051884
35,77333,Said El Mala,1800475,1. FC Köln,2671,13,4,6.97,11.22,2.34,75,31,21,44,24,4,0,1957,34,keyPasses,GER,2025-2026,datafc_sofascore,2026-08-09T01:15:33.051884
35,77333,Xaver Schlager,791079,RB Leipzig,36360,3,1,6.94,2.11,2.51,21,7,21,22,37,6,0,1837,26,keyPasses,GER,2025-2026,datafc_sofascore,2026-08-09T01:15:33.051884
35,77333,Leopold Querfeld,1086547,1. FC Union Berlin,2547,3,0,6.87,3.69,1.77,29,10,21,4,52,6,0,2704,31,keyPasses,GER,2025-2026,datafc_sofascore,2026-08-09T01:15:33.051884
35,77333,Janik Haberer,168985,1. FC Union Berlin,2547,0,1,6.69,0.58,2.48,11,1,21,6,35,8,0,1658,28,keyPasses,GER,2025-2026,datafc_sofascore,2026-08-09T01:15:33.051884
35,77333,Marius Wolf,254119,FC Augsburg,2600,1,1,6.67,1.08,1.83,14,5,21,7,19,4,0,1040,29,keyPasses,GER,2025-2026,datafc_sofascore,2026-08-09T01:15:33.051884
35,77333,Kristoffer Lund,963043,1. FC Köln,2671,0,2,6.66,0.71,2.23,20,3,21,19,38,2,0,2289,33,keyPasses,GER,2025-2026,datafc_sofascore,2026-08-09T01:15:33.051884
35,77333,Jonas Föhrenbach,311676,1. FC Heidenheim,5885,1,1,6.6,0.55,2.71,5,1,21,2,46,3,0,2327,27,keyPasses,GER,2025-2026,datafc_sofascore,2026-08-09T01:15:33.051884
35,77333,David Raum,856076,RB Leipzig,36360,3,7,7.33,2.2,12.39,24,8,98,16,48,6,0,2556,30,keyPasses,GER,2025-2026,datafc_sofascore,2026-08-09T01:15:33.051884
35,77333,Romano Schmid,830127,SV Werder Bremen,2534,4,8,6.91,7.83,10.44,57,21,89,37,46,4,0,2988,34,keyPasses,GER,2025-2026,datafc_sofascore,2026-08-09T01:15:33.051884
35,77333,Michael Olise,978838,FC Bayern München,2672,15,19,7.87,11.46,17.23,101,50,81,65,24,8,0,2317,32,keyPasses,GER,2025-2026,datafc_sofascore,2026-08-09T01:15:33.051884
35,77333,Alejandro Grimaldo,177177,Bayer 04 Leverkusen,2681,8,8,7.31,6.65,10.13,60,21,70,25,49,5,0,2524,29,keyPasses,GER,2025-2026,datafc_sofascore,2026-08-09T01:15:33.051884
35,77333,Luis Díaz,883537,FC Bayern München,2672,15,14,7.26,15.1,7.74,88,37,67,61,21,5,1,2450,32,keyPasses,GER,2025-2026,datafc_sofascore,2026-08-09T01:15:33.051884
35,77333,Nadiem Amiri,327755,1. FSV Mainz 05,2556,12,2,7.43,10.4,7.69,55,23,63,25,31,6,0,2090,26,keyPasses,GER,2025-2026,datafc_sofascore,2026-08-09T01:15:33.051884
35,77333,Christian Eriksen,105734,VfL Wolfsburg,2524,3,9,6.91,5.96,7.65,38,14,63,10,38,4,0,2419,31,keyPasses,GER,2025-2026,datafc_sofascore,2026-08-09T01:15:33.051884
35,77333,Vladimír Coufal,138024,TSG Hoffenheim,2569,1,8,7.12,0.88,8.99,25,6,59,31,60,4,0,3017,34,keyPasses,GER,2025-2026,datafc_sofascore,2026-08-09T01:15:33.051884
35,77333,Joshua Kimmich,259117,FC Bayern München,2672,2,8,7.71,2.65,10.24,28,10,58,11,32,4,0,2280,29,keyPasses,GER,2025-2026,datafc_sofascore,2026-08-09T01:15:33.051884
35,77333,Yan Diomande,2087085,RB Leipzig,36360,12,8,7.72,7.14,10.12,53,26,56,118,29,2,0,2476,33,keyPasses,GER,2025-2026,datafc_sofascore,2026-08-09T01:15:33.051884
35,77333,Angelo Stiller,901882,VfB Stuttgart,2677,2,5,7.25,3.08,7.46,17,8,56,14,49,1,0,2750,34,keyPasses,GER,2025-2026,datafc_sofascore,2026-08-09T01:15:33.051884
35,77333,Julian Ryerson,800951,Borussia Dortmund,2673,0,15,7.08,0.93,10.04,12,1,56,24,34,8,0,2272,31,keyPasses,GER,2025-2026,datafc_sofascore,2026-08-09T01:15:33.051884
35,77333,Arijon Ibrahimović,1142248,1. FC Heidenheim,5885,2,4,6.8,6.31,6.3,47,19,56,23,34,2,0,2181,32,keyPasses,GER,2025-2026,datafc_sofascore,2026-08-09T01:15:33.051884
35,77333,Christopher Trimmel,48557,1. FC Union Berlin,2547,0,3,7.02,0.09,6.41,5,1,53,1,38,8,0,1875,29,keyPasses,GER,2025-2026,datafc_sofascore,2026-08-09T01:15:33.051884
35,77333,Jakub Kamiński,801263,1. FC Köln,2671,7,3,7.1,7.06,6.41,63,26,52,24,45,4,0,3019,34,keyPasses,GER,2025-2026,datafc_sofascore,2026-08-09T01:15:33.051884
35,77333,Aleix García,796047,Bayer 04 Leverkusen,2681,3,8,7.45,2.29,6.65,30,5,51,4,26,6,0,2676,33,keyPasses,GER,2025-2026,datafc_sofascore,2026-08-09T01:15:33.051884
35,77333,Wouter Burger,916946,TSG Hoffenheim,2569,4,5,7.08,3.46,5.35,36,13,51,4,72,7,1,2440,30,keyPasses,GER,2025-2026,datafc_sofascore,2026-08-09T01:15:33.051884
35,77333,Chris Führich,891510,VfB Stuttgart,2677,7,7,7.17,4.26,8.05,45,23,49,28,15,2,0,1723,33,keyPasses,GER,2025-2026,datafc_sofascore,2026-08-09T01:15:33.051884
35,77333,Danel Sinani,887500,FC St. Pauli,2526,5,3,6.72,5.06,4.78,51,18,47,12,25,4,0,2068,30,keyPasses,GER,2025-2026,datafc_sofascore,2026-08-09T01:15:33.051884
35,77333,Bazoumana Touré,1568123,TSG Hoffenheim,2569,5,9,6.91,4.16,5.75,48,13,46,48,34,2,0,2325,30,keyPasses,GER,2025-2026,datafc_sofascore,2026-08-09T01:15:33.051884
35,77333,Bilal El Khannouss,1126569,VfB Stuttgart,2677,4,5,6.98,3.17,5.74,42,15,45,18,28,6,0,1634,25,keyPasses,GER,2025-2026,datafc_sofascore,2026-08-09T01:15:33.051884
35,77333,Franck Honorat,280453,Borussia M'gladbach,2527,2,6,6.87,0.91,6.75,17,5,45,17,22,0,0,1987,28,keyPasses,GER,2025-2026,datafc_sofascore,2026-08-09T01:15:33.051884
35,77333,Konrad Laimer,355492,FC Bayern München,2672,3,9,6.81,2.42,5.21,17,8,45,14,46,9,0,1997,29,keyPasses,GER,2025-2026,datafc_sofascore,2026-08-09T01:15:33.051884
35,77333,Fabian Rieder,929620,FC Augsburg,2600,6,3,6.89,4.19,4.59,38,13,44,19,37,4,0,2359,32,keyPasses,GER,2025-2026,datafc_sofascore,2026-08-09T01:15:33.051884
35,77333,Deniz Undav,794298,VfB Stuttgart,2677,19,6,7.19,16.4,4.03,122,46,41,9,18,5,0,2247,29,keyPasses,GER,2025-2026,datafc_sofascore,2026-08-09T01:15:33.051884
35,77333,Jamie Leweling,990201,VfB Stuttgart,2677,7,9,7.03,4.31,5.22,49,18,41,31,22,4,0,2375,32,keyPasses,GER,2025-2026,datafc_sofascore,2026-08-09T01:15:33.051884
35,77333,Vincenzo Grifo,171961,SC Freiburg,2538,7,4,6.94,5.74,4.66,30,12,41,10,10,0,0,1720,33,keyPasses,GER,2025-2026,datafc_sofascore,2026-08-09T01:15:33.051884
35,77333,Miro Muheim,798303,Hamburger SV,2676,0,4,6.93,1.19,4.25,23,7,41,21,62,7,1,2437,29,keyPasses,GER,2025-2026,datafc_sofascore,2026-08-09T01:15:33.051884
35,77333,Paul Nebel,980621,1. FSV Mainz 05,2556,5,2,6.61,5.26,3.77,32,8,41,20,50,2,2,2081,30,keyPasses,GER,2025-2026,datafc_sofascore,2026-08-09T01:15:33.051884
35,77333,Harry Kane,108579,FC Bayern München,2672,36,5,7.84,26.87,4.27,119,67,40,32,19,1,0,2382,31,keyPasses,GER,2025-2026,datafc_sofascore,2026-08-09T01:15:33.051884
35,77333,Ritsu Doan,790965,Eintracht Frankfurt,2674,5,5,6.85,3.36,5.62,41,15,40,34,43,5,0,2379,31,keyPasses,GER,2025-2026,datafc_sofascore,2026-08-09T01:15:33.051884
35,77333,Farès Chaïbi,1192318,Eintracht Frankfurt,2674,2,9,6.83,2.83,3.9,35,9,40,11,31,2,0,1797,28,keyPasses,GER,2025-2026,datafc_sofascore,2026-08-09T01:15:33.051884
35,77333,Fábio Vieira,904835,Hamburger SV,2676,7,5,7.18,4.65,4.07,59,19,39,32,20,2,2,2215,29,keyPasses,GER,2025-2026,datafc_sofascore,2026-08-09T01:15:33.051884
35,77333,Maximilian Mittelstädt,788949,VfB Stuttgart,2677,6,4,7.2,4.4,6.02,31,16,37,14,67,4,0,2195,32,keyPasses,GER,2025-2026,datafc_sofascore,2026-08-09T01:15:33.051884
35,77333,Christoph Baumgartner,825956,RB Leipzig,36360,13,8,6.93,15.1,3.94,81,35,37,13,54,10,0,2789,33,keyPasses,GER,2025-2026,datafc_sofascore,2026-08-09T01:15:33.051884
35,77333,Ridle Baku,856553,RB Leipzig,36360,2,3,6.87,2.56,6.05,30,6,37,13,60,4,0,2509,32,keyPasses,GER,2025-2026,datafc_sofascore,2026-08-09T01:15:33.051884
35,77333,Andrej Kramarić,67647,TSG Hoffenheim,2569,14,6,7.03,11.89,5.02,64,33,36,19,8,2,0,2222,34,keyPasses,GER,2025-2026,datafc_sofascore,2026-08-09T01:15:33.051884
35,77333,Fisnik Asllani,1010117,TSG Hoffenheim,2569,10,7,6.73,8.28,3.93,73,28,36,17,17,2,0,2354,33,keyPasses,GER,2025-2026,datafc_sofascore,2026-08-09T01:15:33.051884
35,77333,Jan-Niklas Beste,836711,SC Freiburg,2538,2,2,6.8,3.44,4.25,24,14,35,15,40,5,0,1716,28,keyPasses,GER,2025-2026,datafc_sofascore,2026-08-09T01:15:33.051884
35,77333,Daniel Svensson,1021272,Borussia Dortmund,2673,2,2,6.78,1.79,5.5,12,4,35,12,38,0,0,2452,33,keyPasses,GER,2025-2026,datafc_sofascore,2026-08-09T01:15:33.051884
35,77333,Dimitrios Giannoulis,354878,FC Augsburg,2600,2,5,6.92,1.17,4.05,10,6,34,19,27,8,0,1901,27,keyPasses,GER,2025-2026,datafc_sofascore,2026-08-09T01:15:33.051884
35,77333,Nathaniel Brown,1159759,Eintracht Frankfurt,2674,4,4,6.79,2.52,2.89,18,9,34,17,81,3,0,2658,33,keyPasses,GER,2025-2026,datafc_sofascore,2026-08-09T01:15:33.051884
35,77333,Ísak Bergmann Jóhannesson,1112327,1. FC Köln,2671,1,2,6.75,1.43,3.72,13,4,34,6,27,6,0,1812,31,keyPasses,GER,2025-2026,datafc_sofascore,2026-08-09T01:15:33.051884
35,77333,Antonio Nusa,1121923,RB Leipzig,36360,4,3,7.07,4.41,5.16,61,20,33,68,26,0,0,2035,31,keyPasses,GER,2025-2026,datafc_sofascore,2026-08-09T01:15:33.051884
35,77333,Jean-Luc Dompé,789192,Hamburger SV,2676,3,0,7.03,2.08,4.02,25,12,33,21,5,0,0,1136,20,keyPasses,GER,2025-2026,datafc_sofascore,2026-08-09T01:15:33.051884
35,77333,Alexis Claude-Maurice,822877,FC Augsburg,2600,5,4,6.87,6.88,3.2,71,26,33,44,41,3,0,2107,29,keyPasses,GER,2025-2026,datafc_sofascore,2026-08-09T01:15:33.051884
35,77333,Marco Grüll,815612,SV Werder Bremen,2534,3,1,6.76,3.6,3.09,43,13,33,21,38,5,0,2020,33,keyPasses,GER,2025-2026,datafc_sofascore,2026-08-09T01:15:33.051884
35,77333,Julian Brandt,226978,Borussia Dortmund,2673,7,4,6.99,5.7,5.3,37,18,32,18,14,0,0,1627,29,keyPasses,GER,2025-2026,datafc_sofascore,2026-08-09T01:15:33.051884
35,77333,Jean-Mattéo Bahoya,1146148,Eintracht Frankfurt,2674,3,4,6.96,2.04,3.33,29,9,31,41,31,2,0,1335,27,keyPasses,GER,2025-2026,datafc_sofascore,2026-08-09T01:15:33.051884
35,77333,Robin Fellhauer,860461,FC Augsburg,2600,3,2,6.8,2.79,2.64,30,9,31,15,57,2,0,2810,34,keyPasses,GER,2025-2026,datafc_sofascore,2026-08-09T01:15:33.051884
35,77333,Joel Chima Fujita,1002461,FC St. Pauli,2526,1,3,6.71,1.15,3.92,31,7,30,47,68,6,0,2671,32,keyPasses,GER,2025-2026,datafc_sofascore,2026-08-09T01:15:33.051884
35,77333,Andrej Ilić,953767,1. FC Union Berlin,2547,5,9,6.7,11.26,2.17,72,26,30,7,4,5,0,2256,32,keyPasses,GER,2025-2026,datafc_sofascore,2026-08-09T01:15:33.051884
35,77333,Maximilian Arnold,147289,VfL Wolfsburg,2524,1,4,7.1,0.43,4.09,14,5,29,5,22,5,0,1860,25,keyPasses,GER,2025-2026,datafc_sofascore,2026-08-09T01:15:33.051884
35,77333,Ibrahim Maza,1407524,Bayer 04 Leverkusen,2681,3,4,7.1,5.34,4.45,54,17,29,48,41,2,0,1859,28,keyPasses,GER,2025-2026,datafc_sofascore,2026-08-09T01:15:33.051884
35,77333,Ragnar Ache,877544,1. FC Köln,2671,7,4,6.88,10.34,1.04,52,22,28,9,13,3,0,1725,29,keyPasses,GER,2025-2026,datafc_sofascore,2026-08-09T01:15:33.051884
35,77333,Rocco Reitz,1048650,Borussia M'gladbach,2527,0,4,6.86,2.57,4.92,47,14,28,24,68,8,1,2636,31,keyPasses,GER,2025-2026,datafc_sofascore,2026-08-09T01:15:33.051884
35,77333,Ernest Poku,1119502,Bayer 04 Leverkusen,2681,5,5,6.84,3.05,4.35,27,9,28,28,13,0,0,1484,29,keyPasses,GER,2025-2026,datafc_sofascore,2026-08-09T01:15:33.051884
35,77333,Cameron Puertas,916176,SV Werder Bremen,2534,1,2,6.66,1.82,2.38,37,8,27,15,60,6,0,1878,28,keyPasses,GER,2025-2026,datafc_sofascore,2026-08-09T01:15:33.051884
35,77333,Tim Lemperle,1014290,TSG Hoffenheim,2569,8,2,6.55,8.4,2.36,53,21,27,15,21,1,1,1959,29,keyPasses,GER,2025-2026,datafc_sofascore,2026-08-09T01:15:33.051884
35,77333,Jens Stage,830142,SV Werder Bremen,2534,10,2,6.98,6.08,3.21,56,21,26,13,41,5,0,2468,29,keyPasses,GER,2025-2026,datafc_sofascore,2026-08-09T01:15:33.051884
35,77333,Malik Tillman,975798,Bayer 04 Leverkusen,2681,6,0,6.93,4.62,2.91,34,13,26,11,38,2,0,1689,29,keyPasses,GER,2025-2026,datafc_sofascore,2026-08-09T01:15:33.051884
35,77333,Marius Bülter,378340,1. FC Köln,2671,5,4,6.84,4.37,4.47,42,17,26,6,7,3,0,1606,32,keyPasses,GER,2025-2026,datafc_sofascore,2026-08-09T01:15:33.051884
35,77333,Anton Kade,1129365,FC Augsburg,2600,6,0,6.84,6.35,3.01,48,21,26,24,31,3,0,1746,28,keyPasses,GER,2025-2026,datafc_sofascore,2026-08-09T01:15:33.051884
35,77333,Maximilian Beier,980628,Borussia Dortmund,2673,9,6,6.8,7.35,4.97,50,20,26,18,26,3,0,2036,32,keyPasses,GER,2025-2026,datafc_sofascore,2026-08-09T01:15:33.051884
35,77333,Kevin Stöger,95381,Borussia M'gladbach,2527,1,1,6.77,2.46,2.88,23,7,26,3,37,3,0,1341,29,keyPasses,GER,2025-2026,datafc_sofascore,2026-08-09T01:15:33.051884
35,77333,Derrick Köhn,886737,1. FC Union Berlin,2547,1,2,6.72,2.15,3.78,28,5,26,11,34,5,1,1910,29,keyPasses,GER,2025-2026,datafc_sofascore,2026-08-09T01:15:33.051884
35,77333,Rômulo,1133743,RB Leipzig,36360,9,4,6.65,14.36,2.95,63,27,26,11,30,3,0,2204,30,keyPasses,GER,2025-2026,datafc_sofascore,2026-08-09T01:15:33.051884
35,77333,Kaishu Sano,1028307,1. FSV Mainz 05,2556,1,2,7.02,1.36,3.4,24,6,25,28,52,1,0,3059,34,keyPasses,GER,2025-2026,datafc_sofascore,2026-08-09T01:15:33.051884
35,77333,Albert Sambi Lokonga,901892,Hamburger SV,2676,5,0,6.96,2.05,1.6,19,11,25,8,31,3,0,1712,26,keyPasses,GER,2025-2026,datafc_sofascore,2026-08-09T01:15:33.051884
35,77333,Yuito Suzuki,1020422,SC Freiburg,2538,4,2,6.76,3.86,2.59,38,14,25,18,20,3,0,1636,25,keyPasses,GER,2025-2026,datafc_sofascore,2026-08-09T01:15:33.051884
35,77333,Mohamed Amoura,1107591,VfL Wolfsburg,2524,8,3,6.74,8.6,2.51,60,19,25,16,38,2,0,1935,30,keyPasses,GER,2025-2026,datafc_sofascore,2026-08-09T01:15:33.051884
35,77333,Nikolas Nartey,861981,VfB Stuttgart,2677,4,3,6.93,2.52,2.76,22,12,24,18,14,2,0,1262,28,keyPasses,GER,2025-2026,datafc_sofascore,2026-08-09T01:15:33.051884
35,77333,Josip Stanišić,927407,FC Bayern München,2672,2,3,6.91,1.36,5.03,7,4,24,10,28,1,0,1855,26,keyPasses,GER,2025-2026,datafc_sofascore,2026-08-09T01:15:33.051884
35,77333,Tom Bischof,1129935,FC Bayern München,2672,3,3,6.9,1.83,2.67,30,9,24,7,26,2,0,1320,26,keyPasses,GER,2025-2026,datafc_sofascore,2026-08-09T01:15:33.051884
35,77333,Niklas Dorsch,794995,1. FC Heidenheim,5885,0,1,6.88,0.59,2.64,14,3,24,12,59,2,0,2270,32,keyPasses,GER,2025-2026,datafc_sofascore,2026-08-09T01:15:33.051884
35,77333,Lennart Karl,1861975,FC Bayern München,2672,5,5,6.83,7.59,4.96,42,21,24,22,25,1,0,1282,26,keyPasses,GER,2025-2026,datafc_sofascore,2026-08-09T01:15:33.051884
35,77333,Lucas Höler,280009,SC Freiburg,2538,3,1,6.67,4.5,1.93,34,15,24,10,25,4,0,2065,33,keyPasses,GER,2025-2026,datafc_sofascore,2026-08-09T01:15:33.051884
35,77333,Arkadiusz Pyrka,971481,FC St. Pauli,2526,0,1,6.65,1.07,2.02,19,3,24,16,39,3,0,2580,31,keyPasses,GER,2025-2026,datafc_sofascore,2026-08-09T01:15:33.051884
35,77333,Mathias Pereira Lage,831400,FC St. Pauli,2526,2,2,6.57,4.33,1.47,43,15,24,15,38,3,0,2030,28,keyPasses,GER,2025-2026,datafc_sofascore,2026-08-09T01:15:33.051884
35,77333,Serge Gnabry,187433,FC Bayern München,2672,8,6,7.09,6.26,5.08,50,17,23,16,18,1,0,1228,21,keyPasses,GER,2025-2026,datafc_sofascore,2026-08-09T01:15:33.051884
35,77333,Alessio Castro-Montes,839898,1. FC Köln,2671,1,3,6.81,1.36,2.18,8,1,23,1,18,2,0,670,14,keyPasses,GER,2025-2026,datafc_sofascore,2026-08-09T01:15:33.051884
35,77333,Mert Kömür,1390682,FC Augsburg,2600,2,4,6.64,3.42,2.1,43,16,23,17,15,1,0,1466,28,keyPasses,GER,2025-2026,datafc_sofascore,2026-08-09T01:15:33.051884
35,77333,Leon Goretzka,184661,FC Bayern München,2672,5,3,7.13,4.8,3.81,35,11,22,11,29,4,0,1954,31,keyPasses,GER,2025-2026,datafc_sofascore,2026-08-09T01:15:33.051884
35,77333,Leon Avdullahu,1493305,TSG Hoffenheim,2569,0,1,7.03,0.59,2.48,14,2,22,8,47,5,0,2838,33,keyPasses,GER,2025-2026,datafc_sofascore,2026-08-09T01:15:33.051884
35,77333,Igor Matanović,1019321,SC Freiburg,2538,11,2,6.8,9.24,1.33,52,20,22,12,23,0,0,1570,31,keyPasses,GER,2025-2026,datafc_sofascore,2026-08-09T01:15:33.051884
35,77333,Arnaud Kalimuendo,954061,Eintracht Frankfurt,2674,6,1,6.79,4.04,1.17,30,16,22,21,11,4,0,1420,19,keyPasses,GER,2025-2026,datafc_sofascore,2026-08-09T01:15:33.051884
35,77333,Oliver Burke,608362,1. FC Union Berlin,2547,6,2,6.75,5.18,1.96,33,15,22,11,12,4,0,1691,29,keyPasses,GER,2025-2026,datafc_sofascore,2026-08-09T01:15:33.051884
35,77333,Nicolás Capaldo,973564,Hamburger SV,2676,1,3,6.75,1.93,2.17,22,6,22,10,68,10,0,2009,26,keyPasses,GER,2025-2026,datafc_sofascore,2026-08-09T01:15:33.051884
35,77333,Jae-sung Lee,537552,1. FSV Mainz 05,2556,4,2,6.72,3.25,3.21,30,9,22,5,38,4,0,2198,28,keyPasses,GER,2025-2026,datafc_sofascore,2026-08-09T01:15:33.051884
35,77333,Derry Scherhant,1131002,SC Freiburg,2538,5,1,6.69,2.58,2.48,36,13,22,30,20,2,0,1308,31,keyPasses,GER,2025-2026,datafc_sofascore,2026-08-09T01:15:33.051884
35,77333,Lovro Majer,841947,VfL Wolfsburg,2524,2,3,6.63,3.09,2.56,27,7,22,12,26,5,0,1373,28,keyPasses,GER,2025-2026,datafc_sofascore,2026-08-09T01:15:33.051884
35,77333,Phillip Tietz,822340,1. FSV Mainz 05,2556,6,3,6.45,8.87,1.87,52,24,22,12,8,4,0,1807,29,keyPasses,GER,2025-2026,datafc_sofascore,2026-08-09T01:15:33.051884
35,77333,Aleksandar Pavlović,1142251,FC Bayern München,2672,3,1,7.18,1.6,2.34,10,5,21,4,26,2,0,1460,24,keyPasses,GER,2025-2026,datafc_sofascore,2026-08-09T01:15:33.051884
35,77333,Said El Mala,1800475,1. FC Köln,2671,13,4,6.97,11.22,2.34,75,31,21,44,24,4,0,1957,34,keyPasses,GER,2025-2026,datafc_sofascore,2026-08-09T01:15:33.051884
35,77333,Xaver Schlager,791079,RB Leipzig,36360,3,1,6.94,2.11,2.51,21,7,21,22,37,6,0,1837,26,keyPasses,GER,2025-2026,datafc_sofascore,2026-08-09T01:15:33.051884
35,77333,Leopold Querfeld,1086547,1. FC Union Berlin,2547,3,0,6.87,3.69,1.77,29,10,21,4,52,6,0,2704,31,keyPasses,GER,2025-2026,datafc_sofascore,2026-08-09T01:15:33.051884
35,77333,Janik Haberer,168985,1. FC Union Berlin,2547,0,1,6.69,0.58,2.48,11,1,21,6,35,8,0,1658,28,keyPasses,GER,2025-2026,datafc_sofascore,2026-08-09T01:15:33.051884
35,77333,Marius Wolf,254119,FC Augsburg,2600,1,1,6.67,1.08,1.83,14,5,21,7,19,4,0,1040,29,keyPasses,GER,2025-2026,datafc_sofascore,2026-08-09T01:15:33.051884
35,77333,Kristoffer Lund,963043,1. FC Köln,2671,0,2,6.66,0.71,2.23,20,3,21,19,38,2,0,2289,33,keyPasses,GER,2025-2026,datafc_sofascore,2026-08-09T01:15:33.051884
35,77333,Jonas Föhrenbach,311676,1. FC Heidenheim,5885,1,1,6.6,0.55,2.71,5,1,21,2,46,3,0,2327,27,keyPasses,GER,2025-2026,datafc_sofascore,2026-08-09T01:15:33.051884
35,77333,Diant Ramaj,981562,1. FC Heidenheim,5885,0,1,6.94,,0.19,0,0,1,0,1,2,0,2790,31,accurateLongBalls,GER,2025-2026,datafc_sofascore,2026-08-09T01:15:33.051884
35,77333,Marvin Schwäbe,187185,1. FC Köln,2671,0,0,7.12,,0.21,0,0,1,0,1,2,0,3060,34,accurateLongBalls,GER,2025-2026,datafc_sofascore,2026-08-09T01:15:33.051884
35,77333,Noah Atubolu,980626,SC Freiburg,2538,0,0,7.07,,0.48,0,0,3,0,0,1,0,3060,34,accurateLongBalls,GER,2025-2026,datafc_sofascore,2026-08-09T01:15:33.051884
35,77333,Finn Dahmen,822564,FC Augsburg,2600,0,0,7.01,0.32,0.2,1,0,4,0,3,1,0,3060,34,accurateLongBalls,GER,2025-2026,datafc_sofascore,2026-08-09T01:15:33.051884
35,77333,Daniel Fernandes,113442,Hamburger SV,2676,0,0,7.18,0.26,0.13,1,0,0,1,0,3,0,2970,33,accurateLongBalls,GER,2025-2026,datafc_sofascore,2026-08-09T01:15:33.051884
35,77333,Alexander Nübel,584722,VfB Stuttgart,2677,0,1,7.19,,0.1,0,0,3,0,0,0,0,3060,34,accurateLongBalls,GER,2025-2026,datafc_sofascore,2026-08-09T01:15:33.051884
35,77333,Frederik Rønnow,137692,1. FC Union Berlin,2547,0,0,6.74,,0.24,0,0,2,0,1,2,0,2641,30,accurateLongBalls,GER,2025-2026,datafc_sofascore,2026-08-09T01:15:33.051884
35,77333,Oliver Baumann,40244,TSG Hoffenheim,2569,0,0,6.79,,0.39,0,0,1,2,0,3,0,3060,34,accurateLongBalls,GER,2025-2026,datafc_sofascore,2026-08-09T01:15:33.051884
35,77333,Moritz Nicolas,578166,Borussia M'gladbach,2527,0,0,7.34,,0.07,0,0,2,0,1,1,0,3060,34,accurateLongBalls,GER,2025-2026,datafc_sofascore,2026-08-09T01:15:33.051884
35,77333,Kamil Grabara,902080,VfL Wolfsburg,2524,0,0,7.21,0.04,0.12,1,0,3,1,1,1,0,3060,34,accurateLongBalls,GER,2025-2026,datafc_sofascore,2026-08-09T01:15:33.051884
35,77333,Nico Schlotterbeck,940871,Borussia Dortmund,2673,5,1,7.67,3.72,2.69,32,9,12,15,50,8,0,2520,28,accurateLongBalls,GER,2025-2026,datafc_sofascore,2026-08-09T01:15:33.051884
35,77333,Aleix García,796047,Bayer 04 Leverkusen,2681,3,8,7.45,2.29,6.65,30,5,51,4,26,6,0,2676,33,accurateLongBalls,GER,2025-2026,datafc_sofascore,2026-08-09T01:15:33.051884
35,77333,Gregor Kobel,556866,Borussia Dortmund,2673,0,0,7.14,,0.1,0,0,0,0,0,3,0,3060,34,accurateLongBalls,GER,2025-2026,datafc_sofascore,2026-08-09T01:15:33.051884
35,77333,Mio Backhaus,1083390,SV Werder Bremen,2534,0,0,7.12,,0.05,0,0,0,0,0,1,0,2880,32,accurateLongBalls,GER,2025-2026,datafc_sofascore,2026-08-09T01:15:33.051884
35,77333,Daniel Batz,94312,1. FSV Mainz 05,2556,0,0,7.42,,0.09,0,0,1,0,0,2,0,1890,21,accurateLongBalls,GER,2025-2026,datafc_sofascore,2026-08-09T01:15:33.051884
35,77333,Joshua Kimmich,259117,FC Bayern München,2672,2,8,7.71,2.65,10.24,28,10,58,11,32,4,0,2280,29,accurateLongBalls,GER,2025-2026,datafc_sofascore,2026-08-09T01:15:33.051884
35,77333,Michael Zetterer,190161,Eintracht Frankfurt,2674,0,0,6.96,,0.11,0,0,0,0,0,1,0,1975,22,accurateLongBalls,GER,2025-2026,datafc_sofascore,2026-08-09T01:15:33.051884
35,77333,Leopold Querfeld,1086547,1. FC Union Berlin,2547,3,0,6.87,3.69,1.77,29,10,21,4,52,6,0,2704,31,accurateLongBalls,GER,2025-2026,datafc_sofascore,2026-08-09T01:15:33.051884
35,77333,Nikola Vasilj,325061,FC St. Pauli,2526,0,0,7.09,,0.07,0,0,0,0,1,0,0,3060,34,accurateLongBalls,GER,2025-2026,datafc_sofascore,2026-08-09T01:15:33.051884
35,77333,Manuel Neuer,8959,FC Bayern München,2672,0,0,6.89,,0.04,0,0,0,0,0,0,0,1860,22,accurateLongBalls,GER,2025-2026,datafc_sofascore,2026-08-09T01:15:33.051884
35,77333,Marco Friedl,825771,SV Werder Bremen,2534,1,0,6.88,0.68,1.08,8,2,5,4,44,9,1,2549,30,accurateLongBalls,GER,2025-2026,datafc_sofascore,2026-08-09T01:15:33.051884
35,77333,Mark Flekken,171919,Bayer 04 Leverkusen,2681,0,0,6.89,,0.05,0,0,1,1,0,1,0,2130,24,accurateLongBalls,GER,2025-2026,datafc_sofascore,2026-08-09T01:15:33.051884
35,77333,Albian Hajdari,1000269,TSG Hoffenheim,2569,1,2,6.98,1.73,1.62,19,4,10,2,58,10,0,2440,30,accurateLongBalls,GER,2025-2026,datafc_sofascore,2026-08-09T01:15:33.051884
35,77333,Edmond Tapsoba,883262,Bayer 04 Leverkusen,2681,5,3,7.2,2.5,1.42,29,10,11,8,31,7,0,2576,29,accurateLongBalls,GER,2025-2026,datafc_sofascore,2026-08-09T01:15:33.051884
35,77333,Dominik Kohr,152206,1. FSV Mainz 05,2556,2,0,6.79,1.57,2.07,15,4,10,5,48,9,2,2345,29,accurateLongBalls,GER,2025-2026,datafc_sofascore,2026-08-09T01:15:33.051884
35,77333,Leon Avdullahu,1493305,TSG Hoffenheim,2569,0,1,7.03,0.59,2.48,14,2,22,8,47,5,0,2838,33,accurateLongBalls,GER,2025-2026,datafc_sofascore,2026-08-09T01:15:33.051884
35,77333,Matthias Ginter,142259,SC Freiburg,2538,3,4,6.98,2.3,2.92,19,7,15,3,22,3,0,2836,32,accurateLongBalls,GER,2025-2026,datafc_sofascore,2026-08-09T01:15:33.051884
35,77333,Senne Lynen,826171,SV Werder Bremen,2534,0,0,6.79,1.11,1.65,25,4,15,6,63,4,0,2757,31,accurateLongBalls,GER,2025-2026,datafc_sofascore,2026-08-09T01:15:33.051884
35,77333,Robin Koch,581302,Eintracht Frankfurt,2674,3,1,6.96,1.38,1.67,15,5,10,2,42,1,1,2835,32,accurateLongBalls,GER,2025-2026,datafc_sofascore,2026-08-09T01:15:33.051884
35,77333,Ridle Baku,856553,RB Leipzig,36360,2,3,6.87,2.56,6.05,30,6,37,13,60,4,0,2509,32,accurateLongBalls,GER,2025-2026,datafc_sofascore,2026-08-09T01:15:33.051884
35,77333,Diogo Leite,855663,1. FC Union Berlin,2547,0,0,6.77,1.21,1.08,10,1,9,6,33,4,0,1970,23,accurateLongBalls,GER,2025-2026,datafc_sofascore,2026-08-09T01:15:33.051884
35,77333,Konstantinos Koulierakis,1184855,VfL Wolfsburg,2524,4,1,6.73,3.22,1.37,26,12,14,3,39,5,0,2488,29,accurateLongBalls,GER,2025-2026,datafc_sofascore,2026-08-09T01:15:33.051884
35,77333,David Raum,856076,RB Leipzig,36360,3,7,7.33,2.2,12.39,24,8,98,16,48,6,0,2556,30,accurateLongBalls,GER,2025-2026,datafc_sofascore,2026-08-09T01:15:33.051884
35,77333,Luka Vušković,1405212,Hamburger SV,2676,6,0,7.28,4.22,1.46,32,10,11,8,22,6,0,2441,28,accurateLongBalls,GER,2025-2026,datafc_sofascore,2026-08-09T01:15:33.051884
35,77333,Robin Zentner,174345,1. FSV Mainz 05,2556,0,0,6.94,,0.1,0,0,0,1,0,2,1,877,10,accurateLongBalls,GER,2025-2026,datafc_sofascore,2026-08-09T01:15:33.051884
35,77333,Waldemar Anton,799046,Borussia Dortmund,2673,2,0,7.25,1.74,1.26,16,6,8,13,73,3,0,2880,32,accurateLongBalls,GER,2025-2026,datafc_sofascore,2026-08-09T01:15:33.051884
35,77333,Keven Schlotterbeck,891651,FC Augsburg,2600,0,1,6.96,1.37,1.09,12,3,12,10,40,5,1,2031,24,accurateLongBalls,GER,2025-2026,datafc_sofascore,2026-08-09T01:15:33.051884
35,77333,Jeff Chabot,863271,VfB Stuttgart,2677,0,0,7.11,1.13,0.85,18,7,7,4,34,3,0,2296,27,accurateLongBalls,GER,2025-2026,datafc_sofascore,2026-08-09T01:15:33.051884
35,77333,Kevin Diks,583806,Borussia M'gladbach,2527,5,0,6.96,5.08,1.13,23,13,8,10,43,6,0,2467,30,accurateLongBalls,GER,2025-2026,datafc_sofascore,2026-08-09T01:15:33.051884
35,77333,Angelo Stiller,901882,VfB Stuttgart,2677,2,5,7.25,3.08,7.46,17,8,56,14,49,1,0,2750,34,accurateLongBalls,GER,2025-2026,datafc_sofascore,2026-08-09T01:15:33.051884
35,77333,Willi Orbán,136924,RB Leipzig,36360,2,0,7.22,2.38,1.05,20,9,11,6,47,4,0,2950,33,accurateLongBalls,GER,2025-2026,datafc_sofascore,2026-08-09T01:15:33.051884
35,77333,Niklas Dorsch,794995,1. FC Heidenheim,5885,0,1,6.88,0.59,2.64,14,3,24,12,59,2,0,2270,32,accurateLongBalls,GER,2025-2026,datafc_sofascore,2026-08-09T01:15:33.051884
35,77333,Eric Smith,542038,FC St. Pauli,2526,2,2,6.86,0.58,1.21,12,5,18,9,34,4,1,2314,27,accurateLongBalls,GER,2025-2026,datafc_sofascore,2026-08-09T01:15:33.051884
35,77333,Maximilian Arnold,147289,VfL Wolfsburg,2524,1,4,7.1,0.43,4.09,14,5,29,5,22,5,0,1860,25,accurateLongBalls,GER,2025-2026,datafc_sofascore,2026-08-09T01:15:33.051884
35,77333,Arthur Theate,965778,Eintracht Frankfurt,2674,1,0,6.78,1.1,1.27,15,7,12,4,35,8,0,2143,24,accurateLongBalls,GER,2025-2026,datafc_sofascore,2026-08-09T01:15:33.051884
35,77333,Harry Kane,108579,FC Bayern München,2672,36,5,7.84,26.87,4.27,119,67,40,32,19,1,0,2382,31,accurateLongBalls,GER,2025-2026,datafc_sofascore,2026-08-09T01:15:33.051884
35,77333,Péter Gulácsi,37096,RB Leipzig,36360,0,0,6.88,,0.03,0,0,0,0,0,1,0,2009,23,accurateLongBalls,GER,2025-2026,datafc_sofascore,2026-08-09T01:15:33.051884
35,77333,Miro Muheim,798303,Hamburger SV,2676,0,4,6.93,1.19,4.25,23,7,41,21,62,7,1,2437,29,accurateLongBalls,GER,2025-2026,datafc_sofascore,2026-08-09T01:15:33.051884
35,77333,Danny da Costa,97926,1. FSV Mainz 05,2556,2,3,6.83,1.6,2.91,14,5,16,15,43,3,0,2697,34,accurateLongBalls,GER,2025-2026,datafc_sofascore,2026-08-09T01:15:33.051884
35,77333,Danilho Doekhi,830803,1. FC Union Berlin,2547,5,0,6.75,4.25,1.61,46,11,8,3,44,4,0,3060,34,accurateLongBalls,GER,2025-2026,datafc_sofascore,2026-08-09T01:15:33.051884
35,77333,Jonas Urbig,1130647,FC Bayern München,2672,0,0,7.19,,0.05,0,0,1,0,0,0,0,1110,14,accurateLongBalls,GER,2025-2026,datafc_sofascore,2026-08-09T01:15:33.051884
35,77333,Romano Schmid,830127,SV Werder Bremen,2534,4,8,6.91,7.83,10.44,57,21,89,37,46,4,0,2988,34,accurateLongBalls,GER,2025-2026,datafc_sofascore,2026-08-09T01:15:33.051884
35,77333,Robert Andrich,168903,Bayer 04 Leverkusen,2681,2,0,6.83,0.72,1.66,12,3,12,1,43,4,1,2547,32,accurateLongBalls,GER,2025-2026,datafc_sofascore,2026-08-09T01:15:33.051884
35,77333,Wouter Burger,916946,TSG Hoffenheim,2569,4,5,7.08,3.46,5.35,36,13,51,4,72,7,1,2440,30,accurateLongBalls,GER,2025-2026,datafc_sofascore,2026-08-09T01:15:33.051884
35,77333,Aleksandar Pavlović,1142251,FC Bayern München,2672,3,1,7.18,1.6,2.34,10,5,21,4,26,2,0,1460,24,accurateLongBalls,GER,2025-2026,datafc_sofascore,2026-08-09T01:15:33.051884
35,77333,Amos Pieper,851254,SV Werder Bremen,2534,0,0,7.03,0.42,0.51,9,3,2,0,31,4,0,1504,19,accurateLongBalls,GER,2025-2026,datafc_sofascore,2026-08-09T01:15:33.051884
35,77333,Christopher Trimmel,48557,1. FC Union Berlin,2547,0,3,7.02,0.09,6.41,5,1,53,1,38,8,0,1875,29,accurateLongBalls,GER,2025-2026,datafc_sofascore,2026-08-09T01:15:33.051884
35,77333,Philipp Sander,939880,Borussia M'gladbach,2527,2,0,6.98,1.56,2.79,25,8,11,5,65,4,0,2454,30,accurateLongBalls,GER,2025-2026,datafc_sofascore,2026-08-09T01:15:33.051884
35,77333,Nadiem Amiri,327755,1. FSV Mainz 05,2556,12,2,7.43,10.4,7.69,55,23,63,25,31,6,0,2090,26,accurateLongBalls,GER,2025-2026,datafc_sofascore,2026-08-09T01:15:33.051884
35,77333,Marnon Busch,168861,1. FC Heidenheim,5885,1,5,6.79,1.11,3.52,12,3,17,3,36,4,0,1912,29,accurateLongBalls,GER,2025-2026,datafc_sofascore,2026-08-09T01:15:33.051884
35,77333,Kauã Santos,1134203,Eintracht Frankfurt,2674,0,0,6.62,,0.02,0,0,0,1,1,0,0,1085,13,accurateLongBalls,GER,2025-2026,datafc_sofascore,2026-08-09T01:15:33.051884
35,77333,Yukinari Sugawara,905347,SV Werder Bremen,2534,0,6,6.52,1.85,3.06,30,11,20,11,36,2,1,2432,31,accurateLongBalls,GER,2025-2026,datafc_sofascore,2026-08-09T01:15:33.051884
35,77333,Vincenzo Grifo,171961,SC Freiburg,2538,7,4,6.94,5.74,4.66,30,12,41,10,10,0,0,1720,33,accurateLongBalls,GER,2025-2026,datafc_sofascore,2026-08-09T01:15:33.051884
35,77333,Hauke Wahl,253469,FC St. Pauli,2526,2,1,6.76,0.61,1.42,10,4,6,2,43,1,0,2591,30,accurateLongBalls,GER,2025-2026,datafc_sofascore,2026-08-09T01:15:33.051884
35,77333,Fábio Vieira,904835,Hamburger SV,2676,7,5,7.18,4.65,4.07,59,19,39,32,20,2,2,2215,29,accurateLongBalls,GER,2025-2026,datafc_sofascore,2026-08-09T01:15:33.051884
35,77333,Vladimír Coufal,138024,TSG Hoffenheim,2569,1,8,7.12,0.88,8.99,25,6,59,31,60,4,0,3017,34,accurateLongBalls,GER,2025-2026,datafc_sofascore,2026-08-09T01:15:33.051884
35,77333,Nicolai Remberg,1064305,Hamburger SV,2676,0,2,6.93,1.03,1.41,17,8,13,14,60,11,0,2880,32,accurateLongBalls,GER,2025-2026,datafc_sofascore,2026-08-09T01:15:33.051884
35,77333,Karim Coulibaly,1797852,SV Werder Bremen,2534,1,0,6.47,0.66,0.47,6,1,7,8,27,3,1,2122,27,accurateLongBalls,GER,2025-2026,datafc_sofascore,2026-08-09T01:15:33.051884
35,77333,Maarten Vandevoordt,934385,RB Leipzig,36360,0,0,7.07,,0.04,0,0,0,1,1,0,0,1051,12,accurateLongBalls,GER,2025-2026,datafc_sofascore,2026-08-09T01:15:33.051884
35,77333,Nicolas Seiwald,976575,RB Leipzig,36360,0,2,6.9,1.83,1.89,19,7,15,8,66,2,0,2703,33,accurateLongBalls,GER,2025-2026,datafc_sofascore,2026-08-09T01:15:33.051884
35,77333,Aljoscha Kemlein,1198074,1. FC Union Berlin,2547,0,2,6.76,1.18,2.31,17,2,15,17,40,4,0,1967,30,accurateLongBalls,GER,2025-2026,datafc_sofascore,2026-08-09T01:15:33.051884
35,77333,Karol Mets,57627,FC St. Pauli,2526,1,0,6.59,0.77,0.6,7,1,4,1,25,3,0,1934,23,accurateLongBalls,GER,2025-2026,datafc_sofascore,2026-08-09T01:15:33.051884
35,77333,Dayot Upamecano,798583,FC Bayern München,2672,1,1,7.16,1.03,1.62,8,2,11,4,44,4,0,1797,24,accurateLongBalls,GER,2025-2026,datafc_sofascore,2026-08-09T01:15:33.051884
35,77333,Nico Elvedi,282229,Borussia M'gladbach,2527,0,2,7.01,0.45,1.27,9,0,13,1,43,5,0,2967,33,accurateLongBalls,GER,2025-2026,datafc_sofascore,2026-08-09T01:15:33.051884
35,77333,Castello Lukeba,976421,RB Leipzig,36360,1,0,7.07,1.16,0.77,8,2,7,22,31,3,0,2177,26,accurateLongBalls,GER,2025-2026,datafc_sofascore,2026-08-09T01:15:33.051884
35,77333,Rocco Reitz,1048650,Borussia M'gladbach,2527,0,4,6.86,2.57,4.92,47,14,28,24,68,8,1,2636,31,accurateLongBalls,GER,2025-2026,datafc_sofascore,2026-08-09T01:15:33.051884
35,77333,Jens Stage,830142,SV Werder Bremen,2534,10,2,6.98,6.08,3.21,56,21,26,13,41,5,0,2468,29,accurateLongBalls,GER,2025-2026,datafc_sofascore,2026-08-09T01:15:33.051884
35,77333,Kaishu Sano,1028307,1. FSV Mainz 05,2556,1,2,7.02,1.36,3.4,24,6,25,28,52,1,0,3059,34,accurateLongBalls,GER,2025-2026,datafc_sofascore,2026-08-09T01:15:33.051884
35,77333,Robin Hranáč,957615,TSG Hoffenheim,2569,1,0,6.72,2.14,0.49,8,3,3,2,25,5,0,2251,29,accurateLongBalls,GER,2025-2026,datafc_sofascore,2026-08-09T01:15:33.051884
35,77333,Maximilian Mittelstädt,788949,VfB Stuttgart,2677,6,4,7.2,4.4,6.02,31,16,37,14,67,4,0,2195,32,accurateLongBalls,GER,2025-2026,datafc_sofascore,2026-08-09T01:15:33.051884
35,77333,Alejandro Grimaldo,177177,Bayer 04 Leverkusen,2681,8,8,7.31,6.65,10.13,60,21,70,25,49,5,0,2524,29,accurateLongBalls,GER,2025-2026,datafc_sofascore,2026-08-09T01:15:33.051884
35,77333,Noahkai Banks,1597260,FC Augsburg,2600,1,1,6.92,1.13,1.01,9,5,7,5,42,8,0,1738,23,accurateLongBalls,GER,2025-2026,datafc_sofascore,2026-08-09T01:15:33.051884
35,77333,Christian Eriksen,105734,VfL Wolfsburg,2524,3,9,6.91,5.96,7.65,38,14,63,10,38,4,0,2419,31,accurateLongBalls,GER,2025-2026,datafc_sofascore,2026-08-09T01:15:33.051884
35,77333,Jordan Torunarigha,801003,Hamburger SV,2676,0,0,6.78,0.37,0.91,5,1,2,6,37,3,0,1965,24,accurateLongBalls,GER,2025-2026,datafc_sofascore,2026-08-09T01:15:33.051884
35,77333,Leon Goretzka,184661,FC Bayern München,2672,5,3,7.13,4.8,3.81,35,11,22,11,29,4,0,1954,31,accurateLongBalls,GER,2025-2026,datafc_sofascore,2026-08-09T01:15:33.051884
35,77333,Nnamdi Collins,1048569,Eintracht Frankfurt,2674,1,2,6.69,0.45,0.46,4,1,3,11,49,4,0,1508,23,accurateLongBalls,GER,2025-2026,datafc_sofascore,2026-08-09T01:15:33.051884
35,77333,Aurèle Amenda,999276,Eintracht Frankfurt,2674,0,0,6.67,0.77,0.88,10,2,6,2,15,5,0,1685,24,accurateLongBalls,GER,2025-2026,datafc_sofascore,2026-08-09T01:15:33.051884
35,77333,Ísak Bergmann Jóhannesson,1112327,1. FC Köln,2671,1,2,6.75,1.43,3.72,13,4,34,6,27,6,0,1812,31,accurateLongBalls,GER,2025-2026,datafc_sofascore,2026-08-09T01:15:33.051884
35,77333,Bilal El Khannouss,1126569,VfB Stuttgart,2677,4,5,6.98,3.17,5.74,42,15,45,18,28,6,0,1634,25,accurateLongBalls,GER,2025-2026,datafc_sofascore,2026-08-09T01:15:33.051884
35,77333,Bernardo,828571,TSG Hoffenheim,2569,0,0,6.86,0.52,1.29,10,0,9,6,68,9,0,2318,29,accurateLongBalls,GER,2025-2026,datafc_sofascore,2026-08-09T01:15:33.051884
35,77333,Rasmus Kristensen,921789,Eintracht Frankfurt,2674,2,0,6.96,0.68,1.17,15,6,8,14,46,4,1,1563,22,accurateLongBalls,GER,2025-2026,datafc_sofascore,2026-08-09T01:15:33.051884
35,77333,Fabian Rieder,929620,FC Augsburg,2600,6,3,6.89,4.19,4.59,38,13,44,19,37,4,0,2359,32,accurateLongBalls,GER,2025-2026,datafc_sofascore,2026-08-09T01:15:33.051884
35,77333,Jarell Quansah,1003339,Bayer 04 Leverkusen,2681,4,0,6.88,2.84,1.29,18,8,11,14,28,9,0,2308,28,accurateLongBalls,GER,2025-2026,datafc_sofascore,2026-08-09T01:15:33.051884
35,77333,Kristijan Jakić,796206,FC Augsburg,2600,2,1,6.8,1.52,1.49,18,6,13,6,34,5,0,1653,26,accurateLongBalls,GER,2025-2026,datafc_sofascore,2026-08-09T01:15:33.051884
35,77333,Hugo Larsson,1142211,Eintracht Frankfurt,2674,2,2,6.76,1.47,1.4,13,6,19,4,19,0,0,1824,25,accurateLongBalls,GER,2025-2026,datafc_sofascore,2026-08-09T01:15:33.051884
35,77333,Philipp Lienhart,576266,SC Freiburg,2538,1,0,6.95,1.06,0.58,8,2,5,3,18,2,1,1305,20,accurateLongBalls,GER,2025-2026,datafc_sofascore,2026-08-09T01:15:33.051884
35,77333,Loïc Badé,1006489,Bayer 04 Leverkusen,2681,0,0,7.21,1.29,0.88,12,4,2,3,33,5,0,1659,23,accurateLongBalls,GER,2025-2026,datafc_sofascore,2026-08-09T01:15:33.051884
35,77333,Ramy Bensebaini,577726,Borussia Dortmund,2673,5,2,7.38,3.11,1.94,17,7,10,4,28,6,0,1529,21,accurateLongBalls,GER,2025-2026,datafc_sofascore,2026-08-09T01:15:33.051884
35,77333,Patrick Mainka,254429,1. FC Heidenheim,5885,2,2,6.85,3.49,1.36,37,9,10,4,45,1,0,3060,34,accurateLongBalls,GER,2025-2026,datafc_sofascore,2026-08-09T01:15:33.051884
35,77333,Jonathan Tah,227672,FC Bayern München,2672,2,1,7.24,0.71,1.73,8,5,5,3,24,7,0,2024,28,accurateLongBalls,GER,2025-2026,datafc_sofascore,2026-08-09T01:15:33.051884
35,77333,Diant Ramaj,981562,1. FC Heidenheim,5885,0,1,6.94,,0.19,0,0,1,0,1,2,0,2790,31,accurateLongBalls,GER,2025-2026,datafc_sofascore,2026-08-09T01:15:33.051884
35,77333,Marvin Schwäbe,187185,1. FC Köln,2671,0,0,7.12,,0.21,0,0,1,0,1,2,0,3060,34,accurateLongBalls,GER,2025-2026,datafc_sofascore,2026-08-09T01:15:33.051884
35,77333,Noah Atubolu,980626,SC Freiburg,2538,0,0,7.07,,0.48,0,0,3,0,0,1,0,3060,34,accurateLongBalls,GER,2025-2026,datafc_sofascore,2026-08-09T01:15:33.051884
35,77333,Finn Dahmen,822564,FC Augsburg,2600,0,0,7.01,0.32,0.2,1,0,4,0,3,1,0,3060,34,accurateLongBalls,GER,2025-2026,datafc_sofascore,2026-08-09T01:15:33.051884
35,77333,Daniel Fernandes,113442,Hamburger SV,2676,0,0,7.18,0.26,0.13,1,0,0,1,0,3,0,2970,33,accurateLongBalls,GER,2025-2026,datafc_sofascore,2026-08-09T01:15:33.051884
35,77333,Alexander Nübel,584722,VfB Stuttgart,2677,0,1,7.19,,0.1,0,0,3,0,0,0,0,3060,34,accurateLongBalls,GER,2025-2026,datafc_sofascore,2026-08-09T01:15:33.051884
35,77333,Frederik Rønnow,137692,1. FC Union Berlin,2547,0,0,6.74,,0.24,0,0,2,0,1,2,0,2641,30,accurateLongBalls,GER,2025-2026,datafc_sofascore,2026-08-09T01:15:33.051884
35,77333,Oliver Baumann,40244,TSG Hoffenheim,2569,0,0,6.79,,0.39,0,0,1,2,0,3,0,3060,34,accurateLongBalls,GER,2025-2026,datafc_sofascore,2026-08-09T01:15:33.051884
35,77333,Moritz Nicolas,578166,Borussia M'gladbach,2527,0,0,7.34,,0.07,0,0,2,0,1,1,0,3060,34,accurateLongBalls,GER,2025-2026,datafc_sofascore,2026-08-09T01:15:33.051884
35,77333,Kamil Grabara,902080,VfL Wolfsburg,2524,0,0,7.21,0.04,0.12,1,0,3,1,1,1,0,3060,34,accurateLongBalls,GER,2025-2026,datafc_sofascore,2026-08-09T01:15:33.051884
35,77333,Nico Schlotterbeck,940871,Borussia Dortmund,2673,5,1,7.67,3.72,2.69,32,9,12,15,50,8,0,2520,28,accurateLongBalls,GER,2025-2026,datafc_sofascore,2026-08-09T01:15:33.051884
35,77333,Aleix García,796047,Bayer 04 Leverkusen,2681,3,8,7.45,2.29,6.65,30,5,51,4,26,6,0,2676,33,accurateLongBalls,GER,2025-2026,datafc_sofascore,2026-08-09T01:15:33.051884
35,77333,Gregor Kobel,556866,Borussia Dortmund,2673,0,0,7.14,,0.1,0,0,0,0,0,3,0,3060,34,accurateLongBalls,GER,2025-2026,datafc_sofascore,2026-08-09T01:15:33.051884
35,77333,Mio Backhaus,1083390,SV Werder Bremen,2534,0,0,7.12,,0.05,0,0,0,0,0,1,0,2880,32,accurateLongBalls,GER,2025-2026,datafc_sofascore,2026-08-09T01:15:33.051884
35,77333,Daniel Batz,94312,1. FSV Mainz 05,2556,0,0,7.42,,0.09,0,0,1,0,0,2,0,1890,21,accurateLongBalls,GER,2025-2026,datafc_sofascore,2026-08-09T01:15:33.051884
35,77333,Joshua Kimmich,259117,FC Bayern München,2672,2,8,7.71,2.65,10.24,28,10,58,11,32,4,0,2280,29,accurateLongBalls,GER,2025-2026,datafc_sofascore,2026-08-09T01:15:33.051884
35,77333,Michael Zetterer,190161,Eintracht Frankfurt,2674,0,0,6.96,,0.11,0,0,0,0,0,1,0,1975,22,accurateLongBalls,GER,2025-2026,datafc_sofascore,2026-08-09T01:15:33.051884
35,77333,Leopold Querfeld,1086547,1. FC Union Berlin,2547,3,0,6.87,3.69,1.77,29,10,21,4,52,6,0,2704,31,accurateLongBalls,GER,2025-2026,datafc_sofascore,2026-08-09T01:15:33.051884
35,77333,Nikola Vasilj,325061,FC St. Pauli,2526,0,0,7.09,,0.07,0,0,0,0,1,0,0,3060,34,accurateLongBalls,GER,2025-2026,datafc_sofascore,2026-08-09T01:15:33.051884
35,77333,Manuel Neuer,8959,FC Bayern München,2672,0,0,6.89,,0.04,0,0,0,0,0,0,0,1860,22,accurateLongBalls,GER,2025-2026,datafc_sofascore,2026-08-09T01:15:33.051884
35,77333,Marco Friedl,825771,SV Werder Bremen,2534,1,0,6.88,0.68,1.08,8,2,5,4,44,9,1,2549,30,accurateLongBalls,GER,2025-2026,datafc_sofascore,2026-08-09T01:15:33.051884
35,77333,Mark Flekken,171919,Bayer 04 Leverkusen,2681,0,0,6.89,,0.05,0,0,1,1,0,1,0,2130,24,accurateLongBalls,GER,2025-2026,datafc_sofascore,2026-08-09T01:15:33.051884
35,77333,Albian Hajdari,1000269,TSG Hoffenheim,2569,1,2,6.98,1.73,1.62,19,4,10,2,58,10,0,2440,30,accurateLongBalls,GER,2025-2026,datafc_sofascore,2026-08-09T01:15:33.051884
35,77333,Edmond Tapsoba,883262,Bayer 04 Leverkusen,2681,5,3,7.2,2.5,1.42,29,10,11,8,31,7,0,2576,29,accurateLongBalls,GER,2025-2026,datafc_sofascore,2026-08-09T01:15:33.051884
35,77333,Dominik Kohr,152206,1. FSV Mainz 05,2556,2,0,6.79,1.57,2.07,15,4,10,5,48,9,2,2345,29,accurateLongBalls,GER,2025-2026,datafc_sofascore,2026-08-09T01:15:33.051884
35,77333,Leon Avdullahu,1493305,TSG Hoffenheim,2569,0,1,7.03,0.59,2.48,14,2,22,8,47,5,0,2838,33,accurateLongBalls,GER,2025-2026,datafc_sofascore,2026-08-09T01:15:33.051884
35,77333,Matthias Ginter,142259,SC Freiburg,2538,3,4,6.98,2.3,2.92,19,7,15,3,22,3,0,2836,32,accurateLongBalls,GER,2025-2026,datafc_sofascore,2026-08-09T01:15:33.051884
35,77333,Senne Lynen,826171,SV Werder Bremen,2534,0,0,6.79,1.11,1.65,25,4,15,6,63,4,0,2757,31,accurateLongBalls,GER,2025-2026,datafc_sofascore,2026-08-09T01:15:33.051884
35,77333,Robin Koch,581302,Eintracht Frankfurt,2674,3,1,6.96,1.38,1.67,15,5,10,2,42,1,1,2835,32,accurateLongBalls,GER,2025-2026,datafc_sofascore,2026-08-09T01:15:33.051884
35,77333,Ridle Baku,856553,RB Leipzig,36360,2,3,6.87,2.56,6.05,30,6,37,13,60,4,0,2509,32,accurateLongBalls,GER,2025-2026,datafc_sofascore,2026-08-09T01:15:33.051884
35,77333,Diogo Leite,855663,1. FC Union Berlin,2547,0,0,6.77,1.21,1.08,10,1,9,6,33,4,0,1970,23,accurateLongBalls,GER,2025-2026,datafc_sofascore,2026-08-09T01:15:33.051884
35,77333,Konstantinos Koulierakis,1184855,VfL Wolfsburg,2524,4,1,6.73,3.22,1.37,26,12,14,3,39,5,0,2488,29,accurateLongBalls,GER,2025-2026,datafc_sofascore,2026-08-09T01:15:33.051884
35,77333,David Raum,856076,RB Leipzig,36360,3,7,7.33,2.2,12.39,24,8,98,16,48,6,0,2556,30,accurateLongBalls,GER,2025-2026,datafc_sofascore,2026-08-09T01:15:33.051884
35,77333,Luka Vušković,1405212,Hamburger SV,2676,6,0,7.28,4.22,1.46,32,10,11,8,22,6,0,2441,28,accurateLongBalls,GER,2025-2026,datafc_sofascore,2026-08-09T01:15:33.051884
35,77333,Robin Zentner,174345,1. FSV Mainz 05,2556,0,0,6.94,,0.1,0,0,0,1,0,2,1,877,10,accurateLongBalls,GER,2025-2026,datafc_sofascore,2026-08-09T01:15:33.051884
35,77333,Waldemar Anton,799046,Borussia Dortmund,2673,2,0,7.25,1.74,1.26,16,6,8,13,73,3,0,2880,32,accurateLongBalls,GER,2025-2026,datafc_sofascore,2026-08-09T01:15:33.051884
35,77333,Keven Schlotterbeck,891651,FC Augsburg,2600,0,1,6.96,1.37,1.09,12,3,12,10,40,5,1,2031,24,accurateLongBalls,GER,2025-2026,datafc_sofascore,2026-08-09T01:15:33.051884
35,77333,Jeff Chabot,863271,VfB Stuttgart,2677,0,0,7.11,1.13,0.85,18,7,7,4,34,3,0,2296,27,accurateLongBalls,GER,2025-2026,datafc_sofascore,2026-08-09T01:15:33.051884
35,77333,Kevin Diks,583806,Borussia M'gladbach,2527,5,0,6.96,5.08,1.13,23,13,8,10,43,6,0,2467,30,accurateLongBalls,GER,2025-2026,datafc_sofascore,2026-08-09T01:15:33.051884
35,77333,Angelo Stiller,901882,VfB Stuttgart,2677,2,5,7.25,3.08,7.46,17,8,56,14,49,1,0,2750,34,accurateLongBalls,GER,2025-2026,datafc_sofascore,2026-08-09T01:15:33.051884
35,77333,Willi Orbán,136924,RB Leipzig,36360,2,0,7.22,2.38,1.05,20,9,11,6,47,4,0,2950,33,accurateLongBalls,GER,2025-2026,datafc_sofascore,2026-08-09T01:15:33.051884
35,77333,Niklas Dorsch,794995,1. FC Heidenheim,5885,0,1,6.88,0.59,2.64,14,3,24,12,59,2,0,2270,32,accurateLongBalls,GER,2025-2026,datafc_sofascore,2026-08-09T01:15:33.051884
35,77333,Eric Smith,542038,FC St. Pauli,2526,2,2,6.86,0.58,1.21,12,5,18,9,34,4,1,2314,27,accurateLongBalls,GER,2025-2026,datafc_sofascore,2026-08-09T01:15:33.051884
35,77333,Maximilian Arnold,147289,VfL Wolfsburg,2524,1,4,7.1,0.43,4.09,14,5,29,5,22,5,0,1860,25,accurateLongBalls,GER,2025-2026,datafc_sofascore,2026-08-09T01:15:33.051884
35,77333,Arthur Theate,965778,Eintracht Frankfurt,2674,1,0,6.78,1.1,1.27,15,7,12,4,35,8,0,2143,24,accurateLongBalls,GER,2025-2026,datafc_sofascore,2026-08-09T01:15:33.051884
35,77333,Harry Kane,108579,FC Bayern München,2672,36,5,7.84,26.87,4.27,119,67,40,32,19,1,0,2382,31,accurateLongBalls,GER,2025-2026,datafc_sofascore,2026-08-09T01:15:33.051884
35,77333,Péter Gulácsi,37096,RB Leipzig,36360,0,0,6.88,,0.03,0,0,0,0,0,1,0,2009,23,accurateLongBalls,GER,2025-2026,datafc_sofascore,2026-08-09T01:15:33.051884
35,77333,Miro Muheim,798303,Hamburger SV,2676,0,4,6.93,1.19,4.25,23,7,41,21,62,7,1,2437,29,accurateLongBalls,GER,2025-2026,datafc_sofascore,2026-08-09T01:15:33.051884
35,77333,Danny da Costa,97926,1. FSV Mainz 05,2556,2,3,6.83,1.6,2.91,14,5,16,15,43,3,0,2697,34,accurateLongBalls,GER,2025-2026,datafc_sofascore,2026-08-09T01:15:33.051884
35,77333,Danilho Doekhi,830803,1. FC Union Berlin,2547,5,0,6.75,4.25,1.61,46,11,8,3,44,4,0,3060,34,accurateLongBalls,GER,2025-2026,datafc_sofascore,2026-08-09T01:15:33.051884
35,77333,Jonas Urbig,1130647,FC Bayern München,2672,0,0,7.19,,0.05,0,0,1,0,0,0,0,1110,14,accurateLongBalls,GER,2025-2026,datafc_sofascore,2026-08-09T01:15:33.051884
35,77333,Romano Schmid,830127,SV Werder Bremen,2534,4,8,6.91,7.83,10.44,57,21,89,37,46,4,0,2988,34,accurateLongBalls,GER,2025-2026,datafc_sofascore,2026-08-09T01:15:33.051884
35,77333,Robert Andrich,168903,Bayer 04 Leverkusen,2681,2,0,6.83,0.72,1.66,12,3,12,1,43,4,1,2547,32,accurateLongBalls,GER,2025-2026,datafc_sofascore,2026-08-09T01:15:33.051884
35,77333,Wouter Burger,916946,TSG Hoffenheim,2569,4,5,7.08,3.46,5.35,36,13,51,4,72,7,1,2440,30,accurateLongBalls,GER,2025-2026,datafc_sofascore,2026-08-09T01:15:33.051884
35,77333,Aleksandar Pavlović,1142251,FC Bayern München,2672,3,1,7.18,1.6,2.34,10,5,21,4,26,2,0,1460,24,accurateLongBalls,GER,2025-2026,datafc_sofascore,2026-08-09T01:15:33.051884
35,77333,Amos Pieper,851254,SV Werder Bremen,2534,0,0,7.03,0.42,0.51,9,3,2,0,31,4,0,1504,19,accurateLongBalls,GER,2025-2026,datafc_sofascore,2026-08-09T01:15:33.051884
35,77333,Christopher Trimmel,48557,1. FC Union Berlin,2547,0,3,7.02,0.09,6.41,5,1,53,1,38,8,0,1875,29,accurateLongBalls,GER,2025-2026,datafc_sofascore,2026-08-09T01:15:33.051884
35,77333,Philipp Sander,939880,Borussia M'gladbach,2527,2,0,6.98,1.56,2.79,25,8,11,5,65,4,0,2454,30,accurateLongBalls,GER,2025-2026,datafc_sofascore,2026-08-09T01:15:33.051884
35,77333,Nadiem Amiri,327755,1. FSV Mainz 05,2556,12,2,7.43,10.4,7.69,55,23,63,25,31,6,0,2090,26,accurateLongBalls,GER,2025-2026,datafc_sofascore,2026-08-09T01:15:33.051884
35,77333,Marnon Busch,168861,1. FC Heidenheim,5885,1,5,6.79,1.11,3.52,12,3,17,3,36,4,0,1912,29,accurateLongBalls,GER,2025-2026,datafc_sofascore,2026-08-09T01:15:33.051884
35,77333,Kauã Santos,1134203,Eintracht Frankfurt,2674,0,0,6.62,,0.02,0,0,0,1,1,0,0,1085,13,accurateLongBalls,GER,2025-2026,datafc_sofascore,2026-08-09T01:15:33.051884
35,77333,Yukinari Sugawara,905347,SV Werder Bremen,2534,0,6,6.52,1.85,3.06,30,11,20,11,36,2,1,2432,31,accurateLongBalls,GER,2025-2026,datafc_sofascore,2026-08-09T01:15:33.051884
35,77333,Vincenzo Grifo,171961,SC Freiburg,2538,7,4,6.94,5.74,4.66,30,12,41,10,10,0,0,1720,33,accurateLongBalls,GER,2025-2026,datafc_sofascore,2026-08-09T01:15:33.051884
35,77333,Hauke Wahl,253469,FC St. Pauli,2526,2,1,6.76,0.61,1.42,10,4,6,2,43,1,0,2591,30,accurateLongBalls,GER,2025-2026,datafc_sofascore,2026-08-09T01:15:33.051884
35,77333,Fábio Vieira,904835,Hamburger SV,2676,7,5,7.18,4.65,4.07,59,19,39,32,20,2,2,2215,29,accurateLongBalls,GER,2025-2026,datafc_sofascore,2026-08-09T01:15:33.051884
35,77333,Vladimír Coufal,138024,TSG Hoffenheim,2569,1,8,7.12,0.88,8.99,25,6,59,31,60,4,0,3017,34,accurateLongBalls,GER,2025-2026,datafc_sofascore,2026-08-09T01:15:33.051884
35,77333,Nicolai Remberg,1064305,Hamburger SV,2676,0,2,6.93,1.03,1.41,17,8,13,14,60,11,0,2880,32,accurateLongBalls,GER,2025-2026,datafc_sofascore,2026-08-09T01:15:33.051884
35,77333,Karim Coulibaly,1797852,SV Werder Bremen,2534,1,0,6.47,0.66,0.47,6,1,7,8,27,3,1,2122,27,accurateLongBalls,GER,2025-2026,datafc_sofascore,2026-08-09T01:15:33.051884
35,77333,Maarten Vandevoordt,934385,RB Leipzig,36360,0,0,7.07,,0.04,0,0,0,1,1,0,0,1051,12,accurateLongBalls,GER,2025-2026,datafc_sofascore,2026-08-09T01:15:33.051884
35,77333,Nicolas Seiwald,976575,RB Leipzig,36360,0,2,6.9,1.83,1.89,19,7,15,8,66,2,0,2703,33,accurateLongBalls,GER,2025-2026,datafc_sofascore,2026-08-09T01:15:33.051884
35,77333,Aljoscha Kemlein,1198074,1. FC Union Berlin,2547,0,2,6.76,1.18,2.31,17,2,15,17,40,4,0,1967,30,accurateLongBalls,GER,2025-2026,datafc_sofascore,2026-08-09T01:15:33.051884
35,77333,Karol Mets,57627,FC St. Pauli,2526,1,0,6.59,0.77,0.6,7,1,4,1,25,3,0,1934,23,accurateLongBalls,GER,2025-2026,datafc_sofascore,2026-08-09T01:15:33.051884
35,77333,Dayot Upamecano,798583,FC Bayern München,2672,1,1,7.16,1.03,1.62,8,2,11,4,44,4,0,1797,24,accurateLongBalls,GER,2025-2026,datafc_sofascore,2026-08-09T01:15:33.051884
35,77333,Nico Elvedi,282229,Borussia M'gladbach,2527,0,2,7.01,0.45,1.27,9,0,13,1,43,5,0,2967,33,accurateLongBalls,GER,2025-2026,datafc_sofascore,2026-08-09T01:15:33.051884
35,77333,Castello Lukeba,976421,RB Leipzig,36360,1,0,7.07,1.16,0.77,8,2,7,22,31,3,0,2177,26,accurateLongBalls,GER,2025-2026,datafc_sofascore,2026-08-09T01:15:33.051884
35,77333,Rocco Reitz,1048650,Borussia M'gladbach,2527,0,4,6.86,2.57,4.92,47,14,28,24,68,8,1,2636,31,accurateLongBalls,GER,2025-2026,datafc_sofascore,2026-08-09T01:15:33.051884
35,77333,Jens Stage,830142,SV Werder Bremen,2534,10,2,6.98,6.08,3.21,56,21,26,13,41,5,0,2468,29,accurateLongBalls,GER,2025-2026,datafc_sofascore,2026-08-09T01:15:33.051884
35,77333,Kaishu Sano,1028307,1. FSV Mainz 05,2556,1,2,7.02,1.36,3.4,24,6,25,28,52,1,0,3059,34,accurateLongBalls,GER,2025-2026,datafc_sofascore,2026-08-09T01:15:33.051884
35,77333,Robin Hranáč,957615,TSG Hoffenheim,2569,1,0,6.72,2.14,0.49,8,3,3,2,25,5,0,2251,29,accurateLongBalls,GER,2025-2026,datafc_sofascore,2026-08-09T01:15:33.051884
35,77333,Maximilian Mittelstädt,788949,VfB Stuttgart,2677,6,4,7.2,4.4,6.02,31,16,37,14,67,4,0,2195,32,accurateLongBalls,GER,2025-2026,datafc_sofascore,2026-08-09T01:15:33.051884
35,77333,Alejandro Grimaldo,177177,Bayer 04 Leverkusen,2681,8,8,7.31,6.65,10.13,60,21,70,25,49,5,0,2524,29,accurateLongBalls,GER,2025-2026,datafc_sofascore,2026-08-09T01:15:33.051884
35,77333,Noahkai Banks,1597260,FC Augsburg,2600,1,1,6.92,1.13,1.01,9,5,7,5,42,8,0,1738,23,accurateLongBalls,GER,2025-2026,datafc_sofascore,2026-08-09T01:15:33.051884
35,77333,Christian Eriksen,105734,VfL Wolfsburg,2524,3,9,6.91,5.96,7.65,38,14,63,10,38,4,0,2419,31,accurateLongBalls,GER,2025-2026,datafc_sofascore,2026-08-09T01:15:33.051884
35,77333,Jordan Torunarigha,801003,Hamburger SV,2676,0,0,6.78,0.37,0.91,5,1,2,6,37,3,0,1965,24,accurateLongBalls,GER,2025-2026,datafc_sofascore,2026-08-09T01:15:33.051884
35,77333,Leon Goretzka,184661,FC Bayern München,2672,5,3,7.13,4.8,3.81,35,11,22,11,29,4,0,1954,31,accurateLongBalls,GER,2025-2026,datafc_sofascore,2026-08-09T01:15:33.051884
35,77333,Nnamdi Collins,1048569,Eintracht Frankfurt,2674,1,2,6.69,0.45,0.46,4,1,3,11,49,4,0,1508,23,accurateLongBalls,GER,2025-2026,datafc_sofascore,2026-08-09T01:15:33.051884
35,77333,Aurèle Amenda,999276,Eintracht Frankfurt,2674,0,0,6.67,0.77,0.88,10,2,6,2,15,5,0,1685,24,accurateLongBalls,GER,2025-2026,datafc_sofascore,2026-08-09T01:15:33.051884
35,77333,Ísak Bergmann Jóhannesson,1112327,1. FC Köln,2671,1,2,6.75,1.43,3.72,13,4,34,6,27,6,0,1812,31,accurateLongBalls,GER,2025-2026,datafc_sofascore,2026-08-09T01:15:33.051884
35,77333,Bilal El Khannouss,1126569,VfB Stuttgart,2677,4,5,6.98,3.17,5.74,42,15,45,18,28,6,0,1634,25,accurateLongBalls,GER,2025-2026,datafc_sofascore,2026-08-09T01:15:33.051884
35,77333,Bernardo,828571,TSG Hoffenheim,2569,0,0,6.86,0.52,1.29,10,0,9,6,68,9,0,2318,29,accurateLongBalls,GER,2025-2026,datafc_sofascore,2026-08-09T01:15:33.051884
35,77333,Rasmus Kristensen,921789,Eintracht Frankfurt,2674,2,0,6.96,0.68,1.17,15,6,8,14,46,4,1,1563,22,accurateLongBalls,GER,2025-2026,datafc_sofascore,2026-08-09T01:15:33.051884
35,77333,Fabian Rieder,929620,FC Augsburg,2600,6,3,6.89,4.19,4.59,38,13,44,19,37,4,0,2359,32,accurateLongBalls,GER,2025-2026,datafc_sofascore,2026-08-09T01:15:33.051884
35,77333,Jarell Quansah,1003339,Bayer 04 Leverkusen,2681,4,0,6.88,2.84,1.29,18,8,11,14,28,9,0,2308,28,accurateLongBalls,GER,2025-2026,datafc_sofascore,2026-08-09T01:15:33.051884
35,77333,Kristijan Jakić,796206,FC Augsburg,2600,2,1,6.8,1.52,1.49,18,6,13,6,34,5,0,1653,26,accurateLongBalls,GER,2025-2026,datafc_sofascore,2026-08-09T01:15:33.051884
35,77333,Hugo Larsson,1142211,Eintracht Frankfurt,2674,2,2,6.76,1.47,1.4,13,6,19,4,19,0,0,1824,25,accurateLongBalls,GER,2025-2026,datafc_sofascore,2026-08-09T01:15:33.051884
35,77333,Philipp Lienhart,576266,SC Freiburg,2538,1,0,6.95,1.06,0.58,8,2,5,3,18,2,1,1305,20,accurateLongBalls,GER,2025-2026,datafc_sofascore,2026-08-09T01:15:33.051884
35,77333,Loïc Badé,1006489,Bayer 04 Leverkusen,2681,0,0,7.21,1.29,0.88,12,4,2,3,33,5,0,1659,23,accurateLongBalls,GER,2025-2026,datafc_sofascore,2026-08-09T01:15:33.051884
35,77333,Ramy Bensebaini,577726,Borussia Dortmund,2673,5,2,7.38,3.11,1.94,17,7,10,4,28,6,0,1529,21,accurateLongBalls,GER,2025-2026,datafc_sofascore,2026-08-09T01:15:33.051884
35,77333,Patrick Mainka,254429,1. FC Heidenheim,5885,2,2,6.85,3.49,1.36,37,9,10,4,45,1,0,3060,34,accurateLongBalls,GER,2025-2026,datafc_sofascore,2026-08-09T01:15:33.051884
35,77333,Jonathan Tah,227672,FC Bayern München,2672,2,1,7.24,0.71,1.73,8,5,5,3,24,7,0,2024,28,accurateLongBalls,GER,2025-2026,datafc_sofascore,2026-08-09T01:15:33.051884
35,77333,Patrik Schick,280609,Bayer 04 Leverkusen,2681,16,3,6.94,17.18,2.78,72,34,14,10,9,2,0,1995,28,accurateLongBallsPercentage,GER,2025-2026,datafc_sofascore,2026-08-09T01:15:33.051884
35,77333,Valentin Gendrey,944899,TSG Hoffenheim,2569,1,1,6.87,0.28,0.56,2,1,3,0,1,0,0,69,8,accurateLongBallsPercentage,GER,2025-2026,datafc_sofascore,2026-08-09T01:15:33.051884
35,77333,Oscar Fraulo,1008245,Borussia M'gladbach,2527,1,0,6.73,0.29,0.03,1,1,0,0,1,0,0,55,4,accurateLongBallsPercentage,GER,2025-2026,datafc_sofascore,2026-08-09T01:15:33.051884
35,77333,Loïs Openda,835480,RB Leipzig,36360,0,0,6.7,0.12,0.29,3,0,1,1,0,0,0,55,2,accurateLongBallsPercentage,GER,2025-2026,datafc_sofascore,2026-08-09T01:15:33.051884
35,77333,Victor Okoh Boniface,978521,SV Werder Bremen,2534,0,2,6.67,1.08,0.61,16,6,7,5,2,1,0,325,11,accurateLongBallsPercentage,GER,2025-2026,datafc_sofascore,2026-08-09T01:15:33.051884
35,77333,Cyriaque Irié,1508537,SC Freiburg,2538,0,0,6.66,0.73,0.15,7,2,4,12,9,3,0,343,10,accurateLongBallsPercentage,GER,2025-2026,datafc_sofascore,2026-08-09T01:15:33.051884
35,77333,Salih Özcan,795005,Borussia Dortmund,2673,0,0,6.63,0.1,0.26,1,0,2,0,2,0,0,93,11,accurateLongBallsPercentage,GER,2025-2026,datafc_sofascore,2026-08-09T01:15:33.051884
35,77333,Claudio Echeverri,1482424,Bayer 04 Leverkusen,2681,0,0,6.6,0.1,0.45,1,0,1,1,1,0,0,136,6,accurateLongBallsPercentage,GER,2025-2026,datafc_sofascore,2026-08-09T01:15:33.051884
35,77333,David Daiber,1489220,FC Bayern München,2672,0,0,6.6,0.06,0.02,1,0,0,2,0,0,0,27,2,accurateLongBallsPercentage,GER,2025-2026,datafc_sofascore,2026-08-09T01:15:33.051884
35,77333,Otto Stange,1568535,Hamburger SV,2676,0,0,6.57,0.96,0.16,9,1,1,5,3,0,0,288,10,accurateLongBallsPercentage,GER,2025-2026,datafc_sofascore,2026-08-09T01:15:33.051884
35,77333,Umut Tohumcu,1083410,TSG Hoffenheim,2569,0,0,6.54,0.09,0.01,2,0,0,1,3,2,0,138,5,accurateLongBallsPercentage,GER,2025-2026,datafc_sofascore,2026-08-09T01:15:33.051884
35,77333,Pharell Hensel,2114948,VfL Wolfsburg,2524,0,0,6.53,0.02,0.03,1,0,0,1,1,0,0,88,5,accurateLongBallsPercentage,GER,2025-2026,datafc_sofascore,2026-08-09T01:15:33.051884
35,77333,Rouven Tarnutzer,2217897,SC Freiburg,2538,0,0,6.5,,0.0,0,0,0,0,0,0,0,11,1,accurateLongBallsPercentage,GER,2025-2026,datafc_sofascore,2026-08-09T01:15:33.051884
35,77333,Jessic Ngankam,906276,Eintracht Frankfurt,2674,0,0,6.43,,0.01,0,0,0,1,0,0,0,70,3,accurateLongBallsPercentage,GER,2025-2026,datafc_sofascore,2026-08-09T01:15:33.051884
35,77333,Michy Batshuayi,147745,Eintracht Frankfurt,2674,1,0,6.4,1.13,0.2,5,1,2,1,1,0,0,140,6,accurateLongBallsPercentage,GER,2025-2026,datafc_sofascore,2026-08-09T01:15:33.051884
35,77333,Merlin Röhl,1064082,SC Freiburg,2538,0,0,6.3,,0.03,0,0,0,0,1,0,0,65,2,accurateLongBallsPercentage,GER,2025-2026,datafc_sofascore,2026-08-09T01:15:33.051884
35,77333,Xavi Simons,997183,RB Leipzig,36360,0,0,6.2,,0.03,0,0,1,2,0,0,0,90,1,accurateLongBallsPercentage,GER,2025-2026,datafc_sofascore,2026-08-09T01:15:33.051884
35,77333,Alphonso Davies,843665,FC Bayern München,2672,1,3,6.82,0.35,1.63,4,1,9,13,9,1,0,534,13,accurateLongBallsPercentage,GER,2025-2026,datafc_sofascore,2026-08-09T01:15:33.051884
35,77333,Shuto Machino,925910,Borussia M'gladbach,2527,3,1,6.68,2.94,1.63,26,11,14,3,8,2,0,1084,32,accurateLongBallsPercentage,GER,2025-2026,datafc_sofascore,2026-08-09T01:15:33.051884
35,77333,Conrad Harder,1494826,RB Leipzig,36360,3,3,6.6,4.08,1.86,42,13,14,5,10,3,0,919,29,accurateLongBallsPercentage,GER,2025-2026,datafc_sofascore,2026-08-09T01:15:33.051884
35,77333,Andrija Maksimović,1406171,RB Leipzig,36360,0,0,6.6,0.08,0.17,2,0,3,0,0,0,0,88,8,accurateLongBallsPercentage,GER,2025-2026,datafc_sofascore,2026-08-09T01:15:33.051884
35,77333,Nelson Weiper,1152505,1. FSV Mainz 05,2556,0,0,6.5,2.78,0.36,13,6,6,7,3,1,0,586,24,accurateLongBallsPercentage,GER,2025-2026,datafc_sofascore,2026-08-09T01:15:33.051884
35,77333,Oladapo Afolayan,871621,FC St. Pauli,2526,0,0,6.5,0.62,0.2,4,2,2,2,4,1,0,155,7,accurateLongBallsPercentage,GER,2025-2026,datafc_sofascore,2026-08-09T01:15:33.051884
35,77333,Pascal Stenzel,352562,VfB Stuttgart,2677,0,0,6.45,0.31,0.04,3,1,0,0,0,2,0,107,2,accurateLongBallsPercentage,GER,2025-2026,datafc_sofascore,2026-08-09T01:15:33.051884
35,77333,Aleksandar Pavlović,1142251,FC Bayern München,2672,3,1,7.18,1.6,2.34,10,5,21,4,26,2,0,1460,24,accurateLongBallsPercentage,GER,2025-2026,datafc_sofascore,2026-08-09T01:15:33.051884
35,77333,Niklas Süle,168937,Borussia Dortmund,2673,0,1,6.88,0.03,0.2,2,1,2,1,8,3,0,487,11,accurateLongBallsPercentage,GER,2025-2026,datafc_sofascore,2026-08-09T01:15:33.051884
35,77333,Andreas Skov Olsen,888537,VfL Wolfsburg,2524,1,0,6.81,0.32,0.94,7,2,7,3,2,1,0,369,8,accurateLongBallsPercentage,GER,2025-2026,datafc_sofascore,2026-08-09T01:15:33.051884
35,77333,Luis Díaz,883537,FC Bayern München,2672,15,14,7.26,15.1,7.74,88,37,67,61,21,5,1,2450,32,accurateLongBallsPercentage,GER,2025-2026,datafc_sofascore,2026-08-09T01:15:33.051884
35,77333,Aleix García,796047,Bayer 04 Leverkusen,2681,3,8,7.45,2.29,6.65,30,5,51,4,26,6,0,2676,33,accurateLongBallsPercentage,GER,2025-2026,datafc_sofascore,2026-08-09T01:15:33.051884
35,77333,Samuele Inacio,1861666,Borussia Dortmund,2673,1,0,6.91,1.76,0.59,9,5,8,5,6,2,0,383,7,accurateLongBallsPercentage,GER,2025-2026,datafc_sofascore,2026-08-09T01:15:33.051884
35,77333,Nicolas Jackson,1085381,FC Bayern München,2672,8,1,6.75,7.26,1.58,38,21,18,11,8,2,1,1037,23,accurateLongBallsPercentage,GER,2025-2026,datafc_sofascore,2026-08-09T01:15:33.051884
35,77333,Kevin Paredes,1016810,VfL Wolfsburg,2524,0,0,6.72,0.06,0.16,2,1,1,2,4,1,0,172,6,accurateLongBallsPercentage,GER,2025-2026,datafc_sofascore,2026-08-09T01:15:33.051884
35,77333,Stefan Schimmer,842922,1. FC Heidenheim,5885,5,1,6.62,5.37,0.63,31,11,12,1,11,1,0,812,27,accurateLongBallsPercentage,GER,2025-2026,datafc_sofascore,2026-08-09T01:15:33.051884
35,77333,Benedict Hollerbach,975800,1. FSV Mainz 05,2556,1,2,6.53,2.02,1.25,22,6,4,12,13,0,0,882,14,accurateLongBallsPercentage,GER,2025-2026,datafc_sofascore,2026-08-09T01:15:33.051884
35,77333,Yan Diomande,2087085,RB Leipzig,36360,12,8,7.72,7.14,10.12,53,26,56,118,29,2,0,2476,33,accurateLongBallsPercentage,GER,2025-2026,datafc_sofascore,2026-08-09T01:15:33.051884
35,77333,Mathias Honsak,575952,1. FC Heidenheim,5885,2,1,6.56,3.17,1.67,31,8,12,15,21,1,0,1260,27,accurateLongBallsPercentage,GER,2025-2026,datafc_sofascore,2026-08-09T01:15:33.051884
35,77333,Sheraldo Becker,352544,1. FSV Mainz 05,2556,3,3,6.91,4.33,3.18,29,15,17,4,1,2,0,953,14,accurateLongBallsPercentage,GER,2025-2026,datafc_sofascore,2026-08-09T01:15:33.051884
35,77333,Jonas Meffert,148256,Hamburger SV,2676,0,0,6.65,,0.47,0,0,2,0,4,0,0,151,4,accurateLongBallsPercentage,GER,2025-2026,datafc_sofascore,2026-08-09T01:15:33.051884
35,77333,Badredine Bouanani,1153265,VfB Stuttgart,2677,0,0,6.56,0.97,0.94,16,4,5,4,4,1,0,481,14,accurateLongBallsPercentage,GER,2025-2026,datafc_sofascore,2026-08-09T01:15:33.051884
35,77333,Joshua Kimmich,259117,FC Bayern München,2672,2,8,7.71,2.65,10.24,28,10,58,11,32,4,0,2280,29,accurateLongBallsPercentage,GER,2025-2026,datafc_sofascore,2026-08-09T01:15:33.051884
35,77333,Harry Kane,108579,FC Bayern München,2672,36,5,7.84,26.87,4.27,119,67,40,32,19,1,0,2382,31,accurateLongBallsPercentage,GER,2025-2026,datafc_sofascore,2026-08-09T01:15:33.051884
35,77333,Ezechiel Banzuzi,1155383,RB Leipzig,36360,0,1,6.64,1.4,0.37,15,4,7,2,15,3,0,597,24,accurateLongBallsPercentage,GER,2025-2026,datafc_sofascore,2026-08-09T01:15:33.051884
35,77333,Nathan Tella,920379,Bayer 04 Leverkusen,2681,1,4,7.03,2.8,2.58,24,8,19,13,12,2,0,892,17,accurateLongBallsPercentage,GER,2025-2026,datafc_sofascore,2026-08-09T01:15:33.051884
35,77333,Alex Král,825740,1. FC Union Berlin,2547,0,0,6.58,0.31,0.51,7,3,4,9,9,1,0,466,20,accurateLongBallsPercentage,GER,2025-2026,datafc_sofascore,2026-08-09T01:15:33.051884
35,77333,Niklas Dorsch,794995,1. FC Heidenheim,5885,0,1,6.88,0.59,2.64,14,3,24,12,59,2,0,2270,32,accurateLongBallsPercentage,GER,2025-2026,datafc_sofascore,2026-08-09T01:15:33.051884
35,77333,Leon Goretzka,184661,FC Bayern München,2672,5,3,7.13,4.8,3.81,35,11,22,11,29,4,0,1954,31,accurateLongBallsPercentage,GER,2025-2026,datafc_sofascore,2026-08-09T01:15:33.051884
35,77333,Serge Gnabry,187433,FC Bayern München,2672,8,6,7.09,6.26,5.08,50,17,23,16,18,1,0,1228,21,accurateLongBallsPercentage,GER,2025-2026,datafc_sofascore,2026-08-09T01:15:33.051884
35,77333,Leon Avdullahu,1493305,TSG Hoffenheim,2569,0,1,7.03,0.59,2.48,14,2,22,8,47,5,0,2838,33,accurateLongBallsPercentage,GER,2025-2026,datafc_sofascore,2026-08-09T01:15:33.051884
35,77333,Noahkai Banks,1597260,FC Augsburg,2600,1,1,6.92,1.13,1.01,9,5,7,5,42,8,0,1738,23,accurateLongBallsPercentage,GER,2025-2026,datafc_sofascore,2026-08-09T01:15:33.051884
35,77333,Jonathan Burkardt,939830,Eintracht Frankfurt,2674,13,1,6.94,12.0,0.81,41,21,9,6,8,1,0,1340,22,accurateLongBallsPercentage,GER,2025-2026,datafc_sofascore,2026-08-09T01:15:33.051884
35,77333,Bazoumana Touré,1568123,TSG Hoffenheim,2569,5,9,6.91,4.16,5.75,48,13,46,48,34,2,0,2325,30,accurateLongBallsPercentage,GER,2025-2026,datafc_sofascore,2026-08-09T01:15:33.051884
35,77333,Tom Bischof,1129935,FC Bayern München,2672,3,3,6.9,1.83,2.67,30,9,24,7,26,2,0,1320,26,accurateLongBallsPercentage,GER,2025-2026,datafc_sofascore,2026-08-09T01:15:33.051884
35,77333,Adrian Beck,845742,1. FC Heidenheim,5885,1,1,6.77,0.86,1.49,11,4,18,18,18,1,0,884,24,accurateLongBallsPercentage,GER,2025-2026,datafc_sofascore,2026-08-09T01:15:33.051884
35,77333,Oliver Burke,608362,1. FC Union Berlin,2547,6,2,6.75,5.18,1.96,33,15,22,11,12,4,0,1691,29,accurateLongBallsPercentage,GER,2025-2026,datafc_sofascore,2026-08-09T01:15:33.051884
35,77333,Robert Glatzel,168987,Hamburger SV,2676,3,2,6.68,2.68,0.4,16,7,6,5,1,0,0,640,19,accurateLongBallsPercentage,GER,2025-2026,datafc_sofascore,2026-08-09T01:15:33.051884
35,77333,Ricky-Jade Jones,994529,FC St. Pauli,2526,2,0,6.67,1.62,0.55,11,6,7,4,3,1,0,349,9,accurateLongBallsPercentage,GER,2025-2026,datafc_sofascore,2026-08-09T01:15:33.051884
35,77333,Mert Kömür,1390682,FC Augsburg,2600,2,4,6.64,3.42,2.1,43,16,23,17,15,1,0,1466,28,accurateLongBallsPercentage,GER,2025-2026,datafc_sofascore,2026-08-09T01:15:33.051884
35,77333,Mads Pedersen,809219,FC Augsburg,2600,0,0,6.63,0.16,0.35,3,0,3,0,5,0,0,213,7,accurateLongBallsPercentage,GER,2025-2026,datafc_sofascore,2026-08-09T01:15:33.051884
35,77333,Alexander Røssing-Lelesiit,1862226,Hamburger SV,2676,0,1,6.54,0.08,0.44,2,2,5,6,9,1,1,332,11,accurateLongBallsPercentage,GER,2025-2026,datafc_sofascore,2026-08-09T01:15:33.051884
35,77333,Tidiam Gomis,1426577,RB Leipzig,36360,1,0,6.53,0.49,0.51,9,3,2,10,4,1,0,356,18,accurateLongBallsPercentage,GER,2025-2026,datafc_sofascore,2026-08-09T01:15:33.051884
35,77333,Martijn Kaars,861850,FC St. Pauli,2526,3,1,6.5,3.55,1.77,24,10,10,5,7,2,0,1368,29,accurateLongBallsPercentage,GER,2025-2026,datafc_sofascore,2026-08-09T01:15:33.051884
35,77333,Andreas Hountondji,1112796,FC St. Pauli,2526,4,0,6.42,4.27,0.53,21,13,6,9,7,2,0,1084,21,accurateLongBallsPercentage,GER,2025-2026,datafc_sofascore,2026-08-09T01:15:33.051884
35,77333,Kevin Akpoguma,187423,TSG Hoffenheim,2569,0,0,5.53,,0.01,0,0,0,0,4,0,1,58,8,accurateLongBallsPercentage,GER,2025-2026,datafc_sofascore,2026-08-09T01:15:33.051884
35,77333,Jonathan Tah,227672,FC Bayern München,2672,2,1,7.24,0.71,1.73,8,5,5,3,24,7,0,2024,28,accurateLongBallsPercentage,GER,2025-2026,datafc_sofascore,2026-08-09T01:15:33.051884
35,77333,Ezequiel Fernández,1003012,Bayer 04 Leverkusen,2681,0,1,6.8,0.68,1.13,11,1,8,9,31,2,1,1001,20,accurateLongBallsPercentage,GER,2025-2026,datafc_sofascore,2026-08-09T01:15:33.051884
35,77333,Bilal El Khannouss,1126569,VfB Stuttgart,2677,4,5,6.98,3.17,5.74,42,15,45,18,28,6,0,1634,25,accurateLongBallsPercentage,GER,2025-2026,datafc_sofascore,2026-08-09T01:15:33.051884
35,77333,Albert Sambi Lokonga,901892,Hamburger SV,2676,5,0,6.96,2.05,1.6,19,11,25,8,31,3,0,1712,26,accurateLongBallsPercentage,GER,2025-2026,datafc_sofascore,2026-08-09T01:15:33.051884
35,77333,Oscar Højlund,1149113,Eintracht Frankfurt,2674,1,1,6.54,0.54,0.81,7,3,7,5,29,2,1,1099,24,accurateLongBallsPercentage,GER,2025-2026,datafc_sofascore,2026-08-09T01:15:33.051884
35,77333,Lennart Karl,1861975,FC Bayern München,2672,5,5,6.83,7.59,4.96,42,21,24,22,25,1,0,1282,26,accurateLongBallsPercentage,GER,2025-2026,datafc_sofascore,2026-08-09T01:15:33.051884
35,77333,Serhou Guirassy,328027,Borussia Dortmund,2673,17,1,6.83,17.56,3.5,84,40,20,12,2,3,0,2348,33,accurateLongBallsPercentage,GER,2025-2026,datafc_sofascore,2026-08-09T01:15:33.051884
35,77333,Jobe Bellingham,1134083,Borussia Dortmund,2673,0,1,6.75,1.08,1.27,19,6,9,15,44,2,1,1800,32,accurateLongBallsPercentage,GER,2025-2026,datafc_sofascore,2026-08-09T01:15:33.051884
35,77333,Sota Kawasaki,1028306,1. FSV Mainz 05,2556,0,0,6.68,0.08,0.28,1,0,0,0,11,1,0,325,10,accurateLongBallsPercentage,GER,2025-2026,datafc_sofascore,2026-08-09T01:15:33.051884
35,77333,Nicolai Remberg,1064305,Hamburger SV,2676,0,2,6.93,1.03,1.41,17,8,13,14,60,11,0,2880,32,accurateLongBallsPercentage,GER,2025-2026,datafc_sofascore,2026-08-09T01:15:33.051884
35,77333,Jonas Hofmann,142390,Bayer 04 Leverkusen,2681,2,2,6.76,1.63,2.43,23,7,16,7,13,3,0,1015,23,accurateLongBallsPercentage,GER,2025-2026,datafc_sofascore,2026-08-09T01:15:33.051884
35,77333,Yuito Suzuki,1020422,SC Freiburg,2538,4,2,6.76,3.86,2.59,38,14,25,18,20,3,0,1636,25,accurateLongBallsPercentage,GER,2025-2026,datafc_sofascore,2026-08-09T01:15:33.051884
35,77333,Philip Otele,988476,Hamburger SV,2676,1,1,6.65,1.11,1.25,7,3,9,7,2,3,1,477,9,accurateLongBallsPercentage,GER,2025-2026,datafc_sofascore,2026-08-09T01:15:33.051884
35,77333,Kosta Nedeljković,1152923,RB Leipzig,36360,0,0,6.3,,0.09,0,0,0,0,1,0,0,252,5,accurateLongBallsPercentage,GER,2025-2026,datafc_sofascore,2026-08-09T01:15:33.051884
35,77333,Andrej Kramarić,67647,TSG Hoffenheim,2569,14,6,7.03,11.89,5.02,64,33,36,19,8,2,0,2222,34,accurateLongBallsPercentage,GER,2025-2026,datafc_sofascore,2026-08-09T01:15:33.051884
35,77333,Felix Nmecha,907463,Borussia Dortmund,2673,2,3,6.94,3.62,4.24,33,7,20,31,37,0,0,2184,29,accurateLongBallsPercentage,GER,2025-2026,datafc_sofascore,2026-08-09T01:15:33.051884
35,77333,Cameron Puertas,916176,SV Werder Bremen,2534,1,2,6.66,1.82,2.38,37,8,27,15,60,6,0,1878,28,accurateLongBallsPercentage,GER,2025-2026,datafc_sofascore,2026-08-09T01:15:33.051884
35,77333,Nico Schlotterbeck,940871,Borussia Dortmund,2673,5,1,7.67,3.72,2.69,32,9,12,15,50,8,0,2520,28,accurateLongBallsPercentage,GER,2025-2026,datafc_sofascore,2026-08-09T01:15:33.051884
35,77333,Arnaud Kalimuendo,954061,Eintracht Frankfurt,2674,6,1,6.79,4.04,1.17,30,16,22,21,11,4,0,1420,19,accurateLongBallsPercentage,GER,2025-2026,datafc_sofascore,2026-08-09T01:15:33.051884
35,77333,Giovanni Reyna,989056,Borussia M'gladbach,2527,1,0,6.75,0.67,1.79,7,2,13,10,9,1,0,526,19,accurateLongBallsPercentage,GER,2025-2026,datafc_sofascore,2026-08-09T01:15:33.051884
35,77333,Michael Olise,978838,FC Bayern München,2672,15,19,7.87,11.46,17.23,101,50,81,65,24,8,0,2317,32,accurateLongBallsPercentage,GER,2025-2026,datafc_sofascore,2026-08-09T01:15:33.051884
35,77333,Senne Lynen,826171,SV Werder Bremen,2534,0,0,6.79,1.11,1.65,25,4,15,6,63,4,0,2757,31,accurateLongBallsPercentage,GER,2025-2026,datafc_sofascore,2026-08-09T01:15:33.051884
35,77333,Ibrahim Maza,1407524,Bayer 04 Leverkusen,2681,3,4,7.1,5.34,4.45,54,17,29,48,41,2,0,1859,28,accurateLongBallsPercentage,GER,2025-2026,datafc_sofascore,2026-08-09T01:15:33.051884
35,77333,Eliesse Ben Seghir,1394353,Bayer 04 Leverkusen,2681,0,0,6.78,0.14,0.92,5,2,5,9,4,2,0,261,10,accurateLongBallsPercentage,GER,2025-2026,datafc_sofascore,2026-08-09T01:15:33.051884
35,77333,Mohamed Amoura,1107591,VfL Wolfsburg,2524,8,3,6.74,8.6,2.51,60,19,25,16,38,2,0,1935,30,accurateLongBallsPercentage,GER,2025-2026,datafc_sofascore,2026-08-09T01:15:33.051884
35,77333,Robin Hack,876858,Borussia M'gladbach,2527,1,0,6.73,1.15,0.98,11,4,13,3,2,1,0,317,8,accurateLongBallsPercentage,GER,2025-2026,datafc_sofascore,2026-08-09T01:15:33.051884
35,77333,Haris Tabaković,259803,Borussia M'gladbach,2527,13,2,6.71,13.0,0.86,67,27,16,6,10,5,0,2394,32,accurateLongBallsPercentage,GER,2025-2026,datafc_sofascore,2026-08-09T01:15:33.051884
35,77333,Rômulo,1133743,RB Leipzig,36360,9,4,6.65,14.36,2.95,63,27,26,11,30,3,0,2204,30,accurateLongBallsPercentage,GER,2025-2026,datafc_sofascore,2026-08-09T01:15:33.051884
35,77333,Pascal Groß,48480,Borussia Dortmund,2673,0,1,6.81,0.59,2.5,8,1,11,4,8,0,0,618,11,accurateLongBallsPercentage,GER,2025-2026,datafc_sofascore,2026-08-09T01:15:33.051884
35,77333,Vincenzo Grifo,171961,SC Freiburg,2538,7,4,6.94,5.74,4.66,30,12,41,10,10,0,0,1720,33,accurateLongBallsPercentage,GER,2025-2026,datafc_sofascore,2026-08-09T01:15:33.051884
35,77333,Lucas Höler,280009,SC Freiburg,2538,3,1,6.67,4.5,1.93,34,15,24,10,25,4,0,2065,33,accurateLongBallsPercentage,GER,2025-2026,datafc_sofascore,2026-08-09T01:15:33.051884
35,77333,Leonidas Stergiou,962898,1. FC Heidenheim,5885,0,0,6.62,0.09,0.01,1,0,0,1,8,0,0,204,6,accurateLongBallsPercentage,GER,2025-2026,datafc_sofascore,2026-08-09T01:15:33.051884
35,77333,Can Uzun,1440948,Eintracht Frankfurt,2674,8,4,7.19,3.93,2.98,41,19,20,16,15,3,0,1172,21,accurateLongBallsPercentage,GER,2025-2026,datafc_sofascore,2026-08-09T01:15:33.051884
35,77333,Kim Min-jae,896569,FC Bayern München,2672,1,1,7.23,0.62,1.41,5,3,5,1,22,1,0,1621,25,accurateLongBallsPercentage,GER,2025-2026,datafc_sofascore,2026-08-09T01:15:33.051884
35,77333,Bakery Jatta,842526,Hamburger SV,2676,1,1,6.63,0.84,0.62,11,4,4,3,15,1,0,918,15,accurateLongBallsPercentage,GER,2025-2026,datafc_sofascore,2026-08-09T01:15:33.051884
35,77333,Kota Takai,1144143,Borussia M'gladbach,2527,0,0,6.53,0.16,0.09,3,2,2,0,11,1,0,357,8,accurateLongBallsPercentage,GER,2025-2026,datafc_sofascore,2026-08-09T01:15:33.051884
35,77333,Lovro Majer,841947,VfL Wolfsburg,2524,2,3,6.63,3.09,2.56,27,7,22,12,26,5,0,1373,28,accurateLongBallsPercentage,GER,2025-2026,datafc_sofascore,2026-08-09T01:15:33.051884
35,77333,Patrik Schick,280609,Bayer 04 Leverkusen,2681,16,3,6.94,17.18,2.78,72,34,14,10,9,2,0,1995,28,accurateLongBallsPercentage,GER,2025-2026,datafc_sofascore,2026-08-09T01:15:33.051884
35,77333,Valentin Gendrey,944899,TSG Hoffenheim,2569,1,1,6.87,0.28,0.56,2,1,3,0,1,0,0,69,8,accurateLongBallsPercentage,GER,2025-2026,datafc_sofascore,2026-08-09T01:15:33.051884
35,77333,Oscar Fraulo,1008245,Borussia M'gladbach,2527,1,0,6.73,0.29,0.03,1,1,0,0,1,0,0,55,4,accurateLongBallsPercentage,GER,2025-2026,datafc_sofascore,2026-08-09T01:15:33.051884
35,77333,Loïs Openda,835480,RB Leipzig,36360,0,0,6.7,0.12,0.29,3,0,1,1,0,0,0,55,2,accurateLongBallsPercentage,GER,2025-2026,datafc_sofascore,2026-08-09T01:15:33.051884
35,77333,Victor Okoh Boniface,978521,SV Werder Bremen,2534,0,2,6.67,1.08,0.61,16,6,7,5,2,1,0,325,11,accurateLongBallsPercentage,GER,2025-2026,datafc_sofascore,2026-08-09T01:15:33.051884
35,77333,Cyriaque Irié,1508537,SC Freiburg,2538,0,0,6.66,0.73,0.15,7,2,4,12,9,3,0,343,10,accurateLongBallsPercentage,GER,2025-2026,datafc_sofascore,2026-08-09T01:15:33.051884
35,77333,Salih Özcan,795005,Borussia Dortmund,2673,0,0,6.63,0.1,0.26,1,0,2,0,2,0,0,93,11,accurateLongBallsPercentage,GER,2025-2026,datafc_sofascore,2026-08-09T01:15:33.051884
35,77333,Claudio Echeverri,1482424,Bayer 04 Leverkusen,2681,0,0,6.6,0.1,0.45,1,0,1,1,1,0,0,136,6,accurateLongBallsPercentage,GER,2025-2026,datafc_sofascore,2026-08-09T01:15:33.051884
35,77333,David Daiber,1489220,FC Bayern München,2672,0,0,6.6,0.06,0.02,1,0,0,2,0,0,0,27,2,accurateLongBallsPercentage,GER,2025-2026,datafc_sofascore,2026-08-09T01:15:33.051884
35,77333,Otto Stange,1568535,Hamburger SV,2676,0,0,6.57,0.96,0.16,9,1,1,5,3,0,0,288,10,accurateLongBallsPercentage,GER,2025-2026,datafc_sofascore,2026-08-09T01:15:33.051884
35,77333,Umut Tohumcu,1083410,TSG Hoffenheim,2569,0,0,6.54,0.09,0.01,2,0,0,1,3,2,0,138,5,accurateLongBallsPercentage,GER,2025-2026,datafc_sofascore,2026-08-09T01:15:33.051884
35,77333,Pharell Hensel,2114948,VfL Wolfsburg,2524,0,0,6.53,0.02,0.03,1,0,0,1,1,0,0,88,5,accurateLongBallsPercentage,GER,2025-2026,datafc_sofascore,2026-08-09T01:15:33.051884
35,77333,Rouven Tarnutzer,2217897,SC Freiburg,2538,0,0,6.5,,0.0,0,0,0,0,0,0,0,11,1,accurateLongBallsPercentage,GER,2025-2026,datafc_sofascore,2026-08-09T01:15:33.051884
35,77333,Jessic Ngankam,906276,Eintracht Frankfurt,2674,0,0,6.43,,0.01,0,0,0,1,0,0,0,70,3,accurateLongBallsPercentage,GER,2025-2026,datafc_sofascore,2026-08-09T01:15:33.051884
35,77333,Michy Batshuayi,147745,Eintracht Frankfurt,2674,1,0,6.4,1.13,0.2,5,1,2,1,1,0,0,140,6,accurateLongBallsPercentage,GER,2025-2026,datafc_sofascore,2026-08-09T01:15:33.051884
35,77333,Merlin Röhl,1064082,SC Freiburg,2538,0,0,6.3,,0.03,0,0,0,0,1,0,0,65,2,accurateLongBallsPercentage,GER,2025-2026,datafc_sofascore,2026-08-09T01:15:33.051884
35,77333,Xavi Simons,997183,RB Leipzig,36360,0,0,6.2,,0.03,0,0,1,2,0,0,0,90,1,accurateLongBallsPercentage,GER,2025-2026,datafc_sofascore,2026-08-09T01:15:33.051884
35,77333,Alphonso Davies,843665,FC Bayern München,2672,1,3,6.82,0.35,1.63,4,1,9,13,9,1,0,534,13,accurateLongBallsPercentage,GER,2025-2026,datafc_sofascore,2026-08-09T01:15:33.051884
35,77333,Shuto Machino,925910,Borussia M'gladbach,2527,3,1,6.68,2.94,1.63,26,11,14,3,8,2,0,1084,32,accurateLongBallsPercentage,GER,2025-2026,datafc_sofascore,2026-08-09T01:15:33.051884
35,77333,Conrad Harder,1494826,RB Leipzig,36360,3,3,6.6,4.08,1.86,42,13,14,5,10,3,0,919,29,accurateLongBallsPercentage,GER,2025-2026,datafc_sofascore,2026-08-09T01:15:33.051884
35,77333,Andrija Maksimović,1406171,RB Leipzig,36360,0,0,6.6,0.08,0.17,2,0,3,0,0,0,0,88,8,accurateLongBallsPercentage,GER,2025-2026,datafc_sofascore,2026-08-09T01:15:33.051884
35,77333,Nelson Weiper,1152505,1. FSV Mainz 05,2556,0,0,6.5,2.78,0.36,13,6,6,7,3,1,0,586,24,accurateLongBallsPercentage,GER,2025-2026,datafc_sofascore,2026-08-09T01:15:33.051884
35,77333,Oladapo Afolayan,871621,FC St. Pauli,2526,0,0,6.5,0.62,0.2,4,2,2,2,4,1,0,155,7,accurateLongBallsPercentage,GER,2025-2026,datafc_sofascore,2026-08-09T01:15:33.051884
35,77333,Pascal Stenzel,352562,VfB Stuttgart,2677,0,0,6.45,0.31,0.04,3,1,0,0,0,2,0,107,2,accurateLongBallsPercentage,GER,2025-2026,datafc_sofascore,2026-08-09T01:15:33.051884
35,77333,Aleksandar Pavlović,1142251,FC Bayern München,2672,3,1,7.18,1.6,2.34,10,5,21,4,26,2,0,1460,24,accurateLongBallsPercentage,GER,2025-2026,datafc_sofascore,2026-08-09T01:15:33.051884
35,77333,Niklas Süle,168937,Borussia Dortmund,2673,0,1,6.88,0.03,0.2,2,1,2,1,8,3,0,487,11,accurateLongBallsPercentage,GER,2025-2026,datafc_sofascore,2026-08-09T01:15:33.051884
35,77333,Andreas Skov Olsen,888537,VfL Wolfsburg,2524,1,0,6.81,0.32,0.94,7,2,7,3,2,1,0,369,8,accurateLongBallsPercentage,GER,2025-2026,datafc_sofascore,2026-08-09T01:15:33.051884
35,77333,Luis Díaz,883537,FC Bayern München,2672,15,14,7.26,15.1,7.74,88,37,67,61,21,5,1,2450,32,accurateLongBallsPercentage,GER,2025-2026,datafc_sofascore,2026-08-09T01:15:33.051884
35,77333,Aleix García,796047,Bayer 04 Leverkusen,2681,3,8,7.45,2.29,6.65,30,5,51,4,26,6,0,2676,33,accurateLongBallsPercentage,GER,2025-2026,datafc_sofascore,2026-08-09T01:15:33.051884
35,77333,Samuele Inacio,1861666,Borussia Dortmund,2673,1,0,6.91,1.76,0.59,9,5,8,5,6,2,0,383,7,accurateLongBallsPercentage,GER,2025-2026,datafc_sofascore,2026-08-09T01:15:33.051884
35,77333,Nicolas Jackson,1085381,FC Bayern München,2672,8,1,6.75,7.26,1.58,38,21,18,11,8,2,1,1037,23,accurateLongBallsPercentage,GER,2025-2026,datafc_sofascore,2026-08-09T01:15:33.051884
35,77333,Kevin Paredes,1016810,VfL Wolfsburg,2524,0,0,6.72,0.06,0.16,2,1,1,2,4,1,0,172,6,accurateLongBallsPercentage,GER,2025-2026,datafc_sofascore,2026-08-09T01:15:33.051884
35,77333,Stefan Schimmer,842922,1. FC Heidenheim,5885,5,1,6.62,5.37,0.63,31,11,12,1,11,1,0,812,27,accurateLongBallsPercentage,GER,2025-2026,datafc_sofascore,2026-08-09T01:15:33.051884
35,77333,Benedict Hollerbach,975800,1. FSV Mainz 05,2556,1,2,6.53,2.02,1.25,22,6,4,12,13,0,0,882,14,accurateLongBallsPercentage,GER,2025-2026,datafc_sofascore,2026-08-09T01:15:33.051884
35,77333,Yan Diomande,2087085,RB Leipzig,36360,12,8,7.72,7.14,10.12,53,26,56,118,29,2,0,2476,33,accurateLongBallsPercentage,GER,2025-2026,datafc_sofascore,2026-08-09T01:15:33.051884
35,77333,Mathias Honsak,575952,1. FC Heidenheim,5885,2,1,6.56,3.17,1.67,31,8,12,15,21,1,0,1260,27,accurateLongBallsPercentage,GER,2025-2026,datafc_sofascore,2026-08-09T01:15:33.051884
35,77333,Sheraldo Becker,352544,1. FSV Mainz 05,2556,3,3,6.91,4.33,3.18,29,15,17,4,1,2,0,953,14,accurateLongBallsPercentage,GER,2025-2026,datafc_sofascore,2026-08-09T01:15:33.051884
35,77333,Jonas Meffert,148256,Hamburger SV,2676,0,0,6.65,,0.47,0,0,2,0,4,0,0,151,4,accurateLongBallsPercentage,GER,2025-2026,datafc_sofascore,2026-08-09T01:15:33.051884
35,77333,Badredine Bouanani,1153265,VfB Stuttgart,2677,0,0,6.56,0.97,0.94,16,4,5,4,4,1,0,481,14,accurateLongBallsPercentage,GER,2025-2026,datafc_sofascore,2026-08-09T01:15:33.051884
35,77333,Joshua Kimmich,259117,FC Bayern München,2672,2,8,7.71,2.65,10.24,28,10,58,11,32,4,0,2280,29,accurateLongBallsPercentage,GER,2025-2026,datafc_sofascore,2026-08-09T01:15:33.051884
35,77333,Harry Kane,108579,FC Bayern München,2672,36,5,7.84,26.87,4.27,119,67,40,32,19,1,0,2382,31,accurateLongBallsPercentage,GER,2025-2026,datafc_sofascore,2026-08-09T01:15:33.051884
35,77333,Ezechiel Banzuzi,1155383,RB Leipzig,36360,0,1,6.64,1.4,0.37,15,4,7,2,15,3,0,597,24,accurateLongBallsPercentage,GER,2025-2026,datafc_sofascore,2026-08-09T01:15:33.051884
35,77333,Nathan Tella,920379,Bayer 04 Leverkusen,2681,1,4,7.03,2.8,2.58,24,8,19,13,12,2,0,892,17,accurateLongBallsPercentage,GER,2025-2026,datafc_sofascore,2026-08-09T01:15:33.051884
35,77333,Alex Král,825740,1. FC Union Berlin,2547,0,0,6.58,0.31,0.51,7,3,4,9,9,1,0,466,20,accurateLongBallsPercentage,GER,2025-2026,datafc_sofascore,2026-08-09T01:15:33.051884
35,77333,Niklas Dorsch,794995,1. FC Heidenheim,5885,0,1,6.88,0.59,2.64,14,3,24,12,59,2,0,2270,32,accurateLongBallsPercentage,GER,2025-2026,datafc_sofascore,2026-08-09T01:15:33.051884
35,77333,Leon Goretzka,184661,FC Bayern München,2672,5,3,7.13,4.8,3.81,35,11,22,11,29,4,0,1954,31,accurateLongBallsPercentage,GER,2025-2026,datafc_sofascore,2026-08-09T01:15:33.051884
35,77333,Serge Gnabry,187433,FC Bayern München,2672,8,6,7.09,6.26,5.08,50,17,23,16,18,1,0,1228,21,accurateLongBallsPercentage,GER,2025-2026,datafc_sofascore,2026-08-09T01:15:33.051884
35,77333,Leon Avdullahu,1493305,TSG Hoffenheim,2569,0,1,7.03,0.59,2.48,14,2,22,8,47,5,0,2838,33,accurateLongBallsPercentage,GER,2025-2026,datafc_sofascore,2026-08-09T01:15:33.051884
35,77333,Noahkai Banks,1597260,FC Augsburg,2600,1,1,6.92,1.13,1.01,9,5,7,5,42,8,0,1738,23,accurateLongBallsPercentage,GER,2025-2026,datafc_sofascore,2026-08-09T01:15:33.051884
35,77333,Jonathan Burkardt,939830,Eintracht Frankfurt,2674,13,1,6.94,12.0,0.81,41,21,9,6,8,1,0,1340,22,accurateLongBallsPercentage,GER,2025-2026,datafc_sofascore,2026-08-09T01:15:33.051884
35,77333,Bazoumana Touré,1568123,TSG Hoffenheim,2569,5,9,6.91,4.16,5.75,48,13,46,48,34,2,0,2325,30,accurateLongBallsPercentage,GER,2025-2026,datafc_sofascore,2026-08-09T01:15:33.051884
35,77333,Tom Bischof,1129935,FC Bayern München,2672,3,3,6.9,1.83,2.67,30,9,24,7,26,2,0,1320,26,accurateLongBallsPercentage,GER,2025-2026,datafc_sofascore,2026-08-09T01:15:33.051884
35,77333,Adrian Beck,845742,1. FC Heidenheim,5885,1,1,6.77,0.86,1.49,11,4,18,18,18,1,0,884,24,accurateLongBallsPercentage,GER,2025-2026,datafc_sofascore,2026-08-09T01:15:33.051884
35,77333,Oliver Burke,608362,1. FC Union Berlin,2547,6,2,6.75,5.18,1.96,33,15,22,11,12,4,0,1691,29,accurateLongBallsPercentage,GER,2025-2026,datafc_sofascore,2026-08-09T01:15:33.051884
35,77333,Robert Glatzel,168987,Hamburger SV,2676,3,2,6.68,2.68,0.4,16,7,6,5,1,0,0,640,19,accurateLongBallsPercentage,GER,2025-2026,datafc_sofascore,2026-08-09T01:15:33.051884
35,77333,Ricky-Jade Jones,994529,FC St. Pauli,2526,2,0,6.67,1.62,0.55,11,6,7,4,3,1,0,349,9,accurateLongBallsPercentage,GER,2025-2026,datafc_sofascore,2026-08-09T01:15:33.051884
35,77333,Mert Kömür,1390682,FC Augsburg,2600,2,4,6.64,3.42,2.1,43,16,23,17,15,1,0,1466,28,accurateLongBallsPercentage,GER,2025-2026,datafc_sofascore,2026-08-09T01:15:33.051884
35,77333,Mads Pedersen,809219,FC Augsburg,2600,0,0,6.63,0.16,0.35,3,0,3,0,5,0,0,213,7,accurateLongBallsPercentage,GER,2025-2026,datafc_sofascore,2026-08-09T01:15:33.051884
35,77333,Alexander Røssing-Lelesiit,1862226,Hamburger SV,2676,0,1,6.54,0.08,0.44,2,2,5,6,9,1,1,332,11,accurateLongBallsPercentage,GER,2025-2026,datafc_sofascore,2026-08-09T01:15:33.051884
35,77333,Tidiam Gomis,1426577,RB Leipzig,36360,1,0,6.53,0.49,0.51,9,3,2,10,4,1,0,356,18,accurateLongBallsPercentage,GER,2025-2026,datafc_sofascore,2026-08-09T01:15:33.051884
35,77333,Martijn Kaars,861850,FC St. Pauli,2526,3,1,6.5,3.55,1.77,24,10,10,5,7,2,0,1368,29,accurateLongBallsPercentage,GER,2025-2026,datafc_sofascore,2026-08-09T01:15:33.051884
35,77333,Andreas Hountondji,1112796,FC St. Pauli,2526,4,0,6.42,4.27,0.53,21,13,6,9,7,2,0,1084,21,accurateLongBallsPercentage,GER,2025-2026,datafc_sofascore,2026-08-09T01:15:33.051884
35,77333,Kevin Akpoguma,187423,TSG Hoffenheim,2569,0,0,5.53,,0.01,0,0,0,0,4,0,1,58,8,accurateLongBallsPercentage,GER,2025-2026,datafc_sofascore,2026-08-09T01:15:33.051884
35,77333,Jonathan Tah,227672,FC Bayern München,2672,2,1,7.24,0.71,1.73,8,5,5,3,24,7,0,2024,28,accurateLongBallsPercentage,GER,2025-2026,datafc_sofascore,2026-08-09T01:15:33.051884
35,77333,Ezequiel Fernández,1003012,Bayer 04 Leverkusen,2681,0,1,6.8,0.68,1.13,11,1,8,9,31,2,1,1001,20,accurateLongBallsPercentage,GER,2025-2026,datafc_sofascore,2026-08-09T01:15:33.051884
35,77333,Bilal El Khannouss,1126569,VfB Stuttgart,2677,4,5,6.98,3.17,5.74,42,15,45,18,28,6,0,1634,25,accurateLongBallsPercentage,GER,2025-2026,datafc_sofascore,2026-08-09T01:15:33.051884
35,77333,Albert Sambi Lokonga,901892,Hamburger SV,2676,5,0,6.96,2.05,1.6,19,11,25,8,31,3,0,1712,26,accurateLongBallsPercentage,GER,2025-2026,datafc_sofascore,2026-08-09T01:15:33.051884
35,77333,Oscar Højlund,1149113,Eintracht Frankfurt,2674,1,1,6.54,0.54,0.81,7,3,7,5,29,2,1,1099,24,accurateLongBallsPercentage,GER,2025-2026,datafc_sofascore,2026-08-09T01:15:33.051884
35,77333,Lennart Karl,1861975,FC Bayern München,2672,5,5,6.83,7.59,4.96,42,21,24,22,25,1,0,1282,26,accurateLongBallsPercentage,GER,2025-2026,datafc_sofascore,2026-08-09T01:15:33.051884
35,77333,Serhou Guirassy,328027,Borussia Dortmund,2673,17,1,6.83,17.56,3.5,84,40,20,12,2,3,0,2348,33,accurateLongBallsPercentage,GER,2025-2026,datafc_sofascore,2026-08-09T01:15:33.051884
35,77333,Jobe Bellingham,1134083,Borussia Dortmund,2673,0,1,6.75,1.08,1.27,19,6,9,15,44,2,1,1800,32,accurateLongBallsPercentage,GER,2025-2026,datafc_sofascore,2026-08-09T01:15:33.051884
35,77333,Sota Kawasaki,1028306,1. FSV Mainz 05,2556,0,0,6.68,0.08,0.28,1,0,0,0,11,1,0,325,10,accurateLongBallsPercentage,GER,2025-2026,datafc_sofascore,2026-08-09T01:15:33.051884
35,77333,Nicolai Remberg,1064305,Hamburger SV,2676,0,2,6.93,1.03,1.41,17,8,13,14,60,11,0,2880,32,accurateLongBallsPercentage,GER,2025-2026,datafc_sofascore,2026-08-09T01:15:33.051884
35,77333,Jonas Hofmann,142390,Bayer 04 Leverkusen,2681,2,2,6.76,1.63,2.43,23,7,16,7,13,3,0,1015,23,accurateLongBallsPercentage,GER,2025-2026,datafc_sofascore,2026-08-09T01:15:33.051884
35,77333,Yuito Suzuki,1020422,SC Freiburg,2538,4,2,6.76,3.86,2.59,38,14,25,18,20,3,0,1636,25,accurateLongBallsPercentage,GER,2025-2026,datafc_sofascore,2026-08-09T01:15:33.051884
35,77333,Philip Otele,988476,Hamburger SV,2676,1,1,6.65,1.11,1.25,7,3,9,7,2,3,1,477,9,accurateLongBallsPercentage,GER,2025-2026,datafc_sofascore,2026-08-09T01:15:33.051884
35,77333,Kosta Nedeljković,1152923,RB Leipzig,36360,0,0,6.3,,0.09,0,0,0,0,1,0,0,252,5,accurateLongBallsPercentage,GER,2025-2026,datafc_sofascore,2026-08-09T01:15:33.051884
35,77333,Andrej Kramarić,67647,TSG Hoffenheim,2569,14,6,7.03,11.89,5.02,64,33,36,19,8,2,0,2222,34,accurateLongBallsPercentage,GER,2025-2026,datafc_sofascore,2026-08-09T01:15:33.051884
35,77333,Felix Nmecha,907463,Borussia Dortmund,2673,2,3,6.94,3.62,4.24,33,7,20,31,37,0,0,2184,29,accurateLongBallsPercentage,GER,2025-2026,datafc_sofascore,2026-08-09T01:15:33.051884
35,77333,Cameron Puertas,916176,SV Werder Bremen,2534,1,2,6.66,1.82,2.38,37,8,27,15,60,6,0,1878,28,accurateLongBallsPercentage,GER,2025-2026,datafc_sofascore,2026-08-09T01:15:33.051884
35,77333,Nico Schlotterbeck,940871,Borussia Dortmund,2673,5,1,7.67,3.72,2.69,32,9,12,15,50,8,0,2520,28,accurateLongBallsPercentage,GER,2025-2026,datafc_sofascore,2026-08-09T01:15:33.051884
35,77333,Arnaud Kalimuendo,954061,Eintracht Frankfurt,2674,6,1,6.79,4.04,1.17,30,16,22,21,11,4,0,1420,19,accurateLongBallsPercentage,GER,2025-2026,datafc_sofascore,2026-08-09T01:15:33.051884
35,77333,Giovanni Reyna,989056,Borussia M'gladbach,2527,1,0,6.75,0.67,1.79,7,2,13,10,9,1,0,526,19,accurateLongBallsPercentage,GER,2025-2026,datafc_sofascore,2026-08-09T01:15:33.051884
35,77333,Michael Olise,978838,FC Bayern München,2672,15,19,7.87,11.46,17.23,101,50,81,65,24,8,0,2317,32,accurateLongBallsPercentage,GER,2025-2026,datafc_sofascore,2026-08-09T01:15:33.051884
35,77333,Senne Lynen,826171,SV Werder Bremen,2534,0,0,6.79,1.11,1.65,25,4,15,6,63,4,0,2757,31,accurateLongBallsPercentage,GER,2025-2026,datafc_sofascore,2026-08-09T01:15:33.051884
35,77333,Ibrahim Maza,1407524,Bayer 04 Leverkusen,2681,3,4,7.1,5.34,4.45,54,17,29,48,41,2,0,1859,28,accurateLongBallsPercentage,GER,2025-2026,datafc_sofascore,2026-08-09T01:15:33.051884
35,77333,Eliesse Ben Seghir,1394353,Bayer 04 Leverkusen,2681,0,0,6.78,0.14,0.92,5,2,5,9,4,2,0,261,10,accurateLongBallsPercentage,GER,2025-2026,datafc_sofascore,2026-08-09T01:15:33.051884
35,77333,Mohamed Amoura,1107591,VfL Wolfsburg,2524,8,3,6.74,8.6,2.51,60,19,25,16,38,2,0,1935,30,accurateLongBallsPercentage,GER,2025-2026,datafc_sofascore,2026-08-09T01:15:33.051884
35,77333,Robin Hack,876858,Borussia M'gladbach,2527,1,0,6.73,1.15,0.98,11,4,13,3,2,1,0,317,8,accurateLongBallsPercentage,GER,2025-2026,datafc_sofascore,2026-08-09T01:15:33.051884
35,77333,Haris Tabaković,259803,Borussia M'gladbach,2527,13,2,6.71,13.0,0.86,67,27,16,6,10,5,0,2394,32,accurateLongBallsPercentage,GER,2025-2026,datafc_sofascore,2026-08-09T01:15:33.051884
35,77333,Rômulo,1133743,RB Leipzig,36360,9,4,6.65,14.36,2.95,63,27,26,11,30,3,0,2204,30,accurateLongBallsPercentage,GER,2025-2026,datafc_sofascore,2026-08-09T01:15:33.051884
35,77333,Pascal Groß,48480,Borussia Dortmund,2673,0,1,6.81,0.59,2.5,8,1,11,4,8,0,0,618,11,accurateLongBallsPercentage,GER,2025-2026,datafc_sofascore,2026-08-09T01:15:33.051884
35,77333,Vincenzo Grifo,171961,SC Freiburg,2538,7,4,6.94,5.74,4.66,30,12,41,10,10,0,0,1720,33,accurateLongBallsPercentage,GER,2025-2026,datafc_sofascore,2026-08-09T01:15:33.051884
35,77333,Lucas Höler,280009,SC Freiburg,2538,3,1,6.67,4.5,1.93,34,15,24,10,25,4,0,2065,33,accurateLongBallsPercentage,GER,2025-2026,datafc_sofascore,2026-08-09T01:15:33.051884
35,77333,Leonidas Stergiou,962898,1. FC Heidenheim,5885,0,0,6.62,0.09,0.01,1,0,0,1,8,0,0,204,6,accurateLongBallsPercentage,GER,2025-2026,datafc_sofascore,2026-08-09T01:15:33.051884
35,77333,Can Uzun,1440948,Eintracht Frankfurt,2674,8,4,7.19,3.93,2.98,41,19,20,16,15,3,0,1172,21,accurateLongBallsPercentage,GER,2025-2026,datafc_sofascore,2026-08-09T01:15:33.051884
35,77333,Kim Min-jae,896569,FC Bayern München,2672,1,1,7.23,0.62,1.41,5,3,5,1,22,1,0,1621,25,accurateLongBallsPercentage,GER,2025-2026,datafc_sofascore,2026-08-09T01:15:33.051884
35,77333,Bakery Jatta,842526,Hamburger SV,2676,1,1,6.63,0.84,0.62,11,4,4,3,15,1,0,918,15,accurateLongBallsPercentage,GER,2025-2026,datafc_sofascore,2026-08-09T01:15:33.051884
35,77333,Kota Takai,1144143,Borussia M'gladbach,2527,0,0,6.53,0.16,0.09,3,2,2,0,11,1,0,357,8,accurateLongBallsPercentage,GER,2025-2026,datafc_sofascore,2026-08-09T01:15:33.051884
35,77333,Lovro Majer,841947,VfL Wolfsburg,2524,2,3,6.63,3.09,2.56,27,7,22,12,26,5,0,1373,28,accurateLongBallsPercentage,GER,2025-2026,datafc_sofascore,2026-08-09T01:15:33.051884
35,77333,Yan Diomande,2087085,RB Leipzig,36360,12,8,7.72,7.14,10.12,53,26,56,118,29,2,0,2476,33,successfulDribbles,GER,2025-2026,datafc_sofascore,2026-08-09T01:15:33.051884
35,77333,Antonio Nusa,1121923,RB Leipzig,36360,4,3,7.07,4.41,5.16,61,20,33,68,26,0,0,2035,31,successfulDribbles,GER,2025-2026,datafc_sofascore,2026-08-09T01:15:33.051884
35,77333,Michael Olise,978838,FC Bayern München,2672,15,19,7.87,11.46,17.23,101,50,81,65,24,8,0,2317,32,successfulDribbles,GER,2025-2026,datafc_sofascore,2026-08-09T01:15:33.051884
35,77333,Luis Díaz,883537,FC Bayern München,2672,15,14,7.26,15.1,7.74,88,37,67,61,21,5,1,2450,32,successfulDribbles,GER,2025-2026,datafc_sofascore,2026-08-09T01:15:33.051884
35,77333,Ibrahim Maza,1407524,Bayer 04 Leverkusen,2681,3,4,7.1,5.34,4.45,54,17,29,48,41,2,0,1859,28,successfulDribbles,GER,2025-2026,datafc_sofascore,2026-08-09T01:15:33.051884
35,77333,Bazoumana Touré,1568123,TSG Hoffenheim,2569,5,9,6.91,4.16,5.75,48,13,46,48,34,2,0,2325,30,successfulDribbles,GER,2025-2026,datafc_sofascore,2026-08-09T01:15:33.051884
35,77333,Joel Chima Fujita,1002461,FC St. Pauli,2526,1,3,6.71,1.15,3.92,31,7,30,47,68,6,0,2671,32,successfulDribbles,GER,2025-2026,datafc_sofascore,2026-08-09T01:15:33.051884
35,77333,Said El Mala,1800475,1. FC Köln,2671,13,4,6.97,11.22,2.34,75,31,21,44,24,4,0,1957,34,successfulDribbles,GER,2025-2026,datafc_sofascore,2026-08-09T01:15:33.051884
35,77333,Alexis Claude-Maurice,822877,FC Augsburg,2600,5,4,6.87,6.88,3.2,71,26,33,44,41,3,0,2107,29,successfulDribbles,GER,2025-2026,datafc_sofascore,2026-08-09T01:15:33.051884
35,77333,Jean-Mattéo Bahoya,1146148,Eintracht Frankfurt,2674,3,4,6.96,2.04,3.33,29,9,31,41,31,2,0,1335,27,successfulDribbles,GER,2025-2026,datafc_sofascore,2026-08-09T01:15:33.051884
35,77333,Patrick Wimmer,987504,VfL Wolfsburg,2524,4,3,6.88,3.12,2.19,24,8,16,38,47,4,0,1634,25,successfulDribbles,GER,2025-2026,datafc_sofascore,2026-08-09T01:15:33.051884
35,77333,Romano Schmid,830127,SV Werder Bremen,2534,4,8,6.91,7.83,10.44,57,21,89,37,46,4,0,2988,34,successfulDribbles,GER,2025-2026,datafc_sofascore,2026-08-09T01:15:33.051884
35,77333,Ritsu Doan,790965,Eintracht Frankfurt,2674,5,5,6.85,3.36,5.62,41,15,40,34,43,5,0,2379,31,successfulDribbles,GER,2025-2026,datafc_sofascore,2026-08-09T01:15:33.051884
35,77333,Johan Manzambi,1518931,SC Freiburg,2538,5,4,7.22,3.85,5.13,51,12,20,33,35,4,2,2094,27,successfulDribbles,GER,2025-2026,datafc_sofascore,2026-08-09T01:15:33.051884
35,77333,Harry Kane,108579,FC Bayern München,2672,36,5,7.84,26.87,4.27,119,67,40,32,19,1,0,2382,31,successfulDribbles,GER,2025-2026,datafc_sofascore,2026-08-09T01:15:33.051884
35,77333,Fábio Vieira,904835,Hamburger SV,2676,7,5,7.18,4.65,4.07,59,19,39,32,20,2,2,2215,29,successfulDribbles,GER,2025-2026,datafc_sofascore,2026-08-09T01:15:33.051884
35,77333,Vladimír Coufal,138024,TSG Hoffenheim,2569,1,8,7.12,0.88,8.99,25,6,59,31,60,4,0,3017,34,successfulDribbles,GER,2025-2026,datafc_sofascore,2026-08-09T01:15:33.051884
35,77333,Jamie Leweling,990201,VfB Stuttgart,2677,7,9,7.03,4.31,5.22,49,18,41,31,22,4,0,2375,32,successfulDribbles,GER,2025-2026,datafc_sofascore,2026-08-09T01:15:33.051884
35,77333,Felix Nmecha,907463,Borussia Dortmund,2673,2,3,6.94,3.62,4.24,33,7,20,31,37,0,0,2184,29,successfulDribbles,GER,2025-2026,datafc_sofascore,2026-08-09T01:15:33.051884
35,77333,Samuel Mbangula,1100836,SV Werder Bremen,2534,3,2,6.83,1.68,1.79,17,8,15,30,16,0,0,1182,26,successfulDribbles,GER,2025-2026,datafc_sofascore,2026-08-09T01:15:33.051884
35,77333,Derry Scherhant,1131002,SC Freiburg,2538,5,1,6.69,2.58,2.48,36,13,22,30,20,2,0,1308,31,successfulDribbles,GER,2025-2026,datafc_sofascore,2026-08-09T01:15:33.051884
35,77333,Chris Führich,891510,VfB Stuttgart,2677,7,7,7.17,4.26,8.05,45,23,49,28,15,2,0,1723,33,successfulDribbles,GER,2025-2026,datafc_sofascore,2026-08-09T01:15:33.051884
35,77333,Kaishu Sano,1028307,1. FSV Mainz 05,2556,1,2,7.02,1.36,3.4,24,6,25,28,52,1,0,3059,34,successfulDribbles,GER,2025-2026,datafc_sofascore,2026-08-09T01:15:33.051884
35,77333,Ernest Poku,1119502,Bayer 04 Leverkusen,2681,5,5,6.84,3.05,4.35,27,9,28,28,13,0,0,1484,29,successfulDribbles,GER,2025-2026,datafc_sofascore,2026-08-09T01:15:33.051884
35,77333,Karim Adeyemi,940054,Borussia Dortmund,2673,7,4,6.86,4.87,3.16,31,14,16,27,5,5,0,1215,28,successfulDribbles,GER,2025-2026,datafc_sofascore,2026-08-09T01:15:33.051884
35,77333,Han-Noah Massengo,927340,FC Augsburg,2600,2,1,6.8,1.29,1.6,20,6,17,26,41,5,0,2435,33,successfulDribbles,GER,2025-2026,datafc_sofascore,2026-08-09T01:15:33.051884
35,77333,Nadiem Amiri,327755,1. FSV Mainz 05,2556,12,2,7.43,10.4,7.69,55,23,63,25,31,6,0,2090,26,successfulDribbles,GER,2025-2026,datafc_sofascore,2026-08-09T01:15:33.051884
35,77333,Alejandro Grimaldo,177177,Bayer 04 Leverkusen,2681,8,8,7.31,6.65,10.13,60,21,70,25,49,5,0,2524,29,successfulDribbles,GER,2025-2026,datafc_sofascore,2026-08-09T01:15:33.051884
35,77333,Jens Castrop,1019312,Borussia M'gladbach,2527,3,1,6.69,3.73,1.69,30,12,19,25,58,2,2,1599,26,successfulDribbles,GER,2025-2026,datafc_sofascore,2026-08-09T01:15:33.051884
35,77333,Ilyas Ansah,1462742,1. FC Union Berlin,2547,5,1,6.64,3.25,1.05,33,12,16,25,17,1,0,1909,33,successfulDribbles,GER,2025-2026,datafc_sofascore,2026-08-09T01:15:33.051884
35,77333,Jakub Kamiński,801263,1. FC Köln,2671,7,3,7.1,7.06,6.41,63,26,52,24,45,4,0,3019,34,successfulDribbles,GER,2025-2026,datafc_sofascore,2026-08-09T01:15:33.051884
35,77333,Julian Ryerson,800951,Borussia Dortmund,2673,0,15,7.08,0.93,10.04,12,1,56,24,34,8,0,2272,31,successfulDribbles,GER,2025-2026,datafc_sofascore,2026-08-09T01:15:33.051884
35,77333,Rocco Reitz,1048650,Borussia M'gladbach,2527,0,4,6.86,2.57,4.92,47,14,28,24,68,8,1,2636,31,successfulDribbles,GER,2025-2026,datafc_sofascore,2026-08-09T01:15:33.051884
35,77333,Anton Kade,1129365,FC Augsburg,2600,6,0,6.84,6.35,3.01,48,21,26,24,31,3,0,1746,28,successfulDribbles,GER,2025-2026,datafc_sofascore,2026-08-09T01:15:33.051884
35,77333,Joe Scally,1002920,Borussia M'gladbach,2527,2,3,6.63,1.27,1.86,16,10,18,24,48,8,0,2611,32,successfulDribbles,GER,2025-2026,datafc_sofascore,2026-08-09T01:15:33.051884
35,77333,Arijon Ibrahimović,1142248,1. FC Heidenheim,5885,2,4,6.8,6.31,6.3,47,19,56,23,34,2,0,2181,32,successfulDribbles,GER,2025-2026,datafc_sofascore,2026-08-09T01:15:33.051884
35,77333,Castello Lukeba,976421,RB Leipzig,36360,1,0,7.07,1.16,0.77,8,2,7,22,31,3,0,2177,26,successfulDribbles,GER,2025-2026,datafc_sofascore,2026-08-09T01:15:33.051884
35,77333,Xaver Schlager,791079,RB Leipzig,36360,3,1,6.94,2.11,2.51,21,7,21,22,37,6,0,1837,26,successfulDribbles,GER,2025-2026,datafc_sofascore,2026-08-09T01:15:33.051884
35,77333,Lennart Karl,1861975,FC Bayern München,2672,5,5,6.83,7.59,4.96,42,21,24,22,25,1,0,1282,26,successfulDribbles,GER,2025-2026,datafc_sofascore,2026-08-09T01:15:33.051884
35,77333,Carney Chukwuemeka,994556,Borussia Dortmund,2673,2,0,6.69,1.93,2.14,18,2,11,22,21,2,0,939,28,successfulDribbles,GER,2025-2026,datafc_sofascore,2026-08-09T01:15:33.051884
35,77333,Brajan Gruda,1198075,RB Leipzig,36360,3,3,7.18,3.44,2.67,22,10,17,21,8,1,0,755,13,successfulDribbles,GER,2025-2026,datafc_sofascore,2026-08-09T01:15:33.051884
35,77333,Jean-Luc Dompé,789192,Hamburger SV,2676,3,0,7.03,2.08,4.02,25,12,33,21,5,0,0,1136,20,successfulDribbles,GER,2025-2026,datafc_sofascore,2026-08-09T01:15:33.051884
35,77333,Miro Muheim,798303,Hamburger SV,2676,0,4,6.93,1.19,4.25,23,7,41,21,62,7,1,2437,29,successfulDribbles,GER,2025-2026,datafc_sofascore,2026-08-09T01:15:33.051884
35,77333,Arnaud Kalimuendo,954061,Eintracht Frankfurt,2674,6,1,6.79,4.04,1.17,30,16,22,21,11,4,0,1420,19,successfulDribbles,GER,2025-2026,datafc_sofascore,2026-08-09T01:15:33.051884
35,77333,Marco Grüll,815612,SV Werder Bremen,2534,3,1,6.76,3.6,3.09,43,13,33,21,38,5,0,2020,33,successfulDribbles,GER,2025-2026,datafc_sofascore,2026-08-09T01:15:33.051884
35,77333,Jamal Musiala,1010231,FC Bayern München,2672,3,4,6.71,4.81,1.92,30,9,17,21,11,1,0,685,15,successfulDribbles,GER,2025-2026,datafc_sofascore,2026-08-09T01:15:33.051884
35,77333,Justin Njinmah,1005343,SV Werder Bremen,2534,5,0,6.68,6.71,1.09,62,23,16,21,23,2,0,1955,33,successfulDribbles,GER,2025-2026,datafc_sofascore,2026-08-09T01:15:33.051884
35,77333,Ayoube Amaimouni Echghouyab,1898148,Eintracht Frankfurt,2674,2,3,6.69,0.52,0.38,12,7,6,20,6,1,0,595,17,successfulDribbles,GER,2025-2026,datafc_sofascore,2026-08-09T01:15:33.051884
35,77333,Paul Nebel,980621,1. FSV Mainz 05,2556,5,2,6.61,5.26,3.77,32,8,41,20,50,2,2,2081,30,successfulDribbles,GER,2025-2026,datafc_sofascore,2026-08-09T01:15:33.051884
35,77333,Andrej Kramarić,67647,TSG Hoffenheim,2569,14,6,7.03,11.89,5.02,64,33,36,19,8,2,0,2222,34,successfulDribbles,GER,2025-2026,datafc_sofascore,2026-08-09T01:15:33.051884
35,77333,Dimitrios Giannoulis,354878,FC Augsburg,2600,2,5,6.92,1.17,4.05,10,6,34,19,27,8,0,1901,27,successfulDribbles,GER,2025-2026,datafc_sofascore,2026-08-09T01:15:33.051884
35,77333,Fabian Rieder,929620,FC Augsburg,2600,6,3,6.89,4.19,4.59,38,13,44,19,37,4,0,2359,32,successfulDribbles,GER,2025-2026,datafc_sofascore,2026-08-09T01:15:33.051884
35,77333,Kristoffer Lund,963043,1. FC Köln,2671,0,2,6.66,0.71,2.23,20,3,21,19,38,2,0,2289,33,successfulDribbles,GER,2025-2026,datafc_sofascore,2026-08-09T01:15:33.051884
35,77333,Julian Brandt,226978,Borussia Dortmund,2673,7,4,6.99,5.7,5.3,37,18,32,18,14,0,0,1627,29,successfulDribbles,GER,2025-2026,datafc_sofascore,2026-08-09T01:15:33.051884
35,77333,Bilal El Khannouss,1126569,VfB Stuttgart,2677,4,5,6.98,3.17,5.74,42,15,45,18,28,6,0,1634,25,successfulDribbles,GER,2025-2026,datafc_sofascore,2026-08-09T01:15:33.051884
35,77333,Nikolas Nartey,861981,VfB Stuttgart,2677,4,3,6.93,2.52,2.76,22,12,24,18,14,2,0,1262,28,successfulDribbles,GER,2025-2026,datafc_sofascore,2026-08-09T01:15:33.051884
35,77333,Maximilian Beier,980628,Borussia Dortmund,2673,9,6,6.8,7.35,4.97,50,20,26,18,26,3,0,2036,32,successfulDribbles,GER,2025-2026,datafc_sofascore,2026-08-09T01:15:33.051884
35,77333,Adrian Beck,845742,1. FC Heidenheim,5885,1,1,6.77,0.86,1.49,11,4,18,18,18,1,0,884,24,successfulDribbles,GER,2025-2026,datafc_sofascore,2026-08-09T01:15:33.051884
35,77333,Yuito Suzuki,1020422,SC Freiburg,2538,4,2,6.76,3.86,2.59,38,14,25,18,20,3,0,1636,25,successfulDribbles,GER,2025-2026,datafc_sofascore,2026-08-09T01:15:33.051884
35,77333,Giorgi Gocholeishvili,1035752,Hamburger SV,2676,0,1,6.65,0.76,0.46,14,2,10,18,25,1,1,957,24,successfulDribbles,GER,2025-2026,datafc_sofascore,2026-08-09T01:15:33.051884
35,77333,Sebastian Sebulonsen,1020206,1. FC Köln,2671,0,0,6.42,1.55,3.07,31,5,21,18,44,5,0,2505,31,successfulDribbles,GER,2025-2026,datafc_sofascore,2026-08-09T01:15:33.051884
35,77333,Franck Honorat,280453,Borussia M'gladbach,2527,2,6,6.87,0.91,6.75,17,5,45,17,22,0,0,1987,28,successfulDribbles,GER,2025-2026,datafc_sofascore,2026-08-09T01:15:33.051884
35,77333,Nathaniel Brown,1159759,Eintracht Frankfurt,2674,4,4,6.79,2.52,2.89,18,9,34,17,81,3,0,2658,33,successfulDribbles,GER,2025-2026,datafc_sofascore,2026-08-09T01:15:33.051884
35,77333,Aljoscha Kemlein,1198074,1. FC Union Berlin,2547,0,2,6.76,1.18,2.31,17,2,15,17,40,4,0,1967,30,successfulDribbles,GER,2025-2026,datafc_sofascore,2026-08-09T01:15:33.051884
35,77333,Fisnik Asllani,1010117,TSG Hoffenheim,2569,10,7,6.73,8.28,3.93,73,28,36,17,17,2,0,2354,33,successfulDribbles,GER,2025-2026,datafc_sofascore,2026-08-09T01:15:33.051884
35,77333,Adam Daghim,1180758,VfL Wolfsburg,2524,2,3,6.71,2.48,2.71,27,9,18,17,26,3,0,1381,27,successfulDribbles,GER,2025-2026,datafc_sofascore,2026-08-09T01:15:33.051884
35,77333,Mert Kömür,1390682,FC Augsburg,2600,2,4,6.64,3.42,2.1,43,16,23,17,15,1,0,1466,28,successfulDribbles,GER,2025-2026,datafc_sofascore,2026-08-09T01:15:33.051884
35,77333,David Raum,856076,RB Leipzig,36360,3,7,7.33,2.2,12.39,24,8,98,16,48,6,0,2556,30,successfulDribbles,GER,2025-2026,datafc_sofascore,2026-08-09T01:15:33.051884
35,77333,Can Uzun,1440948,Eintracht Frankfurt,2674,8,4,7.19,3.93,2.98,41,19,20,16,15,3,0,1172,21,successfulDribbles,GER,2025-2026,datafc_sofascore,2026-08-09T01:15:33.051884
35,77333,Serge Gnabry,187433,FC Bayern München,2672,8,6,7.09,6.26,5.08,50,17,23,16,18,1,0,1228,21,successfulDribbles,GER,2025-2026,datafc_sofascore,2026-08-09T01:15:33.051884
35,77333,Alexander Prass,978062,TSG Hoffenheim,2569,3,2,6.81,1.19,3.25,18,11,18,16,32,4,0,1318,32,successfulDribbles,GER,2025-2026,datafc_sofascore,2026-08-09T01:15:33.051884
35,77333,Mohamed Amoura,1107591,VfL Wolfsburg,2524,8,3,6.74,8.6,2.51,60,19,25,16,38,2,0,1935,30,successfulDribbles,GER,2025-2026,datafc_sofascore,2026-08-09T01:15:33.051884
35,77333,Marvin Pieringer,909485,1. FC Heidenheim,5885,4,1,6.71,5.84,1.46,32,8,16,16,20,2,0,1653,27,successfulDribbles,GER,2025-2026,datafc_sofascore,2026-08-09T01:15:33.051884
35,77333,Arkadiusz Pyrka,971481,FC St. Pauli,2526,0,1,6.65,1.07,2.02,19,3,24,16,39,3,0,2580,31,successfulDribbles,GER,2025-2026,datafc_sofascore,2026-08-09T01:15:33.051884
35,77333,Saël Kumbedi,1155226,VfL Wolfsburg,2524,0,5,6.51,0.39,2.69,5,0,17,16,45,2,0,1805,24,successfulDribbles,GER,2025-2026,datafc_sofascore,2026-08-09T01:15:33.051884
35,77333,Nico Schlotterbeck,940871,Borussia Dortmund,2673,5,1,7.67,3.72,2.69,32,9,12,15,50,8,0,2520,28,successfulDribbles,GER,2025-2026,datafc_sofascore,2026-08-09T01:15:33.051884
35,77333,Hennes Behrens,1864760,1. FC Heidenheim,5885,1,2,6.88,0.32,2.23,9,4,18,15,28,0,0,1319,16,successfulDribbles,GER,2025-2026,datafc_sofascore,2026-08-09T01:15:33.051884
35,77333,Maximilian Eggestein,569784,SC Freiburg,2538,3,1,6.85,3.8,1.7,44,13,19,15,64,4,0,3060,34,successfulDribbles,GER,2025-2026,datafc_sofascore,2026-08-09T01:15:33.051884
35,77333,Danny da Costa,97926,1. FSV Mainz 05,2556,2,3,6.83,1.6,2.91,14,5,16,15,43,3,0,2697,34,successfulDribbles,GER,2025-2026,datafc_sofascore,2026-08-09T01:15:33.051884
35,77333,Jan-Niklas Beste,836711,SC Freiburg,2538,2,2,6.8,3.44,4.25,24,14,35,15,40,5,0,1716,28,successfulDribbles,GER,2025-2026,datafc_sofascore,2026-08-09T01:15:33.051884
35,77333,Robin Fellhauer,860461,FC Augsburg,2600,3,2,6.8,2.79,2.64,30,9,31,15,57,2,0,2810,34,successfulDribbles,GER,2025-2026,datafc_sofascore,2026-08-09T01:15:33.051884
35,77333,Jobe Bellingham,1134083,Borussia Dortmund,2673,0,1,6.75,1.08,1.27,19,6,9,15,44,2,1,1800,32,successfulDribbles,GER,2025-2026,datafc_sofascore,2026-08-09T01:15:33.051884
35,77333,Livan Burcu,1513469,1. FC Union Berlin,2547,1,1,6.73,1.61,1.12,16,3,9,15,12,4,0,655,18,successfulDribbles,GER,2025-2026,datafc_sofascore,2026-08-09T01:15:33.051884
35,77333,Johan Bakayoko,1088896,RB Leipzig,36360,2,0,6.72,2.08,1.31,24,9,9,15,5,1,0,779,20,successfulDribbles,GER,2025-2026,datafc_sofascore,2026-08-09T01:15:33.051884
35,77333,Philipp Treu,979820,SC Freiburg,2538,1,2,6.66,1.19,1.71,17,5,20,15,45,2,0,2194,28,successfulDribbles,GER,2025-2026,datafc_sofascore,2026-08-09T01:15:33.051884
35,77333,Cameron Puertas,916176,SV Werder Bremen,2534,1,2,6.66,1.82,2.38,37,8,27,15,60,6,0,1878,28,successfulDribbles,GER,2025-2026,datafc_sofascore,2026-08-09T01:15:33.051884
35,77333,Elias Saad,1130946,FC Augsburg,2600,0,0,6.65,0.53,0.4,7,3,12,15,15,1,0,499,10,successfulDribbles,GER,2025-2026,datafc_sofascore,2026-08-09T01:15:33.051884
35,77333,Ransford Yeboah Königsdörffer,1012235,Hamburger SV,2676,5,0,6.62,7.69,1.68,65,22,20,15,6,2,0,2360,33,successfulDribbles,GER,2025-2026,datafc_sofascore,2026-08-09T01:15:33.051884
35,77333,Mathias Pereira Lage,831400,FC St. Pauli,2526,2,2,6.57,4.33,1.47,43,15,24,15,38,3,0,2030,28,successfulDribbles,GER,2025-2026,datafc_sofascore,2026-08-09T01:15:33.051884
35,77333,Mathias Honsak,575952,1. FC Heidenheim,5885,2,1,6.56,3.17,1.67,31,8,12,15,21,1,0,1260,27,successfulDribbles,GER,2025-2026,datafc_sofascore,2026-08-09T01:15:33.051884
35,77333,Tim Lemperle,1014290,TSG Hoffenheim,2569,8,2,6.55,8.4,2.36,53,21,27,15,21,1,1,1959,29,successfulDribbles,GER,2025-2026,datafc_sofascore,2026-08-09T01:15:33.051884
35,77333,Angelo Stiller,901882,VfB Stuttgart,2677,2,5,7.25,3.08,7.46,17,8,56,14,49,1,0,2750,34,successfulDribbles,GER,2025-2026,datafc_sofascore,2026-08-09T01:15:33.051884
35,77333,Maximilian Mittelstädt,788949,VfB Stuttgart,2677,6,4,7.2,4.4,6.02,31,16,37,14,67,4,0,2195,32,successfulDribbles,GER,2025-2026,datafc_sofascore,2026-08-09T01:15:33.051884
35,77333,Rasmus Kristensen,921789,Eintracht Frankfurt,2674,2,0,6.96,0.68,1.17,15,6,8,14,46,4,1,1563,22,successfulDribbles,GER,2025-2026,datafc_sofascore,2026-08-09T01:15:33.051884
35,77333,Nicolai Remberg,1064305,Hamburger SV,2676,0,2,6.93,1.03,1.41,17,8,13,14,60,11,0,2880,32,successfulDribbles,GER,2025-2026,datafc_sofascore,2026-08-09T01:15:33.051884
35,77333,Assan Ouédraogo,1418623,RB Leipzig,36360,4,3,6.89,2.39,1.86,27,13,14,14,8,0,0,974,19,successfulDribbles,GER,2025-2026,datafc_sofascore,2026-08-09T01:15:33.051884
35,77333,Jarell Quansah,1003339,Bayer 04 Leverkusen,2681,4,0,6.88,2.84,1.29,18,8,11,14,28,9,0,2308,28,successfulDribbles,GER,2025-2026,datafc_sofascore,2026-08-09T01:15:33.051884
35,77333,Konrad Laimer,355492,FC Bayern München,2672,3,9,6.81,2.42,5.21,17,8,45,14,46,9,0,1997,29,successfulDribbles,GER,2025-2026,datafc_sofascore,2026-08-09T01:15:33.051884
35,77333,Arthur,1174761,Bayer 04 Leverkusen,2681,1,3,6.66,0.92,1.82,10,2,14,14,20,3,0,1132,20,successfulDribbles,GER,2025-2026,datafc_sofascore,2026-08-09T01:15:33.051884
35,77333,Waldemar Anton,799046,Borussia Dortmund,2673,2,0,7.25,1.74,1.26,16,6,8,13,73,3,0,2880,32,successfulDribbles,GER,2025-2026,datafc_sofascore,2026-08-09T01:15:33.051884
35,77333,Yan Diomande,2087085,RB Leipzig,36360,12,8,7.72,7.14,10.12,53,26,56,118,29,2,0,2476,33,successfulDribbles,GER,2025-2026,datafc_sofascore,2026-08-09T01:15:33.051884
35,77333,Antonio Nusa,1121923,RB Leipzig,36360,4,3,7.07,4.41,5.16,61,20,33,68,26,0,0,2035,31,successfulDribbles,GER,2025-2026,datafc_sofascore,2026-08-09T01:15:33.051884
35,77333,Michael Olise,978838,FC Bayern München,2672,15,19,7.87,11.46,17.23,101,50,81,65,24,8,0,2317,32,successfulDribbles,GER,2025-2026,datafc_sofascore,2026-08-09T01:15:33.051884
35,77333,Luis Díaz,883537,FC Bayern München,2672,15,14,7.26,15.1,7.74,88,37,67,61,21,5,1,2450,32,successfulDribbles,GER,2025-2026,datafc_sofascore,2026-08-09T01:15:33.051884
35,77333,Ibrahim Maza,1407524,Bayer 04 Leverkusen,2681,3,4,7.1,5.34,4.45,54,17,29,48,41,2,0,1859,28,successfulDribbles,GER,2025-2026,datafc_sofascore,2026-08-09T01:15:33.051884
35,77333,Bazoumana Touré,1568123,TSG Hoffenheim,2569,5,9,6.91,4.16,5.75,48,13,46,48,34,2,0,2325,30,successfulDribbles,GER,2025-2026,datafc_sofascore,2026-08-09T01:15:33.051884
35,77333,Joel Chima Fujita,1002461,FC St. Pauli,2526,1,3,6.71,1.15,3.92,31,7,30,47,68,6,0,2671,32,successfulDribbles,GER,2025-2026,datafc_sofascore,2026-08-09T01:15:33.051884
35,77333,Said El Mala,1800475,1. FC Köln,2671,13,4,6.97,11.22,2.34,75,31,21,44,24,4,0,1957,34,successfulDribbles,GER,2025-2026,datafc_sofascore,2026-08-09T01:15:33.051884
35,77333,Alexis Claude-Maurice,822877,FC Augsburg,2600,5,4,6.87,6.88,3.2,71,26,33,44,41,3,0,2107,29,successfulDribbles,GER,2025-2026,datafc_sofascore,2026-08-09T01:15:33.051884
35,77333,Jean-Mattéo Bahoya,1146148,Eintracht Frankfurt,2674,3,4,6.96,2.04,3.33,29,9,31,41,31,2,0,1335,27,successfulDribbles,GER,2025-2026,datafc_sofascore,2026-08-09T01:15:33.051884
35,77333,Patrick Wimmer,987504,VfL Wolfsburg,2524,4,3,6.88,3.12,2.19,24,8,16,38,47,4,0,1634,25,successfulDribbles,GER,2025-2026,datafc_sofascore,2026-08-09T01:15:33.051884
35,77333,Romano Schmid,830127,SV Werder Bremen,2534,4,8,6.91,7.83,10.44,57,21,89,37,46,4,0,2988,34,successfulDribbles,GER,2025-2026,datafc_sofascore,2026-08-09T01:15:33.051884
35,77333,Ritsu Doan,790965,Eintracht Frankfurt,2674,5,5,6.85,3.36,5.62,41,15,40,34,43,5,0,2379,31,successfulDribbles,GER,2025-2026,datafc_sofascore,2026-08-09T01:15:33.051884
35,77333,Johan Manzambi,1518931,SC Freiburg,2538,5,4,7.22,3.85,5.13,51,12,20,33,35,4,2,2094,27,successfulDribbles,GER,2025-2026,datafc_sofascore,2026-08-09T01:15:33.051884
35,77333,Harry Kane,108579,FC Bayern München,2672,36,5,7.84,26.87,4.27,119,67,40,32,19,1,0,2382,31,successfulDribbles,GER,2025-2026,datafc_sofascore,2026-08-09T01:15:33.051884
35,77333,Fábio Vieira,904835,Hamburger SV,2676,7,5,7.18,4.65,4.07,59,19,39,32,20,2,2,2215,29,successfulDribbles,GER,2025-2026,datafc_sofascore,2026-08-09T01:15:33.051884
35,77333,Vladimír Coufal,138024,TSG Hoffenheim,2569,1,8,7.12,0.88,8.99,25,6,59,31,60,4,0,3017,34,successfulDribbles,GER,2025-2026,datafc_sofascore,2026-08-09T01:15:33.051884
35,77333,Jamie Leweling,990201,VfB Stuttgart,2677,7,9,7.03,4.31,5.22,49,18,41,31,22,4,0,2375,32,successfulDribbles,GER,2025-2026,datafc_sofascore,2026-08-09T01:15:33.051884
35,77333,Felix Nmecha,907463,Borussia Dortmund,2673,2,3,6.94,3.62,4.24,33,7,20,31,37,0,0,2184,29,successfulDribbles,GER,2025-2026,datafc_sofascore,2026-08-09T01:15:33.051884
35,77333,Samuel Mbangula,1100836,SV Werder Bremen,2534,3,2,6.83,1.68,1.79,17,8,15,30,16,0,0,1182,26,successfulDribbles,GER,2025-2026,datafc_sofascore,2026-08-09T01:15:33.051884
35,77333,Derry Scherhant,1131002,SC Freiburg,2538,5,1,6.69,2.58,2.48,36,13,22,30,20,2,0,1308,31,successfulDribbles,GER,2025-2026,datafc_sofascore,2026-08-09T01:15:33.051884
35,77333,Chris Führich,891510,VfB Stuttgart,2677,7,7,7.17,4.26,8.05,45,23,49,28,15,2,0,1723,33,successfulDribbles,GER,2025-2026,datafc_sofascore,2026-08-09T01:15:33.051884
35,77333,Kaishu Sano,1028307,1. FSV Mainz 05,2556,1,2,7.02,1.36,3.4,24,6,25,28,52,1,0,3059,34,successfulDribbles,GER,2025-2026,datafc_sofascore,2026-08-09T01:15:33.051884
35,77333,Ernest Poku,1119502,Bayer 04 Leverkusen,2681,5,5,6.84,3.05,4.35,27,9,28,28,13,0,0,1484,29,successfulDribbles,GER,2025-2026,datafc_sofascore,2026-08-09T01:15:33.051884
35,77333,Karim Adeyemi,940054,Borussia Dortmund,2673,7,4,6.86,4.87,3.16,31,14,16,27,5,5,0,1215,28,successfulDribbles,GER,2025-2026,datafc_sofascore,2026-08-09T01:15:33.051884
35,77333,Han-Noah Massengo,927340,FC Augsburg,2600,2,1,6.8,1.29,1.6,20,6,17,26,41,5,0,2435,33,successfulDribbles,GER,2025-2026,datafc_sofascore,2026-08-09T01:15:33.051884
35,77333,Nadiem Amiri,327755,1. FSV Mainz 05,2556,12,2,7.43,10.4,7.69,55,23,63,25,31,6,0,2090,26,successfulDribbles,GER,2025-2026,datafc_sofascore,2026-08-09T01:15:33.051884
35,77333,Alejandro Grimaldo,177177,Bayer 04 Leverkusen,2681,8,8,7.31,6.65,10.13,60,21,70,25,49,5,0,2524,29,successfulDribbles,GER,2025-2026,datafc_sofascore,2026-08-09T01:15:33.051884
35,77333,Jens Castrop,1019312,Borussia M'gladbach,2527,3,1,6.69,3.73,1.69,30,12,19,25,58,2,2,1599,26,successfulDribbles,GER,2025-2026,datafc_sofascore,2026-08-09T01:15:33.051884
35,77333,Ilyas Ansah,1462742,1. FC Union Berlin,2547,5,1,6.64,3.25,1.05,33,12,16,25,17,1,0,1909,33,successfulDribbles,GER,2025-2026,datafc_sofascore,2026-08-09T01:15:33.051884
35,77333,Jakub Kamiński,801263,1. FC Köln,2671,7,3,7.1,7.06,6.41,63,26,52,24,45,4,0,3019,34,successfulDribbles,GER,2025-2026,datafc_sofascore,2026-08-09T01:15:33.051884
35,77333,Julian Ryerson,800951,Borussia Dortmund,2673,0,15,7.08,0.93,10.04,12,1,56,24,34,8,0,2272,31,successfulDribbles,GER,2025-2026,datafc_sofascore,2026-08-09T01:15:33.051884
35,77333,Rocco Reitz,1048650,Borussia M'gladbach,2527,0,4,6.86,2.57,4.92,47,14,28,24,68,8,1,2636,31,successfulDribbles,GER,2025-2026,datafc_sofascore,2026-08-09T01:15:33.051884
35,77333,Anton Kade,1129365,FC Augsburg,2600,6,0,6.84,6.35,3.01,48,21,26,24,31,3,0,1746,28,successfulDribbles,GER,2025-2026,datafc_sofascore,2026-08-09T01:15:33.051884
35,77333,Joe Scally,1002920,Borussia M'gladbach,2527,2,3,6.63,1.27,1.86,16,10,18,24,48,8,0,2611,32,successfulDribbles,GER,2025-2026,datafc_sofascore,2026-08-09T01:15:33.051884
35,77333,Arijon Ibrahimović,1142248,1. FC Heidenheim,5885,2,4,6.8,6.31,6.3,47,19,56,23,34,2,0,2181,32,successfulDribbles,GER,2025-2026,datafc_sofascore,2026-08-09T01:15:33.051884
35,77333,Castello Lukeba,976421,RB Leipzig,36360,1,0,7.07,1.16,0.77,8,2,7,22,31,3,0,2177,26,successfulDribbles,GER,2025-2026,datafc_sofascore,2026-08-09T01:15:33.051884
35,77333,Xaver Schlager,791079,RB Leipzig,36360,3,1,6.94,2.11,2.51,21,7,21,22,37,6,0,1837,26,successfulDribbles,GER,2025-2026,datafc_sofascore,2026-08-09T01:15:33.051884
35,77333,Lennart Karl,1861975,FC Bayern München,2672,5,5,6.83,7.59,4.96,42,21,24,22,25,1,0,1282,26,successfulDribbles,GER,2025-2026,datafc_sofascore,2026-08-09T01:15:33.051884
35,77333,Carney Chukwuemeka,994556,Borussia Dortmund,2673,2,0,6.69,1.93,2.14,18,2,11,22,21,2,0,939,28,successfulDribbles,GER,2025-2026,datafc_sofascore,2026-08-09T01:15:33.051884
35,77333,Brajan Gruda,1198075,RB Leipzig,36360,3,3,7.18,3.44,2.67,22,10,17,21,8,1,0,755,13,successfulDribbles,GER,2025-2026,datafc_sofascore,2026-08-09T01:15:33.051884
35,77333,Jean-Luc Dompé,789192,Hamburger SV,2676,3,0,7.03,2.08,4.02,25,12,33,21,5,0,0,1136,20,successfulDribbles,GER,2025-2026,datafc_sofascore,2026-08-09T01:15:33.051884
35,77333,Miro Muheim,798303,Hamburger SV,2676,0,4,6.93,1.19,4.25,23,7,41,21,62,7,1,2437,29,successfulDribbles,GER,2025-2026,datafc_sofascore,2026-08-09T01:15:33.051884
35,77333,Arnaud Kalimuendo,954061,Eintracht Frankfurt,2674,6,1,6.79,4.04,1.17,30,16,22,21,11,4,0,1420,19,successfulDribbles,GER,2025-2026,datafc_sofascore,2026-08-09T01:15:33.051884
35,77333,Marco Grüll,815612,SV Werder Bremen,2534,3,1,6.76,3.6,3.09,43,13,33,21,38,5,0,2020,33,successfulDribbles,GER,2025-2026,datafc_sofascore,2026-08-09T01:15:33.051884
35,77333,Jamal Musiala,1010231,FC Bayern München,2672,3,4,6.71,4.81,1.92,30,9,17,21,11,1,0,685,15,successfulDribbles,GER,2025-2026,datafc_sofascore,2026-08-09T01:15:33.051884
35,77333,Justin Njinmah,1005343,SV Werder Bremen,2534,5,0,6.68,6.71,1.09,62,23,16,21,23,2,0,1955,33,successfulDribbles,GER,2025-2026,datafc_sofascore,2026-08-09T01:15:33.051884
35,77333,Ayoube Amaimouni Echghouyab,1898148,Eintracht Frankfurt,2674,2,3,6.69,0.52,0.38,12,7,6,20,6,1,0,595,17,successfulDribbles,GER,2025-2026,datafc_sofascore,2026-08-09T01:15:33.051884
35,77333,Paul Nebel,980621,1. FSV Mainz 05,2556,5,2,6.61,5.26,3.77,32,8,41,20,50,2,2,2081,30,successfulDribbles,GER,2025-2026,datafc_sofascore,2026-08-09T01:15:33.051884
35,77333,Andrej Kramarić,67647,TSG Hoffenheim,2569,14,6,7.03,11.89,5.02,64,33,36,19,8,2,0,2222,34,successfulDribbles,GER,2025-2026,datafc_sofascore,2026-08-09T01:15:33.051884
35,77333,Dimitrios Giannoulis,354878,FC Augsburg,2600,2,5,6.92,1.17,4.05,10,6,34,19,27,8,0,1901,27,successfulDribbles,GER,2025-2026,datafc_sofascore,2026-08-09T01:15:33.051884
35,77333,Fabian Rieder,929620,FC Augsburg,2600,6,3,6.89,4.19,4.59,38,13,44,19,37,4,0,2359,32,successfulDribbles,GER,2025-2026,datafc_sofascore,2026-08-09T01:15:33.051884
35,77333,Kristoffer Lund,963043,1. FC Köln,2671,0,2,6.66,0.71,2.23,20,3,21,19,38,2,0,2289,33,successfulDribbles,GER,2025-2026,datafc_sofascore,2026-08-09T01:15:33.051884
35,77333,Julian Brandt,226978,Borussia Dortmund,2673,7,4,6.99,5.7,5.3,37,18,32,18,14,0,0,1627,29,successfulDribbles,GER,2025-2026,datafc_sofascore,2026-08-09T01:15:33.051884
35,77333,Bilal El Khannouss,1126569,VfB Stuttgart,2677,4,5,6.98,3.17,5.74,42,15,45,18,28,6,0,1634,25,successfulDribbles,GER,2025-2026,datafc_sofascore,2026-08-09T01:15:33.051884
35,77333,Nikolas Nartey,861981,VfB Stuttgart,2677,4,3,6.93,2.52,2.76,22,12,24,18,14,2,0,1262,28,successfulDribbles,GER,2025-2026,datafc_sofascore,2026-08-09T01:15:33.051884
35,77333,Maximilian Beier,980628,Borussia Dortmund,2673,9,6,6.8,7.35,4.97,50,20,26,18,26,3,0,2036,32,successfulDribbles,GER,2025-2026,datafc_sofascore,2026-08-09T01:15:33.051884
35,77333,Adrian Beck,845742,1. FC Heidenheim,5885,1,1,6.77,0.86,1.49,11,4,18,18,18,1,0,884,24,successfulDribbles,GER,2025-2026,datafc_sofascore,2026-08-09T01:15:33.051884
35,77333,Yuito Suzuki,1020422,SC Freiburg,2538,4,2,6.76,3.86,2.59,38,14,25,18,20,3,0,1636,25,successfulDribbles,GER,2025-2026,datafc_sofascore,2026-08-09T01:15:33.051884
35,77333,Giorgi Gocholeishvili,1035752,Hamburger SV,2676,0,1,6.65,0.76,0.46,14,2,10,18,25,1,1,957,24,successfulDribbles,GER,2025-2026,datafc_sofascore,2026-08-09T01:15:33.051884
35,77333,Sebastian Sebulonsen,1020206,1. FC Köln,2671,0,0,6.42,1.55,3.07,31,5,21,18,44,5,0,2505,31,successfulDribbles,GER,2025-2026,datafc_sofascore,2026-08-09T01:15:33.051884
35,77333,Franck Honorat,280453,Borussia M'gladbach,2527,2,6,6.87,0.91,6.75,17,5,45,17,22,0,0,1987,28,successfulDribbles,GER,2025-2026,datafc_sofascore,2026-08-09T01:15:33.051884
35,77333,Nathaniel Brown,1159759,Eintracht Frankfurt,2674,4,4,6.79,2.52,2.89,18,9,34,17,81,3,0,2658,33,successfulDribbles,GER,2025-2026,datafc_sofascore,2026-08-09T01:15:33.051884
35,77333,Aljoscha Kemlein,1198074,1. FC Union Berlin,2547,0,2,6.76,1.18,2.31,17,2,15,17,40,4,0,1967,30,successfulDribbles,GER,2025-2026,datafc_sofascore,2026-08-09T01:15:33.051884
35,77333,Fisnik Asllani,1010117,TSG Hoffenheim,2569,10,7,6.73,8.28,3.93,73,28,36,17,17,2,0,2354,33,successfulDribbles,GER,2025-2026,datafc_sofascore,2026-08-09T01:15:33.051884
35,77333,Adam Daghim,1180758,VfL Wolfsburg,2524,2,3,6.71,2.48,2.71,27,9,18,17,26,3,0,1381,27,successfulDribbles,GER,2025-2026,datafc_sofascore,2026-08-09T01:15:33.051884
35,77333,Mert Kömür,1390682,FC Augsburg,2600,2,4,6.64,3.42,2.1,43,16,23,17,15,1,0,1466,28,successfulDribbles,GER,2025-2026,datafc_sofascore,2026-08-09T01:15:33.051884
35,77333,David Raum,856076,RB Leipzig,36360,3,7,7.33,2.2,12.39,24,8,98,16,48,6,0,2556,30,successfulDribbles,GER,2025-2026,datafc_sofascore,2026-08-09T01:15:33.051884
35,77333,Can Uzun,1440948,Eintracht Frankfurt,2674,8,4,7.19,3.93,2.98,41,19,20,16,15,3,0,1172,21,successfulDribbles,GER,2025-2026,datafc_sofascore,2026-08-09T01:15:33.051884
35,77333,Serge Gnabry,187433,FC Bayern München,2672,8,6,7.09,6.26,5.08,50,17,23,16,18,1,0,1228,21,successfulDribbles,GER,2025-2026,datafc_sofascore,2026-08-09T01:15:33.051884
35,77333,Alexander Prass,978062,TSG Hoffenheim,2569,3,2,6.81,1.19,3.25,18,11,18,16,32,4,0,1318,32,successfulDribbles,GER,2025-2026,datafc_sofascore,2026-08-09T01:15:33.051884
35,77333,Mohamed Amoura,1107591,VfL Wolfsburg,2524,8,3,6.74,8.6,2.51,60,19,25,16,38,2,0,1935,30,successfulDribbles,GER,2025-2026,datafc_sofascore,2026-08-09T01:15:33.051884
35,77333,Marvin Pieringer,909485,1. FC Heidenheim,5885,4,1,6.71,5.84,1.46,32,8,16,16,20,2,0,1653,27,successfulDribbles,GER,2025-2026,datafc_sofascore,2026-08-09T01:15:33.051884
35,77333,Arkadiusz Pyrka,971481,FC St. Pauli,2526,0,1,6.65,1.07,2.02,19,3,24,16,39,3,0,2580,31,successfulDribbles,GER,2025-2026,datafc_sofascore,2026-08-09T01:15:33.051884
35,77333,Saël Kumbedi,1155226,VfL Wolfsburg,2524,0,5,6.51,0.39,2.69,5,0,17,16,45,2,0,1805,24,successfulDribbles,GER,2025-2026,datafc_sofascore,2026-08-09T01:15:33.051884
35,77333,Nico Schlotterbeck,940871,Borussia Dortmund,2673,5,1,7.67,3.72,2.69,32,9,12,15,50,8,0,2520,28,successfulDribbles,GER,2025-2026,datafc_sofascore,2026-08-09T01:15:33.051884
35,77333,Hennes Behrens,1864760,1. FC Heidenheim,5885,1,2,6.88,0.32,2.23,9,4,18,15,28,0,0,1319,16,successfulDribbles,GER,2025-2026,datafc_sofascore,2026-08-09T01:15:33.051884
35,77333,Maximilian Eggestein,569784,SC Freiburg,2538,3,1,6.85,3.8,1.7,44,13,19,15,64,4,0,3060,34,successfulDribbles,GER,2025-2026,datafc_sofascore,2026-08-09T01:15:33.051884
35,77333,Danny da Costa,97926,1. FSV Mainz 05,2556,2,3,6.83,1.6,2.91,14,5,16,15,43,3,0,2697,34,successfulDribbles,GER,2025-2026,datafc_sofascore,2026-08-09T01:15:33.051884
35,77333,Jan-Niklas Beste,836711,SC Freiburg,2538,2,2,6.8,3.44,4.25,24,14,35,15,40,5,0,1716,28,successfulDribbles,GER,2025-2026,datafc_sofascore,2026-08-09T01:15:33.051884
35,77333,Robin Fellhauer,860461,FC Augsburg,2600,3,2,6.8,2.79,2.64,30,9,31,15,57,2,0,2810,34,successfulDribbles,GER,2025-2026,datafc_sofascore,2026-08-09T01:15:33.051884
35,77333,Jobe Bellingham,1134083,Borussia Dortmund,2673,0,1,6.75,1.08,1.27,19,6,9,15,44,2,1,1800,32,successfulDribbles,GER,2025-2026,datafc_sofascore,2026-08-09T01:15:33.051884
35,77333,Livan Burcu,1513469,1. FC Union Berlin,2547,1,1,6.73,1.61,1.12,16,3,9,15,12,4,0,655,18,successfulDribbles,GER,2025-2026,datafc_sofascore,2026-08-09T01:15:33.051884
35,77333,Johan Bakayoko,1088896,RB Leipzig,36360,2,0,6.72,2.08,1.31,24,9,9,15,5,1,0,779,20,successfulDribbles,GER,2025-2026,datafc_sofascore,2026-08-09T01:15:33.051884
35,77333,Philipp Treu,979820,SC Freiburg,2538,1,2,6.66,1.19,1.71,17,5,20,15,45,2,0,2194,28,successfulDribbles,GER,2025-2026,datafc_sofascore,2026-08-09T01:15:33.051884
35,77333,Cameron Puertas,916176,SV Werder Bremen,2534,1,2,6.66,1.82,2.38,37,8,27,15,60,6,0,1878,28,successfulDribbles,GER,2025-2026,datafc_sofascore,2026-08-09T01:15:33.051884
35,77333,Elias Saad,1130946,FC Augsburg,2600,0,0,6.65,0.53,0.4,7,3,12,15,15,1,0,499,10,successfulDribbles,GER,2025-2026,datafc_sofascore,2026-08-09T01:15:33.051884
35,77333,Ransford Yeboah Königsdörffer,1012235,Hamburger SV,2676,5,0,6.62,7.69,1.68,65,22,20,15,6,2,0,2360,33,successfulDribbles,GER,2025-2026,datafc_sofascore,2026-08-09T01:15:33.051884
35,77333,Mathias Pereira Lage,831400,FC St. Pauli,2526,2,2,6.57,4.33,1.47,43,15,24,15,38,3,0,2030,28,successfulDribbles,GER,2025-2026,datafc_sofascore,2026-08-09T01:15:33.051884
35,77333,Mathias Honsak,575952,1. FC Heidenheim,5885,2,1,6.56,3.17,1.67,31,8,12,15,21,1,0,1260,27,successfulDribbles,GER,2025-2026,datafc_sofascore,2026-08-09T01:15:33.051884
35,77333,Tim Lemperle,1014290,TSG Hoffenheim,2569,8,2,6.55,8.4,2.36,53,21,27,15,21,1,1,1959,29,successfulDribbles,GER,2025-2026,datafc_sofascore,2026-08-09T01:15:33.051884
35,77333,Angelo Stiller,901882,VfB Stuttgart,2677,2,5,7.25,3.08,7.46,17,8,56,14,49,1,0,2750,34,successfulDribbles,GER,2025-2026,datafc_sofascore,2026-08-09T01:15:33.051884
35,77333,Maximilian Mittelstädt,788949,VfB Stuttgart,2677,6,4,7.2,4.4,6.02,31,16,37,14,67,4,0,2195,32,successfulDribbles,GER,2025-2026,datafc_sofascore,2026-08-09T01:15:33.051884
35,77333,Rasmus Kristensen,921789,Eintracht Frankfurt,2674,2,0,6.96,0.68,1.17,15,6,8,14,46,4,1,1563,22,successfulDribbles,GER,2025-2026,datafc_sofascore,2026-08-09T01:15:33.051884
35,77333,Nicolai Remberg,1064305,Hamburger SV,2676,0,2,6.93,1.03,1.41,17,8,13,14,60,11,0,2880,32,successfulDribbles,GER,2025-2026,datafc_sofascore,2026-08-09T01:15:33.051884
35,77333,Assan Ouédraogo,1418623,RB Leipzig,36360,4,3,6.89,2.39,1.86,27,13,14,14,8,0,0,974,19,successfulDribbles,GER,2025-2026,datafc_sofascore,2026-08-09T01:15:33.051884
35,77333,Jarell Quansah,1003339,Bayer 04 Leverkusen,2681,4,0,6.88,2.84,1.29,18,8,11,14,28,9,0,2308,28,successfulDribbles,GER,2025-2026,datafc_sofascore,2026-08-09T01:15:33.051884
35,77333,Konrad Laimer,355492,FC Bayern München,2672,3,9,6.81,2.42,5.21,17,8,45,14,46,9,0,1997,29,successfulDribbles,GER,2025-2026,datafc_sofascore,2026-08-09T01:15:33.051884
35,77333,Arthur,1174761,Bayer 04 Leverkusen,2681,1,3,6.66,0.92,1.82,10,2,14,14,20,3,0,1132,20,successfulDribbles,GER,2025-2026,datafc_sofascore,2026-08-09T01:15:33.051884
35,77333,Waldemar Anton,799046,Borussia Dortmund,2673,2,0,7.25,1.74,1.26,16,6,8,13,73,3,0,2880,32,successfulDribbles,GER,2025-2026,datafc_sofascore,2026-08-09T01:15:33.051884
35,77333,Karl Hein,991591,SV Werder Bremen,2534,0,0,7.6,,0.0,0,0,0,1,0,0,0,180,2,successfulDribblesPercentage,GER,2025-2026,datafc_sofascore,2026-08-09T01:15:33.051884
35,77333,Dan Zagadou,826205,VfB Stuttgart,2677,0,0,7.53,0.34,0.12,6,1,1,1,5,0,0,210,3,successfulDribblesPercentage,GER,2025-2026,datafc_sofascore,2026-08-09T01:15:33.051884
35,77333,Kamil Grabara,902080,VfL Wolfsburg,2524,0,0,7.21,0.04,0.12,1,0,3,1,1,1,0,3060,34,successfulDribblesPercentage,GER,2025-2026,datafc_sofascore,2026-08-09T01:15:33.051884
35,77333,Daniel Fernandes,113442,Hamburger SV,2676,0,0,7.18,0.26,0.13,1,0,0,1,0,3,0,2970,33,successfulDribblesPercentage,GER,2025-2026,datafc_sofascore,2026-08-09T01:15:33.051884
35,77333,Maarten Vandevoordt,934385,RB Leipzig,36360,0,0,7.07,,0.04,0,0,0,1,1,0,0,1051,12,successfulDribblesPercentage,GER,2025-2026,datafc_sofascore,2026-08-09T01:15:33.051884
35,77333,Timo Hübers,387220,1. FC Köln,2671,0,0,6.96,,0.1,0,0,0,1,14,0,0,669,8,successfulDribblesPercentage,GER,2025-2026,datafc_sofascore,2026-08-09T01:15:33.051884
35,77333,Marin Ljubičić,1090010,1. FC Union Berlin,2547,2,0,6.95,1.35,0.0,2,2,0,1,0,0,0,20,2,successfulDribblesPercentage,GER,2025-2026,datafc_sofascore,2026-08-09T01:15:33.051884
35,77333,Chema Andrés,1464641,VfB Stuttgart,2677,3,0,6.95,1.4,1.15,15,6,15,2,30,5,0,1327,25,successfulDribblesPercentage,GER,2025-2026,datafc_sofascore,2026-08-09T01:15:33.051884
35,77333,Robin Zentner,174345,1. FSV Mainz 05,2556,0,0,6.94,,0.1,0,0,0,1,0,2,1,877,10,successfulDribblesPercentage,GER,2025-2026,datafc_sofascore,2026-08-09T01:15:33.051884
35,77333,Mark Flekken,171919,Bayer 04 Leverkusen,2681,0,0,6.89,,0.05,0,0,1,1,0,1,0,2130,24,successfulDribblesPercentage,GER,2025-2026,datafc_sofascore,2026-08-09T01:15:33.051884
35,77333,Patrick Mainka,254429,1. FC Heidenheim,5885,2,2,6.85,3.49,1.36,37,9,10,4,45,1,0,3060,34,successfulDribblesPercentage,GER,2025-2026,datafc_sofascore,2026-08-09T01:15:33.051884
35,77333,Luca Jaquez,1127823,VfB Stuttgart,2677,0,1,6.82,0.12,0.47,4,0,5,2,8,1,0,900,14,successfulDribblesPercentage,GER,2025-2026,datafc_sofascore,2026-08-09T01:15:33.051884
35,77333,Hiroki Itō,873106,FC Bayern München,2672,1,2,6.81,0.85,1.07,10,3,6,4,4,0,0,932,16,successfulDribblesPercentage,GER,2025-2026,datafc_sofascore,2026-08-09T01:15:33.051884
35,77333,Luca Reggiani,1937833,Borussia Dortmund,2673,1,0,6.8,0.43,0.1,3,1,2,4,14,2,0,513,8,successfulDribblesPercentage,GER,2025-2026,datafc_sofascore,2026-08-09T01:15:33.051884
35,77333,Oliver Baumann,40244,TSG Hoffenheim,2569,0,0,6.79,,0.39,0,0,1,2,0,3,0,3060,34,successfulDribblesPercentage,GER,2025-2026,datafc_sofascore,2026-08-09T01:15:33.051884
35,77333,Florian Kainz,78781,1. FC Köln,2671,1,1,6.76,0.76,0.59,8,3,9,3,4,1,0,276,15,successfulDribblesPercentage,GER,2025-2026,datafc_sofascore,2026-08-09T01:15:33.051884
35,77333,Ramon Hendriks,916943,VfB Stuttgart,2677,0,3,6.75,0.31,1.1,5,0,6,8,35,3,0,2033,31,successfulDribblesPercentage,GER,2025-2026,datafc_sofascore,2026-08-09T01:15:33.051884
35,77333,Denis Vavro,293127,VfL Wolfsburg,2524,1,0,6.71,0.92,0.21,12,5,3,2,8,2,0,1210,17,successfulDribblesPercentage,GER,2025-2026,datafc_sofascore,2026-08-09T01:15:33.051884
35,77333,Max Finkgräfe,1146250,RB Leipzig,36360,1,1,6.66,0.19,0.73,4,2,12,5,16,2,0,502,13,successfulDribblesPercentage,GER,2025-2026,datafc_sofascore,2026-08-09T01:15:33.051884
35,77333,Warmed Omari,999030,Hamburger SV,2676,0,1,6.66,0.12,0.28,3,1,8,6,22,0,0,1607,20,successfulDribblesPercentage,GER,2025-2026,datafc_sofascore,2026-08-09T01:15:33.051884
35,77333,Leonidas Stergiou,962898,1. FC Heidenheim,5885,0,0,6.62,0.09,0.01,1,0,0,1,8,0,0,204,6,successfulDribblesPercentage,GER,2025-2026,datafc_sofascore,2026-08-09T01:15:33.051884
35,77333,Kauã Santos,1134203,Eintracht Frankfurt,2674,0,0,6.62,,0.02,0,0,0,1,1,0,0,1085,13,successfulDribblesPercentage,GER,2025-2026,datafc_sofascore,2026-08-09T01:15:33.051884
35,77333,David Daiber,1489220,FC Bayern München,2672,0,0,6.6,0.06,0.02,1,0,0,2,0,0,0,27,2,successfulDribblesPercentage,GER,2025-2026,datafc_sofascore,2026-08-09T01:15:33.051884
35,77333,Anthony Jung,103442,SC Freiburg,2538,0,0,6.59,0.03,0.77,1,0,4,1,4,2,0,528,12,successfulDribblesPercentage,GER,2025-2026,datafc_sofascore,2026-08-09T01:15:33.051884
35,77333,Lasse Riess,1069252,1. FSV Mainz 05,2556,0,0,6.58,,0.01,0,0,0,1,0,0,0,291,4,successfulDribblesPercentage,GER,2025-2026,datafc_sofascore,2026-08-09T01:15:33.051884
35,77333,Thomas Keller,940236,1. FC Heidenheim,5885,0,0,6.58,0.05,0.12,2,0,0,1,1,1,0,191,4,successfulDribblesPercentage,GER,2025-2026,datafc_sofascore,2026-08-09T01:15:33.051884
35,77333,Jahmai Simpson-Pusey,1402924,1. FC Köln,2671,0,0,6.57,0.41,0.17,6,3,2,3,9,2,1,866,11,successfulDribblesPercentage,GER,2025-2026,datafc_sofascore,2026-08-09T01:15:33.051884
35,77333,Robert Skov,327863,1. FC Union Berlin,2547,0,0,6.57,0.02,0.11,1,0,1,3,6,0,0,223,3,successfulDribblesPercentage,GER,2025-2026,datafc_sofascore,2026-08-09T01:15:33.051884
35,77333,Lazar Jovanović,1427148,VfB Stuttgart,2677,0,0,6.53,0.07,0.34,1,0,2,1,0,0,0,43,3,successfulDribblesPercentage,GER,2025-2026,datafc_sofascore,2026-08-09T01:15:33.051884
35,77333,Pharell Hensel,2114948,VfL Wolfsburg,2524,0,0,6.53,0.02,0.03,1,0,0,1,1,0,0,88,5,successfulDribblesPercentage,GER,2025-2026,datafc_sofascore,2026-08-09T01:15:33.051884
35,77333,Guilherme Ramos,827192,Hamburger SV,2676,0,0,6.53,0.23,0.01,1,1,1,1,0,0,0,78,8,successfulDribblesPercentage,GER,2025-2026,datafc_sofascore,2026-08-09T01:15:33.051884
35,77333,Ihlas Bebou,254297,TSG Hoffenheim,2569,0,0,6.5,0.54,0.69,5,2,2,3,1,1,0,215,16,successfulDribblesPercentage,GER,2025-2026,datafc_sofascore,2026-08-09T01:15:33.051884
35,77333,Alejo Sarco,1482433,Borussia M'gladbach,2527,0,0,6.45,0.29,0.07,4,0,2,1,1,0,0,126,6,successfulDribblesPercentage,GER,2025-2026,datafc_sofascore,2026-08-09T01:15:33.051884
35,77333,Jessic Ngankam,906276,Eintracht Frankfurt,2674,0,0,6.43,,0.01,0,0,0,1,0,0,0,70,3,successfulDribblesPercentage,GER,2025-2026,datafc_sofascore,2026-08-09T01:15:33.051884
35,77333,Cole Campbell,1134578,TSG Hoffenheim,2569,0,0,6.43,0.15,0.47,2,0,3,1,0,0,0,99,6,successfulDribblesPercentage,GER,2025-2026,datafc_sofascore,2026-08-09T01:15:33.051884
35,77333,Joel Schmied,965950,1. FC Köln,2671,0,0,6.31,0.23,0.33,5,0,2,1,11,5,0,1080,16,successfulDribblesPercentage,GER,2025-2026,datafc_sofascore,2026-08-09T01:15:33.051884
35,77333,Nick Woltemade,980623,VfB Stuttgart,2677,0,0,6.2,,0.1,0,0,1,1,1,0,0,90,1,successfulDribblesPercentage,GER,2025-2026,datafc_sofascore,2026-08-09T01:15:33.051884
35,77333,Fabio Moreno Fell,1065051,1. FSV Mainz 05,2556,0,0,6.2,0.07,0.02,1,0,0,1,0,0,0,78,2,successfulDribblesPercentage,GER,2025-2026,datafc_sofascore,2026-08-09T01:15:33.051884
35,77333,Luka Vušković,1405212,Hamburger SV,2676,6,0,7.28,4.22,1.46,32,10,11,8,22,6,0,2441,28,successfulDribblesPercentage,GER,2025-2026,datafc_sofascore,2026-08-09T01:15:33.051884
35,77333,Ísak Bergmann Jóhannesson,1112327,1. FC Köln,2671,1,2,6.75,1.43,3.72,13,4,34,6,27,6,0,1812,31,successfulDribblesPercentage,GER,2025-2026,datafc_sofascore,2026-08-09T01:15:33.051884
35,77333,Keven Schlotterbeck,891651,FC Augsburg,2600,0,1,6.96,1.37,1.09,12,3,12,10,40,5,1,2031,24,successfulDribblesPercentage,GER,2025-2026,datafc_sofascore,2026-08-09T01:15:33.051884
35,77333,Kevin Diks,583806,Borussia M'gladbach,2527,5,0,6.96,5.08,1.13,23,13,8,10,43,6,0,2467,30,successfulDribblesPercentage,GER,2025-2026,datafc_sofascore,2026-08-09T01:15:33.051884
35,77333,Mathias Rasmussen,834244,FC St. Pauli,2526,0,0,6.7,0.76,0.65,6,2,5,5,15,0,0,705,13,successfulDribblesPercentage,GER,2025-2026,datafc_sofascore,2026-08-09T01:15:33.051884
35,77333,Pascal Groß,48480,Borussia Dortmund,2673,0,1,6.81,0.59,2.5,8,1,11,4,8,0,0,618,11,successfulDribblesPercentage,GER,2025-2026,datafc_sofascore,2026-08-09T01:15:33.051884
35,77333,Bara Sapoko Ndiaye,2427970,FC Bayern München,2672,0,0,6.7,,0.08,0,0,0,8,6,0,0,148,4,successfulDribblesPercentage,GER,2025-2026,datafc_sofascore,2026-08-09T01:15:33.051884
35,77333,Leon Goretzka,184661,FC Bayern München,2672,5,3,7.13,4.8,3.81,35,11,22,11,29,4,0,1954,31,successfulDribblesPercentage,GER,2025-2026,datafc_sofascore,2026-08-09T01:15:33.051884
35,77333,Castello Lukeba,976421,RB Leipzig,36360,1,0,7.07,1.16,0.77,8,2,7,22,31,3,0,2177,26,successfulDribblesPercentage,GER,2025-2026,datafc_sofascore,2026-08-09T01:15:33.051884
35,77333,Willi Orbán,136924,RB Leipzig,36360,2,0,7.22,2.38,1.05,20,9,11,6,47,4,0,2950,33,successfulDribblesPercentage,GER,2025-2026,datafc_sofascore,2026-08-09T01:15:33.051884
35,77333,Andreas Skov Olsen,888537,VfL Wolfsburg,2524,1,0,6.81,0.32,0.94,7,2,7,3,2,1,0,369,8,successfulDribblesPercentage,GER,2025-2026,datafc_sofascore,2026-08-09T01:15:33.051884
35,77333,Dominique Heintz,136922,1. FC Köln,2671,0,0,6.81,,0.06,0,0,1,3,3,0,0,398,9,successfulDribblesPercentage,GER,2025-2026,datafc_sofascore,2026-08-09T01:15:33.051884
35,77333,Jordan Torunarigha,801003,Hamburger SV,2676,0,0,6.78,0.37,0.91,5,1,2,6,37,3,0,1965,24,successfulDribblesPercentage,GER,2025-2026,datafc_sofascore,2026-08-09T01:15:33.051884
35,77333,Danilho Doekhi,830803,1. FC Union Berlin,2547,5,0,6.75,4.25,1.61,46,11,8,3,44,4,0,3060,34,successfulDribblesPercentage,GER,2025-2026,datafc_sofascore,2026-08-09T01:15:33.051884
35,77333,Adam Dźwigała,252343,FC St. Pauli,2526,1,1,6.74,0.14,0.32,4,2,5,3,46,5,0,1295,19,successfulDribblesPercentage,GER,2025-2026,datafc_sofascore,2026-08-09T01:15:33.051884
35,77333,Yussuf Poulsen,135264,Hamburger SV,2676,1,0,6.62,0.76,0.34,7,3,2,3,4,4,0,342,15,successfulDribblesPercentage,GER,2025-2026,datafc_sofascore,2026-08-09T01:15:33.051884
35,77333,Abdoulie Ceesay,1888501,FC St. Pauli,2526,3,0,6.62,1.26,0.29,11,4,3,6,3,4,0,353,20,successfulDribblesPercentage,GER,2025-2026,datafc_sofascore,2026-08-09T01:15:33.051884
35,77333,Daniel Elfadli,945532,Hamburger SV,2676,0,0,6.56,0.41,0.39,4,1,2,3,22,4,1,1266,21,successfulDribblesPercentage,GER,2025-2026,datafc_sofascore,2026-08-09T01:15:33.051884
35,77333,Nicolas Seiwald,976575,RB Leipzig,36360,0,2,6.9,1.83,1.89,19,7,15,8,66,2,0,2703,33,successfulDribblesPercentage,GER,2025-2026,datafc_sofascore,2026-08-09T01:15:33.051884
35,77333,Samuele Inacio,1861666,Borussia Dortmund,2673,1,0,6.91,1.76,0.59,9,5,8,5,6,2,0,383,7,successfulDribblesPercentage,GER,2025-2026,datafc_sofascore,2026-08-09T01:15:33.051884
35,77333,Hennes Behrens,1864760,1. FC Heidenheim,5885,1,2,6.88,0.32,2.23,9,4,18,15,28,0,0,1319,16,successfulDribblesPercentage,GER,2025-2026,datafc_sofascore,2026-08-09T01:15:33.051884
35,77333,Finn Jeltsch,1418649,VfB Stuttgart,2677,0,1,6.73,0.15,0.34,3,0,5,5,24,3,0,1512,23,successfulDribblesPercentage,GER,2025-2026,datafc_sofascore,2026-08-09T01:15:33.051884
35,77333,Samuel Essende,855808,FC Augsburg,2600,1,0,6.47,1.72,0.16,17,4,4,5,4,2,0,422,14,successfulDribblesPercentage,GER,2025-2026,datafc_sofascore,2026-08-09T01:15:33.051884
35,77333,Benedikt Gimber,798936,1. FC Heidenheim,5885,0,0,6.43,0.25,0.36,5,2,1,5,35,6,0,1448,21,successfulDribblesPercentage,GER,2025-2026,datafc_sofascore,2026-08-09T01:15:33.051884
35,77333,Aljoscha Kemlein,1198074,1. FC Union Berlin,2547,0,2,6.76,1.18,2.31,17,2,15,17,40,4,0,1967,30,successfulDribblesPercentage,GER,2025-2026,datafc_sofascore,2026-08-09T01:15:33.051884
35,77333,Anthony Caci,846471,1. FSV Mainz 05,2556,0,0,6.92,0.34,1.59,6,0,11,7,15,3,0,520,10,successfulDribblesPercentage,GER,2025-2026,datafc_sofascore,2026-08-09T01:15:33.051884
35,77333,Aaron Zehnter,1127788,VfL Wolfsburg,2524,2,0,6.58,1.28,1.64,11,5,16,7,15,0,0,1465,20,successfulDribblesPercentage,GER,2025-2026,datafc_sofascore,2026-08-09T01:15:33.051884
35,77333,Alex Král,825740,1. FC Union Berlin,2547,0,0,6.58,0.31,0.51,7,3,4,9,9,1,0,466,20,successfulDribblesPercentage,GER,2025-2026,datafc_sofascore,2026-08-09T01:15:33.051884
35,77333,Xaver Schlager,791079,RB Leipzig,36360,3,1,6.94,2.11,2.51,21,7,21,22,37,6,0,1837,26,successfulDribblesPercentage,GER,2025-2026,datafc_sofascore,2026-08-09T01:15:33.051884
35,77333,Maximilian Eggestein,569784,SC Freiburg,2538,3,1,6.85,3.8,1.7,44,13,19,15,64,4,0,3060,34,successfulDribblesPercentage,GER,2025-2026,datafc_sofascore,2026-08-09T01:15:33.051884
35,77333,Miro Muheim,798303,Hamburger SV,2676,0,4,6.93,1.19,4.25,23,7,41,21,62,7,1,2437,29,successfulDribblesPercentage,GER,2025-2026,datafc_sofascore,2026-08-09T01:15:33.051884
35,77333,Kaishu Sano,1028307,1. FSV Mainz 05,2556,1,2,7.02,1.36,3.4,24,6,25,28,52,1,0,3059,34,successfulDribblesPercentage,GER,2025-2026,datafc_sofascore,2026-08-09T01:15:33.051884
35,77333,Albian Hajdari,1000269,TSG Hoffenheim,2569,1,2,6.98,1.73,1.62,19,4,10,2,58,10,0,2440,30,successfulDribblesPercentage,GER,2025-2026,datafc_sofascore,2026-08-09T01:15:33.051884
35,77333,Robin Koch,581302,Eintracht Frankfurt,2674,3,1,6.96,1.38,1.67,15,5,10,2,42,1,1,2835,32,successfulDribblesPercentage,GER,2025-2026,datafc_sofascore,2026-08-09T01:15:33.051884
35,77333,Nikolas Nartey,861981,VfB Stuttgart,2677,4,3,6.93,2.52,2.76,22,12,24,18,14,2,0,1262,28,successfulDribblesPercentage,GER,2025-2026,datafc_sofascore,2026-08-09T01:15:33.051884
35,77333,Jonas Wind,826069,VfL Wolfsburg,2524,1,0,6.72,1.17,0.52,9,6,5,2,0,1,0,480,11,successfulDribblesPercentage,GER,2025-2026,datafc_sofascore,2026-08-09T01:15:33.051884
35,77333,Jenson Seelt,1088897,VfL Wolfsburg,2524,0,0,6.68,0.2,0.06,2,0,0,2,13,0,0,696,9,successfulDribblesPercentage,GER,2025-2026,datafc_sofascore,2026-08-09T01:15:33.051884
35,77333,Ricky-Jade Jones,994529,FC St. Pauli,2526,2,0,6.67,1.62,0.55,11,6,7,4,3,1,0,349,9,successfulDribblesPercentage,GER,2025-2026,datafc_sofascore,2026-08-09T01:15:33.051884
35,77333,Ezechiel Banzuzi,1155383,RB Leipzig,36360,0,1,6.64,1.4,0.37,15,4,7,2,15,3,0,597,24,successfulDribblesPercentage,GER,2025-2026,datafc_sofascore,2026-08-09T01:15:33.051884
35,77333,Ameen Al-Dakhil,1979970,VfB Stuttgart,2677,0,0,6.6,0.06,0.06,1,0,2,2,8,1,0,390,8,successfulDribblesPercentage,GER,2025-2026,datafc_sofascore,2026-08-09T01:15:33.051884
35,77333,Stanley Nsoki,904991,1. FC Union Berlin,2547,1,2,6.59,0.16,0.31,3,1,4,4,13,2,0,823,13,successfulDribblesPercentage,GER,2025-2026,datafc_sofascore,2026-08-09T01:15:33.051884
35,77333,Jeffrey Gouweleeuw,146853,FC Augsburg,2600,0,1,6.57,0.33,0.68,5,3,5,2,19,3,0,851,11,successfulDribblesPercentage,GER,2025-2026,datafc_sofascore,2026-08-09T01:15:33.051884
35,77333,Maximilian Rosenfelder,1131337,SC Freiburg,2538,0,0,6.53,0.02,0.03,1,0,0,2,8,0,0,507,12,successfulDribblesPercentage,GER,2025-2026,datafc_sofascore,2026-08-09T01:15:33.051884
35,77333,Rodrigo Ribeiro,1215904,FC Augsburg,2600,2,0,6.52,3.51,0.17,26,7,1,8,6,1,0,632,14,successfulDribblesPercentage,GER,2025-2026,datafc_sofascore,2026-08-09T01:15:33.051884
35,77333,Karim Coulibaly,1797852,SV Werder Bremen,2534,1,0,6.47,0.66,0.47,6,1,7,8,27,3,1,2122,27,successfulDribblesPercentage,GER,2025-2026,datafc_sofascore,2026-08-09T01:15:33.051884
35,77333,Emir Sahiti,841985,Hamburger SV,2676,0,0,6.45,,0.03,0,0,1,4,0,0,0,122,2,successfulDribblesPercentage,GER,2025-2026,datafc_sofascore,2026-08-09T01:15:33.051884
35,77333,Nico Schlotterbeck,940871,Borussia Dortmund,2673,5,1,7.67,3.72,2.69,32,9,12,15,50,8,0,2520,28,successfulDribblesPercentage,GER,2025-2026,datafc_sofascore,2026-08-09T01:15:33.051884
35,77333,Eliesse Ben Seghir,1394353,Bayer 04 Leverkusen,2681,0,0,6.78,0.14,0.92,5,2,5,9,4,2,0,261,10,successfulDribblesPercentage,GER,2025-2026,datafc_sofascore,2026-08-09T01:15:33.051884
35,77333,Maximilian Mittelstädt,788949,VfB Stuttgart,2677,6,4,7.2,4.4,6.02,31,16,37,14,67,4,0,2195,32,successfulDribblesPercentage,GER,2025-2026,datafc_sofascore,2026-08-09T01:15:33.051884
35,77333,Rasmus Kristensen,921789,Eintracht Frankfurt,2674,2,0,6.96,0.68,1.17,15,6,8,14,46,4,1,1563,22,successfulDribblesPercentage,GER,2025-2026,datafc_sofascore,2026-08-09T01:15:33.051884
35,77333,Jonas Hofmann,142390,Bayer 04 Leverkusen,2681,2,2,6.76,1.63,2.43,23,7,16,7,13,3,0,1015,23,successfulDribblesPercentage,GER,2025-2026,datafc_sofascore,2026-08-09T01:15:33.051884
35,77333,Han-Noah Massengo,927340,FC Augsburg,2600,2,1,6.8,1.29,1.6,20,6,17,26,41,5,0,2435,33,successfulDribblesPercentage,GER,2025-2026,datafc_sofascore,2026-08-09T01:15:33.051884
35,77333,Harry Kane,108579,FC Bayern München,2672,36,5,7.84,26.87,4.27,119,67,40,32,19,1,0,2382,31,successfulDribblesPercentage,GER,2025-2026,datafc_sofascore,2026-08-09T01:15:33.051884
35,77333,Maximilian Arnold,147289,VfL Wolfsburg,2524,1,4,7.1,0.43,4.09,14,5,29,5,22,5,0,1860,25,successfulDribblesPercentage,GER,2025-2026,datafc_sofascore,2026-08-09T01:15:33.051884
35,77333,Albert Grønbæk,1000263,Hamburger SV,2676,1,2,6.97,0.49,0.96,8,4,8,5,15,0,0,495,7,successfulDribblesPercentage,GER,2025-2026,datafc_sofascore,2026-08-09T01:15:33.051884
35,77333,Manolis Saliakas,280551,FC St. Pauli,2526,1,3,6.95,0.64,1.43,16,3,12,5,29,3,0,1110,17,successfulDribblesPercentage,GER,2025-2026,datafc_sofascore,2026-08-09T01:15:33.051884
35,77333,Vincenzo Grifo,171961,SC Freiburg,2538,7,4,6.94,5.74,4.66,30,12,41,10,10,0,0,1720,33,successfulDribblesPercentage,GER,2025-2026,datafc_sofascore,2026-08-09T01:15:33.051884
35,77333,Josip Stanišić,927407,FC Bayern München,2672,2,3,6.91,1.36,5.03,7,4,24,10,28,1,0,1855,26,successfulDribblesPercentage,GER,2025-2026,datafc_sofascore,2026-08-09T01:15:33.051884
35,77333,Danny da Costa,97926,1. FSV Mainz 05,2556,2,3,6.83,1.6,2.91,14,5,16,15,43,3,0,2697,34,successfulDribblesPercentage,GER,2025-2026,datafc_sofascore,2026-08-09T01:15:33.051884
35,77333,Elvis Rexhbeçaj,842188,FC Augsburg,2600,2,0,6.63,0.53,1.16,11,5,10,5,18,4,0,1120,26,successfulDribblesPercentage,GER,2025-2026,datafc_sofascore,2026-08-09T01:15:33.051884
35,77333,Joshua Kimmich,259117,FC Bayern München,2672,2,8,7.71,2.65,10.24,28,10,58,11,32,4,0,2280,29,successfulDribblesPercentage,GER,2025-2026,datafc_sofascore,2026-08-09T01:15:33.051884
35,77333,Jonathan Tah,227672,FC Bayern München,2672,2,1,7.24,0.71,1.73,8,5,5,3,24,7,0,2024,28,successfulDribblesPercentage,GER,2025-2026,datafc_sofascore,2026-08-09T01:15:33.051884
35,77333,Karl Hein,991591,SV Werder Bremen,2534,0,0,7.6,,0.0,0,0,0,1,0,0,0,180,2,successfulDribblesPercentage,GER,2025-2026,datafc_sofascore,2026-08-09T01:15:33.051884
35,77333,Dan Zagadou,826205,VfB Stuttgart,2677,0,0,7.53,0.34,0.12,6,1,1,1,5,0,0,210,3,successfulDribblesPercentage,GER,2025-2026,datafc_sofascore,2026-08-09T01:15:33.051884
35,77333,Kamil Grabara,902080,VfL Wolfsburg,2524,0,0,7.21,0.04,0.12,1,0,3,1,1,1,0,3060,34,successfulDribblesPercentage,GER,2025-2026,datafc_sofascore,2026-08-09T01:15:33.051884
35,77333,Daniel Fernandes,113442,Hamburger SV,2676,0,0,7.18,0.26,0.13,1,0,0,1,0,3,0,2970,33,successfulDribblesPercentage,GER,2025-2026,datafc_sofascore,2026-08-09T01:15:33.051884
35,77333,Maarten Vandevoordt,934385,RB Leipzig,36360,0,0,7.07,,0.04,0,0,0,1,1,0,0,1051,12,successfulDribblesPercentage,GER,2025-2026,datafc_sofascore,2026-08-09T01:15:33.051884
35,77333,Timo Hübers,387220,1. FC Köln,2671,0,0,6.96,,0.1,0,0,0,1,14,0,0,669,8,successfulDribblesPercentage,GER,2025-2026,datafc_sofascore,2026-08-09T01:15:33.051884
35,77333,Marin Ljubičić,1090010,1. FC Union Berlin,2547,2,0,6.95,1.35,0.0,2,2,0,1,0,0,0,20,2,successfulDribblesPercentage,GER,2025-2026,datafc_sofascore,2026-08-09T01:15:33.051884
35,77333,Chema Andrés,1464641,VfB Stuttgart,2677,3,0,6.95,1.4,1.15,15,6,15,2,30,5,0,1327,25,successfulDribblesPercentage,GER,2025-2026,datafc_sofascore,2026-08-09T01:15:33.051884
35,77333,Robin Zentner,174345,1. FSV Mainz 05,2556,0,0,6.94,,0.1,0,0,0,1,0,2,1,877,10,successfulDribblesPercentage,GER,2025-2026,datafc_sofascore,2026-08-09T01:15:33.051884
35,77333,Mark Flekken,171919,Bayer 04 Leverkusen,2681,0,0,6.89,,0.05,0,0,1,1,0,1,0,2130,24,successfulDribblesPercentage,GER,2025-2026,datafc_sofascore,2026-08-09T01:15:33.051884
35,77333,Patrick Mainka,254429,1. FC Heidenheim,5885,2,2,6.85,3.49,1.36,37,9,10,4,45,1,0,3060,34,successfulDribblesPercentage,GER,2025-2026,datafc_sofascore,2026-08-09T01:15:33.051884
35,77333,Luca Jaquez,1127823,VfB Stuttgart,2677,0,1,6.82,0.12,0.47,4,0,5,2,8,1,0,900,14,successfulDribblesPercentage,GER,2025-2026,datafc_sofascore,2026-08-09T01:15:33.051884
35,77333,Hiroki Itō,873106,FC Bayern München,2672,1,2,6.81,0.85,1.07,10,3,6,4,4,0,0,932,16,successfulDribblesPercentage,GER,2025-2026,datafc_sofascore,2026-08-09T01:15:33.051884
35,77333,Luca Reggiani,1937833,Borussia Dortmund,2673,1,0,6.8,0.43,0.1,3,1,2,4,14,2,0,513,8,successfulDribblesPercentage,GER,2025-2026,datafc_sofascore,2026-08-09T01:15:33.051884
35,77333,Oliver Baumann,40244,TSG Hoffenheim,2569,0,0,6.79,,0.39,0,0,1,2,0,3,0,3060,34,successfulDribblesPercentage,GER,2025-2026,datafc_sofascore,2026-08-09T01:15:33.051884
35,77333,Florian Kainz,78781,1. FC Köln,2671,1,1,6.76,0.76,0.59,8,3,9,3,4,1,0,276,15,successfulDribblesPercentage,GER,2025-2026,datafc_sofascore,2026-08-09T01:15:33.051884
35,77333,Ramon Hendriks,916943,VfB Stuttgart,2677,0,3,6.75,0.31,1.1,5,0,6,8,35,3,0,2033,31,successfulDribblesPercentage,GER,2025-2026,datafc_sofascore,2026-08-09T01:15:33.051884
35,77333,Denis Vavro,293127,VfL Wolfsburg,2524,1,0,6.71,0.92,0.21,12,5,3,2,8,2,0,1210,17,successfulDribblesPercentage,GER,2025-2026,datafc_sofascore,2026-08-09T01:15:33.051884
35,77333,Max Finkgräfe,1146250,RB Leipzig,36360,1,1,6.66,0.19,0.73,4,2,12,5,16,2,0,502,13,successfulDribblesPercentage,GER,2025-2026,datafc_sofascore,2026-08-09T01:15:33.051884
35,77333,Warmed Omari,999030,Hamburger SV,2676,0,1,6.66,0.12,0.28,3,1,8,6,22,0,0,1607,20,successfulDribblesPercentage,GER,2025-2026,datafc_sofascore,2026-08-09T01:15:33.051884
35,77333,Leonidas Stergiou,962898,1. FC Heidenheim,5885,0,0,6.62,0.09,0.01,1,0,0,1,8,0,0,204,6,successfulDribblesPercentage,GER,2025-2026,datafc_sofascore,2026-08-09T01:15:33.051884
35,77333,Kauã Santos,1134203,Eintracht Frankfurt,2674,0,0,6.62,,0.02,0,0,0,1,1,0,0,1085,13,successfulDribblesPercentage,GER,2025-2026,datafc_sofascore,2026-08-09T01:15:33.051884
35,77333,David Daiber,1489220,FC Bayern München,2672,0,0,6.6,0.06,0.02,1,0,0,2,0,0,0,27,2,successfulDribblesPercentage,GER,2025-2026,datafc_sofascore,2026-08-09T01:15:33.051884
35,77333,Anthony Jung,103442,SC Freiburg,2538,0,0,6.59,0.03,0.77,1,0,4,1,4,2,0,528,12,successfulDribblesPercentage,GER,2025-2026,datafc_sofascore,2026-08-09T01:15:33.051884
35,77333,Lasse Riess,1069252,1. FSV Mainz 05,2556,0,0,6.58,,0.01,0,0,0,1,0,0,0,291,4,successfulDribblesPercentage,GER,2025-2026,datafc_sofascore,2026-08-09T01:15:33.051884
35,77333,Thomas Keller,940236,1. FC Heidenheim,5885,0,0,6.58,0.05,0.12,2,0,0,1,1,1,0,191,4,successfulDribblesPercentage,GER,2025-2026,datafc_sofascore,2026-08-09T01:15:33.051884
35,77333,Jahmai Simpson-Pusey,1402924,1. FC Köln,2671,0,0,6.57,0.41,0.17,6,3,2,3,9,2,1,866,11,successfulDribblesPercentage,GER,2025-2026,datafc_sofascore,2026-08-09T01:15:33.051884
35,77333,Robert Skov,327863,1. FC Union Berlin,2547,0,0,6.57,0.02,0.11,1,0,1,3,6,0,0,223,3,successfulDribblesPercentage,GER,2025-2026,datafc_sofascore,2026-08-09T01:15:33.051884
35,77333,Lazar Jovanović,1427148,VfB Stuttgart,2677,0,0,6.53,0.07,0.34,1,0,2,1,0,0,0,43,3,successfulDribblesPercentage,GER,2025-2026,datafc_sofascore,2026-08-09T01:15:33.051884
35,77333,Pharell Hensel,2114948,VfL Wolfsburg,2524,0,0,6.53,0.02,0.03,1,0,0,1,1,0,0,88,5,successfulDribblesPercentage,GER,2025-2026,datafc_sofascore,2026-08-09T01:15:33.051884
35,77333,Guilherme Ramos,827192,Hamburger SV,2676,0,0,6.53,0.23,0.01,1,1,1,1,0,0,0,78,8,successfulDribblesPercentage,GER,2025-2026,datafc_sofascore,2026-08-09T01:15:33.051884
35,77333,Ihlas Bebou,254297,TSG Hoffenheim,2569,0,0,6.5,0.54,0.69,5,2,2,3,1,1,0,215,16,successfulDribblesPercentage,GER,2025-2026,datafc_sofascore,2026-08-09T01:15:33.051884
35,77333,Alejo Sarco,1482433,Borussia M'gladbach,2527,0,0,6.45,0.29,0.07,4,0,2,1,1,0,0,126,6,successfulDribblesPercentage,GER,2025-2026,datafc_sofascore,2026-08-09T01:15:33.051884
35,77333,Jessic Ngankam,906276,Eintracht Frankfurt,2674,0,0,6.43,,0.01,0,0,0,1,0,0,0,70,3,successfulDribblesPercentage,GER,2025-2026,datafc_sofascore,2026-08-09T01:15:33.051884
35,77333,Cole Campbell,1134578,TSG Hoffenheim,2569,0,0,6.43,0.15,0.47,2,0,3,1,0,0,0,99,6,successfulDribblesPercentage,GER,2025-2026,datafc_sofascore,2026-08-09T01:15:33.051884
35,77333,Joel Schmied,965950,1. FC Köln,2671,0,0,6.31,0.23,0.33,5,0,2,1,11,5,0,1080,16,successfulDribblesPercentage,GER,2025-2026,datafc_sofascore,2026-08-09T01:15:33.051884
35,77333,Nick Woltemade,980623,VfB Stuttgart,2677,0,0,6.2,,0.1,0,0,1,1,1,0,0,90,1,successfulDribblesPercentage,GER,2025-2026,datafc_sofascore,2026-08-09T01:15:33.051884
35,77333,Fabio Moreno Fell,1065051,1. FSV Mainz 05,2556,0,0,6.2,0.07,0.02,1,0,0,1,0,0,0,78,2,successfulDribblesPercentage,GER,2025-2026,datafc_sofascore,2026-08-09T01:15:33.051884
35,77333,Luka Vušković,1405212,Hamburger SV,2676,6,0,7.28,4.22,1.46,32,10,11,8,22,6,0,2441,28,successfulDribblesPercentage,GER,2025-2026,datafc_sofascore,2026-08-09T01:15:33.051884
35,77333,Ísak Bergmann Jóhannesson,1112327,1. FC Köln,2671,1,2,6.75,1.43,3.72,13,4,34,6,27,6,0,1812,31,successfulDribblesPercentage,GER,2025-2026,datafc_sofascore,2026-08-09T01:15:33.051884
35,77333,Keven Schlotterbeck,891651,FC Augsburg,2600,0,1,6.96,1.37,1.09,12,3,12,10,40,5,1,2031,24,successfulDribblesPercentage,GER,2025-2026,datafc_sofascore,2026-08-09T01:15:33.051884
35,77333,Kevin Diks,583806,Borussia M'gladbach,2527,5,0,6.96,5.08,1.13,23,13,8,10,43,6,0,2467,30,successfulDribblesPercentage,GER,2025-2026,datafc_sofascore,2026-08-09T01:15:33.051884
35,77333,Mathias Rasmussen,834244,FC St. Pauli,2526,0,0,6.7,0.76,0.65,6,2,5,5,15,0,0,705,13,successfulDribblesPercentage,GER,2025-2026,datafc_sofascore,2026-08-09T01:15:33.051884
35,77333,Pascal Groß,48480,Borussia Dortmund,2673,0,1,6.81,0.59,2.5,8,1,11,4,8,0,0,618,11,successfulDribblesPercentage,GER,2025-2026,datafc_sofascore,2026-08-09T01:15:33.051884
35,77333,Bara Sapoko Ndiaye,2427970,FC Bayern München,2672,0,0,6.7,,0.08,0,0,0,8,6,0,0,148,4,successfulDribblesPercentage,GER,2025-2026,datafc_sofascore,2026-08-09T01:15:33.051884
35,77333,Leon Goretzka,184661,FC Bayern München,2672,5,3,7.13,4.8,3.81,35,11,22,11,29,4,0,1954,31,successfulDribblesPercentage,GER,2025-2026,datafc_sofascore,2026-08-09T01:15:33.051884
35,77333,Castello Lukeba,976421,RB Leipzig,36360,1,0,7.07,1.16,0.77,8,2,7,22,31,3,0,2177,26,successfulDribblesPercentage,GER,2025-2026,datafc_sofascore,2026-08-09T01:15:33.051884
35,77333,Willi Orbán,136924,RB Leipzig,36360,2,0,7.22,2.38,1.05,20,9,11,6,47,4,0,2950,33,successfulDribblesPercentage,GER,2025-2026,datafc_sofascore,2026-08-09T01:15:33.051884
35,77333,Andreas Skov Olsen,888537,VfL Wolfsburg,2524,1,0,6.81,0.32,0.94,7,2,7,3,2,1,0,369,8,successfulDribblesPercentage,GER,2025-2026,datafc_sofascore,2026-08-09T01:15:33.051884
35,77333,Dominique Heintz,136922,1. FC Köln,2671,0,0,6.81,,0.06,0,0,1,3,3,0,0,398,9,successfulDribblesPercentage,GER,2025-2026,datafc_sofascore,2026-08-09T01:15:33.051884
35,77333,Jordan Torunarigha,801003,Hamburger SV,2676,0,0,6.78,0.37,0.91,5,1,2,6,37,3,0,1965,24,successfulDribblesPercentage,GER,2025-2026,datafc_sofascore,2026-08-09T01:15:33.051884
35,77333,Danilho Doekhi,830803,1. FC Union Berlin,2547,5,0,6.75,4.25,1.61,46,11,8,3,44,4,0,3060,34,successfulDribblesPercentage,GER,2025-2026,datafc_sofascore,2026-08-09T01:15:33.051884
35,77333,Adam Dźwigała,252343,FC St. Pauli,2526,1,1,6.74,0.14,0.32,4,2,5,3,46,5,0,1295,19,successfulDribblesPercentage,GER,2025-2026,datafc_sofascore,2026-08-09T01:15:33.051884
35,77333,Yussuf Poulsen,135264,Hamburger SV,2676,1,0,6.62,0.76,0.34,7,3,2,3,4,4,0,342,15,successfulDribblesPercentage,GER,2025-2026,datafc_sofascore,2026-08-09T01:15:33.051884
35,77333,Abdoulie Ceesay,1888501,FC St. Pauli,2526,3,0,6.62,1.26,0.29,11,4,3,6,3,4,0,353,20,successfulDribblesPercentage,GER,2025-2026,datafc_sofascore,2026-08-09T01:15:33.051884
35,77333,Daniel Elfadli,945532,Hamburger SV,2676,0,0,6.56,0.41,0.39,4,1,2,3,22,4,1,1266,21,successfulDribblesPercentage,GER,2025-2026,datafc_sofascore,2026-08-09T01:15:33.051884
35,77333,Nicolas Seiwald,976575,RB Leipzig,36360,0,2,6.9,1.83,1.89,19,7,15,8,66,2,0,2703,33,successfulDribblesPercentage,GER,2025-2026,datafc_sofascore,2026-08-09T01:15:33.051884
35,77333,Samuele Inacio,1861666,Borussia Dortmund,2673,1,0,6.91,1.76,0.59,9,5,8,5,6,2,0,383,7,successfulDribblesPercentage,GER,2025-2026,datafc_sofascore,2026-08-09T01:15:33.051884
35,77333,Hennes Behrens,1864760,1. FC Heidenheim,5885,1,2,6.88,0.32,2.23,9,4,18,15,28,0,0,1319,16,successfulDribblesPercentage,GER,2025-2026,datafc_sofascore,2026-08-09T01:15:33.051884
35,77333,Finn Jeltsch,1418649,VfB Stuttgart,2677,0,1,6.73,0.15,0.34,3,0,5,5,24,3,0,1512,23,successfulDribblesPercentage,GER,2025-2026,datafc_sofascore,2026-08-09T01:15:33.051884
35,77333,Samuel Essende,855808,FC Augsburg,2600,1,0,6.47,1.72,0.16,17,4,4,5,4,2,0,422,14,successfulDribblesPercentage,GER,2025-2026,datafc_sofascore,2026-08-09T01:15:33.051884
35,77333,Benedikt Gimber,798936,1. FC Heidenheim,5885,0,0,6.43,0.25,0.36,5,2,1,5,35,6,0,1448,21,successfulDribblesPercentage,GER,2025-2026,datafc_sofascore,2026-08-09T01:15:33.051884
35,77333,Aljoscha Kemlein,1198074,1. FC Union Berlin,2547,0,2,6.76,1.18,2.31,17,2,15,17,40,4,0,1967,30,successfulDribblesPercentage,GER,2025-2026,datafc_sofascore,2026-08-09T01:15:33.051884
35,77333,Anthony Caci,846471,1. FSV Mainz 05,2556,0,0,6.92,0.34,1.59,6,0,11,7,15,3,0,520,10,successfulDribblesPercentage,GER,2025-2026,datafc_sofascore,2026-08-09T01:15:33.051884
35,77333,Aaron Zehnter,1127788,VfL Wolfsburg,2524,2,0,6.58,1.28,1.64,11,5,16,7,15,0,0,1465,20,successfulDribblesPercentage,GER,2025-2026,datafc_sofascore,2026-08-09T01:15:33.051884
35,77333,Alex Král,825740,1. FC Union Berlin,2547,0,0,6.58,0.31,0.51,7,3,4,9,9,1,0,466,20,successfulDribblesPercentage,GER,2025-2026,datafc_sofascore,2026-08-09T01:15:33.051884
35,77333,Xaver Schlager,791079,RB Leipzig,36360,3,1,6.94,2.11,2.51,21,7,21,22,37,6,0,1837,26,successfulDribblesPercentage,GER,2025-2026,datafc_sofascore,2026-08-09T01:15:33.051884
35,77333,Maximilian Eggestein,569784,SC Freiburg,2538,3,1,6.85,3.8,1.7,44,13,19,15,64,4,0,3060,34,successfulDribblesPercentage,GER,2025-2026,datafc_sofascore,2026-08-09T01:15:33.051884
35,77333,Miro Muheim,798303,Hamburger SV,2676,0,4,6.93,1.19,4.25,23,7,41,21,62,7,1,2437,29,successfulDribblesPercentage,GER,2025-2026,datafc_sofascore,2026-08-09T01:15:33.051884
35,77333,Kaishu Sano,1028307,1. FSV Mainz 05,2556,1,2,7.02,1.36,3.4,24,6,25,28,52,1,0,3059,34,successfulDribblesPercentage,GER,2025-2026,datafc_sofascore,2026-08-09T01:15:33.051884
35,77333,Albian Hajdari,1000269,TSG Hoffenheim,2569,1,2,6.98,1.73,1.62,19,4,10,2,58,10,0,2440,30,successfulDribblesPercentage,GER,2025-2026,datafc_sofascore,2026-08-09T01:15:33.051884
35,77333,Robin Koch,581302,Eintracht Frankfurt,2674,3,1,6.96,1.38,1.67,15,5,10,2,42,1,1,2835,32,successfulDribblesPercentage,GER,2025-2026,datafc_sofascore,2026-08-09T01:15:33.051884
35,77333,Nikolas Nartey,861981,VfB Stuttgart,2677,4,3,6.93,2.52,2.76,22,12,24,18,14,2,0,1262,28,successfulDribblesPercentage,GER,2025-2026,datafc_sofascore,2026-08-09T01:15:33.051884
35,77333,Jonas Wind,826069,VfL Wolfsburg,2524,1,0,6.72,1.17,0.52,9,6,5,2,0,1,0,480,11,successfulDribblesPercentage,GER,2025-2026,datafc_sofascore,2026-08-09T01:15:33.051884
35,77333,Jenson Seelt,1088897,VfL Wolfsburg,2524,0,0,6.68,0.2,0.06,2,0,0,2,13,0,0,696,9,successfulDribblesPercentage,GER,2025-2026,datafc_sofascore,2026-08-09T01:15:33.051884
35,77333,Ricky-Jade Jones,994529,FC St. Pauli,2526,2,0,6.67,1.62,0.55,11,6,7,4,3,1,0,349,9,successfulDribblesPercentage,GER,2025-2026,datafc_sofascore,2026-08-09T01:15:33.051884
35,77333,Ezechiel Banzuzi,1155383,RB Leipzig,36360,0,1,6.64,1.4,0.37,15,4,7,2,15,3,0,597,24,successfulDribblesPercentage,GER,2025-2026,datafc_sofascore,2026-08-09T01:15:33.051884
35,77333,Ameen Al-Dakhil,1979970,VfB Stuttgart,2677,0,0,6.6,0.06,0.06,1,0,2,2,8,1,0,390,8,successfulDribblesPercentage,GER,2025-2026,datafc_sofascore,2026-08-09T01:15:33.051884
35,77333,Stanley Nsoki,904991,1. FC Union Berlin,2547,1,2,6.59,0.16,0.31,3,1,4,4,13,2,0,823,13,successfulDribblesPercentage,GER,2025-2026,datafc_sofascore,2026-08-09T01:15:33.051884
35,77333,Jeffrey Gouweleeuw,146853,FC Augsburg,2600,0,1,6.57,0.33,0.68,5,3,5,2,19,3,0,851,11,successfulDribblesPercentage,GER,2025-2026,datafc_sofascore,2026-08-09T01:15:33.051884
35,77333,Maximilian Rosenfelder,1131337,SC Freiburg,2538,0,0,6.53,0.02,0.03,1,0,0,2,8,0,0,507,12,successfulDribblesPercentage,GER,2025-2026,datafc_sofascore,2026-08-09T01:15:33.051884
35,77333,Rodrigo Ribeiro,1215904,FC Augsburg,2600,2,0,6.52,3.51,0.17,26,7,1,8,6,1,0,632,14,successfulDribblesPercentage,GER,2025-2026,datafc_sofascore,2026-08-09T01:15:33.051884
35,77333,Karim Coulibaly,1797852,SV Werder Bremen,2534,1,0,6.47,0.66,0.47,6,1,7,8,27,3,1,2122,27,successfulDribblesPercentage,GER,2025-2026,datafc_sofascore,2026-08-09T01:15:33.051884
35,77333,Emir Sahiti,841985,Hamburger SV,2676,0,0,6.45,,0.03,0,0,1,4,0,0,0,122,2,successfulDribblesPercentage,GER,2025-2026,datafc_sofascore,2026-08-09T01:15:33.051884
35,77333,Nico Schlotterbeck,940871,Borussia Dortmund,2673,5,1,7.67,3.72,2.69,32,9,12,15,50,8,0,2520,28,successfulDribblesPercentage,GER,2025-2026,datafc_sofascore,2026-08-09T01:15:33.051884
35,77333,Eliesse Ben Seghir,1394353,Bayer 04 Leverkusen,2681,0,0,6.78,0.14,0.92,5,2,5,9,4,2,0,261,10,successfulDribblesPercentage,GER,2025-2026,datafc_sofascore,2026-08-09T01:15:33.051884
35,77333,Maximilian Mittelstädt,788949,VfB Stuttgart,2677,6,4,7.2,4.4,6.02,31,16,37,14,67,4,0,2195,32,successfulDribblesPercentage,GER,2025-2026,datafc_sofascore,2026-08-09T01:15:33.051884
35,77333,Rasmus Kristensen,921789,Eintracht Frankfurt,2674,2,0,6.96,0.68,1.17,15,6,8,14,46,4,1,1563,22,successfulDribblesPercentage,GER,2025-2026,datafc_sofascore,2026-08-09T01:15:33.051884
35,77333,Jonas Hofmann,142390,Bayer 04 Leverkusen,2681,2,2,6.76,1.63,2.43,23,7,16,7,13,3,0,1015,23,successfulDribblesPercentage,GER,2025-2026,datafc_sofascore,2026-08-09T01:15:33.051884
35,77333,Han-Noah Massengo,927340,FC Augsburg,2600,2,1,6.8,1.29,1.6,20,6,17,26,41,5,0,2435,33,successfulDribblesPercentage,GER,2025-2026,datafc_sofascore,2026-08-09T01:15:33.051884
35,77333,Harry Kane,108579,FC Bayern München,2672,36,5,7.84,26.87,4.27,119,67,40,32,19,1,0,2382,31,successfulDribblesPercentage,GER,2025-2026,datafc_sofascore,2026-08-09T01:15:33.051884
35,77333,Maximilian Arnold,147289,VfL Wolfsburg,2524,1,4,7.1,0.43,4.09,14,5,29,5,22,5,0,1860,25,successfulDribblesPercentage,GER,2025-2026,datafc_sofascore,2026-08-09T01:15:33.051884
35,77333,Albert Grønbæk,1000263,Hamburger SV,2676,1,2,6.97,0.49,0.96,8,4,8,5,15,0,0,495,7,successfulDribblesPercentage,GER,2025-2026,datafc_sofascore,2026-08-09T01:15:33.051884
35,77333,Manolis Saliakas,280551,FC St. Pauli,2526,1,3,6.95,0.64,1.43,16,3,12,5,29,3,0,1110,17,successfulDribblesPercentage,GER,2025-2026,datafc_sofascore,2026-08-09T01:15:33.051884
35,77333,Vincenzo Grifo,171961,SC Freiburg,2538,7,4,6.94,5.74,4.66,30,12,41,10,10,0,0,1720,33,successfulDribblesPercentage,GER,2025-2026,datafc_sofascore,2026-08-09T01:15:33.051884
35,77333,Josip Stanišić,927407,FC Bayern München,2672,2,3,6.91,1.36,5.03,7,4,24,10,28,1,0,1855,26,successfulDribblesPercentage,GER,2025-2026,datafc_sofascore,2026-08-09T01:15:33.051884
35,77333,Danny da Costa,97926,1. FSV Mainz 05,2556,2,3,6.83,1.6,2.91,14,5,16,15,43,3,0,2697,34,successfulDribblesPercentage,GER,2025-2026,datafc_sofascore,2026-08-09T01:15:33.051884
35,77333,Elvis Rexhbeçaj,842188,FC Augsburg,2600,2,0,6.63,0.53,1.16,11,5,10,5,18,4,0,1120,26,successfulDribblesPercentage,GER,2025-2026,datafc_sofascore,2026-08-09T01:15:33.051884
35,77333,Joshua Kimmich,259117,FC Bayern München,2672,2,8,7.71,2.65,10.24,28,10,58,11,32,4,0,2280,29,successfulDribblesPercentage,GER,2025-2026,datafc_sofascore,2026-08-09T01:15:33.051884
35,77333,Jonathan Tah,227672,FC Bayern München,2672,2,1,7.24,0.71,1.73,8,5,5,3,24,7,0,2024,28,successfulDribblesPercentage,GER,2025-2026,datafc_sofascore,2026-08-09T01:15:33.051884
35,77333,Nathaniel Brown,1159759,Eintracht Frankfurt,2674,4,4,6.79,2.52,2.89,18,9,34,17,81,3,0,2658,33,tackles,GER,2025-2026,datafc_sofascore,2026-08-09T01:15:33.051884
35,77333,Waldemar Anton,799046,Borussia Dortmund,2673,2,0,7.25,1.74,1.26,16,6,8,13,73,3,0,2880,32,tackles,GER,2025-2026,datafc_sofascore,2026-08-09T01:15:33.051884
35,77333,Wouter Burger,916946,TSG Hoffenheim,2569,4,5,7.08,3.46,5.35,36,13,51,4,72,7,1,2440,30,tackles,GER,2025-2026,datafc_sofascore,2026-08-09T01:15:33.051884
35,77333,Tom Krauß,930272,1. FC Köln,2671,0,2,6.92,0.37,1.46,9,2,15,9,72,4,0,1801,26,tackles,GER,2025-2026,datafc_sofascore,2026-08-09T01:15:33.051884
35,77333,Bernardo,828571,TSG Hoffenheim,2569,0,0,6.86,0.52,1.29,10,0,9,6,68,9,0,2318,29,tackles,GER,2025-2026,datafc_sofascore,2026-08-09T01:15:33.051884
35,77333,Rocco Reitz,1048650,Borussia M'gladbach,2527,0,4,6.86,2.57,4.92,47,14,28,24,68,8,1,2636,31,tackles,GER,2025-2026,datafc_sofascore,2026-08-09T01:15:33.051884
35,77333,Nicolás Capaldo,973564,Hamburger SV,2676,1,3,6.75,1.93,2.17,22,6,22,10,68,10,0,2009,26,tackles,GER,2025-2026,datafc_sofascore,2026-08-09T01:15:33.051884
35,77333,Joel Chima Fujita,1002461,FC St. Pauli,2526,1,3,6.71,1.15,3.92,31,7,30,47,68,6,0,2671,32,tackles,GER,2025-2026,datafc_sofascore,2026-08-09T01:15:33.051884
35,77333,Maximilian Mittelstädt,788949,VfB Stuttgart,2677,6,4,7.2,4.4,6.02,31,16,37,14,67,4,0,2195,32,tackles,GER,2025-2026,datafc_sofascore,2026-08-09T01:15:33.051884
35,77333,Nicolas Seiwald,976575,RB Leipzig,36360,0,2,6.9,1.83,1.89,19,7,15,8,66,2,0,2703,33,tackles,GER,2025-2026,datafc_sofascore,2026-08-09T01:15:33.051884
35,77333,Philipp Sander,939880,Borussia M'gladbach,2527,2,0,6.98,1.56,2.79,25,8,11,5,65,4,0,2454,30,tackles,GER,2025-2026,datafc_sofascore,2026-08-09T01:15:33.051884
35,77333,Maximilian Eggestein,569784,SC Freiburg,2538,3,1,6.85,3.8,1.7,44,13,19,15,64,4,0,3060,34,tackles,GER,2025-2026,datafc_sofascore,2026-08-09T01:15:33.051884
35,77333,Senne Lynen,826171,SV Werder Bremen,2534,0,0,6.79,1.11,1.65,25,4,15,6,63,4,0,2757,31,tackles,GER,2025-2026,datafc_sofascore,2026-08-09T01:15:33.051884
35,77333,Miro Muheim,798303,Hamburger SV,2676,0,4,6.93,1.19,4.25,23,7,41,21,62,7,1,2437,29,tackles,GER,2025-2026,datafc_sofascore,2026-08-09T01:15:33.051884
35,77333,Vladimír Coufal,138024,TSG Hoffenheim,2569,1,8,7.12,0.88,8.99,25,6,59,31,60,4,0,3017,34,tackles,GER,2025-2026,datafc_sofascore,2026-08-09T01:15:33.051884
35,77333,Nicolai Remberg,1064305,Hamburger SV,2676,0,2,6.93,1.03,1.41,17,8,13,14,60,11,0,2880,32,tackles,GER,2025-2026,datafc_sofascore,2026-08-09T01:15:33.051884
35,77333,Ridle Baku,856553,RB Leipzig,36360,2,3,6.87,2.56,6.05,30,6,37,13,60,4,0,2509,32,tackles,GER,2025-2026,datafc_sofascore,2026-08-09T01:15:33.051884
35,77333,Cameron Puertas,916176,SV Werder Bremen,2534,1,2,6.66,1.82,2.38,37,8,27,15,60,6,0,1878,28,tackles,GER,2025-2026,datafc_sofascore,2026-08-09T01:15:33.051884
35,77333,Niklas Dorsch,794995,1. FC Heidenheim,5885,0,1,6.88,0.59,2.64,14,3,24,12,59,2,0,2270,32,tackles,GER,2025-2026,datafc_sofascore,2026-08-09T01:15:33.051884
35,77333,Rani Khedira,149479,1. FC Union Berlin,2547,5,1,6.72,2.04,1.35,23,10,16,3,59,7,0,2835,32,tackles,GER,2025-2026,datafc_sofascore,2026-08-09T01:15:33.051884
35,77333,Albian Hajdari,1000269,TSG Hoffenheim,2569,1,2,6.98,1.73,1.62,19,4,10,2,58,10,0,2440,30,tackles,GER,2025-2026,datafc_sofascore,2026-08-09T01:15:33.051884
35,77333,Jens Castrop,1019312,Borussia M'gladbach,2527,3,1,6.69,3.73,1.69,30,12,19,25,58,2,2,1599,26,tackles,GER,2025-2026,datafc_sofascore,2026-08-09T01:15:33.051884
35,77333,Robin Fellhauer,860461,FC Augsburg,2600,3,2,6.8,2.79,2.64,30,9,31,15,57,2,0,2810,34,tackles,GER,2025-2026,datafc_sofascore,2026-08-09T01:15:33.051884
35,77333,Vinícius Souza,979290,VfL Wolfsburg,2524,0,0,6.88,0.91,0.58,9,2,8,8,55,5,0,1778,24,tackles,GER,2025-2026,datafc_sofascore,2026-08-09T01:15:33.051884
35,77333,Christoph Baumgartner,825956,RB Leipzig,36360,13,8,6.93,15.1,3.94,81,35,37,13,54,10,0,2789,33,tackles,GER,2025-2026,datafc_sofascore,2026-08-09T01:15:33.051884
35,77333,Kaishu Sano,1028307,1. FSV Mainz 05,2556,1,2,7.02,1.36,3.4,24,6,25,28,52,1,0,3059,34,tackles,GER,2025-2026,datafc_sofascore,2026-08-09T01:15:33.051884
35,77333,Leopold Querfeld,1086547,1. FC Union Berlin,2547,3,0,6.87,3.69,1.77,29,10,21,4,52,6,0,2704,31,tackles,GER,2025-2026,datafc_sofascore,2026-08-09T01:15:33.051884
35,77333,Nico Schlotterbeck,940871,Borussia Dortmund,2673,5,1,7.67,3.72,2.69,32,9,12,15,50,8,0,2520,28,tackles,GER,2025-2026,datafc_sofascore,2026-08-09T01:15:33.051884
35,77333,Paul Nebel,980621,1. FSV Mainz 05,2556,5,2,6.61,5.26,3.77,32,8,41,20,50,2,2,2081,30,tackles,GER,2025-2026,datafc_sofascore,2026-08-09T01:15:33.051884
35,77333,Alejandro Grimaldo,177177,Bayer 04 Leverkusen,2681,8,8,7.31,6.65,10.13,60,21,70,25,49,5,0,2524,29,tackles,GER,2025-2026,datafc_sofascore,2026-08-09T01:15:33.051884
35,77333,Angelo Stiller,901882,VfB Stuttgart,2677,2,5,7.25,3.08,7.46,17,8,56,14,49,1,0,2750,34,tackles,GER,2025-2026,datafc_sofascore,2026-08-09T01:15:33.051884
35,77333,Nnamdi Collins,1048569,Eintracht Frankfurt,2674,1,2,6.69,0.45,0.46,4,1,3,11,49,4,0,1508,23,tackles,GER,2025-2026,datafc_sofascore,2026-08-09T01:15:33.051884
35,77333,David Raum,856076,RB Leipzig,36360,3,7,7.33,2.2,12.39,24,8,98,16,48,6,0,2556,30,tackles,GER,2025-2026,datafc_sofascore,2026-08-09T01:15:33.051884
35,77333,Dominik Kohr,152206,1. FSV Mainz 05,2556,2,0,6.79,1.57,2.07,15,4,10,5,48,9,2,2345,29,tackles,GER,2025-2026,datafc_sofascore,2026-08-09T01:15:33.051884
35,77333,Joe Scally,1002920,Borussia M'gladbach,2527,2,3,6.63,1.27,1.86,16,10,18,24,48,8,0,2611,32,tackles,GER,2025-2026,datafc_sofascore,2026-08-09T01:15:33.051884
35,77333,Willi Orbán,136924,RB Leipzig,36360,2,0,7.22,2.38,1.05,20,9,11,6,47,4,0,2950,33,tackles,GER,2025-2026,datafc_sofascore,2026-08-09T01:15:33.051884
35,77333,Leon Avdullahu,1493305,TSG Hoffenheim,2569,0,1,7.03,0.59,2.48,14,2,22,8,47,5,0,2838,33,tackles,GER,2025-2026,datafc_sofascore,2026-08-09T01:15:33.051884
35,77333,Patrick Wimmer,987504,VfL Wolfsburg,2524,4,3,6.88,3.12,2.19,24,8,16,38,47,4,0,1634,25,tackles,GER,2025-2026,datafc_sofascore,2026-08-09T01:15:33.051884
35,77333,Rasmus Kristensen,921789,Eintracht Frankfurt,2674,2,0,6.96,0.68,1.17,15,6,8,14,46,4,1,1563,22,tackles,GER,2025-2026,datafc_sofascore,2026-08-09T01:15:33.051884
35,77333,Stefan Posch,355486,1. FSV Mainz 05,2556,0,0,6.95,0.48,1.24,11,3,8,4,46,4,0,1395,16,tackles,GER,2025-2026,datafc_sofascore,2026-08-09T01:15:33.051884
35,77333,Romano Schmid,830127,SV Werder Bremen,2534,4,8,6.91,7.83,10.44,57,21,89,37,46,4,0,2988,34,tackles,GER,2025-2026,datafc_sofascore,2026-08-09T01:15:33.051884
35,77333,Eric Martel,988639,1. FC Köln,2671,2,2,6.84,2.5,1.17,23,4,15,2,46,10,1,2564,31,tackles,GER,2025-2026,datafc_sofascore,2026-08-09T01:15:33.051884
35,77333,Konrad Laimer,355492,FC Bayern München,2672,3,9,6.81,2.42,5.21,17,8,45,14,46,9,0,1997,29,tackles,GER,2025-2026,datafc_sofascore,2026-08-09T01:15:33.051884
35,77333,Adam Dźwigała,252343,FC St. Pauli,2526,1,1,6.74,0.14,0.32,4,2,5,3,46,5,0,1295,19,tackles,GER,2025-2026,datafc_sofascore,2026-08-09T01:15:33.051884
35,77333,Jonas Föhrenbach,311676,1. FC Heidenheim,5885,1,1,6.6,0.55,2.71,5,1,21,2,46,3,0,2327,27,tackles,GER,2025-2026,datafc_sofascore,2026-08-09T01:15:33.051884
35,77333,Jakub Kamiński,801263,1. FC Köln,2671,7,3,7.1,7.06,6.41,63,26,52,24,45,4,0,3019,34,tackles,GER,2025-2026,datafc_sofascore,2026-08-09T01:15:33.051884
35,77333,Patrick Mainka,254429,1. FC Heidenheim,5885,2,2,6.85,3.49,1.36,37,9,10,4,45,1,0,3060,34,tackles,GER,2025-2026,datafc_sofascore,2026-08-09T01:15:33.051884
35,77333,Philipp Treu,979820,SC Freiburg,2538,1,2,6.66,1.19,1.71,17,5,20,15,45,2,0,2194,28,tackles,GER,2025-2026,datafc_sofascore,2026-08-09T01:15:33.051884
35,77333,Saël Kumbedi,1155226,VfL Wolfsburg,2524,0,5,6.51,0.39,2.69,5,0,17,16,45,2,0,1805,24,tackles,GER,2025-2026,datafc_sofascore,2026-08-09T01:15:33.051884
35,77333,Dayot Upamecano,798583,FC Bayern München,2672,1,1,7.16,1.03,1.62,8,2,11,4,44,4,0,1797,24,tackles,GER,2025-2026,datafc_sofascore,2026-08-09T01:15:33.051884
35,77333,Marco Friedl,825771,SV Werder Bremen,2534,1,0,6.88,0.68,1.08,8,2,5,4,44,9,1,2549,30,tackles,GER,2025-2026,datafc_sofascore,2026-08-09T01:15:33.051884
35,77333,Danilho Doekhi,830803,1. FC Union Berlin,2547,5,0,6.75,4.25,1.61,46,11,8,3,44,4,0,3060,34,tackles,GER,2025-2026,datafc_sofascore,2026-08-09T01:15:33.051884
35,77333,Jobe Bellingham,1134083,Borussia Dortmund,2673,0,1,6.75,1.08,1.27,19,6,9,15,44,2,1,1800,32,tackles,GER,2025-2026,datafc_sofascore,2026-08-09T01:15:33.051884
35,77333,Sebastian Sebulonsen,1020206,1. FC Köln,2671,0,0,6.42,1.55,3.07,31,5,21,18,44,5,0,2505,31,tackles,GER,2025-2026,datafc_sofascore,2026-08-09T01:15:33.051884
35,77333,Nico Elvedi,282229,Borussia M'gladbach,2527,0,2,7.01,0.45,1.27,9,0,13,1,43,5,0,2967,33,tackles,GER,2025-2026,datafc_sofascore,2026-08-09T01:15:33.051884
35,77333,Kevin Diks,583806,Borussia M'gladbach,2527,5,0,6.96,5.08,1.13,23,13,8,10,43,6,0,2467,30,tackles,GER,2025-2026,datafc_sofascore,2026-08-09T01:15:33.051884
35,77333,Ritsu Doan,790965,Eintracht Frankfurt,2674,5,5,6.85,3.36,5.62,41,15,40,34,43,5,0,2379,31,tackles,GER,2025-2026,datafc_sofascore,2026-08-09T01:15:33.051884
35,77333,Danny da Costa,97926,1. FSV Mainz 05,2556,2,3,6.83,1.6,2.91,14,5,16,15,43,3,0,2697,34,tackles,GER,2025-2026,datafc_sofascore,2026-08-09T01:15:33.051884
35,77333,Robert Andrich,168903,Bayer 04 Leverkusen,2681,2,0,6.83,0.72,1.66,12,3,12,1,43,4,1,2547,32,tackles,GER,2025-2026,datafc_sofascore,2026-08-09T01:15:33.051884
35,77333,Hauke Wahl,253469,FC St. Pauli,2526,2,1,6.76,0.61,1.42,10,4,6,2,43,1,0,2591,30,tackles,GER,2025-2026,datafc_sofascore,2026-08-09T01:15:33.051884
35,77333,Yannick Engelhardt,990209,Borussia M'gladbach,2527,2,2,6.75,2.12,1.54,21,5,14,6,43,7,0,2497,31,tackles,GER,2025-2026,datafc_sofascore,2026-08-09T01:15:33.051884
35,77333,Robin Koch,581302,Eintracht Frankfurt,2674,3,1,6.96,1.38,1.67,15,5,10,2,42,1,1,2835,32,tackles,GER,2025-2026,datafc_sofascore,2026-08-09T01:15:33.051884
35,77333,Noahkai Banks,1597260,FC Augsburg,2600,1,1,6.92,1.13,1.01,9,5,7,5,42,8,0,1738,23,tackles,GER,2025-2026,datafc_sofascore,2026-08-09T01:15:33.051884
35,77333,Atakan Karazor,801030,VfB Stuttgart,2677,0,1,6.81,0.73,1.72,7,2,12,8,42,5,1,1898,28,tackles,GER,2025-2026,datafc_sofascore,2026-08-09T01:15:33.051884
35,77333,James Sands,885892,FC St. Pauli,2526,1,0,6.75,1.0,0.73,16,4,10,2,42,4,0,1941,24,tackles,GER,2025-2026,datafc_sofascore,2026-08-09T01:15:33.051884
35,77333,Ibrahim Maza,1407524,Bayer 04 Leverkusen,2681,3,4,7.1,5.34,4.45,54,17,29,48,41,2,0,1859,28,tackles,GER,2025-2026,datafc_sofascore,2026-08-09T01:15:33.051884
35,77333,Jens Stage,830142,SV Werder Bremen,2534,10,2,6.98,6.08,3.21,56,21,26,13,41,5,0,2468,29,tackles,GER,2025-2026,datafc_sofascore,2026-08-09T01:15:33.051884
35,77333,Alexis Claude-Maurice,822877,FC Augsburg,2600,5,4,6.87,6.88,3.2,71,26,33,44,41,3,0,2107,29,tackles,GER,2025-2026,datafc_sofascore,2026-08-09T01:15:33.051884
35,77333,Han-Noah Massengo,927340,FC Augsburg,2600,2,1,6.8,1.29,1.6,20,6,17,26,41,5,0,2435,33,tackles,GER,2025-2026,datafc_sofascore,2026-08-09T01:15:33.051884
35,77333,András Schäfer,877302,1. FC Union Berlin,2547,2,1,6.68,1.97,0.87,27,10,7,9,41,2,1,1442,28,tackles,GER,2025-2026,datafc_sofascore,2026-08-09T01:15:33.051884
35,77333,Keven Schlotterbeck,891651,FC Augsburg,2600,0,1,6.96,1.37,1.09,12,3,12,10,40,5,1,2031,24,tackles,GER,2025-2026,datafc_sofascore,2026-08-09T01:15:33.051884
35,77333,Silvan Widmer,157377,1. FSV Mainz 05,2556,2,1,6.82,2.49,2.94,20,4,8,2,40,5,0,1819,27,tackles,GER,2025-2026,datafc_sofascore,2026-08-09T01:15:33.051884
35,77333,Jan-Niklas Beste,836711,SC Freiburg,2538,2,2,6.8,3.44,4.25,24,14,35,15,40,5,0,1716,28,tackles,GER,2025-2026,datafc_sofascore,2026-08-09T01:15:33.051884
35,77333,Aljoscha Kemlein,1198074,1. FC Union Berlin,2547,0,2,6.76,1.18,2.31,17,2,15,17,40,4,0,1967,30,tackles,GER,2025-2026,datafc_sofascore,2026-08-09T01:15:33.051884
35,77333,Lukas Kübler,142525,SC Freiburg,2538,2,2,6.66,3.18,1.49,19,5,11,2,40,3,0,1593,23,tackles,GER,2025-2026,datafc_sofascore,2026-08-09T01:15:33.051884
35,77333,Lars Ritzka,873347,FC St. Pauli,2526,0,0,6.59,0.43,0.6,4,1,6,0,40,1,0,970,21,tackles,GER,2025-2026,datafc_sofascore,2026-08-09T01:15:33.051884
35,77333,Olivier Deman,960114,SV Werder Bremen,2534,1,2,6.87,0.51,1.72,10,3,17,6,39,3,0,1255,16,tackles,GER,2025-2026,datafc_sofascore,2026-08-09T01:15:33.051884
35,77333,Konstantinos Koulierakis,1184855,VfL Wolfsburg,2524,4,1,6.73,3.22,1.37,26,12,14,3,39,5,0,2488,29,tackles,GER,2025-2026,datafc_sofascore,2026-08-09T01:15:33.051884
35,77333,Arkadiusz Pyrka,971481,FC St. Pauli,2526,0,1,6.65,1.07,2.02,19,3,24,16,39,3,0,2580,31,tackles,GER,2025-2026,datafc_sofascore,2026-08-09T01:15:33.051884
35,77333,Christopher Trimmel,48557,1. FC Union Berlin,2547,0,3,7.02,0.09,6.41,5,1,53,1,38,8,0,1875,29,tackles,GER,2025-2026,datafc_sofascore,2026-08-09T01:15:33.051884
35,77333,Malik Tillman,975798,Bayer 04 Leverkusen,2681,6,0,6.93,4.62,2.91,34,13,26,11,38,2,0,1689,29,tackles,GER,2025-2026,datafc_sofascore,2026-08-09T01:15:33.051884
35,77333,Christian Eriksen,105734,VfL Wolfsburg,2524,3,9,6.91,5.96,7.65,38,14,63,10,38,4,0,2419,31,tackles,GER,2025-2026,datafc_sofascore,2026-08-09T01:15:33.051884
35,77333,Daniel Svensson,1021272,Borussia Dortmund,2673,2,2,6.78,1.79,5.5,12,4,35,12,38,0,0,2452,33,tackles,GER,2025-2026,datafc_sofascore,2026-08-09T01:15:33.051884
35,77333,Marco Grüll,815612,SV Werder Bremen,2534,3,1,6.76,3.6,3.09,43,13,33,21,38,5,0,2020,33,tackles,GER,2025-2026,datafc_sofascore,2026-08-09T01:15:33.051884
35,77333,Mohamed Amoura,1107591,VfL Wolfsburg,2524,8,3,6.74,8.6,2.51,60,19,25,16,38,2,0,1935,30,tackles,GER,2025-2026,datafc_sofascore,2026-08-09T01:15:33.051884
35,77333,Jae-sung Lee,537552,1. FSV Mainz 05,2556,4,2,6.72,3.25,3.21,30,9,22,5,38,4,0,2198,28,tackles,GER,2025-2026,datafc_sofascore,2026-08-09T01:15:33.051884
35,77333,Kristoffer Lund,963043,1. FC Köln,2671,0,2,6.66,0.71,2.23,20,3,21,19,38,2,0,2289,33,tackles,GER,2025-2026,datafc_sofascore,2026-08-09T01:15:33.051884
35,77333,Mathias Pereira Lage,831400,FC St. Pauli,2526,2,2,6.57,4.33,1.47,43,15,24,15,38,3,0,2030,28,tackles,GER,2025-2026,datafc_sofascore,2026-08-09T01:15:33.051884
35,77333,Felix Nmecha,907463,Borussia Dortmund,2673,2,3,6.94,3.62,4.24,33,7,20,31,37,0,0,2184,29,tackles,GER,2025-2026,datafc_sofascore,2026-08-09T01:15:33.051884
35,77333,Xaver Schlager,791079,RB Leipzig,36360,3,1,6.94,2.11,2.51,21,7,21,22,37,6,0,1837,26,tackles,GER,2025-2026,datafc_sofascore,2026-08-09T01:15:33.051884
35,77333,Fabian Rieder,929620,FC Augsburg,2600,6,3,6.89,4.19,4.59,38,13,44,19,37,4,0,2359,32,tackles,GER,2025-2026,datafc_sofascore,2026-08-09T01:15:33.051884
35,77333,Jordan Torunarigha,801003,Hamburger SV,2676,0,0,6.78,0.37,0.91,5,1,2,6,37,3,0,1965,24,tackles,GER,2025-2026,datafc_sofascore,2026-08-09T01:15:33.051884
35,77333,Kevin Stöger,95381,Borussia M'gladbach,2527,1,1,6.77,2.46,2.88,23,7,26,3,37,3,0,1341,29,tackles,GER,2025-2026,datafc_sofascore,2026-08-09T01:15:33.051884
35,77333,Grischa Prömel,253993,TSG Hoffenheim,2569,7,2,6.86,5.09,2.98,43,14,16,6,36,5,0,1752,33,tackles,GER,2025-2026,datafc_sofascore,2026-08-09T01:15:33.051884
35,77333,Marnon Busch,168861,1. FC Heidenheim,5885,1,5,6.79,1.11,3.52,12,3,17,3,36,4,0,1912,29,tackles,GER,2025-2026,datafc_sofascore,2026-08-09T01:15:33.051884
35,77333,Yukinari Sugawara,905347,SV Werder Bremen,2534,0,6,6.52,1.85,3.06,30,11,20,11,36,2,1,2432,31,tackles,GER,2025-2026,datafc_sofascore,2026-08-09T01:15:33.051884
35,77333,Johan Manzambi,1518931,SC Freiburg,2538,5,4,7.22,3.85,5.13,51,12,20,33,35,4,2,2094,27,tackles,GER,2025-2026,datafc_sofascore,2026-08-09T01:15:33.051884
35,77333,Arthur Theate,965778,Eintracht Frankfurt,2674,1,0,6.78,1.1,1.27,15,7,12,4,35,8,0,2143,24,tackles,GER,2025-2026,datafc_sofascore,2026-08-09T01:15:33.051884
35,77333,Ramon Hendriks,916943,VfB Stuttgart,2677,0,3,6.75,0.31,1.1,5,0,6,8,35,3,0,2033,31,tackles,GER,2025-2026,datafc_sofascore,2026-08-09T01:15:33.051884
35,77333,Joakim Mæhle,842364,VfL Wolfsburg,2524,1,2,6.69,0.81,1.72,14,3,14,8,35,1,0,1231,16,tackles,GER,2025-2026,datafc_sofascore,2026-08-09T01:15:33.051884
35,77333,Nathaniel Brown,1159759,Eintracht Frankfurt,2674,4,4,6.79,2.52,2.89,18,9,34,17,81,3,0,2658,33,tackles,GER,2025-2026,datafc_sofascore,2026-08-09T01:15:33.051884
35,77333,Waldemar Anton,799046,Borussia Dortmund,2673,2,0,7.25,1.74,1.26,16,6,8,13,73,3,0,2880,32,tackles,GER,2025-2026,datafc_sofascore,2026-08-09T01:15:33.051884
35,77333,Wouter Burger,916946,TSG Hoffenheim,2569,4,5,7.08,3.46,5.35,36,13,51,4,72,7,1,2440,30,tackles,GER,2025-2026,datafc_sofascore,2026-08-09T01:15:33.051884
35,77333,Tom Krauß,930272,1. FC Köln,2671,0,2,6.92,0.37,1.46,9,2,15,9,72,4,0,1801,26,tackles,GER,2025-2026,datafc_sofascore,2026-08-09T01:15:33.051884
35,77333,Bernardo,828571,TSG Hoffenheim,2569,0,0,6.86,0.52,1.29,10,0,9,6,68,9,0,2318,29,tackles,GER,2025-2026,datafc_sofascore,2026-08-09T01:15:33.051884
35,77333,Rocco Reitz,1048650,Borussia M'gladbach,2527,0,4,6.86,2.57,4.92,47,14,28,24,68,8,1,2636,31,tackles,GER,2025-2026,datafc_sofascore,2026-08-09T01:15:33.051884
35,77333,Nicolás Capaldo,973564,Hamburger SV,2676,1,3,6.75,1.93,2.17,22,6,22,10,68,10,0,2009,26,tackles,GER,2025-2026,datafc_sofascore,2026-08-09T01:15:33.051884
35,77333,Joel Chima Fujita,1002461,FC St. Pauli,2526,1,3,6.71,1.15,3.92,31,7,30,47,68,6,0,2671,32,tackles,GER,2025-2026,datafc_sofascore,2026-08-09T01:15:33.051884
35,77333,Maximilian Mittelstädt,788949,VfB Stuttgart,2677,6,4,7.2,4.4,6.02,31,16,37,14,67,4,0,2195,32,tackles,GER,2025-2026,datafc_sofascore,2026-08-09T01:15:33.051884
35,77333,Nicolas Seiwald,976575,RB Leipzig,36360,0,2,6.9,1.83,1.89,19,7,15,8,66,2,0,2703,33,tackles,GER,2025-2026,datafc_sofascore,2026-08-09T01:15:33.051884
35,77333,Philipp Sander,939880,Borussia M'gladbach,2527,2,0,6.98,1.56,2.79,25,8,11,5,65,4,0,2454,30,tackles,GER,2025-2026,datafc_sofascore,2026-08-09T01:15:33.051884
35,77333,Maximilian Eggestein,569784,SC Freiburg,2538,3,1,6.85,3.8,1.7,44,13,19,15,64,4,0,3060,34,tackles,GER,2025-2026,datafc_sofascore,2026-08-09T01:15:33.051884
35,77333,Senne Lynen,826171,SV Werder Bremen,2534,0,0,6.79,1.11,1.65,25,4,15,6,63,4,0,2757,31,tackles,GER,2025-2026,datafc_sofascore,2026-08-09T01:15:33.051884
35,77333,Miro Muheim,798303,Hamburger SV,2676,0,4,6.93,1.19,4.25,23,7,41,21,62,7,1,2437,29,tackles,GER,2025-2026,datafc_sofascore,2026-08-09T01:15:33.051884
35,77333,Vladimír Coufal,138024,TSG Hoffenheim,2569,1,8,7.12,0.88,8.99,25,6,59,31,60,4,0,3017,34,tackles,GER,2025-2026,datafc_sofascore,2026-08-09T01:15:33.051884
35,77333,Nicolai Remberg,1064305,Hamburger SV,2676,0,2,6.93,1.03,1.41,17,8,13,14,60,11,0,2880,32,tackles,GER,2025-2026,datafc_sofascore,2026-08-09T01:15:33.051884
35,77333,Ridle Baku,856553,RB Leipzig,36360,2,3,6.87,2.56,6.05,30,6,37,13,60,4,0,2509,32,tackles,GER,2025-2026,datafc_sofascore,2026-08-09T01:15:33.051884
35,77333,Cameron Puertas,916176,SV Werder Bremen,2534,1,2,6.66,1.82,2.38,37,8,27,15,60,6,0,1878,28,tackles,GER,2025-2026,datafc_sofascore,2026-08-09T01:15:33.051884
35,77333,Niklas Dorsch,794995,1. FC Heidenheim,5885,0,1,6.88,0.59,2.64,14,3,24,12,59,2,0,2270,32,tackles,GER,2025-2026,datafc_sofascore,2026-08-09T01:15:33.051884
35,77333,Rani Khedira,149479,1. FC Union Berlin,2547,5,1,6.72,2.04,1.35,23,10,16,3,59,7,0,2835,32,tackles,GER,2025-2026,datafc_sofascore,2026-08-09T01:15:33.051884
35,77333,Albian Hajdari,1000269,TSG Hoffenheim,2569,1,2,6.98,1.73,1.62,19,4,10,2,58,10,0,2440,30,tackles,GER,2025-2026,datafc_sofascore,2026-08-09T01:15:33.051884
35,77333,Jens Castrop,1019312,Borussia M'gladbach,2527,3,1,6.69,3.73,1.69,30,12,19,25,58,2,2,1599,26,tackles,GER,2025-2026,datafc_sofascore,2026-08-09T01:15:33.051884
35,77333,Robin Fellhauer,860461,FC Augsburg,2600,3,2,6.8,2.79,2.64,30,9,31,15,57,2,0,2810,34,tackles,GER,2025-2026,datafc_sofascore,2026-08-09T01:15:33.051884
35,77333,Vinícius Souza,979290,VfL Wolfsburg,2524,0,0,6.88,0.91,0.58,9,2,8,8,55,5,0,1778,24,tackles,GER,2025-2026,datafc_sofascore,2026-08-09T01:15:33.051884
35,77333,Christoph Baumgartner,825956,RB Leipzig,36360,13,8,6.93,15.1,3.94,81,35,37,13,54,10,0,2789,33,tackles,GER,2025-2026,datafc_sofascore,2026-08-09T01:15:33.051884
35,77333,Kaishu Sano,1028307,1. FSV Mainz 05,2556,1,2,7.02,1.36,3.4,24,6,25,28,52,1,0,3059,34,tackles,GER,2025-2026,datafc_sofascore,2026-08-09T01:15:33.051884
35,77333,Leopold Querfeld,1086547,1. FC Union Berlin,2547,3,0,6.87,3.69,1.77,29,10,21,4,52,6,0,2704,31,tackles,GER,2025-2026,datafc_sofascore,2026-08-09T01:15:33.051884
35,77333,Nico Schlotterbeck,940871,Borussia Dortmund,2673,5,1,7.67,3.72,2.69,32,9,12,15,50,8,0,2520,28,tackles,GER,2025-2026,datafc_sofascore,2026-08-09T01:15:33.051884
35,77333,Paul Nebel,980621,1. FSV Mainz 05,2556,5,2,6.61,5.26,3.77,32,8,41,20,50,2,2,2081,30,tackles,GER,2025-2026,datafc_sofascore,2026-08-09T01:15:33.051884
35,77333,Alejandro Grimaldo,177177,Bayer 04 Leverkusen,2681,8,8,7.31,6.65,10.13,60,21,70,25,49,5,0,2524,29,tackles,GER,2025-2026,datafc_sofascore,2026-08-09T01:15:33.051884
35,77333,Angelo Stiller,901882,VfB Stuttgart,2677,2,5,7.25,3.08,7.46,17,8,56,14,49,1,0,2750,34,tackles,GER,2025-2026,datafc_sofascore,2026-08-09T01:15:33.051884
35,77333,Nnamdi Collins,1048569,Eintracht Frankfurt,2674,1,2,6.69,0.45,0.46,4,1,3,11,49,4,0,1508,23,tackles,GER,2025-2026,datafc_sofascore,2026-08-09T01:15:33.051884
35,77333,David Raum,856076,RB Leipzig,36360,3,7,7.33,2.2,12.39,24,8,98,16,48,6,0,2556,30,tackles,GER,2025-2026,datafc_sofascore,2026-08-09T01:15:33.051884
35,77333,Dominik Kohr,152206,1. FSV Mainz 05,2556,2,0,6.79,1.57,2.07,15,4,10,5,48,9,2,2345,29,tackles,GER,2025-2026,datafc_sofascore,2026-08-09T01:15:33.051884
35,77333,Joe Scally,1002920,Borussia M'gladbach,2527,2,3,6.63,1.27,1.86,16,10,18,24,48,8,0,2611,32,tackles,GER,2025-2026,datafc_sofascore,2026-08-09T01:15:33.051884
35,77333,Willi Orbán,136924,RB Leipzig,36360,2,0,7.22,2.38,1.05,20,9,11,6,47,4,0,2950,33,tackles,GER,2025-2026,datafc_sofascore,2026-08-09T01:15:33.051884
35,77333,Leon Avdullahu,1493305,TSG Hoffenheim,2569,0,1,7.03,0.59,2.48,14,2,22,8,47,5,0,2838,33,tackles,GER,2025-2026,datafc_sofascore,2026-08-09T01:15:33.051884
35,77333,Patrick Wimmer,987504,VfL Wolfsburg,2524,4,3,6.88,3.12,2.19,24,8,16,38,47,4,0,1634,25,tackles,GER,2025-2026,datafc_sofascore,2026-08-09T01:15:33.051884
35,77333,Rasmus Kristensen,921789,Eintracht Frankfurt,2674,2,0,6.96,0.68,1.17,15,6,8,14,46,4,1,1563,22,tackles,GER,2025-2026,datafc_sofascore,2026-08-09T01:15:33.051884
35,77333,Stefan Posch,355486,1. FSV Mainz 05,2556,0,0,6.95,0.48,1.24,11,3,8,4,46,4,0,1395,16,tackles,GER,2025-2026,datafc_sofascore,2026-08-09T01:15:33.051884
35,77333,Romano Schmid,830127,SV Werder Bremen,2534,4,8,6.91,7.83,10.44,57,21,89,37,46,4,0,2988,34,tackles,GER,2025-2026,datafc_sofascore,2026-08-09T01:15:33.051884
35,77333,Eric Martel,988639,1. FC Köln,2671,2,2,6.84,2.5,1.17,23,4,15,2,46,10,1,2564,31,tackles,GER,2025-2026,datafc_sofascore,2026-08-09T01:15:33.051884
35,77333,Konrad Laimer,355492,FC Bayern München,2672,3,9,6.81,2.42,5.21,17,8,45,14,46,9,0,1997,29,tackles,GER,2025-2026,datafc_sofascore,2026-08-09T01:15:33.051884
35,77333,Adam Dźwigała,252343,FC St. Pauli,2526,1,1,6.74,0.14,0.32,4,2,5,3,46,5,0,1295,19,tackles,GER,2025-2026,datafc_sofascore,2026-08-09T01:15:33.051884
35,77333,Jonas Föhrenbach,311676,1. FC Heidenheim,5885,1,1,6.6,0.55,2.71,5,1,21,2,46,3,0,2327,27,tackles,GER,2025-2026,datafc_sofascore,2026-08-09T01:15:33.051884
35,77333,Jakub Kamiński,801263,1. FC Köln,2671,7,3,7.1,7.06,6.41,63,26,52,24,45,4,0,3019,34,tackles,GER,2025-2026,datafc_sofascore,2026-08-09T01:15:33.051884
35,77333,Patrick Mainka,254429,1. FC Heidenheim,5885,2,2,6.85,3.49,1.36,37,9,10,4,45,1,0,3060,34,tackles,GER,2025-2026,datafc_sofascore,2026-08-09T01:15:33.051884
35,77333,Philipp Treu,979820,SC Freiburg,2538,1,2,6.66,1.19,1.71,17,5,20,15,45,2,0,2194,28,tackles,GER,2025-2026,datafc_sofascore,2026-08-09T01:15:33.051884
35,77333,Saël Kumbedi,1155226,VfL Wolfsburg,2524,0,5,6.51,0.39,2.69,5,0,17,16,45,2,0,1805,24,tackles,GER,2025-2026,datafc_sofascore,2026-08-09T01:15:33.051884
35,77333,Dayot Upamecano,798583,FC Bayern München,2672,1,1,7.16,1.03,1.62,8,2,11,4,44,4,0,1797,24,tackles,GER,2025-2026,datafc_sofascore,2026-08-09T01:15:33.051884
35,77333,Marco Friedl,825771,SV Werder Bremen,2534,1,0,6.88,0.68,1.08,8,2,5,4,44,9,1,2549,30,tackles,GER,2025-2026,datafc_sofascore,2026-08-09T01:15:33.051884
35,77333,Danilho Doekhi,830803,1. FC Union Berlin,2547,5,0,6.75,4.25,1.61,46,11,8,3,44,4,0,3060,34,tackles,GER,2025-2026,datafc_sofascore,2026-08-09T01:15:33.051884
35,77333,Jobe Bellingham,1134083,Borussia Dortmund,2673,0,1,6.75,1.08,1.27,19,6,9,15,44,2,1,1800,32,tackles,GER,2025-2026,datafc_sofascore,2026-08-09T01:15:33.051884
35,77333,Sebastian Sebulonsen,1020206,1. FC Köln,2671,0,0,6.42,1.55,3.07,31,5,21,18,44,5,0,2505,31,tackles,GER,2025-2026,datafc_sofascore,2026-08-09T01:15:33.051884
35,77333,Nico Elvedi,282229,Borussia M'gladbach,2527,0,2,7.01,0.45,1.27,9,0,13,1,43,5,0,2967,33,tackles,GER,2025-2026,datafc_sofascore,2026-08-09T01:15:33.051884
35,77333,Kevin Diks,583806,Borussia M'gladbach,2527,5,0,6.96,5.08,1.13,23,13,8,10,43,6,0,2467,30,tackles,GER,2025-2026,datafc_sofascore,2026-08-09T01:15:33.051884
35,77333,Ritsu Doan,790965,Eintracht Frankfurt,2674,5,5,6.85,3.36,5.62,41,15,40,34,43,5,0,2379,31,tackles,GER,2025-2026,datafc_sofascore,2026-08-09T01:15:33.051884
35,77333,Danny da Costa,97926,1. FSV Mainz 05,2556,2,3,6.83,1.6,2.91,14,5,16,15,43,3,0,2697,34,tackles,GER,2025-2026,datafc_sofascore,2026-08-09T01:15:33.051884
35,77333,Robert Andrich,168903,Bayer 04 Leverkusen,2681,2,0,6.83,0.72,1.66,12,3,12,1,43,4,1,2547,32,tackles,GER,2025-2026,datafc_sofascore,2026-08-09T01:15:33.051884
35,77333,Hauke Wahl,253469,FC St. Pauli,2526,2,1,6.76,0.61,1.42,10,4,6,2,43,1,0,2591,30,tackles,GER,2025-2026,datafc_sofascore,2026-08-09T01:15:33.051884
35,77333,Yannick Engelhardt,990209,Borussia M'gladbach,2527,2,2,6.75,2.12,1.54,21,5,14,6,43,7,0,2497,31,tackles,GER,2025-2026,datafc_sofascore,2026-08-09T01:15:33.051884
35,77333,Robin Koch,581302,Eintracht Frankfurt,2674,3,1,6.96,1.38,1.67,15,5,10,2,42,1,1,2835,32,tackles,GER,2025-2026,datafc_sofascore,2026-08-09T01:15:33.051884
35,77333,Noahkai Banks,1597260,FC Augsburg,2600,1,1,6.92,1.13,1.01,9,5,7,5,42,8,0,1738,23,tackles,GER,2025-2026,datafc_sofascore,2026-08-09T01:15:33.051884
35,77333,Atakan Karazor,801030,VfB Stuttgart,2677,0,1,6.81,0.73,1.72,7,2,12,8,42,5,1,1898,28,tackles,GER,2025-2026,datafc_sofascore,2026-08-09T01:15:33.051884
35,77333,James Sands,885892,FC St. Pauli,2526,1,0,6.75,1.0,0.73,16,4,10,2,42,4,0,1941,24,tackles,GER,2025-2026,datafc_sofascore,2026-08-09T01:15:33.051884
35,77333,Ibrahim Maza,1407524,Bayer 04 Leverkusen,2681,3,4,7.1,5.34,4.45,54,17,29,48,41,2,0,1859,28,tackles,GER,2025-2026,datafc_sofascore,2026-08-09T01:15:33.051884
35,77333,Jens Stage,830142,SV Werder Bremen,2534,10,2,6.98,6.08,3.21,56,21,26,13,41,5,0,2468,29,tackles,GER,2025-2026,datafc_sofascore,2026-08-09T01:15:33.051884
35,77333,Alexis Claude-Maurice,822877,FC Augsburg,2600,5,4,6.87,6.88,3.2,71,26,33,44,41,3,0,2107,29,tackles,GER,2025-2026,datafc_sofascore,2026-08-09T01:15:33.051884
35,77333,Han-Noah Massengo,927340,FC Augsburg,2600,2,1,6.8,1.29,1.6,20,6,17,26,41,5,0,2435,33,tackles,GER,2025-2026,datafc_sofascore,2026-08-09T01:15:33.051884
35,77333,András Schäfer,877302,1. FC Union Berlin,2547,2,1,6.68,1.97,0.87,27,10,7,9,41,2,1,1442,28,tackles,GER,2025-2026,datafc_sofascore,2026-08-09T01:15:33.051884
35,77333,Keven Schlotterbeck,891651,FC Augsburg,2600,0,1,6.96,1.37,1.09,12,3,12,10,40,5,1,2031,24,tackles,GER,2025-2026,datafc_sofascore,2026-08-09T01:15:33.051884
35,77333,Silvan Widmer,157377,1. FSV Mainz 05,2556,2,1,6.82,2.49,2.94,20,4,8,2,40,5,0,1819,27,tackles,GER,2025-2026,datafc_sofascore,2026-08-09T01:15:33.051884
35,77333,Jan-Niklas Beste,836711,SC Freiburg,2538,2,2,6.8,3.44,4.25,24,14,35,15,40,5,0,1716,28,tackles,GER,2025-2026,datafc_sofascore,2026-08-09T01:15:33.051884
35,77333,Aljoscha Kemlein,1198074,1. FC Union Berlin,2547,0,2,6.76,1.18,2.31,17,2,15,17,40,4,0,1967,30,tackles,GER,2025-2026,datafc_sofascore,2026-08-09T01:15:33.051884
35,77333,Lukas Kübler,142525,SC Freiburg,2538,2,2,6.66,3.18,1.49,19,5,11,2,40,3,0,1593,23,tackles,GER,2025-2026,datafc_sofascore,2026-08-09T01:15:33.051884
35,77333,Lars Ritzka,873347,FC St. Pauli,2526,0,0,6.59,0.43,0.6,4,1,6,0,40,1,0,970,21,tackles,GER,2025-2026,datafc_sofascore,2026-08-09T01:15:33.051884
35,77333,Olivier Deman,960114,SV Werder Bremen,2534,1,2,6.87,0.51,1.72,10,3,17,6,39,3,0,1255,16,tackles,GER,2025-2026,datafc_sofascore,2026-08-09T01:15:33.051884
35,77333,Konstantinos Koulierakis,1184855,VfL Wolfsburg,2524,4,1,6.73,3.22,1.37,26,12,14,3,39,5,0,2488,29,tackles,GER,2025-2026,datafc_sofascore,2026-08-09T01:15:33.051884
35,77333,Arkadiusz Pyrka,971481,FC St. Pauli,2526,0,1,6.65,1.07,2.02,19,3,24,16,39,3,0,2580,31,tackles,GER,2025-2026,datafc_sofascore,2026-08-09T01:15:33.051884
35,77333,Christopher Trimmel,48557,1. FC Union Berlin,2547,0,3,7.02,0.09,6.41,5,1,53,1,38,8,0,1875,29,tackles,GER,2025-2026,datafc_sofascore,2026-08-09T01:15:33.051884
35,77333,Malik Tillman,975798,Bayer 04 Leverkusen,2681,6,0,6.93,4.62,2.91,34,13,26,11,38,2,0,1689,29,tackles,GER,2025-2026,datafc_sofascore,2026-08-09T01:15:33.051884
35,77333,Christian Eriksen,105734,VfL Wolfsburg,2524,3,9,6.91,5.96,7.65,38,14,63,10,38,4,0,2419,31,tackles,GER,2025-2026,datafc_sofascore,2026-08-09T01:15:33.051884
35,77333,Daniel Svensson,1021272,Borussia Dortmund,2673,2,2,6.78,1.79,5.5,12,4,35,12,38,0,0,2452,33,tackles,GER,2025-2026,datafc_sofascore,2026-08-09T01:15:33.051884
35,77333,Marco Grüll,815612,SV Werder Bremen,2534,3,1,6.76,3.6,3.09,43,13,33,21,38,5,0,2020,33,tackles,GER,2025-2026,datafc_sofascore,2026-08-09T01:15:33.051884
35,77333,Mohamed Amoura,1107591,VfL Wolfsburg,2524,8,3,6.74,8.6,2.51,60,19,25,16,38,2,0,1935,30,tackles,GER,2025-2026,datafc_sofascore,2026-08-09T01:15:33.051884
35,77333,Jae-sung Lee,537552,1. FSV Mainz 05,2556,4,2,6.72,3.25,3.21,30,9,22,5,38,4,0,2198,28,tackles,GER,2025-2026,datafc_sofascore,2026-08-09T01:15:33.051884
35,77333,Kristoffer Lund,963043,1. FC Köln,2671,0,2,6.66,0.71,2.23,20,3,21,19,38,2,0,2289,33,tackles,GER,2025-2026,datafc_sofascore,2026-08-09T01:15:33.051884
35,77333,Mathias Pereira Lage,831400,FC St. Pauli,2526,2,2,6.57,4.33,1.47,43,15,24,15,38,3,0,2030,28,tackles,GER,2025-2026,datafc_sofascore,2026-08-09T01:15:33.051884
35,77333,Felix Nmecha,907463,Borussia Dortmund,2673,2,3,6.94,3.62,4.24,33,7,20,31,37,0,0,2184,29,tackles,GER,2025-2026,datafc_sofascore,2026-08-09T01:15:33.051884
35,77333,Xaver Schlager,791079,RB Leipzig,36360,3,1,6.94,2.11,2.51,21,7,21,22,37,6,0,1837,26,tackles,GER,2025-2026,datafc_sofascore,2026-08-09T01:15:33.051884
35,77333,Fabian Rieder,929620,FC Augsburg,2600,6,3,6.89,4.19,4.59,38,13,44,19,37,4,0,2359,32,tackles,GER,2025-2026,datafc_sofascore,2026-08-09T01:15:33.051884
35,77333,Jordan Torunarigha,801003,Hamburger SV,2676,0,0,6.78,0.37,0.91,5,1,2,6,37,3,0,1965,24,tackles,GER,2025-2026,datafc_sofascore,2026-08-09T01:15:33.051884
35,77333,Kevin Stöger,95381,Borussia M'gladbach,2527,1,1,6.77,2.46,2.88,23,7,26,3,37,3,0,1341,29,tackles,GER,2025-2026,datafc_sofascore,2026-08-09T01:15:33.051884
35,77333,Grischa Prömel,253993,TSG Hoffenheim,2569,7,2,6.86,5.09,2.98,43,14,16,6,36,5,0,1752,33,tackles,GER,2025-2026,datafc_sofascore,2026-08-09T01:15:33.051884
35,77333,Marnon Busch,168861,1. FC Heidenheim,5885,1,5,6.79,1.11,3.52,12,3,17,3,36,4,0,1912,29,tackles,GER,2025-2026,datafc_sofascore,2026-08-09T01:15:33.051884
35,77333,Yukinari Sugawara,905347,SV Werder Bremen,2534,0,6,6.52,1.85,3.06,30,11,20,11,36,2,1,2432,31,tackles,GER,2025-2026,datafc_sofascore,2026-08-09T01:15:33.051884
35,77333,Johan Manzambi,1518931,SC Freiburg,2538,5,4,7.22,3.85,5.13,51,12,20,33,35,4,2,2094,27,tackles,GER,2025-2026,datafc_sofascore,2026-08-09T01:15:33.051884
35,77333,Arthur Theate,965778,Eintracht Frankfurt,2674,1,0,6.78,1.1,1.27,15,7,12,4,35,8,0,2143,24,tackles,GER,2025-2026,datafc_sofascore,2026-08-09T01:15:33.051884
35,77333,Ramon Hendriks,916943,VfB Stuttgart,2677,0,3,6.75,0.31,1.1,5,0,6,8,35,3,0,2033,31,tackles,GER,2025-2026,datafc_sofascore,2026-08-09T01:15:33.051884
35,77333,Joakim Mæhle,842364,VfL Wolfsburg,2524,1,2,6.69,0.81,1.72,14,3,14,8,35,1,0,1231,16,tackles,GER,2025-2026,datafc_sofascore,2026-08-09T01:15:33.051884
35,77333,Senne Lynen,826171,SV Werder Bremen,2534,0,0,6.79,1.11,1.65,25,4,15,6,63,4,0,2757,31,interceptions,GER,2025-2026,datafc_sofascore,2026-08-09T01:15:33.051884
35,77333,Kaishu Sano,1028307,1. FSV Mainz 05,2556,1,2,7.02,1.36,3.4,24,6,25,28,52,1,0,3059,34,interceptions,GER,2025-2026,datafc_sofascore,2026-08-09T01:15:33.051884
35,77333,Nicolas Seiwald,976575,RB Leipzig,36360,0,2,6.9,1.83,1.89,19,7,15,8,66,2,0,2703,33,interceptions,GER,2025-2026,datafc_sofascore,2026-08-09T01:15:33.051884
35,77333,Philipp Sander,939880,Borussia M'gladbach,2527,2,0,6.98,1.56,2.79,25,8,11,5,65,4,0,2454,30,interceptions,GER,2025-2026,datafc_sofascore,2026-08-09T01:15:33.051884
35,77333,Rocco Reitz,1048650,Borussia M'gladbach,2527,0,4,6.86,2.57,4.92,47,14,28,24,68,8,1,2636,31,interceptions,GER,2025-2026,datafc_sofascore,2026-08-09T01:15:33.051884
35,77333,Robin Koch,581302,Eintracht Frankfurt,2674,3,1,6.96,1.38,1.67,15,5,10,2,42,1,1,2835,32,interceptions,GER,2025-2026,datafc_sofascore,2026-08-09T01:15:33.051884
35,77333,Dominik Kohr,152206,1. FSV Mainz 05,2556,2,0,6.79,1.57,2.07,15,4,10,5,48,9,2,2345,29,interceptions,GER,2025-2026,datafc_sofascore,2026-08-09T01:15:33.051884
35,77333,Diogo Leite,855663,1. FC Union Berlin,2547,0,0,6.77,1.21,1.08,10,1,9,6,33,4,0,1970,23,interceptions,GER,2025-2026,datafc_sofascore,2026-08-09T01:15:33.051884
35,77333,Willi Orbán,136924,RB Leipzig,36360,2,0,7.22,2.38,1.05,20,9,11,6,47,4,0,2950,33,interceptions,GER,2025-2026,datafc_sofascore,2026-08-09T01:15:33.051884
35,77333,Albian Hajdari,1000269,TSG Hoffenheim,2569,1,2,6.98,1.73,1.62,19,4,10,2,58,10,0,2440,30,interceptions,GER,2025-2026,datafc_sofascore,2026-08-09T01:15:33.051884
35,77333,Nicolai Remberg,1064305,Hamburger SV,2676,0,2,6.93,1.03,1.41,17,8,13,14,60,11,0,2880,32,interceptions,GER,2025-2026,datafc_sofascore,2026-08-09T01:15:33.051884
35,77333,James Sands,885892,FC St. Pauli,2526,1,0,6.75,1.0,0.73,16,4,10,2,42,4,0,1941,24,interceptions,GER,2025-2026,datafc_sofascore,2026-08-09T01:15:33.051884
35,77333,Nico Elvedi,282229,Borussia M'gladbach,2527,0,2,7.01,0.45,1.27,9,0,13,1,43,5,0,2967,33,interceptions,GER,2025-2026,datafc_sofascore,2026-08-09T01:15:33.051884
35,77333,Luka Vušković,1405212,Hamburger SV,2676,6,0,7.28,4.22,1.46,32,10,11,8,22,6,0,2441,28,interceptions,GER,2025-2026,datafc_sofascore,2026-08-09T01:15:33.051884
35,77333,Bernardo,828571,TSG Hoffenheim,2569,0,0,6.86,0.52,1.29,10,0,9,6,68,9,0,2318,29,interceptions,GER,2025-2026,datafc_sofascore,2026-08-09T01:15:33.051884
35,77333,Danilho Doekhi,830803,1. FC Union Berlin,2547,5,0,6.75,4.25,1.61,46,11,8,3,44,4,0,3060,34,interceptions,GER,2025-2026,datafc_sofascore,2026-08-09T01:15:33.051884
35,77333,Kim Min-jae,896569,FC Bayern München,2672,1,1,7.23,0.62,1.41,5,3,5,1,22,1,0,1621,25,interceptions,GER,2025-2026,datafc_sofascore,2026-08-09T01:15:33.051884
35,77333,Lukas Kübler,142525,SC Freiburg,2538,2,2,6.66,3.18,1.49,19,5,11,2,40,3,0,1593,23,interceptions,GER,2025-2026,datafc_sofascore,2026-08-09T01:15:33.051884
35,77333,Han-Noah Massengo,927340,FC Augsburg,2600,2,1,6.8,1.29,1.6,20,6,17,26,41,5,0,2435,33,interceptions,GER,2025-2026,datafc_sofascore,2026-08-09T01:15:33.051884
35,77333,Jobe Bellingham,1134083,Borussia Dortmund,2673,0,1,6.75,1.08,1.27,19,6,9,15,44,2,1,1800,32,interceptions,GER,2025-2026,datafc_sofascore,2026-08-09T01:15:33.051884
35,77333,Maximilian Mittelstädt,788949,VfB Stuttgart,2677,6,4,7.2,4.4,6.02,31,16,37,14,67,4,0,2195,32,interceptions,GER,2025-2026,datafc_sofascore,2026-08-09T01:15:33.051884
35,77333,Vladimír Coufal,138024,TSG Hoffenheim,2569,1,8,7.12,0.88,8.99,25,6,59,31,60,4,0,3017,34,interceptions,GER,2025-2026,datafc_sofascore,2026-08-09T01:15:33.051884
35,77333,Konstantinos Koulierakis,1184855,VfL Wolfsburg,2524,4,1,6.73,3.22,1.37,26,12,14,3,39,5,0,2488,29,interceptions,GER,2025-2026,datafc_sofascore,2026-08-09T01:15:33.051884
35,77333,Rani Khedira,149479,1. FC Union Berlin,2547,5,1,6.72,2.04,1.35,23,10,16,3,59,7,0,2835,32,interceptions,GER,2025-2026,datafc_sofascore,2026-08-09T01:15:33.051884
35,77333,Jeff Chabot,863271,VfB Stuttgart,2677,0,0,7.11,1.13,0.85,18,7,7,4,34,3,0,2296,27,interceptions,GER,2025-2026,datafc_sofascore,2026-08-09T01:15:33.051884
35,77333,Leopold Querfeld,1086547,1. FC Union Berlin,2547,3,0,6.87,3.69,1.77,29,10,21,4,52,6,0,2704,31,interceptions,GER,2025-2026,datafc_sofascore,2026-08-09T01:15:33.051884
35,77333,Marco Friedl,825771,SV Werder Bremen,2534,1,0,6.88,0.68,1.08,8,2,5,4,44,9,1,2549,30,interceptions,GER,2025-2026,datafc_sofascore,2026-08-09T01:15:33.051884
35,77333,Patrick Mainka,254429,1. FC Heidenheim,5885,2,2,6.85,3.49,1.36,37,9,10,4,45,1,0,3060,34,interceptions,GER,2025-2026,datafc_sofascore,2026-08-09T01:15:33.051884
35,77333,Eric Martel,988639,1. FC Köln,2671,2,2,6.84,2.5,1.17,23,4,15,2,46,10,1,2564,31,interceptions,GER,2025-2026,datafc_sofascore,2026-08-09T01:15:33.051884
35,77333,Nicolás Capaldo,973564,Hamburger SV,2676,1,3,6.75,1.93,2.17,22,6,22,10,68,10,0,2009,26,interceptions,GER,2025-2026,datafc_sofascore,2026-08-09T01:15:33.051884
35,77333,Leon Avdullahu,1493305,TSG Hoffenheim,2569,0,1,7.03,0.59,2.48,14,2,22,8,47,5,0,2838,33,interceptions,GER,2025-2026,datafc_sofascore,2026-08-09T01:15:33.051884
35,77333,Yannick Engelhardt,990209,Borussia M'gladbach,2527,2,2,6.75,2.12,1.54,21,5,14,6,43,7,0,2497,31,interceptions,GER,2025-2026,datafc_sofascore,2026-08-09T01:15:33.051884
35,77333,Jan Schöppner,933707,1. FC Heidenheim,5885,3,3,6.62,2.15,1.36,25,7,14,11,32,5,0,2260,31,interceptions,GER,2025-2026,datafc_sofascore,2026-08-09T01:15:33.051884
35,77333,Keven Schlotterbeck,891651,FC Augsburg,2600,0,1,6.96,1.37,1.09,12,3,12,10,40,5,1,2031,24,interceptions,GER,2025-2026,datafc_sofascore,2026-08-09T01:15:33.051884
35,77333,Robert Andrich,168903,Bayer 04 Leverkusen,2681,2,0,6.83,0.72,1.66,12,3,12,1,43,4,1,2547,32,interceptions,GER,2025-2026,datafc_sofascore,2026-08-09T01:15:33.051884
35,77333,Joel Chima Fujita,1002461,FC St. Pauli,2526,1,3,6.71,1.15,3.92,31,7,30,47,68,6,0,2671,32,interceptions,GER,2025-2026,datafc_sofascore,2026-08-09T01:15:33.051884
35,77333,Chema Andrés,1464641,VfB Stuttgart,2677,3,0,6.95,1.4,1.15,15,6,15,2,30,5,0,1327,25,interceptions,GER,2025-2026,datafc_sofascore,2026-08-09T01:15:33.051884
35,77333,Marnon Busch,168861,1. FC Heidenheim,5885,1,5,6.79,1.11,3.52,12,3,17,3,36,4,0,1912,29,interceptions,GER,2025-2026,datafc_sofascore,2026-08-09T01:15:33.051884
35,77333,Ridle Baku,856553,RB Leipzig,36360,2,3,6.87,2.56,6.05,30,6,37,13,60,4,0,2509,32,interceptions,GER,2025-2026,datafc_sofascore,2026-08-09T01:15:33.051884
35,77333,Hugo Larsson,1142211,Eintracht Frankfurt,2674,2,2,6.76,1.47,1.4,13,6,19,4,19,0,0,1824,25,interceptions,GER,2025-2026,datafc_sofascore,2026-08-09T01:15:33.051884
35,77333,David Raum,856076,RB Leipzig,36360,3,7,7.33,2.2,12.39,24,8,98,16,48,6,0,2556,30,interceptions,GER,2025-2026,datafc_sofascore,2026-08-09T01:15:33.051884
35,77333,Angelo Stiller,901882,VfB Stuttgart,2677,2,5,7.25,3.08,7.46,17,8,56,14,49,1,0,2750,34,interceptions,GER,2025-2026,datafc_sofascore,2026-08-09T01:15:33.051884
35,77333,Waldemar Anton,799046,Borussia Dortmund,2673,2,0,7.25,1.74,1.26,16,6,8,13,73,3,0,2880,32,interceptions,GER,2025-2026,datafc_sofascore,2026-08-09T01:15:33.051884
35,77333,Castello Lukeba,976421,RB Leipzig,36360,1,0,7.07,1.16,0.77,8,2,7,22,31,3,0,2177,26,interceptions,GER,2025-2026,datafc_sofascore,2026-08-09T01:15:33.051884
35,77333,Maximilian Eggestein,569784,SC Freiburg,2538,3,1,6.85,3.8,1.7,44,13,19,15,64,4,0,3060,34,interceptions,GER,2025-2026,datafc_sofascore,2026-08-09T01:15:33.051884
35,77333,Danny da Costa,97926,1. FSV Mainz 05,2556,2,3,6.83,1.6,2.91,14,5,16,15,43,3,0,2697,34,interceptions,GER,2025-2026,datafc_sofascore,2026-08-09T01:15:33.051884
35,77333,Chrislain Matsima,963198,FC Augsburg,2600,1,1,6.81,0.42,0.44,7,1,4,1,19,5,0,1494,18,interceptions,GER,2025-2026,datafc_sofascore,2026-08-09T01:15:33.051884
35,77333,Arthur Theate,965778,Eintracht Frankfurt,2674,1,0,6.78,1.1,1.27,15,7,12,4,35,8,0,2143,24,interceptions,GER,2025-2026,datafc_sofascore,2026-08-09T01:15:33.051884
35,77333,Jordan Torunarigha,801003,Hamburger SV,2676,0,0,6.78,0.37,0.91,5,1,2,6,37,3,0,1965,24,interceptions,GER,2025-2026,datafc_sofascore,2026-08-09T01:15:33.051884
35,77333,Hauke Wahl,253469,FC St. Pauli,2526,2,1,6.76,0.61,1.42,10,4,6,2,43,1,0,2591,30,interceptions,GER,2025-2026,datafc_sofascore,2026-08-09T01:15:33.051884
35,77333,Jonas Föhrenbach,311676,1. FC Heidenheim,5885,1,1,6.6,0.55,2.71,5,1,21,2,46,3,0,2327,27,interceptions,GER,2025-2026,datafc_sofascore,2026-08-09T01:15:33.051884
35,77333,Tom Krauß,930272,1. FC Köln,2671,0,2,6.92,0.37,1.46,9,2,15,9,72,4,0,1801,26,interceptions,GER,2025-2026,datafc_sofascore,2026-08-09T01:15:33.051884
35,77333,Nico Schlotterbeck,940871,Borussia Dortmund,2673,5,1,7.67,3.72,2.69,32,9,12,15,50,8,0,2520,28,interceptions,GER,2025-2026,datafc_sofascore,2026-08-09T01:15:33.051884
35,77333,Johan Manzambi,1518931,SC Freiburg,2538,5,4,7.22,3.85,5.13,51,12,20,33,35,4,2,2094,27,interceptions,GER,2025-2026,datafc_sofascore,2026-08-09T01:15:33.051884
35,77333,Felix Nmecha,907463,Borussia Dortmund,2673,2,3,6.94,3.62,4.24,33,7,20,31,37,0,0,2184,29,interceptions,GER,2025-2026,datafc_sofascore,2026-08-09T01:15:33.051884
35,77333,Miro Muheim,798303,Hamburger SV,2676,0,4,6.93,1.19,4.25,23,7,41,21,62,7,1,2437,29,interceptions,GER,2025-2026,datafc_sofascore,2026-08-09T01:15:33.051884
35,77333,Jarell Quansah,1003339,Bayer 04 Leverkusen,2681,4,0,6.88,2.84,1.29,18,8,11,14,28,9,0,2308,28,interceptions,GER,2025-2026,datafc_sofascore,2026-08-09T01:15:33.051884
35,77333,Vinícius Souza,979290,VfL Wolfsburg,2524,0,0,6.88,0.91,0.58,9,2,8,8,55,5,0,1778,24,interceptions,GER,2025-2026,datafc_sofascore,2026-08-09T01:15:33.051884
35,77333,Jackson Irvine,181581,FC St. Pauli,2526,0,1,6.71,1.44,1.34,19,4,11,10,34,0,1,1632,24,interceptions,GER,2025-2026,datafc_sofascore,2026-08-09T01:15:33.051884
35,77333,Warmed Omari,999030,Hamburger SV,2676,0,1,6.66,0.12,0.28,3,1,8,6,22,0,0,1607,20,interceptions,GER,2025-2026,datafc_sofascore,2026-08-09T01:15:33.051884
35,77333,Jonathan Tah,227672,FC Bayern München,2672,2,1,7.24,0.71,1.73,8,5,5,3,24,7,0,2024,28,interceptions,GER,2025-2026,datafc_sofascore,2026-08-09T01:15:33.051884
35,77333,Leon Goretzka,184661,FC Bayern München,2672,5,3,7.13,4.8,3.81,35,11,22,11,29,4,0,1954,31,interceptions,GER,2025-2026,datafc_sofascore,2026-08-09T01:15:33.051884
35,77333,Nathaniel Brown,1159759,Eintracht Frankfurt,2674,4,4,6.79,2.52,2.89,18,9,34,17,81,3,0,2658,33,interceptions,GER,2025-2026,datafc_sofascore,2026-08-09T01:15:33.051884
35,77333,Ellyes Skhiri,591706,Eintracht Frankfurt,2674,0,0,6.69,0.64,0.73,8,0,7,7,20,1,1,1450,25,interceptions,GER,2025-2026,datafc_sofascore,2026-08-09T01:15:33.051884
35,77333,Aurèle Amenda,999276,Eintracht Frankfurt,2674,0,0,6.67,0.77,0.88,10,2,6,2,15,5,0,1685,24,interceptions,GER,2025-2026,datafc_sofascore,2026-08-09T01:15:33.051884
35,77333,Kristoffer Lund,963043,1. FC Köln,2671,0,2,6.66,0.71,2.23,20,3,21,19,38,2,0,2289,33,interceptions,GER,2025-2026,datafc_sofascore,2026-08-09T01:15:33.051884
35,77333,Joshua Kimmich,259117,FC Bayern München,2672,2,8,7.71,2.65,10.24,28,10,58,11,32,4,0,2280,29,interceptions,GER,2025-2026,datafc_sofascore,2026-08-09T01:15:33.051884
35,77333,Amos Pieper,851254,SV Werder Bremen,2534,0,0,7.03,0.42,0.51,9,3,2,0,31,4,0,1504,19,interceptions,GER,2025-2026,datafc_sofascore,2026-08-09T01:15:33.051884
35,77333,Patrick Wimmer,987504,VfL Wolfsburg,2524,4,3,6.88,3.12,2.19,24,8,16,38,47,4,0,1634,25,interceptions,GER,2025-2026,datafc_sofascore,2026-08-09T01:15:33.051884
35,77333,Ozan Kabak,857740,TSG Hoffenheim,2569,4,0,6.88,4.33,0.84,36,12,8,6,20,5,0,1763,25,interceptions,GER,2025-2026,datafc_sofascore,2026-08-09T01:15:33.051884
35,77333,Jae-sung Lee,537552,1. FSV Mainz 05,2556,4,2,6.72,3.25,3.21,30,9,22,5,38,4,0,2198,28,interceptions,GER,2025-2026,datafc_sofascore,2026-08-09T01:15:33.051884
35,77333,Nnamdi Collins,1048569,Eintracht Frankfurt,2674,1,2,6.69,0.45,0.46,4,1,3,11,49,4,0,1508,23,interceptions,GER,2025-2026,datafc_sofascore,2026-08-09T01:15:33.051884
35,77333,Maximilian Arnold,147289,VfL Wolfsburg,2524,1,4,7.1,0.43,4.09,14,5,29,5,22,5,0,1860,25,interceptions,GER,2025-2026,datafc_sofascore,2026-08-09T01:15:33.051884
35,77333,Kevin Diks,583806,Borussia M'gladbach,2527,5,0,6.96,5.08,1.13,23,13,8,10,43,6,0,2467,30,interceptions,GER,2025-2026,datafc_sofascore,2026-08-09T01:15:33.051884
35,77333,Robin Fellhauer,860461,FC Augsburg,2600,3,2,6.8,2.79,2.64,30,9,31,15,57,2,0,2810,34,interceptions,GER,2025-2026,datafc_sofascore,2026-08-09T01:15:33.051884
35,77333,Arkadiusz Pyrka,971481,FC St. Pauli,2526,0,1,6.65,1.07,2.02,19,3,24,16,39,3,0,2580,31,interceptions,GER,2025-2026,datafc_sofascore,2026-08-09T01:15:33.051884
35,77333,Cenk Özkaçar,953097,1. FC Köln,2671,0,0,6.62,0.97,0.34,11,4,5,6,33,2,0,1801,25,interceptions,GER,2025-2026,datafc_sofascore,2026-08-09T01:15:33.051884
35,77333,Aleix García,796047,Bayer 04 Leverkusen,2681,3,8,7.45,2.29,6.65,30,5,51,4,26,6,0,2676,33,interceptions,GER,2025-2026,datafc_sofascore,2026-08-09T01:15:33.051884
35,77333,Jakub Kamiński,801263,1. FC Köln,2671,7,3,7.1,7.06,6.41,63,26,52,24,45,4,0,3019,34,interceptions,GER,2025-2026,datafc_sofascore,2026-08-09T01:15:33.051884
35,77333,Matthias Ginter,142259,SC Freiburg,2538,3,4,6.98,2.3,2.92,19,7,15,3,22,3,0,2836,32,interceptions,GER,2025-2026,datafc_sofascore,2026-08-09T01:15:33.051884
35,77333,Eric Smith,542038,FC St. Pauli,2526,2,2,6.86,0.58,1.21,12,5,18,9,34,4,1,2314,27,interceptions,GER,2025-2026,datafc_sofascore,2026-08-09T01:15:33.051884
35,77333,Arijon Ibrahimović,1142248,1. FC Heidenheim,5885,2,4,6.8,6.31,6.3,47,19,56,23,34,2,0,2181,32,interceptions,GER,2025-2026,datafc_sofascore,2026-08-09T01:15:33.051884
35,77333,Adam Dźwigała,252343,FC St. Pauli,2526,1,1,6.74,0.14,0.32,4,2,5,3,46,5,0,1295,19,interceptions,GER,2025-2026,datafc_sofascore,2026-08-09T01:15:33.051884
35,77333,András Schäfer,877302,1. FC Union Berlin,2547,2,1,6.68,1.97,0.87,27,10,7,9,41,2,1,1442,28,interceptions,GER,2025-2026,datafc_sofascore,2026-08-09T01:15:33.051884
35,77333,Karim Coulibaly,1797852,SV Werder Bremen,2534,1,0,6.47,0.66,0.47,6,1,7,8,27,3,1,2122,27,interceptions,GER,2025-2026,datafc_sofascore,2026-08-09T01:15:33.051884
35,77333,Nadiem Amiri,327755,1. FSV Mainz 05,2556,12,2,7.43,10.4,7.69,55,23,63,25,31,6,0,2090,26,interceptions,GER,2025-2026,datafc_sofascore,2026-08-09T01:15:33.051884
35,77333,Loïc Badé,1006489,Bayer 04 Leverkusen,2681,0,0,7.21,1.29,0.88,12,4,2,3,33,5,0,1659,23,interceptions,GER,2025-2026,datafc_sofascore,2026-08-09T01:15:33.051884
35,77333,Stefan Posch,355486,1. FSV Mainz 05,2556,0,0,6.95,0.48,1.24,11,3,8,4,46,4,0,1395,16,interceptions,GER,2025-2026,datafc_sofascore,2026-08-09T01:15:33.051884
35,77333,Christoph Baumgartner,825956,RB Leipzig,36360,13,8,6.93,15.1,3.94,81,35,37,13,54,10,0,2789,33,interceptions,GER,2025-2026,datafc_sofascore,2026-08-09T01:15:33.051884
35,77333,Ramon Hendriks,916943,VfB Stuttgart,2677,0,3,6.75,0.31,1.1,5,0,6,8,35,3,0,2033,31,interceptions,GER,2025-2026,datafc_sofascore,2026-08-09T01:15:33.051884
35,77333,Julian Niehues,1066042,1. FC Heidenheim,5885,3,0,6.74,1.26,0.86,19,5,7,5,17,1,0,1397,24,interceptions,GER,2025-2026,datafc_sofascore,2026-08-09T01:15:33.051884
35,77333,Lukas Ullrich,1083382,Borussia M'gladbach,2527,0,0,6.5,0.58,1.35,10,2,14,9,28,2,0,1315,23,interceptions,GER,2025-2026,datafc_sofascore,2026-08-09T01:15:33.051884
35,77333,Edmond Tapsoba,883262,Bayer 04 Leverkusen,2681,5,3,7.2,2.5,1.42,29,10,11,8,31,7,0,2576,29,interceptions,GER,2025-2026,datafc_sofascore,2026-08-09T01:15:33.051884
35,77333,Niklas Dorsch,794995,1. FC Heidenheim,5885,0,1,6.88,0.59,2.64,14,3,24,12,59,2,0,2270,32,interceptions,GER,2025-2026,datafc_sofascore,2026-08-09T01:15:33.051884
35,77333,Daniel Svensson,1021272,Borussia Dortmund,2673,2,2,6.78,1.79,5.5,12,4,35,12,38,0,0,2452,33,interceptions,GER,2025-2026,datafc_sofascore,2026-08-09T01:15:33.051884
35,77333,Joakim Mæhle,842364,VfL Wolfsburg,2524,1,2,6.69,0.81,1.72,14,3,14,8,35,1,0,1231,16,interceptions,GER,2025-2026,datafc_sofascore,2026-08-09T01:15:33.051884
35,77333,Karol Mets,57627,FC St. Pauli,2526,1,0,6.59,0.77,0.6,7,1,4,1,25,3,0,1934,23,interceptions,GER,2025-2026,datafc_sofascore,2026-08-09T01:15:33.051884
35,77333,Tim Siersleben,988252,1. FC Heidenheim,5885,0,0,6.57,0.47,0.37,5,3,2,0,23,2,0,1093,15,interceptions,GER,2025-2026,datafc_sofascore,2026-08-09T01:15:33.051884
35,77333,Daniel Elfadli,945532,Hamburger SV,2676,0,0,6.56,0.41,0.39,4,1,2,3,22,4,1,1266,21,interceptions,GER,2025-2026,datafc_sofascore,2026-08-09T01:15:33.051884
35,77333,Alejandro Grimaldo,177177,Bayer 04 Leverkusen,2681,8,8,7.31,6.65,10.13,60,21,70,25,49,5,0,2524,29,interceptions,GER,2025-2026,datafc_sofascore,2026-08-09T01:15:33.051884
35,77333,Senne Lynen,826171,SV Werder Bremen,2534,0,0,6.79,1.11,1.65,25,4,15,6,63,4,0,2757,31,interceptions,GER,2025-2026,datafc_sofascore,2026-08-09T01:15:33.051884
35,77333,Kaishu Sano,1028307,1. FSV Mainz 05,2556,1,2,7.02,1.36,3.4,24,6,25,28,52,1,0,3059,34,interceptions,GER,2025-2026,datafc_sofascore,2026-08-09T01:15:33.051884
35,77333,Nicolas Seiwald,976575,RB Leipzig,36360,0,2,6.9,1.83,1.89,19,7,15,8,66,2,0,2703,33,interceptions,GER,2025-2026,datafc_sofascore,2026-08-09T01:15:33.051884
35,77333,Philipp Sander,939880,Borussia M'gladbach,2527,2,0,6.98,1.56,2.79,25,8,11,5,65,4,0,2454,30,interceptions,GER,2025-2026,datafc_sofascore,2026-08-09T01:15:33.051884
35,77333,Rocco Reitz,1048650,Borussia M'gladbach,2527,0,4,6.86,2.57,4.92,47,14,28,24,68,8,1,2636,31,interceptions,GER,2025-2026,datafc_sofascore,2026-08-09T01:15:33.051884
35,77333,Robin Koch,581302,Eintracht Frankfurt,2674,3,1,6.96,1.38,1.67,15,5,10,2,42,1,1,2835,32,interceptions,GER,2025-2026,datafc_sofascore,2026-08-09T01:15:33.051884
35,77333,Dominik Kohr,152206,1. FSV Mainz 05,2556,2,0,6.79,1.57,2.07,15,4,10,5,48,9,2,2345,29,interceptions,GER,2025-2026,datafc_sofascore,2026-08-09T01:15:33.051884
35,77333,Diogo Leite,855663,1. FC Union Berlin,2547,0,0,6.77,1.21,1.08,10,1,9,6,33,4,0,1970,23,interceptions,GER,2025-2026,datafc_sofascore,2026-08-09T01:15:33.051884
35,77333,Willi Orbán,136924,RB Leipzig,36360,2,0,7.22,2.38,1.05,20,9,11,6,47,4,0,2950,33,interceptions,GER,2025-2026,datafc_sofascore,2026-08-09T01:15:33.051884
35,77333,Albian Hajdari,1000269,TSG Hoffenheim,2569,1,2,6.98,1.73,1.62,19,4,10,2,58,10,0,2440,30,interceptions,GER,2025-2026,datafc_sofascore,2026-08-09T01:15:33.051884
35,77333,Nicolai Remberg,1064305,Hamburger SV,2676,0,2,6.93,1.03,1.41,17,8,13,14,60,11,0,2880,32,interceptions,GER,2025-2026,datafc_sofascore,2026-08-09T01:15:33.051884
35,77333,James Sands,885892,FC St. Pauli,2526,1,0,6.75,1.0,0.73,16,4,10,2,42,4,0,1941,24,interceptions,GER,2025-2026,datafc_sofascore,2026-08-09T01:15:33.051884
35,77333,Nico Elvedi,282229,Borussia M'gladbach,2527,0,2,7.01,0.45,1.27,9,0,13,1,43,5,0,2967,33,interceptions,GER,2025-2026,datafc_sofascore,2026-08-09T01:15:33.051884
35,77333,Luka Vušković,1405212,Hamburger SV,2676,6,0,7.28,4.22,1.46,32,10,11,8,22,6,0,2441,28,interceptions,GER,2025-2026,datafc_sofascore,2026-08-09T01:15:33.051884
35,77333,Bernardo,828571,TSG Hoffenheim,2569,0,0,6.86,0.52,1.29,10,0,9,6,68,9,0,2318,29,interceptions,GER,2025-2026,datafc_sofascore,2026-08-09T01:15:33.051884
35,77333,Danilho Doekhi,830803,1. FC Union Berlin,2547,5,0,6.75,4.25,1.61,46,11,8,3,44,4,0,3060,34,interceptions,GER,2025-2026,datafc_sofascore,2026-08-09T01:15:33.051884
35,77333,Kim Min-jae,896569,FC Bayern München,2672,1,1,7.23,0.62,1.41,5,3,5,1,22,1,0,1621,25,interceptions,GER,2025-2026,datafc_sofascore,2026-08-09T01:15:33.051884
35,77333,Lukas Kübler,142525,SC Freiburg,2538,2,2,6.66,3.18,1.49,19,5,11,2,40,3,0,1593,23,interceptions,GER,2025-2026,datafc_sofascore,2026-08-09T01:15:33.051884
35,77333,Han-Noah Massengo,927340,FC Augsburg,2600,2,1,6.8,1.29,1.6,20,6,17,26,41,5,0,2435,33,interceptions,GER,2025-2026,datafc_sofascore,2026-08-09T01:15:33.051884
35,77333,Jobe Bellingham,1134083,Borussia Dortmund,2673,0,1,6.75,1.08,1.27,19,6,9,15,44,2,1,1800,32,interceptions,GER,2025-2026,datafc_sofascore,2026-08-09T01:15:33.051884
35,77333,Maximilian Mittelstädt,788949,VfB Stuttgart,2677,6,4,7.2,4.4,6.02,31,16,37,14,67,4,0,2195,32,interceptions,GER,2025-2026,datafc_sofascore,2026-08-09T01:15:33.051884
35,77333,Vladimír Coufal,138024,TSG Hoffenheim,2569,1,8,7.12,0.88,8.99,25,6,59,31,60,4,0,3017,34,interceptions,GER,2025-2026,datafc_sofascore,2026-08-09T01:15:33.051884
35,77333,Konstantinos Koulierakis,1184855,VfL Wolfsburg,2524,4,1,6.73,3.22,1.37,26,12,14,3,39,5,0,2488,29,interceptions,GER,2025-2026,datafc_sofascore,2026-08-09T01:15:33.051884
35,77333,Rani Khedira,149479,1. FC Union Berlin,2547,5,1,6.72,2.04,1.35,23,10,16,3,59,7,0,2835,32,interceptions,GER,2025-2026,datafc_sofascore,2026-08-09T01:15:33.051884
35,77333,Jeff Chabot,863271,VfB Stuttgart,2677,0,0,7.11,1.13,0.85,18,7,7,4,34,3,0,2296,27,interceptions,GER,2025-2026,datafc_sofascore,2026-08-09T01:15:33.051884
35,77333,Leopold Querfeld,1086547,1. FC Union Berlin,2547,3,0,6.87,3.69,1.77,29,10,21,4,52,6,0,2704,31,interceptions,GER,2025-2026,datafc_sofascore,2026-08-09T01:15:33.051884
35,77333,Marco Friedl,825771,SV Werder Bremen,2534,1,0,6.88,0.68,1.08,8,2,5,4,44,9,1,2549,30,interceptions,GER,2025-2026,datafc_sofascore,2026-08-09T01:15:33.051884
35,77333,Patrick Mainka,254429,1. FC Heidenheim,5885,2,2,6.85,3.49,1.36,37,9,10,4,45,1,0,3060,34,interceptions,GER,2025-2026,datafc_sofascore,2026-08-09T01:15:33.051884
35,77333,Eric Martel,988639,1. FC Köln,2671,2,2,6.84,2.5,1.17,23,4,15,2,46,10,1,2564,31,interceptions,GER,2025-2026,datafc_sofascore,2026-08-09T01:15:33.051884
35,77333,Nicolás Capaldo,973564,Hamburger SV,2676,1,3,6.75,1.93,2.17,22,6,22,10,68,10,0,2009,26,interceptions,GER,2025-2026,datafc_sofascore,2026-08-09T01:15:33.051884
35,77333,Leon Avdullahu,1493305,TSG Hoffenheim,2569,0,1,7.03,0.59,2.48,14,2,22,8,47,5,0,2838,33,interceptions,GER,2025-2026,datafc_sofascore,2026-08-09T01:15:33.051884
35,77333,Yannick Engelhardt,990209,Borussia M'gladbach,2527,2,2,6.75,2.12,1.54,21,5,14,6,43,7,0,2497,31,interceptions,GER,2025-2026,datafc_sofascore,2026-08-09T01:15:33.051884
35,77333,Jan Schöppner,933707,1. FC Heidenheim,5885,3,3,6.62,2.15,1.36,25,7,14,11,32,5,0,2260,31,interceptions,GER,2025-2026,datafc_sofascore,2026-08-09T01:15:33.051884
35,77333,Keven Schlotterbeck,891651,FC Augsburg,2600,0,1,6.96,1.37,1.09,12,3,12,10,40,5,1,2031,24,interceptions,GER,2025-2026,datafc_sofascore,2026-08-09T01:15:33.051884
35,77333,Robert Andrich,168903,Bayer 04 Leverkusen,2681,2,0,6.83,0.72,1.66,12,3,12,1,43,4,1,2547,32,interceptions,GER,2025-2026,datafc_sofascore,2026-08-09T01:15:33.051884
35,77333,Joel Chima Fujita,1002461,FC St. Pauli,2526,1,3,6.71,1.15,3.92,31,7,30,47,68,6,0,2671,32,interceptions,GER,2025-2026,datafc_sofascore,2026-08-09T01:15:33.051884
35,77333,Chema Andrés,1464641,VfB Stuttgart,2677,3,0,6.95,1.4,1.15,15,6,15,2,30,5,0,1327,25,interceptions,GER,2025-2026,datafc_sofascore,2026-08-09T01:15:33.051884
35,77333,Marnon Busch,168861,1. FC Heidenheim,5885,1,5,6.79,1.11,3.52,12,3,17,3,36,4,0,1912,29,interceptions,GER,2025-2026,datafc_sofascore,2026-08-09T01:15:33.051884
35,77333,Ridle Baku,856553,RB Leipzig,36360,2,3,6.87,2.56,6.05,30,6,37,13,60,4,0,2509,32,interceptions,GER,2025-2026,datafc_sofascore,2026-08-09T01:15:33.051884
35,77333,Hugo Larsson,1142211,Eintracht Frankfurt,2674,2,2,6.76,1.47,1.4,13,6,19,4,19,0,0,1824,25,interceptions,GER,2025-2026,datafc_sofascore,2026-08-09T01:15:33.051884
35,77333,David Raum,856076,RB Leipzig,36360,3,7,7.33,2.2,12.39,24,8,98,16,48,6,0,2556,30,interceptions,GER,2025-2026,datafc_sofascore,2026-08-09T01:15:33.051884
35,77333,Angelo Stiller,901882,VfB Stuttgart,2677,2,5,7.25,3.08,7.46,17,8,56,14,49,1,0,2750,34,interceptions,GER,2025-2026,datafc_sofascore,2026-08-09T01:15:33.051884
35,77333,Waldemar Anton,799046,Borussia Dortmund,2673,2,0,7.25,1.74,1.26,16,6,8,13,73,3,0,2880,32,interceptions,GER,2025-2026,datafc_sofascore,2026-08-09T01:15:33.051884
35,77333,Castello Lukeba,976421,RB Leipzig,36360,1,0,7.07,1.16,0.77,8,2,7,22,31,3,0,2177,26,interceptions,GER,2025-2026,datafc_sofascore,2026-08-09T01:15:33.051884
35,77333,Maximilian Eggestein,569784,SC Freiburg,2538,3,1,6.85,3.8,1.7,44,13,19,15,64,4,0,3060,34,interceptions,GER,2025-2026,datafc_sofascore,2026-08-09T01:15:33.051884
35,77333,Danny da Costa,97926,1. FSV Mainz 05,2556,2,3,6.83,1.6,2.91,14,5,16,15,43,3,0,2697,34,interceptions,GER,2025-2026,datafc_sofascore,2026-08-09T01:15:33.051884
35,77333,Chrislain Matsima,963198,FC Augsburg,2600,1,1,6.81,0.42,0.44,7,1,4,1,19,5,0,1494,18,interceptions,GER,2025-2026,datafc_sofascore,2026-08-09T01:15:33.051884
35,77333,Arthur Theate,965778,Eintracht Frankfurt,2674,1,0,6.78,1.1,1.27,15,7,12,4,35,8,0,2143,24,interceptions,GER,2025-2026,datafc_sofascore,2026-08-09T01:15:33.051884
35,77333,Jordan Torunarigha,801003,Hamburger SV,2676,0,0,6.78,0.37,0.91,5,1,2,6,37,3,0,1965,24,interceptions,GER,2025-2026,datafc_sofascore,2026-08-09T01:15:33.051884
35,77333,Hauke Wahl,253469,FC St. Pauli,2526,2,1,6.76,0.61,1.42,10,4,6,2,43,1,0,2591,30,interceptions,GER,2025-2026,datafc_sofascore,2026-08-09T01:15:33.051884
35,77333,Jonas Föhrenbach,311676,1. FC Heidenheim,5885,1,1,6.6,0.55,2.71,5,1,21,2,46,3,0,2327,27,interceptions,GER,2025-2026,datafc_sofascore,2026-08-09T01:15:33.051884
35,77333,Tom Krauß,930272,1. FC Köln,2671,0,2,6.92,0.37,1.46,9,2,15,9,72,4,0,1801,26,interceptions,GER,2025-2026,datafc_sofascore,2026-08-09T01:15:33.051884
35,77333,Nico Schlotterbeck,940871,Borussia Dortmund,2673,5,1,7.67,3.72,2.69,32,9,12,15,50,8,0,2520,28,interceptions,GER,2025-2026,datafc_sofascore,2026-08-09T01:15:33.051884
35,77333,Johan Manzambi,1518931,SC Freiburg,2538,5,4,7.22,3.85,5.13,51,12,20,33,35,4,2,2094,27,interceptions,GER,2025-2026,datafc_sofascore,2026-08-09T01:15:33.051884
35,77333,Felix Nmecha,907463,Borussia Dortmund,2673,2,3,6.94,3.62,4.24,33,7,20,31,37,0,0,2184,29,interceptions,GER,2025-2026,datafc_sofascore,2026-08-09T01:15:33.051884
35,77333,Miro Muheim,798303,Hamburger SV,2676,0,4,6.93,1.19,4.25,23,7,41,21,62,7,1,2437,29,interceptions,GER,2025-2026,datafc_sofascore,2026-08-09T01:15:33.051884
35,77333,Jarell Quansah,1003339,Bayer 04 Leverkusen,2681,4,0,6.88,2.84,1.29,18,8,11,14,28,9,0,2308,28,interceptions,GER,2025-2026,datafc_sofascore,2026-08-09T01:15:33.051884
35,77333,Vinícius Souza,979290,VfL Wolfsburg,2524,0,0,6.88,0.91,0.58,9,2,8,8,55,5,0,1778,24,interceptions,GER,2025-2026,datafc_sofascore,2026-08-09T01:15:33.051884
35,77333,Jackson Irvine,181581,FC St. Pauli,2526,0,1,6.71,1.44,1.34,19,4,11,10,34,0,1,1632,24,interceptions,GER,2025-2026,datafc_sofascore,2026-08-09T01:15:33.051884
35,77333,Warmed Omari,999030,Hamburger SV,2676,0,1,6.66,0.12,0.28,3,1,8,6,22,0,0,1607,20,interceptions,GER,2025-2026,datafc_sofascore,2026-08-09T01:15:33.051884
35,77333,Jonathan Tah,227672,FC Bayern München,2672,2,1,7.24,0.71,1.73,8,5,5,3,24,7,0,2024,28,interceptions,GER,2025-2026,datafc_sofascore,2026-08-09T01:15:33.051884
35,77333,Leon Goretzka,184661,FC Bayern München,2672,5,3,7.13,4.8,3.81,35,11,22,11,29,4,0,1954,31,interceptions,GER,2025-2026,datafc_sofascore,2026-08-09T01:15:33.051884
35,77333,Nathaniel Brown,1159759,Eintracht Frankfurt,2674,4,4,6.79,2.52,2.89,18,9,34,17,81,3,0,2658,33,interceptions,GER,2025-2026,datafc_sofascore,2026-08-09T01:15:33.051884
35,77333,Ellyes Skhiri,591706,Eintracht Frankfurt,2674,0,0,6.69,0.64,0.73,8,0,7,7,20,1,1,1450,25,interceptions,GER,2025-2026,datafc_sofascore,2026-08-09T01:15:33.051884
35,77333,Aurèle Amenda,999276,Eintracht Frankfurt,2674,0,0,6.67,0.77,0.88,10,2,6,2,15,5,0,1685,24,interceptions,GER,2025-2026,datafc_sofascore,2026-08-09T01:15:33.051884
35,77333,Kristoffer Lund,963043,1. FC Köln,2671,0,2,6.66,0.71,2.23,20,3,21,19,38,2,0,2289,33,interceptions,GER,2025-2026,datafc_sofascore,2026-08-09T01:15:33.051884
35,77333,Joshua Kimmich,259117,FC Bayern München,2672,2,8,7.71,2.65,10.24,28,10,58,11,32,4,0,2280,29,interceptions,GER,2025-2026,datafc_sofascore,2026-08-09T01:15:33.051884
35,77333,Amos Pieper,851254,SV Werder Bremen,2534,0,0,7.03,0.42,0.51,9,3,2,0,31,4,0,1504,19,interceptions,GER,2025-2026,datafc_sofascore,2026-08-09T01:15:33.051884
35,77333,Patrick Wimmer,987504,VfL Wolfsburg,2524,4,3,6.88,3.12,2.19,24,8,16,38,47,4,0,1634,25,interceptions,GER,2025-2026,datafc_sofascore,2026-08-09T01:15:33.051884
35,77333,Ozan Kabak,857740,TSG Hoffenheim,2569,4,0,6.88,4.33,0.84,36,12,8,6,20,5,0,1763,25,interceptions,GER,2025-2026,datafc_sofascore,2026-08-09T01:15:33.051884
35,77333,Jae-sung Lee,537552,1. FSV Mainz 05,2556,4,2,6.72,3.25,3.21,30,9,22,5,38,4,0,2198,28,interceptions,GER,2025-2026,datafc_sofascore,2026-08-09T01:15:33.051884
35,77333,Nnamdi Collins,1048569,Eintracht Frankfurt,2674,1,2,6.69,0.45,0.46,4,1,3,11,49,4,0,1508,23,interceptions,GER,2025-2026,datafc_sofascore,2026-08-09T01:15:33.051884
35,77333,Maximilian Arnold,147289,VfL Wolfsburg,2524,1,4,7.1,0.43,4.09,14,5,29,5,22,5,0,1860,25,interceptions,GER,2025-2026,datafc_sofascore,2026-08-09T01:15:33.051884
35,77333,Kevin Diks,583806,Borussia M'gladbach,2527,5,0,6.96,5.08,1.13,23,13,8,10,43,6,0,2467,30,interceptions,GER,2025-2026,datafc_sofascore,2026-08-09T01:15:33.051884
35,77333,Robin Fellhauer,860461,FC Augsburg,2600,3,2,6.8,2.79,2.64,30,9,31,15,57,2,0,2810,34,interceptions,GER,2025-2026,datafc_sofascore,2026-08-09T01:15:33.051884
35,77333,Arkadiusz Pyrka,971481,FC St. Pauli,2526,0,1,6.65,1.07,2.02,19,3,24,16,39,3,0,2580,31,interceptions,GER,2025-2026,datafc_sofascore,2026-08-09T01:15:33.051884
35,77333,Cenk Özkaçar,953097,1. FC Köln,2671,0,0,6.62,0.97,0.34,11,4,5,6,33,2,0,1801,25,interceptions,GER,2025-2026,datafc_sofascore,2026-08-09T01:15:33.051884
35,77333,Aleix García,796047,Bayer 04 Leverkusen,2681,3,8,7.45,2.29,6.65,30,5,51,4,26,6,0,2676,33,interceptions,GER,2025-2026,datafc_sofascore,2026-08-09T01:15:33.051884
35,77333,Jakub Kamiński,801263,1. FC Köln,2671,7,3,7.1,7.06,6.41,63,26,52,24,45,4,0,3019,34,interceptions,GER,2025-2026,datafc_sofascore,2026-08-09T01:15:33.051884
35,77333,Matthias Ginter,142259,SC Freiburg,2538,3,4,6.98,2.3,2.92,19,7,15,3,22,3,0,2836,32,interceptions,GER,2025-2026,datafc_sofascore,2026-08-09T01:15:33.051884
35,77333,Eric Smith,542038,FC St. Pauli,2526,2,2,6.86,0.58,1.21,12,5,18,9,34,4,1,2314,27,interceptions,GER,2025-2026,datafc_sofascore,2026-08-09T01:15:33.051884
35,77333,Arijon Ibrahimović,1142248,1. FC Heidenheim,5885,2,4,6.8,6.31,6.3,47,19,56,23,34,2,0,2181,32,interceptions,GER,2025-2026,datafc_sofascore,2026-08-09T01:15:33.051884
35,77333,Adam Dźwigała,252343,FC St. Pauli,2526,1,1,6.74,0.14,0.32,4,2,5,3,46,5,0,1295,19,interceptions,GER,2025-2026,datafc_sofascore,2026-08-09T01:15:33.051884
35,77333,András Schäfer,877302,1. FC Union Berlin,2547,2,1,6.68,1.97,0.87,27,10,7,9,41,2,1,1442,28,interceptions,GER,2025-2026,datafc_sofascore,2026-08-09T01:15:33.051884
35,77333,Karim Coulibaly,1797852,SV Werder Bremen,2534,1,0,6.47,0.66,0.47,6,1,7,8,27,3,1,2122,27,interceptions,GER,2025-2026,datafc_sofascore,2026-08-09T01:15:33.051884
35,77333,Nadiem Amiri,327755,1. FSV Mainz 05,2556,12,2,7.43,10.4,7.69,55,23,63,25,31,6,0,2090,26,interceptions,GER,2025-2026,datafc_sofascore,2026-08-09T01:15:33.051884
35,77333,Loïc Badé,1006489,Bayer 04 Leverkusen,2681,0,0,7.21,1.29,0.88,12,4,2,3,33,5,0,1659,23,interceptions,GER,2025-2026,datafc_sofascore,2026-08-09T01:15:33.051884
35,77333,Stefan Posch,355486,1. FSV Mainz 05,2556,0,0,6.95,0.48,1.24,11,3,8,4,46,4,0,1395,16,interceptions,GER,2025-2026,datafc_sofascore,2026-08-09T01:15:33.051884
35,77333,Christoph Baumgartner,825956,RB Leipzig,36360,13,8,6.93,15.1,3.94,81,35,37,13,54,10,0,2789,33,interceptions,GER,2025-2026,datafc_sofascore,2026-08-09T01:15:33.051884
35,77333,Ramon Hendriks,916943,VfB Stuttgart,2677,0,3,6.75,0.31,1.1,5,0,6,8,35,3,0,2033,31,interceptions,GER,2025-2026,datafc_sofascore,2026-08-09T01:15:33.051884
35,77333,Julian Niehues,1066042,1. FC Heidenheim,5885,3,0,6.74,1.26,0.86,19,5,7,5,17,1,0,1397,24,interceptions,GER,2025-2026,datafc_sofascore,2026-08-09T01:15:33.051884
35,77333,Lukas Ullrich,1083382,Borussia M'gladbach,2527,0,0,6.5,0.58,1.35,10,2,14,9,28,2,0,1315,23,interceptions,GER,2025-2026,datafc_sofascore,2026-08-09T01:15:33.051884
35,77333,Edmond Tapsoba,883262,Bayer 04 Leverkusen,2681,5,3,7.2,2.5,1.42,29,10,11,8,31,7,0,2576,29,interceptions,GER,2025-2026,datafc_sofascore,2026-08-09T01:15:33.051884
35,77333,Niklas Dorsch,794995,1. FC Heidenheim,5885,0,1,6.88,0.59,2.64,14,3,24,12,59,2,0,2270,32,interceptions,GER,2025-2026,datafc_sofascore,2026-08-09T01:15:33.051884
35,77333,Daniel Svensson,1021272,Borussia Dortmund,2673,2,2,6.78,1.79,5.5,12,4,35,12,38,0,0,2452,33,interceptions,GER,2025-2026,datafc_sofascore,2026-08-09T01:15:33.051884
35,77333,Joakim Mæhle,842364,VfL Wolfsburg,2524,1,2,6.69,0.81,1.72,14,3,14,8,35,1,0,1231,16,interceptions,GER,2025-2026,datafc_sofascore,2026-08-09T01:15:33.051884
35,77333,Karol Mets,57627,FC St. Pauli,2526,1,0,6.59,0.77,0.6,7,1,4,1,25,3,0,1934,23,interceptions,GER,2025-2026,datafc_sofascore,2026-08-09T01:15:33.051884
35,77333,Tim Siersleben,988252,1. FC Heidenheim,5885,0,0,6.57,0.47,0.37,5,3,2,0,23,2,0,1093,15,interceptions,GER,2025-2026,datafc_sofascore,2026-08-09T01:15:33.051884
35,77333,Daniel Elfadli,945532,Hamburger SV,2676,0,0,6.56,0.41,0.39,4,1,2,3,22,4,1,1266,21,interceptions,GER,2025-2026,datafc_sofascore,2026-08-09T01:15:33.051884
35,77333,Alejandro Grimaldo,177177,Bayer 04 Leverkusen,2681,8,8,7.31,6.65,10.13,60,21,70,25,49,5,0,2524,29,interceptions,GER,2025-2026,datafc_sofascore,2026-08-09T01:15:33.051884
35,77333,Nico Elvedi,282229,Borussia M'gladbach,2527,0,2,7.01,0.45,1.27,9,0,13,1,43,5,0,2967,33,clearances,GER,2025-2026,datafc_sofascore,2026-08-09T01:15:33.051884
35,77333,Patrick Mainka,254429,1. FC Heidenheim,5885,2,2,6.85,3.49,1.36,37,9,10,4,45,1,0,3060,34,clearances,GER,2025-2026,datafc_sofascore,2026-08-09T01:15:33.051884
35,77333,Luka Vušković,1405212,Hamburger SV,2676,6,0,7.28,4.22,1.46,32,10,11,8,22,6,0,2441,28,clearances,GER,2025-2026,datafc_sofascore,2026-08-09T01:15:33.051884
35,77333,Willi Orbán,136924,RB Leipzig,36360,2,0,7.22,2.38,1.05,20,9,11,6,47,4,0,2950,33,clearances,GER,2025-2026,datafc_sofascore,2026-08-09T01:15:33.051884
35,77333,Leopold Querfeld,1086547,1. FC Union Berlin,2547,3,0,6.87,3.69,1.77,29,10,21,4,52,6,0,2704,31,clearances,GER,2025-2026,datafc_sofascore,2026-08-09T01:15:33.051884
35,77333,Robin Koch,581302,Eintracht Frankfurt,2674,3,1,6.96,1.38,1.67,15,5,10,2,42,1,1,2835,32,clearances,GER,2025-2026,datafc_sofascore,2026-08-09T01:15:33.051884
35,77333,Jeff Chabot,863271,VfB Stuttgart,2677,0,0,7.11,1.13,0.85,18,7,7,4,34,3,0,2296,27,clearances,GER,2025-2026,datafc_sofascore,2026-08-09T01:15:33.051884
35,77333,Matthias Ginter,142259,SC Freiburg,2538,3,4,6.98,2.3,2.92,19,7,15,3,22,3,0,2836,32,clearances,GER,2025-2026,datafc_sofascore,2026-08-09T01:15:33.051884
35,77333,Danilho Doekhi,830803,1. FC Union Berlin,2547,5,0,6.75,4.25,1.61,46,11,8,3,44,4,0,3060,34,clearances,GER,2025-2026,datafc_sofascore,2026-08-09T01:15:33.051884
35,77333,Jordan Torunarigha,801003,Hamburger SV,2676,0,0,6.78,0.37,0.91,5,1,2,6,37,3,0,1965,24,clearances,GER,2025-2026,datafc_sofascore,2026-08-09T01:15:33.051884
35,77333,Waldemar Anton,799046,Borussia Dortmund,2673,2,0,7.25,1.74,1.26,16,6,8,13,73,3,0,2880,32,clearances,GER,2025-2026,datafc_sofascore,2026-08-09T01:15:33.051884
35,77333,Albian Hajdari,1000269,TSG Hoffenheim,2569,1,2,6.98,1.73,1.62,19,4,10,2,58,10,0,2440,30,clearances,GER,2025-2026,datafc_sofascore,2026-08-09T01:15:33.051884
35,77333,Hauke Wahl,253469,FC St. Pauli,2526,2,1,6.76,0.61,1.42,10,4,6,2,43,1,0,2591,30,clearances,GER,2025-2026,datafc_sofascore,2026-08-09T01:15:33.051884
35,77333,Konstantinos Koulierakis,1184855,VfL Wolfsburg,2524,4,1,6.73,3.22,1.37,26,12,14,3,39,5,0,2488,29,clearances,GER,2025-2026,datafc_sofascore,2026-08-09T01:15:33.051884
35,77333,Marco Friedl,825771,SV Werder Bremen,2534,1,0,6.88,0.68,1.08,8,2,5,4,44,9,1,2549,30,clearances,GER,2025-2026,datafc_sofascore,2026-08-09T01:15:33.051884
35,77333,Danny da Costa,97926,1. FSV Mainz 05,2556,2,3,6.83,1.6,2.91,14,5,16,15,43,3,0,2697,34,clearances,GER,2025-2026,datafc_sofascore,2026-08-09T01:15:33.051884
35,77333,Robin Hranáč,957615,TSG Hoffenheim,2569,1,0,6.72,2.14,0.49,8,3,3,2,25,5,0,2251,29,clearances,GER,2025-2026,datafc_sofascore,2026-08-09T01:15:33.051884
35,77333,Diogo Leite,855663,1. FC Union Berlin,2547,0,0,6.77,1.21,1.08,10,1,9,6,33,4,0,1970,23,clearances,GER,2025-2026,datafc_sofascore,2026-08-09T01:15:33.051884
35,77333,Denis Vavro,293127,VfL Wolfsburg,2524,1,0,6.71,0.92,0.21,12,5,3,2,8,2,0,1210,17,clearances,GER,2025-2026,datafc_sofascore,2026-08-09T01:15:33.051884
35,77333,Edmond Tapsoba,883262,Bayer 04 Leverkusen,2681,5,3,7.2,2.5,1.42,29,10,11,8,31,7,0,2576,29,clearances,GER,2025-2026,datafc_sofascore,2026-08-09T01:15:33.051884
35,77333,Ozan Kabak,857740,TSG Hoffenheim,2569,4,0,6.88,4.33,0.84,36,12,8,6,20,5,0,1763,25,clearances,GER,2025-2026,datafc_sofascore,2026-08-09T01:15:33.051884
35,77333,Arthur Theate,965778,Eintracht Frankfurt,2674,1,0,6.78,1.1,1.27,15,7,12,4,35,8,0,2143,24,clearances,GER,2025-2026,datafc_sofascore,2026-08-09T01:15:33.051884
35,77333,Dominik Kohr,152206,1. FSV Mainz 05,2556,2,0,6.79,1.57,2.07,15,4,10,5,48,9,2,2345,29,clearances,GER,2025-2026,datafc_sofascore,2026-08-09T01:15:33.051884
35,77333,Kevin Diks,583806,Borussia M'gladbach,2527,5,0,6.96,5.08,1.13,23,13,8,10,43,6,0,2467,30,clearances,GER,2025-2026,datafc_sofascore,2026-08-09T01:15:33.051884
35,77333,Bernardo,828571,TSG Hoffenheim,2569,0,0,6.86,0.52,1.29,10,0,9,6,68,9,0,2318,29,clearances,GER,2025-2026,datafc_sofascore,2026-08-09T01:15:33.051884
35,77333,Moritz Jenz,920525,VfL Wolfsburg,2524,1,0,6.62,0.54,0.21,5,1,2,0,32,6,1,1789,22,clearances,GER,2025-2026,datafc_sofascore,2026-08-09T01:15:33.051884
35,77333,Nico Schlotterbeck,940871,Borussia Dortmund,2673,5,1,7.67,3.72,2.69,32,9,12,15,50,8,0,2520,28,clearances,GER,2025-2026,datafc_sofascore,2026-08-09T01:15:33.051884
35,77333,Eric Martel,988639,1. FC Köln,2671,2,2,6.84,2.5,1.17,23,4,15,2,46,10,1,2564,31,clearances,GER,2025-2026,datafc_sofascore,2026-08-09T01:15:33.051884
35,77333,Jonathan Tah,227672,FC Bayern München,2672,2,1,7.24,0.71,1.73,8,5,5,3,24,7,0,2024,28,clearances,GER,2025-2026,datafc_sofascore,2026-08-09T01:15:33.051884
35,77333,Castello Lukeba,976421,RB Leipzig,36360,1,0,7.07,1.16,0.77,8,2,7,22,31,3,0,2177,26,clearances,GER,2025-2026,datafc_sofascore,2026-08-09T01:15:33.051884
35,77333,Keven Schlotterbeck,891651,FC Augsburg,2600,0,1,6.96,1.37,1.09,12,3,12,10,40,5,1,2031,24,clearances,GER,2025-2026,datafc_sofascore,2026-08-09T01:15:33.051884
35,77333,Karol Mets,57627,FC St. Pauli,2526,1,0,6.59,0.77,0.6,7,1,4,1,25,3,0,1934,23,clearances,GER,2025-2026,datafc_sofascore,2026-08-09T01:15:33.051884
35,77333,Aurèle Amenda,999276,Eintracht Frankfurt,2674,0,0,6.67,0.77,0.88,10,2,6,2,15,5,0,1685,24,clearances,GER,2025-2026,datafc_sofascore,2026-08-09T01:15:33.051884
35,77333,Cedric Zesiger,798926,FC Augsburg,2600,0,0,6.69,0.8,1.21,12,3,8,3,34,7,0,1840,27,clearances,GER,2025-2026,datafc_sofascore,2026-08-09T01:15:33.051884
35,77333,Cenk Özkaçar,953097,1. FC Köln,2671,0,0,6.62,0.97,0.34,11,4,5,6,33,2,0,1801,25,clearances,GER,2025-2026,datafc_sofascore,2026-08-09T01:15:33.051884
35,77333,Amos Pieper,851254,SV Werder Bremen,2534,0,0,7.03,0.42,0.51,9,3,2,0,31,4,0,1504,19,clearances,GER,2025-2026,datafc_sofascore,2026-08-09T01:15:33.051884
35,77333,Nicolai Remberg,1064305,Hamburger SV,2676,0,2,6.93,1.03,1.41,17,8,13,14,60,11,0,2880,32,clearances,GER,2025-2026,datafc_sofascore,2026-08-09T01:15:33.051884
35,77333,Loïc Badé,1006489,Bayer 04 Leverkusen,2681,0,0,7.21,1.29,0.88,12,4,2,3,33,5,0,1659,23,clearances,GER,2025-2026,datafc_sofascore,2026-08-09T01:15:33.051884
35,77333,Vladimír Coufal,138024,TSG Hoffenheim,2569,1,8,7.12,0.88,8.99,25,6,59,31,60,4,0,3017,34,clearances,GER,2025-2026,datafc_sofascore,2026-08-09T01:15:33.051884
35,77333,Karim Coulibaly,1797852,SV Werder Bremen,2534,1,0,6.47,0.66,0.47,6,1,7,8,27,3,1,2122,27,clearances,GER,2025-2026,datafc_sofascore,2026-08-09T01:15:33.051884
35,77333,David Raum,856076,RB Leipzig,36360,3,7,7.33,2.2,12.39,24,8,98,16,48,6,0,2556,30,clearances,GER,2025-2026,datafc_sofascore,2026-08-09T01:15:33.051884
35,77333,Philipp Sander,939880,Borussia M'gladbach,2527,2,0,6.98,1.56,2.79,25,8,11,5,65,4,0,2454,30,clearances,GER,2025-2026,datafc_sofascore,2026-08-09T01:15:33.051884
35,77333,Eric Smith,542038,FC St. Pauli,2526,2,2,6.86,0.58,1.21,12,5,18,9,34,4,1,2314,27,clearances,GER,2025-2026,datafc_sofascore,2026-08-09T01:15:33.051884
35,77333,Stefan Bell,106662,1. FSV Mainz 05,2556,2,1,6.68,1.73,0.63,12,5,5,1,12,4,0,1049,18,clearances,GER,2025-2026,datafc_sofascore,2026-08-09T01:15:33.051884
35,77333,Kristoffer Lund,963043,1. FC Köln,2671,0,2,6.66,0.71,2.23,20,3,21,19,38,2,0,2289,33,clearances,GER,2025-2026,datafc_sofascore,2026-08-09T01:15:33.051884
35,77333,Jan Schöppner,933707,1. FC Heidenheim,5885,3,3,6.62,2.15,1.36,25,7,14,11,32,5,0,2260,31,clearances,GER,2025-2026,datafc_sofascore,2026-08-09T01:15:33.051884
35,77333,Jonas Föhrenbach,311676,1. FC Heidenheim,5885,1,1,6.6,0.55,2.71,5,1,21,2,46,3,0,2327,27,clearances,GER,2025-2026,datafc_sofascore,2026-08-09T01:15:33.051884
35,77333,Senne Lynen,826171,SV Werder Bremen,2534,0,0,6.79,1.11,1.65,25,4,15,6,63,4,0,2757,31,clearances,GER,2025-2026,datafc_sofascore,2026-08-09T01:15:33.051884
35,77333,Chrislain Matsima,963198,FC Augsburg,2600,1,1,6.81,0.42,0.44,7,1,4,1,19,5,0,1494,18,clearances,GER,2025-2026,datafc_sofascore,2026-08-09T01:15:33.051884
35,77333,Stefan Posch,355486,1. FSV Mainz 05,2556,0,0,6.95,0.48,1.24,11,3,8,4,46,4,0,1395,16,clearances,GER,2025-2026,datafc_sofascore,2026-08-09T01:15:33.051884
35,77333,Jarell Quansah,1003339,Bayer 04 Leverkusen,2681,4,0,6.88,2.84,1.29,18,8,11,14,28,9,0,2308,28,clearances,GER,2025-2026,datafc_sofascore,2026-08-09T01:15:33.051884
35,77333,Benedikt Gimber,798936,1. FC Heidenheim,5885,0,0,6.43,0.25,0.36,5,2,1,5,35,6,0,1448,21,clearances,GER,2025-2026,datafc_sofascore,2026-08-09T01:15:33.051884
35,77333,Ridle Baku,856553,RB Leipzig,36360,2,3,6.87,2.56,6.05,30,6,37,13,60,4,0,2509,32,clearances,GER,2025-2026,datafc_sofascore,2026-08-09T01:15:33.051884
35,77333,Noahkai Banks,1597260,FC Augsburg,2600,1,1,6.92,1.13,1.01,9,5,7,5,42,8,0,1738,23,clearances,GER,2025-2026,datafc_sofascore,2026-08-09T01:15:33.051884
35,77333,Arkadiusz Pyrka,971481,FC St. Pauli,2526,0,1,6.65,1.07,2.02,19,3,24,16,39,3,0,2580,31,clearances,GER,2025-2026,datafc_sofascore,2026-08-09T01:15:33.051884
35,77333,Marnon Busch,168861,1. FC Heidenheim,5885,1,5,6.79,1.11,3.52,12,3,17,3,36,4,0,1912,29,clearances,GER,2025-2026,datafc_sofascore,2026-08-09T01:15:33.051884
35,77333,Ramy Bensebaini,577726,Borussia Dortmund,2673,5,2,7.38,3.11,1.94,17,7,10,4,28,6,0,1529,21,clearances,GER,2025-2026,datafc_sofascore,2026-08-09T01:15:33.051884
35,77333,Warmed Omari,999030,Hamburger SV,2676,0,1,6.66,0.12,0.28,3,1,8,6,22,0,0,1607,20,clearances,GER,2025-2026,datafc_sofascore,2026-08-09T01:15:33.051884
35,77333,Sebastian Sebulonsen,1020206,1. FC Köln,2671,0,0,6.42,1.55,3.07,31,5,21,18,44,5,0,2505,31,clearances,GER,2025-2026,datafc_sofascore,2026-08-09T01:15:33.051884
35,77333,Andreas Hanche Olsen,794294,1. FSV Mainz 05,2556,0,1,6.65,0.35,0.09,6,3,3,0,8,3,0,850,13,clearances,GER,2025-2026,datafc_sofascore,2026-08-09T01:15:33.051884
35,77333,Robert Andrich,168903,Bayer 04 Leverkusen,2681,2,0,6.83,0.72,1.66,12,3,12,1,43,4,1,2547,32,clearances,GER,2025-2026,datafc_sofascore,2026-08-09T01:15:33.051884
35,77333,Tomoya Ando,1125024,FC St. Pauli,2526,0,1,6.69,0.39,0.45,8,2,6,5,33,3,0,1261,15,clearances,GER,2025-2026,datafc_sofascore,2026-08-09T01:15:33.051884
35,77333,Kim Min-jae,896569,FC Bayern München,2672,1,1,7.23,0.62,1.41,5,3,5,1,22,1,0,1621,25,clearances,GER,2025-2026,datafc_sofascore,2026-08-09T01:15:33.051884
35,77333,Daniel Svensson,1021272,Borussia Dortmund,2673,2,2,6.78,1.79,5.5,12,4,35,12,38,0,0,2452,33,clearances,GER,2025-2026,datafc_sofascore,2026-08-09T01:15:33.051884
35,77333,Adam Dźwigała,252343,FC St. Pauli,2526,1,1,6.74,0.14,0.32,4,2,5,3,46,5,0,1295,19,clearances,GER,2025-2026,datafc_sofascore,2026-08-09T01:15:33.051884
35,77333,Joe Scally,1002920,Borussia M'gladbach,2527,2,3,6.63,1.27,1.86,16,10,18,24,48,8,0,2611,32,clearances,GER,2025-2026,datafc_sofascore,2026-08-09T01:15:33.051884
35,77333,Philipp Lienhart,576266,SC Freiburg,2538,1,0,6.95,1.06,0.58,8,2,5,3,18,2,1,1305,20,clearances,GER,2025-2026,datafc_sofascore,2026-08-09T01:15:33.051884
35,77333,Arthur Chaves,1122806,FC Augsburg,2600,2,0,6.8,1.07,0.22,5,2,4,2,26,2,0,1068,15,clearances,GER,2025-2026,datafc_sofascore,2026-08-09T01:15:33.051884
35,77333,Ramon Hendriks,916943,VfB Stuttgart,2677,0,3,6.75,0.31,1.1,5,0,6,8,35,3,0,2033,31,clearances,GER,2025-2026,datafc_sofascore,2026-08-09T01:15:33.051884
35,77333,Bruno Ogbus,1596573,SC Freiburg,2538,0,0,6.64,0.37,0.2,5,2,1,3,23,1,0,1186,18,clearances,GER,2025-2026,datafc_sofascore,2026-08-09T01:15:33.051884
35,77333,Maximilian Arnold,147289,VfL Wolfsburg,2524,1,4,7.1,0.43,4.09,14,5,29,5,22,5,0,1860,25,clearances,GER,2025-2026,datafc_sofascore,2026-08-09T01:15:33.051884
35,77333,Christopher Trimmel,48557,1. FC Union Berlin,2547,0,3,7.02,0.09,6.41,5,1,53,1,38,8,0,1875,29,clearances,GER,2025-2026,datafc_sofascore,2026-08-09T01:15:33.051884
35,77333,Vinícius Souza,979290,VfL Wolfsburg,2524,0,0,6.88,0.91,0.58,9,2,8,8,55,5,0,1778,24,clearances,GER,2025-2026,datafc_sofascore,2026-08-09T01:15:33.051884
35,77333,Wouter Burger,916946,TSG Hoffenheim,2569,4,5,7.08,3.46,5.35,36,13,51,4,72,7,1,2440,30,clearances,GER,2025-2026,datafc_sofascore,2026-08-09T01:15:33.051884
35,77333,Kacper Potulski,1548910,1. FSV Mainz 05,2556,1,0,6.79,1.91,0.14,14,5,2,2,15,3,0,1060,15,clearances,GER,2025-2026,datafc_sofascore,2026-08-09T01:15:33.051884
35,77333,Lukas Kübler,142525,SC Freiburg,2538,2,2,6.66,3.18,1.49,19,5,11,2,40,3,0,1593,23,clearances,GER,2025-2026,datafc_sofascore,2026-08-09T01:15:33.051884
35,77333,Tim Siersleben,988252,1. FC Heidenheim,5885,0,0,6.57,0.47,0.37,5,3,2,0,23,2,0,1093,15,clearances,GER,2025-2026,datafc_sofascore,2026-08-09T01:15:33.051884
35,77333,Jenson Seelt,1088897,VfL Wolfsburg,2524,0,0,6.68,0.2,0.06,2,0,0,2,13,0,0,696,9,clearances,GER,2025-2026,datafc_sofascore,2026-08-09T01:15:33.051884
35,77333,Maximilian Mittelstädt,788949,VfB Stuttgart,2677,6,4,7.2,4.4,6.02,31,16,37,14,67,4,0,2195,32,clearances,GER,2025-2026,datafc_sofascore,2026-08-09T01:15:33.051884
35,77333,Rav van den Berg,1014493,1. FC Köln,2671,0,1,6.61,,0.12,0,0,1,0,14,0,1,1138,14,clearances,GER,2025-2026,datafc_sofascore,2026-08-09T01:15:33.051884
35,77333,Yukinari Sugawara,905347,SV Werder Bremen,2534,0,6,6.52,1.85,3.06,30,11,20,11,36,2,1,2432,31,clearances,GER,2025-2026,datafc_sofascore,2026-08-09T01:15:33.051884
35,77333,Robin Fellhauer,860461,FC Augsburg,2600,3,2,6.8,2.79,2.64,30,9,31,15,57,2,0,2810,34,clearances,GER,2025-2026,datafc_sofascore,2026-08-09T01:15:33.051884
35,77333,Jeanuël Belocian,1173172,VfL Wolfsburg,2524,0,1,6.61,0.47,0.69,4,0,5,7,35,3,0,1547,22,clearances,GER,2025-2026,datafc_sofascore,2026-08-09T01:15:33.051884
35,77333,Finn Jeltsch,1418649,VfB Stuttgart,2677,0,1,6.73,0.15,0.34,3,0,5,5,24,3,0,1512,23,clearances,GER,2025-2026,datafc_sofascore,2026-08-09T01:15:33.051884
35,77333,Saël Kumbedi,1155226,VfL Wolfsburg,2524,0,5,6.51,0.39,2.69,5,0,17,16,45,2,0,1805,24,clearances,GER,2025-2026,datafc_sofascore,2026-08-09T01:15:33.051884
35,77333,Rani Khedira,149479,1. FC Union Berlin,2547,5,1,6.72,2.04,1.35,23,10,16,3,59,7,0,2835,32,clearances,GER,2025-2026,datafc_sofascore,2026-08-09T01:15:33.051884
35,77333,Dimitrios Giannoulis,354878,FC Augsburg,2600,2,5,6.92,1.17,4.05,10,6,34,19,27,8,0,1901,27,clearances,GER,2025-2026,datafc_sofascore,2026-08-09T01:15:33.051884
35,77333,Nicolas Seiwald,976575,RB Leipzig,36360,0,2,6.9,1.83,1.89,19,7,15,8,66,2,0,2703,33,clearances,GER,2025-2026,datafc_sofascore,2026-08-09T01:15:33.051884
35,77333,Nicolás Capaldo,973564,Hamburger SV,2676,1,3,6.75,1.93,2.17,22,6,22,10,68,10,0,2009,26,clearances,GER,2025-2026,datafc_sofascore,2026-08-09T01:15:33.051884
35,77333,Miro Muheim,798303,Hamburger SV,2676,0,4,6.93,1.19,4.25,23,7,41,21,62,7,1,2437,29,clearances,GER,2025-2026,datafc_sofascore,2026-08-09T01:15:33.051884
35,77333,Maximilian Eggestein,569784,SC Freiburg,2538,3,1,6.85,3.8,1.7,44,13,19,15,64,4,0,3060,34,clearances,GER,2025-2026,datafc_sofascore,2026-08-09T01:15:33.051884
35,77333,Silvan Widmer,157377,1. FSV Mainz 05,2556,2,1,6.82,2.49,2.94,20,4,8,2,40,5,0,1819,27,clearances,GER,2025-2026,datafc_sofascore,2026-08-09T01:15:33.051884
35,77333,Jahmai Simpson-Pusey,1402924,1. FC Köln,2671,0,0,6.57,0.41,0.17,6,3,2,3,9,2,1,866,11,clearances,GER,2025-2026,datafc_sofascore,2026-08-09T01:15:33.051884
35,77333,Timo Hübers,387220,1. FC Köln,2671,0,0,6.96,,0.1,0,0,0,1,14,0,0,669,8,clearances,GER,2025-2026,datafc_sofascore,2026-08-09T01:15:33.051884
35,77333,Josip Stanišić,927407,FC Bayern München,2672,2,3,6.91,1.36,5.03,7,4,24,10,28,1,0,1855,26,clearances,GER,2025-2026,datafc_sofascore,2026-08-09T01:15:33.051884
35,77333,Jeffrey Gouweleeuw,146853,FC Augsburg,2600,0,1,6.57,0.33,0.68,5,3,5,2,19,3,0,851,11,clearances,GER,2025-2026,datafc_sofascore,2026-08-09T01:15:33.051884
35,77333,Haris Tabaković,259803,Borussia M'gladbach,2527,13,2,6.71,13.0,0.86,67,27,16,6,10,5,0,2394,32,clearances,GER,2025-2026,datafc_sofascore,2026-08-09T01:15:33.051884
35,77333,Daniel Elfadli,945532,Hamburger SV,2676,0,0,6.56,0.41,0.39,4,1,2,3,22,4,1,1266,21,clearances,GER,2025-2026,datafc_sofascore,2026-08-09T01:15:33.051884
35,77333,Stanley Nsoki,904991,1. FC Union Berlin,2547,1,2,6.59,0.16,0.31,3,1,4,4,13,2,0,823,13,clearances,GER,2025-2026,datafc_sofascore,2026-08-09T01:15:33.051884
35,77333,Niklas Stark,229544,SV Werder Bremen,2534,0,0,6.54,0.41,0.25,3,1,0,0,16,4,2,727,14,clearances,GER,2025-2026,datafc_sofascore,2026-08-09T01:15:33.051884
35,77333,Nico Elvedi,282229,Borussia M'gladbach,2527,0,2,7.01,0.45,1.27,9,0,13,1,43,5,0,2967,33,clearances,GER,2025-2026,datafc_sofascore,2026-08-09T01:15:33.051884
35,77333,Patrick Mainka,254429,1. FC Heidenheim,5885,2,2,6.85,3.49,1.36,37,9,10,4,45,1,0,3060,34,clearances,GER,2025-2026,datafc_sofascore,2026-08-09T01:15:33.051884
35,77333,Luka Vušković,1405212,Hamburger SV,2676,6,0,7.28,4.22,1.46,32,10,11,8,22,6,0,2441,28,clearances,GER,2025-2026,datafc_sofascore,2026-08-09T01:15:33.051884
35,77333,Willi Orbán,136924,RB Leipzig,36360,2,0,7.22,2.38,1.05,20,9,11,6,47,4,0,2950,33,clearances,GER,2025-2026,datafc_sofascore,2026-08-09T01:15:33.051884
35,77333,Leopold Querfeld,1086547,1. FC Union Berlin,2547,3,0,6.87,3.69,1.77,29,10,21,4,52,6,0,2704,31,clearances,GER,2025-2026,datafc_sofascore,2026-08-09T01:15:33.051884
35,77333,Robin Koch,581302,Eintracht Frankfurt,2674,3,1,6.96,1.38,1.67,15,5,10,2,42,1,1,2835,32,clearances,GER,2025-2026,datafc_sofascore,2026-08-09T01:15:33.051884
35,77333,Jeff Chabot,863271,VfB Stuttgart,2677,0,0,7.11,1.13,0.85,18,7,7,4,34,3,0,2296,27,clearances,GER,2025-2026,datafc_sofascore,2026-08-09T01:15:33.051884
35,77333,Matthias Ginter,142259,SC Freiburg,2538,3,4,6.98,2.3,2.92,19,7,15,3,22,3,0,2836,32,clearances,GER,2025-2026,datafc_sofascore,2026-08-09T01:15:33.051884
35,77333,Danilho Doekhi,830803,1. FC Union Berlin,2547,5,0,6.75,4.25,1.61,46,11,8,3,44,4,0,3060,34,clearances,GER,2025-2026,datafc_sofascore,2026-08-09T01:15:33.051884
35,77333,Jordan Torunarigha,801003,Hamburger SV,2676,0,0,6.78,0.37,0.91,5,1,2,6,37,3,0,1965,24,clearances,GER,2025-2026,datafc_sofascore,2026-08-09T01:15:33.051884
35,77333,Waldemar Anton,799046,Borussia Dortmund,2673,2,0,7.25,1.74,1.26,16,6,8,13,73,3,0,2880,32,clearances,GER,2025-2026,datafc_sofascore,2026-08-09T01:15:33.051884
35,77333,Albian Hajdari,1000269,TSG Hoffenheim,2569,1,2,6.98,1.73,1.62,19,4,10,2,58,10,0,2440,30,clearances,GER,2025-2026,datafc_sofascore,2026-08-09T01:15:33.051884
35,77333,Hauke Wahl,253469,FC St. Pauli,2526,2,1,6.76,0.61,1.42,10,4,6,2,43,1,0,2591,30,clearances,GER,2025-2026,datafc_sofascore,2026-08-09T01:15:33.051884
35,77333,Konstantinos Koulierakis,1184855,VfL Wolfsburg,2524,4,1,6.73,3.22,1.37,26,12,14,3,39,5,0,2488,29,clearances,GER,2025-2026,datafc_sofascore,2026-08-09T01:15:33.051884
35,77333,Marco Friedl,825771,SV Werder Bremen,2534,1,0,6.88,0.68,1.08,8,2,5,4,44,9,1,2549,30,clearances,GER,2025-2026,datafc_sofascore,2026-08-09T01:15:33.051884
35,77333,Danny da Costa,97926,1. FSV Mainz 05,2556,2,3,6.83,1.6,2.91,14,5,16,15,43,3,0,2697,34,clearances,GER,2025-2026,datafc_sofascore,2026-08-09T01:15:33.051884
35,77333,Robin Hranáč,957615,TSG Hoffenheim,2569,1,0,6.72,2.14,0.49,8,3,3,2,25,5,0,2251,29,clearances,GER,2025-2026,datafc_sofascore,2026-08-09T01:15:33.051884
35,77333,Diogo Leite,855663,1. FC Union Berlin,2547,0,0,6.77,1.21,1.08,10,1,9,6,33,4,0,1970,23,clearances,GER,2025-2026,datafc_sofascore,2026-08-09T01:15:33.051884
35,77333,Denis Vavro,293127,VfL Wolfsburg,2524,1,0,6.71,0.92,0.21,12,5,3,2,8,2,0,1210,17,clearances,GER,2025-2026,datafc_sofascore,2026-08-09T01:15:33.051884
35,77333,Edmond Tapsoba,883262,Bayer 04 Leverkusen,2681,5,3,7.2,2.5,1.42,29,10,11,8,31,7,0,2576,29,clearances,GER,2025-2026,datafc_sofascore,2026-08-09T01:15:33.051884
35,77333,Ozan Kabak,857740,TSG Hoffenheim,2569,4,0,6.88,4.33,0.84,36,12,8,6,20,5,0,1763,25,clearances,GER,2025-2026,datafc_sofascore,2026-08-09T01:15:33.051884
35,77333,Arthur Theate,965778,Eintracht Frankfurt,2674,1,0,6.78,1.1,1.27,15,7,12,4,35,8,0,2143,24,clearances,GER,2025-2026,datafc_sofascore,2026-08-09T01:15:33.051884
35,77333,Dominik Kohr,152206,1. FSV Mainz 05,2556,2,0,6.79,1.57,2.07,15,4,10,5,48,9,2,2345,29,clearances,GER,2025-2026,datafc_sofascore,2026-08-09T01:15:33.051884
35,77333,Kevin Diks,583806,Borussia M'gladbach,2527,5,0,6.96,5.08,1.13,23,13,8,10,43,6,0,2467,30,clearances,GER,2025-2026,datafc_sofascore,2026-08-09T01:15:33.051884
35,77333,Bernardo,828571,TSG Hoffenheim,2569,0,0,6.86,0.52,1.29,10,0,9,6,68,9,0,2318,29,clearances,GER,2025-2026,datafc_sofascore,2026-08-09T01:15:33.051884
35,77333,Moritz Jenz,920525,VfL Wolfsburg,2524,1,0,6.62,0.54,0.21,5,1,2,0,32,6,1,1789,22,clearances,GER,2025-2026,datafc_sofascore,2026-08-09T01:15:33.051884
35,77333,Nico Schlotterbeck,940871,Borussia Dortmund,2673,5,1,7.67,3.72,2.69,32,9,12,15,50,8,0,2520,28,clearances,GER,2025-2026,datafc_sofascore,2026-08-09T01:15:33.051884
35,77333,Eric Martel,988639,1. FC Köln,2671,2,2,6.84,2.5,1.17,23,4,15,2,46,10,1,2564,31,clearances,GER,2025-2026,datafc_sofascore,2026-08-09T01:15:33.051884
35,77333,Jonathan Tah,227672,FC Bayern München,2672,2,1,7.24,0.71,1.73,8,5,5,3,24,7,0,2024,28,clearances,GER,2025-2026,datafc_sofascore,2026-08-09T01:15:33.051884
35,77333,Castello Lukeba,976421,RB Leipzig,36360,1,0,7.07,1.16,0.77,8,2,7,22,31,3,0,2177,26,clearances,GER,2025-2026,datafc_sofascore,2026-08-09T01:15:33.051884
35,77333,Keven Schlotterbeck,891651,FC Augsburg,2600,0,1,6.96,1.37,1.09,12,3,12,10,40,5,1,2031,24,clearances,GER,2025-2026,datafc_sofascore,2026-08-09T01:15:33.051884
35,77333,Karol Mets,57627,FC St. Pauli,2526,1,0,6.59,0.77,0.6,7,1,4,1,25,3,0,1934,23,clearances,GER,2025-2026,datafc_sofascore,2026-08-09T01:15:33.051884
35,77333,Aurèle Amenda,999276,Eintracht Frankfurt,2674,0,0,6.67,0.77,0.88,10,2,6,2,15,5,0,1685,24,clearances,GER,2025-2026,datafc_sofascore,2026-08-09T01:15:33.051884
35,77333,Cedric Zesiger,798926,FC Augsburg,2600,0,0,6.69,0.8,1.21,12,3,8,3,34,7,0,1840,27,clearances,GER,2025-2026,datafc_sofascore,2026-08-09T01:15:33.051884
35,77333,Cenk Özkaçar,953097,1. FC Köln,2671,0,0,6.62,0.97,0.34,11,4,5,6,33,2,0,1801,25,clearances,GER,2025-2026,datafc_sofascore,2026-08-09T01:15:33.051884
35,77333,Amos Pieper,851254,SV Werder Bremen,2534,0,0,7.03,0.42,0.51,9,3,2,0,31,4,0,1504,19,clearances,GER,2025-2026,datafc_sofascore,2026-08-09T01:15:33.051884
35,77333,Nicolai Remberg,1064305,Hamburger SV,2676,0,2,6.93,1.03,1.41,17,8,13,14,60,11,0,2880,32,clearances,GER,2025-2026,datafc_sofascore,2026-08-09T01:15:33.051884
35,77333,Loïc Badé,1006489,Bayer 04 Leverkusen,2681,0,0,7.21,1.29,0.88,12,4,2,3,33,5,0,1659,23,clearances,GER,2025-2026,datafc_sofascore,2026-08-09T01:15:33.051884
35,77333,Vladimír Coufal,138024,TSG Hoffenheim,2569,1,8,7.12,0.88,8.99,25,6,59,31,60,4,0,3017,34,clearances,GER,2025-2026,datafc_sofascore,2026-08-09T01:15:33.051884
35,77333,Karim Coulibaly,1797852,SV Werder Bremen,2534,1,0,6.47,0.66,0.47,6,1,7,8,27,3,1,2122,27,clearances,GER,2025-2026,datafc_sofascore,2026-08-09T01:15:33.051884
35,77333,David Raum,856076,RB Leipzig,36360,3,7,7.33,2.2,12.39,24,8,98,16,48,6,0,2556,30,clearances,GER,2025-2026,datafc_sofascore,2026-08-09T01:15:33.051884
35,77333,Philipp Sander,939880,Borussia M'gladbach,2527,2,0,6.98,1.56,2.79,25,8,11,5,65,4,0,2454,30,clearances,GER,2025-2026,datafc_sofascore,2026-08-09T01:15:33.051884
35,77333,Eric Smith,542038,FC St. Pauli,2526,2,2,6.86,0.58,1.21,12,5,18,9,34,4,1,2314,27,clearances,GER,2025-2026,datafc_sofascore,2026-08-09T01:15:33.051884
35,77333,Stefan Bell,106662,1. FSV Mainz 05,2556,2,1,6.68,1.73,0.63,12,5,5,1,12,4,0,1049,18,clearances,GER,2025-2026,datafc_sofascore,2026-08-09T01:15:33.051884
35,77333,Kristoffer Lund,963043,1. FC Köln,2671,0,2,6.66,0.71,2.23,20,3,21,19,38,2,0,2289,33,clearances,GER,2025-2026,datafc_sofascore,2026-08-09T01:15:33.051884
35,77333,Jan Schöppner,933707,1. FC Heidenheim,5885,3,3,6.62,2.15,1.36,25,7,14,11,32,5,0,2260,31,clearances,GER,2025-2026,datafc_sofascore,2026-08-09T01:15:33.051884
35,77333,Jonas Föhrenbach,311676,1. FC Heidenheim,5885,1,1,6.6,0.55,2.71,5,1,21,2,46,3,0,2327,27,clearances,GER,2025-2026,datafc_sofascore,2026-08-09T01:15:33.051884
35,77333,Senne Lynen,826171,SV Werder Bremen,2534,0,0,6.79,1.11,1.65,25,4,15,6,63,4,0,2757,31,clearances,GER,2025-2026,datafc_sofascore,2026-08-09T01:15:33.051884
35,77333,Chrislain Matsima,963198,FC Augsburg,2600,1,1,6.81,0.42,0.44,7,1,4,1,19,5,0,1494,18,clearances,GER,2025-2026,datafc_sofascore,2026-08-09T01:15:33.051884
35,77333,Stefan Posch,355486,1. FSV Mainz 05,2556,0,0,6.95,0.48,1.24,11,3,8,4,46,4,0,1395,16,clearances,GER,2025-2026,datafc_sofascore,2026-08-09T01:15:33.051884
35,77333,Jarell Quansah,1003339,Bayer 04 Leverkusen,2681,4,0,6.88,2.84,1.29,18,8,11,14,28,9,0,2308,28,clearances,GER,2025-2026,datafc_sofascore,2026-08-09T01:15:33.051884
35,77333,Benedikt Gimber,798936,1. FC Heidenheim,5885,0,0,6.43,0.25,0.36,5,2,1,5,35,6,0,1448,21,clearances,GER,2025-2026,datafc_sofascore,2026-08-09T01:15:33.051884
35,77333,Ridle Baku,856553,RB Leipzig,36360,2,3,6.87,2.56,6.05,30,6,37,13,60,4,0,2509,32,clearances,GER,2025-2026,datafc_sofascore,2026-08-09T01:15:33.051884
35,77333,Noahkai Banks,1597260,FC Augsburg,2600,1,1,6.92,1.13,1.01,9,5,7,5,42,8,0,1738,23,clearances,GER,2025-2026,datafc_sofascore,2026-08-09T01:15:33.051884
35,77333,Arkadiusz Pyrka,971481,FC St. Pauli,2526,0,1,6.65,1.07,2.02,19,3,24,16,39,3,0,2580,31,clearances,GER,2025-2026,datafc_sofascore,2026-08-09T01:15:33.051884
35,77333,Marnon Busch,168861,1. FC Heidenheim,5885,1,5,6.79,1.11,3.52,12,3,17,3,36,4,0,1912,29,clearances,GER,2025-2026,datafc_sofascore,2026-08-09T01:15:33.051884
35,77333,Ramy Bensebaini,577726,Borussia Dortmund,2673,5,2,7.38,3.11,1.94,17,7,10,4,28,6,0,1529,21,clearances,GER,2025-2026,datafc_sofascore,2026-08-09T01:15:33.051884
35,77333,Warmed Omari,999030,Hamburger SV,2676,0,1,6.66,0.12,0.28,3,1,8,6,22,0,0,1607,20,clearances,GER,2025-2026,datafc_sofascore,2026-08-09T01:15:33.051884
35,77333,Sebastian Sebulonsen,1020206,1. FC Köln,2671,0,0,6.42,1.55,3.07,31,5,21,18,44,5,0,2505,31,clearances,GER,2025-2026,datafc_sofascore,2026-08-09T01:15:33.051884
35,77333,Andreas Hanche Olsen,794294,1. FSV Mainz 05,2556,0,1,6.65,0.35,0.09,6,3,3,0,8,3,0,850,13,clearances,GER,2025-2026,datafc_sofascore,2026-08-09T01:15:33.051884
35,77333,Robert Andrich,168903,Bayer 04 Leverkusen,2681,2,0,6.83,0.72,1.66,12,3,12,1,43,4,1,2547,32,clearances,GER,2025-2026,datafc_sofascore,2026-08-09T01:15:33.051884
35,77333,Tomoya Ando,1125024,FC St. Pauli,2526,0,1,6.69,0.39,0.45,8,2,6,5,33,3,0,1261,15,clearances,GER,2025-2026,datafc_sofascore,2026-08-09T01:15:33.051884
35,77333,Kim Min-jae,896569,FC Bayern München,2672,1,1,7.23,0.62,1.41,5,3,5,1,22,1,0,1621,25,clearances,GER,2025-2026,datafc_sofascore,2026-08-09T01:15:33.051884
35,77333,Daniel Svensson,1021272,Borussia Dortmund,2673,2,2,6.78,1.79,5.5,12,4,35,12,38,0,0,2452,33,clearances,GER,2025-2026,datafc_sofascore,2026-08-09T01:15:33.051884
35,77333,Adam Dźwigała,252343,FC St. Pauli,2526,1,1,6.74,0.14,0.32,4,2,5,3,46,5,0,1295,19,clearances,GER,2025-2026,datafc_sofascore,2026-08-09T01:15:33.051884
35,77333,Joe Scally,1002920,Borussia M'gladbach,2527,2,3,6.63,1.27,1.86,16,10,18,24,48,8,0,2611,32,clearances,GER,2025-2026,datafc_sofascore,2026-08-09T01:15:33.051884
35,77333,Philipp Lienhart,576266,SC Freiburg,2538,1,0,6.95,1.06,0.58,8,2,5,3,18,2,1,1305,20,clearances,GER,2025-2026,datafc_sofascore,2026-08-09T01:15:33.051884
35,77333,Arthur Chaves,1122806,FC Augsburg,2600,2,0,6.8,1.07,0.22,5,2,4,2,26,2,0,1068,15,clearances,GER,2025-2026,datafc_sofascore,2026-08-09T01:15:33.051884
35,77333,Ramon Hendriks,916943,VfB Stuttgart,2677,0,3,6.75,0.31,1.1,5,0,6,8,35,3,0,2033,31,clearances,GER,2025-2026,datafc_sofascore,2026-08-09T01:15:33.051884
35,77333,Bruno Ogbus,1596573,SC Freiburg,2538,0,0,6.64,0.37,0.2,5,2,1,3,23,1,0,1186,18,clearances,GER,2025-2026,datafc_sofascore,2026-08-09T01:15:33.051884
35,77333,Maximilian Arnold,147289,VfL Wolfsburg,2524,1,4,7.1,0.43,4.09,14,5,29,5,22,5,0,1860,25,clearances,GER,2025-2026,datafc_sofascore,2026-08-09T01:15:33.051884
35,77333,Christopher Trimmel,48557,1. FC Union Berlin,2547,0,3,7.02,0.09,6.41,5,1,53,1,38,8,0,1875,29,clearances,GER,2025-2026,datafc_sofascore,2026-08-09T01:15:33.051884
35,77333,Vinícius Souza,979290,VfL Wolfsburg,2524,0,0,6.88,0.91,0.58,9,2,8,8,55,5,0,1778,24,clearances,GER,2025-2026,datafc_sofascore,2026-08-09T01:15:33.051884
35,77333,Wouter Burger,916946,TSG Hoffenheim,2569,4,5,7.08,3.46,5.35,36,13,51,4,72,7,1,2440,30,clearances,GER,2025-2026,datafc_sofascore,2026-08-09T01:15:33.051884
35,77333,Kacper Potulski,1548910,1. FSV Mainz 05,2556,1,0,6.79,1.91,0.14,14,5,2,2,15,3,0,1060,15,clearances,GER,2025-2026,datafc_sofascore,2026-08-09T01:15:33.051884
35,77333,Lukas Kübler,142525,SC Freiburg,2538,2,2,6.66,3.18,1.49,19,5,11,2,40,3,0,1593,23,clearances,GER,2025-2026,datafc_sofascore,2026-08-09T01:15:33.051884
35,77333,Tim Siersleben,988252,1. FC Heidenheim,5885,0,0,6.57,0.47,0.37,5,3,2,0,23,2,0,1093,15,clearances,GER,2025-2026,datafc_sofascore,2026-08-09T01:15:33.051884
35,77333,Jenson Seelt,1088897,VfL Wolfsburg,2524,0,0,6.68,0.2,0.06,2,0,0,2,13,0,0,696,9,clearances,GER,2025-2026,datafc_sofascore,2026-08-09T01:15:33.051884
35,77333,Maximilian Mittelstädt,788949,VfB Stuttgart,2677,6,4,7.2,4.4,6.02,31,16,37,14,67,4,0,2195,32,clearances,GER,2025-2026,datafc_sofascore,2026-08-09T01:15:33.051884
35,77333,Rav van den Berg,1014493,1. FC Köln,2671,0,1,6.61,,0.12,0,0,1,0,14,0,1,1138,14,clearances,GER,2025-2026,datafc_sofascore,2026-08-09T01:15:33.051884
35,77333,Yukinari Sugawara,905347,SV Werder Bremen,2534,0,6,6.52,1.85,3.06,30,11,20,11,36,2,1,2432,31,clearances,GER,2025-2026,datafc_sofascore,2026-08-09T01:15:33.051884
35,77333,Robin Fellhauer,860461,FC Augsburg,2600,3,2,6.8,2.79,2.64,30,9,31,15,57,2,0,2810,34,clearances,GER,2025-2026,datafc_sofascore,2026-08-09T01:15:33.051884
35,77333,Jeanuël Belocian,1173172,VfL Wolfsburg,2524,0,1,6.61,0.47,0.69,4,0,5,7,35,3,0,1547,22,clearances,GER,2025-2026,datafc_sofascore,2026-08-09T01:15:33.051884
35,77333,Finn Jeltsch,1418649,VfB Stuttgart,2677,0,1,6.73,0.15,0.34,3,0,5,5,24,3,0,1512,23,clearances,GER,2025-2026,datafc_sofascore,2026-08-09T01:15:33.051884
35,77333,Saël Kumbedi,1155226,VfL Wolfsburg,2524,0,5,6.51,0.39,2.69,5,0,17,16,45,2,0,1805,24,clearances,GER,2025-2026,datafc_sofascore,2026-08-09T01:15:33.051884
35,77333,Rani Khedira,149479,1. FC Union Berlin,2547,5,1,6.72,2.04,1.35,23,10,16,3,59,7,0,2835,32,clearances,GER,2025-2026,datafc_sofascore,2026-08-09T01:15:33.051884
35,77333,Dimitrios Giannoulis,354878,FC Augsburg,2600,2,5,6.92,1.17,4.05,10,6,34,19,27,8,0,1901,27,clearances,GER,2025-2026,datafc_sofascore,2026-08-09T01:15:33.051884
35,77333,Nicolas Seiwald,976575,RB Leipzig,36360,0,2,6.9,1.83,1.89,19,7,15,8,66,2,0,2703,33,clearances,GER,2025-2026,datafc_sofascore,2026-08-09T01:15:33.051884
35,77333,Nicolás Capaldo,973564,Hamburger SV,2676,1,3,6.75,1.93,2.17,22,6,22,10,68,10,0,2009,26,clearances,GER,2025-2026,datafc_sofascore,2026-08-09T01:15:33.051884
35,77333,Miro Muheim,798303,Hamburger SV,2676,0,4,6.93,1.19,4.25,23,7,41,21,62,7,1,2437,29,clearances,GER,2025-2026,datafc_sofascore,2026-08-09T01:15:33.051884
35,77333,Maximilian Eggestein,569784,SC Freiburg,2538,3,1,6.85,3.8,1.7,44,13,19,15,64,4,0,3060,34,clearances,GER,2025-2026,datafc_sofascore,2026-08-09T01:15:33.051884
35,77333,Silvan Widmer,157377,1. FSV Mainz 05,2556,2,1,6.82,2.49,2.94,20,4,8,2,40,5,0,1819,27,clearances,GER,2025-2026,datafc_sofascore,2026-08-09T01:15:33.051884
35,77333,Jahmai Simpson-Pusey,1402924,1. FC Köln,2671,0,0,6.57,0.41,0.17,6,3,2,3,9,2,1,866,11,clearances,GER,2025-2026,datafc_sofascore,2026-08-09T01:15:33.051884
35,77333,Timo Hübers,387220,1. FC Köln,2671,0,0,6.96,,0.1,0,0,0,1,14,0,0,669,8,clearances,GER,2025-2026,datafc_sofascore,2026-08-09T01:15:33.051884
35,77333,Josip Stanišić,927407,FC Bayern München,2672,2,3,6.91,1.36,5.03,7,4,24,10,28,1,0,1855,26,clearances,GER,2025-2026,datafc_sofascore,2026-08-09T01:15:33.051884
35,77333,Jeffrey Gouweleeuw,146853,FC Augsburg,2600,0,1,6.57,0.33,0.68,5,3,5,2,19,3,0,851,11,clearances,GER,2025-2026,datafc_sofascore,2026-08-09T01:15:33.051884
35,77333,Haris Tabaković,259803,Borussia M'gladbach,2527,13,2,6.71,13.0,0.86,67,27,16,6,10,5,0,2394,32,clearances,GER,2025-2026,datafc_sofascore,2026-08-09T01:15:33.051884
35,77333,Daniel Elfadli,945532,Hamburger SV,2676,0,0,6.56,0.41,0.39,4,1,2,3,22,4,1,1266,21,clearances,GER,2025-2026,datafc_sofascore,2026-08-09T01:15:33.051884
35,77333,Stanley Nsoki,904991,1. FC Union Berlin,2547,1,2,6.59,0.16,0.31,3,1,4,4,13,2,0,823,13,clearances,GER,2025-2026,datafc_sofascore,2026-08-09T01:15:33.051884
35,77333,Niklas Stark,229544,SV Werder Bremen,2534,0,0,6.54,0.41,0.25,3,1,0,0,16,4,2,727,14,clearances,GER,2025-2026,datafc_sofascore,2026-08-09T01:15:33.051884
35,77333,Romano Schmid,830127,SV Werder Bremen,2534,4,8,6.91,7.83,10.44,57,21,89,37,46,4,0,2988,34,possessionLost,GER,2025-2026,datafc_sofascore,2026-08-09T01:15:33.051884
35,77333,Vladimír Coufal,138024,TSG Hoffenheim,2569,1,8,7.12,0.88,8.99,25,6,59,31,60,4,0,3017,34,possessionLost,GER,2025-2026,datafc_sofascore,2026-08-09T01:15:33.051884
35,77333,David Raum,856076,RB Leipzig,36360,3,7,7.33,2.2,12.39,24,8,98,16,48,6,0,2556,30,possessionLost,GER,2025-2026,datafc_sofascore,2026-08-09T01:15:33.051884
35,77333,Michael Olise,978838,FC Bayern München,2672,15,19,7.87,11.46,17.23,101,50,81,65,24,8,0,2317,32,possessionLost,GER,2025-2026,datafc_sofascore,2026-08-09T01:15:33.051884
35,77333,Diant Ramaj,981562,1. FC Heidenheim,5885,0,1,6.94,,0.19,0,0,1,0,1,2,0,2790,31,possessionLost,GER,2025-2026,datafc_sofascore,2026-08-09T01:15:33.051884
35,77333,Julian Ryerson,800951,Borussia Dortmund,2673,0,15,7.08,0.93,10.04,12,1,56,24,34,8,0,2272,31,possessionLost,GER,2025-2026,datafc_sofascore,2026-08-09T01:15:33.051884
35,77333,Marvin Schwäbe,187185,1. FC Köln,2671,0,0,7.12,,0.21,0,0,1,0,1,2,0,3060,34,possessionLost,GER,2025-2026,datafc_sofascore,2026-08-09T01:15:33.051884
35,77333,Rocco Reitz,1048650,Borussia M'gladbach,2527,0,4,6.86,2.57,4.92,47,14,28,24,68,8,1,2636,31,possessionLost,GER,2025-2026,datafc_sofascore,2026-08-09T01:15:33.051884
35,77333,Alejandro Grimaldo,177177,Bayer 04 Leverkusen,2681,8,8,7.31,6.65,10.13,60,21,70,25,49,5,0,2524,29,possessionLost,GER,2025-2026,datafc_sofascore,2026-08-09T01:15:33.051884
35,77333,Wouter Burger,916946,TSG Hoffenheim,2569,4,5,7.08,3.46,5.35,36,13,51,4,72,7,1,2440,30,possessionLost,GER,2025-2026,datafc_sofascore,2026-08-09T01:15:33.051884
35,77333,Miro Muheim,798303,Hamburger SV,2676,0,4,6.93,1.19,4.25,23,7,41,21,62,7,1,2437,29,possessionLost,GER,2025-2026,datafc_sofascore,2026-08-09T01:15:33.051884
35,77333,Danel Sinani,887500,FC St. Pauli,2526,5,3,6.72,5.06,4.78,51,18,47,12,25,4,0,2068,30,possessionLost,GER,2025-2026,datafc_sofascore,2026-08-09T01:15:33.051884
35,77333,Joel Chima Fujita,1002461,FC St. Pauli,2526,1,3,6.71,1.15,3.92,31,7,30,47,68,6,0,2671,32,possessionLost,GER,2025-2026,datafc_sofascore,2026-08-09T01:15:33.051884
35,77333,Noah Atubolu,980626,SC Freiburg,2538,0,0,7.07,,0.48,0,0,3,0,0,1,0,3060,34,possessionLost,GER,2025-2026,datafc_sofascore,2026-08-09T01:15:33.051884
35,77333,Finn Dahmen,822564,FC Augsburg,2600,0,0,7.01,0.32,0.2,1,0,4,0,3,1,0,3060,34,possessionLost,GER,2025-2026,datafc_sofascore,2026-08-09T01:15:33.051884
35,77333,Yan Diomande,2087085,RB Leipzig,36360,12,8,7.72,7.14,10.12,53,26,56,118,29,2,0,2476,33,possessionLost,GER,2025-2026,datafc_sofascore,2026-08-09T01:15:33.051884
35,77333,Arijon Ibrahimović,1142248,1. FC Heidenheim,5885,2,4,6.8,6.31,6.3,47,19,56,23,34,2,0,2181,32,possessionLost,GER,2025-2026,datafc_sofascore,2026-08-09T01:15:33.051884
35,77333,Jakub Kamiński,801263,1. FC Köln,2671,7,3,7.1,7.06,6.41,63,26,52,24,45,4,0,3019,34,possessionLost,GER,2025-2026,datafc_sofascore,2026-08-09T01:15:33.051884
35,77333,Christian Eriksen,105734,VfL Wolfsburg,2524,3,9,6.91,5.96,7.65,38,14,63,10,38,4,0,2419,31,possessionLost,GER,2025-2026,datafc_sofascore,2026-08-09T01:15:33.051884
35,77333,Ritsu Doan,790965,Eintracht Frankfurt,2674,5,5,6.85,3.36,5.62,41,15,40,34,43,5,0,2379,31,possessionLost,GER,2025-2026,datafc_sofascore,2026-08-09T01:15:33.051884
35,77333,Daniel Fernandes,113442,Hamburger SV,2676,0,0,7.18,0.26,0.13,1,0,0,1,0,3,0,2970,33,possessionLost,GER,2025-2026,datafc_sofascore,2026-08-09T01:15:33.051884
35,77333,Christopher Trimmel,48557,1. FC Union Berlin,2547,0,3,7.02,0.09,6.41,5,1,53,1,38,8,0,1875,29,possessionLost,GER,2025-2026,datafc_sofascore,2026-08-09T01:15:33.051884
35,77333,Bazoumana Touré,1568123,TSG Hoffenheim,2569,5,9,6.91,4.16,5.75,48,13,46,48,34,2,0,2325,30,possessionLost,GER,2025-2026,datafc_sofascore,2026-08-09T01:15:33.051884
35,77333,Angelo Stiller,901882,VfB Stuttgart,2677,2,5,7.25,3.08,7.46,17,8,56,14,49,1,0,2750,34,possessionLost,GER,2025-2026,datafc_sofascore,2026-08-09T01:15:33.051884
35,77333,Jamie Leweling,990201,VfB Stuttgart,2677,7,9,7.03,4.31,5.22,49,18,41,31,22,4,0,2375,32,possessionLost,GER,2025-2026,datafc_sofascore,2026-08-09T01:15:33.051884
35,77333,Nadiem Amiri,327755,1. FSV Mainz 05,2556,12,2,7.43,10.4,7.69,55,23,63,25,31,6,0,2090,26,possessionLost,GER,2025-2026,datafc_sofascore,2026-08-09T01:15:33.051884
35,77333,Luis Díaz,883537,FC Bayern München,2672,15,14,7.26,15.1,7.74,88,37,67,61,21,5,1,2450,32,possessionLost,GER,2025-2026,datafc_sofascore,2026-08-09T01:15:33.051884
35,77333,Frederik Rønnow,137692,1. FC Union Berlin,2547,0,0,6.74,,0.24,0,0,2,0,1,2,0,2641,30,possessionLost,GER,2025-2026,datafc_sofascore,2026-08-09T01:15:33.051884
35,77333,Robin Fellhauer,860461,FC Augsburg,2600,3,2,6.8,2.79,2.64,30,9,31,15,57,2,0,2810,34,possessionLost,GER,2025-2026,datafc_sofascore,2026-08-09T01:15:33.051884
35,77333,Fabian Rieder,929620,FC Augsburg,2600,6,3,6.89,4.19,4.59,38,13,44,19,37,4,0,2359,32,possessionLost,GER,2025-2026,datafc_sofascore,2026-08-09T01:15:33.051884
35,77333,Kamil Grabara,902080,VfL Wolfsburg,2524,0,0,7.21,0.04,0.12,1,0,3,1,1,1,0,3060,34,possessionLost,GER,2025-2026,datafc_sofascore,2026-08-09T01:15:33.051884
35,77333,Arkadiusz Pyrka,971481,FC St. Pauli,2526,0,1,6.65,1.07,2.02,19,3,24,16,39,3,0,2580,31,possessionLost,GER,2025-2026,datafc_sofascore,2026-08-09T01:15:33.051884
35,77333,Christoph Baumgartner,825956,RB Leipzig,36360,13,8,6.93,15.1,3.94,81,35,37,13,54,10,0,2789,33,possessionLost,GER,2025-2026,datafc_sofascore,2026-08-09T01:15:33.051884
35,77333,Sebastian Sebulonsen,1020206,1. FC Köln,2671,0,0,6.42,1.55,3.07,31,5,21,18,44,5,0,2505,31,possessionLost,GER,2025-2026,datafc_sofascore,2026-08-09T01:15:33.051884
35,77333,Paul Nebel,980621,1. FSV Mainz 05,2556,5,2,6.61,5.26,3.77,32,8,41,20,50,2,2,2081,30,possessionLost,GER,2025-2026,datafc_sofascore,2026-08-09T01:15:33.051884
35,77333,Alexander Nübel,584722,VfB Stuttgart,2677,0,1,7.19,,0.1,0,0,3,0,0,0,0,3060,34,possessionLost,GER,2025-2026,datafc_sofascore,2026-08-09T01:15:33.051884
35,77333,Danny da Costa,97926,1. FSV Mainz 05,2556,2,3,6.83,1.6,2.91,14,5,16,15,43,3,0,2697,34,possessionLost,GER,2025-2026,datafc_sofascore,2026-08-09T01:15:33.051884
35,77333,Ridle Baku,856553,RB Leipzig,36360,2,3,6.87,2.56,6.05,30,6,37,13,60,4,0,2509,32,possessionLost,GER,2025-2026,datafc_sofascore,2026-08-09T01:15:33.051884
35,77333,Yukinari Sugawara,905347,SV Werder Bremen,2534,0,6,6.52,1.85,3.06,30,11,20,11,36,2,1,2432,31,possessionLost,GER,2025-2026,datafc_sofascore,2026-08-09T01:15:33.051884
35,77333,Oliver Baumann,40244,TSG Hoffenheim,2569,0,0,6.79,,0.39,0,0,1,2,0,3,0,3060,34,possessionLost,GER,2025-2026,datafc_sofascore,2026-08-09T01:15:33.051884
35,77333,Kristoffer Lund,963043,1. FC Köln,2671,0,2,6.66,0.71,2.23,20,3,21,19,38,2,0,2289,33,possessionLost,GER,2025-2026,datafc_sofascore,2026-08-09T01:15:33.051884
35,77333,Kaishu Sano,1028307,1. FSV Mainz 05,2556,1,2,7.02,1.36,3.4,24,6,25,28,52,1,0,3059,34,possessionLost,GER,2025-2026,datafc_sofascore,2026-08-09T01:15:33.051884
35,77333,Antonio Nusa,1121923,RB Leipzig,36360,4,3,7.07,4.41,5.16,61,20,33,68,26,0,0,2035,31,possessionLost,GER,2025-2026,datafc_sofascore,2026-08-09T01:15:33.051884
35,77333,Bernardo,828571,TSG Hoffenheim,2569,0,0,6.86,0.52,1.29,10,0,9,6,68,9,0,2318,29,possessionLost,GER,2025-2026,datafc_sofascore,2026-08-09T01:15:33.051884
35,77333,Joshua Kimmich,259117,FC Bayern München,2672,2,8,7.71,2.65,10.24,28,10,58,11,32,4,0,2280,29,possessionLost,GER,2025-2026,datafc_sofascore,2026-08-09T01:15:33.051884
35,77333,Nikola Vasilj,325061,FC St. Pauli,2526,0,0,7.09,,0.07,0,0,0,0,1,0,0,3060,34,possessionLost,GER,2025-2026,datafc_sofascore,2026-08-09T01:15:33.051884
35,77333,Maximilian Beier,980628,Borussia Dortmund,2673,9,6,6.8,7.35,4.97,50,20,26,18,26,3,0,2036,32,possessionLost,GER,2025-2026,datafc_sofascore,2026-08-09T01:15:33.051884
35,77333,Fisnik Asllani,1010117,TSG Hoffenheim,2569,10,7,6.73,8.28,3.93,73,28,36,17,17,2,0,2354,33,possessionLost,GER,2025-2026,datafc_sofascore,2026-08-09T01:15:33.051884
35,77333,Maximilian Eggestein,569784,SC Freiburg,2538,3,1,6.85,3.8,1.7,44,13,19,15,64,4,0,3060,34,possessionLost,GER,2025-2026,datafc_sofascore,2026-08-09T01:15:33.051884
35,77333,Moritz Nicolas,578166,Borussia M'gladbach,2527,0,0,7.34,,0.07,0,0,2,0,1,1,0,3060,34,possessionLost,GER,2025-2026,datafc_sofascore,2026-08-09T01:15:33.051884
35,77333,Jens Stage,830142,SV Werder Bremen,2534,10,2,6.98,6.08,3.21,56,21,26,13,41,5,0,2468,29,possessionLost,GER,2025-2026,datafc_sofascore,2026-08-09T01:15:33.051884
35,77333,Aleix García,796047,Bayer 04 Leverkusen,2681,3,8,7.45,2.29,6.65,30,5,51,4,26,6,0,2676,33,possessionLost,GER,2025-2026,datafc_sofascore,2026-08-09T01:15:33.051884
35,77333,Franck Honorat,280453,Borussia M'gladbach,2527,2,6,6.87,0.91,6.75,17,5,45,17,22,0,0,1987,28,possessionLost,GER,2025-2026,datafc_sofascore,2026-08-09T01:15:33.051884
35,77333,Phillip Tietz,822340,1. FSV Mainz 05,2556,6,3,6.45,8.87,1.87,52,24,22,12,8,4,0,1807,29,possessionLost,GER,2025-2026,datafc_sofascore,2026-08-09T01:15:33.051884
35,77333,Dimitrios Giannoulis,354878,FC Augsburg,2600,2,5,6.92,1.17,4.05,10,6,34,19,27,8,0,1901,27,possessionLost,GER,2025-2026,datafc_sofascore,2026-08-09T01:15:33.051884
35,77333,Nico Schlotterbeck,940871,Borussia Dortmund,2673,5,1,7.67,3.72,2.69,32,9,12,15,50,8,0,2520,28,possessionLost,GER,2025-2026,datafc_sofascore,2026-08-09T01:15:33.051884
35,77333,Danilho Doekhi,830803,1. FC Union Berlin,2547,5,0,6.75,4.25,1.61,46,11,8,3,44,4,0,3060,34,possessionLost,GER,2025-2026,datafc_sofascore,2026-08-09T01:15:33.051884
35,77333,Joe Scally,1002920,Borussia M'gladbach,2527,2,3,6.63,1.27,1.86,16,10,18,24,48,8,0,2611,32,possessionLost,GER,2025-2026,datafc_sofascore,2026-08-09T01:15:33.051884
35,77333,Andrej Ilić,953767,1. FC Union Berlin,2547,5,9,6.7,11.26,2.17,72,26,30,7,4,5,0,2256,32,possessionLost,GER,2025-2026,datafc_sofascore,2026-08-09T01:15:33.051884
35,77333,Patrick Wimmer,987504,VfL Wolfsburg,2524,4,3,6.88,3.12,2.19,24,8,16,38,47,4,0,1634,25,possessionLost,GER,2025-2026,datafc_sofascore,2026-08-09T01:15:33.051884
35,77333,Maximilian Mittelstädt,788949,VfB Stuttgart,2677,6,4,7.2,4.4,6.02,31,16,37,14,67,4,0,2195,32,possessionLost,GER,2025-2026,datafc_sofascore,2026-08-09T01:15:33.051884
35,77333,Ibrahim Maza,1407524,Bayer 04 Leverkusen,2681,3,4,7.1,5.34,4.45,54,17,29,48,41,2,0,1859,28,possessionLost,GER,2025-2026,datafc_sofascore,2026-08-09T01:15:33.051884
35,77333,Bilal El Khannouss,1126569,VfB Stuttgart,2677,4,5,6.98,3.17,5.74,42,15,45,18,28,6,0,1634,25,possessionLost,GER,2025-2026,datafc_sofascore,2026-08-09T01:15:33.051884
35,77333,Alexis Claude-Maurice,822877,FC Augsburg,2600,5,4,6.87,6.88,3.2,71,26,33,44,41,3,0,2107,29,possessionLost,GER,2025-2026,datafc_sofascore,2026-08-09T01:15:33.051884
35,77333,Marco Grüll,815612,SV Werder Bremen,2534,3,1,6.76,3.6,3.09,43,13,33,21,38,5,0,2020,33,possessionLost,GER,2025-2026,datafc_sofascore,2026-08-09T01:15:33.051884
35,77333,Nathaniel Brown,1159759,Eintracht Frankfurt,2674,4,4,6.79,2.52,2.89,18,9,34,17,81,3,0,2658,33,possessionLost,GER,2025-2026,datafc_sofascore,2026-08-09T01:15:33.051884
35,77333,Derrick Köhn,886737,1. FC Union Berlin,2547,1,2,6.72,2.15,3.78,28,5,26,11,34,5,1,1910,29,possessionLost,GER,2025-2026,datafc_sofascore,2026-08-09T01:15:33.051884
35,77333,Albian Hajdari,1000269,TSG Hoffenheim,2569,1,2,6.98,1.73,1.62,19,4,10,2,58,10,0,2440,30,possessionLost,GER,2025-2026,datafc_sofascore,2026-08-09T01:15:33.051884
35,77333,Johan Manzambi,1518931,SC Freiburg,2538,5,4,7.22,3.85,5.13,51,12,20,33,35,4,2,2094,27,possessionLost,GER,2025-2026,datafc_sofascore,2026-08-09T01:15:33.051884
35,77333,Said El Mala,1800475,1. FC Köln,2671,13,4,6.97,11.22,2.34,75,31,21,44,24,4,0,1957,34,possessionLost,GER,2025-2026,datafc_sofascore,2026-08-09T01:15:33.051884
35,77333,Mathias Pereira Lage,831400,FC St. Pauli,2526,2,2,6.57,4.33,1.47,43,15,24,15,38,3,0,2030,28,possessionLost,GER,2025-2026,datafc_sofascore,2026-08-09T01:15:33.051884
35,77333,Rasmus Kristensen,921789,Eintracht Frankfurt,2674,2,0,6.96,0.68,1.17,15,6,8,14,46,4,1,1563,22,possessionLost,GER,2025-2026,datafc_sofascore,2026-08-09T01:15:33.051884
35,77333,Jan Schöppner,933707,1. FC Heidenheim,5885,3,3,6.62,2.15,1.36,25,7,14,11,32,5,0,2260,31,possessionLost,GER,2025-2026,datafc_sofascore,2026-08-09T01:15:33.051884
35,77333,Eric Smith,542038,FC St. Pauli,2526,2,2,6.86,0.58,1.21,12,5,18,9,34,4,1,2314,27,possessionLost,GER,2025-2026,datafc_sofascore,2026-08-09T01:15:33.051884
35,77333,Ilyas Ansah,1462742,1. FC Union Berlin,2547,5,1,6.64,3.25,1.05,33,12,16,25,17,1,0,1909,33,possessionLost,GER,2025-2026,datafc_sofascore,2026-08-09T01:15:33.051884
35,77333,Daniel Svensson,1021272,Borussia Dortmund,2673,2,2,6.78,1.79,5.5,12,4,35,12,38,0,0,2452,33,possessionLost,GER,2025-2026,datafc_sofascore,2026-08-09T01:15:33.051884
35,77333,Farès Chaïbi,1192318,Eintracht Frankfurt,2674,2,9,6.83,2.83,3.9,35,9,40,11,31,2,0,1797,28,possessionLost,GER,2025-2026,datafc_sofascore,2026-08-09T01:15:33.051884
35,77333,Luka Vušković,1405212,Hamburger SV,2676,6,0,7.28,4.22,1.46,32,10,11,8,22,6,0,2441,28,possessionLost,GER,2025-2026,datafc_sofascore,2026-08-09T01:15:33.051884
35,77333,Cameron Puertas,916176,SV Werder Bremen,2534,1,2,6.66,1.82,2.38,37,8,27,15,60,6,0,1878,28,possessionLost,GER,2025-2026,datafc_sofascore,2026-08-09T01:15:33.051884
35,77333,Gregor Kobel,556866,Borussia Dortmund,2673,0,0,7.14,,0.1,0,0,0,0,0,3,0,3060,34,possessionLost,GER,2025-2026,datafc_sofascore,2026-08-09T01:15:33.051884
35,77333,Mohamed Amoura,1107591,VfL Wolfsburg,2524,8,3,6.74,8.6,2.51,60,19,25,16,38,2,0,1935,30,possessionLost,GER,2025-2026,datafc_sofascore,2026-08-09T01:15:33.051884
35,77333,Waldemar Anton,799046,Borussia Dortmund,2673,2,0,7.25,1.74,1.26,16,6,8,13,73,3,0,2880,32,possessionLost,GER,2025-2026,datafc_sofascore,2026-08-09T01:15:33.051884
35,77333,Deniz Undav,794298,VfB Stuttgart,2677,19,6,7.19,16.4,4.03,122,46,41,9,18,5,0,2247,29,possessionLost,GER,2025-2026,datafc_sofascore,2026-08-09T01:15:33.051884
35,77333,Phillipp Mwene,138126,1. FSV Mainz 05,2556,1,2,6.81,1.96,3.08,10,2,18,8,29,4,0,2072,29,possessionLost,GER,2025-2026,datafc_sofascore,2026-08-09T01:15:33.051884
35,77333,Philipp Sander,939880,Borussia M'gladbach,2527,2,0,6.98,1.56,2.79,25,8,11,5,65,4,0,2454,30,possessionLost,GER,2025-2026,datafc_sofascore,2026-08-09T01:15:33.051884
35,77333,Rani Khedira,149479,1. FC Union Berlin,2547,5,1,6.72,2.04,1.35,23,10,16,3,59,7,0,2835,32,possessionLost,GER,2025-2026,datafc_sofascore,2026-08-09T01:15:33.051884
35,77333,Rômulo,1133743,RB Leipzig,36360,9,4,6.65,14.36,2.95,63,27,26,11,30,3,0,2204,30,possessionLost,GER,2025-2026,datafc_sofascore,2026-08-09T01:15:33.051884
35,77333,Tim Lemperle,1014290,TSG Hoffenheim,2569,8,2,6.55,8.4,2.36,53,21,27,15,21,1,1,1959,29,possessionLost,GER,2025-2026,datafc_sofascore,2026-08-09T01:15:33.051884
35,77333,Diogo Leite,855663,1. FC Union Berlin,2547,0,0,6.77,1.21,1.08,10,1,9,6,33,4,0,1970,23,possessionLost,GER,2025-2026,datafc_sofascore,2026-08-09T01:15:33.051884
35,77333,Chris Führich,891510,VfB Stuttgart,2677,7,7,7.17,4.26,8.05,45,23,49,28,15,2,0,1723,33,possessionLost,GER,2025-2026,datafc_sofascore,2026-08-09T01:15:33.051884
35,77333,Lucas Höler,280009,SC Freiburg,2538,3,1,6.67,4.5,1.93,34,15,24,10,25,4,0,2065,33,possessionLost,GER,2025-2026,datafc_sofascore,2026-08-09T01:15:33.051884
35,77333,Andrej Kramarić,67647,TSG Hoffenheim,2569,14,6,7.03,11.89,5.02,64,33,36,19,8,2,0,2222,34,possessionLost,GER,2025-2026,datafc_sofascore,2026-08-09T01:15:33.051884
35,77333,Serhou Guirassy,328027,Borussia Dortmund,2673,17,1,6.83,17.56,3.5,84,40,20,12,2,3,0,2348,33,possessionLost,GER,2025-2026,datafc_sofascore,2026-08-09T01:15:33.051884
35,77333,Hennes Behrens,1864760,1. FC Heidenheim,5885,1,2,6.88,0.32,2.23,9,4,18,15,28,0,0,1319,16,possessionLost,GER,2025-2026,datafc_sofascore,2026-08-09T01:15:33.051884
35,77333,Senne Lynen,826171,SV Werder Bremen,2534,0,0,6.79,1.11,1.65,25,4,15,6,63,4,0,2757,31,possessionLost,GER,2025-2026,datafc_sofascore,2026-08-09T01:15:33.051884
35,77333,Fábio Vieira,904835,Hamburger SV,2676,7,5,7.18,4.65,4.07,59,19,39,32,20,2,2,2215,29,possessionLost,GER,2025-2026,datafc_sofascore,2026-08-09T01:15:33.051884
35,77333,Aljoscha Kemlein,1198074,1. FC Union Berlin,2547,0,2,6.76,1.18,2.31,17,2,15,17,40,4,0,1967,30,possessionLost,GER,2025-2026,datafc_sofascore,2026-08-09T01:15:33.051884
35,77333,Vincenzo Grifo,171961,SC Freiburg,2538,7,4,6.94,5.74,4.66,30,12,41,10,10,0,0,1720,33,possessionLost,GER,2025-2026,datafc_sofascore,2026-08-09T01:15:33.051884
35,77333,Leopold Querfeld,1086547,1. FC Union Berlin,2547,3,0,6.87,3.69,1.77,29,10,21,4,52,6,0,2704,31,possessionLost,GER,2025-2026,datafc_sofascore,2026-08-09T01:15:33.051884
35,77333,Haris Tabaković,259803,Borussia M'gladbach,2527,13,2,6.71,13.0,0.86,67,27,16,6,10,5,0,2394,32,possessionLost,GER,2025-2026,datafc_sofascore,2026-08-09T01:15:33.051884
35,77333,Romano Schmid,830127,SV Werder Bremen,2534,4,8,6.91,7.83,10.44,57,21,89,37,46,4,0,2988,34,possessionLost,GER,2025-2026,datafc_sofascore,2026-08-09T01:15:33.051884
35,77333,Vladimír Coufal,138024,TSG Hoffenheim,2569,1,8,7.12,0.88,8.99,25,6,59,31,60,4,0,3017,34,possessionLost,GER,2025-2026,datafc_sofascore,2026-08-09T01:15:33.051884
35,77333,David Raum,856076,RB Leipzig,36360,3,7,7.33,2.2,12.39,24,8,98,16,48,6,0,2556,30,possessionLost,GER,2025-2026,datafc_sofascore,2026-08-09T01:15:33.051884
35,77333,Michael Olise,978838,FC Bayern München,2672,15,19,7.87,11.46,17.23,101,50,81,65,24,8,0,2317,32,possessionLost,GER,2025-2026,datafc_sofascore,2026-08-09T01:15:33.051884
35,77333,Diant Ramaj,981562,1. FC Heidenheim,5885,0,1,6.94,,0.19,0,0,1,0,1,2,0,2790,31,possessionLost,GER,2025-2026,datafc_sofascore,2026-08-09T01:15:33.051884
35,77333,Julian Ryerson,800951,Borussia Dortmund,2673,0,15,7.08,0.93,10.04,12,1,56,24,34,8,0,2272,31,possessionLost,GER,2025-2026,datafc_sofascore,2026-08-09T01:15:33.051884
35,77333,Marvin Schwäbe,187185,1. FC Köln,2671,0,0,7.12,,0.21,0,0,1,0,1,2,0,3060,34,possessionLost,GER,2025-2026,datafc_sofascore,2026-08-09T01:15:33.051884
35,77333,Rocco Reitz,1048650,Borussia M'gladbach,2527,0,4,6.86,2.57,4.92,47,14,28,24,68,8,1,2636,31,possessionLost,GER,2025-2026,datafc_sofascore,2026-08-09T01:15:33.051884
35,77333,Alejandro Grimaldo,177177,Bayer 04 Leverkusen,2681,8,8,7.31,6.65,10.13,60,21,70,25,49,5,0,2524,29,possessionLost,GER,2025-2026,datafc_sofascore,2026-08-09T01:15:33.051884
35,77333,Wouter Burger,916946,TSG Hoffenheim,2569,4,5,7.08,3.46,5.35,36,13,51,4,72,7,1,2440,30,possessionLost,GER,2025-2026,datafc_sofascore,2026-08-09T01:15:33.051884
35,77333,Miro Muheim,798303,Hamburger SV,2676,0,4,6.93,1.19,4.25,23,7,41,21,62,7,1,2437,29,possessionLost,GER,2025-2026,datafc_sofascore,2026-08-09T01:15:33.051884
35,77333,Danel Sinani,887500,FC St. Pauli,2526,5,3,6.72,5.06,4.78,51,18,47,12,25,4,0,2068,30,possessionLost,GER,2025-2026,datafc_sofascore,2026-08-09T01:15:33.051884
35,77333,Joel Chima Fujita,1002461,FC St. Pauli,2526,1,3,6.71,1.15,3.92,31,7,30,47,68,6,0,2671,32,possessionLost,GER,2025-2026,datafc_sofascore,2026-08-09T01:15:33.051884
35,77333,Noah Atubolu,980626,SC Freiburg,2538,0,0,7.07,,0.48,0,0,3,0,0,1,0,3060,34,possessionLost,GER,2025-2026,datafc_sofascore,2026-08-09T01:15:33.051884
35,77333,Finn Dahmen,822564,FC Augsburg,2600,0,0,7.01,0.32,0.2,1,0,4,0,3,1,0,3060,34,possessionLost,GER,2025-2026,datafc_sofascore,2026-08-09T01:15:33.051884
35,77333,Yan Diomande,2087085,RB Leipzig,36360,12,8,7.72,7.14,10.12,53,26,56,118,29,2,0,2476,33,possessionLost,GER,2025-2026,datafc_sofascore,2026-08-09T01:15:33.051884
35,77333,Arijon Ibrahimović,1142248,1. FC Heidenheim,5885,2,4,6.8,6.31,6.3,47,19,56,23,34,2,0,2181,32,possessionLost,GER,2025-2026,datafc_sofascore,2026-08-09T01:15:33.051884
35,77333,Jakub Kamiński,801263,1. FC Köln,2671,7,3,7.1,7.06,6.41,63,26,52,24,45,4,0,3019,34,possessionLost,GER,2025-2026,datafc_sofascore,2026-08-09T01:15:33.051884
35,77333,Christian Eriksen,105734,VfL Wolfsburg,2524,3,9,6.91,5.96,7.65,38,14,63,10,38,4,0,2419,31,possessionLost,GER,2025-2026,datafc_sofascore,2026-08-09T01:15:33.051884
35,77333,Ritsu Doan,790965,Eintracht Frankfurt,2674,5,5,6.85,3.36,5.62,41,15,40,34,43,5,0,2379,31,possessionLost,GER,2025-2026,datafc_sofascore,2026-08-09T01:15:33.051884
35,77333,Daniel Fernandes,113442,Hamburger SV,2676,0,0,7.18,0.26,0.13,1,0,0,1,0,3,0,2970,33,possessionLost,GER,2025-2026,datafc_sofascore,2026-08-09T01:15:33.051884
35,77333,Christopher Trimmel,48557,1. FC Union Berlin,2547,0,3,7.02,0.09,6.41,5,1,53,1,38,8,0,1875,29,possessionLost,GER,2025-2026,datafc_sofascore,2026-08-09T01:15:33.051884
35,77333,Bazoumana Touré,1568123,TSG Hoffenheim,2569,5,9,6.91,4.16,5.75,48,13,46,48,34,2,0,2325,30,possessionLost,GER,2025-2026,datafc_sofascore,2026-08-09T01:15:33.051884
35,77333,Angelo Stiller,901882,VfB Stuttgart,2677,2,5,7.25,3.08,7.46,17,8,56,14,49,1,0,2750,34,possessionLost,GER,2025-2026,datafc_sofascore,2026-08-09T01:15:33.051884
35,77333,Jamie Leweling,990201,VfB Stuttgart,2677,7,9,7.03,4.31,5.22,49,18,41,31,22,4,0,2375,32,possessionLost,GER,2025-2026,datafc_sofascore,2026-08-09T01:15:33.051884
35,77333,Nadiem Amiri,327755,1. FSV Mainz 05,2556,12,2,7.43,10.4,7.69,55,23,63,25,31,6,0,2090,26,possessionLost,GER,2025-2026,datafc_sofascore,2026-08-09T01:15:33.051884
35,77333,Luis Díaz,883537,FC Bayern München,2672,15,14,7.26,15.1,7.74,88,37,67,61,21,5,1,2450,32,possessionLost,GER,2025-2026,datafc_sofascore,2026-08-09T01:15:33.051884
35,77333,Frederik Rønnow,137692,1. FC Union Berlin,2547,0,0,6.74,,0.24,0,0,2,0,1,2,0,2641,30,possessionLost,GER,2025-2026,datafc_sofascore,2026-08-09T01:15:33.051884
35,77333,Robin Fellhauer,860461,FC Augsburg,2600,3,2,6.8,2.79,2.64,30,9,31,15,57,2,0,2810,34,possessionLost,GER,2025-2026,datafc_sofascore,2026-08-09T01:15:33.051884
35,77333,Fabian Rieder,929620,FC Augsburg,2600,6,3,6.89,4.19,4.59,38,13,44,19,37,4,0,2359,32,possessionLost,GER,2025-2026,datafc_sofascore,2026-08-09T01:15:33.051884
35,77333,Kamil Grabara,902080,VfL Wolfsburg,2524,0,0,7.21,0.04,0.12,1,0,3,1,1,1,0,3060,34,possessionLost,GER,2025-2026,datafc_sofascore,2026-08-09T01:15:33.051884
35,77333,Arkadiusz Pyrka,971481,FC St. Pauli,2526,0,1,6.65,1.07,2.02,19,3,24,16,39,3,0,2580,31,possessionLost,GER,2025-2026,datafc_sofascore,2026-08-09T01:15:33.051884
35,77333,Christoph Baumgartner,825956,RB Leipzig,36360,13,8,6.93,15.1,3.94,81,35,37,13,54,10,0,2789,33,possessionLost,GER,2025-2026,datafc_sofascore,2026-08-09T01:15:33.051884
35,77333,Sebastian Sebulonsen,1020206,1. FC Köln,2671,0,0,6.42,1.55,3.07,31,5,21,18,44,5,0,2505,31,possessionLost,GER,2025-2026,datafc_sofascore,2026-08-09T01:15:33.051884
35,77333,Paul Nebel,980621,1. FSV Mainz 05,2556,5,2,6.61,5.26,3.77,32,8,41,20,50,2,2,2081,30,possessionLost,GER,2025-2026,datafc_sofascore,2026-08-09T01:15:33.051884
35,77333,Alexander Nübel,584722,VfB Stuttgart,2677,0,1,7.19,,0.1,0,0,3,0,0,0,0,3060,34,possessionLost,GER,2025-2026,datafc_sofascore,2026-08-09T01:15:33.051884
35,77333,Danny da Costa,97926,1. FSV Mainz 05,2556,2,3,6.83,1.6,2.91,14,5,16,15,43,3,0,2697,34,possessionLost,GER,2025-2026,datafc_sofascore,2026-08-09T01:15:33.051884
35,77333,Ridle Baku,856553,RB Leipzig,36360,2,3,6.87,2.56,6.05,30,6,37,13,60,4,0,2509,32,possessionLost,GER,2025-2026,datafc_sofascore,2026-08-09T01:15:33.051884
35,77333,Yukinari Sugawara,905347,SV Werder Bremen,2534,0,6,6.52,1.85,3.06,30,11,20,11,36,2,1,2432,31,possessionLost,GER,2025-2026,datafc_sofascore,2026-08-09T01:15:33.051884
35,77333,Oliver Baumann,40244,TSG Hoffenheim,2569,0,0,6.79,,0.39,0,0,1,2,0,3,0,3060,34,possessionLost,GER,2025-2026,datafc_sofascore,2026-08-09T01:15:33.051884
35,77333,Kristoffer Lund,963043,1. FC Köln,2671,0,2,6.66,0.71,2.23,20,3,21,19,38,2,0,2289,33,possessionLost,GER,2025-2026,datafc_sofascore,2026-08-09T01:15:33.051884
35,77333,Kaishu Sano,1028307,1. FSV Mainz 05,2556,1,2,7.02,1.36,3.4,24,6,25,28,52,1,0,3059,34,possessionLost,GER,2025-2026,datafc_sofascore,2026-08-09T01:15:33.051884
35,77333,Antonio Nusa,1121923,RB Leipzig,36360,4,3,7.07,4.41,5.16,61,20,33,68,26,0,0,2035,31,possessionLost,GER,2025-2026,datafc_sofascore,2026-08-09T01:15:33.051884
35,77333,Bernardo,828571,TSG Hoffenheim,2569,0,0,6.86,0.52,1.29,10,0,9,6,68,9,0,2318,29,possessionLost,GER,2025-2026,datafc_sofascore,2026-08-09T01:15:33.051884
35,77333,Joshua Kimmich,259117,FC Bayern München,2672,2,8,7.71,2.65,10.24,28,10,58,11,32,4,0,2280,29,possessionLost,GER,2025-2026,datafc_sofascore,2026-08-09T01:15:33.051884
35,77333,Nikola Vasilj,325061,FC St. Pauli,2526,0,0,7.09,,0.07,0,0,0,0,1,0,0,3060,34,possessionLost,GER,2025-2026,datafc_sofascore,2026-08-09T01:15:33.051884
35,77333,Maximilian Beier,980628,Borussia Dortmund,2673,9,6,6.8,7.35,4.97,50,20,26,18,26,3,0,2036,32,possessionLost,GER,2025-2026,datafc_sofascore,2026-08-09T01:15:33.051884
35,77333,Fisnik Asllani,1010117,TSG Hoffenheim,2569,10,7,6.73,8.28,3.93,73,28,36,17,17,2,0,2354,33,possessionLost,GER,2025-2026,datafc_sofascore,2026-08-09T01:15:33.051884
35,77333,Maximilian Eggestein,569784,SC Freiburg,2538,3,1,6.85,3.8,1.7,44,13,19,15,64,4,0,3060,34,possessionLost,GER,2025-2026,datafc_sofascore,2026-08-09T01:15:33.051884
35,77333,Moritz Nicolas,578166,Borussia M'gladbach,2527,0,0,7.34,,0.07,0,0,2,0,1,1,0,3060,34,possessionLost,GER,2025-2026,datafc_sofascore,2026-08-09T01:15:33.051884
35,77333,Jens Stage,830142,SV Werder Bremen,2534,10,2,6.98,6.08,3.21,56,21,26,13,41,5,0,2468,29,possessionLost,GER,2025-2026,datafc_sofascore,2026-08-09T01:15:33.051884
35,77333,Aleix García,796047,Bayer 04 Leverkusen,2681,3,8,7.45,2.29,6.65,30,5,51,4,26,6,0,2676,33,possessionLost,GER,2025-2026,datafc_sofascore,2026-08-09T01:15:33.051884
35,77333,Franck Honorat,280453,Borussia M'gladbach,2527,2,6,6.87,0.91,6.75,17,5,45,17,22,0,0,1987,28,possessionLost,GER,2025-2026,datafc_sofascore,2026-08-09T01:15:33.051884
35,77333,Phillip Tietz,822340,1. FSV Mainz 05,2556,6,3,6.45,8.87,1.87,52,24,22,12,8,4,0,1807,29,possessionLost,GER,2025-2026,datafc_sofascore,2026-08-09T01:15:33.051884
35,77333,Dimitrios Giannoulis,354878,FC Augsburg,2600,2,5,6.92,1.17,4.05,10,6,34,19,27,8,0,1901,27,possessionLost,GER,2025-2026,datafc_sofascore,2026-08-09T01:15:33.051884
35,77333,Nico Schlotterbeck,940871,Borussia Dortmund,2673,5,1,7.67,3.72,2.69,32,9,12,15,50,8,0,2520,28,possessionLost,GER,2025-2026,datafc_sofascore,2026-08-09T01:15:33.051884
35,77333,Danilho Doekhi,830803,1. FC Union Berlin,2547,5,0,6.75,4.25,1.61,46,11,8,3,44,4,0,3060,34,possessionLost,GER,2025-2026,datafc_sofascore,2026-08-09T01:15:33.051884
35,77333,Joe Scally,1002920,Borussia M'gladbach,2527,2,3,6.63,1.27,1.86,16,10,18,24,48,8,0,2611,32,possessionLost,GER,2025-2026,datafc_sofascore,2026-08-09T01:15:33.051884
35,77333,Andrej Ilić,953767,1. FC Union Berlin,2547,5,9,6.7,11.26,2.17,72,26,30,7,4,5,0,2256,32,possessionLost,GER,2025-2026,datafc_sofascore,2026-08-09T01:15:33.051884
35,77333,Patrick Wimmer,987504,VfL Wolfsburg,2524,4,3,6.88,3.12,2.19,24,8,16,38,47,4,0,1634,25,possessionLost,GER,2025-2026,datafc_sofascore,2026-08-09T01:15:33.051884
35,77333,Maximilian Mittelstädt,788949,VfB Stuttgart,2677,6,4,7.2,4.4,6.02,31,16,37,14,67,4,0,2195,32,possessionLost,GER,2025-2026,datafc_sofascore,2026-08-09T01:15:33.051884
35,77333,Ibrahim Maza,1407524,Bayer 04 Leverkusen,2681,3,4,7.1,5.34,4.45,54,17,29,48,41,2,0,1859,28,possessionLost,GER,2025-2026,datafc_sofascore,2026-08-09T01:15:33.051884
35,77333,Bilal El Khannouss,1126569,VfB Stuttgart,2677,4,5,6.98,3.17,5.74,42,15,45,18,28,6,0,1634,25,possessionLost,GER,2025-2026,datafc_sofascore,2026-08-09T01:15:33.051884
35,77333,Alexis Claude-Maurice,822877,FC Augsburg,2600,5,4,6.87,6.88,3.2,71,26,33,44,41,3,0,2107,29,possessionLost,GER,2025-2026,datafc_sofascore,2026-08-09T01:15:33.051884
35,77333,Marco Grüll,815612,SV Werder Bremen,2534,3,1,6.76,3.6,3.09,43,13,33,21,38,5,0,2020,33,possessionLost,GER,2025-2026,datafc_sofascore,2026-08-09T01:15:33.051884
35,77333,Nathaniel Brown,1159759,Eintracht Frankfurt,2674,4,4,6.79,2.52,2.89,18,9,34,17,81,3,0,2658,33,possessionLost,GER,2025-2026,datafc_sofascore,2026-08-09T01:15:33.051884
35,77333,Derrick Köhn,886737,1. FC Union Berlin,2547,1,2,6.72,2.15,3.78,28,5,26,11,34,5,1,1910,29,possessionLost,GER,2025-2026,datafc_sofascore,2026-08-09T01:15:33.051884
35,77333,Albian Hajdari,1000269,TSG Hoffenheim,2569,1,2,6.98,1.73,1.62,19,4,10,2,58,10,0,2440,30,possessionLost,GER,2025-2026,datafc_sofascore,2026-08-09T01:15:33.051884
35,77333,Johan Manzambi,1518931,SC Freiburg,2538,5,4,7.22,3.85,5.13,51,12,20,33,35,4,2,2094,27,possessionLost,GER,2025-2026,datafc_sofascore,2026-08-09T01:15:33.051884
35,77333,Said El Mala,1800475,1. FC Köln,2671,13,4,6.97,11.22,2.34,75,31,21,44,24,4,0,1957,34,possessionLost,GER,2025-2026,datafc_sofascore,2026-08-09T01:15:33.051884
35,77333,Mathias Pereira Lage,831400,FC St. Pauli,2526,2,2,6.57,4.33,1.47,43,15,24,15,38,3,0,2030,28,possessionLost,GER,2025-2026,datafc_sofascore,2026-08-09T01:15:33.051884
35,77333,Rasmus Kristensen,921789,Eintracht Frankfurt,2674,2,0,6.96,0.68,1.17,15,6,8,14,46,4,1,1563,22,possessionLost,GER,2025-2026,datafc_sofascore,2026-08-09T01:15:33.051884
35,77333,Jan Schöppner,933707,1. FC Heidenheim,5885,3,3,6.62,2.15,1.36,25,7,14,11,32,5,0,2260,31,possessionLost,GER,2025-2026,datafc_sofascore,2026-08-09T01:15:33.051884
35,77333,Eric Smith,542038,FC St. Pauli,2526,2,2,6.86,0.58,1.21,12,5,18,9,34,4,1,2314,27,possessionLost,GER,2025-2026,datafc_sofascore,2026-08-09T01:15:33.051884
35,77333,Ilyas Ansah,1462742,1. FC Union Berlin,2547,5,1,6.64,3.25,1.05,33,12,16,25,17,1,0,1909,33,possessionLost,GER,2025-2026,datafc_sofascore,2026-08-09T01:15:33.051884
35,77333,Daniel Svensson,1021272,Borussia Dortmund,2673,2,2,6.78,1.79,5.5,12,4,35,12,38,0,0,2452,33,possessionLost,GER,2025-2026,datafc_sofascore,2026-08-09T01:15:33.051884
35,77333,Farès Chaïbi,1192318,Eintracht Frankfurt,2674,2,9,6.83,2.83,3.9,35,9,40,11,31,2,0,1797,28,possessionLost,GER,2025-2026,datafc_sofascore,2026-08-09T01:15:33.051884
35,77333,Luka Vušković,1405212,Hamburger SV,2676,6,0,7.28,4.22,1.46,32,10,11,8,22,6,0,2441,28,possessionLost,GER,2025-2026,datafc_sofascore,2026-08-09T01:15:33.051884
35,77333,Cameron Puertas,916176,SV Werder Bremen,2534,1,2,6.66,1.82,2.38,37,8,27,15,60,6,0,1878,28,possessionLost,GER,2025-2026,datafc_sofascore,2026-08-09T01:15:33.051884
35,77333,Gregor Kobel,556866,Borussia Dortmund,2673,0,0,7.14,,0.1,0,0,0,0,0,3,0,3060,34,possessionLost,GER,2025-2026,datafc_sofascore,2026-08-09T01:15:33.051884
35,77333,Mohamed Amoura,1107591,VfL Wolfsburg,2524,8,3,6.74,8.6,2.51,60,19,25,16,38,2,0,1935,30,possessionLost,GER,2025-2026,datafc_sofascore,2026-08-09T01:15:33.051884
35,77333,Waldemar Anton,799046,Borussia Dortmund,2673,2,0,7.25,1.74,1.26,16,6,8,13,73,3,0,2880,32,possessionLost,GER,2025-2026,datafc_sofascore,2026-08-09T01:15:33.051884
35,77333,Deniz Undav,794298,VfB Stuttgart,2677,19,6,7.19,16.4,4.03,122,46,41,9,18,5,0,2247,29,possessionLost,GER,2025-2026,datafc_sofascore,2026-08-09T01:15:33.051884
35,77333,Phillipp Mwene,138126,1. FSV Mainz 05,2556,1,2,6.81,1.96,3.08,10,2,18,8,29,4,0,2072,29,possessionLost,GER,2025-2026,datafc_sofascore,2026-08-09T01:15:33.051884
35,77333,Philipp Sander,939880,Borussia M'gladbach,2527,2,0,6.98,1.56,2.79,25,8,11,5,65,4,0,2454,30,possessionLost,GER,2025-2026,datafc_sofascore,2026-08-09T01:15:33.051884
35,77333,Rani Khedira,149479,1. FC Union Berlin,2547,5,1,6.72,2.04,1.35,23,10,16,3,59,7,0,2835,32,possessionLost,GER,2025-2026,datafc_sofascore,2026-08-09T01:15:33.051884
35,77333,Rômulo,1133743,RB Leipzig,36360,9,4,6.65,14.36,2.95,63,27,26,11,30,3,0,2204,30,possessionLost,GER,2025-2026,datafc_sofascore,2026-08-09T01:15:33.051884
35,77333,Tim Lemperle,1014290,TSG Hoffenheim,2569,8,2,6.55,8.4,2.36,53,21,27,15,21,1,1,1959,29,possessionLost,GER,2025-2026,datafc_sofascore,2026-08-09T01:15:33.051884
35,77333,Diogo Leite,855663,1. FC Union Berlin,2547,0,0,6.77,1.21,1.08,10,1,9,6,33,4,0,1970,23,possessionLost,GER,2025-2026,datafc_sofascore,2026-08-09T01:15:33.051884
35,77333,Chris Führich,891510,VfB Stuttgart,2677,7,7,7.17,4.26,8.05,45,23,49,28,15,2,0,1723,33,possessionLost,GER,2025-2026,datafc_sofascore,2026-08-09T01:15:33.051884
35,77333,Lucas Höler,280009,SC Freiburg,2538,3,1,6.67,4.5,1.93,34,15,24,10,25,4,0,2065,33,possessionLost,GER,2025-2026,datafc_sofascore,2026-08-09T01:15:33.051884
35,77333,Andrej Kramarić,67647,TSG Hoffenheim,2569,14,6,7.03,11.89,5.02,64,33,36,19,8,2,0,2222,34,possessionLost,GER,2025-2026,datafc_sofascore,2026-08-09T01:15:33.051884
35,77333,Serhou Guirassy,328027,Borussia Dortmund,2673,17,1,6.83,17.56,3.5,84,40,20,12,2,3,0,2348,33,possessionLost,GER,2025-2026,datafc_sofascore,2026-08-09T01:15:33.051884
35,77333,Hennes Behrens,1864760,1. FC Heidenheim,5885,1,2,6.88,0.32,2.23,9,4,18,15,28,0,0,1319,16,possessionLost,GER,2025-2026,datafc_sofascore,2026-08-09T01:15:33.051884
35,77333,Senne Lynen,826171,SV Werder Bremen,2534,0,0,6.79,1.11,1.65,25,4,15,6,63,4,0,2757,31,possessionLost,GER,2025-2026,datafc_sofascore,2026-08-09T01:15:33.051884
35,77333,Fábio Vieira,904835,Hamburger SV,2676,7,5,7.18,4.65,4.07,59,19,39,32,20,2,2,2215,29,possessionLost,GER,2025-2026,datafc_sofascore,2026-08-09T01:15:33.051884
35,77333,Aljoscha Kemlein,1198074,1. FC Union Berlin,2547,0,2,6.76,1.18,2.31,17,2,15,17,40,4,0,1967,30,possessionLost,GER,2025-2026,datafc_sofascore,2026-08-09T01:15:33.051884
35,77333,Vincenzo Grifo,171961,SC Freiburg,2538,7,4,6.94,5.74,4.66,30,12,41,10,10,0,0,1720,33,possessionLost,GER,2025-2026,datafc_sofascore,2026-08-09T01:15:33.051884
35,77333,Leopold Querfeld,1086547,1. FC Union Berlin,2547,3,0,6.87,3.69,1.77,29,10,21,4,52,6,0,2704,31,possessionLost,GER,2025-2026,datafc_sofascore,2026-08-09T01:15:33.051884
35,77333,Haris Tabaković,259803,Borussia M'gladbach,2527,13,2,6.71,13.0,0.86,67,27,16,6,10,5,0,2394,32,possessionLost,GER,2025-2026,datafc_sofascore,2026-08-09T01:15:33.051884
35,77333,Moritz Nicolas,578166,Borussia M'gladbach,2527,0,0,7.34,,0.07,0,0,2,0,1,1,0,3060,34,minutesPlayed,GER,2025-2026,datafc_sofascore,2026-08-09T01:15:33.051884
35,77333,Kamil Grabara,902080,VfL Wolfsburg,2524,0,0,7.21,0.04,0.12,1,0,3,1,1,1,0,3060,34,minutesPlayed,GER,2025-2026,datafc_sofascore,2026-08-09T01:15:33.051884
35,77333,Alexander Nübel,584722,VfB Stuttgart,2677,0,1,7.19,,0.1,0,0,3,0,0,0,0,3060,34,minutesPlayed,GER,2025-2026,datafc_sofascore,2026-08-09T01:15:33.051884
35,77333,Gregor Kobel,556866,Borussia Dortmund,2673,0,0,7.14,,0.1,0,0,0,0,0,3,0,3060,34,minutesPlayed,GER,2025-2026,datafc_sofascore,2026-08-09T01:15:33.051884
35,77333,Marvin Schwäbe,187185,1. FC Köln,2671,0,0,7.12,,0.21,0,0,1,0,1,2,0,3060,34,minutesPlayed,GER,2025-2026,datafc_sofascore,2026-08-09T01:15:33.051884
35,77333,Nikola Vasilj,325061,FC St. Pauli,2526,0,0,7.09,,0.07,0,0,0,0,1,0,0,3060,34,minutesPlayed,GER,2025-2026,datafc_sofascore,2026-08-09T01:15:33.051884
35,77333,Noah Atubolu,980626,SC Freiburg,2538,0,0,7.07,,0.48,0,0,3,0,0,1,0,3060,34,minutesPlayed,GER,2025-2026,datafc_sofascore,2026-08-09T01:15:33.051884
35,77333,Finn Dahmen,822564,FC Augsburg,2600,0,0,7.01,0.32,0.2,1,0,4,0,3,1,0,3060,34,minutesPlayed,GER,2025-2026,datafc_sofascore,2026-08-09T01:15:33.051884
35,77333,Maximilian Eggestein,569784,SC Freiburg,2538,3,1,6.85,3.8,1.7,44,13,19,15,64,4,0,3060,34,minutesPlayed,GER,2025-2026,datafc_sofascore,2026-08-09T01:15:33.051884
35,77333,Patrick Mainka,254429,1. FC Heidenheim,5885,2,2,6.85,3.49,1.36,37,9,10,4,45,1,0,3060,34,minutesPlayed,GER,2025-2026,datafc_sofascore,2026-08-09T01:15:33.051884
35,77333,Oliver Baumann,40244,TSG Hoffenheim,2569,0,0,6.79,,0.39,0,0,1,2,0,3,0,3060,34,minutesPlayed,GER,2025-2026,datafc_sofascore,2026-08-09T01:15:33.051884
35,77333,Danilho Doekhi,830803,1. FC Union Berlin,2547,5,0,6.75,4.25,1.61,46,11,8,3,44,4,0,3060,34,minutesPlayed,GER,2025-2026,datafc_sofascore,2026-08-09T01:15:33.051884
35,77333,Kaishu Sano,1028307,1. FSV Mainz 05,2556,1,2,7.02,1.36,3.4,24,6,25,28,52,1,0,3059,34,minutesPlayed,GER,2025-2026,datafc_sofascore,2026-08-09T01:15:33.051884
35,77333,Jakub Kamiński,801263,1. FC Köln,2671,7,3,7.1,7.06,6.41,63,26,52,24,45,4,0,3019,34,minutesPlayed,GER,2025-2026,datafc_sofascore,2026-08-09T01:15:33.051884
35,77333,Vladimír Coufal,138024,TSG Hoffenheim,2569,1,8,7.12,0.88,8.99,25,6,59,31,60,4,0,3017,34,minutesPlayed,GER,2025-2026,datafc_sofascore,2026-08-09T01:15:33.051884
35,77333,Romano Schmid,830127,SV Werder Bremen,2534,4,8,6.91,7.83,10.44,57,21,89,37,46,4,0,2988,34,minutesPlayed,GER,2025-2026,datafc_sofascore,2026-08-09T01:15:33.051884
35,77333,Daniel Fernandes,113442,Hamburger SV,2676,0,0,7.18,0.26,0.13,1,0,0,1,0,3,0,2970,33,minutesPlayed,GER,2025-2026,datafc_sofascore,2026-08-09T01:15:33.051884
35,77333,Nico Elvedi,282229,Borussia M'gladbach,2527,0,2,7.01,0.45,1.27,9,0,13,1,43,5,0,2967,33,minutesPlayed,GER,2025-2026,datafc_sofascore,2026-08-09T01:15:33.051884
35,77333,Willi Orbán,136924,RB Leipzig,36360,2,0,7.22,2.38,1.05,20,9,11,6,47,4,0,2950,33,minutesPlayed,GER,2025-2026,datafc_sofascore,2026-08-09T01:15:33.051884
35,77333,Waldemar Anton,799046,Borussia Dortmund,2673,2,0,7.25,1.74,1.26,16,6,8,13,73,3,0,2880,32,minutesPlayed,GER,2025-2026,datafc_sofascore,2026-08-09T01:15:33.051884
35,77333,Mio Backhaus,1083390,SV Werder Bremen,2534,0,0,7.12,,0.05,0,0,0,0,0,1,0,2880,32,minutesPlayed,GER,2025-2026,datafc_sofascore,2026-08-09T01:15:33.051884
35,77333,Nicolai Remberg,1064305,Hamburger SV,2676,0,2,6.93,1.03,1.41,17,8,13,14,60,11,0,2880,32,minutesPlayed,GER,2025-2026,datafc_sofascore,2026-08-09T01:15:33.051884
35,77333,Leon Avdullahu,1493305,TSG Hoffenheim,2569,0,1,7.03,0.59,2.48,14,2,22,8,47,5,0,2838,33,minutesPlayed,GER,2025-2026,datafc_sofascore,2026-08-09T01:15:33.051884
35,77333,Matthias Ginter,142259,SC Freiburg,2538,3,4,6.98,2.3,2.92,19,7,15,3,22,3,0,2836,32,minutesPlayed,GER,2025-2026,datafc_sofascore,2026-08-09T01:15:33.051884
35,77333,Robin Koch,581302,Eintracht Frankfurt,2674,3,1,6.96,1.38,1.67,15,5,10,2,42,1,1,2835,32,minutesPlayed,GER,2025-2026,datafc_sofascore,2026-08-09T01:15:33.051884
35,77333,Rani Khedira,149479,1. FC Union Berlin,2547,5,1,6.72,2.04,1.35,23,10,16,3,59,7,0,2835,32,minutesPlayed,GER,2025-2026,datafc_sofascore,2026-08-09T01:15:33.051884
35,77333,Robin Fellhauer,860461,FC Augsburg,2600,3,2,6.8,2.79,2.64,30,9,31,15,57,2,0,2810,34,minutesPlayed,GER,2025-2026,datafc_sofascore,2026-08-09T01:15:33.051884
35,77333,Diant Ramaj,981562,1. FC Heidenheim,5885,0,1,6.94,,0.19,0,0,1,0,1,2,0,2790,31,minutesPlayed,GER,2025-2026,datafc_sofascore,2026-08-09T01:15:33.051884
35,77333,Christoph Baumgartner,825956,RB Leipzig,36360,13,8,6.93,15.1,3.94,81,35,37,13,54,10,0,2789,33,minutesPlayed,GER,2025-2026,datafc_sofascore,2026-08-09T01:15:33.051884
35,77333,Senne Lynen,826171,SV Werder Bremen,2534,0,0,6.79,1.11,1.65,25,4,15,6,63,4,0,2757,31,minutesPlayed,GER,2025-2026,datafc_sofascore,2026-08-09T01:15:33.051884
35,77333,Angelo Stiller,901882,VfB Stuttgart,2677,2,5,7.25,3.08,7.46,17,8,56,14,49,1,0,2750,34,minutesPlayed,GER,2025-2026,datafc_sofascore,2026-08-09T01:15:33.051884
35,77333,Leopold Querfeld,1086547,1. FC Union Berlin,2547,3,0,6.87,3.69,1.77,29,10,21,4,52,6,0,2704,31,minutesPlayed,GER,2025-2026,datafc_sofascore,2026-08-09T01:15:33.051884
35,77333,Nicolas Seiwald,976575,RB Leipzig,36360,0,2,6.9,1.83,1.89,19,7,15,8,66,2,0,2703,33,minutesPlayed,GER,2025-2026,datafc_sofascore,2026-08-09T01:15:33.051884
35,77333,Danny da Costa,97926,1. FSV Mainz 05,2556,2,3,6.83,1.6,2.91,14,5,16,15,43,3,0,2697,34,minutesPlayed,GER,2025-2026,datafc_sofascore,2026-08-09T01:15:33.051884
35,77333,Aleix García,796047,Bayer 04 Leverkusen,2681,3,8,7.45,2.29,6.65,30,5,51,4,26,6,0,2676,33,minutesPlayed,GER,2025-2026,datafc_sofascore,2026-08-09T01:15:33.051884
35,77333,Joel Chima Fujita,1002461,FC St. Pauli,2526,1,3,6.71,1.15,3.92,31,7,30,47,68,6,0,2671,32,minutesPlayed,GER,2025-2026,datafc_sofascore,2026-08-09T01:15:33.051884
35,77333,Nathaniel Brown,1159759,Eintracht Frankfurt,2674,4,4,6.79,2.52,2.89,18,9,34,17,81,3,0,2658,33,minutesPlayed,GER,2025-2026,datafc_sofascore,2026-08-09T01:15:33.051884
35,77333,Frederik Rønnow,137692,1. FC Union Berlin,2547,0,0,6.74,,0.24,0,0,2,0,1,2,0,2641,30,minutesPlayed,GER,2025-2026,datafc_sofascore,2026-08-09T01:15:33.051884
35,77333,Rocco Reitz,1048650,Borussia M'gladbach,2527,0,4,6.86,2.57,4.92,47,14,28,24,68,8,1,2636,31,minutesPlayed,GER,2025-2026,datafc_sofascore,2026-08-09T01:15:33.051884
35,77333,Joe Scally,1002920,Borussia M'gladbach,2527,2,3,6.63,1.27,1.86,16,10,18,24,48,8,0,2611,32,minutesPlayed,GER,2025-2026,datafc_sofascore,2026-08-09T01:15:33.051884
35,77333,Hauke Wahl,253469,FC St. Pauli,2526,2,1,6.76,0.61,1.42,10,4,6,2,43,1,0,2591,30,minutesPlayed,GER,2025-2026,datafc_sofascore,2026-08-09T01:15:33.051884
35,77333,Arkadiusz Pyrka,971481,FC St. Pauli,2526,0,1,6.65,1.07,2.02,19,3,24,16,39,3,0,2580,31,minutesPlayed,GER,2025-2026,datafc_sofascore,2026-08-09T01:15:33.051884
35,77333,Edmond Tapsoba,883262,Bayer 04 Leverkusen,2681,5,3,7.2,2.5,1.42,29,10,11,8,31,7,0,2576,29,minutesPlayed,GER,2025-2026,datafc_sofascore,2026-08-09T01:15:33.051884
35,77333,Eric Martel,988639,1. FC Köln,2671,2,2,6.84,2.5,1.17,23,4,15,2,46,10,1,2564,31,minutesPlayed,GER,2025-2026,datafc_sofascore,2026-08-09T01:15:33.051884
35,77333,David Raum,856076,RB Leipzig,36360,3,7,7.33,2.2,12.39,24,8,98,16,48,6,0,2556,30,minutesPlayed,GER,2025-2026,datafc_sofascore,2026-08-09T01:15:33.051884
35,77333,Marco Friedl,825771,SV Werder Bremen,2534,1,0,6.88,0.68,1.08,8,2,5,4,44,9,1,2549,30,minutesPlayed,GER,2025-2026,datafc_sofascore,2026-08-09T01:15:33.051884
35,77333,Robert Andrich,168903,Bayer 04 Leverkusen,2681,2,0,6.83,0.72,1.66,12,3,12,1,43,4,1,2547,32,minutesPlayed,GER,2025-2026,datafc_sofascore,2026-08-09T01:15:33.051884
35,77333,Alejandro Grimaldo,177177,Bayer 04 Leverkusen,2681,8,8,7.31,6.65,10.13,60,21,70,25,49,5,0,2524,29,minutesPlayed,GER,2025-2026,datafc_sofascore,2026-08-09T01:15:33.051884
35,77333,Nico Schlotterbeck,940871,Borussia Dortmund,2673,5,1,7.67,3.72,2.69,32,9,12,15,50,8,0,2520,28,minutesPlayed,GER,2025-2026,datafc_sofascore,2026-08-09T01:15:33.051884
35,77333,Ridle Baku,856553,RB Leipzig,36360,2,3,6.87,2.56,6.05,30,6,37,13,60,4,0,2509,32,minutesPlayed,GER,2025-2026,datafc_sofascore,2026-08-09T01:15:33.051884
35,77333,Sebastian Sebulonsen,1020206,1. FC Köln,2671,0,0,6.42,1.55,3.07,31,5,21,18,44,5,0,2505,31,minutesPlayed,GER,2025-2026,datafc_sofascore,2026-08-09T01:15:33.051884
35,77333,Yannick Engelhardt,990209,Borussia M'gladbach,2527,2,2,6.75,2.12,1.54,21,5,14,6,43,7,0,2497,31,minutesPlayed,GER,2025-2026,datafc_sofascore,2026-08-09T01:15:33.051884
35,77333,Konstantinos Koulierakis,1184855,VfL Wolfsburg,2524,4,1,6.73,3.22,1.37,26,12,14,3,39,5,0,2488,29,minutesPlayed,GER,2025-2026,datafc_sofascore,2026-08-09T01:15:33.051884
35,77333,Yan Diomande,2087085,RB Leipzig,36360,12,8,7.72,7.14,10.12,53,26,56,118,29,2,0,2476,33,minutesPlayed,GER,2025-2026,datafc_sofascore,2026-08-09T01:15:33.051884
35,77333,Jens Stage,830142,SV Werder Bremen,2534,10,2,6.98,6.08,3.21,56,21,26,13,41,5,0,2468,29,minutesPlayed,GER,2025-2026,datafc_sofascore,2026-08-09T01:15:33.051884
35,77333,Kevin Diks,583806,Borussia M'gladbach,2527,5,0,6.96,5.08,1.13,23,13,8,10,43,6,0,2467,30,minutesPlayed,GER,2025-2026,datafc_sofascore,2026-08-09T01:15:33.051884
35,77333,Philipp Sander,939880,Borussia M'gladbach,2527,2,0,6.98,1.56,2.79,25,8,11,5,65,4,0,2454,30,minutesPlayed,GER,2025-2026,datafc_sofascore,2026-08-09T01:15:33.051884
35,77333,Daniel Svensson,1021272,Borussia Dortmund,2673,2,2,6.78,1.79,5.5,12,4,35,12,38,0,0,2452,33,minutesPlayed,GER,2025-2026,datafc_sofascore,2026-08-09T01:15:33.051884
35,77333,Luis Díaz,883537,FC Bayern München,2672,15,14,7.26,15.1,7.74,88,37,67,61,21,5,1,2450,32,minutesPlayed,GER,2025-2026,datafc_sofascore,2026-08-09T01:15:33.051884
35,77333,Luka Vušković,1405212,Hamburger SV,2676,6,0,7.28,4.22,1.46,32,10,11,8,22,6,0,2441,28,minutesPlayed,GER,2025-2026,datafc_sofascore,2026-08-09T01:15:33.051884
35,77333,Wouter Burger,916946,TSG Hoffenheim,2569,4,5,7.08,3.46,5.35,36,13,51,4,72,7,1,2440,30,minutesPlayed,GER,2025-2026,datafc_sofascore,2026-08-09T01:15:33.051884
35,77333,Albian Hajdari,1000269,TSG Hoffenheim,2569,1,2,6.98,1.73,1.62,19,4,10,2,58,10,0,2440,30,minutesPlayed,GER,2025-2026,datafc_sofascore,2026-08-09T01:15:33.051884
35,77333,Miro Muheim,798303,Hamburger SV,2676,0,4,6.93,1.19,4.25,23,7,41,21,62,7,1,2437,29,minutesPlayed,GER,2025-2026,datafc_sofascore,2026-08-09T01:15:33.051884
35,77333,Han-Noah Massengo,927340,FC Augsburg,2600,2,1,6.8,1.29,1.6,20,6,17,26,41,5,0,2435,33,minutesPlayed,GER,2025-2026,datafc_sofascore,2026-08-09T01:15:33.051884
35,77333,Yukinari Sugawara,905347,SV Werder Bremen,2534,0,6,6.52,1.85,3.06,30,11,20,11,36,2,1,2432,31,minutesPlayed,GER,2025-2026,datafc_sofascore,2026-08-09T01:15:33.051884
35,77333,Christian Eriksen,105734,VfL Wolfsburg,2524,3,9,6.91,5.96,7.65,38,14,63,10,38,4,0,2419,31,minutesPlayed,GER,2025-2026,datafc_sofascore,2026-08-09T01:15:33.051884
35,77333,Haris Tabaković,259803,Borussia M'gladbach,2527,13,2,6.71,13.0,0.86,67,27,16,6,10,5,0,2394,32,minutesPlayed,GER,2025-2026,datafc_sofascore,2026-08-09T01:15:33.051884
35,77333,Harry Kane,108579,FC Bayern München,2672,36,5,7.84,26.87,4.27,119,67,40,32,19,1,0,2382,31,minutesPlayed,GER,2025-2026,datafc_sofascore,2026-08-09T01:15:33.051884
35,77333,Ritsu Doan,790965,Eintracht Frankfurt,2674,5,5,6.85,3.36,5.62,41,15,40,34,43,5,0,2379,31,minutesPlayed,GER,2025-2026,datafc_sofascore,2026-08-09T01:15:33.051884
35,77333,Jamie Leweling,990201,VfB Stuttgart,2677,7,9,7.03,4.31,5.22,49,18,41,31,22,4,0,2375,32,minutesPlayed,GER,2025-2026,datafc_sofascore,2026-08-09T01:15:33.051884
35,77333,Ransford Yeboah Königsdörffer,1012235,Hamburger SV,2676,5,0,6.62,7.69,1.68,65,22,20,15,6,2,0,2360,33,minutesPlayed,GER,2025-2026,datafc_sofascore,2026-08-09T01:15:33.051884
35,77333,Fabian Rieder,929620,FC Augsburg,2600,6,3,6.89,4.19,4.59,38,13,44,19,37,4,0,2359,32,minutesPlayed,GER,2025-2026,datafc_sofascore,2026-08-09T01:15:33.051884
35,77333,Fisnik Asllani,1010117,TSG Hoffenheim,2569,10,7,6.73,8.28,3.93,73,28,36,17,17,2,0,2354,33,minutesPlayed,GER,2025-2026,datafc_sofascore,2026-08-09T01:15:33.051884
35,77333,Serhou Guirassy,328027,Borussia Dortmund,2673,17,1,6.83,17.56,3.5,84,40,20,12,2,3,0,2348,33,minutesPlayed,GER,2025-2026,datafc_sofascore,2026-08-09T01:15:33.051884
35,77333,Dominik Kohr,152206,1. FSV Mainz 05,2556,2,0,6.79,1.57,2.07,15,4,10,5,48,9,2,2345,29,minutesPlayed,GER,2025-2026,datafc_sofascore,2026-08-09T01:15:33.051884
35,77333,Jonas Föhrenbach,311676,1. FC Heidenheim,5885,1,1,6.6,0.55,2.71,5,1,21,2,46,3,0,2327,27,minutesPlayed,GER,2025-2026,datafc_sofascore,2026-08-09T01:15:33.051884
35,77333,Bazoumana Touré,1568123,TSG Hoffenheim,2569,5,9,6.91,4.16,5.75,48,13,46,48,34,2,0,2325,30,minutesPlayed,GER,2025-2026,datafc_sofascore,2026-08-09T01:15:33.051884
35,77333,Bernardo,828571,TSG Hoffenheim,2569,0,0,6.86,0.52,1.29,10,0,9,6,68,9,0,2318,29,minutesPlayed,GER,2025-2026,datafc_sofascore,2026-08-09T01:15:33.051884
35,77333,Michael Olise,978838,FC Bayern München,2672,15,19,7.87,11.46,17.23,101,50,81,65,24,8,0,2317,32,minutesPlayed,GER,2025-2026,datafc_sofascore,2026-08-09T01:15:33.051884
35,77333,Eric Smith,542038,FC St. Pauli,2526,2,2,6.86,0.58,1.21,12,5,18,9,34,4,1,2314,27,minutesPlayed,GER,2025-2026,datafc_sofascore,2026-08-09T01:15:33.051884
35,77333,Jarell Quansah,1003339,Bayer 04 Leverkusen,2681,4,0,6.88,2.84,1.29,18,8,11,14,28,9,0,2308,28,minutesPlayed,GER,2025-2026,datafc_sofascore,2026-08-09T01:15:33.051884
35,77333,Jeff Chabot,863271,VfB Stuttgart,2677,0,0,7.11,1.13,0.85,18,7,7,4,34,3,0,2296,27,minutesPlayed,GER,2025-2026,datafc_sofascore,2026-08-09T01:15:33.051884
35,77333,Kristoffer Lund,963043,1. FC Köln,2671,0,2,6.66,0.71,2.23,20,3,21,19,38,2,0,2289,33,minutesPlayed,GER,2025-2026,datafc_sofascore,2026-08-09T01:15:33.051884
35,77333,Joshua Kimmich,259117,FC Bayern München,2672,2,8,7.71,2.65,10.24,28,10,58,11,32,4,0,2280,29,minutesPlayed,GER,2025-2026,datafc_sofascore,2026-08-09T01:15:33.051884
35,77333,Julian Ryerson,800951,Borussia Dortmund,2673,0,15,7.08,0.93,10.04,12,1,56,24,34,8,0,2272,31,minutesPlayed,GER,2025-2026,datafc_sofascore,2026-08-09T01:15:33.051884
35,77333,Niklas Dorsch,794995,1. FC Heidenheim,5885,0,1,6.88,0.59,2.64,14,3,24,12,59,2,0,2270,32,minutesPlayed,GER,2025-2026,datafc_sofascore,2026-08-09T01:15:33.051884
35,77333,Jan Schöppner,933707,1. FC Heidenheim,5885,3,3,6.62,2.15,1.36,25,7,14,11,32,5,0,2260,31,minutesPlayed,GER,2025-2026,datafc_sofascore,2026-08-09T01:15:33.051884
35,77333,Andrej Ilić,953767,1. FC Union Berlin,2547,5,9,6.7,11.26,2.17,72,26,30,7,4,5,0,2256,32,minutesPlayed,GER,2025-2026,datafc_sofascore,2026-08-09T01:15:33.051884
35,77333,Robin Hranáč,957615,TSG Hoffenheim,2569,1,0,6.72,2.14,0.49,8,3,3,2,25,5,0,2251,29,minutesPlayed,GER,2025-2026,datafc_sofascore,2026-08-09T01:15:33.051884
35,77333,Deniz Undav,794298,VfB Stuttgart,2677,19,6,7.19,16.4,4.03,122,46,41,9,18,5,0,2247,29,minutesPlayed,GER,2025-2026,datafc_sofascore,2026-08-09T01:15:33.051884
35,77333,Andrej Kramarić,67647,TSG Hoffenheim,2569,14,6,7.03,11.89,5.02,64,33,36,19,8,2,0,2222,34,minutesPlayed,GER,2025-2026,datafc_sofascore,2026-08-09T01:15:33.051884
35,77333,Fábio Vieira,904835,Hamburger SV,2676,7,5,7.18,4.65,4.07,59,19,39,32,20,2,2,2215,29,minutesPlayed,GER,2025-2026,datafc_sofascore,2026-08-09T01:15:33.051884
35,77333,Rômulo,1133743,RB Leipzig,36360,9,4,6.65,14.36,2.95,63,27,26,11,30,3,0,2204,30,minutesPlayed,GER,2025-2026,datafc_sofascore,2026-08-09T01:15:33.051884
35,77333,Jae-sung Lee,537552,1. FSV Mainz 05,2556,4,2,6.72,3.25,3.21,30,9,22,5,38,4,0,2198,28,minutesPlayed,GER,2025-2026,datafc_sofascore,2026-08-09T01:15:33.051884
35,77333,Maximilian Mittelstädt,788949,VfB Stuttgart,2677,6,4,7.2,4.4,6.02,31,16,37,14,67,4,0,2195,32,minutesPlayed,GER,2025-2026,datafc_sofascore,2026-08-09T01:15:33.051884
35,77333,Philipp Treu,979820,SC Freiburg,2538,1,2,6.66,1.19,1.71,17,5,20,15,45,2,0,2194,28,minutesPlayed,GER,2025-2026,datafc_sofascore,2026-08-09T01:15:33.051884
35,77333,Felix Nmecha,907463,Borussia Dortmund,2673,2,3,6.94,3.62,4.24,33,7,20,31,37,0,0,2184,29,minutesPlayed,GER,2025-2026,datafc_sofascore,2026-08-09T01:15:33.051884
35,77333,Arijon Ibrahimović,1142248,1. FC Heidenheim,5885,2,4,6.8,6.31,6.3,47,19,56,23,34,2,0,2181,32,minutesPlayed,GER,2025-2026,datafc_sofascore,2026-08-09T01:15:33.051884
35,77333,Castello Lukeba,976421,RB Leipzig,36360,1,0,7.07,1.16,0.77,8,2,7,22,31,3,0,2177,26,minutesPlayed,GER,2025-2026,datafc_sofascore,2026-08-09T01:15:33.051884
35,77333,Arthur Theate,965778,Eintracht Frankfurt,2674,1,0,6.78,1.1,1.27,15,7,12,4,35,8,0,2143,24,minutesPlayed,GER,2025-2026,datafc_sofascore,2026-08-09T01:15:33.051884
35,77333,Moritz Nicolas,578166,Borussia M'gladbach,2527,0,0,7.34,,0.07,0,0,2,0,1,1,0,3060,34,minutesPlayed,GER,2025-2026,datafc_sofascore,2026-08-09T01:15:33.051884
35,77333,Kamil Grabara,902080,VfL Wolfsburg,2524,0,0,7.21,0.04,0.12,1,0,3,1,1,1,0,3060,34,minutesPlayed,GER,2025-2026,datafc_sofascore,2026-08-09T01:15:33.051884
35,77333,Alexander Nübel,584722,VfB Stuttgart,2677,0,1,7.19,,0.1,0,0,3,0,0,0,0,3060,34,minutesPlayed,GER,2025-2026,datafc_sofascore,2026-08-09T01:15:33.051884
35,77333,Gregor Kobel,556866,Borussia Dortmund,2673,0,0,7.14,,0.1,0,0,0,0,0,3,0,3060,34,minutesPlayed,GER,2025-2026,datafc_sofascore,2026-08-09T01:15:33.051884
35,77333,Marvin Schwäbe,187185,1. FC Köln,2671,0,0,7.12,,0.21,0,0,1,0,1,2,0,3060,34,minutesPlayed,GER,2025-2026,datafc_sofascore,2026-08-09T01:15:33.051884
35,77333,Nikola Vasilj,325061,FC St. Pauli,2526,0,0,7.09,,0.07,0,0,0,0,1,0,0,3060,34,minutesPlayed,GER,2025-2026,datafc_sofascore,2026-08-09T01:15:33.051884
35,77333,Noah Atubolu,980626,SC Freiburg,2538,0,0,7.07,,0.48,0,0,3,0,0,1,0,3060,34,minutesPlayed,GER,2025-2026,datafc_sofascore,2026-08-09T01:15:33.051884
35,77333,Finn Dahmen,822564,FC Augsburg,2600,0,0,7.01,0.32,0.2,1,0,4,0,3,1,0,3060,34,minutesPlayed,GER,2025-2026,datafc_sofascore,2026-08-09T01:15:33.051884
35,77333,Maximilian Eggestein,569784,SC Freiburg,2538,3,1,6.85,3.8,1.7,44,13,19,15,64,4,0,3060,34,minutesPlayed,GER,2025-2026,datafc_sofascore,2026-08-09T01:15:33.051884
35,77333,Patrick Mainka,254429,1. FC Heidenheim,5885,2,2,6.85,3.49,1.36,37,9,10,4,45,1,0,3060,34,minutesPlayed,GER,2025-2026,datafc_sofascore,2026-08-09T01:15:33.051884
35,77333,Oliver Baumann,40244,TSG Hoffenheim,2569,0,0,6.79,,0.39,0,0,1,2,0,3,0,3060,34,minutesPlayed,GER,2025-2026,datafc_sofascore,2026-08-09T01:15:33.051884
35,77333,Danilho Doekhi,830803,1. FC Union Berlin,2547,5,0,6.75,4.25,1.61,46,11,8,3,44,4,0,3060,34,minutesPlayed,GER,2025-2026,datafc_sofascore,2026-08-09T01:15:33.051884
35,77333,Kaishu Sano,1028307,1. FSV Mainz 05,2556,1,2,7.02,1.36,3.4,24,6,25,28,52,1,0,3059,34,minutesPlayed,GER,2025-2026,datafc_sofascore,2026-08-09T01:15:33.051884
35,77333,Jakub Kamiński,801263,1. FC Köln,2671,7,3,7.1,7.06,6.41,63,26,52,24,45,4,0,3019,34,minutesPlayed,GER,2025-2026,datafc_sofascore,2026-08-09T01:15:33.051884
35,77333,Vladimír Coufal,138024,TSG Hoffenheim,2569,1,8,7.12,0.88,8.99,25,6,59,31,60,4,0,3017,34,minutesPlayed,GER,2025-2026,datafc_sofascore,2026-08-09T01:15:33.051884
35,77333,Romano Schmid,830127,SV Werder Bremen,2534,4,8,6.91,7.83,10.44,57,21,89,37,46,4,0,2988,34,minutesPlayed,GER,2025-2026,datafc_sofascore,2026-08-09T01:15:33.051884
35,77333,Daniel Fernandes,113442,Hamburger SV,2676,0,0,7.18,0.26,0.13,1,0,0,1,0,3,0,2970,33,minutesPlayed,GER,2025-2026,datafc_sofascore,2026-08-09T01:15:33.051884
35,77333,Nico Elvedi,282229,Borussia M'gladbach,2527,0,2,7.01,0.45,1.27,9,0,13,1,43,5,0,2967,33,minutesPlayed,GER,2025-2026,datafc_sofascore,2026-08-09T01:15:33.051884
35,77333,Willi Orbán,136924,RB Leipzig,36360,2,0,7.22,2.38,1.05,20,9,11,6,47,4,0,2950,33,minutesPlayed,GER,2025-2026,datafc_sofascore,2026-08-09T01:15:33.051884
35,77333,Waldemar Anton,799046,Borussia Dortmund,2673,2,0,7.25,1.74,1.26,16,6,8,13,73,3,0,2880,32,minutesPlayed,GER,2025-2026,datafc_sofascore,2026-08-09T01:15:33.051884
35,77333,Mio Backhaus,1083390,SV Werder Bremen,2534,0,0,7.12,,0.05,0,0,0,0,0,1,0,2880,32,minutesPlayed,GER,2025-2026,datafc_sofascore,2026-08-09T01:15:33.051884
35,77333,Nicolai Remberg,1064305,Hamburger SV,2676,0,2,6.93,1.03,1.41,17,8,13,14,60,11,0,2880,32,minutesPlayed,GER,2025-2026,datafc_sofascore,2026-08-09T01:15:33.051884
35,77333,Leon Avdullahu,1493305,TSG Hoffenheim,2569,0,1,7.03,0.59,2.48,14,2,22,8,47,5,0,2838,33,minutesPlayed,GER,2025-2026,datafc_sofascore,2026-08-09T01:15:33.051884
35,77333,Matthias Ginter,142259,SC Freiburg,2538,3,4,6.98,2.3,2.92,19,7,15,3,22,3,0,2836,32,minutesPlayed,GER,2025-2026,datafc_sofascore,2026-08-09T01:15:33.051884
35,77333,Robin Koch,581302,Eintracht Frankfurt,2674,3,1,6.96,1.38,1.67,15,5,10,2,42,1,1,2835,32,minutesPlayed,GER,2025-2026,datafc_sofascore,2026-08-09T01:15:33.051884
35,77333,Rani Khedira,149479,1. FC Union Berlin,2547,5,1,6.72,2.04,1.35,23,10,16,3,59,7,0,2835,32,minutesPlayed,GER,2025-2026,datafc_sofascore,2026-08-09T01:15:33.051884
35,77333,Robin Fellhauer,860461,FC Augsburg,2600,3,2,6.8,2.79,2.64,30,9,31,15,57,2,0,2810,34,minutesPlayed,GER,2025-2026,datafc_sofascore,2026-08-09T01:15:33.051884
35,77333,Diant Ramaj,981562,1. FC Heidenheim,5885,0,1,6.94,,0.19,0,0,1,0,1,2,0,2790,31,minutesPlayed,GER,2025-2026,datafc_sofascore,2026-08-09T01:15:33.051884
35,77333,Christoph Baumgartner,825956,RB Leipzig,36360,13,8,6.93,15.1,3.94,81,35,37,13,54,10,0,2789,33,minutesPlayed,GER,2025-2026,datafc_sofascore,2026-08-09T01:15:33.051884
35,77333,Senne Lynen,826171,SV Werder Bremen,2534,0,0,6.79,1.11,1.65,25,4,15,6,63,4,0,2757,31,minutesPlayed,GER,2025-2026,datafc_sofascore,2026-08-09T01:15:33.051884
35,77333,Angelo Stiller,901882,VfB Stuttgart,2677,2,5,7.25,3.08,7.46,17,8,56,14,49,1,0,2750,34,minutesPlayed,GER,2025-2026,datafc_sofascore,2026-08-09T01:15:33.051884
35,77333,Leopold Querfeld,1086547,1. FC Union Berlin,2547,3,0,6.87,3.69,1.77,29,10,21,4,52,6,0,2704,31,minutesPlayed,GER,2025-2026,datafc_sofascore,2026-08-09T01:15:33.051884
35,77333,Nicolas Seiwald,976575,RB Leipzig,36360,0,2,6.9,1.83,1.89,19,7,15,8,66,2,0,2703,33,minutesPlayed,GER,2025-2026,datafc_sofascore,2026-08-09T01:15:33.051884
35,77333,Danny da Costa,97926,1. FSV Mainz 05,2556,2,3,6.83,1.6,2.91,14,5,16,15,43,3,0,2697,34,minutesPlayed,GER,2025-2026,datafc_sofascore,2026-08-09T01:15:33.051884
35,77333,Aleix García,796047,Bayer 04 Leverkusen,2681,3,8,7.45,2.29,6.65,30,5,51,4,26,6,0,2676,33,minutesPlayed,GER,2025-2026,datafc_sofascore,2026-08-09T01:15:33.051884
35,77333,Joel Chima Fujita,1002461,FC St. Pauli,2526,1,3,6.71,1.15,3.92,31,7,30,47,68,6,0,2671,32,minutesPlayed,GER,2025-2026,datafc_sofascore,2026-08-09T01:15:33.051884
35,77333,Nathaniel Brown,1159759,Eintracht Frankfurt,2674,4,4,6.79,2.52,2.89,18,9,34,17,81,3,0,2658,33,minutesPlayed,GER,2025-2026,datafc_sofascore,2026-08-09T01:15:33.051884
35,77333,Frederik Rønnow,137692,1. FC Union Berlin,2547,0,0,6.74,,0.24,0,0,2,0,1,2,0,2641,30,minutesPlayed,GER,2025-2026,datafc_sofascore,2026-08-09T01:15:33.051884
35,77333,Rocco Reitz,1048650,Borussia M'gladbach,2527,0,4,6.86,2.57,4.92,47,14,28,24,68,8,1,2636,31,minutesPlayed,GER,2025-2026,datafc_sofascore,2026-08-09T01:15:33.051884
35,77333,Joe Scally,1002920,Borussia M'gladbach,2527,2,3,6.63,1.27,1.86,16,10,18,24,48,8,0,2611,32,minutesPlayed,GER,2025-2026,datafc_sofascore,2026-08-09T01:15:33.051884
35,77333,Hauke Wahl,253469,FC St. Pauli,2526,2,1,6.76,0.61,1.42,10,4,6,2,43,1,0,2591,30,minutesPlayed,GER,2025-2026,datafc_sofascore,2026-08-09T01:15:33.051884
35,77333,Arkadiusz Pyrka,971481,FC St. Pauli,2526,0,1,6.65,1.07,2.02,19,3,24,16,39,3,0,2580,31,minutesPlayed,GER,2025-2026,datafc_sofascore,2026-08-09T01:15:33.051884
35,77333,Edmond Tapsoba,883262,Bayer 04 Leverkusen,2681,5,3,7.2,2.5,1.42,29,10,11,8,31,7,0,2576,29,minutesPlayed,GER,2025-2026,datafc_sofascore,2026-08-09T01:15:33.051884
35,77333,Eric Martel,988639,1. FC Köln,2671,2,2,6.84,2.5,1.17,23,4,15,2,46,10,1,2564,31,minutesPlayed,GER,2025-2026,datafc_sofascore,2026-08-09T01:15:33.051884
35,77333,David Raum,856076,RB Leipzig,36360,3,7,7.33,2.2,12.39,24,8,98,16,48,6,0,2556,30,minutesPlayed,GER,2025-2026,datafc_sofascore,2026-08-09T01:15:33.051884
35,77333,Marco Friedl,825771,SV Werder Bremen,2534,1,0,6.88,0.68,1.08,8,2,5,4,44,9,1,2549,30,minutesPlayed,GER,2025-2026,datafc_sofascore,2026-08-09T01:15:33.051884
35,77333,Robert Andrich,168903,Bayer 04 Leverkusen,2681,2,0,6.83,0.72,1.66,12,3,12,1,43,4,1,2547,32,minutesPlayed,GER,2025-2026,datafc_sofascore,2026-08-09T01:15:33.051884
35,77333,Alejandro Grimaldo,177177,Bayer 04 Leverkusen,2681,8,8,7.31,6.65,10.13,60,21,70,25,49,5,0,2524,29,minutesPlayed,GER,2025-2026,datafc_sofascore,2026-08-09T01:15:33.051884
35,77333,Nico Schlotterbeck,940871,Borussia Dortmund,2673,5,1,7.67,3.72,2.69,32,9,12,15,50,8,0,2520,28,minutesPlayed,GER,2025-2026,datafc_sofascore,2026-08-09T01:15:33.051884
35,77333,Ridle Baku,856553,RB Leipzig,36360,2,3,6.87,2.56,6.05,30,6,37,13,60,4,0,2509,32,minutesPlayed,GER,2025-2026,datafc_sofascore,2026-08-09T01:15:33.051884
35,77333,Sebastian Sebulonsen,1020206,1. FC Köln,2671,0,0,6.42,1.55,3.07,31,5,21,18,44,5,0,2505,31,minutesPlayed,GER,2025-2026,datafc_sofascore,2026-08-09T01:15:33.051884
35,77333,Yannick Engelhardt,990209,Borussia M'gladbach,2527,2,2,6.75,2.12,1.54,21,5,14,6,43,7,0,2497,31,minutesPlayed,GER,2025-2026,datafc_sofascore,2026-08-09T01:15:33.051884
35,77333,Konstantinos Koulierakis,1184855,VfL Wolfsburg,2524,4,1,6.73,3.22,1.37,26,12,14,3,39,5,0,2488,29,minutesPlayed,GER,2025-2026,datafc_sofascore,2026-08-09T01:15:33.051884
35,77333,Yan Diomande,2087085,RB Leipzig,36360,12,8,7.72,7.14,10.12,53,26,56,118,29,2,0,2476,33,minutesPlayed,GER,2025-2026,datafc_sofascore,2026-08-09T01:15:33.051884
35,77333,Jens Stage,830142,SV Werder Bremen,2534,10,2,6.98,6.08,3.21,56,21,26,13,41,5,0,2468,29,minutesPlayed,GER,2025-2026,datafc_sofascore,2026-08-09T01:15:33.051884
35,77333,Kevin Diks,583806,Borussia M'gladbach,2527,5,0,6.96,5.08,1.13,23,13,8,10,43,6,0,2467,30,minutesPlayed,GER,2025-2026,datafc_sofascore,2026-08-09T01:15:33.051884
35,77333,Philipp Sander,939880,Borussia M'gladbach,2527,2,0,6.98,1.56,2.79,25,8,11,5,65,4,0,2454,30,minutesPlayed,GER,2025-2026,datafc_sofascore,2026-08-09T01:15:33.051884
35,77333,Daniel Svensson,1021272,Borussia Dortmund,2673,2,2,6.78,1.79,5.5,12,4,35,12,38,0,0,2452,33,minutesPlayed,GER,2025-2026,datafc_sofascore,2026-08-09T01:15:33.051884
35,77333,Luis Díaz,883537,FC Bayern München,2672,15,14,7.26,15.1,7.74,88,37,67,61,21,5,1,2450,32,minutesPlayed,GER,2025-2026,datafc_sofascore,2026-08-09T01:15:33.051884
35,77333,Luka Vušković,1405212,Hamburger SV,2676,6,0,7.28,4.22,1.46,32,10,11,8,22,6,0,2441,28,minutesPlayed,GER,2025-2026,datafc_sofascore,2026-08-09T01:15:33.051884
35,77333,Wouter Burger,916946,TSG Hoffenheim,2569,4,5,7.08,3.46,5.35,36,13,51,4,72,7,1,2440,30,minutesPlayed,GER,2025-2026,datafc_sofascore,2026-08-09T01:15:33.051884
35,77333,Albian Hajdari,1000269,TSG Hoffenheim,2569,1,2,6.98,1.73,1.62,19,4,10,2,58,10,0,2440,30,minutesPlayed,GER,2025-2026,datafc_sofascore,2026-08-09T01:15:33.051884
35,77333,Miro Muheim,798303,Hamburger SV,2676,0,4,6.93,1.19,4.25,23,7,41,21,62,7,1,2437,29,minutesPlayed,GER,2025-2026,datafc_sofascore,2026-08-09T01:15:33.051884
35,77333,Han-Noah Massengo,927340,FC Augsburg,2600,2,1,6.8,1.29,1.6,20,6,17,26,41,5,0,2435,33,minutesPlayed,GER,2025-2026,datafc_sofascore,2026-08-09T01:15:33.051884
35,77333,Yukinari Sugawara,905347,SV Werder Bremen,2534,0,6,6.52,1.85,3.06,30,11,20,11,36,2,1,2432,31,minutesPlayed,GER,2025-2026,datafc_sofascore,2026-08-09T01:15:33.051884
35,77333,Christian Eriksen,105734,VfL Wolfsburg,2524,3,9,6.91,5.96,7.65,38,14,63,10,38,4,0,2419,31,minutesPlayed,GER,2025-2026,datafc_sofascore,2026-08-09T01:15:33.051884
35,77333,Haris Tabaković,259803,Borussia M'gladbach,2527,13,2,6.71,13.0,0.86,67,27,16,6,10,5,0,2394,32,minutesPlayed,GER,2025-2026,datafc_sofascore,2026-08-09T01:15:33.051884
35,77333,Harry Kane,108579,FC Bayern München,2672,36,5,7.84,26.87,4.27,119,67,40,32,19,1,0,2382,31,minutesPlayed,GER,2025-2026,datafc_sofascore,2026-08-09T01:15:33.051884
35,77333,Ritsu Doan,790965,Eintracht Frankfurt,2674,5,5,6.85,3.36,5.62,41,15,40,34,43,5,0,2379,31,minutesPlayed,GER,2025-2026,datafc_sofascore,2026-08-09T01:15:33.051884
35,77333,Jamie Leweling,990201,VfB Stuttgart,2677,7,9,7.03,4.31,5.22,49,18,41,31,22,4,0,2375,32,minutesPlayed,GER,2025-2026,datafc_sofascore,2026-08-09T01:15:33.051884
35,77333,Ransford Yeboah Königsdörffer,1012235,Hamburger SV,2676,5,0,6.62,7.69,1.68,65,22,20,15,6,2,0,2360,33,minutesPlayed,GER,2025-2026,datafc_sofascore,2026-08-09T01:15:33.051884
35,77333,Fabian Rieder,929620,FC Augsburg,2600,6,3,6.89,4.19,4.59,38,13,44,19,37,4,0,2359,32,minutesPlayed,GER,2025-2026,datafc_sofascore,2026-08-09T01:15:33.051884
35,77333,Fisnik Asllani,1010117,TSG Hoffenheim,2569,10,7,6.73,8.28,3.93,73,28,36,17,17,2,0,2354,33,minutesPlayed,GER,2025-2026,datafc_sofascore,2026-08-09T01:15:33.051884
35,77333,Serhou Guirassy,328027,Borussia Dortmund,2673,17,1,6.83,17.56,3.5,84,40,20,12,2,3,0,2348,33,minutesPlayed,GER,2025-2026,datafc_sofascore,2026-08-09T01:15:33.051884
35,77333,Dominik Kohr,152206,1. FSV Mainz 05,2556,2,0,6.79,1.57,2.07,15,4,10,5,48,9,2,2345,29,minutesPlayed,GER,2025-2026,datafc_sofascore,2026-08-09T01:15:33.051884
35,77333,Jonas Föhrenbach,311676,1. FC Heidenheim,5885,1,1,6.6,0.55,2.71,5,1,21,2,46,3,0,2327,27,minutesPlayed,GER,2025-2026,datafc_sofascore,2026-08-09T01:15:33.051884
35,77333,Bazoumana Touré,1568123,TSG Hoffenheim,2569,5,9,6.91,4.16,5.75,48,13,46,48,34,2,0,2325,30,minutesPlayed,GER,2025-2026,datafc_sofascore,2026-08-09T01:15:33.051884
35,77333,Bernardo,828571,TSG Hoffenheim,2569,0,0,6.86,0.52,1.29,10,0,9,6,68,9,0,2318,29,minutesPlayed,GER,2025-2026,datafc_sofascore,2026-08-09T01:15:33.051884
35,77333,Michael Olise,978838,FC Bayern München,2672,15,19,7.87,11.46,17.23,101,50,81,65,24,8,0,2317,32,minutesPlayed,GER,2025-2026,datafc_sofascore,2026-08-09T01:15:33.051884
35,77333,Eric Smith,542038,FC St. Pauli,2526,2,2,6.86,0.58,1.21,12,5,18,9,34,4,1,2314,27,minutesPlayed,GER,2025-2026,datafc_sofascore,2026-08-09T01:15:33.051884
35,77333,Jarell Quansah,1003339,Bayer 04 Leverkusen,2681,4,0,6.88,2.84,1.29,18,8,11,14,28,9,0,2308,28,minutesPlayed,GER,2025-2026,datafc_sofascore,2026-08-09T01:15:33.051884
35,77333,Jeff Chabot,863271,VfB Stuttgart,2677,0,0,7.11,1.13,0.85,18,7,7,4,34,3,0,2296,27,minutesPlayed,GER,2025-2026,datafc_sofascore,2026-08-09T01:15:33.051884
35,77333,Kristoffer Lund,963043,1. FC Köln,2671,0,2,6.66,0.71,2.23,20,3,21,19,38,2,0,2289,33,minutesPlayed,GER,2025-2026,datafc_sofascore,2026-08-09T01:15:33.051884
35,77333,Joshua Kimmich,259117,FC Bayern München,2672,2,8,7.71,2.65,10.24,28,10,58,11,32,4,0,2280,29,minutesPlayed,GER,2025-2026,datafc_sofascore,2026-08-09T01:15:33.051884
35,77333,Julian Ryerson,800951,Borussia Dortmund,2673,0,15,7.08,0.93,10.04,12,1,56,24,34,8,0,2272,31,minutesPlayed,GER,2025-2026,datafc_sofascore,2026-08-09T01:15:33.051884
35,77333,Niklas Dorsch,794995,1. FC Heidenheim,5885,0,1,6.88,0.59,2.64,14,3,24,12,59,2,0,2270,32,minutesPlayed,GER,2025-2026,datafc_sofascore,2026-08-09T01:15:33.051884
35,77333,Jan Schöppner,933707,1. FC Heidenheim,5885,3,3,6.62,2.15,1.36,25,7,14,11,32,5,0,2260,31,minutesPlayed,GER,2025-2026,datafc_sofascore,2026-08-09T01:15:33.051884
35,77333,Andrej Ilić,953767,1. FC Union Berlin,2547,5,9,6.7,11.26,2.17,72,26,30,7,4,5,0,2256,32,minutesPlayed,GER,2025-2026,datafc_sofascore,2026-08-09T01:15:33.051884
35,77333,Robin Hranáč,957615,TSG Hoffenheim,2569,1,0,6.72,2.14,0.49,8,3,3,2,25,5,0,2251,29,minutesPlayed,GER,2025-2026,datafc_sofascore,2026-08-09T01:15:33.051884
35,77333,Deniz Undav,794298,VfB Stuttgart,2677,19,6,7.19,16.4,4.03,122,46,41,9,18,5,0,2247,29,minutesPlayed,GER,2025-2026,datafc_sofascore,2026-08-09T01:15:33.051884
35,77333,Andrej Kramarić,67647,TSG Hoffenheim,2569,14,6,7.03,11.89,5.02,64,33,36,19,8,2,0,2222,34,minutesPlayed,GER,2025-2026,datafc_sofascore,2026-08-09T01:15:33.051884
35,77333,Fábio Vieira,904835,Hamburger SV,2676,7,5,7.18,4.65,4.07,59,19,39,32,20,2,2,2215,29,minutesPlayed,GER,2025-2026,datafc_sofascore,2026-08-09T01:15:33.051884
35,77333,Rômulo,1133743,RB Leipzig,36360,9,4,6.65,14.36,2.95,63,27,26,11,30,3,0,2204,30,minutesPlayed,GER,2025-2026,datafc_sofascore,2026-08-09T01:15:33.051884
35,77333,Jae-sung Lee,537552,1. FSV Mainz 05,2556,4,2,6.72,3.25,3.21,30,9,22,5,38,4,0,2198,28,minutesPlayed,GER,2025-2026,datafc_sofascore,2026-08-09T01:15:33.051884
35,77333,Maximilian Mittelstädt,788949,VfB Stuttgart,2677,6,4,7.2,4.4,6.02,31,16,37,14,67,4,0,2195,32,minutesPlayed,GER,2025-2026,datafc_sofascore,2026-08-09T01:15:33.051884
35,77333,Philipp Treu,979820,SC Freiburg,2538,1,2,6.66,1.19,1.71,17,5,20,15,45,2,0,2194,28,minutesPlayed,GER,2025-2026,datafc_sofascore,2026-08-09T01:15:33.051884
35,77333,Felix Nmecha,907463,Borussia Dortmund,2673,2,3,6.94,3.62,4.24,33,7,20,31,37,0,0,2184,29,minutesPlayed,GER,2025-2026,datafc_sofascore,2026-08-09T01:15:33.051884
35,77333,Arijon Ibrahimović,1142248,1. FC Heidenheim,5885,2,4,6.8,6.31,6.3,47,19,56,23,34,2,0,2181,32,minutesPlayed,GER,2025-2026,datafc_sofascore,2026-08-09T01:15:33.051884
35,77333,Castello Lukeba,976421,RB Leipzig,36360,1,0,7.07,1.16,0.77,8,2,7,22,31,3,0,2177,26,minutesPlayed,GER,2025-2026,datafc_sofascore,2026-08-09T01:15:33.051884
35,77333,Arthur Theate,965778,Eintracht Frankfurt,2674,1,0,6.78,1.1,1.27,15,7,12,4,35,8,0,2143,24,minutesPlayed,GER,2025-2026,datafc_sofascore,2026-08-09T01:15:33.051884
35,77333,Moritz Nicolas,578166,Borussia M'gladbach,2527,0,0,7.34,,0.07,0,0,2,0,1,1,0,3060,34,appearances,GER,2025-2026,datafc_sofascore,2026-08-09T01:15:33.051884
35,77333,Angelo Stiller,901882,VfB Stuttgart,2677,2,5,7.25,3.08,7.46,17,8,56,14,49,1,0,2750,34,appearances,GER,2025-2026,datafc_sofascore,2026-08-09T01:15:33.051884
35,77333,Kamil Grabara,902080,VfL Wolfsburg,2524,0,0,7.21,0.04,0.12,1,0,3,1,1,1,0,3060,34,appearances,GER,2025-2026,datafc_sofascore,2026-08-09T01:15:33.051884
35,77333,Alexander Nübel,584722,VfB Stuttgart,2677,0,1,7.19,,0.1,0,0,3,0,0,0,0,3060,34,appearances,GER,2025-2026,datafc_sofascore,2026-08-09T01:15:33.051884
35,77333,Gregor Kobel,556866,Borussia Dortmund,2673,0,0,7.14,,0.1,0,0,0,0,0,3,0,3060,34,appearances,GER,2025-2026,datafc_sofascore,2026-08-09T01:15:33.051884
35,77333,Vladimír Coufal,138024,TSG Hoffenheim,2569,1,8,7.12,0.88,8.99,25,6,59,31,60,4,0,3017,34,appearances,GER,2025-2026,datafc_sofascore,2026-08-09T01:15:33.051884
35,77333,Marvin Schwäbe,187185,1. FC Köln,2671,0,0,7.12,,0.21,0,0,1,0,1,2,0,3060,34,appearances,GER,2025-2026,datafc_sofascore,2026-08-09T01:15:33.051884
35,77333,Jakub Kamiński,801263,1. FC Köln,2671,7,3,7.1,7.06,6.41,63,26,52,24,45,4,0,3019,34,appearances,GER,2025-2026,datafc_sofascore,2026-08-09T01:15:33.051884
35,77333,Nikola Vasilj,325061,FC St. Pauli,2526,0,0,7.09,,0.07,0,0,0,0,1,0,0,3060,34,appearances,GER,2025-2026,datafc_sofascore,2026-08-09T01:15:33.051884
35,77333,Noah Atubolu,980626,SC Freiburg,2538,0,0,7.07,,0.48,0,0,3,0,0,1,0,3060,34,appearances,GER,2025-2026,datafc_sofascore,2026-08-09T01:15:33.051884
35,77333,Andrej Kramarić,67647,TSG Hoffenheim,2569,14,6,7.03,11.89,5.02,64,33,36,19,8,2,0,2222,34,appearances,GER,2025-2026,datafc_sofascore,2026-08-09T01:15:33.051884
35,77333,Kaishu Sano,1028307,1. FSV Mainz 05,2556,1,2,7.02,1.36,3.4,24,6,25,28,52,1,0,3059,34,appearances,GER,2025-2026,datafc_sofascore,2026-08-09T01:15:33.051884
35,77333,Finn Dahmen,822564,FC Augsburg,2600,0,0,7.01,0.32,0.2,1,0,4,0,3,1,0,3060,34,appearances,GER,2025-2026,datafc_sofascore,2026-08-09T01:15:33.051884
35,77333,Said El Mala,1800475,1. FC Köln,2671,13,4,6.97,11.22,2.34,75,31,21,44,24,4,0,1957,34,appearances,GER,2025-2026,datafc_sofascore,2026-08-09T01:15:33.051884
35,77333,Romano Schmid,830127,SV Werder Bremen,2534,4,8,6.91,7.83,10.44,57,21,89,37,46,4,0,2988,34,appearances,GER,2025-2026,datafc_sofascore,2026-08-09T01:15:33.051884
35,77333,Maximilian Eggestein,569784,SC Freiburg,2538,3,1,6.85,3.8,1.7,44,13,19,15,64,4,0,3060,34,appearances,GER,2025-2026,datafc_sofascore,2026-08-09T01:15:33.051884
35,77333,Patrick Mainka,254429,1. FC Heidenheim,5885,2,2,6.85,3.49,1.36,37,9,10,4,45,1,0,3060,34,appearances,GER,2025-2026,datafc_sofascore,2026-08-09T01:15:33.051884
35,77333,Danny da Costa,97926,1. FSV Mainz 05,2556,2,3,6.83,1.6,2.91,14,5,16,15,43,3,0,2697,34,appearances,GER,2025-2026,datafc_sofascore,2026-08-09T01:15:33.051884
35,77333,Robin Fellhauer,860461,FC Augsburg,2600,3,2,6.8,2.79,2.64,30,9,31,15,57,2,0,2810,34,appearances,GER,2025-2026,datafc_sofascore,2026-08-09T01:15:33.051884
35,77333,Oliver Baumann,40244,TSG Hoffenheim,2569,0,0,6.79,,0.39,0,0,1,2,0,3,0,3060,34,appearances,GER,2025-2026,datafc_sofascore,2026-08-09T01:15:33.051884
35,77333,Danilho Doekhi,830803,1. FC Union Berlin,2547,5,0,6.75,4.25,1.61,46,11,8,3,44,4,0,3060,34,appearances,GER,2025-2026,datafc_sofascore,2026-08-09T01:15:33.051884
35,77333,Yan Diomande,2087085,RB Leipzig,36360,12,8,7.72,7.14,10.12,53,26,56,118,29,2,0,2476,33,appearances,GER,2025-2026,datafc_sofascore,2026-08-09T01:15:33.051884
35,77333,Aleix García,796047,Bayer 04 Leverkusen,2681,3,8,7.45,2.29,6.65,30,5,51,4,26,6,0,2676,33,appearances,GER,2025-2026,datafc_sofascore,2026-08-09T01:15:33.051884
35,77333,Willi Orbán,136924,RB Leipzig,36360,2,0,7.22,2.38,1.05,20,9,11,6,47,4,0,2950,33,appearances,GER,2025-2026,datafc_sofascore,2026-08-09T01:15:33.051884
35,77333,Daniel Fernandes,113442,Hamburger SV,2676,0,0,7.18,0.26,0.13,1,0,0,1,0,3,0,2970,33,appearances,GER,2025-2026,datafc_sofascore,2026-08-09T01:15:33.051884
35,77333,Chris Führich,891510,VfB Stuttgart,2677,7,7,7.17,4.26,8.05,45,23,49,28,15,2,0,1723,33,appearances,GER,2025-2026,datafc_sofascore,2026-08-09T01:15:33.051884
35,77333,Leon Avdullahu,1493305,TSG Hoffenheim,2569,0,1,7.03,0.59,2.48,14,2,22,8,47,5,0,2838,33,appearances,GER,2025-2026,datafc_sofascore,2026-08-09T01:15:33.051884
35,77333,Nico Elvedi,282229,Borussia M'gladbach,2527,0,2,7.01,0.45,1.27,9,0,13,1,43,5,0,2967,33,appearances,GER,2025-2026,datafc_sofascore,2026-08-09T01:15:33.051884
35,77333,Vincenzo Grifo,171961,SC Freiburg,2538,7,4,6.94,5.74,4.66,30,12,41,10,10,0,0,1720,33,appearances,GER,2025-2026,datafc_sofascore,2026-08-09T01:15:33.051884
35,77333,Christoph Baumgartner,825956,RB Leipzig,36360,13,8,6.93,15.1,3.94,81,35,37,13,54,10,0,2789,33,appearances,GER,2025-2026,datafc_sofascore,2026-08-09T01:15:33.051884
35,77333,Nicolas Seiwald,976575,RB Leipzig,36360,0,2,6.9,1.83,1.89,19,7,15,8,66,2,0,2703,33,appearances,GER,2025-2026,datafc_sofascore,2026-08-09T01:15:33.051884
35,77333,Grischa Prömel,253993,TSG Hoffenheim,2569,7,2,6.86,5.09,2.98,43,14,16,6,36,5,0,1752,33,appearances,GER,2025-2026,datafc_sofascore,2026-08-09T01:15:33.051884
35,77333,Serhou Guirassy,328027,Borussia Dortmund,2673,17,1,6.83,17.56,3.5,84,40,20,12,2,3,0,2348,33,appearances,GER,2025-2026,datafc_sofascore,2026-08-09T01:15:33.051884
35,77333,Han-Noah Massengo,927340,FC Augsburg,2600,2,1,6.8,1.29,1.6,20,6,17,26,41,5,0,2435,33,appearances,GER,2025-2026,datafc_sofascore,2026-08-09T01:15:33.051884
35,77333,Nathaniel Brown,1159759,Eintracht Frankfurt,2674,4,4,6.79,2.52,2.89,18,9,34,17,81,3,0,2658,33,appearances,GER,2025-2026,datafc_sofascore,2026-08-09T01:15:33.051884
35,77333,Daniel Svensson,1021272,Borussia Dortmund,2673,2,2,6.78,1.79,5.5,12,4,35,12,38,0,0,2452,33,appearances,GER,2025-2026,datafc_sofascore,2026-08-09T01:15:33.051884
35,77333,Marco Grüll,815612,SV Werder Bremen,2534,3,1,6.76,3.6,3.09,43,13,33,21,38,5,0,2020,33,appearances,GER,2025-2026,datafc_sofascore,2026-08-09T01:15:33.051884
35,77333,Fisnik Asllani,1010117,TSG Hoffenheim,2569,10,7,6.73,8.28,3.93,73,28,36,17,17,2,0,2354,33,appearances,GER,2025-2026,datafc_sofascore,2026-08-09T01:15:33.051884
35,77333,Justin Njinmah,1005343,SV Werder Bremen,2534,5,0,6.68,6.71,1.09,62,23,16,21,23,2,0,1955,33,appearances,GER,2025-2026,datafc_sofascore,2026-08-09T01:15:33.051884
35,77333,Lucas Höler,280009,SC Freiburg,2538,3,1,6.67,4.5,1.93,34,15,24,10,25,4,0,2065,33,appearances,GER,2025-2026,datafc_sofascore,2026-08-09T01:15:33.051884
35,77333,Kristoffer Lund,963043,1. FC Köln,2671,0,2,6.66,0.71,2.23,20,3,21,19,38,2,0,2289,33,appearances,GER,2025-2026,datafc_sofascore,2026-08-09T01:15:33.051884
35,77333,Ilyas Ansah,1462742,1. FC Union Berlin,2547,5,1,6.64,3.25,1.05,33,12,16,25,17,1,0,1909,33,appearances,GER,2025-2026,datafc_sofascore,2026-08-09T01:15:33.051884
35,77333,Ransford Yeboah Königsdörffer,1012235,Hamburger SV,2676,5,0,6.62,7.69,1.68,65,22,20,15,6,2,0,2360,33,appearances,GER,2025-2026,datafc_sofascore,2026-08-09T01:15:33.051884
35,77333,Michael Olise,978838,FC Bayern München,2672,15,19,7.87,11.46,17.23,101,50,81,65,24,8,0,2317,32,appearances,GER,2025-2026,datafc_sofascore,2026-08-09T01:15:33.051884
35,77333,Luis Díaz,883537,FC Bayern München,2672,15,14,7.26,15.1,7.74,88,37,67,61,21,5,1,2450,32,appearances,GER,2025-2026,datafc_sofascore,2026-08-09T01:15:33.051884
35,77333,Waldemar Anton,799046,Borussia Dortmund,2673,2,0,7.25,1.74,1.26,16,6,8,13,73,3,0,2880,32,appearances,GER,2025-2026,datafc_sofascore,2026-08-09T01:15:33.051884
35,77333,Maximilian Mittelstädt,788949,VfB Stuttgart,2677,6,4,7.2,4.4,6.02,31,16,37,14,67,4,0,2195,32,appearances,GER,2025-2026,datafc_sofascore,2026-08-09T01:15:33.051884
35,77333,Mio Backhaus,1083390,SV Werder Bremen,2534,0,0,7.12,,0.05,0,0,0,0,0,1,0,2880,32,appearances,GER,2025-2026,datafc_sofascore,2026-08-09T01:15:33.051884
35,77333,Jamie Leweling,990201,VfB Stuttgart,2677,7,9,7.03,4.31,5.22,49,18,41,31,22,4,0,2375,32,appearances,GER,2025-2026,datafc_sofascore,2026-08-09T01:15:33.051884
35,77333,Matthias Ginter,142259,SC Freiburg,2538,3,4,6.98,2.3,2.92,19,7,15,3,22,3,0,2836,32,appearances,GER,2025-2026,datafc_sofascore,2026-08-09T01:15:33.051884
35,77333,Robin Koch,581302,Eintracht Frankfurt,2674,3,1,6.96,1.38,1.67,15,5,10,2,42,1,1,2835,32,appearances,GER,2025-2026,datafc_sofascore,2026-08-09T01:15:33.051884
35,77333,Nicolai Remberg,1064305,Hamburger SV,2676,0,2,6.93,1.03,1.41,17,8,13,14,60,11,0,2880,32,appearances,GER,2025-2026,datafc_sofascore,2026-08-09T01:15:33.051884
35,77333,Fabian Rieder,929620,FC Augsburg,2600,6,3,6.89,4.19,4.59,38,13,44,19,37,4,0,2359,32,appearances,GER,2025-2026,datafc_sofascore,2026-08-09T01:15:33.051884
35,77333,Niklas Dorsch,794995,1. FC Heidenheim,5885,0,1,6.88,0.59,2.64,14,3,24,12,59,2,0,2270,32,appearances,GER,2025-2026,datafc_sofascore,2026-08-09T01:15:33.051884
35,77333,Ridle Baku,856553,RB Leipzig,36360,2,3,6.87,2.56,6.05,30,6,37,13,60,4,0,2509,32,appearances,GER,2025-2026,datafc_sofascore,2026-08-09T01:15:33.051884
35,77333,Marius Bülter,378340,1. FC Köln,2671,5,4,6.84,4.37,4.47,42,17,26,6,7,3,0,1606,32,appearances,GER,2025-2026,datafc_sofascore,2026-08-09T01:15:33.051884
35,77333,Robert Andrich,168903,Bayer 04 Leverkusen,2681,2,0,6.83,0.72,1.66,12,3,12,1,43,4,1,2547,32,appearances,GER,2025-2026,datafc_sofascore,2026-08-09T01:15:33.051884
35,77333,Alexander Prass,978062,TSG Hoffenheim,2569,3,2,6.81,1.19,3.25,18,11,18,16,32,4,0,1318,32,appearances,GER,2025-2026,datafc_sofascore,2026-08-09T01:15:33.051884
35,77333,Arijon Ibrahimović,1142248,1. FC Heidenheim,5885,2,4,6.8,6.31,6.3,47,19,56,23,34,2,0,2181,32,appearances,GER,2025-2026,datafc_sofascore,2026-08-09T01:15:33.051884
35,77333,Maximilian Beier,980628,Borussia Dortmund,2673,9,6,6.8,7.35,4.97,50,20,26,18,26,3,0,2036,32,appearances,GER,2025-2026,datafc_sofascore,2026-08-09T01:15:33.051884
35,77333,Jobe Bellingham,1134083,Borussia Dortmund,2673,0,1,6.75,1.08,1.27,19,6,9,15,44,2,1,1800,32,appearances,GER,2025-2026,datafc_sofascore,2026-08-09T01:15:33.051884
35,77333,Rani Khedira,149479,1. FC Union Berlin,2547,5,1,6.72,2.04,1.35,23,10,16,3,59,7,0,2835,32,appearances,GER,2025-2026,datafc_sofascore,2026-08-09T01:15:33.051884
35,77333,Haris Tabaković,259803,Borussia M'gladbach,2527,13,2,6.71,13.0,0.86,67,27,16,6,10,5,0,2394,32,appearances,GER,2025-2026,datafc_sofascore,2026-08-09T01:15:33.051884
35,77333,Joel Chima Fujita,1002461,FC St. Pauli,2526,1,3,6.71,1.15,3.92,31,7,30,47,68,6,0,2671,32,appearances,GER,2025-2026,datafc_sofascore,2026-08-09T01:15:33.051884
35,77333,Andrej Ilić,953767,1. FC Union Berlin,2547,5,9,6.7,11.26,2.17,72,26,30,7,4,5,0,2256,32,appearances,GER,2025-2026,datafc_sofascore,2026-08-09T01:15:33.051884
35,77333,Shuto Machino,925910,Borussia M'gladbach,2527,3,1,6.68,2.94,1.63,26,11,14,3,8,2,0,1084,32,appearances,GER,2025-2026,datafc_sofascore,2026-08-09T01:15:33.051884
35,77333,Joe Scally,1002920,Borussia M'gladbach,2527,2,3,6.63,1.27,1.86,16,10,18,24,48,8,0,2611,32,appearances,GER,2025-2026,datafc_sofascore,2026-08-09T01:15:33.051884
35,77333,Harry Kane,108579,FC Bayern München,2672,36,5,7.84,26.87,4.27,119,67,40,32,19,1,0,2382,31,appearances,GER,2025-2026,datafc_sofascore,2026-08-09T01:15:33.051884
35,77333,Leon Goretzka,184661,FC Bayern München,2672,5,3,7.13,4.8,3.81,35,11,22,11,29,4,0,1954,31,appearances,GER,2025-2026,datafc_sofascore,2026-08-09T01:15:33.051884
35,77333,Julian Ryerson,800951,Borussia Dortmund,2673,0,15,7.08,0.93,10.04,12,1,56,24,34,8,0,2272,31,appearances,GER,2025-2026,datafc_sofascore,2026-08-09T01:15:33.051884
35,77333,Antonio Nusa,1121923,RB Leipzig,36360,4,3,7.07,4.41,5.16,61,20,33,68,26,0,0,2035,31,appearances,GER,2025-2026,datafc_sofascore,2026-08-09T01:15:33.051884
35,77333,Diant Ramaj,981562,1. FC Heidenheim,5885,0,1,6.94,,0.19,0,0,1,0,1,2,0,2790,31,appearances,GER,2025-2026,datafc_sofascore,2026-08-09T01:15:33.051884
35,77333,Christian Eriksen,105734,VfL Wolfsburg,2524,3,9,6.91,5.96,7.65,38,14,63,10,38,4,0,2419,31,appearances,GER,2025-2026,datafc_sofascore,2026-08-09T01:15:33.051884
35,77333,Leopold Querfeld,1086547,1. FC Union Berlin,2547,3,0,6.87,3.69,1.77,29,10,21,4,52,6,0,2704,31,appearances,GER,2025-2026,datafc_sofascore,2026-08-09T01:15:33.051884
35,77333,Rocco Reitz,1048650,Borussia M'gladbach,2527,0,4,6.86,2.57,4.92,47,14,28,24,68,8,1,2636,31,appearances,GER,2025-2026,datafc_sofascore,2026-08-09T01:15:33.051884
35,77333,Ritsu Doan,790965,Eintracht Frankfurt,2674,5,5,6.85,3.36,5.62,41,15,40,34,43,5,0,2379,31,appearances,GER,2025-2026,datafc_sofascore,2026-08-09T01:15:33.051884
35,77333,Eric Martel,988639,1. FC Köln,2671,2,2,6.84,2.5,1.17,23,4,15,2,46,10,1,2564,31,appearances,GER,2025-2026,datafc_sofascore,2026-08-09T01:15:33.051884
35,77333,Igor Matanović,1019321,SC Freiburg,2538,11,2,6.8,9.24,1.33,52,20,22,12,23,0,0,1570,31,appearances,GER,2025-2026,datafc_sofascore,2026-08-09T01:15:33.051884
35,77333,Senne Lynen,826171,SV Werder Bremen,2534,0,0,6.79,1.11,1.65,25,4,15,6,63,4,0,2757,31,appearances,GER,2025-2026,datafc_sofascore,2026-08-09T01:15:33.051884
35,77333,Yannick Engelhardt,990209,Borussia M'gladbach,2527,2,2,6.75,2.12,1.54,21,5,14,6,43,7,0,2497,31,appearances,GER,2025-2026,datafc_sofascore,2026-08-09T01:15:33.051884
35,77333,Ísak Bergmann Jóhannesson,1112327,1. FC Köln,2671,1,2,6.75,1.43,3.72,13,4,34,6,27,6,0,1812,31,appearances,GER,2025-2026,datafc_sofascore,2026-08-09T01:15:33.051884
35,77333,Ramon Hendriks,916943,VfB Stuttgart,2677,0,3,6.75,0.31,1.1,5,0,6,8,35,3,0,2033,31,appearances,GER,2025-2026,datafc_sofascore,2026-08-09T01:15:33.051884
35,77333,Derry Scherhant,1131002,SC Freiburg,2538,5,1,6.69,2.58,2.48,36,13,22,30,20,2,0,1308,31,appearances,GER,2025-2026,datafc_sofascore,2026-08-09T01:15:33.051884
35,77333,Arkadiusz Pyrka,971481,FC St. Pauli,2526,0,1,6.65,1.07,2.02,19,3,24,16,39,3,0,2580,31,appearances,GER,2025-2026,datafc_sofascore,2026-08-09T01:15:33.051884
35,77333,Jan Schöppner,933707,1. FC Heidenheim,5885,3,3,6.62,2.15,1.36,25,7,14,11,32,5,0,2260,31,appearances,GER,2025-2026,datafc_sofascore,2026-08-09T01:15:33.051884
35,77333,Yukinari Sugawara,905347,SV Werder Bremen,2534,0,6,6.52,1.85,3.06,30,11,20,11,36,2,1,2432,31,appearances,GER,2025-2026,datafc_sofascore,2026-08-09T01:15:33.051884
35,77333,Sebastian Sebulonsen,1020206,1. FC Köln,2671,0,0,6.42,1.55,3.07,31,5,21,18,44,5,0,2505,31,appearances,GER,2025-2026,datafc_sofascore,2026-08-09T01:15:33.051884
35,77333,David Raum,856076,RB Leipzig,36360,3,7,7.33,2.2,12.39,24,8,98,16,48,6,0,2556,30,appearances,GER,2025-2026,datafc_sofascore,2026-08-09T01:15:33.051884
35,77333,Wouter Burger,916946,TSG Hoffenheim,2569,4,5,7.08,3.46,5.35,36,13,51,4,72,7,1,2440,30,appearances,GER,2025-2026,datafc_sofascore,2026-08-09T01:15:33.051884
35,77333,Albian Hajdari,1000269,TSG Hoffenheim,2569,1,2,6.98,1.73,1.62,19,4,10,2,58,10,0,2440,30,appearances,GER,2025-2026,datafc_sofascore,2026-08-09T01:15:33.051884
35,77333,Philipp Sander,939880,Borussia M'gladbach,2527,2,0,6.98,1.56,2.79,25,8,11,5,65,4,0,2454,30,appearances,GER,2025-2026,datafc_sofascore,2026-08-09T01:15:33.051884
35,77333,Kevin Diks,583806,Borussia M'gladbach,2527,5,0,6.96,5.08,1.13,23,13,8,10,43,6,0,2467,30,appearances,GER,2025-2026,datafc_sofascore,2026-08-09T01:15:33.051884
35,77333,Bazoumana Touré,1568123,TSG Hoffenheim,2569,5,9,6.91,4.16,5.75,48,13,46,48,34,2,0,2325,30,appearances,GER,2025-2026,datafc_sofascore,2026-08-09T01:15:33.051884
35,77333,Marco Friedl,825771,SV Werder Bremen,2534,1,0,6.88,0.68,1.08,8,2,5,4,44,9,1,2549,30,appearances,GER,2025-2026,datafc_sofascore,2026-08-09T01:15:33.051884
35,77333,Hauke Wahl,253469,FC St. Pauli,2526,2,1,6.76,0.61,1.42,10,4,6,2,43,1,0,2591,30,appearances,GER,2025-2026,datafc_sofascore,2026-08-09T01:15:33.051884
35,77333,Aljoscha Kemlein,1198074,1. FC Union Berlin,2547,0,2,6.76,1.18,2.31,17,2,15,17,40,4,0,1967,30,appearances,GER,2025-2026,datafc_sofascore,2026-08-09T01:15:33.051884
35,77333,Mohamed Amoura,1107591,VfL Wolfsburg,2524,8,3,6.74,8.6,2.51,60,19,25,16,38,2,0,1935,30,appearances,GER,2025-2026,datafc_sofascore,2026-08-09T01:15:33.051884
35,77333,Frederik Rønnow,137692,1. FC Union Berlin,2547,0,0,6.74,,0.24,0,0,2,0,1,2,0,2641,30,appearances,GER,2025-2026,datafc_sofascore,2026-08-09T01:15:33.051884
35,77333,Danel Sinani,887500,FC St. Pauli,2526,5,3,6.72,5.06,4.78,51,18,47,12,25,4,0,2068,30,appearances,GER,2025-2026,datafc_sofascore,2026-08-09T01:15:33.051884
35,77333,Dženan Pejčinović,1127790,VfL Wolfsburg,2524,8,0,6.65,7.87,0.54,50,23,13,4,10,1,0,1482,30,appearances,GER,2025-2026,datafc_sofascore,2026-08-09T01:15:33.051884
35,77333,Moritz Nicolas,578166,Borussia M'gladbach,2527,0,0,7.34,,0.07,0,0,2,0,1,1,0,3060,34,appearances,GER,2025-2026,datafc_sofascore,2026-08-09T01:15:33.051884
35,77333,Angelo Stiller,901882,VfB Stuttgart,2677,2,5,7.25,3.08,7.46,17,8,56,14,49,1,0,2750,34,appearances,GER,2025-2026,datafc_sofascore,2026-08-09T01:15:33.051884
35,77333,Kamil Grabara,902080,VfL Wolfsburg,2524,0,0,7.21,0.04,0.12,1,0,3,1,1,1,0,3060,34,appearances,GER,2025-2026,datafc_sofascore,2026-08-09T01:15:33.051884
35,77333,Alexander Nübel,584722,VfB Stuttgart,2677,0,1,7.19,,0.1,0,0,3,0,0,0,0,3060,34,appearances,GER,2025-2026,datafc_sofascore,2026-08-09T01:15:33.051884
35,77333,Gregor Kobel,556866,Borussia Dortmund,2673,0,0,7.14,,0.1,0,0,0,0,0,3,0,3060,34,appearances,GER,2025-2026,datafc_sofascore,2026-08-09T01:15:33.051884
35,77333,Vladimír Coufal,138024,TSG Hoffenheim,2569,1,8,7.12,0.88,8.99,25,6,59,31,60,4,0,3017,34,appearances,GER,2025-2026,datafc_sofascore,2026-08-09T01:15:33.051884
35,77333,Marvin Schwäbe,187185,1. FC Köln,2671,0,0,7.12,,0.21,0,0,1,0,1,2,0,3060,34,appearances,GER,2025-2026,datafc_sofascore,2026-08-09T01:15:33.051884
35,77333,Jakub Kamiński,801263,1. FC Köln,2671,7,3,7.1,7.06,6.41,63,26,52,24,45,4,0,3019,34,appearances,GER,2025-2026,datafc_sofascore,2026-08-09T01:15:33.051884
35,77333,Nikola Vasilj,325061,FC St. Pauli,2526,0,0,7.09,,0.07,0,0,0,0,1,0,0,3060,34,appearances,GER,2025-2026,datafc_sofascore,2026-08-09T01:15:33.051884
35,77333,Noah Atubolu,980626,SC Freiburg,2538,0,0,7.07,,0.48,0,0,3,0,0,1,0,3060,34,appearances,GER,2025-2026,datafc_sofascore,2026-08-09T01:15:33.051884
35,77333,Andrej Kramarić,67647,TSG Hoffenheim,2569,14,6,7.03,11.89,5.02,64,33,36,19,8,2,0,2222,34,appearances,GER,2025-2026,datafc_sofascore,2026-08-09T01:15:33.051884
35,77333,Kaishu Sano,1028307,1. FSV Mainz 05,2556,1,2,7.02,1.36,3.4,24,6,25,28,52,1,0,3059,34,appearances,GER,2025-2026,datafc_sofascore,2026-08-09T01:15:33.051884
35,77333,Finn Dahmen,822564,FC Augsburg,2600,0,0,7.01,0.32,0.2,1,0,4,0,3,1,0,3060,34,appearances,GER,2025-2026,datafc_sofascore,2026-08-09T01:15:33.051884
35,77333,Said El Mala,1800475,1. FC Köln,2671,13,4,6.97,11.22,2.34,75,31,21,44,24,4,0,1957,34,appearances,GER,2025-2026,datafc_sofascore,2026-08-09T01:15:33.051884
35,77333,Romano Schmid,830127,SV Werder Bremen,2534,4,8,6.91,7.83,10.44,57,21,89,37,46,4,0,2988,34,appearances,GER,2025-2026,datafc_sofascore,2026-08-09T01:15:33.051884
35,77333,Maximilian Eggestein,569784,SC Freiburg,2538,3,1,6.85,3.8,1.7,44,13,19,15,64,4,0,3060,34,appearances,GER,2025-2026,datafc_sofascore,2026-08-09T01:15:33.051884
35,77333,Patrick Mainka,254429,1. FC Heidenheim,5885,2,2,6.85,3.49,1.36,37,9,10,4,45,1,0,3060,34,appearances,GER,2025-2026,datafc_sofascore,2026-08-09T01:15:33.051884
35,77333,Danny da Costa,97926,1. FSV Mainz 05,2556,2,3,6.83,1.6,2.91,14,5,16,15,43,3,0,2697,34,appearances,GER,2025-2026,datafc_sofascore,2026-08-09T01:15:33.051884
35,77333,Robin Fellhauer,860461,FC Augsburg,2600,3,2,6.8,2.79,2.64,30,9,31,15,57,2,0,2810,34,appearances,GER,2025-2026,datafc_sofascore,2026-08-09T01:15:33.051884
35,77333,Oliver Baumann,40244,TSG Hoffenheim,2569,0,0,6.79,,0.39,0,0,1,2,0,3,0,3060,34,appearances,GER,2025-2026,datafc_sofascore,2026-08-09T01:15:33.051884
35,77333,Danilho Doekhi,830803,1. FC Union Berlin,2547,5,0,6.75,4.25,1.61,46,11,8,3,44,4,0,3060,34,appearances,GER,2025-2026,datafc_sofascore,2026-08-09T01:15:33.051884
35,77333,Yan Diomande,2087085,RB Leipzig,36360,12,8,7.72,7.14,10.12,53,26,56,118,29,2,0,2476,33,appearances,GER,2025-2026,datafc_sofascore,2026-08-09T01:15:33.051884
35,77333,Aleix García,796047,Bayer 04 Leverkusen,2681,3,8,7.45,2.29,6.65,30,5,51,4,26,6,0,2676,33,appearances,GER,2025-2026,datafc_sofascore,2026-08-09T01:15:33.051884
35,77333,Willi Orbán,136924,RB Leipzig,36360,2,0,7.22,2.38,1.05,20,9,11,6,47,4,0,2950,33,appearances,GER,2025-2026,datafc_sofascore,2026-08-09T01:15:33.051884
35,77333,Daniel Fernandes,113442,Hamburger SV,2676,0,0,7.18,0.26,0.13,1,0,0,1,0,3,0,2970,33,appearances,GER,2025-2026,datafc_sofascore,2026-08-09T01:15:33.051884
35,77333,Chris Führich,891510,VfB Stuttgart,2677,7,7,7.17,4.26,8.05,45,23,49,28,15,2,0,1723,33,appearances,GER,2025-2026,datafc_sofascore,2026-08-09T01:15:33.051884
35,77333,Leon Avdullahu,1493305,TSG Hoffenheim,2569,0,1,7.03,0.59,2.48,14,2,22,8,47,5,0,2838,33,appearances,GER,2025-2026,datafc_sofascore,2026-08-09T01:15:33.051884
35,77333,Nico Elvedi,282229,Borussia M'gladbach,2527,0,2,7.01,0.45,1.27,9,0,13,1,43,5,0,2967,33,appearances,GER,2025-2026,datafc_sofascore,2026-08-09T01:15:33.051884
35,77333,Vincenzo Grifo,171961,SC Freiburg,2538,7,4,6.94,5.74,4.66,30,12,41,10,10,0,0,1720,33,appearances,GER,2025-2026,datafc_sofascore,2026-08-09T01:15:33.051884
35,77333,Christoph Baumgartner,825956,RB Leipzig,36360,13,8,6.93,15.1,3.94,81,35,37,13,54,10,0,2789,33,appearances,GER,2025-2026,datafc_sofascore,2026-08-09T01:15:33.051884
35,77333,Nicolas Seiwald,976575,RB Leipzig,36360,0,2,6.9,1.83,1.89,19,7,15,8,66,2,0,2703,33,appearances,GER,2025-2026,datafc_sofascore,2026-08-09T01:15:33.051884
35,77333,Grischa Prömel,253993,TSG Hoffenheim,2569,7,2,6.86,5.09,2.98,43,14,16,6,36,5,0,1752,33,appearances,GER,2025-2026,datafc_sofascore,2026-08-09T01:15:33.051884
35,77333,Serhou Guirassy,328027,Borussia Dortmund,2673,17,1,6.83,17.56,3.5,84,40,20,12,2,3,0,2348,33,appearances,GER,2025-2026,datafc_sofascore,2026-08-09T01:15:33.051884
35,77333,Han-Noah Massengo,927340,FC Augsburg,2600,2,1,6.8,1.29,1.6,20,6,17,26,41,5,0,2435,33,appearances,GER,2025-2026,datafc_sofascore,2026-08-09T01:15:33.051884
35,77333,Nathaniel Brown,1159759,Eintracht Frankfurt,2674,4,4,6.79,2.52,2.89,18,9,34,17,81,3,0,2658,33,appearances,GER,2025-2026,datafc_sofascore,2026-08-09T01:15:33.051884
35,77333,Daniel Svensson,1021272,Borussia Dortmund,2673,2,2,6.78,1.79,5.5,12,4,35,12,38,0,0,2452,33,appearances,GER,2025-2026,datafc_sofascore,2026-08-09T01:15:33.051884
35,77333,Marco Grüll,815612,SV Werder Bremen,2534,3,1,6.76,3.6,3.09,43,13,33,21,38,5,0,2020,33,appearances,GER,2025-2026,datafc_sofascore,2026-08-09T01:15:33.051884
35,77333,Fisnik Asllani,1010117,TSG Hoffenheim,2569,10,7,6.73,8.28,3.93,73,28,36,17,17,2,0,2354,33,appearances,GER,2025-2026,datafc_sofascore,2026-08-09T01:15:33.051884
35,77333,Justin Njinmah,1005343,SV Werder Bremen,2534,5,0,6.68,6.71,1.09,62,23,16,21,23,2,0,1955,33,appearances,GER,2025-2026,datafc_sofascore,2026-08-09T01:15:33.051884
35,77333,Lucas Höler,280009,SC Freiburg,2538,3,1,6.67,4.5,1.93,34,15,24,10,25,4,0,2065,33,appearances,GER,2025-2026,datafc_sofascore,2026-08-09T01:15:33.051884
35,77333,Kristoffer Lund,963043,1. FC Köln,2671,0,2,6.66,0.71,2.23,20,3,21,19,38,2,0,2289,33,appearances,GER,2025-2026,datafc_sofascore,2026-08-09T01:15:33.051884
35,77333,Ilyas Ansah,1462742,1. FC Union Berlin,2547,5,1,6.64,3.25,1.05,33,12,16,25,17,1,0,1909,33,appearances,GER,2025-2026,datafc_sofascore,2026-08-09T01:15:33.051884
35,77333,Ransford Yeboah Königsdörffer,1012235,Hamburger SV,2676,5,0,6.62,7.69,1.68,65,22,20,15,6,2,0,2360,33,appearances,GER,2025-2026,datafc_sofascore,2026-08-09T01:15:33.051884
35,77333,Michael Olise,978838,FC Bayern München,2672,15,19,7.87,11.46,17.23,101,50,81,65,24,8,0,2317,32,appearances,GER,2025-2026,datafc_sofascore,2026-08-09T01:15:33.051884
35,77333,Luis Díaz,883537,FC Bayern München,2672,15,14,7.26,15.1,7.74,88,37,67,61,21,5,1,2450,32,appearances,GER,2025-2026,datafc_sofascore,2026-08-09T01:15:33.051884
35,77333,Waldemar Anton,799046,Borussia Dortmund,2673,2,0,7.25,1.74,1.26,16,6,8,13,73,3,0,2880,32,appearances,GER,2025-2026,datafc_sofascore,2026-08-09T01:15:33.051884
35,77333,Maximilian Mittelstädt,788949,VfB Stuttgart,2677,6,4,7.2,4.4,6.02,31,16,37,14,67,4,0,2195,32,appearances,GER,2025-2026,datafc_sofascore,2026-08-09T01:15:33.051884
35,77333,Mio Backhaus,1083390,SV Werder Bremen,2534,0,0,7.12,,0.05,0,0,0,0,0,1,0,2880,32,appearances,GER,2025-2026,datafc_sofascore,2026-08-09T01:15:33.051884
35,77333,Jamie Leweling,990201,VfB Stuttgart,2677,7,9,7.03,4.31,5.22,49,18,41,31,22,4,0,2375,32,appearances,GER,2025-2026,datafc_sofascore,2026-08-09T01:15:33.051884
35,77333,Matthias Ginter,142259,SC Freiburg,2538,3,4,6.98,2.3,2.92,19,7,15,3,22,3,0,2836,32,appearances,GER,2025-2026,datafc_sofascore,2026-08-09T01:15:33.051884
35,77333,Robin Koch,581302,Eintracht Frankfurt,2674,3,1,6.96,1.38,1.67,15,5,10,2,42,1,1,2835,32,appearances,GER,2025-2026,datafc_sofascore,2026-08-09T01:15:33.051884
35,77333,Nicolai Remberg,1064305,Hamburger SV,2676,0,2,6.93,1.03,1.41,17,8,13,14,60,11,0,2880,32,appearances,GER,2025-2026,datafc_sofascore,2026-08-09T01:15:33.051884
35,77333,Fabian Rieder,929620,FC Augsburg,2600,6,3,6.89,4.19,4.59,38,13,44,19,37,4,0,2359,32,appearances,GER,2025-2026,datafc_sofascore,2026-08-09T01:15:33.051884
35,77333,Niklas Dorsch,794995,1. FC Heidenheim,5885,0,1,6.88,0.59,2.64,14,3,24,12,59,2,0,2270,32,appearances,GER,2025-2026,datafc_sofascore,2026-08-09T01:15:33.051884
35,77333,Ridle Baku,856553,RB Leipzig,36360,2,3,6.87,2.56,6.05,30,6,37,13,60,4,0,2509,32,appearances,GER,2025-2026,datafc_sofascore,2026-08-09T01:15:33.051884
35,77333,Marius Bülter,378340,1. FC Köln,2671,5,4,6.84,4.37,4.47,42,17,26,6,7,3,0,1606,32,appearances,GER,2025-2026,datafc_sofascore,2026-08-09T01:15:33.051884
35,77333,Robert Andrich,168903,Bayer 04 Leverkusen,2681,2,0,6.83,0.72,1.66,12,3,12,1,43,4,1,2547,32,appearances,GER,2025-2026,datafc_sofascore,2026-08-09T01:15:33.051884
35,77333,Alexander Prass,978062,TSG Hoffenheim,2569,3,2,6.81,1.19,3.25,18,11,18,16,32,4,0,1318,32,appearances,GER,2025-2026,datafc_sofascore,2026-08-09T01:15:33.051884
35,77333,Arijon Ibrahimović,1142248,1. FC Heidenheim,5885,2,4,6.8,6.31,6.3,47,19,56,23,34,2,0,2181,32,appearances,GER,2025-2026,datafc_sofascore,2026-08-09T01:15:33.051884
35,77333,Maximilian Beier,980628,Borussia Dortmund,2673,9,6,6.8,7.35,4.97,50,20,26,18,26,3,0,2036,32,appearances,GER,2025-2026,datafc_sofascore,2026-08-09T01:15:33.051884
35,77333,Jobe Bellingham,1134083,Borussia Dortmund,2673,0,1,6.75,1.08,1.27,19,6,9,15,44,2,1,1800,32,appearances,GER,2025-2026,datafc_sofascore,2026-08-09T01:15:33.051884
35,77333,Rani Khedira,149479,1. FC Union Berlin,2547,5,1,6.72,2.04,1.35,23,10,16,3,59,7,0,2835,32,appearances,GER,2025-2026,datafc_sofascore,2026-08-09T01:15:33.051884
35,77333,Haris Tabaković,259803,Borussia M'gladbach,2527,13,2,6.71,13.0,0.86,67,27,16,6,10,5,0,2394,32,appearances,GER,2025-2026,datafc_sofascore,2026-08-09T01:15:33.051884
35,77333,Joel Chima Fujita,1002461,FC St. Pauli,2526,1,3,6.71,1.15,3.92,31,7,30,47,68,6,0,2671,32,appearances,GER,2025-2026,datafc_sofascore,2026-08-09T01:15:33.051884
35,77333,Andrej Ilić,953767,1. FC Union Berlin,2547,5,9,6.7,11.26,2.17,72,26,30,7,4,5,0,2256,32,appearances,GER,2025-2026,datafc_sofascore,2026-08-09T01:15:33.051884
35,77333,Shuto Machino,925910,Borussia M'gladbach,2527,3,1,6.68,2.94,1.63,26,11,14,3,8,2,0,1084,32,appearances,GER,2025-2026,datafc_sofascore,2026-08-09T01:15:33.051884
35,77333,Joe Scally,1002920,Borussia M'gladbach,2527,2,3,6.63,1.27,1.86,16,10,18,24,48,8,0,2611,32,appearances,GER,2025-2026,datafc_sofascore,2026-08-09T01:15:33.051884
35,77333,Harry Kane,108579,FC Bayern München,2672,36,5,7.84,26.87,4.27,119,67,40,32,19,1,0,2382,31,appearances,GER,2025-2026,datafc_sofascore,2026-08-09T01:15:33.051884
35,77333,Leon Goretzka,184661,FC Bayern München,2672,5,3,7.13,4.8,3.81,35,11,22,11,29,4,0,1954,31,appearances,GER,2025-2026,datafc_sofascore,2026-08-09T01:15:33.051884
35,77333,Julian Ryerson,800951,Borussia Dortmund,2673,0,15,7.08,0.93,10.04,12,1,56,24,34,8,0,2272,31,appearances,GER,2025-2026,datafc_sofascore,2026-08-09T01:15:33.051884
35,77333,Antonio Nusa,1121923,RB Leipzig,36360,4,3,7.07,4.41,5.16,61,20,33,68,26,0,0,2035,31,appearances,GER,2025-2026,datafc_sofascore,2026-08-09T01:15:33.051884
35,77333,Diant Ramaj,981562,1. FC Heidenheim,5885,0,1,6.94,,0.19,0,0,1,0,1,2,0,2790,31,appearances,GER,2025-2026,datafc_sofascore,2026-08-09T01:15:33.051884
35,77333,Christian Eriksen,105734,VfL Wolfsburg,2524,3,9,6.91,5.96,7.65,38,14,63,10,38,4,0,2419,31,appearances,GER,2025-2026,datafc_sofascore,2026-08-09T01:15:33.051884
35,77333,Leopold Querfeld,1086547,1. FC Union Berlin,2547,3,0,6.87,3.69,1.77,29,10,21,4,52,6,0,2704,31,appearances,GER,2025-2026,datafc_sofascore,2026-08-09T01:15:33.051884
35,77333,Rocco Reitz,1048650,Borussia M'gladbach,2527,0,4,6.86,2.57,4.92,47,14,28,24,68,8,1,2636,31,appearances,GER,2025-2026,datafc_sofascore,2026-08-09T01:15:33.051884
35,77333,Ritsu Doan,790965,Eintracht Frankfurt,2674,5,5,6.85,3.36,5.62,41,15,40,34,43,5,0,2379,31,appearances,GER,2025-2026,datafc_sofascore,2026-08-09T01:15:33.051884
35,77333,Eric Martel,988639,1. FC Köln,2671,2,2,6.84,2.5,1.17,23,4,15,2,46,10,1,2564,31,appearances,GER,2025-2026,datafc_sofascore,2026-08-09T01:15:33.051884
35,77333,Igor Matanović,1019321,SC Freiburg,2538,11,2,6.8,9.24,1.33,52,20,22,12,23,0,0,1570,31,appearances,GER,2025-2026,datafc_sofascore,2026-08-09T01:15:33.051884
35,77333,Senne Lynen,826171,SV Werder Bremen,2534,0,0,6.79,1.11,1.65,25,4,15,6,63,4,0,2757,31,appearances,GER,2025-2026,datafc_sofascore,2026-08-09T01:15:33.051884
35,77333,Yannick Engelhardt,990209,Borussia M'gladbach,2527,2,2,6.75,2.12,1.54,21,5,14,6,43,7,0,2497,31,appearances,GER,2025-2026,datafc_sofascore,2026-08-09T01:15:33.051884
35,77333,Ísak Bergmann Jóhannesson,1112327,1. FC Köln,2671,1,2,6.75,1.43,3.72,13,4,34,6,27,6,0,1812,31,appearances,GER,2025-2026,datafc_sofascore,2026-08-09T01:15:33.051884
35,77333,Ramon Hendriks,916943,VfB Stuttgart,2677,0,3,6.75,0.31,1.1,5,0,6,8,35,3,0,2033,31,appearances,GER,2025-2026,datafc_sofascore,2026-08-09T01:15:33.051884
35,77333,Derry Scherhant,1131002,SC Freiburg,2538,5,1,6.69,2.58,2.48,36,13,22,30,20,2,0,1308,31,appearances,GER,2025-2026,datafc_sofascore,2026-08-09T01:15:33.051884
35,77333,Arkadiusz Pyrka,971481,FC St. Pauli,2526,0,1,6.65,1.07,2.02,19,3,24,16,39,3,0,2580,31,appearances,GER,2025-2026,datafc_sofascore,2026-08-09T01:15:33.051884
35,77333,Jan Schöppner,933707,1. FC Heidenheim,5885,3,3,6.62,2.15,1.36,25,7,14,11,32,5,0,2260,31,appearances,GER,2025-2026,datafc_sofascore,2026-08-09T01:15:33.051884
35,77333,Yukinari Sugawara,905347,SV Werder Bremen,2534,0,6,6.52,1.85,3.06,30,11,20,11,36,2,1,2432,31,appearances,GER,2025-2026,datafc_sofascore,2026-08-09T01:15:33.051884
35,77333,Sebastian Sebulonsen,1020206,1. FC Köln,2671,0,0,6.42,1.55,3.07,31,5,21,18,44,5,0,2505,31,appearances,GER,2025-2026,datafc_sofascore,2026-08-09T01:15:33.051884
35,77333,David Raum,856076,RB Leipzig,36360,3,7,7.33,2.2,12.39,24,8,98,16,48,6,0,2556,30,appearances,GER,2025-2026,datafc_sofascore,2026-08-09T01:15:33.051884
35,77333,Wouter Burger,916946,TSG Hoffenheim,2569,4,5,7.08,3.46,5.35,36,13,51,4,72,7,1,2440,30,appearances,GER,2025-2026,datafc_sofascore,2026-08-09T01:15:33.051884
35,77333,Albian Hajdari,1000269,TSG Hoffenheim,2569,1,2,6.98,1.73,1.62,19,4,10,2,58,10,0,2440,30,appearances,GER,2025-2026,datafc_sofascore,2026-08-09T01:15:33.051884
35,77333,Philipp Sander,939880,Borussia M'gladbach,2527,2,0,6.98,1.56,2.79,25,8,11,5,65,4,0,2454,30,appearances,GER,2025-2026,datafc_sofascore,2026-08-09T01:15:33.051884
35,77333,Kevin Diks,583806,Borussia M'gladbach,2527,5,0,6.96,5.08,1.13,23,13,8,10,43,6,0,2467,30,appearances,GER,2025-2026,datafc_sofascore,2026-08-09T01:15:33.051884
35,77333,Bazoumana Touré,1568123,TSG Hoffenheim,2569,5,9,6.91,4.16,5.75,48,13,46,48,34,2,0,2325,30,appearances,GER,2025-2026,datafc_sofascore,2026-08-09T01:15:33.051884
35,77333,Marco Friedl,825771,SV Werder Bremen,2534,1,0,6.88,0.68,1.08,8,2,5,4,44,9,1,2549,30,appearances,GER,2025-2026,datafc_sofascore,2026-08-09T01:15:33.051884
35,77333,Hauke Wahl,253469,FC St. Pauli,2526,2,1,6.76,0.61,1.42,10,4,6,2,43,1,0,2591,30,appearances,GER,2025-2026,datafc_sofascore,2026-08-09T01:15:33.051884
35,77333,Aljoscha Kemlein,1198074,1. FC Union Berlin,2547,0,2,6.76,1.18,2.31,17,2,15,17,40,4,0,1967,30,appearances,GER,2025-2026,datafc_sofascore,2026-08-09T01:15:33.051884
35,77333,Mohamed Amoura,1107591,VfL Wolfsburg,2524,8,3,6.74,8.6,2.51,60,19,25,16,38,2,0,1935,30,appearances,GER,2025-2026,datafc_sofascore,2026-08-09T01:15:33.051884
35,77333,Frederik Rønnow,137692,1. FC Union Berlin,2547,0,0,6.74,,0.24,0,0,2,0,1,2,0,2641,30,appearances,GER,2025-2026,datafc_sofascore,2026-08-09T01:15:33.051884
35,77333,Danel Sinani,887500,FC St. Pauli,2526,5,3,6.72,5.06,4.78,51,18,47,12,25,4,0,2068,30,appearances,GER,2025-2026,datafc_sofascore,2026-08-09T01:15:33.051884
35,77333,Dženan Pejčinović,1127790,VfL Wolfsburg,2524,8,0,6.65,7.87,0.54,50,23,13,4,10,1,0,1482,30,appearances,GER,2025-2026,datafc_sofascore,2026-08-09T01:15:33.051884
35,77333,Nicolai Remberg,1064305,Hamburger SV,2676,0,2,6.93,1.03,1.41,17,8,13,14,60,11,0,2880,32,yellowCards,GER,2025-2026,datafc_sofascore,2026-08-09T01:15:33.051884
35,77333,Albian Hajdari,1000269,TSG Hoffenheim,2569,1,2,6.98,1.73,1.62,19,4,10,2,58,10,0,2440,30,yellowCards,GER,2025-2026,datafc_sofascore,2026-08-09T01:15:33.051884
35,77333,Christoph Baumgartner,825956,RB Leipzig,36360,13,8,6.93,15.1,3.94,81,35,37,13,54,10,0,2789,33,yellowCards,GER,2025-2026,datafc_sofascore,2026-08-09T01:15:33.051884
35,77333,Eric Martel,988639,1. FC Köln,2671,2,2,6.84,2.5,1.17,23,4,15,2,46,10,1,2564,31,yellowCards,GER,2025-2026,datafc_sofascore,2026-08-09T01:15:33.051884
35,77333,Nicolás Capaldo,973564,Hamburger SV,2676,1,3,6.75,1.93,2.17,22,6,22,10,68,10,0,2009,26,yellowCards,GER,2025-2026,datafc_sofascore,2026-08-09T01:15:33.051884
35,77333,Jarell Quansah,1003339,Bayer 04 Leverkusen,2681,4,0,6.88,2.84,1.29,18,8,11,14,28,9,0,2308,28,yellowCards,GER,2025-2026,datafc_sofascore,2026-08-09T01:15:33.051884
35,77333,Marco Friedl,825771,SV Werder Bremen,2534,1,0,6.88,0.68,1.08,8,2,5,4,44,9,1,2549,30,yellowCards,GER,2025-2026,datafc_sofascore,2026-08-09T01:15:33.051884
35,77333,Bernardo,828571,TSG Hoffenheim,2569,0,0,6.86,0.52,1.29,10,0,9,6,68,9,0,2318,29,yellowCards,GER,2025-2026,datafc_sofascore,2026-08-09T01:15:33.051884
35,77333,Konrad Laimer,355492,FC Bayern München,2672,3,9,6.81,2.42,5.21,17,8,45,14,46,9,0,1997,29,yellowCards,GER,2025-2026,datafc_sofascore,2026-08-09T01:15:33.051884
35,77333,Dominik Kohr,152206,1. FSV Mainz 05,2556,2,0,6.79,1.57,2.07,15,4,10,5,48,9,2,2345,29,yellowCards,GER,2025-2026,datafc_sofascore,2026-08-09T01:15:33.051884
35,77333,Michael Olise,978838,FC Bayern München,2672,15,19,7.87,11.46,17.23,101,50,81,65,24,8,0,2317,32,yellowCards,GER,2025-2026,datafc_sofascore,2026-08-09T01:15:33.051884
35,77333,Nico Schlotterbeck,940871,Borussia Dortmund,2673,5,1,7.67,3.72,2.69,32,9,12,15,50,8,0,2520,28,yellowCards,GER,2025-2026,datafc_sofascore,2026-08-09T01:15:33.051884
35,77333,Julian Ryerson,800951,Borussia Dortmund,2673,0,15,7.08,0.93,10.04,12,1,56,24,34,8,0,2272,31,yellowCards,GER,2025-2026,datafc_sofascore,2026-08-09T01:15:33.051884
35,77333,Christopher Trimmel,48557,1. FC Union Berlin,2547,0,3,7.02,0.09,6.41,5,1,53,1,38,8,0,1875,29,yellowCards,GER,2025-2026,datafc_sofascore,2026-08-09T01:15:33.051884
35,77333,Dimitrios Giannoulis,354878,FC Augsburg,2600,2,5,6.92,1.17,4.05,10,6,34,19,27,8,0,1901,27,yellowCards,GER,2025-2026,datafc_sofascore,2026-08-09T01:15:33.051884
35,77333,Noahkai Banks,1597260,FC Augsburg,2600,1,1,6.92,1.13,1.01,9,5,7,5,42,8,0,1738,23,yellowCards,GER,2025-2026,datafc_sofascore,2026-08-09T01:15:33.051884
35,77333,Rocco Reitz,1048650,Borussia M'gladbach,2527,0,4,6.86,2.57,4.92,47,14,28,24,68,8,1,2636,31,yellowCards,GER,2025-2026,datafc_sofascore,2026-08-09T01:15:33.051884
35,77333,Arthur Theate,965778,Eintracht Frankfurt,2674,1,0,6.78,1.1,1.27,15,7,12,4,35,8,0,2143,24,yellowCards,GER,2025-2026,datafc_sofascore,2026-08-09T01:15:33.051884
35,77333,Janik Haberer,168985,1. FC Union Berlin,2547,0,1,6.69,0.58,2.48,11,1,21,6,35,8,0,1658,28,yellowCards,GER,2025-2026,datafc_sofascore,2026-08-09T01:15:33.051884
35,77333,Joe Scally,1002920,Borussia M'gladbach,2527,2,3,6.63,1.27,1.86,16,10,18,24,48,8,0,2611,32,yellowCards,GER,2025-2026,datafc_sofascore,2026-08-09T01:15:33.051884
35,77333,Jonathan Tah,227672,FC Bayern München,2672,2,1,7.24,0.71,1.73,8,5,5,3,24,7,0,2024,28,yellowCards,GER,2025-2026,datafc_sofascore,2026-08-09T01:15:33.051884
35,77333,Edmond Tapsoba,883262,Bayer 04 Leverkusen,2681,5,3,7.2,2.5,1.42,29,10,11,8,31,7,0,2576,29,yellowCards,GER,2025-2026,datafc_sofascore,2026-08-09T01:15:33.051884
35,77333,Wouter Burger,916946,TSG Hoffenheim,2569,4,5,7.08,3.46,5.35,36,13,51,4,72,7,1,2440,30,yellowCards,GER,2025-2026,datafc_sofascore,2026-08-09T01:15:33.051884
35,77333,Miro Muheim,798303,Hamburger SV,2676,0,4,6.93,1.19,4.25,23,7,41,21,62,7,1,2437,29,yellowCards,GER,2025-2026,datafc_sofascore,2026-08-09T01:15:33.051884
35,77333,Yannick Engelhardt,990209,Borussia M'gladbach,2527,2,2,6.75,2.12,1.54,21,5,14,6,43,7,0,2497,31,yellowCards,GER,2025-2026,datafc_sofascore,2026-08-09T01:15:33.051884
35,77333,Rani Khedira,149479,1. FC Union Berlin,2547,5,1,6.72,2.04,1.35,23,10,16,3,59,7,0,2835,32,yellowCards,GER,2025-2026,datafc_sofascore,2026-08-09T01:15:33.051884
35,77333,Cedric Zesiger,798926,FC Augsburg,2600,0,0,6.69,0.8,1.21,12,3,8,3,34,7,0,1840,27,yellowCards,GER,2025-2026,datafc_sofascore,2026-08-09T01:15:33.051884
35,77333,Aleix García,796047,Bayer 04 Leverkusen,2681,3,8,7.45,2.29,6.65,30,5,51,4,26,6,0,2676,33,yellowCards,GER,2025-2026,datafc_sofascore,2026-08-09T01:15:33.051884
35,77333,Nadiem Amiri,327755,1. FSV Mainz 05,2556,12,2,7.43,10.4,7.69,55,23,63,25,31,6,0,2090,26,yellowCards,GER,2025-2026,datafc_sofascore,2026-08-09T01:15:33.051884
35,77333,Ramy Bensebaini,577726,Borussia Dortmund,2673,5,2,7.38,3.11,1.94,17,7,10,4,28,6,0,1529,21,yellowCards,GER,2025-2026,datafc_sofascore,2026-08-09T01:15:33.051884
35,77333,David Raum,856076,RB Leipzig,36360,3,7,7.33,2.2,12.39,24,8,98,16,48,6,0,2556,30,yellowCards,GER,2025-2026,datafc_sofascore,2026-08-09T01:15:33.051884
35,77333,Luka Vušković,1405212,Hamburger SV,2676,6,0,7.28,4.22,1.46,32,10,11,8,22,6,0,2441,28,yellowCards,GER,2025-2026,datafc_sofascore,2026-08-09T01:15:33.051884
35,77333,Bilal El Khannouss,1126569,VfB Stuttgart,2677,4,5,6.98,3.17,5.74,42,15,45,18,28,6,0,1634,25,yellowCards,GER,2025-2026,datafc_sofascore,2026-08-09T01:15:33.051884
35,77333,Kevin Diks,583806,Borussia M'gladbach,2527,5,0,6.96,5.08,1.13,23,13,8,10,43,6,0,2467,30,yellowCards,GER,2025-2026,datafc_sofascore,2026-08-09T01:15:33.051884
35,77333,Xaver Schlager,791079,RB Leipzig,36360,3,1,6.94,2.11,2.51,21,7,21,22,37,6,0,1837,26,yellowCards,GER,2025-2026,datafc_sofascore,2026-08-09T01:15:33.051884
35,77333,Leopold Querfeld,1086547,1. FC Union Berlin,2547,3,0,6.87,3.69,1.77,29,10,21,4,52,6,0,2704,31,yellowCards,GER,2025-2026,datafc_sofascore,2026-08-09T01:15:33.051884
35,77333,Ísak Bergmann Jóhannesson,1112327,1. FC Köln,2671,1,2,6.75,1.43,3.72,13,4,34,6,27,6,0,1812,31,yellowCards,GER,2025-2026,datafc_sofascore,2026-08-09T01:15:33.051884
35,77333,Joel Chima Fujita,1002461,FC St. Pauli,2526,1,3,6.71,1.15,3.92,31,7,30,47,68,6,0,2671,32,yellowCards,GER,2025-2026,datafc_sofascore,2026-08-09T01:15:33.051884
35,77333,Cameron Puertas,916176,SV Werder Bremen,2534,1,2,6.66,1.82,2.38,37,8,27,15,60,6,0,1878,28,yellowCards,GER,2025-2026,datafc_sofascore,2026-08-09T01:15:33.051884
35,77333,Moritz Jenz,920525,VfL Wolfsburg,2524,1,0,6.62,0.54,0.21,5,1,2,0,32,6,1,1789,22,yellowCards,GER,2025-2026,datafc_sofascore,2026-08-09T01:15:33.051884
35,77333,Benedikt Gimber,798936,1. FC Heidenheim,5885,0,0,6.43,0.25,0.36,5,2,1,5,35,6,0,1448,21,yellowCards,GER,2025-2026,datafc_sofascore,2026-08-09T01:15:33.051884
35,77333,Alejandro Grimaldo,177177,Bayer 04 Leverkusen,2681,8,8,7.31,6.65,10.13,60,21,70,25,49,5,0,2524,29,yellowCards,GER,2025-2026,datafc_sofascore,2026-08-09T01:15:33.051884
35,77333,Luis Díaz,883537,FC Bayern München,2672,15,14,7.26,15.1,7.74,88,37,67,61,21,5,1,2450,32,yellowCards,GER,2025-2026,datafc_sofascore,2026-08-09T01:15:33.051884
35,77333,Loïc Badé,1006489,Bayer 04 Leverkusen,2681,0,0,7.21,1.29,0.88,12,4,2,3,33,5,0,1659,23,yellowCards,GER,2025-2026,datafc_sofascore,2026-08-09T01:15:33.051884
35,77333,Deniz Undav,794298,VfB Stuttgart,2677,19,6,7.19,16.4,4.03,122,46,41,9,18,5,0,2247,29,yellowCards,GER,2025-2026,datafc_sofascore,2026-08-09T01:15:33.051884
35,77333,Maximilian Arnold,147289,VfL Wolfsburg,2524,1,4,7.1,0.43,4.09,14,5,29,5,22,5,0,1860,25,yellowCards,GER,2025-2026,datafc_sofascore,2026-08-09T01:15:33.051884
35,77333,Leon Avdullahu,1493305,TSG Hoffenheim,2569,0,1,7.03,0.59,2.48,14,2,22,8,47,5,0,2838,33,yellowCards,GER,2025-2026,datafc_sofascore,2026-08-09T01:15:33.051884
35,77333,Nico Elvedi,282229,Borussia M'gladbach,2527,0,2,7.01,0.45,1.27,9,0,13,1,43,5,0,2967,33,yellowCards,GER,2025-2026,datafc_sofascore,2026-08-09T01:15:33.051884
35,77333,Jens Stage,830142,SV Werder Bremen,2534,10,2,6.98,6.08,3.21,56,21,26,13,41,5,0,2468,29,yellowCards,GER,2025-2026,datafc_sofascore,2026-08-09T01:15:33.051884
35,77333,Keven Schlotterbeck,891651,FC Augsburg,2600,0,1,6.96,1.37,1.09,12,3,12,10,40,5,1,2031,24,yellowCards,GER,2025-2026,datafc_sofascore,2026-08-09T01:15:33.051884
35,77333,Chema Andrés,1464641,VfB Stuttgart,2677,3,0,6.95,1.4,1.15,15,6,15,2,30,5,0,1327,25,yellowCards,GER,2025-2026,datafc_sofascore,2026-08-09T01:15:33.051884
35,77333,Ermedin Demirović,878081,VfB Stuttgart,2677,12,3,6.92,7.55,2.01,41,22,17,7,14,5,0,1506,25,yellowCards,GER,2025-2026,datafc_sofascore,2026-08-09T01:15:33.051884
35,77333,Vinícius Souza,979290,VfL Wolfsburg,2524,0,0,6.88,0.91,0.58,9,2,8,8,55,5,0,1778,24,yellowCards,GER,2025-2026,datafc_sofascore,2026-08-09T01:15:33.051884
35,77333,Ozan Kabak,857740,TSG Hoffenheim,2569,4,0,6.88,4.33,0.84,36,12,8,6,20,5,0,1763,25,yellowCards,GER,2025-2026,datafc_sofascore,2026-08-09T01:15:33.051884
35,77333,Karim Adeyemi,940054,Borussia Dortmund,2673,7,4,6.86,4.87,3.16,31,14,16,27,5,5,0,1215,28,yellowCards,GER,2025-2026,datafc_sofascore,2026-08-09T01:15:33.051884
35,77333,Grischa Prömel,253993,TSG Hoffenheim,2569,7,2,6.86,5.09,2.98,43,14,16,6,36,5,0,1752,33,yellowCards,GER,2025-2026,datafc_sofascore,2026-08-09T01:15:33.051884
35,77333,Ritsu Doan,790965,Eintracht Frankfurt,2674,5,5,6.85,3.36,5.62,41,15,40,34,43,5,0,2379,31,yellowCards,GER,2025-2026,datafc_sofascore,2026-08-09T01:15:33.051884
35,77333,Silvan Widmer,157377,1. FSV Mainz 05,2556,2,1,6.82,2.49,2.94,20,4,8,2,40,5,0,1819,27,yellowCards,GER,2025-2026,datafc_sofascore,2026-08-09T01:15:33.051884
35,77333,Atakan Karazor,801030,VfB Stuttgart,2677,0,1,6.81,0.73,1.72,7,2,12,8,42,5,1,1898,28,yellowCards,GER,2025-2026,datafc_sofascore,2026-08-09T01:15:33.051884
35,77333,Chrislain Matsima,963198,FC Augsburg,2600,1,1,6.81,0.42,0.44,7,1,4,1,19,5,0,1494,18,yellowCards,GER,2025-2026,datafc_sofascore,2026-08-09T01:15:33.051884
35,77333,Jan-Niklas Beste,836711,SC Freiburg,2538,2,2,6.8,3.44,4.25,24,14,35,15,40,5,0,1716,28,yellowCards,GER,2025-2026,datafc_sofascore,2026-08-09T01:15:33.051884
35,77333,Han-Noah Massengo,927340,FC Augsburg,2600,2,1,6.8,1.29,1.6,20,6,17,26,41,5,0,2435,33,yellowCards,GER,2025-2026,datafc_sofascore,2026-08-09T01:15:33.051884
35,77333,Kristijan Jakić,796206,FC Augsburg,2600,2,1,6.8,1.52,1.49,18,6,13,6,34,5,0,1653,26,yellowCards,GER,2025-2026,datafc_sofascore,2026-08-09T01:15:33.051884
35,77333,Marco Grüll,815612,SV Werder Bremen,2534,3,1,6.76,3.6,3.09,43,13,33,21,38,5,0,2020,33,yellowCards,GER,2025-2026,datafc_sofascore,2026-08-09T01:15:33.051884
35,77333,Adam Dźwigała,252343,FC St. Pauli,2526,1,1,6.74,0.14,0.32,4,2,5,3,46,5,0,1295,19,yellowCards,GER,2025-2026,datafc_sofascore,2026-08-09T01:15:33.051884
35,77333,Konstantinos Koulierakis,1184855,VfL Wolfsburg,2524,4,1,6.73,3.22,1.37,26,12,14,3,39,5,0,2488,29,yellowCards,GER,2025-2026,datafc_sofascore,2026-08-09T01:15:33.051884
35,77333,Derrick Köhn,886737,1. FC Union Berlin,2547,1,2,6.72,2.15,3.78,28,5,26,11,34,5,1,1910,29,yellowCards,GER,2025-2026,datafc_sofascore,2026-08-09T01:15:33.051884
35,77333,Robin Hranáč,957615,TSG Hoffenheim,2569,1,0,6.72,2.14,0.49,8,3,3,2,25,5,0,2251,29,yellowCards,GER,2025-2026,datafc_sofascore,2026-08-09T01:15:33.051884
35,77333,Haris Tabaković,259803,Borussia M'gladbach,2527,13,2,6.71,13.0,0.86,67,27,16,6,10,5,0,2394,32,yellowCards,GER,2025-2026,datafc_sofascore,2026-08-09T01:15:33.051884
35,77333,Andrej Ilić,953767,1. FC Union Berlin,2547,5,9,6.7,11.26,2.17,72,26,30,7,4,5,0,2256,32,yellowCards,GER,2025-2026,datafc_sofascore,2026-08-09T01:15:33.051884
35,77333,Aurèle Amenda,999276,Eintracht Frankfurt,2674,0,0,6.67,0.77,0.88,10,2,6,2,15,5,0,1685,24,yellowCards,GER,2025-2026,datafc_sofascore,2026-08-09T01:15:33.051884
35,77333,Leonardo Bittencourt,111969,SV Werder Bremen,2534,0,1,6.64,0.28,1.3,7,0,5,3,16,5,0,625,17,yellowCards,GER,2025-2026,datafc_sofascore,2026-08-09T01:15:33.051884
35,77333,Lovro Majer,841947,VfL Wolfsburg,2524,2,3,6.63,3.09,2.56,27,7,22,12,26,5,0,1373,28,yellowCards,GER,2025-2026,datafc_sofascore,2026-08-09T01:15:33.051884
35,77333,Jan Schöppner,933707,1. FC Heidenheim,5885,3,3,6.62,2.15,1.36,25,7,14,11,32,5,0,2260,31,yellowCards,GER,2025-2026,datafc_sofascore,2026-08-09T01:15:33.051884
35,77333,Sebastian Sebulonsen,1020206,1. FC Köln,2671,0,0,6.42,1.55,3.07,31,5,21,18,44,5,0,2505,31,yellowCards,GER,2025-2026,datafc_sofascore,2026-08-09T01:15:33.051884
35,77333,Joel Schmied,965950,1. FC Köln,2671,0,0,6.31,0.23,0.33,5,0,2,1,11,5,0,1080,16,yellowCards,GER,2025-2026,datafc_sofascore,2026-08-09T01:15:33.051884
35,77333,Joshua Kimmich,259117,FC Bayern München,2672,2,8,7.71,2.65,10.24,28,10,58,11,32,4,0,2280,29,yellowCards,GER,2025-2026,datafc_sofascore,2026-08-09T01:15:33.051884
35,77333,Johan Manzambi,1518931,SC Freiburg,2538,5,4,7.22,3.85,5.13,51,12,20,33,35,4,2,2094,27,yellowCards,GER,2025-2026,datafc_sofascore,2026-08-09T01:15:33.051884
35,77333,Willi Orbán,136924,RB Leipzig,36360,2,0,7.22,2.38,1.05,20,9,11,6,47,4,0,2950,33,yellowCards,GER,2025-2026,datafc_sofascore,2026-08-09T01:15:33.051884
35,77333,Maximilian Mittelstädt,788949,VfB Stuttgart,2677,6,4,7.2,4.4,6.02,31,16,37,14,67,4,0,2195,32,yellowCards,GER,2025-2026,datafc_sofascore,2026-08-09T01:15:33.051884
35,77333,Dayot Upamecano,798583,FC Bayern München,2672,1,1,7.16,1.03,1.62,8,2,11,4,44,4,0,1797,24,yellowCards,GER,2025-2026,datafc_sofascore,2026-08-09T01:15:33.051884
35,77333,Leon Goretzka,184661,FC Bayern München,2672,5,3,7.13,4.8,3.81,35,11,22,11,29,4,0,1954,31,yellowCards,GER,2025-2026,datafc_sofascore,2026-08-09T01:15:33.051884
35,77333,Vladimír Coufal,138024,TSG Hoffenheim,2569,1,8,7.12,0.88,8.99,25,6,59,31,60,4,0,3017,34,yellowCards,GER,2025-2026,datafc_sofascore,2026-08-09T01:15:33.051884
35,77333,Jakub Kamiński,801263,1. FC Köln,2671,7,3,7.1,7.06,6.41,63,26,52,24,45,4,0,3019,34,yellowCards,GER,2025-2026,datafc_sofascore,2026-08-09T01:15:33.051884
35,77333,Jamie Leweling,990201,VfB Stuttgart,2677,7,9,7.03,4.31,5.22,49,18,41,31,22,4,0,2375,32,yellowCards,GER,2025-2026,datafc_sofascore,2026-08-09T01:15:33.051884
35,77333,Amos Pieper,851254,SV Werder Bremen,2534,0,0,7.03,0.42,0.51,9,3,2,0,31,4,0,1504,19,yellowCards,GER,2025-2026,datafc_sofascore,2026-08-09T01:15:33.051884
35,77333,Philipp Sander,939880,Borussia M'gladbach,2527,2,0,6.98,1.56,2.79,25,8,11,5,65,4,0,2454,30,yellowCards,GER,2025-2026,datafc_sofascore,2026-08-09T01:15:33.051884
35,77333,Said El Mala,1800475,1. FC Köln,2671,13,4,6.97,11.22,2.34,75,31,21,44,24,4,0,1957,34,yellowCards,GER,2025-2026,datafc_sofascore,2026-08-09T01:15:33.051884
35,77333,Rasmus Kristensen,921789,Eintracht Frankfurt,2674,2,0,6.96,0.68,1.17,15,6,8,14,46,4,1,1563,22,yellowCards,GER,2025-2026,datafc_sofascore,2026-08-09T01:15:33.051884
35,77333,Stefan Posch,355486,1. FSV Mainz 05,2556,0,0,6.95,0.48,1.24,11,3,8,4,46,4,0,1395,16,yellowCards,GER,2025-2026,datafc_sofascore,2026-08-09T01:15:33.051884
35,77333,Tom Krauß,930272,1. FC Köln,2671,0,2,6.92,0.37,1.46,9,2,15,9,72,4,0,1801,26,yellowCards,GER,2025-2026,datafc_sofascore,2026-08-09T01:15:33.051884
35,77333,Christian Eriksen,105734,VfL Wolfsburg,2524,3,9,6.91,5.96,7.65,38,14,63,10,38,4,0,2419,31,yellowCards,GER,2025-2026,datafc_sofascore,2026-08-09T01:15:33.051884
35,77333,Romano Schmid,830127,SV Werder Bremen,2534,4,8,6.91,7.83,10.44,57,21,89,37,46,4,0,2988,34,yellowCards,GER,2025-2026,datafc_sofascore,2026-08-09T01:15:33.051884
35,77333,Fabian Rieder,929620,FC Augsburg,2600,6,3,6.89,4.19,4.59,38,13,44,19,37,4,0,2359,32,yellowCards,GER,2025-2026,datafc_sofascore,2026-08-09T01:15:33.051884
35,77333,Patrick Wimmer,987504,VfL Wolfsburg,2524,4,3,6.88,3.12,2.19,24,8,16,38,47,4,0,1634,25,yellowCards,GER,2025-2026,datafc_sofascore,2026-08-09T01:15:33.051884
35,77333,Ridle Baku,856553,RB Leipzig,36360,2,3,6.87,2.56,6.05,30,6,37,13,60,4,0,2509,32,yellowCards,GER,2025-2026,datafc_sofascore,2026-08-09T01:15:33.051884
35,77333,Eric Smith,542038,FC St. Pauli,2526,2,2,6.86,0.58,1.21,12,5,18,9,34,4,1,2314,27,yellowCards,GER,2025-2026,datafc_sofascore,2026-08-09T01:15:33.051884
35,77333,Maximilian Eggestein,569784,SC Freiburg,2538,3,1,6.85,3.8,1.7,44,13,19,15,64,4,0,3060,34,yellowCards,GER,2025-2026,datafc_sofascore,2026-08-09T01:15:33.051884
35,77333,Yan Couto,1002813,Borussia Dortmund,2673,2,2,6.83,1.01,3.02,9,4,17,13,20,4,0,1010,19,yellowCards,GER,2025-2026,datafc_sofascore,2026-08-09T01:15:33.051884
35,77333,Robert Andrich,168903,Bayer 04 Leverkusen,2681,2,0,6.83,0.72,1.66,12,3,12,1,43,4,1,2547,32,yellowCards,GER,2025-2026,datafc_sofascore,2026-08-09T01:15:33.051884
35,77333,Nicolai Remberg,1064305,Hamburger SV,2676,0,2,6.93,1.03,1.41,17,8,13,14,60,11,0,2880,32,yellowCards,GER,2025-2026,datafc_sofascore,2026-08-09T01:15:33.051884
35,77333,Albian Hajdari,1000269,TSG Hoffenheim,2569,1,2,6.98,1.73,1.62,19,4,10,2,58,10,0,2440,30,yellowCards,GER,2025-2026,datafc_sofascore,2026-08-09T01:15:33.051884
35,77333,Christoph Baumgartner,825956,RB Leipzig,36360,13,8,6.93,15.1,3.94,81,35,37,13,54,10,0,2789,33,yellowCards,GER,2025-2026,datafc_sofascore,2026-08-09T01:15:33.051884
35,77333,Eric Martel,988639,1. FC Köln,2671,2,2,6.84,2.5,1.17,23,4,15,2,46,10,1,2564,31,yellowCards,GER,2025-2026,datafc_sofascore,2026-08-09T01:15:33.051884
35,77333,Nicolás Capaldo,973564,Hamburger SV,2676,1,3,6.75,1.93,2.17,22,6,22,10,68,10,0,2009,26,yellowCards,GER,2025-2026,datafc_sofascore,2026-08-09T01:15:33.051884
35,77333,Jarell Quansah,1003339,Bayer 04 Leverkusen,2681,4,0,6.88,2.84,1.29,18,8,11,14,28,9,0,2308,28,yellowCards,GER,2025-2026,datafc_sofascore,2026-08-09T01:15:33.051884
35,77333,Marco Friedl,825771,SV Werder Bremen,2534,1,0,6.88,0.68,1.08,8,2,5,4,44,9,1,2549,30,yellowCards,GER,2025-2026,datafc_sofascore,2026-08-09T01:15:33.051884
35,77333,Bernardo,828571,TSG Hoffenheim,2569,0,0,6.86,0.52,1.29,10,0,9,6,68,9,0,2318,29,yellowCards,GER,2025-2026,datafc_sofascore,2026-08-09T01:15:33.051884
35,77333,Konrad Laimer,355492,FC Bayern München,2672,3,9,6.81,2.42,5.21,17,8,45,14,46,9,0,1997,29,yellowCards,GER,2025-2026,datafc_sofascore,2026-08-09T01:15:33.051884
35,77333,Dominik Kohr,152206,1. FSV Mainz 05,2556,2,0,6.79,1.57,2.07,15,4,10,5,48,9,2,2345,29,yellowCards,GER,2025-2026,datafc_sofascore,2026-08-09T01:15:33.051884
35,77333,Michael Olise,978838,FC Bayern München,2672,15,19,7.87,11.46,17.23,101,50,81,65,24,8,0,2317,32,yellowCards,GER,2025-2026,datafc_sofascore,2026-08-09T01:15:33.051884
35,77333,Nico Schlotterbeck,940871,Borussia Dortmund,2673,5,1,7.67,3.72,2.69,32,9,12,15,50,8,0,2520,28,yellowCards,GER,2025-2026,datafc_sofascore,2026-08-09T01:15:33.051884
35,77333,Julian Ryerson,800951,Borussia Dortmund,2673,0,15,7.08,0.93,10.04,12,1,56,24,34,8,0,2272,31,yellowCards,GER,2025-2026,datafc_sofascore,2026-08-09T01:15:33.051884
35,77333,Christopher Trimmel,48557,1. FC Union Berlin,2547,0,3,7.02,0.09,6.41,5,1,53,1,38,8,0,1875,29,yellowCards,GER,2025-2026,datafc_sofascore,2026-08-09T01:15:33.051884
35,77333,Dimitrios Giannoulis,354878,FC Augsburg,2600,2,5,6.92,1.17,4.05,10,6,34,19,27,8,0,1901,27,yellowCards,GER,2025-2026,datafc_sofascore,2026-08-09T01:15:33.051884
35,77333,Noahkai Banks,1597260,FC Augsburg,2600,1,1,6.92,1.13,1.01,9,5,7,5,42,8,0,1738,23,yellowCards,GER,2025-2026,datafc_sofascore,2026-08-09T01:15:33.051884
35,77333,Rocco Reitz,1048650,Borussia M'gladbach,2527,0,4,6.86,2.57,4.92,47,14,28,24,68,8,1,2636,31,yellowCards,GER,2025-2026,datafc_sofascore,2026-08-09T01:15:33.051884
35,77333,Arthur Theate,965778,Eintracht Frankfurt,2674,1,0,6.78,1.1,1.27,15,7,12,4,35,8,0,2143,24,yellowCards,GER,2025-2026,datafc_sofascore,2026-08-09T01:15:33.051884
35,77333,Janik Haberer,168985,1. FC Union Berlin,2547,0,1,6.69,0.58,2.48,11,1,21,6,35,8,0,1658,28,yellowCards,GER,2025-2026,datafc_sofascore,2026-08-09T01:15:33.051884
35,77333,Joe Scally,1002920,Borussia M'gladbach,2527,2,3,6.63,1.27,1.86,16,10,18,24,48,8,0,2611,32,yellowCards,GER,2025-2026,datafc_sofascore,2026-08-09T01:15:33.051884
35,77333,Jonathan Tah,227672,FC Bayern München,2672,2,1,7.24,0.71,1.73,8,5,5,3,24,7,0,2024,28,yellowCards,GER,2025-2026,datafc_sofascore,2026-08-09T01:15:33.051884
35,77333,Edmond Tapsoba,883262,Bayer 04 Leverkusen,2681,5,3,7.2,2.5,1.42,29,10,11,8,31,7,0,2576,29,yellowCards,GER,2025-2026,datafc_sofascore,2026-08-09T01:15:33.051884
35,77333,Wouter Burger,916946,TSG Hoffenheim,2569,4,5,7.08,3.46,5.35,36,13,51,4,72,7,1,2440,30,yellowCards,GER,2025-2026,datafc_sofascore,2026-08-09T01:15:33.051884
35,77333,Miro Muheim,798303,Hamburger SV,2676,0,4,6.93,1.19,4.25,23,7,41,21,62,7,1,2437,29,yellowCards,GER,2025-2026,datafc_sofascore,2026-08-09T01:15:33.051884
35,77333,Yannick Engelhardt,990209,Borussia M'gladbach,2527,2,2,6.75,2.12,1.54,21,5,14,6,43,7,0,2497,31,yellowCards,GER,2025-2026,datafc_sofascore,2026-08-09T01:15:33.051884
35,77333,Rani Khedira,149479,1. FC Union Berlin,2547,5,1,6.72,2.04,1.35,23,10,16,3,59,7,0,2835,32,yellowCards,GER,2025-2026,datafc_sofascore,2026-08-09T01:15:33.051884
35,77333,Cedric Zesiger,798926,FC Augsburg,2600,0,0,6.69,0.8,1.21,12,3,8,3,34,7,0,1840,27,yellowCards,GER,2025-2026,datafc_sofascore,2026-08-09T01:15:33.051884
35,77333,Aleix García,796047,Bayer 04 Leverkusen,2681,3,8,7.45,2.29,6.65,30,5,51,4,26,6,0,2676,33,yellowCards,GER,2025-2026,datafc_sofascore,2026-08-09T01:15:33.051884
35,77333,Nadiem Amiri,327755,1. FSV Mainz 05,2556,12,2,7.43,10.4,7.69,55,23,63,25,31,6,0,2090,26,yellowCards,GER,2025-2026,datafc_sofascore,2026-08-09T01:15:33.051884
35,77333,Ramy Bensebaini,577726,Borussia Dortmund,2673,5,2,7.38,3.11,1.94,17,7,10,4,28,6,0,1529,21,yellowCards,GER,2025-2026,datafc_sofascore,2026-08-09T01:15:33.051884
35,77333,David Raum,856076,RB Leipzig,36360,3,7,7.33,2.2,12.39,24,8,98,16,48,6,0,2556,30,yellowCards,GER,2025-2026,datafc_sofascore,2026-08-09T01:15:33.051884
35,77333,Luka Vušković,1405212,Hamburger SV,2676,6,0,7.28,4.22,1.46,32,10,11,8,22,6,0,2441,28,yellowCards,GER,2025-2026,datafc_sofascore,2026-08-09T01:15:33.051884
35,77333,Bilal El Khannouss,1126569,VfB Stuttgart,2677,4,5,6.98,3.17,5.74,42,15,45,18,28,6,0,1634,25,yellowCards,GER,2025-2026,datafc_sofascore,2026-08-09T01:15:33.051884
35,77333,Kevin Diks,583806,Borussia M'gladbach,2527,5,0,6.96,5.08,1.13,23,13,8,10,43,6,0,2467,30,yellowCards,GER,2025-2026,datafc_sofascore,2026-08-09T01:15:33.051884
35,77333,Xaver Schlager,791079,RB Leipzig,36360,3,1,6.94,2.11,2.51,21,7,21,22,37,6,0,1837,26,yellowCards,GER,2025-2026,datafc_sofascore,2026-08-09T01:15:33.051884
35,77333,Leopold Querfeld,1086547,1. FC Union Berlin,2547,3,0,6.87,3.69,1.77,29,10,21,4,52,6,0,2704,31,yellowCards,GER,2025-2026,datafc_sofascore,2026-08-09T01:15:33.051884
35,77333,Ísak Bergmann Jóhannesson,1112327,1. FC Köln,2671,1,2,6.75,1.43,3.72,13,4,34,6,27,6,0,1812,31,yellowCards,GER,2025-2026,datafc_sofascore,2026-08-09T01:15:33.051884
35,77333,Joel Chima Fujita,1002461,FC St. Pauli,2526,1,3,6.71,1.15,3.92,31,7,30,47,68,6,0,2671,32,yellowCards,GER,2025-2026,datafc_sofascore,2026-08-09T01:15:33.051884
35,77333,Cameron Puertas,916176,SV Werder Bremen,2534,1,2,6.66,1.82,2.38,37,8,27,15,60,6,0,1878,28,yellowCards,GER,2025-2026,datafc_sofascore,2026-08-09T01:15:33.051884
35,77333,Moritz Jenz,920525,VfL Wolfsburg,2524,1,0,6.62,0.54,0.21,5,1,2,0,32,6,1,1789,22,yellowCards,GER,2025-2026,datafc_sofascore,2026-08-09T01:15:33.051884
35,77333,Benedikt Gimber,798936,1. FC Heidenheim,5885,0,0,6.43,0.25,0.36,5,2,1,5,35,6,0,1448,21,yellowCards,GER,2025-2026,datafc_sofascore,2026-08-09T01:15:33.051884
35,77333,Alejandro Grimaldo,177177,Bayer 04 Leverkusen,2681,8,8,7.31,6.65,10.13,60,21,70,25,49,5,0,2524,29,yellowCards,GER,2025-2026,datafc_sofascore,2026-08-09T01:15:33.051884
35,77333,Luis Díaz,883537,FC Bayern München,2672,15,14,7.26,15.1,7.74,88,37,67,61,21,5,1,2450,32,yellowCards,GER,2025-2026,datafc_sofascore,2026-08-09T01:15:33.051884
35,77333,Loïc Badé,1006489,Bayer 04 Leverkusen,2681,0,0,7.21,1.29,0.88,12,4,2,3,33,5,0,1659,23,yellowCards,GER,2025-2026,datafc_sofascore,2026-08-09T01:15:33.051884
35,77333,Deniz Undav,794298,VfB Stuttgart,2677,19,6,7.19,16.4,4.03,122,46,41,9,18,5,0,2247,29,yellowCards,GER,2025-2026,datafc_sofascore,2026-08-09T01:15:33.051884
35,77333,Maximilian Arnold,147289,VfL Wolfsburg,2524,1,4,7.1,0.43,4.09,14,5,29,5,22,5,0,1860,25,yellowCards,GER,2025-2026,datafc_sofascore,2026-08-09T01:15:33.051884
35,77333,Leon Avdullahu,1493305,TSG Hoffenheim,2569,0,1,7.03,0.59,2.48,14,2,22,8,47,5,0,2838,33,yellowCards,GER,2025-2026,datafc_sofascore,2026-08-09T01:15:33.051884
35,77333,Nico Elvedi,282229,Borussia M'gladbach,2527,0,2,7.01,0.45,1.27,9,0,13,1,43,5,0,2967,33,yellowCards,GER,2025-2026,datafc_sofascore,2026-08-09T01:15:33.051884
35,77333,Jens Stage,830142,SV Werder Bremen,2534,10,2,6.98,6.08,3.21,56,21,26,13,41,5,0,2468,29,yellowCards,GER,2025-2026,datafc_sofascore,2026-08-09T01:15:33.051884
35,77333,Keven Schlotterbeck,891651,FC Augsburg,2600,0,1,6.96,1.37,1.09,12,3,12,10,40,5,1,2031,24,yellowCards,GER,2025-2026,datafc_sofascore,2026-08-09T01:15:33.051884
35,77333,Chema Andrés,1464641,VfB Stuttgart,2677,3,0,6.95,1.4,1.15,15,6,15,2,30,5,0,1327,25,yellowCards,GER,2025-2026,datafc_sofascore,2026-08-09T01:15:33.051884
35,77333,Ermedin Demirović,878081,VfB Stuttgart,2677,12,3,6.92,7.55,2.01,41,22,17,7,14,5,0,1506,25,yellowCards,GER,2025-2026,datafc_sofascore,2026-08-09T01:15:33.051884
35,77333,Vinícius Souza,979290,VfL Wolfsburg,2524,0,0,6.88,0.91,0.58,9,2,8,8,55,5,0,1778,24,yellowCards,GER,2025-2026,datafc_sofascore,2026-08-09T01:15:33.051884
35,77333,Ozan Kabak,857740,TSG Hoffenheim,2569,4,0,6.88,4.33,0.84,36,12,8,6,20,5,0,1763,25,yellowCards,GER,2025-2026,datafc_sofascore,2026-08-09T01:15:33.051884
35,77333,Karim Adeyemi,940054,Borussia Dortmund,2673,7,4,6.86,4.87,3.16,31,14,16,27,5,5,0,1215,28,yellowCards,GER,2025-2026,datafc_sofascore,2026-08-09T01:15:33.051884
35,77333,Grischa Prömel,253993,TSG Hoffenheim,2569,7,2,6.86,5.09,2.98,43,14,16,6,36,5,0,1752,33,yellowCards,GER,2025-2026,datafc_sofascore,2026-08-09T01:15:33.051884
35,77333,Ritsu Doan,790965,Eintracht Frankfurt,2674,5,5,6.85,3.36,5.62,41,15,40,34,43,5,0,2379,31,yellowCards,GER,2025-2026,datafc_sofascore,2026-08-09T01:15:33.051884
35,77333,Silvan Widmer,157377,1. FSV Mainz 05,2556,2,1,6.82,2.49,2.94,20,4,8,2,40,5,0,1819,27,yellowCards,GER,2025-2026,datafc_sofascore,2026-08-09T01:15:33.051884
35,77333,Atakan Karazor,801030,VfB Stuttgart,2677,0,1,6.81,0.73,1.72,7,2,12,8,42,5,1,1898,28,yellowCards,GER,2025-2026,datafc_sofascore,2026-08-09T01:15:33.051884
35,77333,Chrislain Matsima,963198,FC Augsburg,2600,1,1,6.81,0.42,0.44,7,1,4,1,19,5,0,1494,18,yellowCards,GER,2025-2026,datafc_sofascore,2026-08-09T01:15:33.051884
35,77333,Jan-Niklas Beste,836711,SC Freiburg,2538,2,2,6.8,3.44,4.25,24,14,35,15,40,5,0,1716,28,yellowCards,GER,2025-2026,datafc_sofascore,2026-08-09T01:15:33.051884
35,77333,Han-Noah Massengo,927340,FC Augsburg,2600,2,1,6.8,1.29,1.6,20,6,17,26,41,5,0,2435,33,yellowCards,GER,2025-2026,datafc_sofascore,2026-08-09T01:15:33.051884
35,77333,Kristijan Jakić,796206,FC Augsburg,2600,2,1,6.8,1.52,1.49,18,6,13,6,34,5,0,1653,26,yellowCards,GER,2025-2026,datafc_sofascore,2026-08-09T01:15:33.051884
35,77333,Marco Grüll,815612,SV Werder Bremen,2534,3,1,6.76,3.6,3.09,43,13,33,21,38,5,0,2020,33,yellowCards,GER,2025-2026,datafc_sofascore,2026-08-09T01:15:33.051884
35,77333,Adam Dźwigała,252343,FC St. Pauli,2526,1,1,6.74,0.14,0.32,4,2,5,3,46,5,0,1295,19,yellowCards,GER,2025-2026,datafc_sofascore,2026-08-09T01:15:33.051884
35,77333,Konstantinos Koulierakis,1184855,VfL Wolfsburg,2524,4,1,6.73,3.22,1.37,26,12,14,3,39,5,0,2488,29,yellowCards,GER,2025-2026,datafc_sofascore,2026-08-09T01:15:33.051884
35,77333,Derrick Köhn,886737,1. FC Union Berlin,2547,1,2,6.72,2.15,3.78,28,5,26,11,34,5,1,1910,29,yellowCards,GER,2025-2026,datafc_sofascore,2026-08-09T01:15:33.051884
35,77333,Robin Hranáč,957615,TSG Hoffenheim,2569,1,0,6.72,2.14,0.49,8,3,3,2,25,5,0,2251,29,yellowCards,GER,2025-2026,datafc_sofascore,2026-08-09T01:15:33.051884
35,77333,Haris Tabaković,259803,Borussia M'gladbach,2527,13,2,6.71,13.0,0.86,67,27,16,6,10,5,0,2394,32,yellowCards,GER,2025-2026,datafc_sofascore,2026-08-09T01:15:33.051884
35,77333,Andrej Ilić,953767,1. FC Union Berlin,2547,5,9,6.7,11.26,2.17,72,26,30,7,4,5,0,2256,32,yellowCards,GER,2025-2026,datafc_sofascore,2026-08-09T01:15:33.051884
35,77333,Aurèle Amenda,999276,Eintracht Frankfurt,2674,0,0,6.67,0.77,0.88,10,2,6,2,15,5,0,1685,24,yellowCards,GER,2025-2026,datafc_sofascore,2026-08-09T01:15:33.051884
35,77333,Leonardo Bittencourt,111969,SV Werder Bremen,2534,0,1,6.64,0.28,1.3,7,0,5,3,16,5,0,625,17,yellowCards,GER,2025-2026,datafc_sofascore,2026-08-09T01:15:33.051884
35,77333,Lovro Majer,841947,VfL Wolfsburg,2524,2,3,6.63,3.09,2.56,27,7,22,12,26,5,0,1373,28,yellowCards,GER,2025-2026,datafc_sofascore,2026-08-09T01:15:33.051884
35,77333,Jan Schöppner,933707,1. FC Heidenheim,5885,3,3,6.62,2.15,1.36,25,7,14,11,32,5,0,2260,31,yellowCards,GER,2025-2026,datafc_sofascore,2026-08-09T01:15:33.051884
35,77333,Sebastian Sebulonsen,1020206,1. FC Köln,2671,0,0,6.42,1.55,3.07,31,5,21,18,44,5,0,2505,31,yellowCards,GER,2025-2026,datafc_sofascore,2026-08-09T01:15:33.051884
35,77333,Joel Schmied,965950,1. FC Köln,2671,0,0,6.31,0.23,0.33,5,0,2,1,11,5,0,1080,16,yellowCards,GER,2025-2026,datafc_sofascore,2026-08-09T01:15:33.051884
35,77333,Joshua Kimmich,259117,FC Bayern München,2672,2,8,7.71,2.65,10.24,28,10,58,11,32,4,0,2280,29,yellowCards,GER,2025-2026,datafc_sofascore,2026-08-09T01:15:33.051884
35,77333,Johan Manzambi,1518931,SC Freiburg,2538,5,4,7.22,3.85,5.13,51,12,20,33,35,4,2,2094,27,yellowCards,GER,2025-2026,datafc_sofascore,2026-08-09T01:15:33.051884
35,77333,Willi Orbán,136924,RB Leipzig,36360,2,0,7.22,2.38,1.05,20,9,11,6,47,4,0,2950,33,yellowCards,GER,2025-2026,datafc_sofascore,2026-08-09T01:15:33.051884
35,77333,Maximilian Mittelstädt,788949,VfB Stuttgart,2677,6,4,7.2,4.4,6.02,31,16,37,14,67,4,0,2195,32,yellowCards,GER,2025-2026,datafc_sofascore,2026-08-09T01:15:33.051884
35,77333,Dayot Upamecano,798583,FC Bayern München,2672,1,1,7.16,1.03,1.62,8,2,11,4,44,4,0,1797,24,yellowCards,GER,2025-2026,datafc_sofascore,2026-08-09T01:15:33.051884
35,77333,Leon Goretzka,184661,FC Bayern München,2672,5,3,7.13,4.8,3.81,35,11,22,11,29,4,0,1954,31,yellowCards,GER,2025-2026,datafc_sofascore,2026-08-09T01:15:33.051884
35,77333,Vladimír Coufal,138024,TSG Hoffenheim,2569,1,8,7.12,0.88,8.99,25,6,59,31,60,4,0,3017,34,yellowCards,GER,2025-2026,datafc_sofascore,2026-08-09T01:15:33.051884
35,77333,Jakub Kamiński,801263,1. FC Köln,2671,7,3,7.1,7.06,6.41,63,26,52,24,45,4,0,3019,34,yellowCards,GER,2025-2026,datafc_sofascore,2026-08-09T01:15:33.051884
35,77333,Jamie Leweling,990201,VfB Stuttgart,2677,7,9,7.03,4.31,5.22,49,18,41,31,22,4,0,2375,32,yellowCards,GER,2025-2026,datafc_sofascore,2026-08-09T01:15:33.051884
35,77333,Amos Pieper,851254,SV Werder Bremen,2534,0,0,7.03,0.42,0.51,9,3,2,0,31,4,0,1504,19,yellowCards,GER,2025-2026,datafc_sofascore,2026-08-09T01:15:33.051884
35,77333,Philipp Sander,939880,Borussia M'gladbach,2527,2,0,6.98,1.56,2.79,25,8,11,5,65,4,0,2454,30,yellowCards,GER,2025-2026,datafc_sofascore,2026-08-09T01:15:33.051884
35,77333,Said El Mala,1800475,1. FC Köln,2671,13,4,6.97,11.22,2.34,75,31,21,44,24,4,0,1957,34,yellowCards,GER,2025-2026,datafc_sofascore,2026-08-09T01:15:33.051884
35,77333,Rasmus Kristensen,921789,Eintracht Frankfurt,2674,2,0,6.96,0.68,1.17,15,6,8,14,46,4,1,1563,22,yellowCards,GER,2025-2026,datafc_sofascore,2026-08-09T01:15:33.051884
35,77333,Stefan Posch,355486,1. FSV Mainz 05,2556,0,0,6.95,0.48,1.24,11,3,8,4,46,4,0,1395,16,yellowCards,GER,2025-2026,datafc_sofascore,2026-08-09T01:15:33.051884
35,77333,Tom Krauß,930272,1. FC Köln,2671,0,2,6.92,0.37,1.46,9,2,15,9,72,4,0,1801,26,yellowCards,GER,2025-2026,datafc_sofascore,2026-08-09T01:15:33.051884
35,77333,Christian Eriksen,105734,VfL Wolfsburg,2524,3,9,6.91,5.96,7.65,38,14,63,10,38,4,0,2419,31,yellowCards,GER,2025-2026,datafc_sofascore,2026-08-09T01:15:33.051884
35,77333,Romano Schmid,830127,SV Werder Bremen,2534,4,8,6.91,7.83,10.44,57,21,89,37,46,4,0,2988,34,yellowCards,GER,2025-2026,datafc_sofascore,2026-08-09T01:15:33.051884
35,77333,Fabian Rieder,929620,FC Augsburg,2600,6,3,6.89,4.19,4.59,38,13,44,19,37,4,0,2359,32,yellowCards,GER,2025-2026,datafc_sofascore,2026-08-09T01:15:33.051884
35,77333,Patrick Wimmer,987504,VfL Wolfsburg,2524,4,3,6.88,3.12,2.19,24,8,16,38,47,4,0,1634,25,yellowCards,GER,2025-2026,datafc_sofascore,2026-08-09T01:15:33.051884
35,77333,Ridle Baku,856553,RB Leipzig,36360,2,3,6.87,2.56,6.05,30,6,37,13,60,4,0,2509,32,yellowCards,GER,2025-2026,datafc_sofascore,2026-08-09T01:15:33.051884
35,77333,Eric Smith,542038,FC St. Pauli,2526,2,2,6.86,0.58,1.21,12,5,18,9,34,4,1,2314,27,yellowCards,GER,2025-2026,datafc_sofascore,2026-08-09T01:15:33.051884
35,77333,Maximilian Eggestein,569784,SC Freiburg,2538,3,1,6.85,3.8,1.7,44,13,19,15,64,4,0,3060,34,yellowCards,GER,2025-2026,datafc_sofascore,2026-08-09T01:15:33.051884
35,77333,Yan Couto,1002813,Borussia Dortmund,2673,2,2,6.83,1.01,3.02,9,4,17,13,20,4,0,1010,19,yellowCards,GER,2025-2026,datafc_sofascore,2026-08-09T01:15:33.051884
35,77333,Robert Andrich,168903,Bayer 04 Leverkusen,2681,2,0,6.83,0.72,1.66,12,3,12,1,43,4,1,2547,32,yellowCards,GER,2025-2026,datafc_sofascore,2026-08-09T01:15:33.051884
35,77333,Johan Manzambi,1518931,SC Freiburg,2538,5,4,7.22,3.85,5.13,51,12,20,33,35,4,2,2094,27,redCards,GER,2025-2026,datafc_sofascore,2026-08-09T01:15:33.051884
35,77333,Fábio Vieira,904835,Hamburger SV,2676,7,5,7.18,4.65,4.07,59,19,39,32,20,2,2,2215,29,redCards,GER,2025-2026,datafc_sofascore,2026-08-09T01:15:33.051884
35,77333,Dominik Kohr,152206,1. FSV Mainz 05,2556,2,0,6.79,1.57,2.07,15,4,10,5,48,9,2,2345,29,redCards,GER,2025-2026,datafc_sofascore,2026-08-09T01:15:33.051884
35,77333,Jens Castrop,1019312,Borussia M'gladbach,2527,3,1,6.69,3.73,1.69,30,12,19,25,58,2,2,1599,26,redCards,GER,2025-2026,datafc_sofascore,2026-08-09T01:15:33.051884
35,77333,Paul Nebel,980621,1. FSV Mainz 05,2556,5,2,6.61,5.26,3.77,32,8,41,20,50,2,2,2081,30,redCards,GER,2025-2026,datafc_sofascore,2026-08-09T01:15:33.051884
35,77333,Niklas Stark,229544,SV Werder Bremen,2534,0,0,6.54,0.41,0.25,3,1,0,0,16,4,2,727,14,redCards,GER,2025-2026,datafc_sofascore,2026-08-09T01:15:33.051884
35,77333,Luis Díaz,883537,FC Bayern München,2672,15,14,7.26,15.1,7.74,88,37,67,61,21,5,1,2450,32,redCards,GER,2025-2026,datafc_sofascore,2026-08-09T01:15:33.051884
35,77333,Wouter Burger,916946,TSG Hoffenheim,2569,4,5,7.08,3.46,5.35,36,13,51,4,72,7,1,2440,30,redCards,GER,2025-2026,datafc_sofascore,2026-08-09T01:15:33.051884
35,77333,Robin Koch,581302,Eintracht Frankfurt,2674,3,1,6.96,1.38,1.67,15,5,10,2,42,1,1,2835,32,redCards,GER,2025-2026,datafc_sofascore,2026-08-09T01:15:33.051884
35,77333,Rasmus Kristensen,921789,Eintracht Frankfurt,2674,2,0,6.96,0.68,1.17,15,6,8,14,46,4,1,1563,22,redCards,GER,2025-2026,datafc_sofascore,2026-08-09T01:15:33.051884
35,77333,Keven Schlotterbeck,891651,FC Augsburg,2600,0,1,6.96,1.37,1.09,12,3,12,10,40,5,1,2031,24,redCards,GER,2025-2026,datafc_sofascore,2026-08-09T01:15:33.051884
35,77333,Philipp Lienhart,576266,SC Freiburg,2538,1,0,6.95,1.06,0.58,8,2,5,3,18,2,1,1305,20,redCards,GER,2025-2026,datafc_sofascore,2026-08-09T01:15:33.051884
35,77333,Robin Zentner,174345,1. FSV Mainz 05,2556,0,0,6.94,,0.1,0,0,0,1,0,2,1,877,10,redCards,GER,2025-2026,datafc_sofascore,2026-08-09T01:15:33.051884
35,77333,Miro Muheim,798303,Hamburger SV,2676,0,4,6.93,1.19,4.25,23,7,41,21,62,7,1,2437,29,redCards,GER,2025-2026,datafc_sofascore,2026-08-09T01:15:33.051884
35,77333,Marco Friedl,825771,SV Werder Bremen,2534,1,0,6.88,0.68,1.08,8,2,5,4,44,9,1,2549,30,redCards,GER,2025-2026,datafc_sofascore,2026-08-09T01:15:33.051884
35,77333,Rocco Reitz,1048650,Borussia M'gladbach,2527,0,4,6.86,2.57,4.92,47,14,28,24,68,8,1,2636,31,redCards,GER,2025-2026,datafc_sofascore,2026-08-09T01:15:33.051884
35,77333,Eric Smith,542038,FC St. Pauli,2526,2,2,6.86,0.58,1.21,12,5,18,9,34,4,1,2314,27,redCards,GER,2025-2026,datafc_sofascore,2026-08-09T01:15:33.051884
35,77333,Eric Martel,988639,1. FC Köln,2671,2,2,6.84,2.5,1.17,23,4,15,2,46,10,1,2564,31,redCards,GER,2025-2026,datafc_sofascore,2026-08-09T01:15:33.051884
35,77333,Robert Andrich,168903,Bayer 04 Leverkusen,2681,2,0,6.83,0.72,1.66,12,3,12,1,43,4,1,2547,32,redCards,GER,2025-2026,datafc_sofascore,2026-08-09T01:15:33.051884
35,77333,Atakan Karazor,801030,VfB Stuttgart,2677,0,1,6.81,0.73,1.72,7,2,12,8,42,5,1,1898,28,redCards,GER,2025-2026,datafc_sofascore,2026-08-09T01:15:33.051884
35,77333,Ezequiel Fernández,1003012,Bayer 04 Leverkusen,2681,0,1,6.8,0.68,1.13,11,1,8,9,31,2,1,1001,20,redCards,GER,2025-2026,datafc_sofascore,2026-08-09T01:15:33.051884
35,77333,Nicolas Jackson,1085381,FC Bayern München,2672,8,1,6.75,7.26,1.58,38,21,18,11,8,2,1,1037,23,redCards,GER,2025-2026,datafc_sofascore,2026-08-09T01:15:33.051884
35,77333,Jobe Bellingham,1134083,Borussia Dortmund,2673,0,1,6.75,1.08,1.27,19,6,9,15,44,2,1,1800,32,redCards,GER,2025-2026,datafc_sofascore,2026-08-09T01:15:33.051884
35,77333,Derrick Köhn,886737,1. FC Union Berlin,2547,1,2,6.72,2.15,3.78,28,5,26,11,34,5,1,1910,29,redCards,GER,2025-2026,datafc_sofascore,2026-08-09T01:15:33.051884
35,77333,Jackson Irvine,181581,FC St. Pauli,2526,0,1,6.71,1.44,1.34,19,4,11,10,34,0,1,1632,24,redCards,GER,2025-2026,datafc_sofascore,2026-08-09T01:15:33.051884
35,77333,Ellyes Skhiri,591706,Eintracht Frankfurt,2674,0,0,6.69,0.64,0.73,8,0,7,7,20,1,1,1450,25,redCards,GER,2025-2026,datafc_sofascore,2026-08-09T01:15:33.051884
35,77333,András Schäfer,877302,1. FC Union Berlin,2547,2,1,6.68,1.97,0.87,27,10,7,9,41,2,1,1442,28,redCards,GER,2025-2026,datafc_sofascore,2026-08-09T01:15:33.051884
35,77333,Giorgi Gocholeishvili,1035752,Hamburger SV,2676,0,1,6.65,0.76,0.46,14,2,10,18,25,1,1,957,24,redCards,GER,2025-2026,datafc_sofascore,2026-08-09T01:15:33.051884
35,77333,Philip Otele,988476,Hamburger SV,2676,1,1,6.65,1.11,1.25,7,3,9,7,2,3,1,477,9,redCards,GER,2025-2026,datafc_sofascore,2026-08-09T01:15:33.051884
35,77333,Budu Zivzivadze,149728,1. FC Heidenheim,5885,6,0,6.65,5.32,1.1,28,14,7,13,14,2,1,1146,20,redCards,GER,2025-2026,datafc_sofascore,2026-08-09T01:15:33.051884
35,77333,Mattias Svanberg,796987,VfL Wolfsburg,2524,3,1,6.63,2.93,0.65,21,8,6,3,10,4,1,882,24,redCards,GER,2025-2026,datafc_sofascore,2026-08-09T01:15:33.051884
35,77333,Moritz Jenz,920525,VfL Wolfsburg,2524,1,0,6.62,0.54,0.21,5,1,2,0,32,6,1,1789,22,redCards,GER,2025-2026,datafc_sofascore,2026-08-09T01:15:33.051884
35,77333,Rav van den Berg,1014493,1. FC Köln,2671,0,1,6.61,,0.12,0,0,1,0,14,0,1,1138,14,redCards,GER,2025-2026,datafc_sofascore,2026-08-09T01:15:33.051884
35,77333,Jahmai Simpson-Pusey,1402924,1. FC Köln,2671,0,0,6.57,0.41,0.17,6,3,2,3,9,2,1,866,11,redCards,GER,2025-2026,datafc_sofascore,2026-08-09T01:15:33.051884
35,77333,Daniel Elfadli,945532,Hamburger SV,2676,0,0,6.56,0.41,0.39,4,1,2,3,22,4,1,1266,21,redCards,GER,2025-2026,datafc_sofascore,2026-08-09T01:15:33.051884
35,77333,Lorenz Assignon,1009334,VfB Stuttgart,2677,0,0,6.56,0.57,2.03,12,4,10,11,22,3,1,1109,24,redCards,GER,2025-2026,datafc_sofascore,2026-08-09T01:15:33.051884
35,77333,Tim Lemperle,1014290,TSG Hoffenheim,2569,8,2,6.55,8.4,2.36,53,21,27,15,21,1,1,1959,29,redCards,GER,2025-2026,datafc_sofascore,2026-08-09T01:15:33.051884
35,77333,Tom Alexander Rothe,1210666,1. FC Union Berlin,2547,2,0,6.55,1.15,1.04,18,5,11,7,20,1,1,1039,21,redCards,GER,2025-2026,datafc_sofascore,2026-08-09T01:15:33.051884
35,77333,Oscar Højlund,1149113,Eintracht Frankfurt,2674,1,1,6.54,0.54,0.81,7,3,7,5,29,2,1,1099,24,redCards,GER,2025-2026,datafc_sofascore,2026-08-09T01:15:33.051884
35,77333,Alexander Røssing-Lelesiit,1862226,Hamburger SV,2676,0,1,6.54,0.08,0.44,2,2,5,6,9,1,1,332,11,redCards,GER,2025-2026,datafc_sofascore,2026-08-09T01:15:33.051884
35,77333,Yukinari Sugawara,905347,SV Werder Bremen,2534,0,6,6.52,1.85,3.06,30,11,20,11,36,2,1,2432,31,redCards,GER,2025-2026,datafc_sofascore,2026-08-09T01:15:33.051884
35,77333,Karim Coulibaly,1797852,SV Werder Bremen,2534,1,0,6.47,0.66,0.47,6,1,7,8,27,3,1,2122,27,redCards,GER,2025-2026,datafc_sofascore,2026-08-09T01:15:33.051884
35,77333,Immanuel Pherai,989203,Hamburger SV,2676,0,0,6.17,0.05,0.03,1,0,0,1,2,0,1,63,6,redCards,GER,2025-2026,datafc_sofascore,2026-08-09T01:15:33.051884
35,77333,Filippo Mané,1137131,Borussia Dortmund,2673,0,0,6.15,,0.15,0,0,0,0,1,0,1,132,4,redCards,GER,2025-2026,datafc_sofascore,2026-08-09T01:15:33.051884
35,77333,Kevin Akpoguma,187423,TSG Hoffenheim,2569,0,0,5.53,,0.01,0,0,0,0,4,0,1,58,8,redCards,GER,2025-2026,datafc_sofascore,2026-08-09T01:15:33.051884
35,77333,Matheo Raab,842718,1. FC Union Berlin,2547,0,0,9.7,,0.0,0,0,0,0,0,0,0,90,1,redCards,GER,2025-2026,datafc_sofascore,2026-08-09T01:15:33.051884
35,77333,Sander Tangvik,1030355,Hamburger SV,2676,0,0,8.8,,0.0,0,0,0,0,0,0,0,90,1,redCards,GER,2025-2026,datafc_sofascore,2026-08-09T01:15:33.051884
35,77333,Michael Olise,978838,FC Bayern München,2672,15,19,7.87,11.46,17.23,101,50,81,65,24,8,0,2317,32,redCards,GER,2025-2026,datafc_sofascore,2026-08-09T01:15:33.051884
35,77333,Harry Kane,108579,FC Bayern München,2672,36,5,7.84,26.87,4.27,119,67,40,32,19,1,0,2382,31,redCards,GER,2025-2026,datafc_sofascore,2026-08-09T01:15:33.051884
35,77333,Frank Feller,1083359,1. FC Heidenheim,5885,0,0,7.77,,0.01,0,0,0,0,1,0,0,270,3,redCards,GER,2025-2026,datafc_sofascore,2026-08-09T01:15:33.051884
35,77333,Yan Diomande,2087085,RB Leipzig,36360,12,8,7.72,7.14,10.12,53,26,56,118,29,2,0,2476,33,redCards,GER,2025-2026,datafc_sofascore,2026-08-09T01:15:33.051884
35,77333,Joshua Kimmich,259117,FC Bayern München,2672,2,8,7.71,2.65,10.24,28,10,58,11,32,4,0,2280,29,redCards,GER,2025-2026,datafc_sofascore,2026-08-09T01:15:33.051884
35,77333,Nico Schlotterbeck,940871,Borussia Dortmund,2673,5,1,7.67,3.72,2.69,32,9,12,15,50,8,0,2520,28,redCards,GER,2025-2026,datafc_sofascore,2026-08-09T01:15:33.051884
35,77333,Sven Ulreich,26768,FC Bayern München,2672,0,0,7.6,,0.0,0,0,0,0,0,1,0,90,1,redCards,GER,2025-2026,datafc_sofascore,2026-08-09T01:15:33.051884
35,77333,Karl Hein,991591,SV Werder Bremen,2534,0,0,7.6,,0.0,0,0,0,1,0,0,0,180,2,redCards,GER,2025-2026,datafc_sofascore,2026-08-09T01:15:33.051884
35,77333,Dan Zagadou,826205,VfB Stuttgart,2677,0,0,7.53,0.34,0.12,6,1,1,1,5,0,0,210,3,redCards,GER,2025-2026,datafc_sofascore,2026-08-09T01:15:33.051884
35,77333,Mick Schmetgens,1568521,SV Werder Bremen,2534,0,0,7.5,,0.11,0,0,0,0,1,0,0,36,2,redCards,GER,2025-2026,datafc_sofascore,2026-08-09T01:15:33.051884
35,77333,Aleix García,796047,Bayer 04 Leverkusen,2681,3,8,7.45,2.29,6.65,30,5,51,4,26,6,0,2676,33,redCards,GER,2025-2026,datafc_sofascore,2026-08-09T01:15:33.051884
35,77333,Leo Scienza,1386651,1. FC Heidenheim,5885,1,0,7.45,0.13,0.36,4,1,3,3,2,0,0,180,2,redCards,GER,2025-2026,datafc_sofascore,2026-08-09T01:15:33.051884
35,77333,Nadiem Amiri,327755,1. FSV Mainz 05,2556,12,2,7.43,10.4,7.69,55,23,63,25,31,6,0,2090,26,redCards,GER,2025-2026,datafc_sofascore,2026-08-09T01:15:33.051884
35,77333,Daniel Batz,94312,1. FSV Mainz 05,2556,0,0,7.42,,0.09,0,0,1,0,0,2,0,1890,21,redCards,GER,2025-2026,datafc_sofascore,2026-08-09T01:15:33.051884
35,77333,Ramy Bensebaini,577726,Borussia Dortmund,2673,5,2,7.38,3.11,1.94,17,7,10,4,28,6,0,1529,21,redCards,GER,2025-2026,datafc_sofascore,2026-08-09T01:15:33.051884
35,77333,Moritz Nicolas,578166,Borussia M'gladbach,2527,0,0,7.34,,0.07,0,0,2,0,1,1,0,3060,34,redCards,GER,2025-2026,datafc_sofascore,2026-08-09T01:15:33.051884
35,77333,David Raum,856076,RB Leipzig,36360,3,7,7.33,2.2,12.39,24,8,98,16,48,6,0,2556,30,redCards,GER,2025-2026,datafc_sofascore,2026-08-09T01:15:33.051884
35,77333,Alejandro Grimaldo,177177,Bayer 04 Leverkusen,2681,8,8,7.31,6.65,10.13,60,21,70,25,49,5,0,2524,29,redCards,GER,2025-2026,datafc_sofascore,2026-08-09T01:15:33.051884
35,77333,Luka Vušković,1405212,Hamburger SV,2676,6,0,7.28,4.22,1.46,32,10,11,8,22,6,0,2441,28,redCards,GER,2025-2026,datafc_sofascore,2026-08-09T01:15:33.051884
35,77333,Janis Blaswich,96832,Bayer 04 Leverkusen,2681,0,0,7.25,,0.01,0,0,2,0,0,1,0,930,11,redCards,GER,2025-2026,datafc_sofascore,2026-08-09T01:15:33.051884
35,77333,Angelo Stiller,901882,VfB Stuttgart,2677,2,5,7.25,3.08,7.46,17,8,56,14,49,1,0,2750,34,redCards,GER,2025-2026,datafc_sofascore,2026-08-09T01:15:33.051884
35,77333,Maximilian Wöber,794962,SV Werder Bremen,2534,0,0,7.25,,0.35,0,0,1,0,1,0,0,35,2,redCards,GER,2025-2026,datafc_sofascore,2026-08-09T01:15:33.051884
35,77333,Waldemar Anton,799046,Borussia Dortmund,2673,2,0,7.25,1.74,1.26,16,6,8,13,73,3,0,2880,32,redCards,GER,2025-2026,datafc_sofascore,2026-08-09T01:15:33.051884
35,77333,Jonathan Tah,227672,FC Bayern München,2672,2,1,7.24,0.71,1.73,8,5,5,3,24,7,0,2024,28,redCards,GER,2025-2026,datafc_sofascore,2026-08-09T01:15:33.051884
35,77333,Aarón Anselmino,1500263,Borussia Dortmund,2673,1,0,7.24,0.07,0.11,1,1,0,1,9,0,0,368,6,redCards,GER,2025-2026,datafc_sofascore,2026-08-09T01:15:33.051884
35,77333,Kim Min-jae,896569,FC Bayern München,2672,1,1,7.23,0.62,1.41,5,3,5,1,22,1,0,1621,25,redCards,GER,2025-2026,datafc_sofascore,2026-08-09T01:15:33.051884
35,77333,Carl Klaus,148167,1. FC Union Berlin,2547,0,0,7.23,,0.01,0,0,0,0,0,0,0,329,4,redCards,GER,2025-2026,datafc_sofascore,2026-08-09T01:15:33.051884
35,77333,Emre Can,138156,Borussia Dortmund,2673,3,0,7.22,2.45,0.4,5,4,0,3,12,3,0,621,9,redCards,GER,2025-2026,datafc_sofascore,2026-08-09T01:15:33.051884
35,77333,Willi Orbán,136924,RB Leipzig,36360,2,0,7.22,2.38,1.05,20,9,11,6,47,4,0,2950,33,redCards,GER,2025-2026,datafc_sofascore,2026-08-09T01:15:33.051884
35,77333,Loïc Badé,1006489,Bayer 04 Leverkusen,2681,0,0,7.21,1.29,0.88,12,4,2,3,33,5,0,1659,23,redCards,GER,2025-2026,datafc_sofascore,2026-08-09T01:15:33.051884
35,77333,Kamil Grabara,902080,VfL Wolfsburg,2524,0,0,7.21,0.04,0.12,1,0,3,1,1,1,0,3060,34,redCards,GER,2025-2026,datafc_sofascore,2026-08-09T01:15:33.051884
35,77333,Maximilian Mittelstädt,788949,VfB Stuttgart,2677,6,4,7.2,4.4,6.02,31,16,37,14,67,4,0,2195,32,redCards,GER,2025-2026,datafc_sofascore,2026-08-09T01:15:33.051884
35,77333,Edmond Tapsoba,883262,Bayer 04 Leverkusen,2681,5,3,7.2,2.5,1.42,29,10,11,8,31,7,0,2576,29,redCards,GER,2025-2026,datafc_sofascore,2026-08-09T01:15:33.051884
35,77333,Alexander Nübel,584722,VfB Stuttgart,2677,0,1,7.19,,0.1,0,0,3,0,0,0,0,3060,34,redCards,GER,2025-2026,datafc_sofascore,2026-08-09T01:15:33.051884
35,77333,Jonas Urbig,1130647,FC Bayern München,2672,0,0,7.19,,0.05,0,0,1,0,0,0,0,1110,14,redCards,GER,2025-2026,datafc_sofascore,2026-08-09T01:15:33.051884
35,77333,Can Uzun,1440948,Eintracht Frankfurt,2674,8,4,7.19,3.93,2.98,41,19,20,16,15,3,0,1172,21,redCards,GER,2025-2026,datafc_sofascore,2026-08-09T01:15:33.051884
35,77333,Deniz Undav,794298,VfB Stuttgart,2677,19,6,7.19,16.4,4.03,122,46,41,9,18,5,0,2247,29,redCards,GER,2025-2026,datafc_sofascore,2026-08-09T01:15:33.051884
35,77333,Aleksandar Pavlović,1142251,FC Bayern München,2672,3,1,7.18,1.6,2.34,10,5,21,4,26,2,0,1460,24,redCards,GER,2025-2026,datafc_sofascore,2026-08-09T01:15:33.051884
35,77333,Daniel Fernandes,113442,Hamburger SV,2676,0,0,7.18,0.26,0.13,1,0,0,1,0,3,0,2970,33,redCards,GER,2025-2026,datafc_sofascore,2026-08-09T01:15:33.051884
35,77333,Brajan Gruda,1198075,RB Leipzig,36360,3,3,7.18,3.44,2.67,22,10,17,21,8,1,0,755,13,redCards,GER,2025-2026,datafc_sofascore,2026-08-09T01:15:33.051884
35,77333,Chris Führich,891510,VfB Stuttgart,2677,7,7,7.17,4.26,8.05,45,23,49,28,15,2,0,1723,33,redCards,GER,2025-2026,datafc_sofascore,2026-08-09T01:15:33.051884
35,77333,Dayot Upamecano,798583,FC Bayern München,2672,1,1,7.16,1.03,1.62,8,2,11,4,44,4,0,1797,24,redCards,GER,2025-2026,datafc_sofascore,2026-08-09T01:15:33.051884
35,77333,Gregor Kobel,556866,Borussia Dortmund,2673,0,0,7.14,,0.1,0,0,0,0,0,3,0,3060,34,redCards,GER,2025-2026,datafc_sofascore,2026-08-09T01:15:33.051884
35,77333,Leon Goretzka,184661,FC Bayern München,2672,5,3,7.13,4.8,3.81,35,11,22,11,29,4,0,1954,31,redCards,GER,2025-2026,datafc_sofascore,2026-08-09T01:15:33.051884
35,77333,Vladimír Coufal,138024,TSG Hoffenheim,2569,1,8,7.12,0.88,8.99,25,6,59,31,60,4,0,3017,34,redCards,GER,2025-2026,datafc_sofascore,2026-08-09T01:15:33.051884
35,77333,Marvin Schwäbe,187185,1. FC Köln,2671,0,0,7.12,,0.21,0,0,1,0,1,2,0,3060,34,redCards,GER,2025-2026,datafc_sofascore,2026-08-09T01:15:33.051884
35,77333,Mio Backhaus,1083390,SV Werder Bremen,2534,0,0,7.12,,0.05,0,0,0,0,0,1,0,2880,32,redCards,GER,2025-2026,datafc_sofascore,2026-08-09T01:15:33.051884
35,77333,Jeff Chabot,863271,VfB Stuttgart,2677,0,0,7.11,1.13,0.85,18,7,7,4,34,3,0,2296,27,redCards,GER,2025-2026,datafc_sofascore,2026-08-09T01:15:33.051884
35,77333,Maximilian Arnold,147289,VfL Wolfsburg,2524,1,4,7.1,0.43,4.09,14,5,29,5,22,5,0,1860,25,redCards,GER,2025-2026,datafc_sofascore,2026-08-09T01:15:33.051884
35,77333,Jakub Kamiński,801263,1. FC Köln,2671,7,3,7.1,7.06,6.41,63,26,52,24,45,4,0,3019,34,redCards,GER,2025-2026,datafc_sofascore,2026-08-09T01:15:33.051884
35,77333,Ibrahim Maza,1407524,Bayer 04 Leverkusen,2681,3,4,7.1,5.34,4.45,54,17,29,48,41,2,0,1859,28,redCards,GER,2025-2026,datafc_sofascore,2026-08-09T01:15:33.051884
35,77333,Serge Gnabry,187433,FC Bayern München,2672,8,6,7.09,6.26,5.08,50,17,23,16,18,1,0,1228,21,redCards,GER,2025-2026,datafc_sofascore,2026-08-09T01:15:33.051884
35,77333,Nikola Vasilj,325061,FC St. Pauli,2526,0,0,7.09,,0.07,0,0,0,0,1,0,0,3060,34,redCards,GER,2025-2026,datafc_sofascore,2026-08-09T01:15:33.051884
35,77333,Johan Manzambi,1518931,SC Freiburg,2538,5,4,7.22,3.85,5.13,51,12,20,33,35,4,2,2094,27,redCards,GER,2025-2026,datafc_sofascore,2026-08-09T01:15:33.051884
35,77333,Fábio Vieira,904835,Hamburger SV,2676,7,5,7.18,4.65,4.07,59,19,39,32,20,2,2,2215,29,redCards,GER,2025-2026,datafc_sofascore,2026-08-09T01:15:33.051884
35,77333,Dominik Kohr,152206,1. FSV Mainz 05,2556,2,0,6.79,1.57,2.07,15,4,10,5,48,9,2,2345,29,redCards,GER,2025-2026,datafc_sofascore,2026-08-09T01:15:33.051884
35,77333,Jens Castrop,1019312,Borussia M'gladbach,2527,3,1,6.69,3.73,1.69,30,12,19,25,58,2,2,1599,26,redCards,GER,2025-2026,datafc_sofascore,2026-08-09T01:15:33.051884
35,77333,Paul Nebel,980621,1. FSV Mainz 05,2556,5,2,6.61,5.26,3.77,32,8,41,20,50,2,2,2081,30,redCards,GER,2025-2026,datafc_sofascore,2026-08-09T01:15:33.051884
35,77333,Niklas Stark,229544,SV Werder Bremen,2534,0,0,6.54,0.41,0.25,3,1,0,0,16,4,2,727,14,redCards,GER,2025-2026,datafc_sofascore,2026-08-09T01:15:33.051884
35,77333,Luis Díaz,883537,FC Bayern München,2672,15,14,7.26,15.1,7.74,88,37,67,61,21,5,1,2450,32,redCards,GER,2025-2026,datafc_sofascore,2026-08-09T01:15:33.051884
35,77333,Wouter Burger,916946,TSG Hoffenheim,2569,4,5,7.08,3.46,5.35,36,13,51,4,72,7,1,2440,30,redCards,GER,2025-2026,datafc_sofascore,2026-08-09T01:15:33.051884
35,77333,Robin Koch,581302,Eintracht Frankfurt,2674,3,1,6.96,1.38,1.67,15,5,10,2,42,1,1,2835,32,redCards,GER,2025-2026,datafc_sofascore,2026-08-09T01:15:33.051884
35,77333,Rasmus Kristensen,921789,Eintracht Frankfurt,2674,2,0,6.96,0.68,1.17,15,6,8,14,46,4,1,1563,22,redCards,GER,2025-2026,datafc_sofascore,2026-08-09T01:15:33.051884
35,77333,Keven Schlotterbeck,891651,FC Augsburg,2600,0,1,6.96,1.37,1.09,12,3,12,10,40,5,1,2031,24,redCards,GER,2025-2026,datafc_sofascore,2026-08-09T01:15:33.051884
35,77333,Philipp Lienhart,576266,SC Freiburg,2538,1,0,6.95,1.06,0.58,8,2,5,3,18,2,1,1305,20,redCards,GER,2025-2026,datafc_sofascore,2026-08-09T01:15:33.051884
35,77333,Robin Zentner,174345,1. FSV Mainz 05,2556,0,0,6.94,,0.1,0,0,0,1,0,2,1,877,10,redCards,GER,2025-2026,datafc_sofascore,2026-08-09T01:15:33.051884
35,77333,Miro Muheim,798303,Hamburger SV,2676,0,4,6.93,1.19,4.25,23,7,41,21,62,7,1,2437,29,redCards,GER,2025-2026,datafc_sofascore,2026-08-09T01:15:33.051884
35,77333,Marco Friedl,825771,SV Werder Bremen,2534,1,0,6.88,0.68,1.08,8,2,5,4,44,9,1,2549,30,redCards,GER,2025-2026,datafc_sofascore,2026-08-09T01:15:33.051884
35,77333,Rocco Reitz,1048650,Borussia M'gladbach,2527,0,4,6.86,2.57,4.92,47,14,28,24,68,8,1,2636,31,redCards,GER,2025-2026,datafc_sofascore,2026-08-09T01:15:33.051884
35,77333,Eric Smith,542038,FC St. Pauli,2526,2,2,6.86,0.58,1.21,12,5,18,9,34,4,1,2314,27,redCards,GER,2025-2026,datafc_sofascore,2026-08-09T01:15:33.051884
35,77333,Eric Martel,988639,1. FC Köln,2671,2,2,6.84,2.5,1.17,23,4,15,2,46,10,1,2564,31,redCards,GER,2025-2026,datafc_sofascore,2026-08-09T01:15:33.051884
35,77333,Robert Andrich,168903,Bayer 04 Leverkusen,2681,2,0,6.83,0.72,1.66,12,3,12,1,43,4,1,2547,32,redCards,GER,2025-2026,datafc_sofascore,2026-08-09T01:15:33.051884
35,77333,Atakan Karazor,801030,VfB Stuttgart,2677,0,1,6.81,0.73,1.72,7,2,12,8,42,5,1,1898,28,redCards,GER,2025-2026,datafc_sofascore,2026-08-09T01:15:33.051884
35,77333,Ezequiel Fernández,1003012,Bayer 04 Leverkusen,2681,0,1,6.8,0.68,1.13,11,1,8,9,31,2,1,1001,20,redCards,GER,2025-2026,datafc_sofascore,2026-08-09T01:15:33.051884
35,77333,Nicolas Jackson,1085381,FC Bayern München,2672,8,1,6.75,7.26,1.58,38,21,18,11,8,2,1,1037,23,redCards,GER,2025-2026,datafc_sofascore,2026-08-09T01:15:33.051884
35,77333,Jobe Bellingham,1134083,Borussia Dortmund,2673,0,1,6.75,1.08,1.27,19,6,9,15,44,2,1,1800,32,redCards,GER,2025-2026,datafc_sofascore,2026-08-09T01:15:33.051884
35,77333,Derrick Köhn,886737,1. FC Union Berlin,2547,1,2,6.72,2.15,3.78,28,5,26,11,34,5,1,1910,29,redCards,GER,2025-2026,datafc_sofascore,2026-08-09T01:15:33.051884
35,77333,Jackson Irvine,181581,FC St. Pauli,2526,0,1,6.71,1.44,1.34,19,4,11,10,34,0,1,1632,24,redCards,GER,2025-2026,datafc_sofascore,2026-08-09T01:15:33.051884
35,77333,Ellyes Skhiri,591706,Eintracht Frankfurt,2674,0,0,6.69,0.64,0.73,8,0,7,7,20,1,1,1450,25,redCards,GER,2025-2026,datafc_sofascore,2026-08-09T01:15:33.051884
35,77333,András Schäfer,877302,1. FC Union Berlin,2547,2,1,6.68,1.97,0.87,27,10,7,9,41,2,1,1442,28,redCards,GER,2025-2026,datafc_sofascore,2026-08-09T01:15:33.051884
35,77333,Giorgi Gocholeishvili,1035752,Hamburger SV,2676,0,1,6.65,0.76,0.46,14,2,10,18,25,1,1,957,24,redCards,GER,2025-2026,datafc_sofascore,2026-08-09T01:15:33.051884
35,77333,Philip Otele,988476,Hamburger SV,2676,1,1,6.65,1.11,1.25,7,3,9,7,2,3,1,477,9,redCards,GER,2025-2026,datafc_sofascore,2026-08-09T01:15:33.051884
35,77333,Budu Zivzivadze,149728,1. FC Heidenheim,5885,6,0,6.65,5.32,1.1,28,14,7,13,14,2,1,1146,20,redCards,GER,2025-2026,datafc_sofascore,2026-08-09T01:15:33.051884
35,77333,Mattias Svanberg,796987,VfL Wolfsburg,2524,3,1,6.63,2.93,0.65,21,8,6,3,10,4,1,882,24,redCards,GER,2025-2026,datafc_sofascore,2026-08-09T01:15:33.051884
35,77333,Moritz Jenz,920525,VfL Wolfsburg,2524,1,0,6.62,0.54,0.21,5,1,2,0,32,6,1,1789,22,redCards,GER,2025-2026,datafc_sofascore,2026-08-09T01:15:33.051884
35,77333,Rav van den Berg,1014493,1. FC Köln,2671,0,1,6.61,,0.12,0,0,1,0,14,0,1,1138,14,redCards,GER,2025-2026,datafc_sofascore,2026-08-09T01:15:33.051884
35,77333,Jahmai Simpson-Pusey,1402924,1. FC Köln,2671,0,0,6.57,0.41,0.17,6,3,2,3,9,2,1,866,11,redCards,GER,2025-2026,datafc_sofascore,2026-08-09T01:15:33.051884
35,77333,Daniel Elfadli,945532,Hamburger SV,2676,0,0,6.56,0.41,0.39,4,1,2,3,22,4,1,1266,21,redCards,GER,2025-2026,datafc_sofascore,2026-08-09T01:15:33.051884
35,77333,Lorenz Assignon,1009334,VfB Stuttgart,2677,0,0,6.56,0.57,2.03,12,4,10,11,22,3,1,1109,24,redCards,GER,2025-2026,datafc_sofascore,2026-08-09T01:15:33.051884
35,77333,Tim Lemperle,1014290,TSG Hoffenheim,2569,8,2,6.55,8.4,2.36,53,21,27,15,21,1,1,1959,29,redCards,GER,2025-2026,datafc_sofascore,2026-08-09T01:15:33.051884
35,77333,Tom Alexander Rothe,1210666,1. FC Union Berlin,2547,2,0,6.55,1.15,1.04,18,5,11,7,20,1,1,1039,21,redCards,GER,2025-2026,datafc_sofascore,2026-08-09T01:15:33.051884
35,77333,Oscar Højlund,1149113,Eintracht Frankfurt,2674,1,1,6.54,0.54,0.81,7,3,7,5,29,2,1,1099,24,redCards,GER,2025-2026,datafc_sofascore,2026-08-09T01:15:33.051884
35,77333,Alexander Røssing-Lelesiit,1862226,Hamburger SV,2676,0,1,6.54,0.08,0.44,2,2,5,6,9,1,1,332,11,redCards,GER,2025-2026,datafc_sofascore,2026-08-09T01:15:33.051884
35,77333,Yukinari Sugawara,905347,SV Werder Bremen,2534,0,6,6.52,1.85,3.06,30,11,20,11,36,2,1,2432,31,redCards,GER,2025-2026,datafc_sofascore,2026-08-09T01:15:33.051884
35,77333,Karim Coulibaly,1797852,SV Werder Bremen,2534,1,0,6.47,0.66,0.47,6,1,7,8,27,3,1,2122,27,redCards,GER,2025-2026,datafc_sofascore,2026-08-09T01:15:33.051884
35,77333,Immanuel Pherai,989203,Hamburger SV,2676,0,0,6.17,0.05,0.03,1,0,0,1,2,0,1,63,6,redCards,GER,2025-2026,datafc_sofascore,2026-08-09T01:15:33.051884
35,77333,Filippo Mané,1137131,Borussia Dortmund,2673,0,0,6.15,,0.15,0,0,0,0,1,0,1,132,4,redCards,GER,2025-2026,datafc_sofascore,2026-08-09T01:15:33.051884
35,77333,Kevin Akpoguma,187423,TSG Hoffenheim,2569,0,0,5.53,,0.01,0,0,0,0,4,0,1,58,8,redCards,GER,2025-2026,datafc_sofascore,2026-08-09T01:15:33.051884
35,77333,Matheo Raab,842718,1. FC Union Berlin,2547,0,0,9.7,,0.0,0,0,0,0,0,0,0,90,1,redCards,GER,2025-2026,datafc_sofascore,2026-08-09T01:15:33.051884
35,77333,Sander Tangvik,1030355,Hamburger SV,2676,0,0,8.8,,0.0,0,0,0,0,0,0,0,90,1,redCards,GER,2025-2026,datafc_sofascore,2026-08-09T01:15:33.051884
35,77333,Michael Olise,978838,FC Bayern München,2672,15,19,7.87,11.46,17.23,101,50,81,65,24,8,0,2317,32,redCards,GER,2025-2026,datafc_sofascore,2026-08-09T01:15:33.051884
35,77333,Harry Kane,108579,FC Bayern München,2672,36,5,7.84,26.87,4.27,119,67,40,32,19,1,0,2382,31,redCards,GER,2025-2026,datafc_sofascore,2026-08-09T01:15:33.051884
35,77333,Frank Feller,1083359,1. FC Heidenheim,5885,0,0,7.77,,0.01,0,0,0,0,1,0,0,270,3,redCards,GER,2025-2026,datafc_sofascore,2026-08-09T01:15:33.051884
35,77333,Yan Diomande,2087085,RB Leipzig,36360,12,8,7.72,7.14,10.12,53,26,56,118,29,2,0,2476,33,redCards,GER,2025-2026,datafc_sofascore,2026-08-09T01:15:33.051884
35,77333,Joshua Kimmich,259117,FC Bayern München,2672,2,8,7.71,2.65,10.24,28,10,58,11,32,4,0,2280,29,redCards,GER,2025-2026,datafc_sofascore,2026-08-09T01:15:33.051884
35,77333,Nico Schlotterbeck,940871,Borussia Dortmund,2673,5,1,7.67,3.72,2.69,32,9,12,15,50,8,0,2520,28,redCards,GER,2025-2026,datafc_sofascore,2026-08-09T01:15:33.051884
35,77333,Sven Ulreich,26768,FC Bayern München,2672,0,0,7.6,,0.0,0,0,0,0,0,1,0,90,1,redCards,GER,2025-2026,datafc_sofascore,2026-08-09T01:15:33.051884
35,77333,Karl Hein,991591,SV Werder Bremen,2534,0,0,7.6,,0.0,0,0,0,1,0,0,0,180,2,redCards,GER,2025-2026,datafc_sofascore,2026-08-09T01:15:33.051884
35,77333,Dan Zagadou,826205,VfB Stuttgart,2677,0,0,7.53,0.34,0.12,6,1,1,1,5,0,0,210,3,redCards,GER,2025-2026,datafc_sofascore,2026-08-09T01:15:33.051884
35,77333,Mick Schmetgens,1568521,SV Werder Bremen,2534,0,0,7.5,,0.11,0,0,0,0,1,0,0,36,2,redCards,GER,2025-2026,datafc_sofascore,2026-08-09T01:15:33.051884
35,77333,Aleix García,796047,Bayer 04 Leverkusen,2681,3,8,7.45,2.29,6.65,30,5,51,4,26,6,0,2676,33,redCards,GER,2025-2026,datafc_sofascore,2026-08-09T01:15:33.051884
35,77333,Leo Scienza,1386651,1. FC Heidenheim,5885,1,0,7.45,0.13,0.36,4,1,3,3,2,0,0,180,2,redCards,GER,2025-2026,datafc_sofascore,2026-08-09T01:15:33.051884
35,77333,Nadiem Amiri,327755,1. FSV Mainz 05,2556,12,2,7.43,10.4,7.69,55,23,63,25,31,6,0,2090,26,redCards,GER,2025-2026,datafc_sofascore,2026-08-09T01:15:33.051884
35,77333,Daniel Batz,94312,1. FSV Mainz 05,2556,0,0,7.42,,0.09,0,0,1,0,0,2,0,1890,21,redCards,GER,2025-2026,datafc_sofascore,2026-08-09T01:15:33.051884
35,77333,Ramy Bensebaini,577726,Borussia Dortmund,2673,5,2,7.38,3.11,1.94,17,7,10,4,28,6,0,1529,21,redCards,GER,2025-2026,datafc_sofascore,2026-08-09T01:15:33.051884
35,77333,Moritz Nicolas,578166,Borussia M'gladbach,2527,0,0,7.34,,0.07,0,0,2,0,1,1,0,3060,34,redCards,GER,2025-2026,datafc_sofascore,2026-08-09T01:15:33.051884
35,77333,David Raum,856076,RB Leipzig,36360,3,7,7.33,2.2,12.39,24,8,98,16,48,6,0,2556,30,redCards,GER,2025-2026,datafc_sofascore,2026-08-09T01:15:33.051884
35,77333,Alejandro Grimaldo,177177,Bayer 04 Leverkusen,2681,8,8,7.31,6.65,10.13,60,21,70,25,49,5,0,2524,29,redCards,GER,2025-2026,datafc_sofascore,2026-08-09T01:15:33.051884
35,77333,Luka Vušković,1405212,Hamburger SV,2676,6,0,7.28,4.22,1.46,32,10,11,8,22,6,0,2441,28,redCards,GER,2025-2026,datafc_sofascore,2026-08-09T01:15:33.051884
35,77333,Janis Blaswich,96832,Bayer 04 Leverkusen,2681,0,0,7.25,,0.01,0,0,2,0,0,1,0,930,11,redCards,GER,2025-2026,datafc_sofascore,2026-08-09T01:15:33.051884
35,77333,Angelo Stiller,901882,VfB Stuttgart,2677,2,5,7.25,3.08,7.46,17,8,56,14,49,1,0,2750,34,redCards,GER,2025-2026,datafc_sofascore,2026-08-09T01:15:33.051884
35,77333,Maximilian Wöber,794962,SV Werder Bremen,2534,0,0,7.25,,0.35,0,0,1,0,1,0,0,35,2,redCards,GER,2025-2026,datafc_sofascore,2026-08-09T01:15:33.051884
35,77333,Waldemar Anton,799046,Borussia Dortmund,2673,2,0,7.25,1.74,1.26,16,6,8,13,73,3,0,2880,32,redCards,GER,2025-2026,datafc_sofascore,2026-08-09T01:15:33.051884
35,77333,Jonathan Tah,227672,FC Bayern München,2672,2,1,7.24,0.71,1.73,8,5,5,3,24,7,0,2024,28,redCards,GER,2025-2026,datafc_sofascore,2026-08-09T01:15:33.051884
35,77333,Aarón Anselmino,1500263,Borussia Dortmund,2673,1,0,7.24,0.07,0.11,1,1,0,1,9,0,0,368,6,redCards,GER,2025-2026,datafc_sofascore,2026-08-09T01:15:33.051884
35,77333,Kim Min-jae,896569,FC Bayern München,2672,1,1,7.23,0.62,1.41,5,3,5,1,22,1,0,1621,25,redCards,GER,2025-2026,datafc_sofascore,2026-08-09T01:15:33.051884
35,77333,Carl Klaus,148167,1. FC Union Berlin,2547,0,0,7.23,,0.01,0,0,0,0,0,0,0,329,4,redCards,GER,2025-2026,datafc_sofascore,2026-08-09T01:15:33.051884
35,77333,Emre Can,138156,Borussia Dortmund,2673,3,0,7.22,2.45,0.4,5,4,0,3,12,3,0,621,9,redCards,GER,2025-2026,datafc_sofascore,2026-08-09T01:15:33.051884
35,77333,Willi Orbán,136924,RB Leipzig,36360,2,0,7.22,2.38,1.05,20,9,11,6,47,4,0,2950,33,redCards,GER,2025-2026,datafc_sofascore,2026-08-09T01:15:33.051884
35,77333,Loïc Badé,1006489,Bayer 04 Leverkusen,2681,0,0,7.21,1.29,0.88,12,4,2,3,33,5,0,1659,23,redCards,GER,2025-2026,datafc_sofascore,2026-08-09T01:15:33.051884
35,77333,Kamil Grabara,902080,VfL Wolfsburg,2524,0,0,7.21,0.04,0.12,1,0,3,1,1,1,0,3060,34,redCards,GER,2025-2026,datafc_sofascore,2026-08-09T01:15:33.051884
35,77333,Maximilian Mittelstädt,788949,VfB Stuttgart,2677,6,4,7.2,4.4,6.02,31,16,37,14,67,4,0,2195,32,redCards,GER,2025-2026,datafc_sofascore,2026-08-09T01:15:33.051884
35,77333,Edmond Tapsoba,883262,Bayer 04 Leverkusen,2681,5,3,7.2,2.5,1.42,29,10,11,8,31,7,0,2576,29,redCards,GER,2025-2026,datafc_sofascore,2026-08-09T01:15:33.051884
35,77333,Alexander Nübel,584722,VfB Stuttgart,2677,0,1,7.19,,0.1,0,0,3,0,0,0,0,3060,34,redCards,GER,2025-2026,datafc_sofascore,2026-08-09T01:15:33.051884
35,77333,Jonas Urbig,1130647,FC Bayern München,2672,0,0,7.19,,0.05,0,0,1,0,0,0,0,1110,14,redCards,GER,2025-2026,datafc_sofascore,2026-08-09T01:15:33.051884
35,77333,Can Uzun,1440948,Eintracht Frankfurt,2674,8,4,7.19,3.93,2.98,41,19,20,16,15,3,0,1172,21,redCards,GER,2025-2026,datafc_sofascore,2026-08-09T01:15:33.051884
35,77333,Deniz Undav,794298,VfB Stuttgart,2677,19,6,7.19,16.4,4.03,122,46,41,9,18,5,0,2247,29,redCards,GER,2025-2026,datafc_sofascore,2026-08-09T01:15:33.051884
35,77333,Aleksandar Pavlović,1142251,FC Bayern München,2672,3,1,7.18,1.6,2.34,10,5,21,4,26,2,0,1460,24,redCards,GER,2025-2026,datafc_sofascore,2026-08-09T01:15:33.051884
35,77333,Daniel Fernandes,113442,Hamburger SV,2676,0,0,7.18,0.26,0.13,1,0,0,1,0,3,0,2970,33,redCards,GER,2025-2026,datafc_sofascore,2026-08-09T01:15:33.051884
35,77333,Brajan Gruda,1198075,RB Leipzig,36360,3,3,7.18,3.44,2.67,22,10,17,21,8,1,0,755,13,redCards,GER,2025-2026,datafc_sofascore,2026-08-09T01:15:33.051884
35,77333,Chris Führich,891510,VfB Stuttgart,2677,7,7,7.17,4.26,8.05,45,23,49,28,15,2,0,1723,33,redCards,GER,2025-2026,datafc_sofascore,2026-08-09T01:15:33.051884
35,77333,Dayot Upamecano,798583,FC Bayern München,2672,1,1,7.16,1.03,1.62,8,2,11,4,44,4,0,1797,24,redCards,GER,2025-2026,datafc_sofascore,2026-08-09T01:15:33.051884
35,77333,Gregor Kobel,556866,Borussia Dortmund,2673,0,0,7.14,,0.1,0,0,0,0,0,3,0,3060,34,redCards,GER,2025-2026,datafc_sofascore,2026-08-09T01:15:33.051884
35,77333,Leon Goretzka,184661,FC Bayern München,2672,5,3,7.13,4.8,3.81,35,11,22,11,29,4,0,1954,31,redCards,GER,2025-2026,datafc_sofascore,2026-08-09T01:15:33.051884
35,77333,Vladimír Coufal,138024,TSG Hoffenheim,2569,1,8,7.12,0.88,8.99,25,6,59,31,60,4,0,3017,34,redCards,GER,2025-2026,datafc_sofascore,2026-08-09T01:15:33.051884
35,77333,Marvin Schwäbe,187185,1. FC Köln,2671,0,0,7.12,,0.21,0,0,1,0,1,2,0,3060,34,redCards,GER,2025-2026,datafc_sofascore,2026-08-09T01:15:33.051884
35,77333,Mio Backhaus,1083390,SV Werder Bremen,2534,0,0,7.12,,0.05,0,0,0,0,0,1,0,2880,32,redCards,GER,2025-2026,datafc_sofascore,2026-08-09T01:15:33.051884
35,77333,Jeff Chabot,863271,VfB Stuttgart,2677,0,0,7.11,1.13,0.85,18,7,7,4,34,3,0,2296,27,redCards,GER,2025-2026,datafc_sofascore,2026-08-09T01:15:33.051884
35,77333,Maximilian Arnold,147289,VfL Wolfsburg,2524,1,4,7.1,0.43,4.09,14,5,29,5,22,5,0,1860,25,redCards,GER,2025-2026,datafc_sofascore,2026-08-09T01:15:33.051884
35,77333,Jakub Kamiński,801263,1. FC Köln,2671,7,3,7.1,7.06,6.41,63,26,52,24,45,4,0,3019,34,redCards,GER,2025-2026,datafc_sofascore,2026-08-09T01:15:33.051884
35,77333,Ibrahim Maza,1407524,Bayer 04 Leverkusen,2681,3,4,7.1,5.34,4.45,54,17,29,48,41,2,0,1859,28,redCards,GER,2025-2026,datafc_sofascore,2026-08-09T01:15:33.051884
35,77333,Serge Gnabry,187433,FC Bayern München,2672,8,6,7.09,6.26,5.08,50,17,23,16,18,1,0,1228,21,redCards,GER,2025-2026,datafc_sofascore,2026-08-09T01:15:33.051884
35,77333,Nikola Vasilj,325061,FC St. Pauli,2526,0,0,7.09,,0.07,0,0,0,0,1,0,0,3060,34,redCards,GER,2025-2026,datafc_sofascore,2026-08-09T01:15:33.051884
35,77333,Moritz Nicolas,578166,Borussia M'gladbach,2527,0,0,7.34,,0.07,0,0,2,0,1,1,0,3060,34,saves,GER,2025-2026,datafc_sofascore,2026-08-09T01:15:33.051884
35,77333,Nikola Vasilj,325061,FC St. Pauli,2526,0,0,7.09,,0.07,0,0,0,0,1,0,0,3060,34,saves,GER,2025-2026,datafc_sofascore,2026-08-09T01:15:33.051884
35,77333,Kamil Grabara,902080,VfL Wolfsburg,2524,0,0,7.21,0.04,0.12,1,0,3,1,1,1,0,3060,34,saves,GER,2025-2026,datafc_sofascore,2026-08-09T01:15:33.051884
35,77333,Alexander Nübel,584722,VfB Stuttgart,2677,0,1,7.19,,0.1,0,0,3,0,0,0,0,3060,34,saves,GER,2025-2026,datafc_sofascore,2026-08-09T01:15:33.051884
35,77333,Daniel Fernandes,113442,Hamburger SV,2676,0,0,7.18,0.26,0.13,1,0,0,1,0,3,0,2970,33,saves,GER,2025-2026,datafc_sofascore,2026-08-09T01:15:33.051884
35,77333,Finn Dahmen,822564,FC Augsburg,2600,0,0,7.01,0.32,0.2,1,0,4,0,3,1,0,3060,34,saves,GER,2025-2026,datafc_sofascore,2026-08-09T01:15:33.051884
35,77333,Mio Backhaus,1083390,SV Werder Bremen,2534,0,0,7.12,,0.05,0,0,0,0,0,1,0,2880,32,saves,GER,2025-2026,datafc_sofascore,2026-08-09T01:15:33.051884
35,77333,Noah Atubolu,980626,SC Freiburg,2538,0,0,7.07,,0.48,0,0,3,0,0,1,0,3060,34,saves,GER,2025-2026,datafc_sofascore,2026-08-09T01:15:33.051884
35,77333,Diant Ramaj,981562,1. FC Heidenheim,5885,0,1,6.94,,0.19,0,0,1,0,1,2,0,2790,31,saves,GER,2025-2026,datafc_sofascore,2026-08-09T01:15:33.051884
35,77333,Oliver Baumann,40244,TSG Hoffenheim,2569,0,0,6.79,,0.39,0,0,1,2,0,3,0,3060,34,saves,GER,2025-2026,datafc_sofascore,2026-08-09T01:15:33.051884
35,77333,Marvin Schwäbe,187185,1. FC Köln,2671,0,0,7.12,,0.21,0,0,1,0,1,2,0,3060,34,saves,GER,2025-2026,datafc_sofascore,2026-08-09T01:15:33.051884
35,77333,Gregor Kobel,556866,Borussia Dortmund,2673,0,0,7.14,,0.1,0,0,0,0,0,3,0,3060,34,saves,GER,2025-2026,datafc_sofascore,2026-08-09T01:15:33.051884
35,77333,Mark Flekken,171919,Bayer 04 Leverkusen,2681,0,0,6.89,,0.05,0,0,1,1,0,1,0,2130,24,saves,GER,2025-2026,datafc_sofascore,2026-08-09T01:15:33.051884
35,77333,Frederik Rønnow,137692,1. FC Union Berlin,2547,0,0,6.74,,0.24,0,0,2,0,1,2,0,2641,30,saves,GER,2025-2026,datafc_sofascore,2026-08-09T01:15:33.051884
35,77333,Daniel Batz,94312,1. FSV Mainz 05,2556,0,0,7.42,,0.09,0,0,1,0,0,2,0,1890,21,saves,GER,2025-2026,datafc_sofascore,2026-08-09T01:15:33.051884
35,77333,Michael Zetterer,190161,Eintracht Frankfurt,2674,0,0,6.96,,0.11,0,0,0,0,0,1,0,1975,22,saves,GER,2025-2026,datafc_sofascore,2026-08-09T01:15:33.051884
35,77333,Péter Gulácsi,37096,RB Leipzig,36360,0,0,6.88,,0.03,0,0,0,0,0,1,0,2009,23,saves,GER,2025-2026,datafc_sofascore,2026-08-09T01:15:33.051884
35,77333,Janis Blaswich,96832,Bayer 04 Leverkusen,2681,0,0,7.25,,0.01,0,0,2,0,0,1,0,930,11,saves,GER,2025-2026,datafc_sofascore,2026-08-09T01:15:33.051884
35,77333,Kauã Santos,1134203,Eintracht Frankfurt,2674,0,0,6.62,,0.02,0,0,0,1,1,0,0,1085,13,saves,GER,2025-2026,datafc_sofascore,2026-08-09T01:15:33.051884
35,77333,Jonas Urbig,1130647,FC Bayern München,2672,0,0,7.19,,0.05,0,0,1,0,0,0,0,1110,14,saves,GER,2025-2026,datafc_sofascore,2026-08-09T01:15:33.051884
35,77333,Maarten Vandevoordt,934385,RB Leipzig,36360,0,0,7.07,,0.04,0,0,0,1,1,0,0,1051,12,saves,GER,2025-2026,datafc_sofascore,2026-08-09T01:15:33.051884
35,77333,Robin Zentner,174345,1. FSV Mainz 05,2556,0,0,6.94,,0.1,0,0,0,1,0,2,1,877,10,saves,GER,2025-2026,datafc_sofascore,2026-08-09T01:15:33.051884
35,77333,Manuel Neuer,8959,FC Bayern München,2672,0,0,6.89,,0.04,0,0,0,0,0,0,0,1860,22,saves,GER,2025-2026,datafc_sofascore,2026-08-09T01:15:33.051884
35,77333,Frank Feller,1083359,1. FC Heidenheim,5885,0,0,7.77,,0.01,0,0,0,0,1,0,0,270,3,saves,GER,2025-2026,datafc_sofascore,2026-08-09T01:15:33.051884
35,77333,Lasse Riess,1069252,1. FSV Mainz 05,2556,0,0,6.58,,0.01,0,0,0,1,0,0,0,291,4,saves,GER,2025-2026,datafc_sofascore,2026-08-09T01:15:33.051884
35,77333,Karl Hein,991591,SV Werder Bremen,2534,0,0,7.6,,0.0,0,0,0,1,0,0,0,180,2,saves,GER,2025-2026,datafc_sofascore,2026-08-09T01:15:33.051884
35,77333,Carl Klaus,148167,1. FC Union Berlin,2547,0,0,7.23,,0.01,0,0,0,0,0,0,0,329,4,saves,GER,2025-2026,datafc_sofascore,2026-08-09T01:15:33.051884
35,77333,Sander Tangvik,1030355,Hamburger SV,2676,0,0,8.8,,0.0,0,0,0,0,0,0,0,90,1,saves,GER,2025-2026,datafc_sofascore,2026-08-09T01:15:33.051884
35,77333,Matheo Raab,842718,1. FC Union Berlin,2547,0,0,9.7,,0.0,0,0,0,0,0,0,0,90,1,saves,GER,2025-2026,datafc_sofascore,2026-08-09T01:15:33.051884
35,77333,Sven Ulreich,26768,FC Bayern München,2672,0,0,7.6,,0.0,0,0,0,0,0,1,0,90,1,saves,GER,2025-2026,datafc_sofascore,2026-08-09T01:15:33.051884
35,77333,Michael Olise,978838,FC Bayern München,2672,15,19,7.87,11.46,17.23,101,50,81,65,24,8,0,2317,32,saves,GER,2025-2026,datafc_sofascore,2026-08-09T01:15:33.051884
35,77333,Harry Kane,108579,FC Bayern München,2672,36,5,7.84,26.87,4.27,119,67,40,32,19,1,0,2382,31,saves,GER,2025-2026,datafc_sofascore,2026-08-09T01:15:33.051884
35,77333,Yan Diomande,2087085,RB Leipzig,36360,12,8,7.72,7.14,10.12,53,26,56,118,29,2,0,2476,33,saves,GER,2025-2026,datafc_sofascore,2026-08-09T01:15:33.051884
35,77333,Joshua Kimmich,259117,FC Bayern München,2672,2,8,7.71,2.65,10.24,28,10,58,11,32,4,0,2280,29,saves,GER,2025-2026,datafc_sofascore,2026-08-09T01:15:33.051884
35,77333,Nico Schlotterbeck,940871,Borussia Dortmund,2673,5,1,7.67,3.72,2.69,32,9,12,15,50,8,0,2520,28,saves,GER,2025-2026,datafc_sofascore,2026-08-09T01:15:33.051884
35,77333,Dan Zagadou,826205,VfB Stuttgart,2677,0,0,7.53,0.34,0.12,6,1,1,1,5,0,0,210,3,saves,GER,2025-2026,datafc_sofascore,2026-08-09T01:15:33.051884
35,77333,Mick Schmetgens,1568521,SV Werder Bremen,2534,0,0,7.5,,0.11,0,0,0,0,1,0,0,36,2,saves,GER,2025-2026,datafc_sofascore,2026-08-09T01:15:33.051884
35,77333,Aleix García,796047,Bayer 04 Leverkusen,2681,3,8,7.45,2.29,6.65,30,5,51,4,26,6,0,2676,33,saves,GER,2025-2026,datafc_sofascore,2026-08-09T01:15:33.051884
35,77333,Leo Scienza,1386651,1. FC Heidenheim,5885,1,0,7.45,0.13,0.36,4,1,3,3,2,0,0,180,2,saves,GER,2025-2026,datafc_sofascore,2026-08-09T01:15:33.051884
35,77333,Nadiem Amiri,327755,1. FSV Mainz 05,2556,12,2,7.43,10.4,7.69,55,23,63,25,31,6,0,2090,26,saves,GER,2025-2026,datafc_sofascore,2026-08-09T01:15:33.051884
35,77333,Ramy Bensebaini,577726,Borussia Dortmund,2673,5,2,7.38,3.11,1.94,17,7,10,4,28,6,0,1529,21,saves,GER,2025-2026,datafc_sofascore,2026-08-09T01:15:33.051884
35,77333,David Raum,856076,RB Leipzig,36360,3,7,7.33,2.2,12.39,24,8,98,16,48,6,0,2556,30,saves,GER,2025-2026,datafc_sofascore,2026-08-09T01:15:33.051884
35,77333,Alejandro Grimaldo,177177,Bayer 04 Leverkusen,2681,8,8,7.31,6.65,10.13,60,21,70,25,49,5,0,2524,29,saves,GER,2025-2026,datafc_sofascore,2026-08-09T01:15:33.051884
35,77333,Luka Vušković,1405212,Hamburger SV,2676,6,0,7.28,4.22,1.46,32,10,11,8,22,6,0,2441,28,saves,GER,2025-2026,datafc_sofascore,2026-08-09T01:15:33.051884
35,77333,Luis Díaz,883537,FC Bayern München,2672,15,14,7.26,15.1,7.74,88,37,67,61,21,5,1,2450,32,saves,GER,2025-2026,datafc_sofascore,2026-08-09T01:15:33.051884
35,77333,Angelo Stiller,901882,VfB Stuttgart,2677,2,5,7.25,3.08,7.46,17,8,56,14,49,1,0,2750,34,saves,GER,2025-2026,datafc_sofascore,2026-08-09T01:15:33.051884
35,77333,Maximilian Wöber,794962,SV Werder Bremen,2534,0,0,7.25,,0.35,0,0,1,0,1,0,0,35,2,saves,GER,2025-2026,datafc_sofascore,2026-08-09T01:15:33.051884
35,77333,Waldemar Anton,799046,Borussia Dortmund,2673,2,0,7.25,1.74,1.26,16,6,8,13,73,3,0,2880,32,saves,GER,2025-2026,datafc_sofascore,2026-08-09T01:15:33.051884
35,77333,Jonathan Tah,227672,FC Bayern München,2672,2,1,7.24,0.71,1.73,8,5,5,3,24,7,0,2024,28,saves,GER,2025-2026,datafc_sofascore,2026-08-09T01:15:33.051884
35,77333,Aarón Anselmino,1500263,Borussia Dortmund,2673,1,0,7.24,0.07,0.11,1,1,0,1,9,0,0,368,6,saves,GER,2025-2026,datafc_sofascore,2026-08-09T01:15:33.051884
35,77333,Kim Min-jae,896569,FC Bayern München,2672,1,1,7.23,0.62,1.41,5,3,5,1,22,1,0,1621,25,saves,GER,2025-2026,datafc_sofascore,2026-08-09T01:15:33.051884
35,77333,Emre Can,138156,Borussia Dortmund,2673,3,0,7.22,2.45,0.4,5,4,0,3,12,3,0,621,9,saves,GER,2025-2026,datafc_sofascore,2026-08-09T01:15:33.051884
35,77333,Johan Manzambi,1518931,SC Freiburg,2538,5,4,7.22,3.85,5.13,51,12,20,33,35,4,2,2094,27,saves,GER,2025-2026,datafc_sofascore,2026-08-09T01:15:33.051884
35,77333,Willi Orbán,136924,RB Leipzig,36360,2,0,7.22,2.38,1.05,20,9,11,6,47,4,0,2950,33,saves,GER,2025-2026,datafc_sofascore,2026-08-09T01:15:33.051884
35,77333,Loïc Badé,1006489,Bayer 04 Leverkusen,2681,0,0,7.21,1.29,0.88,12,4,2,3,33,5,0,1659,23,saves,GER,2025-2026,datafc_sofascore,2026-08-09T01:15:33.051884
35,77333,Maximilian Mittelstädt,788949,VfB Stuttgart,2677,6,4,7.2,4.4,6.02,31,16,37,14,67,4,0,2195,32,saves,GER,2025-2026,datafc_sofascore,2026-08-09T01:15:33.051884
35,77333,Edmond Tapsoba,883262,Bayer 04 Leverkusen,2681,5,3,7.2,2.5,1.42,29,10,11,8,31,7,0,2576,29,saves,GER,2025-2026,datafc_sofascore,2026-08-09T01:15:33.051884
35,77333,Can Uzun,1440948,Eintracht Frankfurt,2674,8,4,7.19,3.93,2.98,41,19,20,16,15,3,0,1172,21,saves,GER,2025-2026,datafc_sofascore,2026-08-09T01:15:33.051884
35,77333,Deniz Undav,794298,VfB Stuttgart,2677,19,6,7.19,16.4,4.03,122,46,41,9,18,5,0,2247,29,saves,GER,2025-2026,datafc_sofascore,2026-08-09T01:15:33.051884
35,77333,Aleksandar Pavlović,1142251,FC Bayern München,2672,3,1,7.18,1.6,2.34,10,5,21,4,26,2,0,1460,24,saves,GER,2025-2026,datafc_sofascore,2026-08-09T01:15:33.051884
35,77333,Brajan Gruda,1198075,RB Leipzig,36360,3,3,7.18,3.44,2.67,22,10,17,21,8,1,0,755,13,saves,GER,2025-2026,datafc_sofascore,2026-08-09T01:15:33.051884
35,77333,Fábio Vieira,904835,Hamburger SV,2676,7,5,7.18,4.65,4.07,59,19,39,32,20,2,2,2215,29,saves,GER,2025-2026,datafc_sofascore,2026-08-09T01:15:33.051884
35,77333,Chris Führich,891510,VfB Stuttgart,2677,7,7,7.17,4.26,8.05,45,23,49,28,15,2,0,1723,33,saves,GER,2025-2026,datafc_sofascore,2026-08-09T01:15:33.051884
35,77333,Dayot Upamecano,798583,FC Bayern München,2672,1,1,7.16,1.03,1.62,8,2,11,4,44,4,0,1797,24,saves,GER,2025-2026,datafc_sofascore,2026-08-09T01:15:33.051884
35,77333,Leon Goretzka,184661,FC Bayern München,2672,5,3,7.13,4.8,3.81,35,11,22,11,29,4,0,1954,31,saves,GER,2025-2026,datafc_sofascore,2026-08-09T01:15:33.051884
35,77333,Vladimír Coufal,138024,TSG Hoffenheim,2569,1,8,7.12,0.88,8.99,25,6,59,31,60,4,0,3017,34,saves,GER,2025-2026,datafc_sofascore,2026-08-09T01:15:33.051884
35,77333,Jeff Chabot,863271,VfB Stuttgart,2677,0,0,7.11,1.13,0.85,18,7,7,4,34,3,0,2296,27,saves,GER,2025-2026,datafc_sofascore,2026-08-09T01:15:33.051884
35,77333,Maximilian Arnold,147289,VfL Wolfsburg,2524,1,4,7.1,0.43,4.09,14,5,29,5,22,5,0,1860,25,saves,GER,2025-2026,datafc_sofascore,2026-08-09T01:15:33.051884
35,77333,Jakub Kamiński,801263,1. FC Köln,2671,7,3,7.1,7.06,6.41,63,26,52,24,45,4,0,3019,34,saves,GER,2025-2026,datafc_sofascore,2026-08-09T01:15:33.051884
35,77333,Ibrahim Maza,1407524,Bayer 04 Leverkusen,2681,3,4,7.1,5.34,4.45,54,17,29,48,41,2,0,1859,28,saves,GER,2025-2026,datafc_sofascore,2026-08-09T01:15:33.051884
35,77333,Serge Gnabry,187433,FC Bayern München,2672,8,6,7.09,6.26,5.08,50,17,23,16,18,1,0,1228,21,saves,GER,2025-2026,datafc_sofascore,2026-08-09T01:15:33.051884
35,77333,Wouter Burger,916946,TSG Hoffenheim,2569,4,5,7.08,3.46,5.35,36,13,51,4,72,7,1,2440,30,saves,GER,2025-2026,datafc_sofascore,2026-08-09T01:15:33.051884
35,77333,Julian Ryerson,800951,Borussia Dortmund,2673,0,15,7.08,0.93,10.04,12,1,56,24,34,8,0,2272,31,saves,GER,2025-2026,datafc_sofascore,2026-08-09T01:15:33.051884
35,77333,Antonio Nusa,1121923,RB Leipzig,36360,4,3,7.07,4.41,5.16,61,20,33,68,26,0,0,2035,31,saves,GER,2025-2026,datafc_sofascore,2026-08-09T01:15:33.051884
35,77333,Castello Lukeba,976421,RB Leipzig,36360,1,0,7.07,1.16,0.77,8,2,7,22,31,3,0,2177,26,saves,GER,2025-2026,datafc_sofascore,2026-08-09T01:15:33.051884
35,77333,Exequiel Palacios,822600,Bayer 04 Leverkusen,2681,0,1,7.06,0.6,1.93,10,2,13,4,21,3,0,1097,18,saves,GER,2025-2026,datafc_sofascore,2026-08-09T01:15:33.051884
35,77333,Nathan Tella,920379,Bayer 04 Leverkusen,2681,1,4,7.03,2.8,2.58,24,8,19,13,12,2,0,892,17,saves,GER,2025-2026,datafc_sofascore,2026-08-09T01:15:33.051884
35,77333,Andrej Kramarić,67647,TSG Hoffenheim,2569,14,6,7.03,11.89,5.02,64,33,36,19,8,2,0,2222,34,saves,GER,2025-2026,datafc_sofascore,2026-08-09T01:15:33.051884
35,77333,Jamie Leweling,990201,VfB Stuttgart,2677,7,9,7.03,4.31,5.22,49,18,41,31,22,4,0,2375,32,saves,GER,2025-2026,datafc_sofascore,2026-08-09T01:15:33.051884
35,77333,Leon Avdullahu,1493305,TSG Hoffenheim,2569,0,1,7.03,0.59,2.48,14,2,22,8,47,5,0,2838,33,saves,GER,2025-2026,datafc_sofascore,2026-08-09T01:15:33.051884
35,77333,Jean-Luc Dompé,789192,Hamburger SV,2676,3,0,7.03,2.08,4.02,25,12,33,21,5,0,0,1136,20,saves,GER,2025-2026,datafc_sofascore,2026-08-09T01:15:33.051884
35,77333,Amos Pieper,851254,SV Werder Bremen,2534,0,0,7.03,0.42,0.51,9,3,2,0,31,4,0,1504,19,saves,GER,2025-2026,datafc_sofascore,2026-08-09T01:15:33.051884
35,77333,Christopher Trimmel,48557,1. FC Union Berlin,2547,0,3,7.02,0.09,6.41,5,1,53,1,38,8,0,1875,29,saves,GER,2025-2026,datafc_sofascore,2026-08-09T01:15:33.051884
35,77333,Kaishu Sano,1028307,1. FSV Mainz 05,2556,1,2,7.02,1.36,3.4,24,6,25,28,52,1,0,3059,34,saves,GER,2025-2026,datafc_sofascore,2026-08-09T01:15:33.051884
35,77333,Nico Elvedi,282229,Borussia M'gladbach,2527,0,2,7.01,0.45,1.27,9,0,13,1,43,5,0,2967,33,saves,GER,2025-2026,datafc_sofascore,2026-08-09T01:15:33.051884
35,77333,Timothy Chandler,40239,Eintracht Frankfurt,2674,0,0,7.0,,0.12,0,0,1,0,0,0,0,10,1,saves,GER,2025-2026,datafc_sofascore,2026-08-09T01:15:33.051884
35,77333,Julian Brandt,226978,Borussia Dortmund,2673,7,4,6.99,5.7,5.3,37,18,32,18,14,0,0,1627,29,saves,GER,2025-2026,datafc_sofascore,2026-08-09T01:15:33.051884
35,77333,Matthias Ginter,142259,SC Freiburg,2538,3,4,6.98,2.3,2.92,19,7,15,3,22,3,0,2836,32,saves,GER,2025-2026,datafc_sofascore,2026-08-09T01:15:33.051884
35,77333,Albian Hajdari,1000269,TSG Hoffenheim,2569,1,2,6.98,1.73,1.62,19,4,10,2,58,10,0,2440,30,saves,GER,2025-2026,datafc_sofascore,2026-08-09T01:15:33.051884
35,77333,Josip Juranović,791642,1. FC Union Berlin,2547,1,1,6.98,0.69,1.07,4,1,12,0,7,1,0,334,11,saves,GER,2025-2026,datafc_sofascore,2026-08-09T01:15:33.051884
35,77333,Bilal El Khannouss,1126569,VfB Stuttgart,2677,4,5,6.98,3.17,5.74,42,15,45,18,28,6,0,1634,25,saves,GER,2025-2026,datafc_sofascore,2026-08-09T01:15:33.051884
35,77333,Philipp Sander,939880,Borussia M'gladbach,2527,2,0,6.98,1.56,2.79,25,8,11,5,65,4,0,2454,30,saves,GER,2025-2026,datafc_sofascore,2026-08-09T01:15:33.051884
35,77333,Jens Stage,830142,SV Werder Bremen,2534,10,2,6.98,6.08,3.21,56,21,26,13,41,5,0,2468,29,saves,GER,2025-2026,datafc_sofascore,2026-08-09T01:15:33.051884
35,77333,Albert Grønbæk,1000263,Hamburger SV,2676,1,2,6.97,0.49,0.96,8,4,8,5,15,0,0,495,7,saves,GER,2025-2026,datafc_sofascore,2026-08-09T01:15:33.051884
35,77333,Said El Mala,1800475,1. FC Köln,2671,13,4,6.97,11.22,2.34,75,31,21,44,24,4,0,1957,34,saves,GER,2025-2026,datafc_sofascore,2026-08-09T01:15:33.051884
35,77333,Albert Sambi Lokonga,901892,Hamburger SV,2676,5,0,6.96,2.05,1.6,19,11,25,8,31,3,0,1712,26,saves,GER,2025-2026,datafc_sofascore,2026-08-09T01:15:33.051884
35,77333,Timo Hübers,387220,1. FC Köln,2671,0,0,6.96,,0.1,0,0,0,1,14,0,0,669,8,saves,GER,2025-2026,datafc_sofascore,2026-08-09T01:15:33.051884
35,77333,Robin Koch,581302,Eintracht Frankfurt,2674,3,1,6.96,1.38,1.67,15,5,10,2,42,1,1,2835,32,saves,GER,2025-2026,datafc_sofascore,2026-08-09T01:15:33.051884
35,77333,Jean-Mattéo Bahoya,1146148,Eintracht Frankfurt,2674,3,4,6.96,2.04,3.33,29,9,31,41,31,2,0,1335,27,saves,GER,2025-2026,datafc_sofascore,2026-08-09T01:15:33.051884
35,77333,Rasmus Kristensen,921789,Eintracht Frankfurt,2674,2,0,6.96,0.68,1.17,15,6,8,14,46,4,1,1563,22,saves,GER,2025-2026,datafc_sofascore,2026-08-09T01:15:33.051884
35,77333,Moritz Nicolas,578166,Borussia M'gladbach,2527,0,0,7.34,,0.07,0,0,2,0,1,1,0,3060,34,saves,GER,2025-2026,datafc_sofascore,2026-08-09T01:15:33.051884
35,77333,Nikola Vasilj,325061,FC St. Pauli,2526,0,0,7.09,,0.07,0,0,0,0,1,0,0,3060,34,saves,GER,2025-2026,datafc_sofascore,2026-08-09T01:15:33.051884
35,77333,Kamil Grabara,902080,VfL Wolfsburg,2524,0,0,7.21,0.04,0.12,1,0,3,1,1,1,0,3060,34,saves,GER,2025-2026,datafc_sofascore,2026-08-09T01:15:33.051884
35,77333,Alexander Nübel,584722,VfB Stuttgart,2677,0,1,7.19,,0.1,0,0,3,0,0,0,0,3060,34,saves,GER,2025-2026,datafc_sofascore,2026-08-09T01:15:33.051884
35,77333,Daniel Fernandes,113442,Hamburger SV,2676,0,0,7.18,0.26,0.13,1,0,0,1,0,3,0,2970,33,saves,GER,2025-2026,datafc_sofascore,2026-08-09T01:15:33.051884
35,77333,Finn Dahmen,822564,FC Augsburg,2600,0,0,7.01,0.32,0.2,1,0,4,0,3,1,0,3060,34,saves,GER,2025-2026,datafc_sofascore,2026-08-09T01:15:33.051884
35,77333,Mio Backhaus,1083390,SV Werder Bremen,2534,0,0,7.12,,0.05,0,0,0,0,0,1,0,2880,32,saves,GER,2025-2026,datafc_sofascore,2026-08-09T01:15:33.051884
35,77333,Noah Atubolu,980626,SC Freiburg,2538,0,0,7.07,,0.48,0,0,3,0,0,1,0,3060,34,saves,GER,2025-2026,datafc_sofascore,2026-08-09T01:15:33.051884
35,77333,Diant Ramaj,981562,1. FC Heidenheim,5885,0,1,6.94,,0.19,0,0,1,0,1,2,0,2790,31,saves,GER,2025-2026,datafc_sofascore,2026-08-09T01:15:33.051884
35,77333,Oliver Baumann,40244,TSG Hoffenheim,2569,0,0,6.79,,0.39,0,0,1,2,0,3,0,3060,34,saves,GER,2025-2026,datafc_sofascore,2026-08-09T01:15:33.051884
35,77333,Marvin Schwäbe,187185,1. FC Köln,2671,0,0,7.12,,0.21,0,0,1,0,1,2,0,3060,34,saves,GER,2025-2026,datafc_sofascore,2026-08-09T01:15:33.051884
35,77333,Gregor Kobel,556866,Borussia Dortmund,2673,0,0,7.14,,0.1,0,0,0,0,0,3,0,3060,34,saves,GER,2025-2026,datafc_sofascore,2026-08-09T01:15:33.051884
35,77333,Mark Flekken,171919,Bayer 04 Leverkusen,2681,0,0,6.89,,0.05,0,0,1,1,0,1,0,2130,24,saves,GER,2025-2026,datafc_sofascore,2026-08-09T01:15:33.051884
35,77333,Frederik Rønnow,137692,1. FC Union Berlin,2547,0,0,6.74,,0.24,0,0,2,0,1,2,0,2641,30,saves,GER,2025-2026,datafc_sofascore,2026-08-09T01:15:33.051884
35,77333,Daniel Batz,94312,1. FSV Mainz 05,2556,0,0,7.42,,0.09,0,0,1,0,0,2,0,1890,21,saves,GER,2025-2026,datafc_sofascore,2026-08-09T01:15:33.051884
35,77333,Michael Zetterer,190161,Eintracht Frankfurt,2674,0,0,6.96,,0.11,0,0,0,0,0,1,0,1975,22,saves,GER,2025-2026,datafc_sofascore,2026-08-09T01:15:33.051884
35,77333,Péter Gulácsi,37096,RB Leipzig,36360,0,0,6.88,,0.03,0,0,0,0,0,1,0,2009,23,saves,GER,2025-2026,datafc_sofascore,2026-08-09T01:15:33.051884
35,77333,Janis Blaswich,96832,Bayer 04 Leverkusen,2681,0,0,7.25,,0.01,0,0,2,0,0,1,0,930,11,saves,GER,2025-2026,datafc_sofascore,2026-08-09T01:15:33.051884
35,77333,Kauã Santos,1134203,Eintracht Frankfurt,2674,0,0,6.62,,0.02,0,0,0,1,1,0,0,1085,13,saves,GER,2025-2026,datafc_sofascore,2026-08-09T01:15:33.051884
35,77333,Jonas Urbig,1130647,FC Bayern München,2672,0,0,7.19,,0.05,0,0,1,0,0,0,0,1110,14,saves,GER,2025-2026,datafc_sofascore,2026-08-09T01:15:33.051884
35,77333,Maarten Vandevoordt,934385,RB Leipzig,36360,0,0,7.07,,0.04,0,0,0,1,1,0,0,1051,12,saves,GER,2025-2026,datafc_sofascore,2026-08-09T01:15:33.051884
35,77333,Robin Zentner,174345,1. FSV Mainz 05,2556,0,0,6.94,,0.1,0,0,0,1,0,2,1,877,10,saves,GER,2025-2026,datafc_sofascore,2026-08-09T01:15:33.051884
35,77333,Manuel Neuer,8959,FC Bayern München,2672,0,0,6.89,,0.04,0,0,0,0,0,0,0,1860,22,saves,GER,2025-2026,datafc_sofascore,2026-08-09T01:15:33.051884
35,77333,Frank Feller,1083359,1. FC Heidenheim,5885,0,0,7.77,,0.01,0,0,0,0,1,0,0,270,3,saves,GER,2025-2026,datafc_sofascore,2026-08-09T01:15:33.051884
35,77333,Lasse Riess,1069252,1. FSV Mainz 05,2556,0,0,6.58,,0.01,0,0,0,1,0,0,0,291,4,saves,GER,2025-2026,datafc_sofascore,2026-08-09T01:15:33.051884
35,77333,Karl Hein,991591,SV Werder Bremen,2534,0,0,7.6,,0.0,0,0,0,1,0,0,0,180,2,saves,GER,2025-2026,datafc_sofascore,2026-08-09T01:15:33.051884
35,77333,Carl Klaus,148167,1. FC Union Berlin,2547,0,0,7.23,,0.01,0,0,0,0,0,0,0,329,4,saves,GER,2025-2026,datafc_sofascore,2026-08-09T01:15:33.051884
35,77333,Sander Tangvik,1030355,Hamburger SV,2676,0,0,8.8,,0.0,0,0,0,0,0,0,0,90,1,saves,GER,2025-2026,datafc_sofascore,2026-08-09T01:15:33.051884
35,77333,Matheo Raab,842718,1. FC Union Berlin,2547,0,0,9.7,,0.0,0,0,0,0,0,0,0,90,1,saves,GER,2025-2026,datafc_sofascore,2026-08-09T01:15:33.051884
35,77333,Sven Ulreich,26768,FC Bayern München,2672,0,0,7.6,,0.0,0,0,0,0,0,1,0,90,1,saves,GER,2025-2026,datafc_sofascore,2026-08-09T01:15:33.051884
35,77333,Michael Olise,978838,FC Bayern München,2672,15,19,7.87,11.46,17.23,101,50,81,65,24,8,0,2317,32,saves,GER,2025-2026,datafc_sofascore,2026-08-09T01:15:33.051884
35,77333,Harry Kane,108579,FC Bayern München,2672,36,5,7.84,26.87,4.27,119,67,40,32,19,1,0,2382,31,saves,GER,2025-2026,datafc_sofascore,2026-08-09T01:15:33.051884
35,77333,Yan Diomande,2087085,RB Leipzig,36360,12,8,7.72,7.14,10.12,53,26,56,118,29,2,0,2476,33,saves,GER,2025-2026,datafc_sofascore,2026-08-09T01:15:33.051884
35,77333,Joshua Kimmich,259117,FC Bayern München,2672,2,8,7.71,2.65,10.24,28,10,58,11,32,4,0,2280,29,saves,GER,2025-2026,datafc_sofascore,2026-08-09T01:15:33.051884
35,77333,Nico Schlotterbeck,940871,Borussia Dortmund,2673,5,1,7.67,3.72,2.69,32,9,12,15,50,8,0,2520,28,saves,GER,2025-2026,datafc_sofascore,2026-08-09T01:15:33.051884
35,77333,Dan Zagadou,826205,VfB Stuttgart,2677,0,0,7.53,0.34,0.12,6,1,1,1,5,0,0,210,3,saves,GER,2025-2026,datafc_sofascore,2026-08-09T01:15:33.051884
35,77333,Mick Schmetgens,1568521,SV Werder Bremen,2534,0,0,7.5,,0.11,0,0,0,0,1,0,0,36,2,saves,GER,2025-2026,datafc_sofascore,2026-08-09T01:15:33.051884
35,77333,Aleix García,796047,Bayer 04 Leverkusen,2681,3,8,7.45,2.29,6.65,30,5,51,4,26,6,0,2676,33,saves,GER,2025-2026,datafc_sofascore,2026-08-09T01:15:33.051884
35,77333,Leo Scienza,1386651,1. FC Heidenheim,5885,1,0,7.45,0.13,0.36,4,1,3,3,2,0,0,180,2,saves,GER,2025-2026,datafc_sofascore,2026-08-09T01:15:33.051884
35,77333,Nadiem Amiri,327755,1. FSV Mainz 05,2556,12,2,7.43,10.4,7.69,55,23,63,25,31,6,0,2090,26,saves,GER,2025-2026,datafc_sofascore,2026-08-09T01:15:33.051884
35,77333,Ramy Bensebaini,577726,Borussia Dortmund,2673,5,2,7.38,3.11,1.94,17,7,10,4,28,6,0,1529,21,saves,GER,2025-2026,datafc_sofascore,2026-08-09T01:15:33.051884
35,77333,David Raum,856076,RB Leipzig,36360,3,7,7.33,2.2,12.39,24,8,98,16,48,6,0,2556,30,saves,GER,2025-2026,datafc_sofascore,2026-08-09T01:15:33.051884
35,77333,Alejandro Grimaldo,177177,Bayer 04 Leverkusen,2681,8,8,7.31,6.65,10.13,60,21,70,25,49,5,0,2524,29,saves,GER,2025-2026,datafc_sofascore,2026-08-09T01:15:33.051884
35,77333,Luka Vušković,1405212,Hamburger SV,2676,6,0,7.28,4.22,1.46,32,10,11,8,22,6,0,2441,28,saves,GER,2025-2026,datafc_sofascore,2026-08-09T01:15:33.051884
35,77333,Luis Díaz,883537,FC Bayern München,2672,15,14,7.26,15.1,7.74,88,37,67,61,21,5,1,2450,32,saves,GER,2025-2026,datafc_sofascore,2026-08-09T01:15:33.051884
35,77333,Angelo Stiller,901882,VfB Stuttgart,2677,2,5,7.25,3.08,7.46,17,8,56,14,49,1,0,2750,34,saves,GER,2025-2026,datafc_sofascore,2026-08-09T01:15:33.051884
35,77333,Maximilian Wöber,794962,SV Werder Bremen,2534,0,0,7.25,,0.35,0,0,1,0,1,0,0,35,2,saves,GER,2025-2026,datafc_sofascore,2026-08-09T01:15:33.051884
35,77333,Waldemar Anton,799046,Borussia Dortmund,2673,2,0,7.25,1.74,1.26,16,6,8,13,73,3,0,2880,32,saves,GER,2025-2026,datafc_sofascore,2026-08-09T01:15:33.051884
35,77333,Jonathan Tah,227672,FC Bayern München,2672,2,1,7.24,0.71,1.73,8,5,5,3,24,7,0,2024,28,saves,GER,2025-2026,datafc_sofascore,2026-08-09T01:15:33.051884
35,77333,Aarón Anselmino,1500263,Borussia Dortmund,2673,1,0,7.24,0.07,0.11,1,1,0,1,9,0,0,368,6,saves,GER,2025-2026,datafc_sofascore,2026-08-09T01:15:33.051884
35,77333,Kim Min-jae,896569,FC Bayern München,2672,1,1,7.23,0.62,1.41,5,3,5,1,22,1,0,1621,25,saves,GER,2025-2026,datafc_sofascore,2026-08-09T01:15:33.051884
35,77333,Emre Can,138156,Borussia Dortmund,2673,3,0,7.22,2.45,0.4,5,4,0,3,12,3,0,621,9,saves,GER,2025-2026,datafc_sofascore,2026-08-09T01:15:33.051884
35,77333,Johan Manzambi,1518931,SC Freiburg,2538,5,4,7.22,3.85,5.13,51,12,20,33,35,4,2,2094,27,saves,GER,2025-2026,datafc_sofascore,2026-08-09T01:15:33.051884
35,77333,Willi Orbán,136924,RB Leipzig,36360,2,0,7.22,2.38,1.05,20,9,11,6,47,4,0,2950,33,saves,GER,2025-2026,datafc_sofascore,2026-08-09T01:15:33.051884
35,77333,Loïc Badé,1006489,Bayer 04 Leverkusen,2681,0,0,7.21,1.29,0.88,12,4,2,3,33,5,0,1659,23,saves,GER,2025-2026,datafc_sofascore,2026-08-09T01:15:33.051884
35,77333,Maximilian Mittelstädt,788949,VfB Stuttgart,2677,6,4,7.2,4.4,6.02,31,16,37,14,67,4,0,2195,32,saves,GER,2025-2026,datafc_sofascore,2026-08-09T01:15:33.051884
35,77333,Edmond Tapsoba,883262,Bayer 04 Leverkusen,2681,5,3,7.2,2.5,1.42,29,10,11,8,31,7,0,2576,29,saves,GER,2025-2026,datafc_sofascore,2026-08-09T01:15:33.051884
35,77333,Can Uzun,1440948,Eintracht Frankfurt,2674,8,4,7.19,3.93,2.98,41,19,20,16,15,3,0,1172,21,saves,GER,2025-2026,datafc_sofascore,2026-08-09T01:15:33.051884
35,77333,Deniz Undav,794298,VfB Stuttgart,2677,19,6,7.19,16.4,4.03,122,46,41,9,18,5,0,2247,29,saves,GER,2025-2026,datafc_sofascore,2026-08-09T01:15:33.051884
35,77333,Aleksandar Pavlović,1142251,FC Bayern München,2672,3,1,7.18,1.6,2.34,10,5,21,4,26,2,0,1460,24,saves,GER,2025-2026,datafc_sofascore,2026-08-09T01:15:33.051884
35,77333,Brajan Gruda,1198075,RB Leipzig,36360,3,3,7.18,3.44,2.67,22,10,17,21,8,1,0,755,13,saves,GER,2025-2026,datafc_sofascore,2026-08-09T01:15:33.051884
35,77333,Fábio Vieira,904835,Hamburger SV,2676,7,5,7.18,4.65,4.07,59,19,39,32,20,2,2,2215,29,saves,GER,2025-2026,datafc_sofascore,2026-08-09T01:15:33.051884
35,77333,Chris Führich,891510,VfB Stuttgart,2677,7,7,7.17,4.26,8.05,45,23,49,28,15,2,0,1723,33,saves,GER,2025-2026,datafc_sofascore,2026-08-09T01:15:33.051884
35,77333,Dayot Upamecano,798583,FC Bayern München,2672,1,1,7.16,1.03,1.62,8,2,11,4,44,4,0,1797,24,saves,GER,2025-2026,datafc_sofascore,2026-08-09T01:15:33.051884
35,77333,Leon Goretzka,184661,FC Bayern München,2672,5,3,7.13,4.8,3.81,35,11,22,11,29,4,0,1954,31,saves,GER,2025-2026,datafc_sofascore,2026-08-09T01:15:33.051884
35,77333,Vladimír Coufal,138024,TSG Hoffenheim,2569,1,8,7.12,0.88,8.99,25,6,59,31,60,4,0,3017,34,saves,GER,2025-2026,datafc_sofascore,2026-08-09T01:15:33.051884
35,77333,Jeff Chabot,863271,VfB Stuttgart,2677,0,0,7.11,1.13,0.85,18,7,7,4,34,3,0,2296,27,saves,GER,2025-2026,datafc_sofascore,2026-08-09T01:15:33.051884
35,77333,Maximilian Arnold,147289,VfL Wolfsburg,2524,1,4,7.1,0.43,4.09,14,5,29,5,22,5,0,1860,25,saves,GER,2025-2026,datafc_sofascore,2026-08-09T01:15:33.051884
35,77333,Jakub Kamiński,801263,1. FC Köln,2671,7,3,7.1,7.06,6.41,63,26,52,24,45,4,0,3019,34,saves,GER,2025-2026,datafc_sofascore,2026-08-09T01:15:33.051884
35,77333,Ibrahim Maza,1407524,Bayer 04 Leverkusen,2681,3,4,7.1,5.34,4.45,54,17,29,48,41,2,0,1859,28,saves,GER,2025-2026,datafc_sofascore,2026-08-09T01:15:33.051884
35,77333,Serge Gnabry,187433,FC Bayern München,2672,8,6,7.09,6.26,5.08,50,17,23,16,18,1,0,1228,21,saves,GER,2025-2026,datafc_sofascore,2026-08-09T01:15:33.051884
35,77333,Wouter Burger,916946,TSG Hoffenheim,2569,4,5,7.08,3.46,5.35,36,13,51,4,72,7,1,2440,30,saves,GER,2025-2026,datafc_sofascore,2026-08-09T01:15:33.051884
35,77333,Julian Ryerson,800951,Borussia Dortmund,2673,0,15,7.08,0.93,10.04,12,1,56,24,34,8,0,2272,31,saves,GER,2025-2026,datafc_sofascore,2026-08-09T01:15:33.051884
35,77333,Antonio Nusa,1121923,RB Leipzig,36360,4,3,7.07,4.41,5.16,61,20,33,68,26,0,0,2035,31,saves,GER,2025-2026,datafc_sofascore,2026-08-09T01:15:33.051884
35,77333,Castello Lukeba,976421,RB Leipzig,36360,1,0,7.07,1.16,0.77,8,2,7,22,31,3,0,2177,26,saves,GER,2025-2026,datafc_sofascore,2026-08-09T01:15:33.051884
35,77333,Exequiel Palacios,822600,Bayer 04 Leverkusen,2681,0,1,7.06,0.6,1.93,10,2,13,4,21,3,0,1097,18,saves,GER,2025-2026,datafc_sofascore,2026-08-09T01:15:33.051884
35,77333,Nathan Tella,920379,Bayer 04 Leverkusen,2681,1,4,7.03,2.8,2.58,24,8,19,13,12,2,0,892,17,saves,GER,2025-2026,datafc_sofascore,2026-08-09T01:15:33.051884
35,77333,Andrej Kramarić,67647,TSG Hoffenheim,2569,14,6,7.03,11.89,5.02,64,33,36,19,8,2,0,2222,34,saves,GER,2025-2026,datafc_sofascore,2026-08-09T01:15:33.051884
35,77333,Jamie Leweling,990201,VfB Stuttgart,2677,7,9,7.03,4.31,5.22,49,18,41,31,22,4,0,2375,32,saves,GER,2025-2026,datafc_sofascore,2026-08-09T01:15:33.051884
35,77333,Leon Avdullahu,1493305,TSG Hoffenheim,2569,0,1,7.03,0.59,2.48,14,2,22,8,47,5,0,2838,33,saves,GER,2025-2026,datafc_sofascore,2026-08-09T01:15:33.051884
35,77333,Jean-Luc Dompé,789192,Hamburger SV,2676,3,0,7.03,2.08,4.02,25,12,33,21,5,0,0,1136,20,saves,GER,2025-2026,datafc_sofascore,2026-08-09T01:15:33.051884
35,77333,Amos Pieper,851254,SV Werder Bremen,2534,0,0,7.03,0.42,0.51,9,3,2,0,31,4,0,1504,19,saves,GER,2025-2026,datafc_sofascore,2026-08-09T01:15:33.051884
35,77333,Christopher Trimmel,48557,1. FC Union Berlin,2547,0,3,7.02,0.09,6.41,5,1,53,1,38,8,0,1875,29,saves,GER,2025-2026,datafc_sofascore,2026-08-09T01:15:33.051884
35,77333,Kaishu Sano,1028307,1. FSV Mainz 05,2556,1,2,7.02,1.36,3.4,24,6,25,28,52,1,0,3059,34,saves,GER,2025-2026,datafc_sofascore,2026-08-09T01:15:33.051884
35,77333,Nico Elvedi,282229,Borussia M'gladbach,2527,0,2,7.01,0.45,1.27,9,0,13,1,43,5,0,2967,33,saves,GER,2025-2026,datafc_sofascore,2026-08-09T01:15:33.051884
35,77333,Timothy Chandler,40239,Eintracht Frankfurt,2674,0,0,7.0,,0.12,0,0,1,0,0,0,0,10,1,saves,GER,2025-2026,datafc_sofascore,2026-08-09T01:15:33.051884
35,77333,Julian Brandt,226978,Borussia Dortmund,2673,7,4,6.99,5.7,5.3,37,18,32,18,14,0,0,1627,29,saves,GER,2025-2026,datafc_sofascore,2026-08-09T01:15:33.051884
35,77333,Matthias Ginter,142259,SC Freiburg,2538,3,4,6.98,2.3,2.92,19,7,15,3,22,3,0,2836,32,saves,GER,2025-2026,datafc_sofascore,2026-08-09T01:15:33.051884
35,77333,Albian Hajdari,1000269,TSG Hoffenheim,2569,1,2,6.98,1.73,1.62,19,4,10,2,58,10,0,2440,30,saves,GER,2025-2026,datafc_sofascore,2026-08-09T01:15:33.051884
35,77333,Josip Juranović,791642,1. FC Union Berlin,2547,1,1,6.98,0.69,1.07,4,1,12,0,7,1,0,334,11,saves,GER,2025-2026,datafc_sofascore,2026-08-09T01:15:33.051884
35,77333,Bilal El Khannouss,1126569,VfB Stuttgart,2677,4,5,6.98,3.17,5.74,42,15,45,18,28,6,0,1634,25,saves,GER,2025-2026,datafc_sofascore,2026-08-09T01:15:33.051884
35,77333,Philipp Sander,939880,Borussia M'gladbach,2527,2,0,6.98,1.56,2.79,25,8,11,5,65,4,0,2454,30,saves,GER,2025-2026,datafc_sofascore,2026-08-09T01:15:33.051884
35,77333,Jens Stage,830142,SV Werder Bremen,2534,10,2,6.98,6.08,3.21,56,21,26,13,41,5,0,2468,29,saves,GER,2025-2026,datafc_sofascore,2026-08-09T01:15:33.051884
35,77333,Albert Grønbæk,1000263,Hamburger SV,2676,1,2,6.97,0.49,0.96,8,4,8,5,15,0,0,495,7,saves,GER,2025-2026,datafc_sofascore,2026-08-09T01:15:33.051884
35,77333,Said El Mala,1800475,1. FC Köln,2671,13,4,6.97,11.22,2.34,75,31,21,44,24,4,0,1957,34,saves,GER,2025-2026,datafc_sofascore,2026-08-09T01:15:33.051884
35,77333,Albert Sambi Lokonga,901892,Hamburger SV,2676,5,0,6.96,2.05,1.6,19,11,25,8,31,3,0,1712,26,saves,GER,2025-2026,datafc_sofascore,2026-08-09T01:15:33.051884
35,77333,Timo Hübers,387220,1. FC Köln,2671,0,0,6.96,,0.1,0,0,0,1,14,0,0,669,8,saves,GER,2025-2026,datafc_sofascore,2026-08-09T01:15:33.051884
35,77333,Robin Koch,581302,Eintracht Frankfurt,2674,3,1,6.96,1.38,1.67,15,5,10,2,42,1,1,2835,32,saves,GER,2025-2026,datafc_sofascore,2026-08-09T01:15:33.051884
35,77333,Jean-Mattéo Bahoya,1146148,Eintracht Frankfurt,2674,3,4,6.96,2.04,3.33,29,9,31,41,31,2,0,1335,27,saves,GER,2025-2026,datafc_sofascore,2026-08-09T01:15:33.051884
35,77333,Rasmus Kristensen,921789,Eintracht Frankfurt,2674,2,0,6.96,0.68,1.17,15,6,8,14,46,4,1,1563,22,saves,GER,2025-2026,datafc_sofascore,2026-08-09T01:15:33.051884
35,77333,Alexander Nübel,584722,VfB Stuttgart,2677,0,1,7.19,,0.1,0,0,3,0,0,0,0,3060,34,goalsPrevented,GER,2025-2026,datafc_sofascore,2026-08-09T01:15:33.051884
35,77333,Moritz Nicolas,578166,Borussia M'gladbach,2527,0,0,7.34,,0.07,0,0,2,0,1,1,0,3060,34,goalsPrevented,GER,2025-2026,datafc_sofascore,2026-08-09T01:15:33.051884
35,77333,Nikola Vasilj,325061,FC St. Pauli,2526,0,0,7.09,,0.07,0,0,0,0,1,0,0,3060,34,goalsPrevented,GER,2025-2026,datafc_sofascore,2026-08-09T01:15:33.051884
35,77333,Daniel Batz,94312,1. FSV Mainz 05,2556,0,0,7.42,,0.09,0,0,1,0,0,2,0,1890,21,goalsPrevented,GER,2025-2026,datafc_sofascore,2026-08-09T01:15:33.051884
35,77333,Gregor Kobel,556866,Borussia Dortmund,2673,0,0,7.14,,0.1,0,0,0,0,0,3,0,3060,34,goalsPrevented,GER,2025-2026,datafc_sofascore,2026-08-09T01:15:33.051884
35,77333,Jonas Urbig,1130647,FC Bayern München,2672,0,0,7.19,,0.05,0,0,1,0,0,0,0,1110,14,goalsPrevented,GER,2025-2026,datafc_sofascore,2026-08-09T01:15:33.051884
35,77333,Janis Blaswich,96832,Bayer 04 Leverkusen,2681,0,0,7.25,,0.01,0,0,2,0,0,1,0,930,11,goalsPrevented,GER,2025-2026,datafc_sofascore,2026-08-09T01:15:33.051884
35,77333,Carl Klaus,148167,1. FC Union Berlin,2547,0,0,7.23,,0.01,0,0,0,0,0,0,0,329,4,goalsPrevented,GER,2025-2026,datafc_sofascore,2026-08-09T01:15:33.051884
35,77333,Daniel Fernandes,113442,Hamburger SV,2676,0,0,7.18,0.26,0.13,1,0,0,1,0,3,0,2970,33,goalsPrevented,GER,2025-2026,datafc_sofascore,2026-08-09T01:15:33.051884
35,77333,Matheo Raab,842718,1. FC Union Berlin,2547,0,0,9.7,,0.0,0,0,0,0,0,0,0,90,1,goalsPrevented,GER,2025-2026,datafc_sofascore,2026-08-09T01:15:33.051884
35,77333,Mio Backhaus,1083390,SV Werder Bremen,2534,0,0,7.12,,0.05,0,0,0,0,0,1,0,2880,32,goalsPrevented,GER,2025-2026,datafc_sofascore,2026-08-09T01:15:33.051884
35,77333,Sander Tangvik,1030355,Hamburger SV,2676,0,0,8.8,,0.0,0,0,0,0,0,0,0,90,1,goalsPrevented,GER,2025-2026,datafc_sofascore,2026-08-09T01:15:33.051884
35,77333,Maarten Vandevoordt,934385,RB Leipzig,36360,0,0,7.07,,0.04,0,0,0,1,1,0,0,1051,12,goalsPrevented,GER,2025-2026,datafc_sofascore,2026-08-09T01:15:33.051884
35,77333,Sven Ulreich,26768,FC Bayern München,2672,0,0,7.6,,0.0,0,0,0,0,0,1,0,90,1,goalsPrevented,GER,2025-2026,datafc_sofascore,2026-08-09T01:15:33.051884
35,77333,Karl Hein,991591,SV Werder Bremen,2534,0,0,7.6,,0.0,0,0,0,1,0,0,0,180,2,goalsPrevented,GER,2025-2026,datafc_sofascore,2026-08-09T01:15:33.051884
35,77333,Frank Feller,1083359,1. FC Heidenheim,5885,0,0,7.77,,0.01,0,0,0,0,1,0,0,270,3,goalsPrevented,GER,2025-2026,datafc_sofascore,2026-08-09T01:15:33.051884
35,77333,Michael Olise,978838,FC Bayern München,2672,15,19,7.87,11.46,17.23,101,50,81,65,24,8,0,2317,32,goalsPrevented,GER,2025-2026,datafc_sofascore,2026-08-09T01:15:33.051884
35,77333,Harry Kane,108579,FC Bayern München,2672,36,5,7.84,26.87,4.27,119,67,40,32,19,1,0,2382,31,goalsPrevented,GER,2025-2026,datafc_sofascore,2026-08-09T01:15:33.051884
35,77333,Yan Diomande,2087085,RB Leipzig,36360,12,8,7.72,7.14,10.12,53,26,56,118,29,2,0,2476,33,goalsPrevented,GER,2025-2026,datafc_sofascore,2026-08-09T01:15:33.051884
35,77333,Joshua Kimmich,259117,FC Bayern München,2672,2,8,7.71,2.65,10.24,28,10,58,11,32,4,0,2280,29,goalsPrevented,GER,2025-2026,datafc_sofascore,2026-08-09T01:15:33.051884
35,77333,Nico Schlotterbeck,940871,Borussia Dortmund,2673,5,1,7.67,3.72,2.69,32,9,12,15,50,8,0,2520,28,goalsPrevented,GER,2025-2026,datafc_sofascore,2026-08-09T01:15:33.051884
35,77333,Dan Zagadou,826205,VfB Stuttgart,2677,0,0,7.53,0.34,0.12,6,1,1,1,5,0,0,210,3,goalsPrevented,GER,2025-2026,datafc_sofascore,2026-08-09T01:15:33.051884
35,77333,Mick Schmetgens,1568521,SV Werder Bremen,2534,0,0,7.5,,0.11,0,0,0,0,1,0,0,36,2,goalsPrevented,GER,2025-2026,datafc_sofascore,2026-08-09T01:15:33.051884
35,77333,Aleix García,796047,Bayer 04 Leverkusen,2681,3,8,7.45,2.29,6.65,30,5,51,4,26,6,0,2676,33,goalsPrevented,GER,2025-2026,datafc_sofascore,2026-08-09T01:15:33.051884
35,77333,Leo Scienza,1386651,1. FC Heidenheim,5885,1,0,7.45,0.13,0.36,4,1,3,3,2,0,0,180,2,goalsPrevented,GER,2025-2026,datafc_sofascore,2026-08-09T01:15:33.051884
35,77333,Nadiem Amiri,327755,1. FSV Mainz 05,2556,12,2,7.43,10.4,7.69,55,23,63,25,31,6,0,2090,26,goalsPrevented,GER,2025-2026,datafc_sofascore,2026-08-09T01:15:33.051884
35,77333,Ramy Bensebaini,577726,Borussia Dortmund,2673,5,2,7.38,3.11,1.94,17,7,10,4,28,6,0,1529,21,goalsPrevented,GER,2025-2026,datafc_sofascore,2026-08-09T01:15:33.051884
35,77333,David Raum,856076,RB Leipzig,36360,3,7,7.33,2.2,12.39,24,8,98,16,48,6,0,2556,30,goalsPrevented,GER,2025-2026,datafc_sofascore,2026-08-09T01:15:33.051884
35,77333,Alejandro Grimaldo,177177,Bayer 04 Leverkusen,2681,8,8,7.31,6.65,10.13,60,21,70,25,49,5,0,2524,29,goalsPrevented,GER,2025-2026,datafc_sofascore,2026-08-09T01:15:33.051884
35,77333,Luka Vušković,1405212,Hamburger SV,2676,6,0,7.28,4.22,1.46,32,10,11,8,22,6,0,2441,28,goalsPrevented,GER,2025-2026,datafc_sofascore,2026-08-09T01:15:33.051884
35,77333,Luis Díaz,883537,FC Bayern München,2672,15,14,7.26,15.1,7.74,88,37,67,61,21,5,1,2450,32,goalsPrevented,GER,2025-2026,datafc_sofascore,2026-08-09T01:15:33.051884
35,77333,Angelo Stiller,901882,VfB Stuttgart,2677,2,5,7.25,3.08,7.46,17,8,56,14,49,1,0,2750,34,goalsPrevented,GER,2025-2026,datafc_sofascore,2026-08-09T01:15:33.051884
35,77333,Maximilian Wöber,794962,SV Werder Bremen,2534,0,0,7.25,,0.35,0,0,1,0,1,0,0,35,2,goalsPrevented,GER,2025-2026,datafc_sofascore,2026-08-09T01:15:33.051884
35,77333,Waldemar Anton,799046,Borussia Dortmund,2673,2,0,7.25,1.74,1.26,16,6,8,13,73,3,0,2880,32,goalsPrevented,GER,2025-2026,datafc_sofascore,2026-08-09T01:15:33.051884
35,77333,Jonathan Tah,227672,FC Bayern München,2672,2,1,7.24,0.71,1.73,8,5,5,3,24,7,0,2024,28,goalsPrevented,GER,2025-2026,datafc_sofascore,2026-08-09T01:15:33.051884
35,77333,Aarón Anselmino,1500263,Borussia Dortmund,2673,1,0,7.24,0.07,0.11,1,1,0,1,9,0,0,368,6,goalsPrevented,GER,2025-2026,datafc_sofascore,2026-08-09T01:15:33.051884
35,77333,Kim Min-jae,896569,FC Bayern München,2672,1,1,7.23,0.62,1.41,5,3,5,1,22,1,0,1621,25,goalsPrevented,GER,2025-2026,datafc_sofascore,2026-08-09T01:15:33.051884
35,77333,Emre Can,138156,Borussia Dortmund,2673,3,0,7.22,2.45,0.4,5,4,0,3,12,3,0,621,9,goalsPrevented,GER,2025-2026,datafc_sofascore,2026-08-09T01:15:33.051884
35,77333,Johan Manzambi,1518931,SC Freiburg,2538,5,4,7.22,3.85,5.13,51,12,20,33,35,4,2,2094,27,goalsPrevented,GER,2025-2026,datafc_sofascore,2026-08-09T01:15:33.051884
35,77333,Willi Orbán,136924,RB Leipzig,36360,2,0,7.22,2.38,1.05,20,9,11,6,47,4,0,2950,33,goalsPrevented,GER,2025-2026,datafc_sofascore,2026-08-09T01:15:33.051884
35,77333,Loïc Badé,1006489,Bayer 04 Leverkusen,2681,0,0,7.21,1.29,0.88,12,4,2,3,33,5,0,1659,23,goalsPrevented,GER,2025-2026,datafc_sofascore,2026-08-09T01:15:33.051884
35,77333,Maximilian Mittelstädt,788949,VfB Stuttgart,2677,6,4,7.2,4.4,6.02,31,16,37,14,67,4,0,2195,32,goalsPrevented,GER,2025-2026,datafc_sofascore,2026-08-09T01:15:33.051884
35,77333,Edmond Tapsoba,883262,Bayer 04 Leverkusen,2681,5,3,7.2,2.5,1.42,29,10,11,8,31,7,0,2576,29,goalsPrevented,GER,2025-2026,datafc_sofascore,2026-08-09T01:15:33.051884
35,77333,Can Uzun,1440948,Eintracht Frankfurt,2674,8,4,7.19,3.93,2.98,41,19,20,16,15,3,0,1172,21,goalsPrevented,GER,2025-2026,datafc_sofascore,2026-08-09T01:15:33.051884
35,77333,Deniz Undav,794298,VfB Stuttgart,2677,19,6,7.19,16.4,4.03,122,46,41,9,18,5,0,2247,29,goalsPrevented,GER,2025-2026,datafc_sofascore,2026-08-09T01:15:33.051884
35,77333,Aleksandar Pavlović,1142251,FC Bayern München,2672,3,1,7.18,1.6,2.34,10,5,21,4,26,2,0,1460,24,goalsPrevented,GER,2025-2026,datafc_sofascore,2026-08-09T01:15:33.051884
35,77333,Brajan Gruda,1198075,RB Leipzig,36360,3,3,7.18,3.44,2.67,22,10,17,21,8,1,0,755,13,goalsPrevented,GER,2025-2026,datafc_sofascore,2026-08-09T01:15:33.051884
35,77333,Fábio Vieira,904835,Hamburger SV,2676,7,5,7.18,4.65,4.07,59,19,39,32,20,2,2,2215,29,goalsPrevented,GER,2025-2026,datafc_sofascore,2026-08-09T01:15:33.051884
35,77333,Chris Führich,891510,VfB Stuttgart,2677,7,7,7.17,4.26,8.05,45,23,49,28,15,2,0,1723,33,goalsPrevented,GER,2025-2026,datafc_sofascore,2026-08-09T01:15:33.051884
35,77333,Dayot Upamecano,798583,FC Bayern München,2672,1,1,7.16,1.03,1.62,8,2,11,4,44,4,0,1797,24,goalsPrevented,GER,2025-2026,datafc_sofascore,2026-08-09T01:15:33.051884
35,77333,Leon Goretzka,184661,FC Bayern München,2672,5,3,7.13,4.8,3.81,35,11,22,11,29,4,0,1954,31,goalsPrevented,GER,2025-2026,datafc_sofascore,2026-08-09T01:15:33.051884
35,77333,Vladimír Coufal,138024,TSG Hoffenheim,2569,1,8,7.12,0.88,8.99,25,6,59,31,60,4,0,3017,34,goalsPrevented,GER,2025-2026,datafc_sofascore,2026-08-09T01:15:33.051884
35,77333,Jeff Chabot,863271,VfB Stuttgart,2677,0,0,7.11,1.13,0.85,18,7,7,4,34,3,0,2296,27,goalsPrevented,GER,2025-2026,datafc_sofascore,2026-08-09T01:15:33.051884
35,77333,Maximilian Arnold,147289,VfL Wolfsburg,2524,1,4,7.1,0.43,4.09,14,5,29,5,22,5,0,1860,25,goalsPrevented,GER,2025-2026,datafc_sofascore,2026-08-09T01:15:33.051884
35,77333,Jakub Kamiński,801263,1. FC Köln,2671,7,3,7.1,7.06,6.41,63,26,52,24,45,4,0,3019,34,goalsPrevented,GER,2025-2026,datafc_sofascore,2026-08-09T01:15:33.051884
35,77333,Ibrahim Maza,1407524,Bayer 04 Leverkusen,2681,3,4,7.1,5.34,4.45,54,17,29,48,41,2,0,1859,28,goalsPrevented,GER,2025-2026,datafc_sofascore,2026-08-09T01:15:33.051884
35,77333,Serge Gnabry,187433,FC Bayern München,2672,8,6,7.09,6.26,5.08,50,17,23,16,18,1,0,1228,21,goalsPrevented,GER,2025-2026,datafc_sofascore,2026-08-09T01:15:33.051884
35,77333,Wouter Burger,916946,TSG Hoffenheim,2569,4,5,7.08,3.46,5.35,36,13,51,4,72,7,1,2440,30,goalsPrevented,GER,2025-2026,datafc_sofascore,2026-08-09T01:15:33.051884
35,77333,Julian Ryerson,800951,Borussia Dortmund,2673,0,15,7.08,0.93,10.04,12,1,56,24,34,8,0,2272,31,goalsPrevented,GER,2025-2026,datafc_sofascore,2026-08-09T01:15:33.051884
35,77333,Antonio Nusa,1121923,RB Leipzig,36360,4,3,7.07,4.41,5.16,61,20,33,68,26,0,0,2035,31,goalsPrevented,GER,2025-2026,datafc_sofascore,2026-08-09T01:15:33.051884
35,77333,Castello Lukeba,976421,RB Leipzig,36360,1,0,7.07,1.16,0.77,8,2,7,22,31,3,0,2177,26,goalsPrevented,GER,2025-2026,datafc_sofascore,2026-08-09T01:15:33.051884
35,77333,Exequiel Palacios,822600,Bayer 04 Leverkusen,2681,0,1,7.06,0.6,1.93,10,2,13,4,21,3,0,1097,18,goalsPrevented,GER,2025-2026,datafc_sofascore,2026-08-09T01:15:33.051884
35,77333,Nathan Tella,920379,Bayer 04 Leverkusen,2681,1,4,7.03,2.8,2.58,24,8,19,13,12,2,0,892,17,goalsPrevented,GER,2025-2026,datafc_sofascore,2026-08-09T01:15:33.051884
35,77333,Andrej Kramarić,67647,TSG Hoffenheim,2569,14,6,7.03,11.89,5.02,64,33,36,19,8,2,0,2222,34,goalsPrevented,GER,2025-2026,datafc_sofascore,2026-08-09T01:15:33.051884
35,77333,Jamie Leweling,990201,VfB Stuttgart,2677,7,9,7.03,4.31,5.22,49,18,41,31,22,4,0,2375,32,goalsPrevented,GER,2025-2026,datafc_sofascore,2026-08-09T01:15:33.051884
35,77333,Leon Avdullahu,1493305,TSG Hoffenheim,2569,0,1,7.03,0.59,2.48,14,2,22,8,47,5,0,2838,33,goalsPrevented,GER,2025-2026,datafc_sofascore,2026-08-09T01:15:33.051884
35,77333,Jean-Luc Dompé,789192,Hamburger SV,2676,3,0,7.03,2.08,4.02,25,12,33,21,5,0,0,1136,20,goalsPrevented,GER,2025-2026,datafc_sofascore,2026-08-09T01:15:33.051884
35,77333,Amos Pieper,851254,SV Werder Bremen,2534,0,0,7.03,0.42,0.51,9,3,2,0,31,4,0,1504,19,goalsPrevented,GER,2025-2026,datafc_sofascore,2026-08-09T01:15:33.051884
35,77333,Christopher Trimmel,48557,1. FC Union Berlin,2547,0,3,7.02,0.09,6.41,5,1,53,1,38,8,0,1875,29,goalsPrevented,GER,2025-2026,datafc_sofascore,2026-08-09T01:15:33.051884
35,77333,Kaishu Sano,1028307,1. FSV Mainz 05,2556,1,2,7.02,1.36,3.4,24,6,25,28,52,1,0,3059,34,goalsPrevented,GER,2025-2026,datafc_sofascore,2026-08-09T01:15:33.051884
35,77333,Nico Elvedi,282229,Borussia M'gladbach,2527,0,2,7.01,0.45,1.27,9,0,13,1,43,5,0,2967,33,goalsPrevented,GER,2025-2026,datafc_sofascore,2026-08-09T01:15:33.051884
35,77333,Timothy Chandler,40239,Eintracht Frankfurt,2674,0,0,7.0,,0.12,0,0,1,0,0,0,0,10,1,goalsPrevented,GER,2025-2026,datafc_sofascore,2026-08-09T01:15:33.051884
35,77333,Julian Brandt,226978,Borussia Dortmund,2673,7,4,6.99,5.7,5.3,37,18,32,18,14,0,0,1627,29,goalsPrevented,GER,2025-2026,datafc_sofascore,2026-08-09T01:15:33.051884
35,77333,Matthias Ginter,142259,SC Freiburg,2538,3,4,6.98,2.3,2.92,19,7,15,3,22,3,0,2836,32,goalsPrevented,GER,2025-2026,datafc_sofascore,2026-08-09T01:15:33.051884
35,77333,Albian Hajdari,1000269,TSG Hoffenheim,2569,1,2,6.98,1.73,1.62,19,4,10,2,58,10,0,2440,30,goalsPrevented,GER,2025-2026,datafc_sofascore,2026-08-09T01:15:33.051884
35,77333,Josip Juranović,791642,1. FC Union Berlin,2547,1,1,6.98,0.69,1.07,4,1,12,0,7,1,0,334,11,goalsPrevented,GER,2025-2026,datafc_sofascore,2026-08-09T01:15:33.051884
35,77333,Bilal El Khannouss,1126569,VfB Stuttgart,2677,4,5,6.98,3.17,5.74,42,15,45,18,28,6,0,1634,25,goalsPrevented,GER,2025-2026,datafc_sofascore,2026-08-09T01:15:33.051884
35,77333,Philipp Sander,939880,Borussia M'gladbach,2527,2,0,6.98,1.56,2.79,25,8,11,5,65,4,0,2454,30,goalsPrevented,GER,2025-2026,datafc_sofascore,2026-08-09T01:15:33.051884
35,77333,Jens Stage,830142,SV Werder Bremen,2534,10,2,6.98,6.08,3.21,56,21,26,13,41,5,0,2468,29,goalsPrevented,GER,2025-2026,datafc_sofascore,2026-08-09T01:15:33.051884
35,77333,Albert Grønbæk,1000263,Hamburger SV,2676,1,2,6.97,0.49,0.96,8,4,8,5,15,0,0,495,7,goalsPrevented,GER,2025-2026,datafc_sofascore,2026-08-09T01:15:33.051884
35,77333,Said El Mala,1800475,1. FC Köln,2671,13,4,6.97,11.22,2.34,75,31,21,44,24,4,0,1957,34,goalsPrevented,GER,2025-2026,datafc_sofascore,2026-08-09T01:15:33.051884
35,77333,Albert Sambi Lokonga,901892,Hamburger SV,2676,5,0,6.96,2.05,1.6,19,11,25,8,31,3,0,1712,26,goalsPrevented,GER,2025-2026,datafc_sofascore,2026-08-09T01:15:33.051884
35,77333,Timo Hübers,387220,1. FC Köln,2671,0,0,6.96,,0.1,0,0,0,1,14,0,0,669,8,goalsPrevented,GER,2025-2026,datafc_sofascore,2026-08-09T01:15:33.051884
35,77333,Robin Koch,581302,Eintracht Frankfurt,2674,3,1,6.96,1.38,1.67,15,5,10,2,42,1,1,2835,32,goalsPrevented,GER,2025-2026,datafc_sofascore,2026-08-09T01:15:33.051884
35,77333,Jean-Mattéo Bahoya,1146148,Eintracht Frankfurt,2674,3,4,6.96,2.04,3.33,29,9,31,41,31,2,0,1335,27,goalsPrevented,GER,2025-2026,datafc_sofascore,2026-08-09T01:15:33.051884
35,77333,Rasmus Kristensen,921789,Eintracht Frankfurt,2674,2,0,6.96,0.68,1.17,15,6,8,14,46,4,1,1563,22,goalsPrevented,GER,2025-2026,datafc_sofascore,2026-08-09T01:15:33.051884
35,77333,Keven Schlotterbeck,891651,FC Augsburg,2600,0,1,6.96,1.37,1.09,12,3,12,10,40,5,1,2031,24,goalsPrevented,GER,2025-2026,datafc_sofascore,2026-08-09T01:15:33.051884
35,77333,Kevin Diks,583806,Borussia M'gladbach,2527,5,0,6.96,5.08,1.13,23,13,8,10,43,6,0,2467,30,goalsPrevented,GER,2025-2026,datafc_sofascore,2026-08-09T01:15:33.051884
35,77333,Manolis Saliakas,280551,FC St. Pauli,2526,1,3,6.95,0.64,1.43,16,3,12,5,29,3,0,1110,17,goalsPrevented,GER,2025-2026,datafc_sofascore,2026-08-09T01:15:33.051884
35,77333,Marin Ljubičić,1090010,1. FC Union Berlin,2547,2,0,6.95,1.35,0.0,2,2,0,1,0,0,0,20,2,goalsPrevented,GER,2025-2026,datafc_sofascore,2026-08-09T01:15:33.051884
35,77333,Lukas Klostermann,319853,RB Leipzig,36360,0,1,6.95,0.09,0.02,2,1,2,0,3,0,0,102,5,goalsPrevented,GER,2025-2026,datafc_sofascore,2026-08-09T01:15:33.051884
35,77333,Stefan Posch,355486,1. FSV Mainz 05,2556,0,0,6.95,0.48,1.24,11,3,8,4,46,4,0,1395,16,goalsPrevented,GER,2025-2026,datafc_sofascore,2026-08-09T01:15:33.051884
35,77333,Chema Andrés,1464641,VfB Stuttgart,2677,3,0,6.95,1.4,1.15,15,6,15,2,30,5,0,1327,25,goalsPrevented,GER,2025-2026,datafc_sofascore,2026-08-09T01:15:33.051884
35,77333,Philipp Lienhart,576266,SC Freiburg,2538,1,0,6.95,1.06,0.58,8,2,5,3,18,2,1,1305,20,goalsPrevented,GER,2025-2026,datafc_sofascore,2026-08-09T01:15:33.051884
35,77333,Felix Nmecha,907463,Borussia Dortmund,2673,2,3,6.94,3.62,4.24,33,7,20,31,37,0,0,2184,29,goalsPrevented,GER,2025-2026,datafc_sofascore,2026-08-09T01:15:33.051884
35,77333,Patrik Schick,280609,Bayer 04 Leverkusen,2681,16,3,6.94,17.18,2.78,72,34,14,10,9,2,0,1995,28,goalsPrevented,GER,2025-2026,datafc_sofascore,2026-08-09T01:15:33.051884
35,77333,Jonathan Burkardt,939830,Eintracht Frankfurt,2674,13,1,6.94,12.0,0.81,41,21,9,6,8,1,0,1340,22,goalsPrevented,GER,2025-2026,datafc_sofascore,2026-08-09T01:15:33.051884
35,77333,Xaver Schlager,791079,RB Leipzig,36360,3,1,6.94,2.11,2.51,21,7,21,22,37,6,0,1837,26,goalsPrevented,GER,2025-2026,datafc_sofascore,2026-08-09T01:15:33.051884
35,77333,Lucas Vázquez,255239,Bayer 04 Leverkusen,2681,1,2,6.94,0.5,2.26,4,1,11,1,6,2,0,499,12,goalsPrevented,GER,2025-2026,datafc_sofascore,2026-08-09T01:15:33.051884
35,77333,Vincenzo Grifo,171961,SC Freiburg,2538,7,4,6.94,5.74,4.66,30,12,41,10,10,0,0,1720,33,goalsPrevented,GER,2025-2026,datafc_sofascore,2026-08-09T01:15:33.051884
35,77333,Alexander Nübel,584722,VfB Stuttgart,2677,0,1,7.19,,0.1,0,0,3,0,0,0,0,3060,34,goalsPrevented,GER,2025-2026,datafc_sofascore,2026-08-09T01:15:33.051884
35,77333,Moritz Nicolas,578166,Borussia M'gladbach,2527,0,0,7.34,,0.07,0,0,2,0,1,1,0,3060,34,goalsPrevented,GER,2025-2026,datafc_sofascore,2026-08-09T01:15:33.051884
35,77333,Nikola Vasilj,325061,FC St. Pauli,2526,0,0,7.09,,0.07,0,0,0,0,1,0,0,3060,34,goalsPrevented,GER,2025-2026,datafc_sofascore,2026-08-09T01:15:33.051884
35,77333,Daniel Batz,94312,1. FSV Mainz 05,2556,0,0,7.42,,0.09,0,0,1,0,0,2,0,1890,21,goalsPrevented,GER,2025-2026,datafc_sofascore,2026-08-09T01:15:33.051884
35,77333,Gregor Kobel,556866,Borussia Dortmund,2673,0,0,7.14,,0.1,0,0,0,0,0,3,0,3060,34,goalsPrevented,GER,2025-2026,datafc_sofascore,2026-08-09T01:15:33.051884
35,77333,Jonas Urbig,1130647,FC Bayern München,2672,0,0,7.19,,0.05,0,0,1,0,0,0,0,1110,14,goalsPrevented,GER,2025-2026,datafc_sofascore,2026-08-09T01:15:33.051884
35,77333,Janis Blaswich,96832,Bayer 04 Leverkusen,2681,0,0,7.25,,0.01,0,0,2,0,0,1,0,930,11,goalsPrevented,GER,2025-2026,datafc_sofascore,2026-08-09T01:15:33.051884
35,77333,Carl Klaus,148167,1. FC Union Berlin,2547,0,0,7.23,,0.01,0,0,0,0,0,0,0,329,4,goalsPrevented,GER,2025-2026,datafc_sofascore,2026-08-09T01:15:33.051884
35,77333,Daniel Fernandes,113442,Hamburger SV,2676,0,0,7.18,0.26,0.13,1,0,0,1,0,3,0,2970,33,goalsPrevented,GER,2025-2026,datafc_sofascore,2026-08-09T01:15:33.051884
35,77333,Matheo Raab,842718,1. FC Union Berlin,2547,0,0,9.7,,0.0,0,0,0,0,0,0,0,90,1,goalsPrevented,GER,2025-2026,datafc_sofascore,2026-08-09T01:15:33.051884
35,77333,Mio Backhaus,1083390,SV Werder Bremen,2534,0,0,7.12,,0.05,0,0,0,0,0,1,0,2880,32,goalsPrevented,GER,2025-2026,datafc_sofascore,2026-08-09T01:15:33.051884
35,77333,Sander Tangvik,1030355,Hamburger SV,2676,0,0,8.8,,0.0,0,0,0,0,0,0,0,90,1,goalsPrevented,GER,2025-2026,datafc_sofascore,2026-08-09T01:15:33.051884
35,77333,Maarten Vandevoordt,934385,RB Leipzig,36360,0,0,7.07,,0.04,0,0,0,1,1,0,0,1051,12,goalsPrevented,GER,2025-2026,datafc_sofascore,2026-08-09T01:15:33.051884
35,77333,Sven Ulreich,26768,FC Bayern München,2672,0,0,7.6,,0.0,0,0,0,0,0,1,0,90,1,goalsPrevented,GER,2025-2026,datafc_sofascore,2026-08-09T01:15:33.051884
35,77333,Karl Hein,991591,SV Werder Bremen,2534,0,0,7.6,,0.0,0,0,0,1,0,0,0,180,2,goalsPrevented,GER,2025-2026,datafc_sofascore,2026-08-09T01:15:33.051884
35,77333,Frank Feller,1083359,1. FC Heidenheim,5885,0,0,7.77,,0.01,0,0,0,0,1,0,0,270,3,goalsPrevented,GER,2025-2026,datafc_sofascore,2026-08-09T01:15:33.051884
35,77333,Michael Olise,978838,FC Bayern München,2672,15,19,7.87,11.46,17.23,101,50,81,65,24,8,0,2317,32,goalsPrevented,GER,2025-2026,datafc_sofascore,2026-08-09T01:15:33.051884
35,77333,Harry Kane,108579,FC Bayern München,2672,36,5,7.84,26.87,4.27,119,67,40,32,19,1,0,2382,31,goalsPrevented,GER,2025-2026,datafc_sofascore,2026-08-09T01:15:33.051884
35,77333,Yan Diomande,2087085,RB Leipzig,36360,12,8,7.72,7.14,10.12,53,26,56,118,29,2,0,2476,33,goalsPrevented,GER,2025-2026,datafc_sofascore,2026-08-09T01:15:33.051884
35,77333,Joshua Kimmich,259117,FC Bayern München,2672,2,8,7.71,2.65,10.24,28,10,58,11,32,4,0,2280,29,goalsPrevented,GER,2025-2026,datafc_sofascore,2026-08-09T01:15:33.051884
35,77333,Nico Schlotterbeck,940871,Borussia Dortmund,2673,5,1,7.67,3.72,2.69,32,9,12,15,50,8,0,2520,28,goalsPrevented,GER,2025-2026,datafc_sofascore,2026-08-09T01:15:33.051884
35,77333,Dan Zagadou,826205,VfB Stuttgart,2677,0,0,7.53,0.34,0.12,6,1,1,1,5,0,0,210,3,goalsPrevented,GER,2025-2026,datafc_sofascore,2026-08-09T01:15:33.051884
35,77333,Mick Schmetgens,1568521,SV Werder Bremen,2534,0,0,7.5,,0.11,0,0,0,0,1,0,0,36,2,goalsPrevented,GER,2025-2026,datafc_sofascore,2026-08-09T01:15:33.051884
35,77333,Aleix García,796047,Bayer 04 Leverkusen,2681,3,8,7.45,2.29,6.65,30,5,51,4,26,6,0,2676,33,goalsPrevented,GER,2025-2026,datafc_sofascore,2026-08-09T01:15:33.051884
35,77333,Leo Scienza,1386651,1. FC Heidenheim,5885,1,0,7.45,0.13,0.36,4,1,3,3,2,0,0,180,2,goalsPrevented,GER,2025-2026,datafc_sofascore,2026-08-09T01:15:33.051884
35,77333,Nadiem Amiri,327755,1. FSV Mainz 05,2556,12,2,7.43,10.4,7.69,55,23,63,25,31,6,0,2090,26,goalsPrevented,GER,2025-2026,datafc_sofascore,2026-08-09T01:15:33.051884
35,77333,Ramy Bensebaini,577726,Borussia Dortmund,2673,5,2,7.38,3.11,1.94,17,7,10,4,28,6,0,1529,21,goalsPrevented,GER,2025-2026,datafc_sofascore,2026-08-09T01:15:33.051884
35,77333,David Raum,856076,RB Leipzig,36360,3,7,7.33,2.2,12.39,24,8,98,16,48,6,0,2556,30,goalsPrevented,GER,2025-2026,datafc_sofascore,2026-08-09T01:15:33.051884
35,77333,Alejandro Grimaldo,177177,Bayer 04 Leverkusen,2681,8,8,7.31,6.65,10.13,60,21,70,25,49,5,0,2524,29,goalsPrevented,GER,2025-2026,datafc_sofascore,2026-08-09T01:15:33.051884
35,77333,Luka Vušković,1405212,Hamburger SV,2676,6,0,7.28,4.22,1.46,32,10,11,8,22,6,0,2441,28,goalsPrevented,GER,2025-2026,datafc_sofascore,2026-08-09T01:15:33.051884
35,77333,Luis Díaz,883537,FC Bayern München,2672,15,14,7.26,15.1,7.74,88,37,67,61,21,5,1,2450,32,goalsPrevented,GER,2025-2026,datafc_sofascore,2026-08-09T01:15:33.051884
35,77333,Angelo Stiller,901882,VfB Stuttgart,2677,2,5,7.25,3.08,7.46,17,8,56,14,49,1,0,2750,34,goalsPrevented,GER,2025-2026,datafc_sofascore,2026-08-09T01:15:33.051884
35,77333,Maximilian Wöber,794962,SV Werder Bremen,2534,0,0,7.25,,0.35,0,0,1,0,1,0,0,35,2,goalsPrevented,GER,2025-2026,datafc_sofascore,2026-08-09T01:15:33.051884
35,77333,Waldemar Anton,799046,Borussia Dortmund,2673,2,0,7.25,1.74,1.26,16,6,8,13,73,3,0,2880,32,goalsPrevented,GER,2025-2026,datafc_sofascore,2026-08-09T01:15:33.051884
35,77333,Jonathan Tah,227672,FC Bayern München,2672,2,1,7.24,0.71,1.73,8,5,5,3,24,7,0,2024,28,goalsPrevented,GER,2025-2026,datafc_sofascore,2026-08-09T01:15:33.051884
35,77333,Aarón Anselmino,1500263,Borussia Dortmund,2673,1,0,7.24,0.07,0.11,1,1,0,1,9,0,0,368,6,goalsPrevented,GER,2025-2026,datafc_sofascore,2026-08-09T01:15:33.051884
35,77333,Kim Min-jae,896569,FC Bayern München,2672,1,1,7.23,0.62,1.41,5,3,5,1,22,1,0,1621,25,goalsPrevented,GER,2025-2026,datafc_sofascore,2026-08-09T01:15:33.051884
35,77333,Emre Can,138156,Borussia Dortmund,2673,3,0,7.22,2.45,0.4,5,4,0,3,12,3,0,621,9,goalsPrevented,GER,2025-2026,datafc_sofascore,2026-08-09T01:15:33.051884
35,77333,Johan Manzambi,1518931,SC Freiburg,2538,5,4,7.22,3.85,5.13,51,12,20,33,35,4,2,2094,27,goalsPrevented,GER,2025-2026,datafc_sofascore,2026-08-09T01:15:33.051884
35,77333,Willi Orbán,136924,RB Leipzig,36360,2,0,7.22,2.38,1.05,20,9,11,6,47,4,0,2950,33,goalsPrevented,GER,2025-2026,datafc_sofascore,2026-08-09T01:15:33.051884
35,77333,Loïc Badé,1006489,Bayer 04 Leverkusen,2681,0,0,7.21,1.29,0.88,12,4,2,3,33,5,0,1659,23,goalsPrevented,GER,2025-2026,datafc_sofascore,2026-08-09T01:15:33.051884
35,77333,Maximilian Mittelstädt,788949,VfB Stuttgart,2677,6,4,7.2,4.4,6.02,31,16,37,14,67,4,0,2195,32,goalsPrevented,GER,2025-2026,datafc_sofascore,2026-08-09T01:15:33.051884
35,77333,Edmond Tapsoba,883262,Bayer 04 Leverkusen,2681,5,3,7.2,2.5,1.42,29,10,11,8,31,7,0,2576,29,goalsPrevented,GER,2025-2026,datafc_sofascore,2026-08-09T01:15:33.051884
35,77333,Can Uzun,1440948,Eintracht Frankfurt,2674,8,4,7.19,3.93,2.98,41,19,20,16,15,3,0,1172,21,goalsPrevented,GER,2025-2026,datafc_sofascore,2026-08-09T01:15:33.051884
35,77333,Deniz Undav,794298,VfB Stuttgart,2677,19,6,7.19,16.4,4.03,122,46,41,9,18,5,0,2247,29,goalsPrevented,GER,2025-2026,datafc_sofascore,2026-08-09T01:15:33.051884
35,77333,Aleksandar Pavlović,1142251,FC Bayern München,2672,3,1,7.18,1.6,2.34,10,5,21,4,26,2,0,1460,24,goalsPrevented,GER,2025-2026,datafc_sofascore,2026-08-09T01:15:33.051884
35,77333,Brajan Gruda,1198075,RB Leipzig,36360,3,3,7.18,3.44,2.67,22,10,17,21,8,1,0,755,13,goalsPrevented,GER,2025-2026,datafc_sofascore,2026-08-09T01:15:33.051884
35,77333,Fábio Vieira,904835,Hamburger SV,2676,7,5,7.18,4.65,4.07,59,19,39,32,20,2,2,2215,29,goalsPrevented,GER,2025-2026,datafc_sofascore,2026-08-09T01:15:33.051884
35,77333,Chris Führich,891510,VfB Stuttgart,2677,7,7,7.17,4.26,8.05,45,23,49,28,15,2,0,1723,33,goalsPrevented,GER,2025-2026,datafc_sofascore,2026-08-09T01:15:33.051884
35,77333,Dayot Upamecano,798583,FC Bayern München,2672,1,1,7.16,1.03,1.62,8,2,11,4,44,4,0,1797,24,goalsPrevented,GER,2025-2026,datafc_sofascore,2026-08-09T01:15:33.051884
35,77333,Leon Goretzka,184661,FC Bayern München,2672,5,3,7.13,4.8,3.81,35,11,22,11,29,4,0,1954,31,goalsPrevented,GER,2025-2026,datafc_sofascore,2026-08-09T01:15:33.051884
35,77333,Vladimír Coufal,138024,TSG Hoffenheim,2569,1,8,7.12,0.88,8.99,25,6,59,31,60,4,0,3017,34,goalsPrevented,GER,2025-2026,datafc_sofascore,2026-08-09T01:15:33.051884
35,77333,Jeff Chabot,863271,VfB Stuttgart,2677,0,0,7.11,1.13,0.85,18,7,7,4,34,3,0,2296,27,goalsPrevented,GER,2025-2026,datafc_sofascore,2026-08-09T01:15:33.051884
35,77333,Maximilian Arnold,147289,VfL Wolfsburg,2524,1,4,7.1,0.43,4.09,14,5,29,5,22,5,0,1860,25,goalsPrevented,GER,2025-2026,datafc_sofascore,2026-08-09T01:15:33.051884
35,77333,Jakub Kamiński,801263,1. FC Köln,2671,7,3,7.1,7.06,6.41,63,26,52,24,45,4,0,3019,34,goalsPrevented,GER,2025-2026,datafc_sofascore,2026-08-09T01:15:33.051884
35,77333,Ibrahim Maza,1407524,Bayer 04 Leverkusen,2681,3,4,7.1,5.34,4.45,54,17,29,48,41,2,0,1859,28,goalsPrevented,GER,2025-2026,datafc_sofascore,2026-08-09T01:15:33.051884
35,77333,Serge Gnabry,187433,FC Bayern München,2672,8,6,7.09,6.26,5.08,50,17,23,16,18,1,0,1228,21,goalsPrevented,GER,2025-2026,datafc_sofascore,2026-08-09T01:15:33.051884
35,77333,Wouter Burger,916946,TSG Hoffenheim,2569,4,5,7.08,3.46,5.35,36,13,51,4,72,7,1,2440,30,goalsPrevented,GER,2025-2026,datafc_sofascore,2026-08-09T01:15:33.051884
35,77333,Julian Ryerson,800951,Borussia Dortmund,2673,0,15,7.08,0.93,10.04,12,1,56,24,34,8,0,2272,31,goalsPrevented,GER,2025-2026,datafc_sofascore,2026-08-09T01:15:33.051884
35,77333,Antonio Nusa,1121923,RB Leipzig,36360,4,3,7.07,4.41,5.16,61,20,33,68,26,0,0,2035,31,goalsPrevented,GER,2025-2026,datafc_sofascore,2026-08-09T01:15:33.051884
35,77333,Castello Lukeba,976421,RB Leipzig,36360,1,0,7.07,1.16,0.77,8,2,7,22,31,3,0,2177,26,goalsPrevented,GER,2025-2026,datafc_sofascore,2026-08-09T01:15:33.051884
35,77333,Exequiel Palacios,822600,Bayer 04 Leverkusen,2681,0,1,7.06,0.6,1.93,10,2,13,4,21,3,0,1097,18,goalsPrevented,GER,2025-2026,datafc_sofascore,2026-08-09T01:15:33.051884
35,77333,Nathan Tella,920379,Bayer 04 Leverkusen,2681,1,4,7.03,2.8,2.58,24,8,19,13,12,2,0,892,17,goalsPrevented,GER,2025-2026,datafc_sofascore,2026-08-09T01:15:33.051884
35,77333,Andrej Kramarić,67647,TSG Hoffenheim,2569,14,6,7.03,11.89,5.02,64,33,36,19,8,2,0,2222,34,goalsPrevented,GER,2025-2026,datafc_sofascore,2026-08-09T01:15:33.051884
35,77333,Jamie Leweling,990201,VfB Stuttgart,2677,7,9,7.03,4.31,5.22,49,18,41,31,22,4,0,2375,32,goalsPrevented,GER,2025-2026,datafc_sofascore,2026-08-09T01:15:33.051884
35,77333,Leon Avdullahu,1493305,TSG Hoffenheim,2569,0,1,7.03,0.59,2.48,14,2,22,8,47,5,0,2838,33,goalsPrevented,GER,2025-2026,datafc_sofascore,2026-08-09T01:15:33.051884
35,77333,Jean-Luc Dompé,789192,Hamburger SV,2676,3,0,7.03,2.08,4.02,25,12,33,21,5,0,0,1136,20,goalsPrevented,GER,2025-2026,datafc_sofascore,2026-08-09T01:15:33.051884
35,77333,Amos Pieper,851254,SV Werder Bremen,2534,0,0,7.03,0.42,0.51,9,3,2,0,31,4,0,1504,19,goalsPrevented,GER,2025-2026,datafc_sofascore,2026-08-09T01:15:33.051884
35,77333,Christopher Trimmel,48557,1. FC Union Berlin,2547,0,3,7.02,0.09,6.41,5,1,53,1,38,8,0,1875,29,goalsPrevented,GER,2025-2026,datafc_sofascore,2026-08-09T01:15:33.051884
35,77333,Kaishu Sano,1028307,1. FSV Mainz 05,2556,1,2,7.02,1.36,3.4,24,6,25,28,52,1,0,3059,34,goalsPrevented,GER,2025-2026,datafc_sofascore,2026-08-09T01:15:33.051884
35,77333,Nico Elvedi,282229,Borussia M'gladbach,2527,0,2,7.01,0.45,1.27,9,0,13,1,43,5,0,2967,33,goalsPrevented,GER,2025-2026,datafc_sofascore,2026-08-09T01:15:33.051884
35,77333,Timothy Chandler,40239,Eintracht Frankfurt,2674,0,0,7.0,,0.12,0,0,1,0,0,0,0,10,1,goalsPrevented,GER,2025-2026,datafc_sofascore,2026-08-09T01:15:33.051884
35,77333,Julian Brandt,226978,Borussia Dortmund,2673,7,4,6.99,5.7,5.3,37,18,32,18,14,0,0,1627,29,goalsPrevented,GER,2025-2026,datafc_sofascore,2026-08-09T01:15:33.051884
35,77333,Matthias Ginter,142259,SC Freiburg,2538,3,4,6.98,2.3,2.92,19,7,15,3,22,3,0,2836,32,goalsPrevented,GER,2025-2026,datafc_sofascore,2026-08-09T01:15:33.051884
35,77333,Albian Hajdari,1000269,TSG Hoffenheim,2569,1,2,6.98,1.73,1.62,19,4,10,2,58,10,0,2440,30,goalsPrevented,GER,2025-2026,datafc_sofascore,2026-08-09T01:15:33.051884
35,77333,Josip Juranović,791642,1. FC Union Berlin,2547,1,1,6.98,0.69,1.07,4,1,12,0,7,1,0,334,11,goalsPrevented,GER,2025-2026,datafc_sofascore,2026-08-09T01:15:33.051884
35,77333,Bilal El Khannouss,1126569,VfB Stuttgart,2677,4,5,6.98,3.17,5.74,42,15,45,18,28,6,0,1634,25,goalsPrevented,GER,2025-2026,datafc_sofascore,2026-08-09T01:15:33.051884
35,77333,Philipp Sander,939880,Borussia M'gladbach,2527,2,0,6.98,1.56,2.79,25,8,11,5,65,4,0,2454,30,goalsPrevented,GER,2025-2026,datafc_sofascore,2026-08-09T01:15:33.051884
35,77333,Jens Stage,830142,SV Werder Bremen,2534,10,2,6.98,6.08,3.21,56,21,26,13,41,5,0,2468,29,goalsPrevented,GER,2025-2026,datafc_sofascore,2026-08-09T01:15:33.051884
35,77333,Albert Grønbæk,1000263,Hamburger SV,2676,1,2,6.97,0.49,0.96,8,4,8,5,15,0,0,495,7,goalsPrevented,GER,2025-2026,datafc_sofascore,2026-08-09T01:15:33.051884
35,77333,Said El Mala,1800475,1. FC Köln,2671,13,4,6.97,11.22,2.34,75,31,21,44,24,4,0,1957,34,goalsPrevented,GER,2025-2026,datafc_sofascore,2026-08-09T01:15:33.051884
35,77333,Albert Sambi Lokonga,901892,Hamburger SV,2676,5,0,6.96,2.05,1.6,19,11,25,8,31,3,0,1712,26,goalsPrevented,GER,2025-2026,datafc_sofascore,2026-08-09T01:15:33.051884
35,77333,Timo Hübers,387220,1. FC Köln,2671,0,0,6.96,,0.1,0,0,0,1,14,0,0,669,8,goalsPrevented,GER,2025-2026,datafc_sofascore,2026-08-09T01:15:33.051884
35,77333,Robin Koch,581302,Eintracht Frankfurt,2674,3,1,6.96,1.38,1.67,15,5,10,2,42,1,1,2835,32,goalsPrevented,GER,2025-2026,datafc_sofascore,2026-08-09T01:15:33.051884
35,77333,Jean-Mattéo Bahoya,1146148,Eintracht Frankfurt,2674,3,4,6.96,2.04,3.33,29,9,31,41,31,2,0,1335,27,goalsPrevented,GER,2025-2026,datafc_sofascore,2026-08-09T01:15:33.051884
35,77333,Rasmus Kristensen,921789,Eintracht Frankfurt,2674,2,0,6.96,0.68,1.17,15,6,8,14,46,4,1,1563,22,goalsPrevented,GER,2025-2026,datafc_sofascore,2026-08-09T01:15:33.051884
35,77333,Keven Schlotterbeck,891651,FC Augsburg,2600,0,1,6.96,1.37,1.09,12,3,12,10,40,5,1,2031,24,goalsPrevented,GER,2025-2026,datafc_sofascore,2026-08-09T01:15:33.051884
35,77333,Kevin Diks,583806,Borussia M'gladbach,2527,5,0,6.96,5.08,1.13,23,13,8,10,43,6,0,2467,30,goalsPrevented,GER,2025-2026,datafc_sofascore,2026-08-09T01:15:33.051884
35,77333,Manolis Saliakas,280551,FC St. Pauli,2526,1,3,6.95,0.64,1.43,16,3,12,5,29,3,0,1110,17,goalsPrevented,GER,2025-2026,datafc_sofascore,2026-08-09T01:15:33.051884
35,77333,Marin Ljubičić,1090010,1. FC Union Berlin,2547,2,0,6.95,1.35,0.0,2,2,0,1,0,0,0,20,2,goalsPrevented,GER,2025-2026,datafc_sofascore,2026-08-09T01:15:33.051884
35,77333,Lukas Klostermann,319853,RB Leipzig,36360,0,1,6.95,0.09,0.02,2,1,2,0,3,0,0,102,5,goalsPrevented,GER,2025-2026,datafc_sofascore,2026-08-09T01:15:33.051884
35,77333,Stefan Posch,355486,1. FSV Mainz 05,2556,0,0,6.95,0.48,1.24,11,3,8,4,46,4,0,1395,16,goalsPrevented,GER,2025-2026,datafc_sofascore,2026-08-09T01:15:33.051884
35,77333,Chema Andrés,1464641,VfB Stuttgart,2677,3,0,6.95,1.4,1.15,15,6,15,2,30,5,0,1327,25,goalsPrevented,GER,2025-2026,datafc_sofascore,2026-08-09T01:15:33.051884
35,77333,Philipp Lienhart,576266,SC Freiburg,2538,1,0,6.95,1.06,0.58,8,2,5,3,18,2,1,1305,20,goalsPrevented,GER,2025-2026,datafc_sofascore,2026-08-09T01:15:33.051884
35,77333,Felix Nmecha,907463,Borussia Dortmund,2673,2,3,6.94,3.62,4.24,33,7,20,31,37,0,0,2184,29,goalsPrevented,GER,2025-2026,datafc_sofascore,2026-08-09T01:15:33.051884
35,77333,Patrik Schick,280609,Bayer 04 Leverkusen,2681,16,3,6.94,17.18,2.78,72,34,14,10,9,2,0,1995,28,goalsPrevented,GER,2025-2026,datafc_sofascore,2026-08-09T01:15:33.051884
35,77333,Jonathan Burkardt,939830,Eintracht Frankfurt,2674,13,1,6.94,12.0,0.81,41,21,9,6,8,1,0,1340,22,goalsPrevented,GER,2025-2026,datafc_sofascore,2026-08-09T01:15:33.051884
35,77333,Xaver Schlager,791079,RB Leipzig,36360,3,1,6.94,2.11,2.51,21,7,21,22,37,6,0,1837,26,goalsPrevented,GER,2025-2026,datafc_sofascore,2026-08-09T01:15:33.051884
35,77333,Lucas Vázquez,255239,Bayer 04 Leverkusen,2681,1,2,6.94,0.5,2.26,4,1,11,1,6,2,0,499,12,goalsPrevented,GER,2025-2026,datafc_sofascore,2026-08-09T01:15:33.051884
35,77333,Vincenzo Grifo,171961,SC Freiburg,2538,7,4,6.94,5.74,4.66,30,12,41,10,10,0,0,1720,33,goalsPrevented,GER,2025-2026,datafc_sofascore,2026-08-09T01:15:33.051884
